"fold","role","pa_id","game_id","game_date"
1,"fit","TOR_20260814_1_PA001","TOR_20260814_1",2026-08-14
1,"fit","TOR_20260814_1_PA003","TOR_20260814_1",2026-08-14
1,"fit","TOR_20260814_1_PA004","TOR_20260814_1",2026-08-14
1,"fit","TOR_20260814_1_PA005","TOR_20260814_1",2026-08-14
1,"fit","TOR_20260814_1_PA006","TOR_20260814_1",2026-08-14
1,"fit","TOR_20260814_1_PA007","TOR_20260814_1",2026-08-14
1,"fit","TOR_20260814_1_PA008","TOR_20260814_1",2026-08-14
1,"fit","TOR_20260814_1_PA009","TOR_20260814_1",2026-08-14
1,"fit","TOR_20260814_1_PA010","TOR_20260814_1",2026-08-14
1,"fit","TOR_20260814_1_PA011","TOR_20260814_1",2026-08-14
1,"fit","TOR_20260814_1_PA012","TOR_20260814_1",2026-08-14
1,"fit","TOR_20260814_1_PA013","TOR_20260814_1",2026-08-14
1,"fit","TOR_20260814_1_PA014","TOR_20260814_1",2026-08-14
1,"fit","TOR_20260814_1_PA015","TOR_20260814_1",2026-08-14
1,"fit","TOR_20260814_1_PA016","TOR_20260814_1",2026-08-14
1,"fit","TOR_20260814_1_PA017","TOR_20260814_1",2026-08-14
1,"fit","TOR_20260814_1_PA018","TOR_20260814_1",2026-08-14
1,"fit","TOR_20260814_1_PA019","TOR_20260814_1",2026-08-14
1,"fit","TOR_20260814_1_PA020","TOR_20260814_1",2026-08-14
1,"fit","TOR_20260814_1_PA021","TOR_20260814_1",2026-08-14
1,"fit","TOR_20260814_1_PA022","TOR_20260814_1",2026-08-14
1,"fit","TOR_20260814_1_PA023","TOR_20260814_1",2026-08-14
1,"fit","TOR_20260814_1_PA024","TOR_20260814_1",2026-08-14
1,"fit","TOR_20260814_1_PA025","TOR_20260814_1",2026-08-14
1,"fit","TOR_20260814_1_PA026","TOR_20260814_1",2026-08-14
1,"fit","TOR_20260814_1_PA027","TOR_20260814_1",2026-08-14
1,"fit","TOR_20260814_1_PA028","TOR_20260814_1",2026-08-14
1,"fit","TOR_20260814_1_PA029","TOR_20260814_1",2026-08-14
1,"fit","TOR_20260814_1_PA030","TOR_20260814_1",2026-08-14
1,"fit","TOR_20260814_1_PA031","TOR_20260814_1",2026-08-14
1,"fit","TOR_20260814_1_PA032","TOR_20260814_1",2026-08-14
1,"fit","TOR_20260815_1_PA001","TOR_20260815_1",2026-08-15
1,"fit","TOR_20260815_1_PA002","TOR_20260815_1",2026-08-15
1,"fit","TOR_20260815_1_PA003","TOR_20260815_1",2026-08-15
1,"fit","TOR_20260815_1_PA004","TOR_20260815_1",2026-08-15
1,"fit","TOR_20260815_1_PA005","TOR_20260815_1",2026-08-15
1,"fit","TOR_20260815_1_PA006","TOR_20260815_1",2026-08-15
1,"fit","TOR_20260815_1_PA007","TOR_20260815_1",2026-08-15
1,"fit","TOR_20260815_1_PA008","TOR_20260815_1",2026-08-15
1,"fit","TOR_20260815_1_PA009","TOR_20260815_1",2026-08-15
1,"fit","TOR_20260815_1_PA010","TOR_20260815_1",2026-08-15
1,"fit","TOR_20260815_1_PA011","TOR_20260815_1",2026-08-15
1,"fit","TOR_20260815_1_PA012","TOR_20260815_1",2026-08-15
1,"fit","TOR_20260815_1_PA013","TOR_20260815_1",2026-08-15
1,"fit","TOR_20260815_1_PA014","TOR_20260815_1",2026-08-15
1,"fit","TOR_20260815_1_PA015","TOR_20260815_1",2026-08-15
1,"fit","TOR_20260815_1_PA016","TOR_20260815_1",2026-08-15
1,"fit","TOR_20260815_1_PA017","TOR_20260815_1",2026-08-15
1,"fit","TOR_20260815_1_PA018","TOR_20260815_1",2026-08-15
1,"fit","TOR_20260815_1_PA019","TOR_20260815_1",2026-08-15
1,"fit","TOR_20260815_1_PA020","TOR_20260815_1",2026-08-15
1,"fit","TOR_20260815_1_PA021","TOR_20260815_1",2026-08-15
1,"fit","TOR_20260815_1_PA022","TOR_20260815_1",2026-08-15
1,"fit","TOR_20260815_1_PA023","TOR_20260815_1",2026-08-15
1,"fit","TOR_20260815_1_PA024","TOR_20260815_1",2026-08-15
1,"fit","TOR_20260815_1_PA025","TOR_20260815_1",2026-08-15
1,"fit","TOR_20260815_1_PA026","TOR_20260815_1",2026-08-15
1,"fit","TOR_20260815_1_PA027","TOR_20260815_1",2026-08-15
1,"fit","TOR_20260815_1_PA028","TOR_20260815_1",2026-08-15
1,"fit","TOR_20260815_1_PA029","TOR_20260815_1",2026-08-15
1,"fit","TOR_20260815_1_PA030","TOR_20260815_1",2026-08-15
1,"fit","TOR_20260815_1_PA031","TOR_20260815_1",2026-08-15
1,"fit","TOR_20260815_1_PA032","TOR_20260815_1",2026-08-15
1,"fit","TOR_20260815_1_PA033","TOR_20260815_1",2026-08-15
1,"fit","TOR_20260815_1_PA034","TOR_20260815_1",2026-08-15
1,"fit","TOR_20260815_1_PA035","TOR_20260815_1",2026-08-15
1,"fit","TOR_20260815_1_PA036","TOR_20260815_1",2026-08-15
1,"fit","TOR_20260815_1_PA037","TOR_20260815_1",2026-08-15
1,"fit","TOR_20260815_1_PA038","TOR_20260815_1",2026-08-15
1,"fit","TOR_20260816_1_PA001","TOR_20260816_1",2026-08-16
1,"fit","TOR_20260816_1_PA002","TOR_20260816_1",2026-08-16
1,"fit","TOR_20260816_1_PA003","TOR_20260816_1",2026-08-16
1,"fit","TOR_20260816_1_PA004","TOR_20260816_1",2026-08-16
1,"fit","TOR_20260816_1_PA005","TOR_20260816_1",2026-08-16
1,"fit","TOR_20260816_1_PA006","TOR_20260816_1",2026-08-16
1,"fit","TOR_20260816_1_PA007","TOR_20260816_1",2026-08-16
1,"fit","TOR_20260816_1_PA008","TOR_20260816_1",2026-08-16
1,"fit","TOR_20260816_1_PA009","TOR_20260816_1",2026-08-16
1,"fit","TOR_20260816_1_PA010","TOR_20260816_1",2026-08-16
1,"fit","TOR_20260816_1_PA011","TOR_20260816_1",2026-08-16
1,"fit","TOR_20260816_1_PA012","TOR_20260816_1",2026-08-16
1,"fit","TOR_20260816_1_PA013","TOR_20260816_1",2026-08-16
1,"fit","TOR_20260816_1_PA014","TOR_20260816_1",2026-08-16
1,"fit","TOR_20260816_1_PA015","TOR_20260816_1",2026-08-16
1,"fit","TOR_20260816_1_PA016","TOR_20260816_1",2026-08-16
1,"fit","TOR_20260816_1_PA017","TOR_20260816_1",2026-08-16
1,"fit","TOR_20260816_1_PA018","TOR_20260816_1",2026-08-16
1,"fit","TOR_20260816_1_PA019","TOR_20260816_1",2026-08-16
1,"fit","TOR_20260816_1_PA020","TOR_20260816_1",2026-08-16
1,"fit","TOR_20260816_1_PA021","TOR_20260816_1",2026-08-16
1,"fit","TOR_20260816_1_PA022","TOR_20260816_1",2026-08-16
1,"fit","TOR_20260816_1_PA023","TOR_20260816_1",2026-08-16
1,"fit","TOR_20260816_1_PA024","TOR_20260816_1",2026-08-16
1,"fit","TOR_20260816_1_PA025","TOR_20260816_1",2026-08-16
1,"fit","TOR_20260816_1_PA026","TOR_20260816_1",2026-08-16
1,"fit","TOR_20260816_1_PA027","TOR_20260816_1",2026-08-16
1,"fit","TOR_20260816_1_PA028","TOR_20260816_1",2026-08-16
1,"fit","TOR_20260816_1_PA029","TOR_20260816_1",2026-08-16
1,"fit","TOR_20260816_1_PA030","TOR_20260816_1",2026-08-16
1,"fit","TOR_20260816_1_PA031","TOR_20260816_1",2026-08-16
1,"fit","TOR_20260816_1_PA032","TOR_20260816_1",2026-08-16
1,"fit","TOR_20260816_1_PA033","TOR_20260816_1",2026-08-16
1,"fit","TOR_20260816_1_PA034","TOR_20260816_1",2026-08-16
1,"fit","TOR_20260816_1_PA035","TOR_20260816_1",2026-08-16
1,"fit","TOR_20260816_1_PA036","TOR_20260816_1",2026-08-16
1,"fit","TOR_20260816_1_PA037","TOR_20260816_1",2026-08-16
1,"fit","TOR_20260818_1_PA001","TOR_20260818_1",2026-08-18
1,"fit","TOR_20260818_1_PA002","TOR_20260818_1",2026-08-18
1,"fit","TOR_20260818_1_PA003","TOR_20260818_1",2026-08-18
1,"fit","TOR_20260818_1_PA004","TOR_20260818_1",2026-08-18
1,"fit","TOR_20260818_1_PA005","TOR_20260818_1",2026-08-18
1,"fit","TOR_20260818_1_PA006","TOR_20260818_1",2026-08-18
1,"fit","TOR_20260818_1_PA007","TOR_20260818_1",2026-08-18
1,"fit","TOR_20260818_1_PA008","TOR_20260818_1",2026-08-18
1,"fit","TOR_20260818_1_PA009","TOR_20260818_1",2026-08-18
1,"fit","TOR_20260818_1_PA010","TOR_20260818_1",2026-08-18
1,"fit","TOR_20260818_1_PA011","TOR_20260818_1",2026-08-18
1,"fit","TOR_20260818_1_PA012","TOR_20260818_1",2026-08-18
1,"fit","TOR_20260818_1_PA013","TOR_20260818_1",2026-08-18
1,"fit","TOR_20260818_1_PA014","TOR_20260818_1",2026-08-18
1,"fit","TOR_20260818_1_PA015","TOR_20260818_1",2026-08-18
1,"fit","TOR_20260818_1_PA016","TOR_20260818_1",2026-08-18
1,"fit","TOR_20260818_1_PA017","TOR_20260818_1",2026-08-18
1,"fit","TOR_20260818_1_PA018","TOR_20260818_1",2026-08-18
1,"fit","TOR_20260818_1_PA019","TOR_20260818_1",2026-08-18
1,"fit","TOR_20260818_1_PA020","TOR_20260818_1",2026-08-18
1,"fit","TOR_20260818_1_PA021","TOR_20260818_1",2026-08-18
1,"fit","TOR_20260818_1_PA022","TOR_20260818_1",2026-08-18
1,"fit","TOR_20260818_1_PA023","TOR_20260818_1",2026-08-18
1,"fit","TOR_20260818_1_PA024","TOR_20260818_1",2026-08-18
1,"fit","TOR_20260818_1_PA025","TOR_20260818_1",2026-08-18
1,"fit","TOR_20260818_1_PA026","TOR_20260818_1",2026-08-18
1,"fit","TOR_20260818_1_PA027","TOR_20260818_1",2026-08-18
1,"fit","TOR_20260818_1_PA028","TOR_20260818_1",2026-08-18
1,"fit","TOR_20260818_1_PA029","TOR_20260818_1",2026-08-18
1,"fit","TOR_20260818_1_PA030","TOR_20260818_1",2026-08-18
1,"fit","TOR_20260818_1_PA031","TOR_20260818_1",2026-08-18
1,"fit","TOR_20260818_1_PA032","TOR_20260818_1",2026-08-18
1,"fit","TOR_20260818_1_PA033","TOR_20260818_1",2026-08-18
1,"fit","TOR_20260818_1_PA034","TOR_20260818_1",2026-08-18
1,"fit","TOR_20260818_1_PA035","TOR_20260818_1",2026-08-18
1,"fit","TOR_20260818_1_PA036","TOR_20260818_1",2026-08-18
1,"fit","TOR_20260818_1_PA037","TOR_20260818_1",2026-08-18
1,"fit","TOR_20260818_1_PA038","TOR_20260818_1",2026-08-18
1,"fit","TOR_20260818_1_PA039","TOR_20260818_1",2026-08-18
1,"fit","TOR_20260818_1_PA040","TOR_20260818_1",2026-08-18
1,"fit","TOR_20260818_1_PA041","TOR_20260818_1",2026-08-18
1,"fit","TOR_20260818_1_PA042","TOR_20260818_1",2026-08-18
1,"fit","TOR_20260818_1_PA043","TOR_20260818_1",2026-08-18
1,"fit","TOR_20260818_1_PA044","TOR_20260818_1",2026-08-18
1,"fit","TOR_20260818_1_PA045","TOR_20260818_1",2026-08-18
1,"fit","TOR_20260818_1_PA046","TOR_20260818_1",2026-08-18
1,"fit","TOR_20260818_1_PA047","TOR_20260818_1",2026-08-18
1,"fit","TOR_20260818_1_PA048","TOR_20260818_1",2026-08-18
1,"fit","TOR_20260819_1_PA001","TOR_20260819_1",2026-08-19
1,"fit","TOR_20260819_1_PA002","TOR_20260819_1",2026-08-19
1,"fit","TOR_20260819_1_PA003","TOR_20260819_1",2026-08-19
1,"fit","TOR_20260819_1_PA004","TOR_20260819_1",2026-08-19
1,"fit","TOR_20260819_1_PA005","TOR_20260819_1",2026-08-19
1,"fit","TOR_20260819_1_PA006","TOR_20260819_1",2026-08-19
1,"fit","TOR_20260819_1_PA007","TOR_20260819_1",2026-08-19
1,"fit","TOR_20260819_1_PA008","TOR_20260819_1",2026-08-19
1,"fit","TOR_20260819_1_PA009","TOR_20260819_1",2026-08-19
1,"fit","TOR_20260819_1_PA010","TOR_20260819_1",2026-08-19
1,"fit","TOR_20260819_1_PA011","TOR_20260819_1",2026-08-19
1,"fit","TOR_20260819_1_PA012","TOR_20260819_1",2026-08-19
1,"fit","TOR_20260819_1_PA013","TOR_20260819_1",2026-08-19
1,"fit","TOR_20260819_1_PA014","TOR_20260819_1",2026-08-19
1,"fit","TOR_20260819_1_PA015","TOR_20260819_1",2026-08-19
1,"fit","TOR_20260819_1_PA016","TOR_20260819_1",2026-08-19
1,"fit","TOR_20260819_1_PA017","TOR_20260819_1",2026-08-19
1,"fit","TOR_20260819_1_PA018","TOR_20260819_1",2026-08-19
1,"fit","TOR_20260819_1_PA019","TOR_20260819_1",2026-08-19
1,"fit","TOR_20260819_1_PA020","TOR_20260819_1",2026-08-19
1,"fit","TOR_20260819_1_PA021","TOR_20260819_1",2026-08-19
1,"fit","TOR_20260819_1_PA022","TOR_20260819_1",2026-08-19
1,"fit","TOR_20260819_1_PA023","TOR_20260819_1",2026-08-19
1,"fit","TOR_20260819_1_PA024","TOR_20260819_1",2026-08-19
1,"fit","TOR_20260819_1_PA025","TOR_20260819_1",2026-08-19
1,"fit","TOR_20260819_1_PA026","TOR_20260819_1",2026-08-19
1,"fit","TOR_20260819_1_PA027","TOR_20260819_1",2026-08-19
1,"fit","TOR_20260819_1_PA028","TOR_20260819_1",2026-08-19
1,"fit","TOR_20260819_1_PA029","TOR_20260819_1",2026-08-19
1,"fit","TOR_20260819_1_PA030","TOR_20260819_1",2026-08-19
1,"fit","TOR_20260819_1_PA031","TOR_20260819_1",2026-08-19
1,"fit","TOR_20260819_1_PA032","TOR_20260819_1",2026-08-19
1,"fit","TOR_20260819_1_PA033","TOR_20260819_1",2026-08-19
1,"fit","TOR_20260819_1_PA034","TOR_20260819_1",2026-08-19
1,"fit","TOR_20260819_1_PA035","TOR_20260819_1",2026-08-19
1,"fit","TOR_20260819_1_PA036","TOR_20260819_1",2026-08-19
1,"fit","TOR_20260819_1_PA037","TOR_20260819_1",2026-08-19
1,"fit","TOR_20260819_1_PA038","TOR_20260819_1",2026-08-19
1,"fit","TOR_20260819_1_PA039","TOR_20260819_1",2026-08-19
1,"fit","TOR_20260820_1_PA001","TOR_20260820_1",2026-08-20
1,"fit","TOR_20260820_1_PA002","TOR_20260820_1",2026-08-20
1,"fit","TOR_20260820_1_PA003","TOR_20260820_1",2026-08-20
1,"fit","TOR_20260820_1_PA004","TOR_20260820_1",2026-08-20
1,"fit","TOR_20260820_1_PA005","TOR_20260820_1",2026-08-20
1,"fit","TOR_20260820_1_PA006","TOR_20260820_1",2026-08-20
1,"fit","TOR_20260820_1_PA007","TOR_20260820_1",2026-08-20
1,"fit","TOR_20260820_1_PA008","TOR_20260820_1",2026-08-20
1,"fit","TOR_20260820_1_PA009","TOR_20260820_1",2026-08-20
1,"fit","TOR_20260820_1_PA010","TOR_20260820_1",2026-08-20
1,"fit","TOR_20260820_1_PA011","TOR_20260820_1",2026-08-20
1,"fit","TOR_20260820_1_PA012","TOR_20260820_1",2026-08-20
1,"fit","TOR_20260820_1_PA013","TOR_20260820_1",2026-08-20
1,"fit","TOR_20260820_1_PA014","TOR_20260820_1",2026-08-20
1,"fit","TOR_20260820_1_PA015","TOR_20260820_1",2026-08-20
1,"fit","TOR_20260820_1_PA016","TOR_20260820_1",2026-08-20
1,"fit","TOR_20260820_1_PA017","TOR_20260820_1",2026-08-20
1,"fit","TOR_20260820_1_PA018","TOR_20260820_1",2026-08-20
1,"fit","TOR_20260820_1_PA019","TOR_20260820_1",2026-08-20
1,"fit","TOR_20260820_1_PA020","TOR_20260820_1",2026-08-20
1,"fit","TOR_20260820_1_PA021","TOR_20260820_1",2026-08-20
1,"fit","TOR_20260820_1_PA022","TOR_20260820_1",2026-08-20
1,"fit","TOR_20260820_1_PA023","TOR_20260820_1",2026-08-20
1,"fit","TOR_20260820_1_PA024","TOR_20260820_1",2026-08-20
1,"fit","TOR_20260820_1_PA025","TOR_20260820_1",2026-08-20
1,"fit","TOR_20260820_1_PA026","TOR_20260820_1",2026-08-20
1,"fit","TOR_20260820_1_PA027","TOR_20260820_1",2026-08-20
1,"fit","TOR_20260820_1_PA028","TOR_20260820_1",2026-08-20
1,"fit","TOR_20260820_1_PA029","TOR_20260820_1",2026-08-20
1,"fit","TOR_20260820_1_PA031","TOR_20260820_1",2026-08-20
1,"fit","TOR_20260820_1_PA032","TOR_20260820_1",2026-08-20
1,"fit","TOR_20260820_1_PA033","TOR_20260820_1",2026-08-20
1,"fit","TOR_20260820_1_PA034","TOR_20260820_1",2026-08-20
1,"fit","TOR_20260820_1_PA035","TOR_20260820_1",2026-08-20
1,"fit","TOR_20260820_1_PA036","TOR_20260820_1",2026-08-20
1,"fit","TOR_20260820_1_PA037","TOR_20260820_1",2026-08-20
1,"fit","TOR_20260820_1_PA038","TOR_20260820_1",2026-08-20
1,"fit","TOR_20260820_1_PA039","TOR_20260820_1",2026-08-20
1,"fit","TOR_20260820_1_PA040","TOR_20260820_1",2026-08-20
1,"fit","TOR_20260821_1_PA001","TOR_20260821_1",2026-08-21
1,"fit","TOR_20260821_1_PA002","TOR_20260821_1",2026-08-21
1,"fit","TOR_20260821_1_PA003","TOR_20260821_1",2026-08-21
1,"fit","TOR_20260821_1_PA004","TOR_20260821_1",2026-08-21
1,"fit","TOR_20260821_1_PA005","TOR_20260821_1",2026-08-21
1,"fit","TOR_20260821_1_PA006","TOR_20260821_1",2026-08-21
1,"fit","TOR_20260821_1_PA007","TOR_20260821_1",2026-08-21
1,"fit","TOR_20260821_1_PA008","TOR_20260821_1",2026-08-21
1,"fit","TOR_20260821_1_PA009","TOR_20260821_1",2026-08-21
1,"fit","TOR_20260821_1_PA010","TOR_20260821_1",2026-08-21
1,"fit","TOR_20260821_1_PA011","TOR_20260821_1",2026-08-21
1,"fit","TOR_20260821_1_PA012","TOR_20260821_1",2026-08-21
1,"fit","TOR_20260821_1_PA013","TOR_20260821_1",2026-08-21
1,"fit","TOR_20260821_1_PA014","TOR_20260821_1",2026-08-21
1,"fit","TOR_20260821_1_PA015","TOR_20260821_1",2026-08-21
1,"fit","TOR_20260821_1_PA016","TOR_20260821_1",2026-08-21
1,"fit","TOR_20260821_1_PA017","TOR_20260821_1",2026-08-21
1,"fit","TOR_20260821_1_PA018","TOR_20260821_1",2026-08-21
1,"fit","TOR_20260821_1_PA019","TOR_20260821_1",2026-08-21
1,"fit","TOR_20260821_1_PA020","TOR_20260821_1",2026-08-21
1,"fit","TOR_20260821_1_PA021","TOR_20260821_1",2026-08-21
1,"fit","TOR_20260821_1_PA022","TOR_20260821_1",2026-08-21
1,"fit","TOR_20260821_1_PA023","TOR_20260821_1",2026-08-21
1,"fit","TOR_20260821_1_PA024","TOR_20260821_1",2026-08-21
1,"fit","TOR_20260821_1_PA025","TOR_20260821_1",2026-08-21
1,"fit","TOR_20260821_1_PA026","TOR_20260821_1",2026-08-21
1,"fit","TOR_20260821_1_PA027","TOR_20260821_1",2026-08-21
1,"fit","TOR_20260821_1_PA028","TOR_20260821_1",2026-08-21
1,"fit","TOR_20260821_1_PA029","TOR_20260821_1",2026-08-21
1,"fit","TOR_20260821_1_PA030","TOR_20260821_1",2026-08-21
1,"fit","TOR_20260821_1_PA031","TOR_20260821_1",2026-08-21
1,"fit","TOR_20260821_1_PA032","TOR_20260821_1",2026-08-21
1,"fit","TOR_20260821_1_PA033","TOR_20260821_1",2026-08-21
1,"fit","TOR_20260821_1_PA034","TOR_20260821_1",2026-08-21
1,"fit","TOR_20260821_1_PA035","TOR_20260821_1",2026-08-21
1,"fit","TOR_20260821_1_PA036","TOR_20260821_1",2026-08-21
1,"fit","TOR_20260821_1_PA037","TOR_20260821_1",2026-08-21
1,"fit","TOR_20260822_1_PA001","TOR_20260822_1",2026-08-22
1,"fit","TOR_20260822_1_PA002","TOR_20260822_1",2026-08-22
1,"fit","TOR_20260822_1_PA003","TOR_20260822_1",2026-08-22
1,"fit","TOR_20260822_1_PA004","TOR_20260822_1",2026-08-22
1,"fit","TOR_20260822_1_PA005","TOR_20260822_1",2026-08-22
1,"fit","TOR_20260822_1_PA006","TOR_20260822_1",2026-08-22
1,"fit","TOR_20260822_1_PA007","TOR_20260822_1",2026-08-22
1,"fit","TOR_20260822_1_PA008","TOR_20260822_1",2026-08-22
1,"fit","TOR_20260822_1_PA009","TOR_20260822_1",2026-08-22
1,"fit","TOR_20260822_1_PA010","TOR_20260822_1",2026-08-22
1,"fit","TOR_20260822_1_PA011","TOR_20260822_1",2026-08-22
1,"fit","TOR_20260822_1_PA012","TOR_20260822_1",2026-08-22
1,"fit","TOR_20260822_1_PA013","TOR_20260822_1",2026-08-22
1,"fit","TOR_20260822_1_PA014","TOR_20260822_1",2026-08-22
1,"fit","TOR_20260822_1_PA015","TOR_20260822_1",2026-08-22
1,"fit","TOR_20260822_1_PA016","TOR_20260822_1",2026-08-22
1,"fit","TOR_20260822_1_PA017","TOR_20260822_1",2026-08-22
1,"fit","TOR_20260822_1_PA018","TOR_20260822_1",2026-08-22
1,"fit","TOR_20260822_1_PA019","TOR_20260822_1",2026-08-22
1,"fit","TOR_20260822_1_PA020","TOR_20260822_1",2026-08-22
1,"fit","TOR_20260822_1_PA021","TOR_20260822_1",2026-08-22
1,"fit","TOR_20260822_1_PA022","TOR_20260822_1",2026-08-22
1,"fit","TOR_20260822_1_PA023","TOR_20260822_1",2026-08-22
1,"fit","TOR_20260822_1_PA024","TOR_20260822_1",2026-08-22
1,"fit","TOR_20260822_1_PA025","TOR_20260822_1",2026-08-22
1,"fit","TOR_20260822_1_PA026","TOR_20260822_1",2026-08-22
1,"fit","TOR_20260822_1_PA027","TOR_20260822_1",2026-08-22
1,"fit","TOR_20260822_1_PA028","TOR_20260822_1",2026-08-22
1,"fit","TOR_20260822_1_PA029","TOR_20260822_1",2026-08-22
1,"fit","TOR_20260822_1_PA030","TOR_20260822_1",2026-08-22
1,"fit","TOR_20260822_1_PA031","TOR_20260822_1",2026-08-22
1,"fit","TOR_20260822_1_PA032","TOR_20260822_1",2026-08-22
1,"fit","TOR_20260822_1_PA033","TOR_20260822_1",2026-08-22
1,"fit","TOR_20260822_1_PA034","TOR_20260822_1",2026-08-22
1,"fit","TOR_20260822_1_PA035","TOR_20260822_1",2026-08-22
1,"fit","TOR_20260822_1_PA036","TOR_20260822_1",2026-08-22
1,"fit","TOR_20260822_1_PA037","TOR_20260822_1",2026-08-22
1,"fit","TOR_20260822_1_PA038","TOR_20260822_1",2026-08-22
1,"fit","TOR_20260822_1_PA039","TOR_20260822_1",2026-08-22
1,"fit","TOR_20260822_1_PA040","TOR_20260822_1",2026-08-22
1,"fit","TOR_20260822_1_PA041","TOR_20260822_1",2026-08-22
1,"fit","TOR_20260822_1_PA042","TOR_20260822_1",2026-08-22
1,"fit","TOR_20260822_1_PA043","TOR_20260822_1",2026-08-22
1,"fit","TOR_20260823_1_PA001","TOR_20260823_1",2026-08-23
1,"fit","TOR_20260823_1_PA002","TOR_20260823_1",2026-08-23
1,"fit","TOR_20260823_1_PA003","TOR_20260823_1",2026-08-23
1,"fit","TOR_20260823_1_PA004","TOR_20260823_1",2026-08-23
1,"fit","TOR_20260823_1_PA005","TOR_20260823_1",2026-08-23
1,"fit","TOR_20260823_1_PA006","TOR_20260823_1",2026-08-23
1,"fit","TOR_20260823_1_PA007","TOR_20260823_1",2026-08-23
1,"fit","TOR_20260823_1_PA008","TOR_20260823_1",2026-08-23
1,"fit","TOR_20260823_1_PA009","TOR_20260823_1",2026-08-23
1,"fit","TOR_20260823_1_PA010","TOR_20260823_1",2026-08-23
1,"fit","TOR_20260823_1_PA011","TOR_20260823_1",2026-08-23
1,"fit","TOR_20260823_1_PA012","TOR_20260823_1",2026-08-23
1,"fit","TOR_20260823_1_PA013","TOR_20260823_1",2026-08-23
1,"fit","TOR_20260823_1_PA014","TOR_20260823_1",2026-08-23
1,"fit","TOR_20260823_1_PA015","TOR_20260823_1",2026-08-23
1,"fit","TOR_20260823_1_PA016","TOR_20260823_1",2026-08-23
1,"fit","TOR_20260823_1_PA017","TOR_20260823_1",2026-08-23
1,"fit","TOR_20260823_1_PA018","TOR_20260823_1",2026-08-23
1,"fit","TOR_20260823_1_PA019","TOR_20260823_1",2026-08-23
1,"fit","TOR_20260823_1_PA020","TOR_20260823_1",2026-08-23
1,"fit","TOR_20260823_1_PA021","TOR_20260823_1",2026-08-23
1,"fit","TOR_20260823_1_PA022","TOR_20260823_1",2026-08-23
1,"fit","TOR_20260823_1_PA023","TOR_20260823_1",2026-08-23
1,"fit","TOR_20260823_1_PA024","TOR_20260823_1",2026-08-23
1,"fit","TOR_20260823_1_PA025","TOR_20260823_1",2026-08-23
1,"fit","TOR_20260823_1_PA026","TOR_20260823_1",2026-08-23
1,"fit","TOR_20260823_1_PA027","TOR_20260823_1",2026-08-23
1,"fit","TOR_20260823_1_PA028","TOR_20260823_1",2026-08-23
1,"fit","TOR_20260823_1_PA029","TOR_20260823_1",2026-08-23
1,"fit","TOR_20260823_1_PA030","TOR_20260823_1",2026-08-23
1,"fit","TOR_20260823_1_PA031","TOR_20260823_1",2026-08-23
1,"fit","TOR_20260823_1_PA032","TOR_20260823_1",2026-08-23
1,"fit","TOR_20260823_1_PA033","TOR_20260823_1",2026-08-23
1,"fit","TOR_20260823_1_PA034","TOR_20260823_1",2026-08-23
1,"fit","TOR_20260823_1_PA035","TOR_20260823_1",2026-08-23
1,"fit","TOR_20260825_1_PA001","TOR_20260825_1",2026-08-25
1,"fit","TOR_20260825_1_PA002","TOR_20260825_1",2026-08-25
1,"fit","TOR_20260825_1_PA003","TOR_20260825_1",2026-08-25
1,"fit","TOR_20260825_1_PA004","TOR_20260825_1",2026-08-25
1,"fit","TOR_20260825_1_PA005","TOR_20260825_1",2026-08-25
1,"fit","TOR_20260825_1_PA006","TOR_20260825_1",2026-08-25
1,"fit","TOR_20260825_1_PA007","TOR_20260825_1",2026-08-25
1,"fit","TOR_20260825_1_PA008","TOR_20260825_1",2026-08-25
1,"fit","TOR_20260825_1_PA009","TOR_20260825_1",2026-08-25
1,"fit","TOR_20260825_1_PA010","TOR_20260825_1",2026-08-25
1,"fit","TOR_20260825_1_PA011","TOR_20260825_1",2026-08-25
1,"fit","TOR_20260825_1_PA012","TOR_20260825_1",2026-08-25
1,"fit","TOR_20260825_1_PA013","TOR_20260825_1",2026-08-25
1,"fit","TOR_20260825_1_PA014","TOR_20260825_1",2026-08-25
1,"fit","TOR_20260825_1_PA015","TOR_20260825_1",2026-08-25
1,"fit","TOR_20260825_1_PA016","TOR_20260825_1",2026-08-25
1,"fit","TOR_20260825_1_PA017","TOR_20260825_1",2026-08-25
1,"fit","TOR_20260825_1_PA018","TOR_20260825_1",2026-08-25
1,"fit","TOR_20260825_1_PA019","TOR_20260825_1",2026-08-25
1,"fit","TOR_20260825_1_PA020","TOR_20260825_1",2026-08-25
1,"fit","TOR_20260825_1_PA021","TOR_20260825_1",2026-08-25
1,"fit","TOR_20260825_1_PA022","TOR_20260825_1",2026-08-25
1,"fit","TOR_20260825_1_PA023","TOR_20260825_1",2026-08-25
1,"fit","TOR_20260825_1_PA024","TOR_20260825_1",2026-08-25
1,"fit","TOR_20260825_1_PA025","TOR_20260825_1",2026-08-25
1,"fit","TOR_20260825_1_PA026","TOR_20260825_1",2026-08-25
1,"fit","TOR_20260825_1_PA027","TOR_20260825_1",2026-08-25
1,"fit","TOR_20260825_1_PA028","TOR_20260825_1",2026-08-25
1,"fit","TOR_20260825_1_PA029","TOR_20260825_1",2026-08-25
1,"fit","TOR_20260825_1_PA030","TOR_20260825_1",2026-08-25
1,"fit","TOR_20260825_1_PA031","TOR_20260825_1",2026-08-25
1,"fit","TOR_20260825_1_PA032","TOR_20260825_1",2026-08-25
1,"fit","TOR_20260825_1_PA033","TOR_20260825_1",2026-08-25
1,"fit","TOR_20260825_1_PA034","TOR_20260825_1",2026-08-25
1,"fit","TOR_20260825_1_PA035","TOR_20260825_1",2026-08-25
1,"fit","TOR_20260825_1_PA036","TOR_20260825_1",2026-08-25
1,"fit","TOR_20260825_1_PA037","TOR_20260825_1",2026-08-25
1,"fit","TOR_20260825_1_PA038","TOR_20260825_1",2026-08-25
1,"fit","TOR_20260826_1_PA001","TOR_20260826_1",2026-08-26
1,"fit","TOR_20260826_1_PA002","TOR_20260826_1",2026-08-26
1,"fit","TOR_20260826_1_PA003","TOR_20260826_1",2026-08-26
1,"fit","TOR_20260826_1_PA004","TOR_20260826_1",2026-08-26
1,"fit","TOR_20260826_1_PA005","TOR_20260826_1",2026-08-26
1,"fit","TOR_20260826_1_PA006","TOR_20260826_1",2026-08-26
1,"fit","TOR_20260826_1_PA007","TOR_20260826_1",2026-08-26
1,"fit","TOR_20260826_1_PA008","TOR_20260826_1",2026-08-26
1,"fit","TOR_20260826_1_PA009","TOR_20260826_1",2026-08-26
1,"fit","TOR_20260826_1_PA010","TOR_20260826_1",2026-08-26
1,"fit","TOR_20260826_1_PA011","TOR_20260826_1",2026-08-26
1,"fit","TOR_20260826_1_PA012","TOR_20260826_1",2026-08-26
1,"fit","TOR_20260826_1_PA013","TOR_20260826_1",2026-08-26
1,"fit","TOR_20260826_1_PA014","TOR_20260826_1",2026-08-26
1,"fit","TOR_20260826_1_PA015","TOR_20260826_1",2026-08-26
1,"fit","TOR_20260826_1_PA016","TOR_20260826_1",2026-08-26
1,"fit","TOR_20260826_1_PA017","TOR_20260826_1",2026-08-26
1,"fit","TOR_20260826_1_PA018","TOR_20260826_1",2026-08-26
1,"fit","TOR_20260826_1_PA019","TOR_20260826_1",2026-08-26
1,"fit","TOR_20260826_1_PA020","TOR_20260826_1",2026-08-26
1,"fit","TOR_20260826_1_PA021","TOR_20260826_1",2026-08-26
1,"fit","TOR_20260826_1_PA022","TOR_20260826_1",2026-08-26
1,"fit","TOR_20260826_1_PA023","TOR_20260826_1",2026-08-26
1,"fit","TOR_20260826_1_PA024","TOR_20260826_1",2026-08-26
1,"fit","TOR_20260826_1_PA025","TOR_20260826_1",2026-08-26
1,"fit","TOR_20260826_1_PA026","TOR_20260826_1",2026-08-26
1,"fit","TOR_20260826_1_PA027","TOR_20260826_1",2026-08-26
1,"fit","TOR_20260826_1_PA028","TOR_20260826_1",2026-08-26
1,"fit","TOR_20260826_1_PA029","TOR_20260826_1",2026-08-26
1,"fit","TOR_20260826_1_PA030","TOR_20260826_1",2026-08-26
1,"fit","TOR_20260826_1_PA031","TOR_20260826_1",2026-08-26
1,"fit","TOR_20260827_1_PA001","TOR_20260827_1",2026-08-27
1,"fit","TOR_20260827_1_PA002","TOR_20260827_1",2026-08-27
1,"fit","TOR_20260827_1_PA003","TOR_20260827_1",2026-08-27
1,"fit","TOR_20260827_1_PA004","TOR_20260827_1",2026-08-27
1,"fit","TOR_20260827_1_PA005","TOR_20260827_1",2026-08-27
1,"fit","TOR_20260827_1_PA006","TOR_20260827_1",2026-08-27
1,"fit","TOR_20260827_1_PA007","TOR_20260827_1",2026-08-27
1,"fit","TOR_20260827_1_PA008","TOR_20260827_1",2026-08-27
1,"fit","TOR_20260827_1_PA009","TOR_20260827_1",2026-08-27
1,"fit","TOR_20260827_1_PA010","TOR_20260827_1",2026-08-27
1,"fit","TOR_20260827_1_PA011","TOR_20260827_1",2026-08-27
1,"fit","TOR_20260827_1_PA012","TOR_20260827_1",2026-08-27
1,"fit","TOR_20260827_1_PA013","TOR_20260827_1",2026-08-27
1,"fit","TOR_20260827_1_PA014","TOR_20260827_1",2026-08-27
1,"fit","TOR_20260827_1_PA015","TOR_20260827_1",2026-08-27
1,"fit","TOR_20260827_1_PA016","TOR_20260827_1",2026-08-27
1,"fit","TOR_20260827_1_PA017","TOR_20260827_1",2026-08-27
1,"fit","TOR_20260827_1_PA018","TOR_20260827_1",2026-08-27
1,"fit","TOR_20260827_1_PA019","TOR_20260827_1",2026-08-27
1,"fit","TOR_20260827_1_PA020","TOR_20260827_1",2026-08-27
1,"fit","TOR_20260827_1_PA021","TOR_20260827_1",2026-08-27
1,"fit","TOR_20260827_1_PA022","TOR_20260827_1",2026-08-27
1,"fit","TOR_20260827_1_PA023","TOR_20260827_1",2026-08-27
1,"fit","TOR_20260827_1_PA024","TOR_20260827_1",2026-08-27
1,"fit","TOR_20260827_1_PA025","TOR_20260827_1",2026-08-27
1,"fit","TOR_20260827_1_PA026","TOR_20260827_1",2026-08-27
1,"fit","TOR_20260827_1_PA027","TOR_20260827_1",2026-08-27
1,"fit","TOR_20260827_1_PA028","TOR_20260827_1",2026-08-27
1,"fit","TOR_20260827_1_PA029","TOR_20260827_1",2026-08-27
1,"fit","TOR_20260827_1_PA030","TOR_20260827_1",2026-08-27
1,"fit","TOR_20260827_1_PA031","TOR_20260827_1",2026-08-27
1,"fit","TOR_20260827_1_PA032","TOR_20260827_1",2026-08-27
1,"fit","TOR_20260827_1_PA033","TOR_20260827_1",2026-08-27
1,"fit","TOR_20260827_1_PA034","TOR_20260827_1",2026-08-27
1,"fit","TOR_20260827_1_PA035","TOR_20260827_1",2026-08-27
1,"assess","TOR_20260828_1_PA001","TOR_20260828_1",2026-08-28
1,"assess","TOR_20260828_1_PA002","TOR_20260828_1",2026-08-28
1,"assess","TOR_20260828_1_PA003","TOR_20260828_1",2026-08-28
1,"assess","TOR_20260828_1_PA004","TOR_20260828_1",2026-08-28
1,"assess","TOR_20260828_1_PA005","TOR_20260828_1",2026-08-28
1,"assess","TOR_20260828_1_PA006","TOR_20260828_1",2026-08-28
1,"assess","TOR_20260828_1_PA007","TOR_20260828_1",2026-08-28
1,"assess","TOR_20260828_1_PA008","TOR_20260828_1",2026-08-28
1,"assess","TOR_20260828_1_PA009","TOR_20260828_1",2026-08-28
1,"assess","TOR_20260828_1_PA010","TOR_20260828_1",2026-08-28
1,"assess","TOR_20260828_1_PA011","TOR_20260828_1",2026-08-28
1,"assess","TOR_20260828_1_PA012","TOR_20260828_1",2026-08-28
1,"assess","TOR_20260828_1_PA013","TOR_20260828_1",2026-08-28
1,"assess","TOR_20260828_1_PA014","TOR_20260828_1",2026-08-28
1,"assess","TOR_20260828_1_PA015","TOR_20260828_1",2026-08-28
1,"assess","TOR_20260828_1_PA016","TOR_20260828_1",2026-08-28
1,"assess","TOR_20260828_1_PA017","TOR_20260828_1",2026-08-28
1,"assess","TOR_20260828_1_PA018","TOR_20260828_1",2026-08-28
1,"assess","TOR_20260828_1_PA019","TOR_20260828_1",2026-08-28
1,"assess","TOR_20260828_1_PA020","TOR_20260828_1",2026-08-28
1,"assess","TOR_20260828_1_PA021","TOR_20260828_1",2026-08-28
1,"assess","TOR_20260828_1_PA022","TOR_20260828_1",2026-08-28
1,"assess","TOR_20260828_1_PA023","TOR_20260828_1",2026-08-28
1,"assess","TOR_20260828_1_PA024","TOR_20260828_1",2026-08-28
1,"assess","TOR_20260828_1_PA025","TOR_20260828_1",2026-08-28
1,"assess","TOR_20260828_1_PA026","TOR_20260828_1",2026-08-28
1,"assess","TOR_20260828_1_PA027","TOR_20260828_1",2026-08-28
1,"assess","TOR_20260828_1_PA028","TOR_20260828_1",2026-08-28
1,"assess","TOR_20260828_1_PA029","TOR_20260828_1",2026-08-28
1,"assess","TOR_20260828_1_PA030","TOR_20260828_1",2026-08-28
1,"assess","TOR_20260828_1_PA031","TOR_20260828_1",2026-08-28
1,"assess","TOR_20260828_1_PA032","TOR_20260828_1",2026-08-28
1,"assess","TOR_20260828_1_PA033","TOR_20260828_1",2026-08-28
1,"assess","TOR_20260828_1_PA034","TOR_20260828_1",2026-08-28
1,"assess","TOR_20260828_1_PA035","TOR_20260828_1",2026-08-28
1,"assess","TOR_20260828_1_PA036","TOR_20260828_1",2026-08-28
1,"assess","TOR_20260828_1_PA037","TOR_20260828_1",2026-08-28
1,"assess","TOR_20260828_1_PA038","TOR_20260828_1",2026-08-28
1,"assess","TOR_20260829_1_PA001","TOR_20260829_1",2026-08-29
1,"assess","TOR_20260829_1_PA002","TOR_20260829_1",2026-08-29
1,"assess","TOR_20260829_1_PA003","TOR_20260829_1",2026-08-29
1,"assess","TOR_20260829_1_PA004","TOR_20260829_1",2026-08-29
1,"assess","TOR_20260829_1_PA005","TOR_20260829_1",2026-08-29
1,"assess","TOR_20260829_1_PA006","TOR_20260829_1",2026-08-29
1,"assess","TOR_20260829_1_PA007","TOR_20260829_1",2026-08-29
1,"assess","TOR_20260829_1_PA008","TOR_20260829_1",2026-08-29
1,"assess","TOR_20260829_1_PA009","TOR_20260829_1",2026-08-29
1,"assess","TOR_20260829_1_PA010","TOR_20260829_1",2026-08-29
1,"assess","TOR_20260829_1_PA011","TOR_20260829_1",2026-08-29
1,"assess","TOR_20260829_1_PA012","TOR_20260829_1",2026-08-29
1,"assess","TOR_20260829_1_PA013","TOR_20260829_1",2026-08-29
1,"assess","TOR_20260829_1_PA014","TOR_20260829_1",2026-08-29
1,"assess","TOR_20260829_1_PA015","TOR_20260829_1",2026-08-29
1,"assess","TOR_20260829_1_PA016","TOR_20260829_1",2026-08-29
1,"assess","TOR_20260829_1_PA017","TOR_20260829_1",2026-08-29
1,"assess","TOR_20260829_1_PA018","TOR_20260829_1",2026-08-29
1,"assess","TOR_20260829_1_PA019","TOR_20260829_1",2026-08-29
1,"assess","TOR_20260829_1_PA020","TOR_20260829_1",2026-08-29
1,"assess","TOR_20260829_1_PA021","TOR_20260829_1",2026-08-29
1,"assess","TOR_20260829_1_PA022","TOR_20260829_1",2026-08-29
1,"assess","TOR_20260829_1_PA023","TOR_20260829_1",2026-08-29
1,"assess","TOR_20260829_1_PA024","TOR_20260829_1",2026-08-29
1,"assess","TOR_20260829_1_PA025","TOR_20260829_1",2026-08-29
1,"assess","TOR_20260829_1_PA026","TOR_20260829_1",2026-08-29
1,"assess","TOR_20260829_1_PA027","TOR_20260829_1",2026-08-29
1,"assess","TOR_20260829_1_PA028","TOR_20260829_1",2026-08-29
1,"assess","TOR_20260829_1_PA029","TOR_20260829_1",2026-08-29
1,"assess","TOR_20260829_1_PA030","TOR_20260829_1",2026-08-29
1,"assess","TOR_20260829_1_PA031","TOR_20260829_1",2026-08-29
1,"assess","TOR_20260829_1_PA032","TOR_20260829_1",2026-08-29
1,"assess","TOR_20260829_1_PA033","TOR_20260829_1",2026-08-29
1,"assess","TOR_20260829_1_PA034","TOR_20260829_1",2026-08-29
1,"assess","TOR_20260829_1_PA035","TOR_20260829_1",2026-08-29
1,"assess","TOR_20260829_1_PA036","TOR_20260829_1",2026-08-29
1,"assess","TOR_20260830_1_PA001","TOR_20260830_1",2026-08-30
1,"assess","TOR_20260830_1_PA002","TOR_20260830_1",2026-08-30
1,"assess","TOR_20260830_1_PA003","TOR_20260830_1",2026-08-30
1,"assess","TOR_20260830_1_PA004","TOR_20260830_1",2026-08-30
1,"assess","TOR_20260830_1_PA005","TOR_20260830_1",2026-08-30
1,"assess","TOR_20260830_1_PA006","TOR_20260830_1",2026-08-30
1,"assess","TOR_20260830_1_PA007","TOR_20260830_1",2026-08-30
1,"assess","TOR_20260830_1_PA008","TOR_20260830_1",2026-08-30
1,"assess","TOR_20260830_1_PA009","TOR_20260830_1",2026-08-30
1,"assess","TOR_20260830_1_PA010","TOR_20260830_1",2026-08-30
1,"assess","TOR_20260830_1_PA011","TOR_20260830_1",2026-08-30
1,"assess","TOR_20260830_1_PA012","TOR_20260830_1",2026-08-30
1,"assess","TOR_20260830_1_PA013","TOR_20260830_1",2026-08-30
1,"assess","TOR_20260830_1_PA014","TOR_20260830_1",2026-08-30
1,"assess","TOR_20260830_1_PA015","TOR_20260830_1",2026-08-30
1,"assess","TOR_20260830_1_PA016","TOR_20260830_1",2026-08-30
1,"assess","TOR_20260830_1_PA017","TOR_20260830_1",2026-08-30
1,"assess","TOR_20260830_1_PA018","TOR_20260830_1",2026-08-30
1,"assess","TOR_20260830_1_PA019","TOR_20260830_1",2026-08-30
1,"assess","TOR_20260830_1_PA020","TOR_20260830_1",2026-08-30
1,"assess","TOR_20260830_1_PA021","TOR_20260830_1",2026-08-30
1,"assess","TOR_20260830_1_PA022","TOR_20260830_1",2026-08-30
1,"assess","TOR_20260830_1_PA023","TOR_20260830_1",2026-08-30
1,"assess","TOR_20260830_1_PA024","TOR_20260830_1",2026-08-30
1,"assess","TOR_20260830_1_PA025","TOR_20260830_1",2026-08-30
1,"assess","TOR_20260830_1_PA026","TOR_20260830_1",2026-08-30
1,"assess","TOR_20260830_1_PA027","TOR_20260830_1",2026-08-30
1,"assess","TOR_20260830_1_PA028","TOR_20260830_1",2026-08-30
1,"assess","TOR_20260830_1_PA029","TOR_20260830_1",2026-08-30
1,"assess","TOR_20260830_1_PA030","TOR_20260830_1",2026-08-30
1,"assess","TOR_20260830_1_PA031","TOR_20260830_1",2026-08-30
1,"assess","TOR_20260830_1_PA032","TOR_20260830_1",2026-08-30
1,"assess","TOR_20260830_1_PA033","TOR_20260830_1",2026-08-30
1,"assess","TOR_20260830_1_PA034","TOR_20260830_1",2026-08-30
1,"assess","TOR_20260830_1_PA035","TOR_20260830_1",2026-08-30
1,"assess","TOR_20260830_1_PA036","TOR_20260830_1",2026-08-30
1,"assess","TOR_20260830_1_PA037","TOR_20260830_1",2026-08-30
1,"assess","TOR_20260830_1_PA038","TOR_20260830_1",2026-08-30
1,"assess","TOR_20260901_1_PA001","TOR_20260901_1",2026-09-01
1,"assess","TOR_20260901_1_PA002","TOR_20260901_1",2026-09-01
1,"assess","TOR_20260901_1_PA003","TOR_20260901_1",2026-09-01
1,"assess","TOR_20260901_1_PA004","TOR_20260901_1",2026-09-01
1,"assess","TOR_20260901_1_PA005","TOR_20260901_1",2026-09-01
1,"assess","TOR_20260901_1_PA006","TOR_20260901_1",2026-09-01
1,"assess","TOR_20260901_1_PA007","TOR_20260901_1",2026-09-01
1,"assess","TOR_20260901_1_PA008","TOR_20260901_1",2026-09-01
1,"assess","TOR_20260901_1_PA009","TOR_20260901_1",2026-09-01
1,"assess","TOR_20260901_1_PA010","TOR_20260901_1",2026-09-01
1,"assess","TOR_20260901_1_PA011","TOR_20260901_1",2026-09-01
1,"assess","TOR_20260901_1_PA012","TOR_20260901_1",2026-09-01
1,"assess","TOR_20260901_1_PA013","TOR_20260901_1",2026-09-01
1,"assess","TOR_20260901_1_PA014","TOR_20260901_1",2026-09-01
1,"assess","TOR_20260901_1_PA015","TOR_20260901_1",2026-09-01
1,"assess","TOR_20260901_1_PA016","TOR_20260901_1",2026-09-01
1,"assess","TOR_20260901_1_PA017","TOR_20260901_1",2026-09-01
1,"assess","TOR_20260901_1_PA018","TOR_20260901_1",2026-09-01
1,"assess","TOR_20260901_1_PA019","TOR_20260901_1",2026-09-01
1,"assess","TOR_20260901_1_PA020","TOR_20260901_1",2026-09-01
1,"assess","TOR_20260901_1_PA021","TOR_20260901_1",2026-09-01
1,"assess","TOR_20260901_1_PA022","TOR_20260901_1",2026-09-01
1,"assess","TOR_20260901_1_PA023","TOR_20260901_1",2026-09-01
1,"assess","TOR_20260901_1_PA024","TOR_20260901_1",2026-09-01
1,"assess","TOR_20260901_1_PA025","TOR_20260901_1",2026-09-01
1,"assess","TOR_20260901_1_PA026","TOR_20260901_1",2026-09-01
1,"assess","TOR_20260901_1_PA027","TOR_20260901_1",2026-09-01
1,"assess","TOR_20260901_1_PA028","TOR_20260901_1",2026-09-01
1,"assess","TOR_20260901_1_PA029","TOR_20260901_1",2026-09-01
1,"assess","TOR_20260901_1_PA030","TOR_20260901_1",2026-09-01
1,"assess","TOR_20260901_1_PA031","TOR_20260901_1",2026-09-01
1,"assess","TOR_20260901_1_PA032","TOR_20260901_1",2026-09-01
1,"assess","TOR_20260902_1_PA001","TOR_20260902_1",2026-09-02
1,"assess","TOR_20260902_1_PA002","TOR_20260902_1",2026-09-02
1,"assess","TOR_20260902_1_PA003","TOR_20260902_1",2026-09-02
1,"assess","TOR_20260902_1_PA004","TOR_20260902_1",2026-09-02
1,"assess","TOR_20260902_1_PA005","TOR_20260902_1",2026-09-02
1,"assess","TOR_20260902_1_PA006","TOR_20260902_1",2026-09-02
1,"assess","TOR_20260902_1_PA007","TOR_20260902_1",2026-09-02
1,"assess","TOR_20260902_1_PA008","TOR_20260902_1",2026-09-02
1,"assess","TOR_20260902_1_PA009","TOR_20260902_1",2026-09-02
1,"assess","TOR_20260902_1_PA010","TOR_20260902_1",2026-09-02
1,"assess","TOR_20260902_1_PA011","TOR_20260902_1",2026-09-02
1,"assess","TOR_20260902_1_PA012","TOR_20260902_1",2026-09-02
1,"assess","TOR_20260902_1_PA013","TOR_20260902_1",2026-09-02
1,"assess","TOR_20260902_1_PA014","TOR_20260902_1",2026-09-02
1,"assess","TOR_20260902_1_PA015","TOR_20260902_1",2026-09-02
1,"assess","TOR_20260902_1_PA016","TOR_20260902_1",2026-09-02
1,"assess","TOR_20260902_1_PA017","TOR_20260902_1",2026-09-02
1,"assess","TOR_20260902_1_PA018","TOR_20260902_1",2026-09-02
1,"assess","TOR_20260902_1_PA019","TOR_20260902_1",2026-09-02
1,"assess","TOR_20260902_1_PA020","TOR_20260902_1",2026-09-02
1,"assess","TOR_20260902_1_PA021","TOR_20260902_1",2026-09-02
1,"assess","TOR_20260902_1_PA022","TOR_20260902_1",2026-09-02
1,"assess","TOR_20260902_1_PA023","TOR_20260902_1",2026-09-02
1,"assess","TOR_20260902_1_PA024","TOR_20260902_1",2026-09-02
1,"assess","TOR_20260902_1_PA025","TOR_20260902_1",2026-09-02
1,"assess","TOR_20260902_1_PA026","TOR_20260902_1",2026-09-02
1,"assess","TOR_20260902_1_PA027","TOR_20260902_1",2026-09-02
1,"assess","TOR_20260902_1_PA028","TOR_20260902_1",2026-09-02
1,"assess","TOR_20260902_1_PA029","TOR_20260902_1",2026-09-02
1,"assess","TOR_20260902_1_PA030","TOR_20260902_1",2026-09-02
1,"assess","TOR_20260902_1_PA031","TOR_20260902_1",2026-09-02
1,"assess","TOR_20260902_1_PA032","TOR_20260902_1",2026-09-02
1,"assess","TOR_20260902_1_PA033","TOR_20260902_1",2026-09-02
1,"assess","TOR_20260902_1_PA034","TOR_20260902_1",2026-09-02
1,"assess","TOR_20260902_1_PA035","TOR_20260902_1",2026-09-02
1,"assess","TOR_20260902_1_PA036","TOR_20260902_1",2026-09-02
1,"assess","TOR_20260902_1_PA037","TOR_20260902_1",2026-09-02
1,"assess","TOR_20260902_1_PA038","TOR_20260902_1",2026-09-02
1,"assess","TOR_20260902_1_PA040","TOR_20260902_1",2026-09-02
1,"assess","TOR_20260902_1_PA041","TOR_20260902_1",2026-09-02
1,"assess","TOR_20260902_1_PA042","TOR_20260902_1",2026-09-02
1,"assess","TOR_20260902_1_PA043","TOR_20260902_1",2026-09-02
1,"assess","TOR_20260902_1_PA044","TOR_20260902_1",2026-09-02
2,"fit","TOR_20260814_1_PA001","TOR_20260814_1",2026-08-14
2,"fit","TOR_20260814_1_PA003","TOR_20260814_1",2026-08-14
2,"fit","TOR_20260814_1_PA004","TOR_20260814_1",2026-08-14
2,"fit","TOR_20260814_1_PA005","TOR_20260814_1",2026-08-14
2,"fit","TOR_20260814_1_PA006","TOR_20260814_1",2026-08-14
2,"fit","TOR_20260814_1_PA007","TOR_20260814_1",2026-08-14
2,"fit","TOR_20260814_1_PA008","TOR_20260814_1",2026-08-14
2,"fit","TOR_20260814_1_PA009","TOR_20260814_1",2026-08-14
2,"fit","TOR_20260814_1_PA010","TOR_20260814_1",2026-08-14
2,"fit","TOR_20260814_1_PA011","TOR_20260814_1",2026-08-14
2,"fit","TOR_20260814_1_PA012","TOR_20260814_1",2026-08-14
2,"fit","TOR_20260814_1_PA013","TOR_20260814_1",2026-08-14
2,"fit","TOR_20260814_1_PA014","TOR_20260814_1",2026-08-14
2,"fit","TOR_20260814_1_PA015","TOR_20260814_1",2026-08-14
2,"fit","TOR_20260814_1_PA016","TOR_20260814_1",2026-08-14
2,"fit","TOR_20260814_1_PA017","TOR_20260814_1",2026-08-14
2,"fit","TOR_20260814_1_PA018","TOR_20260814_1",2026-08-14
2,"fit","TOR_20260814_1_PA019","TOR_20260814_1",2026-08-14
2,"fit","TOR_20260814_1_PA020","TOR_20260814_1",2026-08-14
2,"fit","TOR_20260814_1_PA021","TOR_20260814_1",2026-08-14
2,"fit","TOR_20260814_1_PA022","TOR_20260814_1",2026-08-14
2,"fit","TOR_20260814_1_PA023","TOR_20260814_1",2026-08-14
2,"fit","TOR_20260814_1_PA024","TOR_20260814_1",2026-08-14
2,"fit","TOR_20260814_1_PA025","TOR_20260814_1",2026-08-14
2,"fit","TOR_20260814_1_PA026","TOR_20260814_1",2026-08-14
2,"fit","TOR_20260814_1_PA027","TOR_20260814_1",2026-08-14
2,"fit","TOR_20260814_1_PA028","TOR_20260814_1",2026-08-14
2,"fit","TOR_20260814_1_PA029","TOR_20260814_1",2026-08-14
2,"fit","TOR_20260814_1_PA030","TOR_20260814_1",2026-08-14
2,"fit","TOR_20260814_1_PA031","TOR_20260814_1",2026-08-14
2,"fit","TOR_20260814_1_PA032","TOR_20260814_1",2026-08-14
2,"fit","TOR_20260815_1_PA001","TOR_20260815_1",2026-08-15
2,"fit","TOR_20260815_1_PA002","TOR_20260815_1",2026-08-15
2,"fit","TOR_20260815_1_PA003","TOR_20260815_1",2026-08-15
2,"fit","TOR_20260815_1_PA004","TOR_20260815_1",2026-08-15
2,"fit","TOR_20260815_1_PA005","TOR_20260815_1",2026-08-15
2,"fit","TOR_20260815_1_PA006","TOR_20260815_1",2026-08-15
2,"fit","TOR_20260815_1_PA007","TOR_20260815_1",2026-08-15
2,"fit","TOR_20260815_1_PA008","TOR_20260815_1",2026-08-15
2,"fit","TOR_20260815_1_PA009","TOR_20260815_1",2026-08-15
2,"fit","TOR_20260815_1_PA010","TOR_20260815_1",2026-08-15
2,"fit","TOR_20260815_1_PA011","TOR_20260815_1",2026-08-15
2,"fit","TOR_20260815_1_PA012","TOR_20260815_1",2026-08-15
2,"fit","TOR_20260815_1_PA013","TOR_20260815_1",2026-08-15
2,"fit","TOR_20260815_1_PA014","TOR_20260815_1",2026-08-15
2,"fit","TOR_20260815_1_PA015","TOR_20260815_1",2026-08-15
2,"fit","TOR_20260815_1_PA016","TOR_20260815_1",2026-08-15
2,"fit","TOR_20260815_1_PA017","TOR_20260815_1",2026-08-15
2,"fit","TOR_20260815_1_PA018","TOR_20260815_1",2026-08-15
2,"fit","TOR_20260815_1_PA019","TOR_20260815_1",2026-08-15
2,"fit","TOR_20260815_1_PA020","TOR_20260815_1",2026-08-15
2,"fit","TOR_20260815_1_PA021","TOR_20260815_1",2026-08-15
2,"fit","TOR_20260815_1_PA022","TOR_20260815_1",2026-08-15
2,"fit","TOR_20260815_1_PA023","TOR_20260815_1",2026-08-15
2,"fit","TOR_20260815_1_PA024","TOR_20260815_1",2026-08-15
2,"fit","TOR_20260815_1_PA025","TOR_20260815_1",2026-08-15
2,"fit","TOR_20260815_1_PA026","TOR_20260815_1",2026-08-15
2,"fit","TOR_20260815_1_PA027","TOR_20260815_1",2026-08-15
2,"fit","TOR_20260815_1_PA028","TOR_20260815_1",2026-08-15
2,"fit","TOR_20260815_1_PA029","TOR_20260815_1",2026-08-15
2,"fit","TOR_20260815_1_PA030","TOR_20260815_1",2026-08-15
2,"fit","TOR_20260815_1_PA031","TOR_20260815_1",2026-08-15
2,"fit","TOR_20260815_1_PA032","TOR_20260815_1",2026-08-15
2,"fit","TOR_20260815_1_PA033","TOR_20260815_1",2026-08-15
2,"fit","TOR_20260815_1_PA034","TOR_20260815_1",2026-08-15
2,"fit","TOR_20260815_1_PA035","TOR_20260815_1",2026-08-15
2,"fit","TOR_20260815_1_PA036","TOR_20260815_1",2026-08-15
2,"fit","TOR_20260815_1_PA037","TOR_20260815_1",2026-08-15
2,"fit","TOR_20260815_1_PA038","TOR_20260815_1",2026-08-15
2,"fit","TOR_20260816_1_PA001","TOR_20260816_1",2026-08-16
2,"fit","TOR_20260816_1_PA002","TOR_20260816_1",2026-08-16
2,"fit","TOR_20260816_1_PA003","TOR_20260816_1",2026-08-16
2,"fit","TOR_20260816_1_PA004","TOR_20260816_1",2026-08-16
2,"fit","TOR_20260816_1_PA005","TOR_20260816_1",2026-08-16
2,"fit","TOR_20260816_1_PA006","TOR_20260816_1",2026-08-16
2,"fit","TOR_20260816_1_PA007","TOR_20260816_1",2026-08-16
2,"fit","TOR_20260816_1_PA008","TOR_20260816_1",2026-08-16
2,"fit","TOR_20260816_1_PA009","TOR_20260816_1",2026-08-16
2,"fit","TOR_20260816_1_PA010","TOR_20260816_1",2026-08-16
2,"fit","TOR_20260816_1_PA011","TOR_20260816_1",2026-08-16
2,"fit","TOR_20260816_1_PA012","TOR_20260816_1",2026-08-16
2,"fit","TOR_20260816_1_PA013","TOR_20260816_1",2026-08-16
2,"fit","TOR_20260816_1_PA014","TOR_20260816_1",2026-08-16
2,"fit","TOR_20260816_1_PA015","TOR_20260816_1",2026-08-16
2,"fit","TOR_20260816_1_PA016","TOR_20260816_1",2026-08-16
2,"fit","TOR_20260816_1_PA017","TOR_20260816_1",2026-08-16
2,"fit","TOR_20260816_1_PA018","TOR_20260816_1",2026-08-16
2,"fit","TOR_20260816_1_PA019","TOR_20260816_1",2026-08-16
2,"fit","TOR_20260816_1_PA020","TOR_20260816_1",2026-08-16
2,"fit","TOR_20260816_1_PA021","TOR_20260816_1",2026-08-16
2,"fit","TOR_20260816_1_PA022","TOR_20260816_1",2026-08-16
2,"fit","TOR_20260816_1_PA023","TOR_20260816_1",2026-08-16
2,"fit","TOR_20260816_1_PA024","TOR_20260816_1",2026-08-16
2,"fit","TOR_20260816_1_PA025","TOR_20260816_1",2026-08-16
2,"fit","TOR_20260816_1_PA026","TOR_20260816_1",2026-08-16
2,"fit","TOR_20260816_1_PA027","TOR_20260816_1",2026-08-16
2,"fit","TOR_20260816_1_PA028","TOR_20260816_1",2026-08-16
2,"fit","TOR_20260816_1_PA029","TOR_20260816_1",2026-08-16
2,"fit","TOR_20260816_1_PA030","TOR_20260816_1",2026-08-16
2,"fit","TOR_20260816_1_PA031","TOR_20260816_1",2026-08-16
2,"fit","TOR_20260816_1_PA032","TOR_20260816_1",2026-08-16
2,"fit","TOR_20260816_1_PA033","TOR_20260816_1",2026-08-16
2,"fit","TOR_20260816_1_PA034","TOR_20260816_1",2026-08-16
2,"fit","TOR_20260816_1_PA035","TOR_20260816_1",2026-08-16
2,"fit","TOR_20260816_1_PA036","TOR_20260816_1",2026-08-16
2,"fit","TOR_20260816_1_PA037","TOR_20260816_1",2026-08-16
2,"fit","TOR_20260818_1_PA001","TOR_20260818_1",2026-08-18
2,"fit","TOR_20260818_1_PA002","TOR_20260818_1",2026-08-18
2,"fit","TOR_20260818_1_PA003","TOR_20260818_1",2026-08-18
2,"fit","TOR_20260818_1_PA004","TOR_20260818_1",2026-08-18
2,"fit","TOR_20260818_1_PA005","TOR_20260818_1",2026-08-18
2,"fit","TOR_20260818_1_PA006","TOR_20260818_1",2026-08-18
2,"fit","TOR_20260818_1_PA007","TOR_20260818_1",2026-08-18
2,"fit","TOR_20260818_1_PA008","TOR_20260818_1",2026-08-18
2,"fit","TOR_20260818_1_PA009","TOR_20260818_1",2026-08-18
2,"fit","TOR_20260818_1_PA010","TOR_20260818_1",2026-08-18
2,"fit","TOR_20260818_1_PA011","TOR_20260818_1",2026-08-18
2,"fit","TOR_20260818_1_PA012","TOR_20260818_1",2026-08-18
2,"fit","TOR_20260818_1_PA013","TOR_20260818_1",2026-08-18
2,"fit","TOR_20260818_1_PA014","TOR_20260818_1",2026-08-18
2,"fit","TOR_20260818_1_PA015","TOR_20260818_1",2026-08-18
2,"fit","TOR_20260818_1_PA016","TOR_20260818_1",2026-08-18
2,"fit","TOR_20260818_1_PA017","TOR_20260818_1",2026-08-18
2,"fit","TOR_20260818_1_PA018","TOR_20260818_1",2026-08-18
2,"fit","TOR_20260818_1_PA019","TOR_20260818_1",2026-08-18
2,"fit","TOR_20260818_1_PA020","TOR_20260818_1",2026-08-18
2,"fit","TOR_20260818_1_PA021","TOR_20260818_1",2026-08-18
2,"fit","TOR_20260818_1_PA022","TOR_20260818_1",2026-08-18
2,"fit","TOR_20260818_1_PA023","TOR_20260818_1",2026-08-18
2,"fit","TOR_20260818_1_PA024","TOR_20260818_1",2026-08-18
2,"fit","TOR_20260818_1_PA025","TOR_20260818_1",2026-08-18
2,"fit","TOR_20260818_1_PA026","TOR_20260818_1",2026-08-18
2,"fit","TOR_20260818_1_PA027","TOR_20260818_1",2026-08-18
2,"fit","TOR_20260818_1_PA028","TOR_20260818_1",2026-08-18
2,"fit","TOR_20260818_1_PA029","TOR_20260818_1",2026-08-18
2,"fit","TOR_20260818_1_PA030","TOR_20260818_1",2026-08-18
2,"fit","TOR_20260818_1_PA031","TOR_20260818_1",2026-08-18
2,"fit","TOR_20260818_1_PA032","TOR_20260818_1",2026-08-18
2,"fit","TOR_20260818_1_PA033","TOR_20260818_1",2026-08-18
2,"fit","TOR_20260818_1_PA034","TOR_20260818_1",2026-08-18
2,"fit","TOR_20260818_1_PA035","TOR_20260818_1",2026-08-18
2,"fit","TOR_20260818_1_PA036","TOR_20260818_1",2026-08-18
2,"fit","TOR_20260818_1_PA037","TOR_20260818_1",2026-08-18
2,"fit","TOR_20260818_1_PA038","TOR_20260818_1",2026-08-18
2,"fit","TOR_20260818_1_PA039","TOR_20260818_1",2026-08-18
2,"fit","TOR_20260818_1_PA040","TOR_20260818_1",2026-08-18
2,"fit","TOR_20260818_1_PA041","TOR_20260818_1",2026-08-18
2,"fit","TOR_20260818_1_PA042","TOR_20260818_1",2026-08-18
2,"fit","TOR_20260818_1_PA043","TOR_20260818_1",2026-08-18
2,"fit","TOR_20260818_1_PA044","TOR_20260818_1",2026-08-18
2,"fit","TOR_20260818_1_PA045","TOR_20260818_1",2026-08-18
2,"fit","TOR_20260818_1_PA046","TOR_20260818_1",2026-08-18
2,"fit","TOR_20260818_1_PA047","TOR_20260818_1",2026-08-18
2,"fit","TOR_20260818_1_PA048","TOR_20260818_1",2026-08-18
2,"fit","TOR_20260819_1_PA001","TOR_20260819_1",2026-08-19
2,"fit","TOR_20260819_1_PA002","TOR_20260819_1",2026-08-19
2,"fit","TOR_20260819_1_PA003","TOR_20260819_1",2026-08-19
2,"fit","TOR_20260819_1_PA004","TOR_20260819_1",2026-08-19
2,"fit","TOR_20260819_1_PA005","TOR_20260819_1",2026-08-19
2,"fit","TOR_20260819_1_PA006","TOR_20260819_1",2026-08-19
2,"fit","TOR_20260819_1_PA007","TOR_20260819_1",2026-08-19
2,"fit","TOR_20260819_1_PA008","TOR_20260819_1",2026-08-19
2,"fit","TOR_20260819_1_PA009","TOR_20260819_1",2026-08-19
2,"fit","TOR_20260819_1_PA010","TOR_20260819_1",2026-08-19
2,"fit","TOR_20260819_1_PA011","TOR_20260819_1",2026-08-19
2,"fit","TOR_20260819_1_PA012","TOR_20260819_1",2026-08-19
2,"fit","TOR_20260819_1_PA013","TOR_20260819_1",2026-08-19
2,"fit","TOR_20260819_1_PA014","TOR_20260819_1",2026-08-19
2,"fit","TOR_20260819_1_PA015","TOR_20260819_1",2026-08-19
2,"fit","TOR_20260819_1_PA016","TOR_20260819_1",2026-08-19
2,"fit","TOR_20260819_1_PA017","TOR_20260819_1",2026-08-19
2,"fit","TOR_20260819_1_PA018","TOR_20260819_1",2026-08-19
2,"fit","TOR_20260819_1_PA019","TOR_20260819_1",2026-08-19
2,"fit","TOR_20260819_1_PA020","TOR_20260819_1",2026-08-19
2,"fit","TOR_20260819_1_PA021","TOR_20260819_1",2026-08-19
2,"fit","TOR_20260819_1_PA022","TOR_20260819_1",2026-08-19
2,"fit","TOR_20260819_1_PA023","TOR_20260819_1",2026-08-19
2,"fit","TOR_20260819_1_PA024","TOR_20260819_1",2026-08-19
2,"fit","TOR_20260819_1_PA025","TOR_20260819_1",2026-08-19
2,"fit","TOR_20260819_1_PA026","TOR_20260819_1",2026-08-19
2,"fit","TOR_20260819_1_PA027","TOR_20260819_1",2026-08-19
2,"fit","TOR_20260819_1_PA028","TOR_20260819_1",2026-08-19
2,"fit","TOR_20260819_1_PA029","TOR_20260819_1",2026-08-19
2,"fit","TOR_20260819_1_PA030","TOR_20260819_1",2026-08-19
2,"fit","TOR_20260819_1_PA031","TOR_20260819_1",2026-08-19
2,"fit","TOR_20260819_1_PA032","TOR_20260819_1",2026-08-19
2,"fit","TOR_20260819_1_PA033","TOR_20260819_1",2026-08-19
2,"fit","TOR_20260819_1_PA034","TOR_20260819_1",2026-08-19
2,"fit","TOR_20260819_1_PA035","TOR_20260819_1",2026-08-19
2,"fit","TOR_20260819_1_PA036","TOR_20260819_1",2026-08-19
2,"fit","TOR_20260819_1_PA037","TOR_20260819_1",2026-08-19
2,"fit","TOR_20260819_1_PA038","TOR_20260819_1",2026-08-19
2,"fit","TOR_20260819_1_PA039","TOR_20260819_1",2026-08-19
2,"fit","TOR_20260820_1_PA001","TOR_20260820_1",2026-08-20
2,"fit","TOR_20260820_1_PA002","TOR_20260820_1",2026-08-20
2,"fit","TOR_20260820_1_PA003","TOR_20260820_1",2026-08-20
2,"fit","TOR_20260820_1_PA004","TOR_20260820_1",2026-08-20
2,"fit","TOR_20260820_1_PA005","TOR_20260820_1",2026-08-20
2,"fit","TOR_20260820_1_PA006","TOR_20260820_1",2026-08-20
2,"fit","TOR_20260820_1_PA007","TOR_20260820_1",2026-08-20
2,"fit","TOR_20260820_1_PA008","TOR_20260820_1",2026-08-20
2,"fit","TOR_20260820_1_PA009","TOR_20260820_1",2026-08-20
2,"fit","TOR_20260820_1_PA010","TOR_20260820_1",2026-08-20
2,"fit","TOR_20260820_1_PA011","TOR_20260820_1",2026-08-20
2,"fit","TOR_20260820_1_PA012","TOR_20260820_1",2026-08-20
2,"fit","TOR_20260820_1_PA013","TOR_20260820_1",2026-08-20
2,"fit","TOR_20260820_1_PA014","TOR_20260820_1",2026-08-20
2,"fit","TOR_20260820_1_PA015","TOR_20260820_1",2026-08-20
2,"fit","TOR_20260820_1_PA016","TOR_20260820_1",2026-08-20
2,"fit","TOR_20260820_1_PA017","TOR_20260820_1",2026-08-20
2,"fit","TOR_20260820_1_PA018","TOR_20260820_1",2026-08-20
2,"fit","TOR_20260820_1_PA019","TOR_20260820_1",2026-08-20
2,"fit","TOR_20260820_1_PA020","TOR_20260820_1",2026-08-20
2,"fit","TOR_20260820_1_PA021","TOR_20260820_1",2026-08-20
2,"fit","TOR_20260820_1_PA022","TOR_20260820_1",2026-08-20
2,"fit","TOR_20260820_1_PA023","TOR_20260820_1",2026-08-20
2,"fit","TOR_20260820_1_PA024","TOR_20260820_1",2026-08-20
2,"fit","TOR_20260820_1_PA025","TOR_20260820_1",2026-08-20
2,"fit","TOR_20260820_1_PA026","TOR_20260820_1",2026-08-20
2,"fit","TOR_20260820_1_PA027","TOR_20260820_1",2026-08-20
2,"fit","TOR_20260820_1_PA028","TOR_20260820_1",2026-08-20
2,"fit","TOR_20260820_1_PA029","TOR_20260820_1",2026-08-20
2,"fit","TOR_20260820_1_PA031","TOR_20260820_1",2026-08-20
2,"fit","TOR_20260820_1_PA032","TOR_20260820_1",2026-08-20
2,"fit","TOR_20260820_1_PA033","TOR_20260820_1",2026-08-20
2,"fit","TOR_20260820_1_PA034","TOR_20260820_1",2026-08-20
2,"fit","TOR_20260820_1_PA035","TOR_20260820_1",2026-08-20
2,"fit","TOR_20260820_1_PA036","TOR_20260820_1",2026-08-20
2,"fit","TOR_20260820_1_PA037","TOR_20260820_1",2026-08-20
2,"fit","TOR_20260820_1_PA038","TOR_20260820_1",2026-08-20
2,"fit","TOR_20260820_1_PA039","TOR_20260820_1",2026-08-20
2,"fit","TOR_20260820_1_PA040","TOR_20260820_1",2026-08-20
2,"fit","TOR_20260821_1_PA001","TOR_20260821_1",2026-08-21
2,"fit","TOR_20260821_1_PA002","TOR_20260821_1",2026-08-21
2,"fit","TOR_20260821_1_PA003","TOR_20260821_1",2026-08-21
2,"fit","TOR_20260821_1_PA004","TOR_20260821_1",2026-08-21
2,"fit","TOR_20260821_1_PA005","TOR_20260821_1",2026-08-21
2,"fit","TOR_20260821_1_PA006","TOR_20260821_1",2026-08-21
2,"fit","TOR_20260821_1_PA007","TOR_20260821_1",2026-08-21
2,"fit","TOR_20260821_1_PA008","TOR_20260821_1",2026-08-21
2,"fit","TOR_20260821_1_PA009","TOR_20260821_1",2026-08-21
2,"fit","TOR_20260821_1_PA010","TOR_20260821_1",2026-08-21
2,"fit","TOR_20260821_1_PA011","TOR_20260821_1",2026-08-21
2,"fit","TOR_20260821_1_PA012","TOR_20260821_1",2026-08-21
2,"fit","TOR_20260821_1_PA013","TOR_20260821_1",2026-08-21
2,"fit","TOR_20260821_1_PA014","TOR_20260821_1",2026-08-21
2,"fit","TOR_20260821_1_PA015","TOR_20260821_1",2026-08-21
2,"fit","TOR_20260821_1_PA016","TOR_20260821_1",2026-08-21
2,"fit","TOR_20260821_1_PA017","TOR_20260821_1",2026-08-21
2,"fit","TOR_20260821_1_PA018","TOR_20260821_1",2026-08-21
2,"fit","TOR_20260821_1_PA019","TOR_20260821_1",2026-08-21
2,"fit","TOR_20260821_1_PA020","TOR_20260821_1",2026-08-21
2,"fit","TOR_20260821_1_PA021","TOR_20260821_1",2026-08-21
2,"fit","TOR_20260821_1_PA022","TOR_20260821_1",2026-08-21
2,"fit","TOR_20260821_1_PA023","TOR_20260821_1",2026-08-21
2,"fit","TOR_20260821_1_PA024","TOR_20260821_1",2026-08-21
2,"fit","TOR_20260821_1_PA025","TOR_20260821_1",2026-08-21
2,"fit","TOR_20260821_1_PA026","TOR_20260821_1",2026-08-21
2,"fit","TOR_20260821_1_PA027","TOR_20260821_1",2026-08-21
2,"fit","TOR_20260821_1_PA028","TOR_20260821_1",2026-08-21
2,"fit","TOR_20260821_1_PA029","TOR_20260821_1",2026-08-21
2,"fit","TOR_20260821_1_PA030","TOR_20260821_1",2026-08-21
2,"fit","TOR_20260821_1_PA031","TOR_20260821_1",2026-08-21
2,"fit","TOR_20260821_1_PA032","TOR_20260821_1",2026-08-21
2,"fit","TOR_20260821_1_PA033","TOR_20260821_1",2026-08-21
2,"fit","TOR_20260821_1_PA034","TOR_20260821_1",2026-08-21
2,"fit","TOR_20260821_1_PA035","TOR_20260821_1",2026-08-21
2,"fit","TOR_20260821_1_PA036","TOR_20260821_1",2026-08-21
2,"fit","TOR_20260821_1_PA037","TOR_20260821_1",2026-08-21
2,"fit","TOR_20260822_1_PA001","TOR_20260822_1",2026-08-22
2,"fit","TOR_20260822_1_PA002","TOR_20260822_1",2026-08-22
2,"fit","TOR_20260822_1_PA003","TOR_20260822_1",2026-08-22
2,"fit","TOR_20260822_1_PA004","TOR_20260822_1",2026-08-22
2,"fit","TOR_20260822_1_PA005","TOR_20260822_1",2026-08-22
2,"fit","TOR_20260822_1_PA006","TOR_20260822_1",2026-08-22
2,"fit","TOR_20260822_1_PA007","TOR_20260822_1",2026-08-22
2,"fit","TOR_20260822_1_PA008","TOR_20260822_1",2026-08-22
2,"fit","TOR_20260822_1_PA009","TOR_20260822_1",2026-08-22
2,"fit","TOR_20260822_1_PA010","TOR_20260822_1",2026-08-22
2,"fit","TOR_20260822_1_PA011","TOR_20260822_1",2026-08-22
2,"fit","TOR_20260822_1_PA012","TOR_20260822_1",2026-08-22
2,"fit","TOR_20260822_1_PA013","TOR_20260822_1",2026-08-22
2,"fit","TOR_20260822_1_PA014","TOR_20260822_1",2026-08-22
2,"fit","TOR_20260822_1_PA015","TOR_20260822_1",2026-08-22
2,"fit","TOR_20260822_1_PA016","TOR_20260822_1",2026-08-22
2,"fit","TOR_20260822_1_PA017","TOR_20260822_1",2026-08-22
2,"fit","TOR_20260822_1_PA018","TOR_20260822_1",2026-08-22
2,"fit","TOR_20260822_1_PA019","TOR_20260822_1",2026-08-22
2,"fit","TOR_20260822_1_PA020","TOR_20260822_1",2026-08-22
2,"fit","TOR_20260822_1_PA021","TOR_20260822_1",2026-08-22
2,"fit","TOR_20260822_1_PA022","TOR_20260822_1",2026-08-22
2,"fit","TOR_20260822_1_PA023","TOR_20260822_1",2026-08-22
2,"fit","TOR_20260822_1_PA024","TOR_20260822_1",2026-08-22
2,"fit","TOR_20260822_1_PA025","TOR_20260822_1",2026-08-22
2,"fit","TOR_20260822_1_PA026","TOR_20260822_1",2026-08-22
2,"fit","TOR_20260822_1_PA027","TOR_20260822_1",2026-08-22
2,"fit","TOR_20260822_1_PA028","TOR_20260822_1",2026-08-22
2,"fit","TOR_20260822_1_PA029","TOR_20260822_1",2026-08-22
2,"fit","TOR_20260822_1_PA030","TOR_20260822_1",2026-08-22
2,"fit","TOR_20260822_1_PA031","TOR_20260822_1",2026-08-22
2,"fit","TOR_20260822_1_PA032","TOR_20260822_1",2026-08-22
2,"fit","TOR_20260822_1_PA033","TOR_20260822_1",2026-08-22
2,"fit","TOR_20260822_1_PA034","TOR_20260822_1",2026-08-22
2,"fit","TOR_20260822_1_PA035","TOR_20260822_1",2026-08-22
2,"fit","TOR_20260822_1_PA036","TOR_20260822_1",2026-08-22
2,"fit","TOR_20260822_1_PA037","TOR_20260822_1",2026-08-22
2,"fit","TOR_20260822_1_PA038","TOR_20260822_1",2026-08-22
2,"fit","TOR_20260822_1_PA039","TOR_20260822_1",2026-08-22
2,"fit","TOR_20260822_1_PA040","TOR_20260822_1",2026-08-22
2,"fit","TOR_20260822_1_PA041","TOR_20260822_1",2026-08-22
2,"fit","TOR_20260822_1_PA042","TOR_20260822_1",2026-08-22
2,"fit","TOR_20260822_1_PA043","TOR_20260822_1",2026-08-22
2,"fit","TOR_20260823_1_PA001","TOR_20260823_1",2026-08-23
2,"fit","TOR_20260823_1_PA002","TOR_20260823_1",2026-08-23
2,"fit","TOR_20260823_1_PA003","TOR_20260823_1",2026-08-23
2,"fit","TOR_20260823_1_PA004","TOR_20260823_1",2026-08-23
2,"fit","TOR_20260823_1_PA005","TOR_20260823_1",2026-08-23
2,"fit","TOR_20260823_1_PA006","TOR_20260823_1",2026-08-23
2,"fit","TOR_20260823_1_PA007","TOR_20260823_1",2026-08-23
2,"fit","TOR_20260823_1_PA008","TOR_20260823_1",2026-08-23
2,"fit","TOR_20260823_1_PA009","TOR_20260823_1",2026-08-23
2,"fit","TOR_20260823_1_PA010","TOR_20260823_1",2026-08-23
2,"fit","TOR_20260823_1_PA011","TOR_20260823_1",2026-08-23
2,"fit","TOR_20260823_1_PA012","TOR_20260823_1",2026-08-23
2,"fit","TOR_20260823_1_PA013","TOR_20260823_1",2026-08-23
2,"fit","TOR_20260823_1_PA014","TOR_20260823_1",2026-08-23
2,"fit","TOR_20260823_1_PA015","TOR_20260823_1",2026-08-23
2,"fit","TOR_20260823_1_PA016","TOR_20260823_1",2026-08-23
2,"fit","TOR_20260823_1_PA017","TOR_20260823_1",2026-08-23
2,"fit","TOR_20260823_1_PA018","TOR_20260823_1",2026-08-23
2,"fit","TOR_20260823_1_PA019","TOR_20260823_1",2026-08-23
2,"fit","TOR_20260823_1_PA020","TOR_20260823_1",2026-08-23
2,"fit","TOR_20260823_1_PA021","TOR_20260823_1",2026-08-23
2,"fit","TOR_20260823_1_PA022","TOR_20260823_1",2026-08-23
2,"fit","TOR_20260823_1_PA023","TOR_20260823_1",2026-08-23
2,"fit","TOR_20260823_1_PA024","TOR_20260823_1",2026-08-23
2,"fit","TOR_20260823_1_PA025","TOR_20260823_1",2026-08-23
2,"fit","TOR_20260823_1_PA026","TOR_20260823_1",2026-08-23
2,"fit","TOR_20260823_1_PA027","TOR_20260823_1",2026-08-23
2,"fit","TOR_20260823_1_PA028","TOR_20260823_1",2026-08-23
2,"fit","TOR_20260823_1_PA029","TOR_20260823_1",2026-08-23
2,"fit","TOR_20260823_1_PA030","TOR_20260823_1",2026-08-23
2,"fit","TOR_20260823_1_PA031","TOR_20260823_1",2026-08-23
2,"fit","TOR_20260823_1_PA032","TOR_20260823_1",2026-08-23
2,"fit","TOR_20260823_1_PA033","TOR_20260823_1",2026-08-23
2,"fit","TOR_20260823_1_PA034","TOR_20260823_1",2026-08-23
2,"fit","TOR_20260823_1_PA035","TOR_20260823_1",2026-08-23
2,"fit","TOR_20260825_1_PA001","TOR_20260825_1",2026-08-25
2,"fit","TOR_20260825_1_PA002","TOR_20260825_1",2026-08-25
2,"fit","TOR_20260825_1_PA003","TOR_20260825_1",2026-08-25
2,"fit","TOR_20260825_1_PA004","TOR_20260825_1",2026-08-25
2,"fit","TOR_20260825_1_PA005","TOR_20260825_1",2026-08-25
2,"fit","TOR_20260825_1_PA006","TOR_20260825_1",2026-08-25
2,"fit","TOR_20260825_1_PA007","TOR_20260825_1",2026-08-25
2,"fit","TOR_20260825_1_PA008","TOR_20260825_1",2026-08-25
2,"fit","TOR_20260825_1_PA009","TOR_20260825_1",2026-08-25
2,"fit","TOR_20260825_1_PA010","TOR_20260825_1",2026-08-25
2,"fit","TOR_20260825_1_PA011","TOR_20260825_1",2026-08-25
2,"fit","TOR_20260825_1_PA012","TOR_20260825_1",2026-08-25
2,"fit","TOR_20260825_1_PA013","TOR_20260825_1",2026-08-25
2,"fit","TOR_20260825_1_PA014","TOR_20260825_1",2026-08-25
2,"fit","TOR_20260825_1_PA015","TOR_20260825_1",2026-08-25
2,"fit","TOR_20260825_1_PA016","TOR_20260825_1",2026-08-25
2,"fit","TOR_20260825_1_PA017","TOR_20260825_1",2026-08-25
2,"fit","TOR_20260825_1_PA018","TOR_20260825_1",2026-08-25
2,"fit","TOR_20260825_1_PA019","TOR_20260825_1",2026-08-25
2,"fit","TOR_20260825_1_PA020","TOR_20260825_1",2026-08-25
2,"fit","TOR_20260825_1_PA021","TOR_20260825_1",2026-08-25
2,"fit","TOR_20260825_1_PA022","TOR_20260825_1",2026-08-25
2,"fit","TOR_20260825_1_PA023","TOR_20260825_1",2026-08-25
2,"fit","TOR_20260825_1_PA024","TOR_20260825_1",2026-08-25
2,"fit","TOR_20260825_1_PA025","TOR_20260825_1",2026-08-25
2,"fit","TOR_20260825_1_PA026","TOR_20260825_1",2026-08-25
2,"fit","TOR_20260825_1_PA027","TOR_20260825_1",2026-08-25
2,"fit","TOR_20260825_1_PA028","TOR_20260825_1",2026-08-25
2,"fit","TOR_20260825_1_PA029","TOR_20260825_1",2026-08-25
2,"fit","TOR_20260825_1_PA030","TOR_20260825_1",2026-08-25
2,"fit","TOR_20260825_1_PA031","TOR_20260825_1",2026-08-25
2,"fit","TOR_20260825_1_PA032","TOR_20260825_1",2026-08-25
2,"fit","TOR_20260825_1_PA033","TOR_20260825_1",2026-08-25
2,"fit","TOR_20260825_1_PA034","TOR_20260825_1",2026-08-25
2,"fit","TOR_20260825_1_PA035","TOR_20260825_1",2026-08-25
2,"fit","TOR_20260825_1_PA036","TOR_20260825_1",2026-08-25
2,"fit","TOR_20260825_1_PA037","TOR_20260825_1",2026-08-25
2,"fit","TOR_20260825_1_PA038","TOR_20260825_1",2026-08-25
2,"fit","TOR_20260826_1_PA001","TOR_20260826_1",2026-08-26
2,"fit","TOR_20260826_1_PA002","TOR_20260826_1",2026-08-26
2,"fit","TOR_20260826_1_PA003","TOR_20260826_1",2026-08-26
2,"fit","TOR_20260826_1_PA004","TOR_20260826_1",2026-08-26
2,"fit","TOR_20260826_1_PA005","TOR_20260826_1",2026-08-26
2,"fit","TOR_20260826_1_PA006","TOR_20260826_1",2026-08-26
2,"fit","TOR_20260826_1_PA007","TOR_20260826_1",2026-08-26
2,"fit","TOR_20260826_1_PA008","TOR_20260826_1",2026-08-26
2,"fit","TOR_20260826_1_PA009","TOR_20260826_1",2026-08-26
2,"fit","TOR_20260826_1_PA010","TOR_20260826_1",2026-08-26
2,"fit","TOR_20260826_1_PA011","TOR_20260826_1",2026-08-26
2,"fit","TOR_20260826_1_PA012","TOR_20260826_1",2026-08-26
2,"fit","TOR_20260826_1_PA013","TOR_20260826_1",2026-08-26
2,"fit","TOR_20260826_1_PA014","TOR_20260826_1",2026-08-26
2,"fit","TOR_20260826_1_PA015","TOR_20260826_1",2026-08-26
2,"fit","TOR_20260826_1_PA016","TOR_20260826_1",2026-08-26
2,"fit","TOR_20260826_1_PA017","TOR_20260826_1",2026-08-26
2,"fit","TOR_20260826_1_PA018","TOR_20260826_1",2026-08-26
2,"fit","TOR_20260826_1_PA019","TOR_20260826_1",2026-08-26
2,"fit","TOR_20260826_1_PA020","TOR_20260826_1",2026-08-26
2,"fit","TOR_20260826_1_PA021","TOR_20260826_1",2026-08-26
2,"fit","TOR_20260826_1_PA022","TOR_20260826_1",2026-08-26
2,"fit","TOR_20260826_1_PA023","TOR_20260826_1",2026-08-26
2,"fit","TOR_20260826_1_PA024","TOR_20260826_1",2026-08-26
2,"fit","TOR_20260826_1_PA025","TOR_20260826_1",2026-08-26
2,"fit","TOR_20260826_1_PA026","TOR_20260826_1",2026-08-26
2,"fit","TOR_20260826_1_PA027","TOR_20260826_1",2026-08-26
2,"fit","TOR_20260826_1_PA028","TOR_20260826_1",2026-08-26
2,"fit","TOR_20260826_1_PA029","TOR_20260826_1",2026-08-26
2,"fit","TOR_20260826_1_PA030","TOR_20260826_1",2026-08-26
2,"fit","TOR_20260826_1_PA031","TOR_20260826_1",2026-08-26
2,"fit","TOR_20260827_1_PA001","TOR_20260827_1",2026-08-27
2,"fit","TOR_20260827_1_PA002","TOR_20260827_1",2026-08-27
2,"fit","TOR_20260827_1_PA003","TOR_20260827_1",2026-08-27
2,"fit","TOR_20260827_1_PA004","TOR_20260827_1",2026-08-27
2,"fit","TOR_20260827_1_PA005","TOR_20260827_1",2026-08-27
2,"fit","TOR_20260827_1_PA006","TOR_20260827_1",2026-08-27
2,"fit","TOR_20260827_1_PA007","TOR_20260827_1",2026-08-27
2,"fit","TOR_20260827_1_PA008","TOR_20260827_1",2026-08-27
2,"fit","TOR_20260827_1_PA009","TOR_20260827_1",2026-08-27
2,"fit","TOR_20260827_1_PA010","TOR_20260827_1",2026-08-27
2,"fit","TOR_20260827_1_PA011","TOR_20260827_1",2026-08-27
2,"fit","TOR_20260827_1_PA012","TOR_20260827_1",2026-08-27
2,"fit","TOR_20260827_1_PA013","TOR_20260827_1",2026-08-27
2,"fit","TOR_20260827_1_PA014","TOR_20260827_1",2026-08-27
2,"fit","TOR_20260827_1_PA015","TOR_20260827_1",2026-08-27
2,"fit","TOR_20260827_1_PA016","TOR_20260827_1",2026-08-27
2,"fit","TOR_20260827_1_PA017","TOR_20260827_1",2026-08-27
2,"fit","TOR_20260827_1_PA018","TOR_20260827_1",2026-08-27
2,"fit","TOR_20260827_1_PA019","TOR_20260827_1",2026-08-27
2,"fit","TOR_20260827_1_PA020","TOR_20260827_1",2026-08-27
2,"fit","TOR_20260827_1_PA021","TOR_20260827_1",2026-08-27
2,"fit","TOR_20260827_1_PA022","TOR_20260827_1",2026-08-27
2,"fit","TOR_20260827_1_PA023","TOR_20260827_1",2026-08-27
2,"fit","TOR_20260827_1_PA024","TOR_20260827_1",2026-08-27
2,"fit","TOR_20260827_1_PA025","TOR_20260827_1",2026-08-27
2,"fit","TOR_20260827_1_PA026","TOR_20260827_1",2026-08-27
2,"fit","TOR_20260827_1_PA027","TOR_20260827_1",2026-08-27
2,"fit","TOR_20260827_1_PA028","TOR_20260827_1",2026-08-27
2,"fit","TOR_20260827_1_PA029","TOR_20260827_1",2026-08-27
2,"fit","TOR_20260827_1_PA030","TOR_20260827_1",2026-08-27
2,"fit","TOR_20260827_1_PA031","TOR_20260827_1",2026-08-27
2,"fit","TOR_20260827_1_PA032","TOR_20260827_1",2026-08-27
2,"fit","TOR_20260827_1_PA033","TOR_20260827_1",2026-08-27
2,"fit","TOR_20260827_1_PA034","TOR_20260827_1",2026-08-27
2,"fit","TOR_20260827_1_PA035","TOR_20260827_1",2026-08-27
2,"fit","TOR_20260828_1_PA001","TOR_20260828_1",2026-08-28
2,"fit","TOR_20260828_1_PA002","TOR_20260828_1",2026-08-28
2,"fit","TOR_20260828_1_PA003","TOR_20260828_1",2026-08-28
2,"fit","TOR_20260828_1_PA004","TOR_20260828_1",2026-08-28
2,"fit","TOR_20260828_1_PA005","TOR_20260828_1",2026-08-28
2,"fit","TOR_20260828_1_PA006","TOR_20260828_1",2026-08-28
2,"fit","TOR_20260828_1_PA007","TOR_20260828_1",2026-08-28
2,"fit","TOR_20260828_1_PA008","TOR_20260828_1",2026-08-28
2,"fit","TOR_20260828_1_PA009","TOR_20260828_1",2026-08-28
2,"fit","TOR_20260828_1_PA010","TOR_20260828_1",2026-08-28
2,"fit","TOR_20260828_1_PA011","TOR_20260828_1",2026-08-28
2,"fit","TOR_20260828_1_PA012","TOR_20260828_1",2026-08-28
2,"fit","TOR_20260828_1_PA013","TOR_20260828_1",2026-08-28
2,"fit","TOR_20260828_1_PA014","TOR_20260828_1",2026-08-28
2,"fit","TOR_20260828_1_PA015","TOR_20260828_1",2026-08-28
2,"fit","TOR_20260828_1_PA016","TOR_20260828_1",2026-08-28
2,"fit","TOR_20260828_1_PA017","TOR_20260828_1",2026-08-28
2,"fit","TOR_20260828_1_PA018","TOR_20260828_1",2026-08-28
2,"fit","TOR_20260828_1_PA019","TOR_20260828_1",2026-08-28
2,"fit","TOR_20260828_1_PA020","TOR_20260828_1",2026-08-28
2,"fit","TOR_20260828_1_PA021","TOR_20260828_1",2026-08-28
2,"fit","TOR_20260828_1_PA022","TOR_20260828_1",2026-08-28
2,"fit","TOR_20260828_1_PA023","TOR_20260828_1",2026-08-28
2,"fit","TOR_20260828_1_PA024","TOR_20260828_1",2026-08-28
2,"fit","TOR_20260828_1_PA025","TOR_20260828_1",2026-08-28
2,"fit","TOR_20260828_1_PA026","TOR_20260828_1",2026-08-28
2,"fit","TOR_20260828_1_PA027","TOR_20260828_1",2026-08-28
2,"fit","TOR_20260828_1_PA028","TOR_20260828_1",2026-08-28
2,"fit","TOR_20260828_1_PA029","TOR_20260828_1",2026-08-28
2,"fit","TOR_20260828_1_PA030","TOR_20260828_1",2026-08-28
2,"fit","TOR_20260828_1_PA031","TOR_20260828_1",2026-08-28
2,"fit","TOR_20260828_1_PA032","TOR_20260828_1",2026-08-28
2,"fit","TOR_20260828_1_PA033","TOR_20260828_1",2026-08-28
2,"fit","TOR_20260828_1_PA034","TOR_20260828_1",2026-08-28
2,"fit","TOR_20260828_1_PA035","TOR_20260828_1",2026-08-28
2,"fit","TOR_20260828_1_PA036","TOR_20260828_1",2026-08-28
2,"fit","TOR_20260828_1_PA037","TOR_20260828_1",2026-08-28
2,"fit","TOR_20260828_1_PA038","TOR_20260828_1",2026-08-28
2,"fit","TOR_20260829_1_PA001","TOR_20260829_1",2026-08-29
2,"fit","TOR_20260829_1_PA002","TOR_20260829_1",2026-08-29
2,"fit","TOR_20260829_1_PA003","TOR_20260829_1",2026-08-29
2,"fit","TOR_20260829_1_PA004","TOR_20260829_1",2026-08-29
2,"fit","TOR_20260829_1_PA005","TOR_20260829_1",2026-08-29
2,"fit","TOR_20260829_1_PA006","TOR_20260829_1",2026-08-29
2,"fit","TOR_20260829_1_PA007","TOR_20260829_1",2026-08-29
2,"fit","TOR_20260829_1_PA008","TOR_20260829_1",2026-08-29
2,"fit","TOR_20260829_1_PA009","TOR_20260829_1",2026-08-29
2,"fit","TOR_20260829_1_PA010","TOR_20260829_1",2026-08-29
2,"fit","TOR_20260829_1_PA011","TOR_20260829_1",2026-08-29
2,"fit","TOR_20260829_1_PA012","TOR_20260829_1",2026-08-29
2,"fit","TOR_20260829_1_PA013","TOR_20260829_1",2026-08-29
2,"fit","TOR_20260829_1_PA014","TOR_20260829_1",2026-08-29
2,"fit","TOR_20260829_1_PA015","TOR_20260829_1",2026-08-29
2,"fit","TOR_20260829_1_PA016","TOR_20260829_1",2026-08-29
2,"fit","TOR_20260829_1_PA017","TOR_20260829_1",2026-08-29
2,"fit","TOR_20260829_1_PA018","TOR_20260829_1",2026-08-29
2,"fit","TOR_20260829_1_PA019","TOR_20260829_1",2026-08-29
2,"fit","TOR_20260829_1_PA020","TOR_20260829_1",2026-08-29
2,"fit","TOR_20260829_1_PA021","TOR_20260829_1",2026-08-29
2,"fit","TOR_20260829_1_PA022","TOR_20260829_1",2026-08-29
2,"fit","TOR_20260829_1_PA023","TOR_20260829_1",2026-08-29
2,"fit","TOR_20260829_1_PA024","TOR_20260829_1",2026-08-29
2,"fit","TOR_20260829_1_PA025","TOR_20260829_1",2026-08-29
2,"fit","TOR_20260829_1_PA026","TOR_20260829_1",2026-08-29
2,"fit","TOR_20260829_1_PA027","TOR_20260829_1",2026-08-29
2,"fit","TOR_20260829_1_PA028","TOR_20260829_1",2026-08-29
2,"fit","TOR_20260829_1_PA029","TOR_20260829_1",2026-08-29
2,"fit","TOR_20260829_1_PA030","TOR_20260829_1",2026-08-29
2,"fit","TOR_20260829_1_PA031","TOR_20260829_1",2026-08-29
2,"fit","TOR_20260829_1_PA032","TOR_20260829_1",2026-08-29
2,"fit","TOR_20260829_1_PA033","TOR_20260829_1",2026-08-29
2,"fit","TOR_20260829_1_PA034","TOR_20260829_1",2026-08-29
2,"fit","TOR_20260829_1_PA035","TOR_20260829_1",2026-08-29
2,"fit","TOR_20260829_1_PA036","TOR_20260829_1",2026-08-29
2,"fit","TOR_20260830_1_PA001","TOR_20260830_1",2026-08-30
2,"fit","TOR_20260830_1_PA002","TOR_20260830_1",2026-08-30
2,"fit","TOR_20260830_1_PA003","TOR_20260830_1",2026-08-30
2,"fit","TOR_20260830_1_PA004","TOR_20260830_1",2026-08-30
2,"fit","TOR_20260830_1_PA005","TOR_20260830_1",2026-08-30
2,"fit","TOR_20260830_1_PA006","TOR_20260830_1",2026-08-30
2,"fit","TOR_20260830_1_PA007","TOR_20260830_1",2026-08-30
2,"fit","TOR_20260830_1_PA008","TOR_20260830_1",2026-08-30
2,"fit","TOR_20260830_1_PA009","TOR_20260830_1",2026-08-30
2,"fit","TOR_20260830_1_PA010","TOR_20260830_1",2026-08-30
2,"fit","TOR_20260830_1_PA011","TOR_20260830_1",2026-08-30
2,"fit","TOR_20260830_1_PA012","TOR_20260830_1",2026-08-30
2,"fit","TOR_20260830_1_PA013","TOR_20260830_1",2026-08-30
2,"fit","TOR_20260830_1_PA014","TOR_20260830_1",2026-08-30
2,"fit","TOR_20260830_1_PA015","TOR_20260830_1",2026-08-30
2,"fit","TOR_20260830_1_PA016","TOR_20260830_1",2026-08-30
2,"fit","TOR_20260830_1_PA017","TOR_20260830_1",2026-08-30
2,"fit","TOR_20260830_1_PA018","TOR_20260830_1",2026-08-30
2,"fit","TOR_20260830_1_PA019","TOR_20260830_1",2026-08-30
2,"fit","TOR_20260830_1_PA020","TOR_20260830_1",2026-08-30
2,"fit","TOR_20260830_1_PA021","TOR_20260830_1",2026-08-30
2,"fit","TOR_20260830_1_PA022","TOR_20260830_1",2026-08-30
2,"fit","TOR_20260830_1_PA023","TOR_20260830_1",2026-08-30
2,"fit","TOR_20260830_1_PA024","TOR_20260830_1",2026-08-30
2,"fit","TOR_20260830_1_PA025","TOR_20260830_1",2026-08-30
2,"fit","TOR_20260830_1_PA026","TOR_20260830_1",2026-08-30
2,"fit","TOR_20260830_1_PA027","TOR_20260830_1",2026-08-30
2,"fit","TOR_20260830_1_PA028","TOR_20260830_1",2026-08-30
2,"fit","TOR_20260830_1_PA029","TOR_20260830_1",2026-08-30
2,"fit","TOR_20260830_1_PA030","TOR_20260830_1",2026-08-30
2,"fit","TOR_20260830_1_PA031","TOR_20260830_1",2026-08-30
2,"fit","TOR_20260830_1_PA032","TOR_20260830_1",2026-08-30
2,"fit","TOR_20260830_1_PA033","TOR_20260830_1",2026-08-30
2,"fit","TOR_20260830_1_PA034","TOR_20260830_1",2026-08-30
2,"fit","TOR_20260830_1_PA035","TOR_20260830_1",2026-08-30
2,"fit","TOR_20260830_1_PA036","TOR_20260830_1",2026-08-30
2,"fit","TOR_20260830_1_PA037","TOR_20260830_1",2026-08-30
2,"fit","TOR_20260830_1_PA038","TOR_20260830_1",2026-08-30
2,"fit","TOR_20260901_1_PA001","TOR_20260901_1",2026-09-01
2,"fit","TOR_20260901_1_PA002","TOR_20260901_1",2026-09-01
2,"fit","TOR_20260901_1_PA003","TOR_20260901_1",2026-09-01
2,"fit","TOR_20260901_1_PA004","TOR_20260901_1",2026-09-01
2,"fit","TOR_20260901_1_PA005","TOR_20260901_1",2026-09-01
2,"fit","TOR_20260901_1_PA006","TOR_20260901_1",2026-09-01
2,"fit","TOR_20260901_1_PA007","TOR_20260901_1",2026-09-01
2,"fit","TOR_20260901_1_PA008","TOR_20260901_1",2026-09-01
2,"fit","TOR_20260901_1_PA009","TOR_20260901_1",2026-09-01
2,"fit","TOR_20260901_1_PA010","TOR_20260901_1",2026-09-01
2,"fit","TOR_20260901_1_PA011","TOR_20260901_1",2026-09-01
2,"fit","TOR_20260901_1_PA012","TOR_20260901_1",2026-09-01
2,"fit","TOR_20260901_1_PA013","TOR_20260901_1",2026-09-01
2,"fit","TOR_20260901_1_PA014","TOR_20260901_1",2026-09-01
2,"fit","TOR_20260901_1_PA015","TOR_20260901_1",2026-09-01
2,"fit","TOR_20260901_1_PA016","TOR_20260901_1",2026-09-01
2,"fit","TOR_20260901_1_PA017","TOR_20260901_1",2026-09-01
2,"fit","TOR_20260901_1_PA018","TOR_20260901_1",2026-09-01
2,"fit","TOR_20260901_1_PA019","TOR_20260901_1",2026-09-01
2,"fit","TOR_20260901_1_PA020","TOR_20260901_1",2026-09-01
2,"fit","TOR_20260901_1_PA021","TOR_20260901_1",2026-09-01
2,"fit","TOR_20260901_1_PA022","TOR_20260901_1",2026-09-01
2,"fit","TOR_20260901_1_PA023","TOR_20260901_1",2026-09-01
2,"fit","TOR_20260901_1_PA024","TOR_20260901_1",2026-09-01
2,"fit","TOR_20260901_1_PA025","TOR_20260901_1",2026-09-01
2,"fit","TOR_20260901_1_PA026","TOR_20260901_1",2026-09-01
2,"fit","TOR_20260901_1_PA027","TOR_20260901_1",2026-09-01
2,"fit","TOR_20260901_1_PA028","TOR_20260901_1",2026-09-01
2,"fit","TOR_20260901_1_PA029","TOR_20260901_1",2026-09-01
2,"fit","TOR_20260901_1_PA030","TOR_20260901_1",2026-09-01
2,"fit","TOR_20260901_1_PA031","TOR_20260901_1",2026-09-01
2,"fit","TOR_20260901_1_PA032","TOR_20260901_1",2026-09-01
2,"fit","TOR_20260902_1_PA001","TOR_20260902_1",2026-09-02
2,"fit","TOR_20260902_1_PA002","TOR_20260902_1",2026-09-02
2,"fit","TOR_20260902_1_PA003","TOR_20260902_1",2026-09-02
2,"fit","TOR_20260902_1_PA004","TOR_20260902_1",2026-09-02
2,"fit","TOR_20260902_1_PA005","TOR_20260902_1",2026-09-02
2,"fit","TOR_20260902_1_PA006","TOR_20260902_1",2026-09-02
2,"fit","TOR_20260902_1_PA007","TOR_20260902_1",2026-09-02
2,"fit","TOR_20260902_1_PA008","TOR_20260902_1",2026-09-02
2,"fit","TOR_20260902_1_PA009","TOR_20260902_1",2026-09-02
2,"fit","TOR_20260902_1_PA010","TOR_20260902_1",2026-09-02
2,"fit","TOR_20260902_1_PA011","TOR_20260902_1",2026-09-02
2,"fit","TOR_20260902_1_PA012","TOR_20260902_1",2026-09-02
2,"fit","TOR_20260902_1_PA013","TOR_20260902_1",2026-09-02
2,"fit","TOR_20260902_1_PA014","TOR_20260902_1",2026-09-02
2,"fit","TOR_20260902_1_PA015","TOR_20260902_1",2026-09-02
2,"fit","TOR_20260902_1_PA016","TOR_20260902_1",2026-09-02
2,"fit","TOR_20260902_1_PA017","TOR_20260902_1",2026-09-02
2,"fit","TOR_20260902_1_PA018","TOR_20260902_1",2026-09-02
2,"fit","TOR_20260902_1_PA019","TOR_20260902_1",2026-09-02
2,"fit","TOR_20260902_1_PA020","TOR_20260902_1",2026-09-02
2,"fit","TOR_20260902_1_PA021","TOR_20260902_1",2026-09-02
2,"fit","TOR_20260902_1_PA022","TOR_20260902_1",2026-09-02
2,"fit","TOR_20260902_1_PA023","TOR_20260902_1",2026-09-02
2,"fit","TOR_20260902_1_PA024","TOR_20260902_1",2026-09-02
2,"fit","TOR_20260902_1_PA025","TOR_20260902_1",2026-09-02
2,"fit","TOR_20260902_1_PA026","TOR_20260902_1",2026-09-02
2,"fit","TOR_20260902_1_PA027","TOR_20260902_1",2026-09-02
2,"fit","TOR_20260902_1_PA028","TOR_20260902_1",2026-09-02
2,"fit","TOR_20260902_1_PA029","TOR_20260902_1",2026-09-02
2,"fit","TOR_20260902_1_PA030","TOR_20260902_1",2026-09-02
2,"fit","TOR_20260902_1_PA031","TOR_20260902_1",2026-09-02
2,"fit","TOR_20260902_1_PA032","TOR_20260902_1",2026-09-02
2,"fit","TOR_20260902_1_PA033","TOR_20260902_1",2026-09-02
2,"fit","TOR_20260902_1_PA034","TOR_20260902_1",2026-09-02
2,"fit","TOR_20260902_1_PA035","TOR_20260902_1",2026-09-02
2,"fit","TOR_20260902_1_PA036","TOR_20260902_1",2026-09-02
2,"fit","TOR_20260902_1_PA037","TOR_20260902_1",2026-09-02
2,"fit","TOR_20260902_1_PA038","TOR_20260902_1",2026-09-02
2,"fit","TOR_20260902_1_PA040","TOR_20260902_1",2026-09-02
2,"fit","TOR_20260902_1_PA041","TOR_20260902_1",2026-09-02
2,"fit","TOR_20260902_1_PA042","TOR_20260902_1",2026-09-02
2,"fit","TOR_20260902_1_PA043","TOR_20260902_1",2026-09-02
2,"fit","TOR_20260902_1_PA044","TOR_20260902_1",2026-09-02
2,"assess","TOR_20260903_1_PA001","TOR_20260903_1",2026-09-03
2,"assess","TOR_20260903_1_PA002","TOR_20260903_1",2026-09-03
2,"assess","TOR_20260903_1_PA003","TOR_20260903_1",2026-09-03
2,"assess","TOR_20260903_1_PA004","TOR_20260903_1",2026-09-03
2,"assess","TOR_20260903_1_PA005","TOR_20260903_1",2026-09-03
2,"assess","TOR_20260903_1_PA006","TOR_20260903_1",2026-09-03
2,"assess","TOR_20260903_1_PA007","TOR_20260903_1",2026-09-03
2,"assess","TOR_20260903_1_PA008","TOR_20260903_1",2026-09-03
2,"assess","TOR_20260903_1_PA009","TOR_20260903_1",2026-09-03
2,"assess","TOR_20260903_1_PA010","TOR_20260903_1",2026-09-03
2,"assess","TOR_20260903_1_PA011","TOR_20260903_1",2026-09-03
2,"assess","TOR_20260903_1_PA012","TOR_20260903_1",2026-09-03
2,"assess","TOR_20260903_1_PA013","TOR_20260903_1",2026-09-03
2,"assess","TOR_20260903_1_PA014","TOR_20260903_1",2026-09-03
2,"assess","TOR_20260903_1_PA015","TOR_20260903_1",2026-09-03
2,"assess","TOR_20260903_1_PA016","TOR_20260903_1",2026-09-03
2,"assess","TOR_20260903_1_PA017","TOR_20260903_1",2026-09-03
2,"assess","TOR_20260903_1_PA018","TOR_20260903_1",2026-09-03
2,"assess","TOR_20260903_1_PA019","TOR_20260903_1",2026-09-03
2,"assess","TOR_20260903_1_PA020","TOR_20260903_1",2026-09-03
2,"assess","TOR_20260903_1_PA021","TOR_20260903_1",2026-09-03
2,"assess","TOR_20260903_1_PA022","TOR_20260903_1",2026-09-03
2,"assess","TOR_20260903_1_PA023","TOR_20260903_1",2026-09-03
2,"assess","TOR_20260903_1_PA024","TOR_20260903_1",2026-09-03
2,"assess","TOR_20260903_1_PA025","TOR_20260903_1",2026-09-03
2,"assess","TOR_20260903_1_PA026","TOR_20260903_1",2026-09-03
2,"assess","TOR_20260903_1_PA027","TOR_20260903_1",2026-09-03
2,"assess","TOR_20260903_1_PA028","TOR_20260903_1",2026-09-03
2,"assess","TOR_20260903_1_PA029","TOR_20260903_1",2026-09-03
2,"assess","TOR_20260903_1_PA030","TOR_20260903_1",2026-09-03
2,"assess","TOR_20260903_1_PA031","TOR_20260903_1",2026-09-03
2,"assess","TOR_20260903_1_PA032","TOR_20260903_1",2026-09-03
2,"assess","TOR_20260903_1_PA033","TOR_20260903_1",2026-09-03
2,"assess","TOR_20260903_1_PA034","TOR_20260903_1",2026-09-03
2,"assess","TOR_20260903_1_PA035","TOR_20260903_1",2026-09-03
2,"assess","TOR_20260903_1_PA036","TOR_20260903_1",2026-09-03
2,"assess","TOR_20260903_1_PA037","TOR_20260903_1",2026-09-03
2,"assess","TOR_20260903_1_PA038","TOR_20260903_1",2026-09-03
2,"assess","TOR_20260903_1_PA039","TOR_20260903_1",2026-09-03
2,"assess","TOR_20260903_1_PA040","TOR_20260903_1",2026-09-03
2,"assess","TOR_20260903_1_PA041","TOR_20260903_1",2026-09-03
2,"assess","TOR_20260903_1_PA042","TOR_20260903_1",2026-09-03
2,"assess","TOR_20260903_1_PA043","TOR_20260903_1",2026-09-03
2,"assess","TOR_20260903_1_PA044","TOR_20260903_1",2026-09-03
2,"assess","TOR_20260904_1_PA001","TOR_20260904_1",2026-09-04
2,"assess","TOR_20260904_1_PA002","TOR_20260904_1",2026-09-04
2,"assess","TOR_20260904_1_PA003","TOR_20260904_1",2026-09-04
2,"assess","TOR_20260904_1_PA004","TOR_20260904_1",2026-09-04
2,"assess","TOR_20260904_1_PA005","TOR_20260904_1",2026-09-04
2,"assess","TOR_20260904_1_PA006","TOR_20260904_1",2026-09-04
2,"assess","TOR_20260904_1_PA007","TOR_20260904_1",2026-09-04
2,"assess","TOR_20260904_1_PA008","TOR_20260904_1",2026-09-04
2,"assess","TOR_20260904_1_PA009","TOR_20260904_1",2026-09-04
2,"assess","TOR_20260904_1_PA010","TOR_20260904_1",2026-09-04
2,"assess","TOR_20260904_1_PA011","TOR_20260904_1",2026-09-04
2,"assess","TOR_20260904_1_PA012","TOR_20260904_1",2026-09-04
2,"assess","TOR_20260904_1_PA013","TOR_20260904_1",2026-09-04
2,"assess","TOR_20260904_1_PA014","TOR_20260904_1",2026-09-04
2,"assess","TOR_20260904_1_PA015","TOR_20260904_1",2026-09-04
2,"assess","TOR_20260904_1_PA016","TOR_20260904_1",2026-09-04
2,"assess","TOR_20260904_1_PA017","TOR_20260904_1",2026-09-04
2,"assess","TOR_20260904_1_PA018","TOR_20260904_1",2026-09-04
2,"assess","TOR_20260904_1_PA019","TOR_20260904_1",2026-09-04
2,"assess","TOR_20260904_1_PA020","TOR_20260904_1",2026-09-04
2,"assess","TOR_20260904_1_PA021","TOR_20260904_1",2026-09-04
2,"assess","TOR_20260904_1_PA022","TOR_20260904_1",2026-09-04
2,"assess","TOR_20260904_1_PA023","TOR_20260904_1",2026-09-04
2,"assess","TOR_20260904_1_PA024","TOR_20260904_1",2026-09-04
2,"assess","TOR_20260904_1_PA025","TOR_20260904_1",2026-09-04
2,"assess","TOR_20260904_1_PA026","TOR_20260904_1",2026-09-04
2,"assess","TOR_20260904_1_PA027","TOR_20260904_1",2026-09-04
2,"assess","TOR_20260904_1_PA028","TOR_20260904_1",2026-09-04
2,"assess","TOR_20260904_1_PA029","TOR_20260904_1",2026-09-04
2,"assess","TOR_20260904_1_PA030","TOR_20260904_1",2026-09-04
2,"assess","TOR_20260904_1_PA031","TOR_20260904_1",2026-09-04
2,"assess","TOR_20260904_1_PA032","TOR_20260904_1",2026-09-04
2,"assess","TOR_20260904_1_PA033","TOR_20260904_1",2026-09-04
2,"assess","TOR_20260904_1_PA034","TOR_20260904_1",2026-09-04
2,"assess","TOR_20260904_1_PA035","TOR_20260904_1",2026-09-04
2,"assess","TOR_20260904_1_PA036","TOR_20260904_1",2026-09-04
2,"assess","TOR_20260904_1_PA037","TOR_20260904_1",2026-09-04
2,"assess","TOR_20260904_1_PA038","TOR_20260904_1",2026-09-04
2,"assess","TOR_20260904_1_PA039","TOR_20260904_1",2026-09-04
2,"assess","TOR_20260904_1_PA040","TOR_20260904_1",2026-09-04
2,"assess","TOR_20260904_1_PA041","TOR_20260904_1",2026-09-04
2,"assess","TOR_20260904_1_PA042","TOR_20260904_1",2026-09-04
2,"assess","TOR_20260904_1_PA043","TOR_20260904_1",2026-09-04
2,"assess","TOR_20260905_1_PA001","TOR_20260905_1",2026-09-05
2,"assess","TOR_20260905_1_PA002","TOR_20260905_1",2026-09-05
2,"assess","TOR_20260905_1_PA003","TOR_20260905_1",2026-09-05
2,"assess","TOR_20260905_1_PA004","TOR_20260905_1",2026-09-05
2,"assess","TOR_20260905_1_PA005","TOR_20260905_1",2026-09-05
2,"assess","TOR_20260905_1_PA006","TOR_20260905_1",2026-09-05
2,"assess","TOR_20260905_1_PA007","TOR_20260905_1",2026-09-05
2,"assess","TOR_20260905_1_PA008","TOR_20260905_1",2026-09-05
2,"assess","TOR_20260905_1_PA009","TOR_20260905_1",2026-09-05
2,"assess","TOR_20260905_1_PA010","TOR_20260905_1",2026-09-05
2,"assess","TOR_20260905_1_PA011","TOR_20260905_1",2026-09-05
2,"assess","TOR_20260905_1_PA012","TOR_20260905_1",2026-09-05
2,"assess","TOR_20260905_1_PA013","TOR_20260905_1",2026-09-05
2,"assess","TOR_20260905_1_PA014","TOR_20260905_1",2026-09-05
2,"assess","TOR_20260905_1_PA015","TOR_20260905_1",2026-09-05
2,"assess","TOR_20260905_1_PA016","TOR_20260905_1",2026-09-05
2,"assess","TOR_20260905_1_PA017","TOR_20260905_1",2026-09-05
2,"assess","TOR_20260905_1_PA018","TOR_20260905_1",2026-09-05
2,"assess","TOR_20260905_1_PA019","TOR_20260905_1",2026-09-05
2,"assess","TOR_20260905_1_PA020","TOR_20260905_1",2026-09-05
2,"assess","TOR_20260905_1_PA021","TOR_20260905_1",2026-09-05
2,"assess","TOR_20260905_1_PA022","TOR_20260905_1",2026-09-05
2,"assess","TOR_20260905_1_PA023","TOR_20260905_1",2026-09-05
2,"assess","TOR_20260905_1_PA024","TOR_20260905_1",2026-09-05
2,"assess","TOR_20260905_1_PA025","TOR_20260905_1",2026-09-05
2,"assess","TOR_20260905_1_PA026","TOR_20260905_1",2026-09-05
2,"assess","TOR_20260905_1_PA027","TOR_20260905_1",2026-09-05
2,"assess","TOR_20260905_1_PA028","TOR_20260905_1",2026-09-05
2,"assess","TOR_20260905_1_PA029","TOR_20260905_1",2026-09-05
2,"assess","TOR_20260905_1_PA030","TOR_20260905_1",2026-09-05
2,"assess","TOR_20260905_1_PA031","TOR_20260905_1",2026-09-05
2,"assess","TOR_20260905_1_PA032","TOR_20260905_1",2026-09-05
2,"assess","TOR_20260905_1_PA033","TOR_20260905_1",2026-09-05
2,"assess","TOR_20260905_1_PA034","TOR_20260905_1",2026-09-05
2,"assess","TOR_20260905_1_PA035","TOR_20260905_1",2026-09-05
2,"assess","TOR_20260905_1_PA036","TOR_20260905_1",2026-09-05
2,"assess","TOR_20260905_1_PA037","TOR_20260905_1",2026-09-05
2,"assess","TOR_20260905_1_PA038","TOR_20260905_1",2026-09-05
2,"assess","TOR_20260905_1_PA039","TOR_20260905_1",2026-09-05
2,"assess","TOR_20260905_1_PA040","TOR_20260905_1",2026-09-05
2,"assess","TOR_20260905_1_PA041","TOR_20260905_1",2026-09-05
2,"assess","TOR_20260905_1_PA042","TOR_20260905_1",2026-09-05
2,"assess","TOR_20260906_1_PA001","TOR_20260906_1",2026-09-06
2,"assess","TOR_20260906_1_PA002","TOR_20260906_1",2026-09-06
2,"assess","TOR_20260906_1_PA003","TOR_20260906_1",2026-09-06
2,"assess","TOR_20260906_1_PA004","TOR_20260906_1",2026-09-06
2,"assess","TOR_20260906_1_PA005","TOR_20260906_1",2026-09-06
2,"assess","TOR_20260906_1_PA006","TOR_20260906_1",2026-09-06
2,"assess","TOR_20260906_1_PA007","TOR_20260906_1",2026-09-06
2,"assess","TOR_20260906_1_PA008","TOR_20260906_1",2026-09-06
2,"assess","TOR_20260906_1_PA009","TOR_20260906_1",2026-09-06
2,"assess","TOR_20260906_1_PA010","TOR_20260906_1",2026-09-06
2,"assess","TOR_20260906_1_PA011","TOR_20260906_1",2026-09-06
2,"assess","TOR_20260906_1_PA012","TOR_20260906_1",2026-09-06
2,"assess","TOR_20260906_1_PA013","TOR_20260906_1",2026-09-06
2,"assess","TOR_20260906_1_PA014","TOR_20260906_1",2026-09-06
2,"assess","TOR_20260906_1_PA015","TOR_20260906_1",2026-09-06
2,"assess","TOR_20260906_1_PA016","TOR_20260906_1",2026-09-06
2,"assess","TOR_20260906_1_PA017","TOR_20260906_1",2026-09-06
2,"assess","TOR_20260906_1_PA018","TOR_20260906_1",2026-09-06
2,"assess","TOR_20260906_1_PA019","TOR_20260906_1",2026-09-06
2,"assess","TOR_20260906_1_PA020","TOR_20260906_1",2026-09-06
2,"assess","TOR_20260906_1_PA021","TOR_20260906_1",2026-09-06
2,"assess","TOR_20260906_1_PA022","TOR_20260906_1",2026-09-06
2,"assess","TOR_20260906_1_PA023","TOR_20260906_1",2026-09-06
2,"assess","TOR_20260906_1_PA024","TOR_20260906_1",2026-09-06
2,"assess","TOR_20260906_1_PA025","TOR_20260906_1",2026-09-06
2,"assess","TOR_20260906_1_PA026","TOR_20260906_1",2026-09-06
2,"assess","TOR_20260906_1_PA027","TOR_20260906_1",2026-09-06
2,"assess","TOR_20260906_1_PA028","TOR_20260906_1",2026-09-06
2,"assess","TOR_20260906_1_PA029","TOR_20260906_1",2026-09-06
2,"assess","TOR_20260906_1_PA030","TOR_20260906_1",2026-09-06
2,"assess","TOR_20260906_1_PA031","TOR_20260906_1",2026-09-06
2,"assess","TOR_20260906_1_PA032","TOR_20260906_1",2026-09-06
2,"assess","TOR_20260906_1_PA033","TOR_20260906_1",2026-09-06
2,"assess","TOR_20260906_1_PA034","TOR_20260906_1",2026-09-06
2,"assess","TOR_20260907_1_PA001","TOR_20260907_1",2026-09-07
2,"assess","TOR_20260907_1_PA002","TOR_20260907_1",2026-09-07
2,"assess","TOR_20260907_1_PA003","TOR_20260907_1",2026-09-07
2,"assess","TOR_20260907_1_PA004","TOR_20260907_1",2026-09-07
2,"assess","TOR_20260907_1_PA005","TOR_20260907_1",2026-09-07
2,"assess","TOR_20260907_1_PA006","TOR_20260907_1",2026-09-07
2,"assess","TOR_20260907_1_PA007","TOR_20260907_1",2026-09-07
2,"assess","TOR_20260907_1_PA008","TOR_20260907_1",2026-09-07
2,"assess","TOR_20260907_1_PA009","TOR_20260907_1",2026-09-07
2,"assess","TOR_20260907_1_PA010","TOR_20260907_1",2026-09-07
2,"assess","TOR_20260907_1_PA011","TOR_20260907_1",2026-09-07
2,"assess","TOR_20260907_1_PA012","TOR_20260907_1",2026-09-07
2,"assess","TOR_20260907_1_PA013","TOR_20260907_1",2026-09-07
2,"assess","TOR_20260907_1_PA014","TOR_20260907_1",2026-09-07
2,"assess","TOR_20260907_1_PA015","TOR_20260907_1",2026-09-07
2,"assess","TOR_20260907_1_PA016","TOR_20260907_1",2026-09-07
2,"assess","TOR_20260907_1_PA017","TOR_20260907_1",2026-09-07
2,"assess","TOR_20260907_1_PA018","TOR_20260907_1",2026-09-07
2,"assess","TOR_20260907_1_PA019","TOR_20260907_1",2026-09-07
2,"assess","TOR_20260907_1_PA020","TOR_20260907_1",2026-09-07
2,"assess","TOR_20260907_1_PA021","TOR_20260907_1",2026-09-07
2,"assess","TOR_20260907_1_PA022","TOR_20260907_1",2026-09-07
2,"assess","TOR_20260907_1_PA023","TOR_20260907_1",2026-09-07
2,"assess","TOR_20260907_1_PA024","TOR_20260907_1",2026-09-07
2,"assess","TOR_20260907_1_PA025","TOR_20260907_1",2026-09-07
2,"assess","TOR_20260907_1_PA026","TOR_20260907_1",2026-09-07
2,"assess","TOR_20260907_1_PA027","TOR_20260907_1",2026-09-07
2,"assess","TOR_20260907_1_PA028","TOR_20260907_1",2026-09-07
2,"assess","TOR_20260907_1_PA029","TOR_20260907_1",2026-09-07
2,"assess","TOR_20260907_1_PA030","TOR_20260907_1",2026-09-07
2,"assess","TOR_20260907_1_PA031","TOR_20260907_1",2026-09-07
2,"assess","TOR_20260907_1_PA032","TOR_20260907_1",2026-09-07
2,"assess","TOR_20260907_1_PA033","TOR_20260907_1",2026-09-07
2,"assess","TOR_20260907_1_PA034","TOR_20260907_1",2026-09-07
2,"assess","TOR_20260907_1_PA035","TOR_20260907_1",2026-09-07
2,"assess","TOR_20260907_1_PA036","TOR_20260907_1",2026-09-07
2,"assess","TOR_20260907_1_PA037","TOR_20260907_1",2026-09-07
2,"assess","TOR_20260907_1_PA038","TOR_20260907_1",2026-09-07
3,"fit","TOR_20260814_1_PA001","TOR_20260814_1",2026-08-14
3,"fit","TOR_20260814_1_PA003","TOR_20260814_1",2026-08-14
3,"fit","TOR_20260814_1_PA004","TOR_20260814_1",2026-08-14
3,"fit","TOR_20260814_1_PA005","TOR_20260814_1",2026-08-14
3,"fit","TOR_20260814_1_PA006","TOR_20260814_1",2026-08-14
3,"fit","TOR_20260814_1_PA007","TOR_20260814_1",2026-08-14
3,"fit","TOR_20260814_1_PA008","TOR_20260814_1",2026-08-14
3,"fit","TOR_20260814_1_PA009","TOR_20260814_1",2026-08-14
3,"fit","TOR_20260814_1_PA010","TOR_20260814_1",2026-08-14
3,"fit","TOR_20260814_1_PA011","TOR_20260814_1",2026-08-14
3,"fit","TOR_20260814_1_PA012","TOR_20260814_1",2026-08-14
3,"fit","TOR_20260814_1_PA013","TOR_20260814_1",2026-08-14
3,"fit","TOR_20260814_1_PA014","TOR_20260814_1",2026-08-14
3,"fit","TOR_20260814_1_PA015","TOR_20260814_1",2026-08-14
3,"fit","TOR_20260814_1_PA016","TOR_20260814_1",2026-08-14
3,"fit","TOR_20260814_1_PA017","TOR_20260814_1",2026-08-14
3,"fit","TOR_20260814_1_PA018","TOR_20260814_1",2026-08-14
3,"fit","TOR_20260814_1_PA019","TOR_20260814_1",2026-08-14
3,"fit","TOR_20260814_1_PA020","TOR_20260814_1",2026-08-14
3,"fit","TOR_20260814_1_PA021","TOR_20260814_1",2026-08-14
3,"fit","TOR_20260814_1_PA022","TOR_20260814_1",2026-08-14
3,"fit","TOR_20260814_1_PA023","TOR_20260814_1",2026-08-14
3,"fit","TOR_20260814_1_PA024","TOR_20260814_1",2026-08-14
3,"fit","TOR_20260814_1_PA025","TOR_20260814_1",2026-08-14
3,"fit","TOR_20260814_1_PA026","TOR_20260814_1",2026-08-14
3,"fit","TOR_20260814_1_PA027","TOR_20260814_1",2026-08-14
3,"fit","TOR_20260814_1_PA028","TOR_20260814_1",2026-08-14
3,"fit","TOR_20260814_1_PA029","TOR_20260814_1",2026-08-14
3,"fit","TOR_20260814_1_PA030","TOR_20260814_1",2026-08-14
3,"fit","TOR_20260814_1_PA031","TOR_20260814_1",2026-08-14
3,"fit","TOR_20260814_1_PA032","TOR_20260814_1",2026-08-14
3,"fit","TOR_20260815_1_PA001","TOR_20260815_1",2026-08-15
3,"fit","TOR_20260815_1_PA002","TOR_20260815_1",2026-08-15
3,"fit","TOR_20260815_1_PA003","TOR_20260815_1",2026-08-15
3,"fit","TOR_20260815_1_PA004","TOR_20260815_1",2026-08-15
3,"fit","TOR_20260815_1_PA005","TOR_20260815_1",2026-08-15
3,"fit","TOR_20260815_1_PA006","TOR_20260815_1",2026-08-15
3,"fit","TOR_20260815_1_PA007","TOR_20260815_1",2026-08-15
3,"fit","TOR_20260815_1_PA008","TOR_20260815_1",2026-08-15
3,"fit","TOR_20260815_1_PA009","TOR_20260815_1",2026-08-15
3,"fit","TOR_20260815_1_PA010","TOR_20260815_1",2026-08-15
3,"fit","TOR_20260815_1_PA011","TOR_20260815_1",2026-08-15
3,"fit","TOR_20260815_1_PA012","TOR_20260815_1",2026-08-15
3,"fit","TOR_20260815_1_PA013","TOR_20260815_1",2026-08-15
3,"fit","TOR_20260815_1_PA014","TOR_20260815_1",2026-08-15
3,"fit","TOR_20260815_1_PA015","TOR_20260815_1",2026-08-15
3,"fit","TOR_20260815_1_PA016","TOR_20260815_1",2026-08-15
3,"fit","TOR_20260815_1_PA017","TOR_20260815_1",2026-08-15
3,"fit","TOR_20260815_1_PA018","TOR_20260815_1",2026-08-15
3,"fit","TOR_20260815_1_PA019","TOR_20260815_1",2026-08-15
3,"fit","TOR_20260815_1_PA020","TOR_20260815_1",2026-08-15
3,"fit","TOR_20260815_1_PA021","TOR_20260815_1",2026-08-15
3,"fit","TOR_20260815_1_PA022","TOR_20260815_1",2026-08-15
3,"fit","TOR_20260815_1_PA023","TOR_20260815_1",2026-08-15
3,"fit","TOR_20260815_1_PA024","TOR_20260815_1",2026-08-15
3,"fit","TOR_20260815_1_PA025","TOR_20260815_1",2026-08-15
3,"fit","TOR_20260815_1_PA026","TOR_20260815_1",2026-08-15
3,"fit","TOR_20260815_1_PA027","TOR_20260815_1",2026-08-15
3,"fit","TOR_20260815_1_PA028","TOR_20260815_1",2026-08-15
3,"fit","TOR_20260815_1_PA029","TOR_20260815_1",2026-08-15
3,"fit","TOR_20260815_1_PA030","TOR_20260815_1",2026-08-15
3,"fit","TOR_20260815_1_PA031","TOR_20260815_1",2026-08-15
3,"fit","TOR_20260815_1_PA032","TOR_20260815_1",2026-08-15
3,"fit","TOR_20260815_1_PA033","TOR_20260815_1",2026-08-15
3,"fit","TOR_20260815_1_PA034","TOR_20260815_1",2026-08-15
3,"fit","TOR_20260815_1_PA035","TOR_20260815_1",2026-08-15
3,"fit","TOR_20260815_1_PA036","TOR_20260815_1",2026-08-15
3,"fit","TOR_20260815_1_PA037","TOR_20260815_1",2026-08-15
3,"fit","TOR_20260815_1_PA038","TOR_20260815_1",2026-08-15
3,"fit","TOR_20260816_1_PA001","TOR_20260816_1",2026-08-16
3,"fit","TOR_20260816_1_PA002","TOR_20260816_1",2026-08-16
3,"fit","TOR_20260816_1_PA003","TOR_20260816_1",2026-08-16
3,"fit","TOR_20260816_1_PA004","TOR_20260816_1",2026-08-16
3,"fit","TOR_20260816_1_PA005","TOR_20260816_1",2026-08-16
3,"fit","TOR_20260816_1_PA006","TOR_20260816_1",2026-08-16
3,"fit","TOR_20260816_1_PA007","TOR_20260816_1",2026-08-16
3,"fit","TOR_20260816_1_PA008","TOR_20260816_1",2026-08-16
3,"fit","TOR_20260816_1_PA009","TOR_20260816_1",2026-08-16
3,"fit","TOR_20260816_1_PA010","TOR_20260816_1",2026-08-16
3,"fit","TOR_20260816_1_PA011","TOR_20260816_1",2026-08-16
3,"fit","TOR_20260816_1_PA012","TOR_20260816_1",2026-08-16
3,"fit","TOR_20260816_1_PA013","TOR_20260816_1",2026-08-16
3,"fit","TOR_20260816_1_PA014","TOR_20260816_1",2026-08-16
3,"fit","TOR_20260816_1_PA015","TOR_20260816_1",2026-08-16
3,"fit","TOR_20260816_1_PA016","TOR_20260816_1",2026-08-16
3,"fit","TOR_20260816_1_PA017","TOR_20260816_1",2026-08-16
3,"fit","TOR_20260816_1_PA018","TOR_20260816_1",2026-08-16
3,"fit","TOR_20260816_1_PA019","TOR_20260816_1",2026-08-16
3,"fit","TOR_20260816_1_PA020","TOR_20260816_1",2026-08-16
3,"fit","TOR_20260816_1_PA021","TOR_20260816_1",2026-08-16
3,"fit","TOR_20260816_1_PA022","TOR_20260816_1",2026-08-16
3,"fit","TOR_20260816_1_PA023","TOR_20260816_1",2026-08-16
3,"fit","TOR_20260816_1_PA024","TOR_20260816_1",2026-08-16
3,"fit","TOR_20260816_1_PA025","TOR_20260816_1",2026-08-16
3,"fit","TOR_20260816_1_PA026","TOR_20260816_1",2026-08-16
3,"fit","TOR_20260816_1_PA027","TOR_20260816_1",2026-08-16
3,"fit","TOR_20260816_1_PA028","TOR_20260816_1",2026-08-16
3,"fit","TOR_20260816_1_PA029","TOR_20260816_1",2026-08-16
3,"fit","TOR_20260816_1_PA030","TOR_20260816_1",2026-08-16
3,"fit","TOR_20260816_1_PA031","TOR_20260816_1",2026-08-16
3,"fit","TOR_20260816_1_PA032","TOR_20260816_1",2026-08-16
3,"fit","TOR_20260816_1_PA033","TOR_20260816_1",2026-08-16
3,"fit","TOR_20260816_1_PA034","TOR_20260816_1",2026-08-16
3,"fit","TOR_20260816_1_PA035","TOR_20260816_1",2026-08-16
3,"fit","TOR_20260816_1_PA036","TOR_20260816_1",2026-08-16
3,"fit","TOR_20260816_1_PA037","TOR_20260816_1",2026-08-16
3,"fit","TOR_20260818_1_PA001","TOR_20260818_1",2026-08-18
3,"fit","TOR_20260818_1_PA002","TOR_20260818_1",2026-08-18
3,"fit","TOR_20260818_1_PA003","TOR_20260818_1",2026-08-18
3,"fit","TOR_20260818_1_PA004","TOR_20260818_1",2026-08-18
3,"fit","TOR_20260818_1_PA005","TOR_20260818_1",2026-08-18
3,"fit","TOR_20260818_1_PA006","TOR_20260818_1",2026-08-18
3,"fit","TOR_20260818_1_PA007","TOR_20260818_1",2026-08-18
3,"fit","TOR_20260818_1_PA008","TOR_20260818_1",2026-08-18
3,"fit","TOR_20260818_1_PA009","TOR_20260818_1",2026-08-18
3,"fit","TOR_20260818_1_PA010","TOR_20260818_1",2026-08-18
3,"fit","TOR_20260818_1_PA011","TOR_20260818_1",2026-08-18
3,"fit","TOR_20260818_1_PA012","TOR_20260818_1",2026-08-18
3,"fit","TOR_20260818_1_PA013","TOR_20260818_1",2026-08-18
3,"fit","TOR_20260818_1_PA014","TOR_20260818_1",2026-08-18
3,"fit","TOR_20260818_1_PA015","TOR_20260818_1",2026-08-18
3,"fit","TOR_20260818_1_PA016","TOR_20260818_1",2026-08-18
3,"fit","TOR_20260818_1_PA017","TOR_20260818_1",2026-08-18
3,"fit","TOR_20260818_1_PA018","TOR_20260818_1",2026-08-18
3,"fit","TOR_20260818_1_PA019","TOR_20260818_1",2026-08-18
3,"fit","TOR_20260818_1_PA020","TOR_20260818_1",2026-08-18
3,"fit","TOR_20260818_1_PA021","TOR_20260818_1",2026-08-18
3,"fit","TOR_20260818_1_PA022","TOR_20260818_1",2026-08-18
3,"fit","TOR_20260818_1_PA023","TOR_20260818_1",2026-08-18
3,"fit","TOR_20260818_1_PA024","TOR_20260818_1",2026-08-18
3,"fit","TOR_20260818_1_PA025","TOR_20260818_1",2026-08-18
3,"fit","TOR_20260818_1_PA026","TOR_20260818_1",2026-08-18
3,"fit","TOR_20260818_1_PA027","TOR_20260818_1",2026-08-18
3,"fit","TOR_20260818_1_PA028","TOR_20260818_1",2026-08-18
3,"fit","TOR_20260818_1_PA029","TOR_20260818_1",2026-08-18
3,"fit","TOR_20260818_1_PA030","TOR_20260818_1",2026-08-18
3,"fit","TOR_20260818_1_PA031","TOR_20260818_1",2026-08-18
3,"fit","TOR_20260818_1_PA032","TOR_20260818_1",2026-08-18
3,"fit","TOR_20260818_1_PA033","TOR_20260818_1",2026-08-18
3,"fit","TOR_20260818_1_PA034","TOR_20260818_1",2026-08-18
3,"fit","TOR_20260818_1_PA035","TOR_20260818_1",2026-08-18
3,"fit","TOR_20260818_1_PA036","TOR_20260818_1",2026-08-18
3,"fit","TOR_20260818_1_PA037","TOR_20260818_1",2026-08-18
3,"fit","TOR_20260818_1_PA038","TOR_20260818_1",2026-08-18
3,"fit","TOR_20260818_1_PA039","TOR_20260818_1",2026-08-18
3,"fit","TOR_20260818_1_PA040","TOR_20260818_1",2026-08-18
3,"fit","TOR_20260818_1_PA041","TOR_20260818_1",2026-08-18
3,"fit","TOR_20260818_1_PA042","TOR_20260818_1",2026-08-18
3,"fit","TOR_20260818_1_PA043","TOR_20260818_1",2026-08-18
3,"fit","TOR_20260818_1_PA044","TOR_20260818_1",2026-08-18
3,"fit","TOR_20260818_1_PA045","TOR_20260818_1",2026-08-18
3,"fit","TOR_20260818_1_PA046","TOR_20260818_1",2026-08-18
3,"fit","TOR_20260818_1_PA047","TOR_20260818_1",2026-08-18
3,"fit","TOR_20260818_1_PA048","TOR_20260818_1",2026-08-18
3,"fit","TOR_20260819_1_PA001","TOR_20260819_1",2026-08-19
3,"fit","TOR_20260819_1_PA002","TOR_20260819_1",2026-08-19
3,"fit","TOR_20260819_1_PA003","TOR_20260819_1",2026-08-19
3,"fit","TOR_20260819_1_PA004","TOR_20260819_1",2026-08-19
3,"fit","TOR_20260819_1_PA005","TOR_20260819_1",2026-08-19
3,"fit","TOR_20260819_1_PA006","TOR_20260819_1",2026-08-19
3,"fit","TOR_20260819_1_PA007","TOR_20260819_1",2026-08-19
3,"fit","TOR_20260819_1_PA008","TOR_20260819_1",2026-08-19
3,"fit","TOR_20260819_1_PA009","TOR_20260819_1",2026-08-19
3,"fit","TOR_20260819_1_PA010","TOR_20260819_1",2026-08-19
3,"fit","TOR_20260819_1_PA011","TOR_20260819_1",2026-08-19
3,"fit","TOR_20260819_1_PA012","TOR_20260819_1",2026-08-19
3,"fit","TOR_20260819_1_PA013","TOR_20260819_1",2026-08-19
3,"fit","TOR_20260819_1_PA014","TOR_20260819_1",2026-08-19
3,"fit","TOR_20260819_1_PA015","TOR_20260819_1",2026-08-19
3,"fit","TOR_20260819_1_PA016","TOR_20260819_1",2026-08-19
3,"fit","TOR_20260819_1_PA017","TOR_20260819_1",2026-08-19
3,"fit","TOR_20260819_1_PA018","TOR_20260819_1",2026-08-19
3,"fit","TOR_20260819_1_PA019","TOR_20260819_1",2026-08-19
3,"fit","TOR_20260819_1_PA020","TOR_20260819_1",2026-08-19
3,"fit","TOR_20260819_1_PA021","TOR_20260819_1",2026-08-19
3,"fit","TOR_20260819_1_PA022","TOR_20260819_1",2026-08-19
3,"fit","TOR_20260819_1_PA023","TOR_20260819_1",2026-08-19
3,"fit","TOR_20260819_1_PA024","TOR_20260819_1",2026-08-19
3,"fit","TOR_20260819_1_PA025","TOR_20260819_1",2026-08-19
3,"fit","TOR_20260819_1_PA026","TOR_20260819_1",2026-08-19
3,"fit","TOR_20260819_1_PA027","TOR_20260819_1",2026-08-19
3,"fit","TOR_20260819_1_PA028","TOR_20260819_1",2026-08-19
3,"fit","TOR_20260819_1_PA029","TOR_20260819_1",2026-08-19
3,"fit","TOR_20260819_1_PA030","TOR_20260819_1",2026-08-19
3,"fit","TOR_20260819_1_PA031","TOR_20260819_1",2026-08-19
3,"fit","TOR_20260819_1_PA032","TOR_20260819_1",2026-08-19
3,"fit","TOR_20260819_1_PA033","TOR_20260819_1",2026-08-19
3,"fit","TOR_20260819_1_PA034","TOR_20260819_1",2026-08-19
3,"fit","TOR_20260819_1_PA035","TOR_20260819_1",2026-08-19
3,"fit","TOR_20260819_1_PA036","TOR_20260819_1",2026-08-19
3,"fit","TOR_20260819_1_PA037","TOR_20260819_1",2026-08-19
3,"fit","TOR_20260819_1_PA038","TOR_20260819_1",2026-08-19
3,"fit","TOR_20260819_1_PA039","TOR_20260819_1",2026-08-19
3,"fit","TOR_20260820_1_PA001","TOR_20260820_1",2026-08-20
3,"fit","TOR_20260820_1_PA002","TOR_20260820_1",2026-08-20
3,"fit","TOR_20260820_1_PA003","TOR_20260820_1",2026-08-20
3,"fit","TOR_20260820_1_PA004","TOR_20260820_1",2026-08-20
3,"fit","TOR_20260820_1_PA005","TOR_20260820_1",2026-08-20
3,"fit","TOR_20260820_1_PA006","TOR_20260820_1",2026-08-20
3,"fit","TOR_20260820_1_PA007","TOR_20260820_1",2026-08-20
3,"fit","TOR_20260820_1_PA008","TOR_20260820_1",2026-08-20
3,"fit","TOR_20260820_1_PA009","TOR_20260820_1",2026-08-20
3,"fit","TOR_20260820_1_PA010","TOR_20260820_1",2026-08-20
3,"fit","TOR_20260820_1_PA011","TOR_20260820_1",2026-08-20
3,"fit","TOR_20260820_1_PA012","TOR_20260820_1",2026-08-20
3,"fit","TOR_20260820_1_PA013","TOR_20260820_1",2026-08-20
3,"fit","TOR_20260820_1_PA014","TOR_20260820_1",2026-08-20
3,"fit","TOR_20260820_1_PA015","TOR_20260820_1",2026-08-20
3,"fit","TOR_20260820_1_PA016","TOR_20260820_1",2026-08-20
3,"fit","TOR_20260820_1_PA017","TOR_20260820_1",2026-08-20
3,"fit","TOR_20260820_1_PA018","TOR_20260820_1",2026-08-20
3,"fit","TOR_20260820_1_PA019","TOR_20260820_1",2026-08-20
3,"fit","TOR_20260820_1_PA020","TOR_20260820_1",2026-08-20
3,"fit","TOR_20260820_1_PA021","TOR_20260820_1",2026-08-20
3,"fit","TOR_20260820_1_PA022","TOR_20260820_1",2026-08-20
3,"fit","TOR_20260820_1_PA023","TOR_20260820_1",2026-08-20
3,"fit","TOR_20260820_1_PA024","TOR_20260820_1",2026-08-20
3,"fit","TOR_20260820_1_PA025","TOR_20260820_1",2026-08-20
3,"fit","TOR_20260820_1_PA026","TOR_20260820_1",2026-08-20
3,"fit","TOR_20260820_1_PA027","TOR_20260820_1",2026-08-20
3,"fit","TOR_20260820_1_PA028","TOR_20260820_1",2026-08-20
3,"fit","TOR_20260820_1_PA029","TOR_20260820_1",2026-08-20
3,"fit","TOR_20260820_1_PA031","TOR_20260820_1",2026-08-20
3,"fit","TOR_20260820_1_PA032","TOR_20260820_1",2026-08-20
3,"fit","TOR_20260820_1_PA033","TOR_20260820_1",2026-08-20
3,"fit","TOR_20260820_1_PA034","TOR_20260820_1",2026-08-20
3,"fit","TOR_20260820_1_PA035","TOR_20260820_1",2026-08-20
3,"fit","TOR_20260820_1_PA036","TOR_20260820_1",2026-08-20
3,"fit","TOR_20260820_1_PA037","TOR_20260820_1",2026-08-20
3,"fit","TOR_20260820_1_PA038","TOR_20260820_1",2026-08-20
3,"fit","TOR_20260820_1_PA039","TOR_20260820_1",2026-08-20
3,"fit","TOR_20260820_1_PA040","TOR_20260820_1",2026-08-20
3,"fit","TOR_20260821_1_PA001","TOR_20260821_1",2026-08-21
3,"fit","TOR_20260821_1_PA002","TOR_20260821_1",2026-08-21
3,"fit","TOR_20260821_1_PA003","TOR_20260821_1",2026-08-21
3,"fit","TOR_20260821_1_PA004","TOR_20260821_1",2026-08-21
3,"fit","TOR_20260821_1_PA005","TOR_20260821_1",2026-08-21
3,"fit","TOR_20260821_1_PA006","TOR_20260821_1",2026-08-21
3,"fit","TOR_20260821_1_PA007","TOR_20260821_1",2026-08-21
3,"fit","TOR_20260821_1_PA008","TOR_20260821_1",2026-08-21
3,"fit","TOR_20260821_1_PA009","TOR_20260821_1",2026-08-21
3,"fit","TOR_20260821_1_PA010","TOR_20260821_1",2026-08-21
3,"fit","TOR_20260821_1_PA011","TOR_20260821_1",2026-08-21
3,"fit","TOR_20260821_1_PA012","TOR_20260821_1",2026-08-21
3,"fit","TOR_20260821_1_PA013","TOR_20260821_1",2026-08-21
3,"fit","TOR_20260821_1_PA014","TOR_20260821_1",2026-08-21
3,"fit","TOR_20260821_1_PA015","TOR_20260821_1",2026-08-21
3,"fit","TOR_20260821_1_PA016","TOR_20260821_1",2026-08-21
3,"fit","TOR_20260821_1_PA017","TOR_20260821_1",2026-08-21
3,"fit","TOR_20260821_1_PA018","TOR_20260821_1",2026-08-21
3,"fit","TOR_20260821_1_PA019","TOR_20260821_1",2026-08-21
3,"fit","TOR_20260821_1_PA020","TOR_20260821_1",2026-08-21
3,"fit","TOR_20260821_1_PA021","TOR_20260821_1",2026-08-21
3,"fit","TOR_20260821_1_PA022","TOR_20260821_1",2026-08-21
3,"fit","TOR_20260821_1_PA023","TOR_20260821_1",2026-08-21
3,"fit","TOR_20260821_1_PA024","TOR_20260821_1",2026-08-21
3,"fit","TOR_20260821_1_PA025","TOR_20260821_1",2026-08-21
3,"fit","TOR_20260821_1_PA026","TOR_20260821_1",2026-08-21
3,"fit","TOR_20260821_1_PA027","TOR_20260821_1",2026-08-21
3,"fit","TOR_20260821_1_PA028","TOR_20260821_1",2026-08-21
3,"fit","TOR_20260821_1_PA029","TOR_20260821_1",2026-08-21
3,"fit","TOR_20260821_1_PA030","TOR_20260821_1",2026-08-21
3,"fit","TOR_20260821_1_PA031","TOR_20260821_1",2026-08-21
3,"fit","TOR_20260821_1_PA032","TOR_20260821_1",2026-08-21
3,"fit","TOR_20260821_1_PA033","TOR_20260821_1",2026-08-21
3,"fit","TOR_20260821_1_PA034","TOR_20260821_1",2026-08-21
3,"fit","TOR_20260821_1_PA035","TOR_20260821_1",2026-08-21
3,"fit","TOR_20260821_1_PA036","TOR_20260821_1",2026-08-21
3,"fit","TOR_20260821_1_PA037","TOR_20260821_1",2026-08-21
3,"fit","TOR_20260822_1_PA001","TOR_20260822_1",2026-08-22
3,"fit","TOR_20260822_1_PA002","TOR_20260822_1",2026-08-22
3,"fit","TOR_20260822_1_PA003","TOR_20260822_1",2026-08-22
3,"fit","TOR_20260822_1_PA004","TOR_20260822_1",2026-08-22
3,"fit","TOR_20260822_1_PA005","TOR_20260822_1",2026-08-22
3,"fit","TOR_20260822_1_PA006","TOR_20260822_1",2026-08-22
3,"fit","TOR_20260822_1_PA007","TOR_20260822_1",2026-08-22
3,"fit","TOR_20260822_1_PA008","TOR_20260822_1",2026-08-22
3,"fit","TOR_20260822_1_PA009","TOR_20260822_1",2026-08-22
3,"fit","TOR_20260822_1_PA010","TOR_20260822_1",2026-08-22
3,"fit","TOR_20260822_1_PA011","TOR_20260822_1",2026-08-22
3,"fit","TOR_20260822_1_PA012","TOR_20260822_1",2026-08-22
3,"fit","TOR_20260822_1_PA013","TOR_20260822_1",2026-08-22
3,"fit","TOR_20260822_1_PA014","TOR_20260822_1",2026-08-22
3,"fit","TOR_20260822_1_PA015","TOR_20260822_1",2026-08-22
3,"fit","TOR_20260822_1_PA016","TOR_20260822_1",2026-08-22
3,"fit","TOR_20260822_1_PA017","TOR_20260822_1",2026-08-22
3,"fit","TOR_20260822_1_PA018","TOR_20260822_1",2026-08-22
3,"fit","TOR_20260822_1_PA019","TOR_20260822_1",2026-08-22
3,"fit","TOR_20260822_1_PA020","TOR_20260822_1",2026-08-22
3,"fit","TOR_20260822_1_PA021","TOR_20260822_1",2026-08-22
3,"fit","TOR_20260822_1_PA022","TOR_20260822_1",2026-08-22
3,"fit","TOR_20260822_1_PA023","TOR_20260822_1",2026-08-22
3,"fit","TOR_20260822_1_PA024","TOR_20260822_1",2026-08-22
3,"fit","TOR_20260822_1_PA025","TOR_20260822_1",2026-08-22
3,"fit","TOR_20260822_1_PA026","TOR_20260822_1",2026-08-22
3,"fit","TOR_20260822_1_PA027","TOR_20260822_1",2026-08-22
3,"fit","TOR_20260822_1_PA028","TOR_20260822_1",2026-08-22
3,"fit","TOR_20260822_1_PA029","TOR_20260822_1",2026-08-22
3,"fit","TOR_20260822_1_PA030","TOR_20260822_1",2026-08-22
3,"fit","TOR_20260822_1_PA031","TOR_20260822_1",2026-08-22
3,"fit","TOR_20260822_1_PA032","TOR_20260822_1",2026-08-22
3,"fit","TOR_20260822_1_PA033","TOR_20260822_1",2026-08-22
3,"fit","TOR_20260822_1_PA034","TOR_20260822_1",2026-08-22
3,"fit","TOR_20260822_1_PA035","TOR_20260822_1",2026-08-22
3,"fit","TOR_20260822_1_PA036","TOR_20260822_1",2026-08-22
3,"fit","TOR_20260822_1_PA037","TOR_20260822_1",2026-08-22
3,"fit","TOR_20260822_1_PA038","TOR_20260822_1",2026-08-22
3,"fit","TOR_20260822_1_PA039","TOR_20260822_1",2026-08-22
3,"fit","TOR_20260822_1_PA040","TOR_20260822_1",2026-08-22
3,"fit","TOR_20260822_1_PA041","TOR_20260822_1",2026-08-22
3,"fit","TOR_20260822_1_PA042","TOR_20260822_1",2026-08-22
3,"fit","TOR_20260822_1_PA043","TOR_20260822_1",2026-08-22
3,"fit","TOR_20260823_1_PA001","TOR_20260823_1",2026-08-23
3,"fit","TOR_20260823_1_PA002","TOR_20260823_1",2026-08-23
3,"fit","TOR_20260823_1_PA003","TOR_20260823_1",2026-08-23
3,"fit","TOR_20260823_1_PA004","TOR_20260823_1",2026-08-23
3,"fit","TOR_20260823_1_PA005","TOR_20260823_1",2026-08-23
3,"fit","TOR_20260823_1_PA006","TOR_20260823_1",2026-08-23
3,"fit","TOR_20260823_1_PA007","TOR_20260823_1",2026-08-23
3,"fit","TOR_20260823_1_PA008","TOR_20260823_1",2026-08-23
3,"fit","TOR_20260823_1_PA009","TOR_20260823_1",2026-08-23
3,"fit","TOR_20260823_1_PA010","TOR_20260823_1",2026-08-23
3,"fit","TOR_20260823_1_PA011","TOR_20260823_1",2026-08-23
3,"fit","TOR_20260823_1_PA012","TOR_20260823_1",2026-08-23
3,"fit","TOR_20260823_1_PA013","TOR_20260823_1",2026-08-23
3,"fit","TOR_20260823_1_PA014","TOR_20260823_1",2026-08-23
3,"fit","TOR_20260823_1_PA015","TOR_20260823_1",2026-08-23
3,"fit","TOR_20260823_1_PA016","TOR_20260823_1",2026-08-23
3,"fit","TOR_20260823_1_PA017","TOR_20260823_1",2026-08-23
3,"fit","TOR_20260823_1_PA018","TOR_20260823_1",2026-08-23
3,"fit","TOR_20260823_1_PA019","TOR_20260823_1",2026-08-23
3,"fit","TOR_20260823_1_PA020","TOR_20260823_1",2026-08-23
3,"fit","TOR_20260823_1_PA021","TOR_20260823_1",2026-08-23
3,"fit","TOR_20260823_1_PA022","TOR_20260823_1",2026-08-23
3,"fit","TOR_20260823_1_PA023","TOR_20260823_1",2026-08-23
3,"fit","TOR_20260823_1_PA024","TOR_20260823_1",2026-08-23
3,"fit","TOR_20260823_1_PA025","TOR_20260823_1",2026-08-23
3,"fit","TOR_20260823_1_PA026","TOR_20260823_1",2026-08-23
3,"fit","TOR_20260823_1_PA027","TOR_20260823_1",2026-08-23
3,"fit","TOR_20260823_1_PA028","TOR_20260823_1",2026-08-23
3,"fit","TOR_20260823_1_PA029","TOR_20260823_1",2026-08-23
3,"fit","TOR_20260823_1_PA030","TOR_20260823_1",2026-08-23
3,"fit","TOR_20260823_1_PA031","TOR_20260823_1",2026-08-23
3,"fit","TOR_20260823_1_PA032","TOR_20260823_1",2026-08-23
3,"fit","TOR_20260823_1_PA033","TOR_20260823_1",2026-08-23
3,"fit","TOR_20260823_1_PA034","TOR_20260823_1",2026-08-23
3,"fit","TOR_20260823_1_PA035","TOR_20260823_1",2026-08-23
3,"fit","TOR_20260825_1_PA001","TOR_20260825_1",2026-08-25
3,"fit","TOR_20260825_1_PA002","TOR_20260825_1",2026-08-25
3,"fit","TOR_20260825_1_PA003","TOR_20260825_1",2026-08-25
3,"fit","TOR_20260825_1_PA004","TOR_20260825_1",2026-08-25
3,"fit","TOR_20260825_1_PA005","TOR_20260825_1",2026-08-25
3,"fit","TOR_20260825_1_PA006","TOR_20260825_1",2026-08-25
3,"fit","TOR_20260825_1_PA007","TOR_20260825_1",2026-08-25
3,"fit","TOR_20260825_1_PA008","TOR_20260825_1",2026-08-25
3,"fit","TOR_20260825_1_PA009","TOR_20260825_1",2026-08-25
3,"fit","TOR_20260825_1_PA010","TOR_20260825_1",2026-08-25
3,"fit","TOR_20260825_1_PA011","TOR_20260825_1",2026-08-25
3,"fit","TOR_20260825_1_PA012","TOR_20260825_1",2026-08-25
3,"fit","TOR_20260825_1_PA013","TOR_20260825_1",2026-08-25
3,"fit","TOR_20260825_1_PA014","TOR_20260825_1",2026-08-25
3,"fit","TOR_20260825_1_PA015","TOR_20260825_1",2026-08-25
3,"fit","TOR_20260825_1_PA016","TOR_20260825_1",2026-08-25
3,"fit","TOR_20260825_1_PA017","TOR_20260825_1",2026-08-25
3,"fit","TOR_20260825_1_PA018","TOR_20260825_1",2026-08-25
3,"fit","TOR_20260825_1_PA019","TOR_20260825_1",2026-08-25
3,"fit","TOR_20260825_1_PA020","TOR_20260825_1",2026-08-25
3,"fit","TOR_20260825_1_PA021","TOR_20260825_1",2026-08-25
3,"fit","TOR_20260825_1_PA022","TOR_20260825_1",2026-08-25
3,"fit","TOR_20260825_1_PA023","TOR_20260825_1",2026-08-25
3,"fit","TOR_20260825_1_PA024","TOR_20260825_1",2026-08-25
3,"fit","TOR_20260825_1_PA025","TOR_20260825_1",2026-08-25
3,"fit","TOR_20260825_1_PA026","TOR_20260825_1",2026-08-25
3,"fit","TOR_20260825_1_PA027","TOR_20260825_1",2026-08-25
3,"fit","TOR_20260825_1_PA028","TOR_20260825_1",2026-08-25
3,"fit","TOR_20260825_1_PA029","TOR_20260825_1",2026-08-25
3,"fit","TOR_20260825_1_PA030","TOR_20260825_1",2026-08-25
3,"fit","TOR_20260825_1_PA031","TOR_20260825_1",2026-08-25
3,"fit","TOR_20260825_1_PA032","TOR_20260825_1",2026-08-25
3,"fit","TOR_20260825_1_PA033","TOR_20260825_1",2026-08-25
3,"fit","TOR_20260825_1_PA034","TOR_20260825_1",2026-08-25
3,"fit","TOR_20260825_1_PA035","TOR_20260825_1",2026-08-25
3,"fit","TOR_20260825_1_PA036","TOR_20260825_1",2026-08-25
3,"fit","TOR_20260825_1_PA037","TOR_20260825_1",2026-08-25
3,"fit","TOR_20260825_1_PA038","TOR_20260825_1",2026-08-25
3,"fit","TOR_20260826_1_PA001","TOR_20260826_1",2026-08-26
3,"fit","TOR_20260826_1_PA002","TOR_20260826_1",2026-08-26
3,"fit","TOR_20260826_1_PA003","TOR_20260826_1",2026-08-26
3,"fit","TOR_20260826_1_PA004","TOR_20260826_1",2026-08-26
3,"fit","TOR_20260826_1_PA005","TOR_20260826_1",2026-08-26
3,"fit","TOR_20260826_1_PA006","TOR_20260826_1",2026-08-26
3,"fit","TOR_20260826_1_PA007","TOR_20260826_1",2026-08-26
3,"fit","TOR_20260826_1_PA008","TOR_20260826_1",2026-08-26
3,"fit","TOR_20260826_1_PA009","TOR_20260826_1",2026-08-26
3,"fit","TOR_20260826_1_PA010","TOR_20260826_1",2026-08-26
3,"fit","TOR_20260826_1_PA011","TOR_20260826_1",2026-08-26
3,"fit","TOR_20260826_1_PA012","TOR_20260826_1",2026-08-26
3,"fit","TOR_20260826_1_PA013","TOR_20260826_1",2026-08-26
3,"fit","TOR_20260826_1_PA014","TOR_20260826_1",2026-08-26
3,"fit","TOR_20260826_1_PA015","TOR_20260826_1",2026-08-26
3,"fit","TOR_20260826_1_PA016","TOR_20260826_1",2026-08-26
3,"fit","TOR_20260826_1_PA017","TOR_20260826_1",2026-08-26
3,"fit","TOR_20260826_1_PA018","TOR_20260826_1",2026-08-26
3,"fit","TOR_20260826_1_PA019","TOR_20260826_1",2026-08-26
3,"fit","TOR_20260826_1_PA020","TOR_20260826_1",2026-08-26
3,"fit","TOR_20260826_1_PA021","TOR_20260826_1",2026-08-26
3,"fit","TOR_20260826_1_PA022","TOR_20260826_1",2026-08-26
3,"fit","TOR_20260826_1_PA023","TOR_20260826_1",2026-08-26
3,"fit","TOR_20260826_1_PA024","TOR_20260826_1",2026-08-26
3,"fit","TOR_20260826_1_PA025","TOR_20260826_1",2026-08-26
3,"fit","TOR_20260826_1_PA026","TOR_20260826_1",2026-08-26
3,"fit","TOR_20260826_1_PA027","TOR_20260826_1",2026-08-26
3,"fit","TOR_20260826_1_PA028","TOR_20260826_1",2026-08-26
3,"fit","TOR_20260826_1_PA029","TOR_20260826_1",2026-08-26
3,"fit","TOR_20260826_1_PA030","TOR_20260826_1",2026-08-26
3,"fit","TOR_20260826_1_PA031","TOR_20260826_1",2026-08-26
3,"fit","TOR_20260827_1_PA001","TOR_20260827_1",2026-08-27
3,"fit","TOR_20260827_1_PA002","TOR_20260827_1",2026-08-27
3,"fit","TOR_20260827_1_PA003","TOR_20260827_1",2026-08-27
3,"fit","TOR_20260827_1_PA004","TOR_20260827_1",2026-08-27
3,"fit","TOR_20260827_1_PA005","TOR_20260827_1",2026-08-27
3,"fit","TOR_20260827_1_PA006","TOR_20260827_1",2026-08-27
3,"fit","TOR_20260827_1_PA007","TOR_20260827_1",2026-08-27
3,"fit","TOR_20260827_1_PA008","TOR_20260827_1",2026-08-27
3,"fit","TOR_20260827_1_PA009","TOR_20260827_1",2026-08-27
3,"fit","TOR_20260827_1_PA010","TOR_20260827_1",2026-08-27
3,"fit","TOR_20260827_1_PA011","TOR_20260827_1",2026-08-27
3,"fit","TOR_20260827_1_PA012","TOR_20260827_1",2026-08-27
3,"fit","TOR_20260827_1_PA013","TOR_20260827_1",2026-08-27
3,"fit","TOR_20260827_1_PA014","TOR_20260827_1",2026-08-27
3,"fit","TOR_20260827_1_PA015","TOR_20260827_1",2026-08-27
3,"fit","TOR_20260827_1_PA016","TOR_20260827_1",2026-08-27
3,"fit","TOR_20260827_1_PA017","TOR_20260827_1",2026-08-27
3,"fit","TOR_20260827_1_PA018","TOR_20260827_1",2026-08-27
3,"fit","TOR_20260827_1_PA019","TOR_20260827_1",2026-08-27
3,"fit","TOR_20260827_1_PA020","TOR_20260827_1",2026-08-27
3,"fit","TOR_20260827_1_PA021","TOR_20260827_1",2026-08-27
3,"fit","TOR_20260827_1_PA022","TOR_20260827_1",2026-08-27
3,"fit","TOR_20260827_1_PA023","TOR_20260827_1",2026-08-27
3,"fit","TOR_20260827_1_PA024","TOR_20260827_1",2026-08-27
3,"fit","TOR_20260827_1_PA025","TOR_20260827_1",2026-08-27
3,"fit","TOR_20260827_1_PA026","TOR_20260827_1",2026-08-27
3,"fit","TOR_20260827_1_PA027","TOR_20260827_1",2026-08-27
3,"fit","TOR_20260827_1_PA028","TOR_20260827_1",2026-08-27
3,"fit","TOR_20260827_1_PA029","TOR_20260827_1",2026-08-27
3,"fit","TOR_20260827_1_PA030","TOR_20260827_1",2026-08-27
3,"fit","TOR_20260827_1_PA031","TOR_20260827_1",2026-08-27
3,"fit","TOR_20260827_1_PA032","TOR_20260827_1",2026-08-27
3,"fit","TOR_20260827_1_PA033","TOR_20260827_1",2026-08-27
3,"fit","TOR_20260827_1_PA034","TOR_20260827_1",2026-08-27
3,"fit","TOR_20260827_1_PA035","TOR_20260827_1",2026-08-27
3,"fit","TOR_20260828_1_PA001","TOR_20260828_1",2026-08-28
3,"fit","TOR_20260828_1_PA002","TOR_20260828_1",2026-08-28
3,"fit","TOR_20260828_1_PA003","TOR_20260828_1",2026-08-28
3,"fit","TOR_20260828_1_PA004","TOR_20260828_1",2026-08-28
3,"fit","TOR_20260828_1_PA005","TOR_20260828_1",2026-08-28
3,"fit","TOR_20260828_1_PA006","TOR_20260828_1",2026-08-28
3,"fit","TOR_20260828_1_PA007","TOR_20260828_1",2026-08-28
3,"fit","TOR_20260828_1_PA008","TOR_20260828_1",2026-08-28
3,"fit","TOR_20260828_1_PA009","TOR_20260828_1",2026-08-28
3,"fit","TOR_20260828_1_PA010","TOR_20260828_1",2026-08-28
3,"fit","TOR_20260828_1_PA011","TOR_20260828_1",2026-08-28
3,"fit","TOR_20260828_1_PA012","TOR_20260828_1",2026-08-28
3,"fit","TOR_20260828_1_PA013","TOR_20260828_1",2026-08-28
3,"fit","TOR_20260828_1_PA014","TOR_20260828_1",2026-08-28
3,"fit","TOR_20260828_1_PA015","TOR_20260828_1",2026-08-28
3,"fit","TOR_20260828_1_PA016","TOR_20260828_1",2026-08-28
3,"fit","TOR_20260828_1_PA017","TOR_20260828_1",2026-08-28
3,"fit","TOR_20260828_1_PA018","TOR_20260828_1",2026-08-28
3,"fit","TOR_20260828_1_PA019","TOR_20260828_1",2026-08-28
3,"fit","TOR_20260828_1_PA020","TOR_20260828_1",2026-08-28
3,"fit","TOR_20260828_1_PA021","TOR_20260828_1",2026-08-28
3,"fit","TOR_20260828_1_PA022","TOR_20260828_1",2026-08-28
3,"fit","TOR_20260828_1_PA023","TOR_20260828_1",2026-08-28
3,"fit","TOR_20260828_1_PA024","TOR_20260828_1",2026-08-28
3,"fit","TOR_20260828_1_PA025","TOR_20260828_1",2026-08-28
3,"fit","TOR_20260828_1_PA026","TOR_20260828_1",2026-08-28
3,"fit","TOR_20260828_1_PA027","TOR_20260828_1",2026-08-28
3,"fit","TOR_20260828_1_PA028","TOR_20260828_1",2026-08-28
3,"fit","TOR_20260828_1_PA029","TOR_20260828_1",2026-08-28
3,"fit","TOR_20260828_1_PA030","TOR_20260828_1",2026-08-28
3,"fit","TOR_20260828_1_PA031","TOR_20260828_1",2026-08-28
3,"fit","TOR_20260828_1_PA032","TOR_20260828_1",2026-08-28
3,"fit","TOR_20260828_1_PA033","TOR_20260828_1",2026-08-28
3,"fit","TOR_20260828_1_PA034","TOR_20260828_1",2026-08-28
3,"fit","TOR_20260828_1_PA035","TOR_20260828_1",2026-08-28
3,"fit","TOR_20260828_1_PA036","TOR_20260828_1",2026-08-28
3,"fit","TOR_20260828_1_PA037","TOR_20260828_1",2026-08-28
3,"fit","TOR_20260828_1_PA038","TOR_20260828_1",2026-08-28
3,"fit","TOR_20260829_1_PA001","TOR_20260829_1",2026-08-29
3,"fit","TOR_20260829_1_PA002","TOR_20260829_1",2026-08-29
3,"fit","TOR_20260829_1_PA003","TOR_20260829_1",2026-08-29
3,"fit","TOR_20260829_1_PA004","TOR_20260829_1",2026-08-29
3,"fit","TOR_20260829_1_PA005","TOR_20260829_1",2026-08-29
3,"fit","TOR_20260829_1_PA006","TOR_20260829_1",2026-08-29
3,"fit","TOR_20260829_1_PA007","TOR_20260829_1",2026-08-29
3,"fit","TOR_20260829_1_PA008","TOR_20260829_1",2026-08-29
3,"fit","TOR_20260829_1_PA009","TOR_20260829_1",2026-08-29
3,"fit","TOR_20260829_1_PA010","TOR_20260829_1",2026-08-29
3,"fit","TOR_20260829_1_PA011","TOR_20260829_1",2026-08-29
3,"fit","TOR_20260829_1_PA012","TOR_20260829_1",2026-08-29
3,"fit","TOR_20260829_1_PA013","TOR_20260829_1",2026-08-29
3,"fit","TOR_20260829_1_PA014","TOR_20260829_1",2026-08-29
3,"fit","TOR_20260829_1_PA015","TOR_20260829_1",2026-08-29
3,"fit","TOR_20260829_1_PA016","TOR_20260829_1",2026-08-29
3,"fit","TOR_20260829_1_PA017","TOR_20260829_1",2026-08-29
3,"fit","TOR_20260829_1_PA018","TOR_20260829_1",2026-08-29
3,"fit","TOR_20260829_1_PA019","TOR_20260829_1",2026-08-29
3,"fit","TOR_20260829_1_PA020","TOR_20260829_1",2026-08-29
3,"fit","TOR_20260829_1_PA021","TOR_20260829_1",2026-08-29
3,"fit","TOR_20260829_1_PA022","TOR_20260829_1",2026-08-29
3,"fit","TOR_20260829_1_PA023","TOR_20260829_1",2026-08-29
3,"fit","TOR_20260829_1_PA024","TOR_20260829_1",2026-08-29
3,"fit","TOR_20260829_1_PA025","TOR_20260829_1",2026-08-29
3,"fit","TOR_20260829_1_PA026","TOR_20260829_1",2026-08-29
3,"fit","TOR_20260829_1_PA027","TOR_20260829_1",2026-08-29
3,"fit","TOR_20260829_1_PA028","TOR_20260829_1",2026-08-29
3,"fit","TOR_20260829_1_PA029","TOR_20260829_1",2026-08-29
3,"fit","TOR_20260829_1_PA030","TOR_20260829_1",2026-08-29
3,"fit","TOR_20260829_1_PA031","TOR_20260829_1",2026-08-29
3,"fit","TOR_20260829_1_PA032","TOR_20260829_1",2026-08-29
3,"fit","TOR_20260829_1_PA033","TOR_20260829_1",2026-08-29
3,"fit","TOR_20260829_1_PA034","TOR_20260829_1",2026-08-29
3,"fit","TOR_20260829_1_PA035","TOR_20260829_1",2026-08-29
3,"fit","TOR_20260829_1_PA036","TOR_20260829_1",2026-08-29
3,"fit","TOR_20260830_1_PA001","TOR_20260830_1",2026-08-30
3,"fit","TOR_20260830_1_PA002","TOR_20260830_1",2026-08-30
3,"fit","TOR_20260830_1_PA003","TOR_20260830_1",2026-08-30
3,"fit","TOR_20260830_1_PA004","TOR_20260830_1",2026-08-30
3,"fit","TOR_20260830_1_PA005","TOR_20260830_1",2026-08-30
3,"fit","TOR_20260830_1_PA006","TOR_20260830_1",2026-08-30
3,"fit","TOR_20260830_1_PA007","TOR_20260830_1",2026-08-30
3,"fit","TOR_20260830_1_PA008","TOR_20260830_1",2026-08-30
3,"fit","TOR_20260830_1_PA009","TOR_20260830_1",2026-08-30
3,"fit","TOR_20260830_1_PA010","TOR_20260830_1",2026-08-30
3,"fit","TOR_20260830_1_PA011","TOR_20260830_1",2026-08-30
3,"fit","TOR_20260830_1_PA012","TOR_20260830_1",2026-08-30
3,"fit","TOR_20260830_1_PA013","TOR_20260830_1",2026-08-30
3,"fit","TOR_20260830_1_PA014","TOR_20260830_1",2026-08-30
3,"fit","TOR_20260830_1_PA015","TOR_20260830_1",2026-08-30
3,"fit","TOR_20260830_1_PA016","TOR_20260830_1",2026-08-30
3,"fit","TOR_20260830_1_PA017","TOR_20260830_1",2026-08-30
3,"fit","TOR_20260830_1_PA018","TOR_20260830_1",2026-08-30
3,"fit","TOR_20260830_1_PA019","TOR_20260830_1",2026-08-30
3,"fit","TOR_20260830_1_PA020","TOR_20260830_1",2026-08-30
3,"fit","TOR_20260830_1_PA021","TOR_20260830_1",2026-08-30
3,"fit","TOR_20260830_1_PA022","TOR_20260830_1",2026-08-30
3,"fit","TOR_20260830_1_PA023","TOR_20260830_1",2026-08-30
3,"fit","TOR_20260830_1_PA024","TOR_20260830_1",2026-08-30
3,"fit","TOR_20260830_1_PA025","TOR_20260830_1",2026-08-30
3,"fit","TOR_20260830_1_PA026","TOR_20260830_1",2026-08-30
3,"fit","TOR_20260830_1_PA027","TOR_20260830_1",2026-08-30
3,"fit","TOR_20260830_1_PA028","TOR_20260830_1",2026-08-30
3,"fit","TOR_20260830_1_PA029","TOR_20260830_1",2026-08-30
3,"fit","TOR_20260830_1_PA030","TOR_20260830_1",2026-08-30
3,"fit","TOR_20260830_1_PA031","TOR_20260830_1",2026-08-30
3,"fit","TOR_20260830_1_PA032","TOR_20260830_1",2026-08-30
3,"fit","TOR_20260830_1_PA033","TOR_20260830_1",2026-08-30
3,"fit","TOR_20260830_1_PA034","TOR_20260830_1",2026-08-30
3,"fit","TOR_20260830_1_PA035","TOR_20260830_1",2026-08-30
3,"fit","TOR_20260830_1_PA036","TOR_20260830_1",2026-08-30
3,"fit","TOR_20260830_1_PA037","TOR_20260830_1",2026-08-30
3,"fit","TOR_20260830_1_PA038","TOR_20260830_1",2026-08-30
3,"fit","TOR_20260901_1_PA001","TOR_20260901_1",2026-09-01
3,"fit","TOR_20260901_1_PA002","TOR_20260901_1",2026-09-01
3,"fit","TOR_20260901_1_PA003","TOR_20260901_1",2026-09-01
3,"fit","TOR_20260901_1_PA004","TOR_20260901_1",2026-09-01
3,"fit","TOR_20260901_1_PA005","TOR_20260901_1",2026-09-01
3,"fit","TOR_20260901_1_PA006","TOR_20260901_1",2026-09-01
3,"fit","TOR_20260901_1_PA007","TOR_20260901_1",2026-09-01
3,"fit","TOR_20260901_1_PA008","TOR_20260901_1",2026-09-01
3,"fit","TOR_20260901_1_PA009","TOR_20260901_1",2026-09-01
3,"fit","TOR_20260901_1_PA010","TOR_20260901_1",2026-09-01
3,"fit","TOR_20260901_1_PA011","TOR_20260901_1",2026-09-01
3,"fit","TOR_20260901_1_PA012","TOR_20260901_1",2026-09-01
3,"fit","TOR_20260901_1_PA013","TOR_20260901_1",2026-09-01
3,"fit","TOR_20260901_1_PA014","TOR_20260901_1",2026-09-01
3,"fit","TOR_20260901_1_PA015","TOR_20260901_1",2026-09-01
3,"fit","TOR_20260901_1_PA016","TOR_20260901_1",2026-09-01
3,"fit","TOR_20260901_1_PA017","TOR_20260901_1",2026-09-01
3,"fit","TOR_20260901_1_PA018","TOR_20260901_1",2026-09-01
3,"fit","TOR_20260901_1_PA019","TOR_20260901_1",2026-09-01
3,"fit","TOR_20260901_1_PA020","TOR_20260901_1",2026-09-01
3,"fit","TOR_20260901_1_PA021","TOR_20260901_1",2026-09-01
3,"fit","TOR_20260901_1_PA022","TOR_20260901_1",2026-09-01
3,"fit","TOR_20260901_1_PA023","TOR_20260901_1",2026-09-01
3,"fit","TOR_20260901_1_PA024","TOR_20260901_1",2026-09-01
3,"fit","TOR_20260901_1_PA025","TOR_20260901_1",2026-09-01
3,"fit","TOR_20260901_1_PA026","TOR_20260901_1",2026-09-01
3,"fit","TOR_20260901_1_PA027","TOR_20260901_1",2026-09-01
3,"fit","TOR_20260901_1_PA028","TOR_20260901_1",2026-09-01
3,"fit","TOR_20260901_1_PA029","TOR_20260901_1",2026-09-01
3,"fit","TOR_20260901_1_PA030","TOR_20260901_1",2026-09-01
3,"fit","TOR_20260901_1_PA031","TOR_20260901_1",2026-09-01
3,"fit","TOR_20260901_1_PA032","TOR_20260901_1",2026-09-01
3,"fit","TOR_20260902_1_PA001","TOR_20260902_1",2026-09-02
3,"fit","TOR_20260902_1_PA002","TOR_20260902_1",2026-09-02
3,"fit","TOR_20260902_1_PA003","TOR_20260902_1",2026-09-02
3,"fit","TOR_20260902_1_PA004","TOR_20260902_1",2026-09-02
3,"fit","TOR_20260902_1_PA005","TOR_20260902_1",2026-09-02
3,"fit","TOR_20260902_1_PA006","TOR_20260902_1",2026-09-02
3,"fit","TOR_20260902_1_PA007","TOR_20260902_1",2026-09-02
3,"fit","TOR_20260902_1_PA008","TOR_20260902_1",2026-09-02
3,"fit","TOR_20260902_1_PA009","TOR_20260902_1",2026-09-02
3,"fit","TOR_20260902_1_PA010","TOR_20260902_1",2026-09-02
3,"fit","TOR_20260902_1_PA011","TOR_20260902_1",2026-09-02
3,"fit","TOR_20260902_1_PA012","TOR_20260902_1",2026-09-02
3,"fit","TOR_20260902_1_PA013","TOR_20260902_1",2026-09-02
3,"fit","TOR_20260902_1_PA014","TOR_20260902_1",2026-09-02
3,"fit","TOR_20260902_1_PA015","TOR_20260902_1",2026-09-02
3,"fit","TOR_20260902_1_PA016","TOR_20260902_1",2026-09-02
3,"fit","TOR_20260902_1_PA017","TOR_20260902_1",2026-09-02
3,"fit","TOR_20260902_1_PA018","TOR_20260902_1",2026-09-02
3,"fit","TOR_20260902_1_PA019","TOR_20260902_1",2026-09-02
3,"fit","TOR_20260902_1_PA020","TOR_20260902_1",2026-09-02
3,"fit","TOR_20260902_1_PA021","TOR_20260902_1",2026-09-02
3,"fit","TOR_20260902_1_PA022","TOR_20260902_1",2026-09-02
3,"fit","TOR_20260902_1_PA023","TOR_20260902_1",2026-09-02
3,"fit","TOR_20260902_1_PA024","TOR_20260902_1",2026-09-02
3,"fit","TOR_20260902_1_PA025","TOR_20260902_1",2026-09-02
3,"fit","TOR_20260902_1_PA026","TOR_20260902_1",2026-09-02
3,"fit","TOR_20260902_1_PA027","TOR_20260902_1",2026-09-02
3,"fit","TOR_20260902_1_PA028","TOR_20260902_1",2026-09-02
3,"fit","TOR_20260902_1_PA029","TOR_20260902_1",2026-09-02
3,"fit","TOR_20260902_1_PA030","TOR_20260902_1",2026-09-02
3,"fit","TOR_20260902_1_PA031","TOR_20260902_1",2026-09-02
3,"fit","TOR_20260902_1_PA032","TOR_20260902_1",2026-09-02
3,"fit","TOR_20260902_1_PA033","TOR_20260902_1",2026-09-02
3,"fit","TOR_20260902_1_PA034","TOR_20260902_1",2026-09-02
3,"fit","TOR_20260902_1_PA035","TOR_20260902_1",2026-09-02
3,"fit","TOR_20260902_1_PA036","TOR_20260902_1",2026-09-02
3,"fit","TOR_20260902_1_PA037","TOR_20260902_1",2026-09-02
3,"fit","TOR_20260902_1_PA038","TOR_20260902_1",2026-09-02
3,"fit","TOR_20260902_1_PA040","TOR_20260902_1",2026-09-02
3,"fit","TOR_20260902_1_PA041","TOR_20260902_1",2026-09-02
3,"fit","TOR_20260902_1_PA042","TOR_20260902_1",2026-09-02
3,"fit","TOR_20260902_1_PA043","TOR_20260902_1",2026-09-02
3,"fit","TOR_20260902_1_PA044","TOR_20260902_1",2026-09-02
3,"fit","TOR_20260903_1_PA001","TOR_20260903_1",2026-09-03
3,"fit","TOR_20260903_1_PA002","TOR_20260903_1",2026-09-03
3,"fit","TOR_20260903_1_PA003","TOR_20260903_1",2026-09-03
3,"fit","TOR_20260903_1_PA004","TOR_20260903_1",2026-09-03
3,"fit","TOR_20260903_1_PA005","TOR_20260903_1",2026-09-03
3,"fit","TOR_20260903_1_PA006","TOR_20260903_1",2026-09-03
3,"fit","TOR_20260903_1_PA007","TOR_20260903_1",2026-09-03
3,"fit","TOR_20260903_1_PA008","TOR_20260903_1",2026-09-03
3,"fit","TOR_20260903_1_PA009","TOR_20260903_1",2026-09-03
3,"fit","TOR_20260903_1_PA010","TOR_20260903_1",2026-09-03
3,"fit","TOR_20260903_1_PA011","TOR_20260903_1",2026-09-03
3,"fit","TOR_20260903_1_PA012","TOR_20260903_1",2026-09-03
3,"fit","TOR_20260903_1_PA013","TOR_20260903_1",2026-09-03
3,"fit","TOR_20260903_1_PA014","TOR_20260903_1",2026-09-03
3,"fit","TOR_20260903_1_PA015","TOR_20260903_1",2026-09-03
3,"fit","TOR_20260903_1_PA016","TOR_20260903_1",2026-09-03
3,"fit","TOR_20260903_1_PA017","TOR_20260903_1",2026-09-03
3,"fit","TOR_20260903_1_PA018","TOR_20260903_1",2026-09-03
3,"fit","TOR_20260903_1_PA019","TOR_20260903_1",2026-09-03
3,"fit","TOR_20260903_1_PA020","TOR_20260903_1",2026-09-03
3,"fit","TOR_20260903_1_PA021","TOR_20260903_1",2026-09-03
3,"fit","TOR_20260903_1_PA022","TOR_20260903_1",2026-09-03
3,"fit","TOR_20260903_1_PA023","TOR_20260903_1",2026-09-03
3,"fit","TOR_20260903_1_PA024","TOR_20260903_1",2026-09-03
3,"fit","TOR_20260903_1_PA025","TOR_20260903_1",2026-09-03
3,"fit","TOR_20260903_1_PA026","TOR_20260903_1",2026-09-03
3,"fit","TOR_20260903_1_PA027","TOR_20260903_1",2026-09-03
3,"fit","TOR_20260903_1_PA028","TOR_20260903_1",2026-09-03
3,"fit","TOR_20260903_1_PA029","TOR_20260903_1",2026-09-03
3,"fit","TOR_20260903_1_PA030","TOR_20260903_1",2026-09-03
3,"fit","TOR_20260903_1_PA031","TOR_20260903_1",2026-09-03
3,"fit","TOR_20260903_1_PA032","TOR_20260903_1",2026-09-03
3,"fit","TOR_20260903_1_PA033","TOR_20260903_1",2026-09-03
3,"fit","TOR_20260903_1_PA034","TOR_20260903_1",2026-09-03
3,"fit","TOR_20260903_1_PA035","TOR_20260903_1",2026-09-03
3,"fit","TOR_20260903_1_PA036","TOR_20260903_1",2026-09-03
3,"fit","TOR_20260903_1_PA037","TOR_20260903_1",2026-09-03
3,"fit","TOR_20260903_1_PA038","TOR_20260903_1",2026-09-03
3,"fit","TOR_20260903_1_PA039","TOR_20260903_1",2026-09-03
3,"fit","TOR_20260903_1_PA040","TOR_20260903_1",2026-09-03
3,"fit","TOR_20260903_1_PA041","TOR_20260903_1",2026-09-03
3,"fit","TOR_20260903_1_PA042","TOR_20260903_1",2026-09-03
3,"fit","TOR_20260903_1_PA043","TOR_20260903_1",2026-09-03
3,"fit","TOR_20260903_1_PA044","TOR_20260903_1",2026-09-03
3,"fit","TOR_20260904_1_PA001","TOR_20260904_1",2026-09-04
3,"fit","TOR_20260904_1_PA002","TOR_20260904_1",2026-09-04
3,"fit","TOR_20260904_1_PA003","TOR_20260904_1",2026-09-04
3,"fit","TOR_20260904_1_PA004","TOR_20260904_1",2026-09-04
3,"fit","TOR_20260904_1_PA005","TOR_20260904_1",2026-09-04
3,"fit","TOR_20260904_1_PA006","TOR_20260904_1",2026-09-04
3,"fit","TOR_20260904_1_PA007","TOR_20260904_1",2026-09-04
3,"fit","TOR_20260904_1_PA008","TOR_20260904_1",2026-09-04
3,"fit","TOR_20260904_1_PA009","TOR_20260904_1",2026-09-04
3,"fit","TOR_20260904_1_PA010","TOR_20260904_1",2026-09-04
3,"fit","TOR_20260904_1_PA011","TOR_20260904_1",2026-09-04
3,"fit","TOR_20260904_1_PA012","TOR_20260904_1",2026-09-04
3,"fit","TOR_20260904_1_PA013","TOR_20260904_1",2026-09-04
3,"fit","TOR_20260904_1_PA014","TOR_20260904_1",2026-09-04
3,"fit","TOR_20260904_1_PA015","TOR_20260904_1",2026-09-04
3,"fit","TOR_20260904_1_PA016","TOR_20260904_1",2026-09-04
3,"fit","TOR_20260904_1_PA017","TOR_20260904_1",2026-09-04
3,"fit","TOR_20260904_1_PA018","TOR_20260904_1",2026-09-04
3,"fit","TOR_20260904_1_PA019","TOR_20260904_1",2026-09-04
3,"fit","TOR_20260904_1_PA020","TOR_20260904_1",2026-09-04
3,"fit","TOR_20260904_1_PA021","TOR_20260904_1",2026-09-04
3,"fit","TOR_20260904_1_PA022","TOR_20260904_1",2026-09-04
3,"fit","TOR_20260904_1_PA023","TOR_20260904_1",2026-09-04
3,"fit","TOR_20260904_1_PA024","TOR_20260904_1",2026-09-04
3,"fit","TOR_20260904_1_PA025","TOR_20260904_1",2026-09-04
3,"fit","TOR_20260904_1_PA026","TOR_20260904_1",2026-09-04
3,"fit","TOR_20260904_1_PA027","TOR_20260904_1",2026-09-04
3,"fit","TOR_20260904_1_PA028","TOR_20260904_1",2026-09-04
3,"fit","TOR_20260904_1_PA029","TOR_20260904_1",2026-09-04
3,"fit","TOR_20260904_1_PA030","TOR_20260904_1",2026-09-04
3,"fit","TOR_20260904_1_PA031","TOR_20260904_1",2026-09-04
3,"fit","TOR_20260904_1_PA032","TOR_20260904_1",2026-09-04
3,"fit","TOR_20260904_1_PA033","TOR_20260904_1",2026-09-04
3,"fit","TOR_20260904_1_PA034","TOR_20260904_1",2026-09-04
3,"fit","TOR_20260904_1_PA035","TOR_20260904_1",2026-09-04
3,"fit","TOR_20260904_1_PA036","TOR_20260904_1",2026-09-04
3,"fit","TOR_20260904_1_PA037","TOR_20260904_1",2026-09-04
3,"fit","TOR_20260904_1_PA038","TOR_20260904_1",2026-09-04
3,"fit","TOR_20260904_1_PA039","TOR_20260904_1",2026-09-04
3,"fit","TOR_20260904_1_PA040","TOR_20260904_1",2026-09-04
3,"fit","TOR_20260904_1_PA041","TOR_20260904_1",2026-09-04
3,"fit","TOR_20260904_1_PA042","TOR_20260904_1",2026-09-04
3,"fit","TOR_20260904_1_PA043","TOR_20260904_1",2026-09-04
3,"fit","TOR_20260905_1_PA001","TOR_20260905_1",2026-09-05
3,"fit","TOR_20260905_1_PA002","TOR_20260905_1",2026-09-05
3,"fit","TOR_20260905_1_PA003","TOR_20260905_1",2026-09-05
3,"fit","TOR_20260905_1_PA004","TOR_20260905_1",2026-09-05
3,"fit","TOR_20260905_1_PA005","TOR_20260905_1",2026-09-05
3,"fit","TOR_20260905_1_PA006","TOR_20260905_1",2026-09-05
3,"fit","TOR_20260905_1_PA007","TOR_20260905_1",2026-09-05
3,"fit","TOR_20260905_1_PA008","TOR_20260905_1",2026-09-05
3,"fit","TOR_20260905_1_PA009","TOR_20260905_1",2026-09-05
3,"fit","TOR_20260905_1_PA010","TOR_20260905_1",2026-09-05
3,"fit","TOR_20260905_1_PA011","TOR_20260905_1",2026-09-05
3,"fit","TOR_20260905_1_PA012","TOR_20260905_1",2026-09-05
3,"fit","TOR_20260905_1_PA013","TOR_20260905_1",2026-09-05
3,"fit","TOR_20260905_1_PA014","TOR_20260905_1",2026-09-05
3,"fit","TOR_20260905_1_PA015","TOR_20260905_1",2026-09-05
3,"fit","TOR_20260905_1_PA016","TOR_20260905_1",2026-09-05
3,"fit","TOR_20260905_1_PA017","TOR_20260905_1",2026-09-05
3,"fit","TOR_20260905_1_PA018","TOR_20260905_1",2026-09-05
3,"fit","TOR_20260905_1_PA019","TOR_20260905_1",2026-09-05
3,"fit","TOR_20260905_1_PA020","TOR_20260905_1",2026-09-05
3,"fit","TOR_20260905_1_PA021","TOR_20260905_1",2026-09-05
3,"fit","TOR_20260905_1_PA022","TOR_20260905_1",2026-09-05
3,"fit","TOR_20260905_1_PA023","TOR_20260905_1",2026-09-05
3,"fit","TOR_20260905_1_PA024","TOR_20260905_1",2026-09-05
3,"fit","TOR_20260905_1_PA025","TOR_20260905_1",2026-09-05
3,"fit","TOR_20260905_1_PA026","TOR_20260905_1",2026-09-05
3,"fit","TOR_20260905_1_PA027","TOR_20260905_1",2026-09-05
3,"fit","TOR_20260905_1_PA028","TOR_20260905_1",2026-09-05
3,"fit","TOR_20260905_1_PA029","TOR_20260905_1",2026-09-05
3,"fit","TOR_20260905_1_PA030","TOR_20260905_1",2026-09-05
3,"fit","TOR_20260905_1_PA031","TOR_20260905_1",2026-09-05
3,"fit","TOR_20260905_1_PA032","TOR_20260905_1",2026-09-05
3,"fit","TOR_20260905_1_PA033","TOR_20260905_1",2026-09-05
3,"fit","TOR_20260905_1_PA034","TOR_20260905_1",2026-09-05
3,"fit","TOR_20260905_1_PA035","TOR_20260905_1",2026-09-05
3,"fit","TOR_20260905_1_PA036","TOR_20260905_1",2026-09-05
3,"fit","TOR_20260905_1_PA037","TOR_20260905_1",2026-09-05
3,"fit","TOR_20260905_1_PA038","TOR_20260905_1",2026-09-05
3,"fit","TOR_20260905_1_PA039","TOR_20260905_1",2026-09-05
3,"fit","TOR_20260905_1_PA040","TOR_20260905_1",2026-09-05
3,"fit","TOR_20260905_1_PA041","TOR_20260905_1",2026-09-05
3,"fit","TOR_20260905_1_PA042","TOR_20260905_1",2026-09-05
3,"fit","TOR_20260906_1_PA001","TOR_20260906_1",2026-09-06
3,"fit","TOR_20260906_1_PA002","TOR_20260906_1",2026-09-06
3,"fit","TOR_20260906_1_PA003","TOR_20260906_1",2026-09-06
3,"fit","TOR_20260906_1_PA004","TOR_20260906_1",2026-09-06
3,"fit","TOR_20260906_1_PA005","TOR_20260906_1",2026-09-06
3,"fit","TOR_20260906_1_PA006","TOR_20260906_1",2026-09-06
3,"fit","TOR_20260906_1_PA007","TOR_20260906_1",2026-09-06
3,"fit","TOR_20260906_1_PA008","TOR_20260906_1",2026-09-06
3,"fit","TOR_20260906_1_PA009","TOR_20260906_1",2026-09-06
3,"fit","TOR_20260906_1_PA010","TOR_20260906_1",2026-09-06
3,"fit","TOR_20260906_1_PA011","TOR_20260906_1",2026-09-06
3,"fit","TOR_20260906_1_PA012","TOR_20260906_1",2026-09-06
3,"fit","TOR_20260906_1_PA013","TOR_20260906_1",2026-09-06
3,"fit","TOR_20260906_1_PA014","TOR_20260906_1",2026-09-06
3,"fit","TOR_20260906_1_PA015","TOR_20260906_1",2026-09-06
3,"fit","TOR_20260906_1_PA016","TOR_20260906_1",2026-09-06
3,"fit","TOR_20260906_1_PA017","TOR_20260906_1",2026-09-06
3,"fit","TOR_20260906_1_PA018","TOR_20260906_1",2026-09-06
3,"fit","TOR_20260906_1_PA019","TOR_20260906_1",2026-09-06
3,"fit","TOR_20260906_1_PA020","TOR_20260906_1",2026-09-06
3,"fit","TOR_20260906_1_PA021","TOR_20260906_1",2026-09-06
3,"fit","TOR_20260906_1_PA022","TOR_20260906_1",2026-09-06
3,"fit","TOR_20260906_1_PA023","TOR_20260906_1",2026-09-06
3,"fit","TOR_20260906_1_PA024","TOR_20260906_1",2026-09-06
3,"fit","TOR_20260906_1_PA025","TOR_20260906_1",2026-09-06
3,"fit","TOR_20260906_1_PA026","TOR_20260906_1",2026-09-06
3,"fit","TOR_20260906_1_PA027","TOR_20260906_1",2026-09-06
3,"fit","TOR_20260906_1_PA028","TOR_20260906_1",2026-09-06
3,"fit","TOR_20260906_1_PA029","TOR_20260906_1",2026-09-06
3,"fit","TOR_20260906_1_PA030","TOR_20260906_1",2026-09-06
3,"fit","TOR_20260906_1_PA031","TOR_20260906_1",2026-09-06
3,"fit","TOR_20260906_1_PA032","TOR_20260906_1",2026-09-06
3,"fit","TOR_20260906_1_PA033","TOR_20260906_1",2026-09-06
3,"fit","TOR_20260906_1_PA034","TOR_20260906_1",2026-09-06
3,"fit","TOR_20260907_1_PA001","TOR_20260907_1",2026-09-07
3,"fit","TOR_20260907_1_PA002","TOR_20260907_1",2026-09-07
3,"fit","TOR_20260907_1_PA003","TOR_20260907_1",2026-09-07
3,"fit","TOR_20260907_1_PA004","TOR_20260907_1",2026-09-07
3,"fit","TOR_20260907_1_PA005","TOR_20260907_1",2026-09-07
3,"fit","TOR_20260907_1_PA006","TOR_20260907_1",2026-09-07
3,"fit","TOR_20260907_1_PA007","TOR_20260907_1",2026-09-07
3,"fit","TOR_20260907_1_PA008","TOR_20260907_1",2026-09-07
3,"fit","TOR_20260907_1_PA009","TOR_20260907_1",2026-09-07
3,"fit","TOR_20260907_1_PA010","TOR_20260907_1",2026-09-07
3,"fit","TOR_20260907_1_PA011","TOR_20260907_1",2026-09-07
3,"fit","TOR_20260907_1_PA012","TOR_20260907_1",2026-09-07
3,"fit","TOR_20260907_1_PA013","TOR_20260907_1",2026-09-07
3,"fit","TOR_20260907_1_PA014","TOR_20260907_1",2026-09-07
3,"fit","TOR_20260907_1_PA015","TOR_20260907_1",2026-09-07
3,"fit","TOR_20260907_1_PA016","TOR_20260907_1",2026-09-07
3,"fit","TOR_20260907_1_PA017","TOR_20260907_1",2026-09-07
3,"fit","TOR_20260907_1_PA018","TOR_20260907_1",2026-09-07
3,"fit","TOR_20260907_1_PA019","TOR_20260907_1",2026-09-07
3,"fit","TOR_20260907_1_PA020","TOR_20260907_1",2026-09-07
3,"fit","TOR_20260907_1_PA021","TOR_20260907_1",2026-09-07
3,"fit","TOR_20260907_1_PA022","TOR_20260907_1",2026-09-07
3,"fit","TOR_20260907_1_PA023","TOR_20260907_1",2026-09-07
3,"fit","TOR_20260907_1_PA024","TOR_20260907_1",2026-09-07
3,"fit","TOR_20260907_1_PA025","TOR_20260907_1",2026-09-07
3,"fit","TOR_20260907_1_PA026","TOR_20260907_1",2026-09-07
3,"fit","TOR_20260907_1_PA027","TOR_20260907_1",2026-09-07
3,"fit","TOR_20260907_1_PA028","TOR_20260907_1",2026-09-07
3,"fit","TOR_20260907_1_PA029","TOR_20260907_1",2026-09-07
3,"fit","TOR_20260907_1_PA030","TOR_20260907_1",2026-09-07
3,"fit","TOR_20260907_1_PA031","TOR_20260907_1",2026-09-07
3,"fit","TOR_20260907_1_PA032","TOR_20260907_1",2026-09-07
3,"fit","TOR_20260907_1_PA033","TOR_20260907_1",2026-09-07
3,"fit","TOR_20260907_1_PA034","TOR_20260907_1",2026-09-07
3,"fit","TOR_20260907_1_PA035","TOR_20260907_1",2026-09-07
3,"fit","TOR_20260907_1_PA036","TOR_20260907_1",2026-09-07
3,"fit","TOR_20260907_1_PA037","TOR_20260907_1",2026-09-07
3,"fit","TOR_20260907_1_PA038","TOR_20260907_1",2026-09-07
3,"assess","TOR_20260908_1_PA001","TOR_20260908_1",2026-09-08
3,"assess","TOR_20260908_1_PA002","TOR_20260908_1",2026-09-08
3,"assess","TOR_20260908_1_PA003","TOR_20260908_1",2026-09-08
3,"assess","TOR_20260908_1_PA004","TOR_20260908_1",2026-09-08
3,"assess","TOR_20260908_1_PA005","TOR_20260908_1",2026-09-08
3,"assess","TOR_20260908_1_PA006","TOR_20260908_1",2026-09-08
3,"assess","TOR_20260908_1_PA007","TOR_20260908_1",2026-09-08
3,"assess","TOR_20260908_1_PA008","TOR_20260908_1",2026-09-08
3,"assess","TOR_20260908_1_PA009","TOR_20260908_1",2026-09-08
3,"assess","TOR_20260908_1_PA010","TOR_20260908_1",2026-09-08
3,"assess","TOR_20260908_1_PA011","TOR_20260908_1",2026-09-08
3,"assess","TOR_20260908_1_PA012","TOR_20260908_1",2026-09-08
3,"assess","TOR_20260908_1_PA013","TOR_20260908_1",2026-09-08
3,"assess","TOR_20260908_1_PA014","TOR_20260908_1",2026-09-08
3,"assess","TOR_20260908_1_PA015","TOR_20260908_1",2026-09-08
3,"assess","TOR_20260908_1_PA016","TOR_20260908_1",2026-09-08
3,"assess","TOR_20260908_1_PA017","TOR_20260908_1",2026-09-08
3,"assess","TOR_20260908_1_PA018","TOR_20260908_1",2026-09-08
3,"assess","TOR_20260908_1_PA019","TOR_20260908_1",2026-09-08
3,"assess","TOR_20260908_1_PA020","TOR_20260908_1",2026-09-08
3,"assess","TOR_20260908_1_PA021","TOR_20260908_1",2026-09-08
3,"assess","TOR_20260908_1_PA022","TOR_20260908_1",2026-09-08
3,"assess","TOR_20260908_1_PA023","TOR_20260908_1",2026-09-08
3,"assess","TOR_20260908_1_PA024","TOR_20260908_1",2026-09-08
3,"assess","TOR_20260908_1_PA025","TOR_20260908_1",2026-09-08
3,"assess","TOR_20260908_1_PA026","TOR_20260908_1",2026-09-08
3,"assess","TOR_20260908_1_PA027","TOR_20260908_1",2026-09-08
3,"assess","TOR_20260908_1_PA028","TOR_20260908_1",2026-09-08
3,"assess","TOR_20260908_1_PA029","TOR_20260908_1",2026-09-08
3,"assess","TOR_20260908_1_PA030","TOR_20260908_1",2026-09-08
3,"assess","TOR_20260908_1_PA031","TOR_20260908_1",2026-09-08
3,"assess","TOR_20260908_1_PA032","TOR_20260908_1",2026-09-08
3,"assess","TOR_20260908_1_PA033","TOR_20260908_1",2026-09-08
3,"assess","TOR_20260908_1_PA034","TOR_20260908_1",2026-09-08
3,"assess","TOR_20260908_1_PA035","TOR_20260908_1",2026-09-08
3,"assess","TOR_20260908_1_PA036","TOR_20260908_1",2026-09-08
3,"assess","TOR_20260909_1_PA001","TOR_20260909_1",2026-09-09
3,"assess","TOR_20260909_1_PA002","TOR_20260909_1",2026-09-09
3,"assess","TOR_20260909_1_PA003","TOR_20260909_1",2026-09-09
3,"assess","TOR_20260909_1_PA004","TOR_20260909_1",2026-09-09
3,"assess","TOR_20260909_1_PA005","TOR_20260909_1",2026-09-09
3,"assess","TOR_20260909_1_PA006","TOR_20260909_1",2026-09-09
3,"assess","TOR_20260909_1_PA007","TOR_20260909_1",2026-09-09
3,"assess","TOR_20260909_1_PA008","TOR_20260909_1",2026-09-09
3,"assess","TOR_20260909_1_PA009","TOR_20260909_1",2026-09-09
3,"assess","TOR_20260909_1_PA010","TOR_20260909_1",2026-09-09
3,"assess","TOR_20260909_1_PA011","TOR_20260909_1",2026-09-09
3,"assess","TOR_20260909_1_PA012","TOR_20260909_1",2026-09-09
3,"assess","TOR_20260909_1_PA013","TOR_20260909_1",2026-09-09
3,"assess","TOR_20260909_1_PA014","TOR_20260909_1",2026-09-09
3,"assess","TOR_20260909_1_PA015","TOR_20260909_1",2026-09-09
3,"assess","TOR_20260909_1_PA016","TOR_20260909_1",2026-09-09
3,"assess","TOR_20260909_1_PA017","TOR_20260909_1",2026-09-09
3,"assess","TOR_20260909_1_PA018","TOR_20260909_1",2026-09-09
3,"assess","TOR_20260909_1_PA019","TOR_20260909_1",2026-09-09
3,"assess","TOR_20260909_1_PA020","TOR_20260909_1",2026-09-09
3,"assess","TOR_20260909_1_PA021","TOR_20260909_1",2026-09-09
3,"assess","TOR_20260909_1_PA022","TOR_20260909_1",2026-09-09
3,"assess","TOR_20260909_1_PA023","TOR_20260909_1",2026-09-09
3,"assess","TOR_20260909_1_PA024","TOR_20260909_1",2026-09-09
3,"assess","TOR_20260909_1_PA025","TOR_20260909_1",2026-09-09
3,"assess","TOR_20260909_1_PA026","TOR_20260909_1",2026-09-09
3,"assess","TOR_20260909_1_PA027","TOR_20260909_1",2026-09-09
3,"assess","TOR_20260909_1_PA028","TOR_20260909_1",2026-09-09
3,"assess","TOR_20260909_1_PA029","TOR_20260909_1",2026-09-09
3,"assess","TOR_20260909_1_PA030","TOR_20260909_1",2026-09-09
3,"assess","TOR_20260909_1_PA031","TOR_20260909_1",2026-09-09
3,"assess","TOR_20260909_1_PA032","TOR_20260909_1",2026-09-09
3,"assess","TOR_20260909_1_PA033","TOR_20260909_1",2026-09-09
3,"assess","TOR_20260909_1_PA034","TOR_20260909_1",2026-09-09
3,"assess","TOR_20260911_1_PA001","TOR_20260911_1",2026-09-11
3,"assess","TOR_20260911_1_PA002","TOR_20260911_1",2026-09-11
3,"assess","TOR_20260911_1_PA003","TOR_20260911_1",2026-09-11
3,"assess","TOR_20260911_1_PA004","TOR_20260911_1",2026-09-11
3,"assess","TOR_20260911_1_PA005","TOR_20260911_1",2026-09-11
3,"assess","TOR_20260911_1_PA006","TOR_20260911_1",2026-09-11
3,"assess","TOR_20260911_1_PA007","TOR_20260911_1",2026-09-11
3,"assess","TOR_20260911_1_PA008","TOR_20260911_1",2026-09-11
3,"assess","TOR_20260911_1_PA009","TOR_20260911_1",2026-09-11
3,"assess","TOR_20260911_1_PA010","TOR_20260911_1",2026-09-11
3,"assess","TOR_20260911_1_PA011","TOR_20260911_1",2026-09-11
3,"assess","TOR_20260911_1_PA012","TOR_20260911_1",2026-09-11
3,"assess","TOR_20260911_1_PA013","TOR_20260911_1",2026-09-11
3,"assess","TOR_20260911_1_PA014","TOR_20260911_1",2026-09-11
3,"assess","TOR_20260911_1_PA015","TOR_20260911_1",2026-09-11
3,"assess","TOR_20260911_1_PA016","TOR_20260911_1",2026-09-11
3,"assess","TOR_20260911_1_PA017","TOR_20260911_1",2026-09-11
3,"assess","TOR_20260911_1_PA018","TOR_20260911_1",2026-09-11
3,"assess","TOR_20260911_1_PA019","TOR_20260911_1",2026-09-11
3,"assess","TOR_20260911_1_PA020","TOR_20260911_1",2026-09-11
3,"assess","TOR_20260911_1_PA021","TOR_20260911_1",2026-09-11
3,"assess","TOR_20260911_1_PA022","TOR_20260911_1",2026-09-11
3,"assess","TOR_20260911_1_PA023","TOR_20260911_1",2026-09-11
3,"assess","TOR_20260911_1_PA024","TOR_20260911_1",2026-09-11
3,"assess","TOR_20260911_1_PA025","TOR_20260911_1",2026-09-11
3,"assess","TOR_20260911_1_PA026","TOR_20260911_1",2026-09-11
3,"assess","TOR_20260911_1_PA027","TOR_20260911_1",2026-09-11
3,"assess","TOR_20260911_1_PA028","TOR_20260911_1",2026-09-11
3,"assess","TOR_20260911_1_PA029","TOR_20260911_1",2026-09-11
3,"assess","TOR_20260911_1_PA030","TOR_20260911_1",2026-09-11
3,"assess","TOR_20260911_1_PA031","TOR_20260911_1",2026-09-11
3,"assess","TOR_20260911_1_PA032","TOR_20260911_1",2026-09-11
3,"assess","TOR_20260911_1_PA033","TOR_20260911_1",2026-09-11
3,"assess","TOR_20260911_1_PA034","TOR_20260911_1",2026-09-11
3,"assess","TOR_20260911_1_PA035","TOR_20260911_1",2026-09-11
3,"assess","TOR_20260911_1_PA036","TOR_20260911_1",2026-09-11
3,"assess","TOR_20260911_1_PA037","TOR_20260911_1",2026-09-11
3,"assess","TOR_20260911_1_PA038","TOR_20260911_1",2026-09-11
3,"assess","TOR_20260911_1_PA039","TOR_20260911_1",2026-09-11
3,"assess","TOR_20260911_1_PA040","TOR_20260911_1",2026-09-11
3,"assess","TOR_20260912_1_PA001","TOR_20260912_1",2026-09-12
3,"assess","TOR_20260912_1_PA002","TOR_20260912_1",2026-09-12
3,"assess","TOR_20260912_1_PA003","TOR_20260912_1",2026-09-12
3,"assess","TOR_20260912_1_PA004","TOR_20260912_1",2026-09-12
3,"assess","TOR_20260912_1_PA005","TOR_20260912_1",2026-09-12
3,"assess","TOR_20260912_1_PA006","TOR_20260912_1",2026-09-12
3,"assess","TOR_20260912_1_PA007","TOR_20260912_1",2026-09-12
3,"assess","TOR_20260912_1_PA008","TOR_20260912_1",2026-09-12
3,"assess","TOR_20260912_1_PA009","TOR_20260912_1",2026-09-12
3,"assess","TOR_20260912_1_PA010","TOR_20260912_1",2026-09-12
3,"assess","TOR_20260912_1_PA011","TOR_20260912_1",2026-09-12
3,"assess","TOR_20260912_1_PA012","TOR_20260912_1",2026-09-12
3,"assess","TOR_20260912_1_PA013","TOR_20260912_1",2026-09-12
3,"assess","TOR_20260912_1_PA014","TOR_20260912_1",2026-09-12
3,"assess","TOR_20260912_1_PA015","TOR_20260912_1",2026-09-12
3,"assess","TOR_20260912_1_PA016","TOR_20260912_1",2026-09-12
3,"assess","TOR_20260912_1_PA017","TOR_20260912_1",2026-09-12
3,"assess","TOR_20260912_1_PA018","TOR_20260912_1",2026-09-12
3,"assess","TOR_20260912_1_PA019","TOR_20260912_1",2026-09-12
3,"assess","TOR_20260912_1_PA020","TOR_20260912_1",2026-09-12
3,"assess","TOR_20260912_1_PA021","TOR_20260912_1",2026-09-12
3,"assess","TOR_20260912_1_PA022","TOR_20260912_1",2026-09-12
3,"assess","TOR_20260912_1_PA023","TOR_20260912_1",2026-09-12
3,"assess","TOR_20260912_1_PA024","TOR_20260912_1",2026-09-12
3,"assess","TOR_20260912_1_PA025","TOR_20260912_1",2026-09-12
3,"assess","TOR_20260912_1_PA026","TOR_20260912_1",2026-09-12
3,"assess","TOR_20260912_1_PA027","TOR_20260912_1",2026-09-12
3,"assess","TOR_20260912_1_PA028","TOR_20260912_1",2026-09-12
3,"assess","TOR_20260912_1_PA029","TOR_20260912_1",2026-09-12
3,"assess","TOR_20260912_1_PA030","TOR_20260912_1",2026-09-12
3,"assess","TOR_20260912_1_PA031","TOR_20260912_1",2026-09-12
3,"assess","TOR_20260912_1_PA032","TOR_20260912_1",2026-09-12
3,"assess","TOR_20260912_1_PA033","TOR_20260912_1",2026-09-12
3,"assess","TOR_20260912_1_PA034","TOR_20260912_1",2026-09-12
3,"assess","TOR_20260912_1_PA035","TOR_20260912_1",2026-09-12
3,"assess","TOR_20260912_1_PA036","TOR_20260912_1",2026-09-12
3,"assess","TOR_20260912_1_PA037","TOR_20260912_1",2026-09-12
3,"assess","TOR_20260912_1_PA038","TOR_20260912_1",2026-09-12
3,"assess","TOR_20260912_1_PA039","TOR_20260912_1",2026-09-12
3,"assess","TOR_20260913_1_PA001","TOR_20260913_1",2026-09-13
3,"assess","TOR_20260913_1_PA002","TOR_20260913_1",2026-09-13
3,"assess","TOR_20260913_1_PA003","TOR_20260913_1",2026-09-13
3,"assess","TOR_20260913_1_PA004","TOR_20260913_1",2026-09-13
3,"assess","TOR_20260913_1_PA005","TOR_20260913_1",2026-09-13
3,"assess","TOR_20260913_1_PA006","TOR_20260913_1",2026-09-13
3,"assess","TOR_20260913_1_PA007","TOR_20260913_1",2026-09-13
3,"assess","TOR_20260913_1_PA008","TOR_20260913_1",2026-09-13
3,"assess","TOR_20260913_1_PA009","TOR_20260913_1",2026-09-13
3,"assess","TOR_20260913_1_PA010","TOR_20260913_1",2026-09-13
3,"assess","TOR_20260913_1_PA011","TOR_20260913_1",2026-09-13
3,"assess","TOR_20260913_1_PA012","TOR_20260913_1",2026-09-13
3,"assess","TOR_20260913_1_PA013","TOR_20260913_1",2026-09-13
3,"assess","TOR_20260913_1_PA014","TOR_20260913_1",2026-09-13
3,"assess","TOR_20260913_1_PA015","TOR_20260913_1",2026-09-13
3,"assess","TOR_20260913_1_PA016","TOR_20260913_1",2026-09-13
3,"assess","TOR_20260913_1_PA017","TOR_20260913_1",2026-09-13
3,"assess","TOR_20260913_1_PA018","TOR_20260913_1",2026-09-13
3,"assess","TOR_20260913_1_PA019","TOR_20260913_1",2026-09-13
3,"assess","TOR_20260913_1_PA020","TOR_20260913_1",2026-09-13
3,"assess","TOR_20260913_1_PA021","TOR_20260913_1",2026-09-13
3,"assess","TOR_20260913_1_PA022","TOR_20260913_1",2026-09-13
3,"assess","TOR_20260913_1_PA023","TOR_20260913_1",2026-09-13
3,"assess","TOR_20260913_1_PA024","TOR_20260913_1",2026-09-13
3,"assess","TOR_20260913_1_PA025","TOR_20260913_1",2026-09-13
3,"assess","TOR_20260913_1_PA026","TOR_20260913_1",2026-09-13
3,"assess","TOR_20260913_1_PA027","TOR_20260913_1",2026-09-13
3,"assess","TOR_20260913_1_PA028","TOR_20260913_1",2026-09-13
3,"assess","TOR_20260913_1_PA029","TOR_20260913_1",2026-09-13
3,"assess","TOR_20260913_1_PA030","TOR_20260913_1",2026-09-13
3,"assess","TOR_20260913_1_PA031","TOR_20260913_1",2026-09-13
3,"assess","TOR_20260913_1_PA032","TOR_20260913_1",2026-09-13
3,"assess","TOR_20260913_1_PA033","TOR_20260913_1",2026-09-13
3,"assess","TOR_20260913_1_PA034","TOR_20260913_1",2026-09-13
3,"assess","TOR_20260913_1_PA035","TOR_20260913_1",2026-09-13
3,"assess","TOR_20260913_1_PA036","TOR_20260913_1",2026-09-13
3,"assess","TOR_20260913_1_PA037","TOR_20260913_1",2026-09-13
3,"assess","TOR_20260913_1_PA038","TOR_20260913_1",2026-09-13
3,"assess","TOR_20260913_1_PA039","TOR_20260913_1",2026-09-13
