"fold","model","pa_id","game_id","game_date","target_strikeout","probability"
1,"M0_prevalence","TOR_20260828_1_PA001","TOR_20260828_1",2026-08-28,0,0.181818181818182
1,"M0_prevalence","TOR_20260828_1_PA002","TOR_20260828_1",2026-08-28,0,0.181818181818182
1,"M0_prevalence","TOR_20260828_1_PA003","TOR_20260828_1",2026-08-28,0,0.181818181818182
1,"M0_prevalence","TOR_20260828_1_PA004","TOR_20260828_1",2026-08-28,0,0.181818181818182
1,"M0_prevalence","TOR_20260828_1_PA005","TOR_20260828_1",2026-08-28,0,0.181818181818182
1,"M0_prevalence","TOR_20260828_1_PA006","TOR_20260828_1",2026-08-28,0,0.181818181818182
1,"M0_prevalence","TOR_20260828_1_PA007","TOR_20260828_1",2026-08-28,0,0.181818181818182
1,"M0_prevalence","TOR_20260828_1_PA008","TOR_20260828_1",2026-08-28,0,0.181818181818182
1,"M0_prevalence","TOR_20260828_1_PA009","TOR_20260828_1",2026-08-28,0,0.181818181818182
1,"M0_prevalence","TOR_20260828_1_PA010","TOR_20260828_1",2026-08-28,0,0.181818181818182
1,"M0_prevalence","TOR_20260828_1_PA011","TOR_20260828_1",2026-08-28,0,0.181818181818182
1,"M0_prevalence","TOR_20260828_1_PA012","TOR_20260828_1",2026-08-28,0,0.181818181818182
1,"M0_prevalence","TOR_20260828_1_PA013","TOR_20260828_1",2026-08-28,0,0.181818181818182
1,"M0_prevalence","TOR_20260828_1_PA014","TOR_20260828_1",2026-08-28,0,0.181818181818182
1,"M0_prevalence","TOR_20260828_1_PA015","TOR_20260828_1",2026-08-28,0,0.181818181818182
1,"M0_prevalence","TOR_20260828_1_PA016","TOR_20260828_1",2026-08-28,0,0.181818181818182
1,"M0_prevalence","TOR_20260828_1_PA017","TOR_20260828_1",2026-08-28,0,0.181818181818182
1,"M0_prevalence","TOR_20260828_1_PA018","TOR_20260828_1",2026-08-28,0,0.181818181818182
1,"M0_prevalence","TOR_20260828_1_PA019","TOR_20260828_1",2026-08-28,1,0.181818181818182
1,"M0_prevalence","TOR_20260828_1_PA020","TOR_20260828_1",2026-08-28,0,0.181818181818182
1,"M0_prevalence","TOR_20260828_1_PA021","TOR_20260828_1",2026-08-28,0,0.181818181818182
1,"M0_prevalence","TOR_20260828_1_PA022","TOR_20260828_1",2026-08-28,0,0.181818181818182
1,"M0_prevalence","TOR_20260828_1_PA023","TOR_20260828_1",2026-08-28,0,0.181818181818182
1,"M0_prevalence","TOR_20260828_1_PA024","TOR_20260828_1",2026-08-28,0,0.181818181818182
1,"M0_prevalence","TOR_20260828_1_PA025","TOR_20260828_1",2026-08-28,0,0.181818181818182
1,"M0_prevalence","TOR_20260828_1_PA026","TOR_20260828_1",2026-08-28,0,0.181818181818182
1,"M0_prevalence","TOR_20260828_1_PA027","TOR_20260828_1",2026-08-28,0,0.181818181818182
1,"M0_prevalence","TOR_20260828_1_PA028","TOR_20260828_1",2026-08-28,0,0.181818181818182
1,"M0_prevalence","TOR_20260828_1_PA029","TOR_20260828_1",2026-08-28,0,0.181818181818182
1,"M0_prevalence","TOR_20260828_1_PA030","TOR_20260828_1",2026-08-28,0,0.181818181818182
1,"M0_prevalence","TOR_20260828_1_PA031","TOR_20260828_1",2026-08-28,0,0.181818181818182
1,"M0_prevalence","TOR_20260828_1_PA032","TOR_20260828_1",2026-08-28,0,0.181818181818182
1,"M0_prevalence","TOR_20260828_1_PA033","TOR_20260828_1",2026-08-28,0,0.181818181818182
1,"M0_prevalence","TOR_20260828_1_PA034","TOR_20260828_1",2026-08-28,1,0.181818181818182
1,"M0_prevalence","TOR_20260828_1_PA035","TOR_20260828_1",2026-08-28,1,0.181818181818182
1,"M0_prevalence","TOR_20260828_1_PA036","TOR_20260828_1",2026-08-28,0,0.181818181818182
1,"M0_prevalence","TOR_20260828_1_PA037","TOR_20260828_1",2026-08-28,0,0.181818181818182
1,"M0_prevalence","TOR_20260828_1_PA038","TOR_20260828_1",2026-08-28,0,0.181818181818182
1,"M0_prevalence","TOR_20260829_1_PA001","TOR_20260829_1",2026-08-29,1,0.181818181818182
1,"M0_prevalence","TOR_20260829_1_PA002","TOR_20260829_1",2026-08-29,0,0.181818181818182
1,"M0_prevalence","TOR_20260829_1_PA003","TOR_20260829_1",2026-08-29,0,0.181818181818182
1,"M0_prevalence","TOR_20260829_1_PA004","TOR_20260829_1",2026-08-29,0,0.181818181818182
1,"M0_prevalence","TOR_20260829_1_PA005","TOR_20260829_1",2026-08-29,0,0.181818181818182
1,"M0_prevalence","TOR_20260829_1_PA006","TOR_20260829_1",2026-08-29,0,0.181818181818182
1,"M0_prevalence","TOR_20260829_1_PA007","TOR_20260829_1",2026-08-29,0,0.181818181818182
1,"M0_prevalence","TOR_20260829_1_PA008","TOR_20260829_1",2026-08-29,0,0.181818181818182
1,"M0_prevalence","TOR_20260829_1_PA009","TOR_20260829_1",2026-08-29,0,0.181818181818182
1,"M0_prevalence","TOR_20260829_1_PA010","TOR_20260829_1",2026-08-29,0,0.181818181818182
1,"M0_prevalence","TOR_20260829_1_PA011","TOR_20260829_1",2026-08-29,1,0.181818181818182
1,"M0_prevalence","TOR_20260829_1_PA012","TOR_20260829_1",2026-08-29,0,0.181818181818182
1,"M0_prevalence","TOR_20260829_1_PA013","TOR_20260829_1",2026-08-29,0,0.181818181818182
1,"M0_prevalence","TOR_20260829_1_PA014","TOR_20260829_1",2026-08-29,0,0.181818181818182
1,"M0_prevalence","TOR_20260829_1_PA015","TOR_20260829_1",2026-08-29,0,0.181818181818182
1,"M0_prevalence","TOR_20260829_1_PA016","TOR_20260829_1",2026-08-29,0,0.181818181818182
1,"M0_prevalence","TOR_20260829_1_PA017","TOR_20260829_1",2026-08-29,1,0.181818181818182
1,"M0_prevalence","TOR_20260829_1_PA018","TOR_20260829_1",2026-08-29,0,0.181818181818182
1,"M0_prevalence","TOR_20260829_1_PA019","TOR_20260829_1",2026-08-29,0,0.181818181818182
1,"M0_prevalence","TOR_20260829_1_PA020","TOR_20260829_1",2026-08-29,1,0.181818181818182
1,"M0_prevalence","TOR_20260829_1_PA021","TOR_20260829_1",2026-08-29,0,0.181818181818182
1,"M0_prevalence","TOR_20260829_1_PA022","TOR_20260829_1",2026-08-29,0,0.181818181818182
1,"M0_prevalence","TOR_20260829_1_PA023","TOR_20260829_1",2026-08-29,0,0.181818181818182
1,"M0_prevalence","TOR_20260829_1_PA024","TOR_20260829_1",2026-08-29,0,0.181818181818182
1,"M0_prevalence","TOR_20260829_1_PA025","TOR_20260829_1",2026-08-29,0,0.181818181818182
1,"M0_prevalence","TOR_20260829_1_PA026","TOR_20260829_1",2026-08-29,0,0.181818181818182
1,"M0_prevalence","TOR_20260829_1_PA027","TOR_20260829_1",2026-08-29,0,0.181818181818182
1,"M0_prevalence","TOR_20260829_1_PA028","TOR_20260829_1",2026-08-29,0,0.181818181818182
1,"M0_prevalence","TOR_20260829_1_PA029","TOR_20260829_1",2026-08-29,0,0.181818181818182
1,"M0_prevalence","TOR_20260829_1_PA030","TOR_20260829_1",2026-08-29,0,0.181818181818182
1,"M0_prevalence","TOR_20260829_1_PA031","TOR_20260829_1",2026-08-29,0,0.181818181818182
1,"M0_prevalence","TOR_20260829_1_PA032","TOR_20260829_1",2026-08-29,1,0.181818181818182
1,"M0_prevalence","TOR_20260829_1_PA033","TOR_20260829_1",2026-08-29,0,0.181818181818182
1,"M0_prevalence","TOR_20260829_1_PA034","TOR_20260829_1",2026-08-29,1,0.181818181818182
1,"M0_prevalence","TOR_20260829_1_PA035","TOR_20260829_1",2026-08-29,0,0.181818181818182
1,"M0_prevalence","TOR_20260829_1_PA036","TOR_20260829_1",2026-08-29,0,0.181818181818182
1,"M0_prevalence","TOR_20260830_1_PA001","TOR_20260830_1",2026-08-30,0,0.181818181818182
1,"M0_prevalence","TOR_20260830_1_PA002","TOR_20260830_1",2026-08-30,0,0.181818181818182
1,"M0_prevalence","TOR_20260830_1_PA003","TOR_20260830_1",2026-08-30,0,0.181818181818182
1,"M0_prevalence","TOR_20260830_1_PA004","TOR_20260830_1",2026-08-30,1,0.181818181818182
1,"M0_prevalence","TOR_20260830_1_PA005","TOR_20260830_1",2026-08-30,0,0.181818181818182
1,"M0_prevalence","TOR_20260830_1_PA006","TOR_20260830_1",2026-08-30,0,0.181818181818182
1,"M0_prevalence","TOR_20260830_1_PA007","TOR_20260830_1",2026-08-30,1,0.181818181818182
1,"M0_prevalence","TOR_20260830_1_PA008","TOR_20260830_1",2026-08-30,0,0.181818181818182
1,"M0_prevalence","TOR_20260830_1_PA009","TOR_20260830_1",2026-08-30,0,0.181818181818182
1,"M0_prevalence","TOR_20260830_1_PA010","TOR_20260830_1",2026-08-30,1,0.181818181818182
1,"M0_prevalence","TOR_20260830_1_PA011","TOR_20260830_1",2026-08-30,0,0.181818181818182
1,"M0_prevalence","TOR_20260830_1_PA012","TOR_20260830_1",2026-08-30,0,0.181818181818182
1,"M0_prevalence","TOR_20260830_1_PA013","TOR_20260830_1",2026-08-30,0,0.181818181818182
1,"M0_prevalence","TOR_20260830_1_PA014","TOR_20260830_1",2026-08-30,0,0.181818181818182
1,"M0_prevalence","TOR_20260830_1_PA015","TOR_20260830_1",2026-08-30,0,0.181818181818182
1,"M0_prevalence","TOR_20260830_1_PA016","TOR_20260830_1",2026-08-30,0,0.181818181818182
1,"M0_prevalence","TOR_20260830_1_PA017","TOR_20260830_1",2026-08-30,0,0.181818181818182
1,"M0_prevalence","TOR_20260830_1_PA018","TOR_20260830_1",2026-08-30,0,0.181818181818182
1,"M0_prevalence","TOR_20260830_1_PA019","TOR_20260830_1",2026-08-30,0,0.181818181818182
1,"M0_prevalence","TOR_20260830_1_PA020","TOR_20260830_1",2026-08-30,0,0.181818181818182
1,"M0_prevalence","TOR_20260830_1_PA021","TOR_20260830_1",2026-08-30,0,0.181818181818182
1,"M0_prevalence","TOR_20260830_1_PA022","TOR_20260830_1",2026-08-30,1,0.181818181818182
1,"M0_prevalence","TOR_20260830_1_PA023","TOR_20260830_1",2026-08-30,1,0.181818181818182
1,"M0_prevalence","TOR_20260830_1_PA024","TOR_20260830_1",2026-08-30,0,0.181818181818182
1,"M0_prevalence","TOR_20260830_1_PA025","TOR_20260830_1",2026-08-30,0,0.181818181818182
1,"M0_prevalence","TOR_20260830_1_PA026","TOR_20260830_1",2026-08-30,0,0.181818181818182
1,"M0_prevalence","TOR_20260830_1_PA027","TOR_20260830_1",2026-08-30,0,0.181818181818182
1,"M0_prevalence","TOR_20260830_1_PA028","TOR_20260830_1",2026-08-30,0,0.181818181818182
1,"M0_prevalence","TOR_20260830_1_PA029","TOR_20260830_1",2026-08-30,0,0.181818181818182
1,"M0_prevalence","TOR_20260830_1_PA030","TOR_20260830_1",2026-08-30,0,0.181818181818182
1,"M0_prevalence","TOR_20260830_1_PA031","TOR_20260830_1",2026-08-30,0,0.181818181818182
1,"M0_prevalence","TOR_20260830_1_PA032","TOR_20260830_1",2026-08-30,0,0.181818181818182
1,"M0_prevalence","TOR_20260830_1_PA033","TOR_20260830_1",2026-08-30,0,0.181818181818182
1,"M0_prevalence","TOR_20260830_1_PA034","TOR_20260830_1",2026-08-30,0,0.181818181818182
1,"M0_prevalence","TOR_20260830_1_PA035","TOR_20260830_1",2026-08-30,0,0.181818181818182
1,"M0_prevalence","TOR_20260830_1_PA036","TOR_20260830_1",2026-08-30,0,0.181818181818182
1,"M0_prevalence","TOR_20260830_1_PA037","TOR_20260830_1",2026-08-30,0,0.181818181818182
1,"M0_prevalence","TOR_20260830_1_PA038","TOR_20260830_1",2026-08-30,0,0.181818181818182
1,"M0_prevalence","TOR_20260901_1_PA001","TOR_20260901_1",2026-09-01,1,0.181818181818182
1,"M0_prevalence","TOR_20260901_1_PA002","TOR_20260901_1",2026-09-01,1,0.181818181818182
1,"M0_prevalence","TOR_20260901_1_PA003","TOR_20260901_1",2026-09-01,0,0.181818181818182
1,"M0_prevalence","TOR_20260901_1_PA004","TOR_20260901_1",2026-09-01,0,0.181818181818182
1,"M0_prevalence","TOR_20260901_1_PA005","TOR_20260901_1",2026-09-01,1,0.181818181818182
1,"M0_prevalence","TOR_20260901_1_PA006","TOR_20260901_1",2026-09-01,1,0.181818181818182
1,"M0_prevalence","TOR_20260901_1_PA007","TOR_20260901_1",2026-09-01,0,0.181818181818182
1,"M0_prevalence","TOR_20260901_1_PA008","TOR_20260901_1",2026-09-01,0,0.181818181818182
1,"M0_prevalence","TOR_20260901_1_PA009","TOR_20260901_1",2026-09-01,0,0.181818181818182
1,"M0_prevalence","TOR_20260901_1_PA010","TOR_20260901_1",2026-09-01,1,0.181818181818182
1,"M0_prevalence","TOR_20260901_1_PA011","TOR_20260901_1",2026-09-01,0,0.181818181818182
1,"M0_prevalence","TOR_20260901_1_PA012","TOR_20260901_1",2026-09-01,0,0.181818181818182
1,"M0_prevalence","TOR_20260901_1_PA013","TOR_20260901_1",2026-09-01,1,0.181818181818182
1,"M0_prevalence","TOR_20260901_1_PA014","TOR_20260901_1",2026-09-01,0,0.181818181818182
1,"M0_prevalence","TOR_20260901_1_PA015","TOR_20260901_1",2026-09-01,0,0.181818181818182
1,"M0_prevalence","TOR_20260901_1_PA016","TOR_20260901_1",2026-09-01,1,0.181818181818182
1,"M0_prevalence","TOR_20260901_1_PA017","TOR_20260901_1",2026-09-01,0,0.181818181818182
1,"M0_prevalence","TOR_20260901_1_PA018","TOR_20260901_1",2026-09-01,1,0.181818181818182
1,"M0_prevalence","TOR_20260901_1_PA019","TOR_20260901_1",2026-09-01,0,0.181818181818182
1,"M0_prevalence","TOR_20260901_1_PA020","TOR_20260901_1",2026-09-01,1,0.181818181818182
1,"M0_prevalence","TOR_20260901_1_PA021","TOR_20260901_1",2026-09-01,0,0.181818181818182
1,"M0_prevalence","TOR_20260901_1_PA022","TOR_20260901_1",2026-09-01,1,0.181818181818182
1,"M0_prevalence","TOR_20260901_1_PA023","TOR_20260901_1",2026-09-01,1,0.181818181818182
1,"M0_prevalence","TOR_20260901_1_PA024","TOR_20260901_1",2026-09-01,1,0.181818181818182
1,"M0_prevalence","TOR_20260901_1_PA025","TOR_20260901_1",2026-09-01,1,0.181818181818182
1,"M0_prevalence","TOR_20260901_1_PA026","TOR_20260901_1",2026-09-01,0,0.181818181818182
1,"M0_prevalence","TOR_20260901_1_PA027","TOR_20260901_1",2026-09-01,1,0.181818181818182
1,"M0_prevalence","TOR_20260901_1_PA028","TOR_20260901_1",2026-09-01,0,0.181818181818182
1,"M0_prevalence","TOR_20260901_1_PA029","TOR_20260901_1",2026-09-01,0,0.181818181818182
1,"M0_prevalence","TOR_20260901_1_PA030","TOR_20260901_1",2026-09-01,0,0.181818181818182
1,"M0_prevalence","TOR_20260901_1_PA031","TOR_20260901_1",2026-09-01,0,0.181818181818182
1,"M0_prevalence","TOR_20260901_1_PA032","TOR_20260901_1",2026-09-01,0,0.181818181818182
1,"M0_prevalence","TOR_20260902_1_PA001","TOR_20260902_1",2026-09-02,0,0.181818181818182
1,"M0_prevalence","TOR_20260902_1_PA002","TOR_20260902_1",2026-09-02,0,0.181818181818182
1,"M0_prevalence","TOR_20260902_1_PA003","TOR_20260902_1",2026-09-02,0,0.181818181818182
1,"M0_prevalence","TOR_20260902_1_PA004","TOR_20260902_1",2026-09-02,1,0.181818181818182
1,"M0_prevalence","TOR_20260902_1_PA005","TOR_20260902_1",2026-09-02,0,0.181818181818182
1,"M0_prevalence","TOR_20260902_1_PA006","TOR_20260902_1",2026-09-02,0,0.181818181818182
1,"M0_prevalence","TOR_20260902_1_PA007","TOR_20260902_1",2026-09-02,0,0.181818181818182
1,"M0_prevalence","TOR_20260902_1_PA008","TOR_20260902_1",2026-09-02,0,0.181818181818182
1,"M0_prevalence","TOR_20260902_1_PA009","TOR_20260902_1",2026-09-02,0,0.181818181818182
1,"M0_prevalence","TOR_20260902_1_PA010","TOR_20260902_1",2026-09-02,0,0.181818181818182
1,"M0_prevalence","TOR_20260902_1_PA011","TOR_20260902_1",2026-09-02,0,0.181818181818182
1,"M0_prevalence","TOR_20260902_1_PA012","TOR_20260902_1",2026-09-02,0,0.181818181818182
1,"M0_prevalence","TOR_20260902_1_PA013","TOR_20260902_1",2026-09-02,0,0.181818181818182
1,"M0_prevalence","TOR_20260902_1_PA014","TOR_20260902_1",2026-09-02,1,0.181818181818182
1,"M0_prevalence","TOR_20260902_1_PA015","TOR_20260902_1",2026-09-02,0,0.181818181818182
1,"M0_prevalence","TOR_20260902_1_PA016","TOR_20260902_1",2026-09-02,0,0.181818181818182
1,"M0_prevalence","TOR_20260902_1_PA017","TOR_20260902_1",2026-09-02,0,0.181818181818182
1,"M0_prevalence","TOR_20260902_1_PA018","TOR_20260902_1",2026-09-02,0,0.181818181818182
1,"M0_prevalence","TOR_20260902_1_PA019","TOR_20260902_1",2026-09-02,0,0.181818181818182
1,"M0_prevalence","TOR_20260902_1_PA020","TOR_20260902_1",2026-09-02,1,0.181818181818182
1,"M0_prevalence","TOR_20260902_1_PA021","TOR_20260902_1",2026-09-02,0,0.181818181818182
1,"M0_prevalence","TOR_20260902_1_PA022","TOR_20260902_1",2026-09-02,1,0.181818181818182
1,"M0_prevalence","TOR_20260902_1_PA023","TOR_20260902_1",2026-09-02,1,0.181818181818182
1,"M0_prevalence","TOR_20260902_1_PA024","TOR_20260902_1",2026-09-02,0,0.181818181818182
1,"M0_prevalence","TOR_20260902_1_PA025","TOR_20260902_1",2026-09-02,0,0.181818181818182
1,"M0_prevalence","TOR_20260902_1_PA026","TOR_20260902_1",2026-09-02,1,0.181818181818182
1,"M0_prevalence","TOR_20260902_1_PA027","TOR_20260902_1",2026-09-02,0,0.181818181818182
1,"M0_prevalence","TOR_20260902_1_PA028","TOR_20260902_1",2026-09-02,0,0.181818181818182
1,"M0_prevalence","TOR_20260902_1_PA029","TOR_20260902_1",2026-09-02,0,0.181818181818182
1,"M0_prevalence","TOR_20260902_1_PA030","TOR_20260902_1",2026-09-02,0,0.181818181818182
1,"M0_prevalence","TOR_20260902_1_PA031","TOR_20260902_1",2026-09-02,0,0.181818181818182
1,"M0_prevalence","TOR_20260902_1_PA032","TOR_20260902_1",2026-09-02,1,0.181818181818182
1,"M0_prevalence","TOR_20260902_1_PA033","TOR_20260902_1",2026-09-02,1,0.181818181818182
1,"M0_prevalence","TOR_20260902_1_PA034","TOR_20260902_1",2026-09-02,0,0.181818181818182
1,"M0_prevalence","TOR_20260902_1_PA035","TOR_20260902_1",2026-09-02,0,0.181818181818182
1,"M0_prevalence","TOR_20260902_1_PA036","TOR_20260902_1",2026-09-02,0,0.181818181818182
1,"M0_prevalence","TOR_20260902_1_PA037","TOR_20260902_1",2026-09-02,0,0.181818181818182
1,"M0_prevalence","TOR_20260902_1_PA038","TOR_20260902_1",2026-09-02,0,0.181818181818182
1,"M0_prevalence","TOR_20260902_1_PA040","TOR_20260902_1",2026-09-02,0,0.181818181818182
1,"M0_prevalence","TOR_20260902_1_PA041","TOR_20260902_1",2026-09-02,0,0.181818181818182
1,"M0_prevalence","TOR_20260902_1_PA042","TOR_20260902_1",2026-09-02,0,0.181818181818182
1,"M0_prevalence","TOR_20260902_1_PA043","TOR_20260902_1",2026-09-02,0,0.181818181818182
1,"M0_prevalence","TOR_20260902_1_PA044","TOR_20260902_1",2026-09-02,0,0.181818181818182
1,"M1_context","TOR_20260828_1_PA001","TOR_20260828_1",2026-08-28,0,0.230324407099459
1,"M1_context","TOR_20260828_1_PA002","TOR_20260828_1",2026-08-28,0,0.230324407099459
1,"M1_context","TOR_20260828_1_PA003","TOR_20260828_1",2026-08-28,0,0.202048985541142
1,"M1_context","TOR_20260828_1_PA004","TOR_20260828_1",2026-08-28,0,0.202048985541142
1,"M1_context","TOR_20260828_1_PA005","TOR_20260828_1",2026-08-28,0,0.202048985541142
1,"M1_context","TOR_20260828_1_PA006","TOR_20260828_1",2026-08-28,0,0.202048985541142
1,"M1_context","TOR_20260828_1_PA007","TOR_20260828_1",2026-08-28,0,0.202048985541142
1,"M1_context","TOR_20260828_1_PA008","TOR_20260828_1",2026-08-28,0,0.202048985541142
1,"M1_context","TOR_20260828_1_PA009","TOR_20260828_1",2026-08-28,0,0.21711281055159
1,"M1_context","TOR_20260828_1_PA010","TOR_20260828_1",2026-08-28,0,0.21711281055159
1,"M1_context","TOR_20260828_1_PA011","TOR_20260828_1",2026-08-28,0,0.21711281055159
1,"M1_context","TOR_20260828_1_PA012","TOR_20260828_1",2026-08-28,0,0.20445773147927
1,"M1_context","TOR_20260828_1_PA013","TOR_20260828_1",2026-08-28,0,0.20445773147927
1,"M1_context","TOR_20260828_1_PA014","TOR_20260828_1",2026-08-28,0,0.178620849090634
1,"M1_context","TOR_20260828_1_PA015","TOR_20260828_1",2026-08-28,0,0.178620849090634
1,"M1_context","TOR_20260828_1_PA016","TOR_20260828_1",2026-08-28,0,0.192359050569192
1,"M1_context","TOR_20260828_1_PA017","TOR_20260828_1",2026-08-28,0,0.192359050569192
1,"M1_context","TOR_20260828_1_PA018","TOR_20260828_1",2026-08-28,0,0.192359050569192
1,"M1_context","TOR_20260828_1_PA019","TOR_20260828_1",2026-08-28,1,0.180813583105729
1,"M1_context","TOR_20260828_1_PA020","TOR_20260828_1",2026-08-28,0,0.180813583105729
1,"M1_context","TOR_20260828_1_PA021","TOR_20260828_1",2026-08-28,0,0.180813583105729
1,"M1_context","TOR_20260828_1_PA022","TOR_20260828_1",2026-08-28,0,0.180813583105729
1,"M1_context","TOR_20260828_1_PA023","TOR_20260828_1",2026-08-28,0,0.180813583105729
1,"M1_context","TOR_20260828_1_PA024","TOR_20260828_1",2026-08-28,0,0.169815376032868
1,"M1_context","TOR_20260828_1_PA025","TOR_20260828_1",2026-08-28,0,0.169815376032868
1,"M1_context","TOR_20260828_1_PA026","TOR_20260828_1",2026-08-28,0,0.169815376032868
1,"M1_context","TOR_20260828_1_PA027","TOR_20260828_1",2026-08-28,0,0.169815376032868
1,"M1_context","TOR_20260828_1_PA028","TOR_20260828_1",2026-08-28,0,0.169815376032868
1,"M1_context","TOR_20260828_1_PA029","TOR_20260828_1",2026-08-28,0,0.149424914106619
1,"M1_context","TOR_20260828_1_PA030","TOR_20260828_1",2026-08-28,0,0.149424914106619
1,"M1_context","TOR_20260828_1_PA031","TOR_20260828_1",2026-08-28,0,0.149424914106619
1,"M1_context","TOR_20260828_1_PA032","TOR_20260828_1",2026-08-28,0,0.129411138946061
1,"M1_context","TOR_20260828_1_PA033","TOR_20260828_1",2026-08-28,0,0.129411138946061
1,"M1_context","TOR_20260828_1_PA034","TOR_20260828_1",2026-08-28,1,0.129411138946061
1,"M1_context","TOR_20260828_1_PA035","TOR_20260828_1",2026-08-28,1,0.129411138946061
1,"M1_context","TOR_20260828_1_PA036","TOR_20260828_1",2026-08-28,0,0.149424914106619
1,"M1_context","TOR_20260828_1_PA037","TOR_20260828_1",2026-08-28,0,0.149424914106619
1,"M1_context","TOR_20260828_1_PA038","TOR_20260828_1",2026-08-28,0,0.149424914106619
1,"M1_context","TOR_20260829_1_PA001","TOR_20260829_1",2026-08-29,1,0.230324407099459
1,"M1_context","TOR_20260829_1_PA002","TOR_20260829_1",2026-08-29,0,0.230324407099459
1,"M1_context","TOR_20260829_1_PA003","TOR_20260829_1",2026-08-29,0,0.230324407099459
1,"M1_context","TOR_20260829_1_PA004","TOR_20260829_1",2026-08-29,0,0.21711281055159
1,"M1_context","TOR_20260829_1_PA005","TOR_20260829_1",2026-08-29,0,0.21711281055159
1,"M1_context","TOR_20260829_1_PA006","TOR_20260829_1",2026-08-29,0,0.21711281055159
1,"M1_context","TOR_20260829_1_PA007","TOR_20260829_1",2026-08-29,0,0.21711281055159
1,"M1_context","TOR_20260829_1_PA008","TOR_20260829_1",2026-08-29,0,0.20445773147927
1,"M1_context","TOR_20260829_1_PA009","TOR_20260829_1",2026-08-29,0,0.20445773147927
1,"M1_context","TOR_20260829_1_PA010","TOR_20260829_1",2026-08-29,0,0.20445773147927
1,"M1_context","TOR_20260829_1_PA011","TOR_20260829_1",2026-08-29,1,0.20445773147927
1,"M1_context","TOR_20260829_1_PA012","TOR_20260829_1",2026-08-29,0,0.192359050569192
1,"M1_context","TOR_20260829_1_PA013","TOR_20260829_1",2026-08-29,0,0.192359050569192
1,"M1_context","TOR_20260829_1_PA014","TOR_20260829_1",2026-08-29,0,0.167728709015913
1,"M1_context","TOR_20260829_1_PA015","TOR_20260829_1",2026-08-29,0,0.167728709015913
1,"M1_context","TOR_20260829_1_PA016","TOR_20260829_1",2026-08-29,0,0.167728709015913
1,"M1_context","TOR_20260829_1_PA017","TOR_20260829_1",2026-08-29,1,0.180813583105729
1,"M1_context","TOR_20260829_1_PA018","TOR_20260829_1",2026-08-29,0,0.180813583105729
1,"M1_context","TOR_20260829_1_PA019","TOR_20260829_1",2026-08-29,0,0.180813583105729
1,"M1_context","TOR_20260829_1_PA020","TOR_20260829_1",2026-08-29,1,0.157373504768469
1,"M1_context","TOR_20260829_1_PA021","TOR_20260829_1",2026-08-29,0,0.157373504768469
1,"M1_context","TOR_20260829_1_PA022","TOR_20260829_1",2026-08-29,0,0.157373504768469
1,"M1_context","TOR_20260829_1_PA023","TOR_20260829_1",2026-08-29,0,0.157373504768469
1,"M1_context","TOR_20260829_1_PA024","TOR_20260829_1",2026-08-29,0,0.169815376032868
1,"M1_context","TOR_20260829_1_PA025","TOR_20260829_1",2026-08-29,0,0.169815376032868
1,"M1_context","TOR_20260829_1_PA026","TOR_20260829_1",2026-08-29,0,0.169815376032868
1,"M1_context","TOR_20260829_1_PA027","TOR_20260829_1",2026-08-29,0,0.147544272351872
1,"M1_context","TOR_20260829_1_PA028","TOR_20260829_1",2026-08-29,0,0.147544272351872
1,"M1_context","TOR_20260829_1_PA029","TOR_20260829_1",2026-08-29,0,0.147544272351872
1,"M1_context","TOR_20260829_1_PA030","TOR_20260829_1",2026-08-29,0,0.147544272351872
1,"M1_context","TOR_20260829_1_PA031","TOR_20260829_1",2026-08-29,0,0.159356012044302
1,"M1_context","TOR_20260829_1_PA032","TOR_20260829_1",2026-08-29,1,0.159356012044302
1,"M1_context","TOR_20260829_1_PA033","TOR_20260829_1",2026-08-29,0,0.159356012044302
1,"M1_context","TOR_20260829_1_PA034","TOR_20260829_1",2026-08-29,1,0.149424914106619
1,"M1_context","TOR_20260829_1_PA035","TOR_20260829_1",2026-08-29,0,0.149424914106619
1,"M1_context","TOR_20260829_1_PA036","TOR_20260829_1",2026-08-29,0,0.149424914106619
1,"M1_context","TOR_20260830_1_PA001","TOR_20260830_1",2026-08-30,0,0.230324407099459
1,"M1_context","TOR_20260830_1_PA002","TOR_20260830_1",2026-08-30,0,0.230324407099459
1,"M1_context","TOR_20260830_1_PA003","TOR_20260830_1",2026-08-30,0,0.230324407099459
1,"M1_context","TOR_20260830_1_PA004","TOR_20260830_1",2026-08-30,1,0.230324407099459
1,"M1_context","TOR_20260830_1_PA005","TOR_20260830_1",2026-08-30,0,0.230324407099459
1,"M1_context","TOR_20260830_1_PA006","TOR_20260830_1",2026-08-30,0,0.230324407099459
1,"M1_context","TOR_20260830_1_PA007","TOR_20260830_1",2026-08-30,1,0.21711281055159
1,"M1_context","TOR_20260830_1_PA008","TOR_20260830_1",2026-08-30,0,0.21711281055159
1,"M1_context","TOR_20260830_1_PA009","TOR_20260830_1",2026-08-30,0,0.21711281055159
1,"M1_context","TOR_20260830_1_PA010","TOR_20260830_1",2026-08-30,1,0.20445773147927
1,"M1_context","TOR_20260830_1_PA011","TOR_20260830_1",2026-08-30,0,0.20445773147927
1,"M1_context","TOR_20260830_1_PA012","TOR_20260830_1",2026-08-30,0,0.20445773147927
1,"M1_context","TOR_20260830_1_PA013","TOR_20260830_1",2026-08-30,0,0.20445773147927
1,"M1_context","TOR_20260830_1_PA014","TOR_20260830_1",2026-08-30,0,0.178620849090634
1,"M1_context","TOR_20260830_1_PA015","TOR_20260830_1",2026-08-30,0,0.192359050569192
1,"M1_context","TOR_20260830_1_PA016","TOR_20260830_1",2026-08-30,0,0.192359050569192
1,"M1_context","TOR_20260830_1_PA017","TOR_20260830_1",2026-08-30,0,0.192359050569192
1,"M1_context","TOR_20260830_1_PA018","TOR_20260830_1",2026-08-30,0,0.180813583105729
1,"M1_context","TOR_20260830_1_PA019","TOR_20260830_1",2026-08-30,0,0.180813583105729
1,"M1_context","TOR_20260830_1_PA020","TOR_20260830_1",2026-08-30,0,0.157373504768469
1,"M1_context","TOR_20260830_1_PA021","TOR_20260830_1",2026-08-30,0,0.157373504768469
1,"M1_context","TOR_20260830_1_PA022","TOR_20260830_1",2026-08-30,1,0.157373504768469
1,"M1_context","TOR_20260830_1_PA023","TOR_20260830_1",2026-08-30,1,0.169815376032868
1,"M1_context","TOR_20260830_1_PA024","TOR_20260830_1",2026-08-30,0,0.169815376032868
1,"M1_context","TOR_20260830_1_PA025","TOR_20260830_1",2026-08-30,0,0.169815376032868
1,"M1_context","TOR_20260830_1_PA026","TOR_20260830_1",2026-08-30,0,0.169815376032868
1,"M1_context","TOR_20260830_1_PA027","TOR_20260830_1",2026-08-30,0,0.159356012044302
1,"M1_context","TOR_20260830_1_PA028","TOR_20260830_1",2026-08-30,0,0.159356012044302
1,"M1_context","TOR_20260830_1_PA029","TOR_20260830_1",2026-08-30,0,0.159356012044302
1,"M1_context","TOR_20260830_1_PA030","TOR_20260830_1",2026-08-30,0,0.138228244782383
1,"M1_context","TOR_20260830_1_PA031","TOR_20260830_1",2026-08-30,0,0.149424914106619
1,"M1_context","TOR_20260830_1_PA032","TOR_20260830_1",2026-08-30,0,0.129411138946061
1,"M1_context","TOR_20260830_1_PA033","TOR_20260830_1",2026-08-30,0,0.129411138946061
1,"M1_context","TOR_20260830_1_PA034","TOR_20260830_1",2026-08-30,0,0.129411138946061
1,"M1_context","TOR_20260830_1_PA035","TOR_20260830_1",2026-08-30,0,0.129411138946061
1,"M1_context","TOR_20260830_1_PA036","TOR_20260830_1",2026-08-30,0,0.129411138946061
1,"M1_context","TOR_20260830_1_PA037","TOR_20260830_1",2026-08-30,0,0.129411138946061
1,"M1_context","TOR_20260830_1_PA038","TOR_20260830_1",2026-08-30,0,0.129411138946061
1,"M1_context","TOR_20260901_1_PA001","TOR_20260901_1",2026-09-01,1,0.244320022488377
1,"M1_context","TOR_20260901_1_PA002","TOR_20260901_1",2026-09-01,1,0.244320022488377
1,"M1_context","TOR_20260901_1_PA003","TOR_20260901_1",2026-09-01,0,0.244320022488377
1,"M1_context","TOR_20260901_1_PA004","TOR_20260901_1",2026-09-01,0,0.230546094041037
1,"M1_context","TOR_20260901_1_PA005","TOR_20260901_1",2026-09-01,1,0.230546094041037
1,"M1_context","TOR_20260901_1_PA006","TOR_20260901_1",2026-09-01,1,0.230546094041037
1,"M1_context","TOR_20260901_1_PA007","TOR_20260901_1",2026-09-01,0,0.217325371875486
1,"M1_context","TOR_20260901_1_PA008","TOR_20260901_1",2026-09-01,0,0.217325371875486
1,"M1_context","TOR_20260901_1_PA009","TOR_20260901_1",2026-09-01,0,0.217325371875486
1,"M1_context","TOR_20260901_1_PA010","TOR_20260901_1",2026-09-01,1,0.217325371875486
1,"M1_context","TOR_20260901_1_PA011","TOR_20260901_1",2026-09-01,0,0.204661141938659
1,"M1_context","TOR_20260901_1_PA012","TOR_20260901_1",2026-09-01,0,0.204661141938659
1,"M1_context","TOR_20260901_1_PA013","TOR_20260901_1",2026-09-01,1,0.204661141938659
1,"M1_context","TOR_20260901_1_PA014","TOR_20260901_1",2026-09-01,0,0.204661141938659
1,"M1_context","TOR_20260901_1_PA015","TOR_20260901_1",2026-09-01,0,0.192553337688876
1,"M1_context","TOR_20260901_1_PA016","TOR_20260901_1",2026-09-01,1,0.192553337688876
1,"M1_context","TOR_20260901_1_PA017","TOR_20260901_1",2026-09-01,0,0.192553337688876
1,"M1_context","TOR_20260901_1_PA018","TOR_20260901_1",2026-09-01,1,0.16790329072878
1,"M1_context","TOR_20260901_1_PA019","TOR_20260901_1",2026-09-01,0,0.16790329072878
1,"M1_context","TOR_20260901_1_PA020","TOR_20260901_1",2026-09-01,1,0.180998822401002
1,"M1_context","TOR_20260901_1_PA021","TOR_20260901_1",2026-09-01,0,0.180998822401002
1,"M1_context","TOR_20260901_1_PA022","TOR_20260901_1",2026-09-01,1,0.180998822401002
1,"M1_context","TOR_20260901_1_PA023","TOR_20260901_1",2026-09-01,1,0.169991686053036
1,"M1_context","TOR_20260901_1_PA024","TOR_20260901_1",2026-09-01,1,0.169991686053036
1,"M1_context","TOR_20260901_1_PA025","TOR_20260901_1",2026-09-01,1,0.169991686053036
1,"M1_context","TOR_20260901_1_PA026","TOR_20260901_1",2026-09-01,0,0.159523549356434
1,"M1_context","TOR_20260901_1_PA027","TOR_20260901_1",2026-09-01,1,0.159523549356434
1,"M1_context","TOR_20260901_1_PA028","TOR_20260901_1",2026-09-01,0,0.159523549356434
1,"M1_context","TOR_20260901_1_PA029","TOR_20260901_1",2026-09-01,0,0.149583868320672
1,"M1_context","TOR_20260901_1_PA030","TOR_20260901_1",2026-09-01,0,0.149583868320672
1,"M1_context","TOR_20260901_1_PA031","TOR_20260901_1",2026-09-01,0,0.149583868320672
1,"M1_context","TOR_20260901_1_PA032","TOR_20260901_1",2026-09-01,0,0.149583868320672
1,"M1_context","TOR_20260902_1_PA001","TOR_20260902_1",2026-09-02,0,0.244320022488377
1,"M1_context","TOR_20260902_1_PA002","TOR_20260902_1",2026-09-02,0,0.244320022488377
1,"M1_context","TOR_20260902_1_PA003","TOR_20260902_1",2026-09-02,0,0.244320022488377
1,"M1_context","TOR_20260902_1_PA004","TOR_20260902_1",2026-09-02,1,0.214805963026184
1,"M1_context","TOR_20260902_1_PA005","TOR_20260902_1",2026-09-02,0,0.214805963026184
1,"M1_context","TOR_20260902_1_PA006","TOR_20260902_1",2026-09-02,0,0.230546094041037
1,"M1_context","TOR_20260902_1_PA007","TOR_20260902_1",2026-09-02,0,0.230546094041037
1,"M1_context","TOR_20260902_1_PA008","TOR_20260902_1",2026-09-02,0,0.230546094041037
1,"M1_context","TOR_20260902_1_PA009","TOR_20260902_1",2026-09-02,0,0.202250608831123
1,"M1_context","TOR_20260902_1_PA010","TOR_20260902_1",2026-09-02,0,0.202250608831123
1,"M1_context","TOR_20260902_1_PA011","TOR_20260902_1",2026-09-02,0,0.202250608831123
1,"M1_context","TOR_20260902_1_PA012","TOR_20260902_1",2026-09-02,0,0.202250608831123
1,"M1_context","TOR_20260902_1_PA013","TOR_20260902_1",2026-09-02,0,0.230546094041037
1,"M1_context","TOR_20260902_1_PA014","TOR_20260902_1",2026-09-02,1,0.217325371875486
1,"M1_context","TOR_20260902_1_PA015","TOR_20260902_1",2026-09-02,0,0.217325371875486
1,"M1_context","TOR_20260902_1_PA016","TOR_20260902_1",2026-09-02,0,0.217325371875486
1,"M1_context","TOR_20260902_1_PA017","TOR_20260902_1",2026-09-02,0,0.217325371875486
1,"M1_context","TOR_20260902_1_PA018","TOR_20260902_1",2026-09-02,0,0.190251299430571
1,"M1_context","TOR_20260902_1_PA019","TOR_20260902_1",2026-09-02,0,0.190251299430571
1,"M1_context","TOR_20260902_1_PA020","TOR_20260902_1",2026-09-02,1,0.204661141938659
1,"M1_context","TOR_20260902_1_PA021","TOR_20260902_1",2026-09-02,0,0.204661141938659
1,"M1_context","TOR_20260902_1_PA022","TOR_20260902_1",2026-09-02,1,0.204661141938659
1,"M1_context","TOR_20260902_1_PA023","TOR_20260902_1",2026-09-02,1,0.192553337688876
1,"M1_context","TOR_20260902_1_PA024","TOR_20260902_1",2026-09-02,0,0.192553337688876
1,"M1_context","TOR_20260902_1_PA025","TOR_20260902_1",2026-09-02,0,0.192553337688876
1,"M1_context","TOR_20260902_1_PA026","TOR_20260902_1",2026-09-02,1,0.180998822401002
1,"M1_context","TOR_20260902_1_PA027","TOR_20260902_1",2026-09-02,0,0.180998822401002
1,"M1_context","TOR_20260902_1_PA028","TOR_20260902_1",2026-09-02,0,0.180998822401002
1,"M1_context","TOR_20260902_1_PA029","TOR_20260902_1",2026-09-02,0,0.157539348394185
1,"M1_context","TOR_20260902_1_PA030","TOR_20260902_1",2026-09-02,0,0.157539348394185
1,"M1_context","TOR_20260902_1_PA031","TOR_20260902_1",2026-09-02,0,0.157539348394185
1,"M1_context","TOR_20260902_1_PA032","TOR_20260902_1",2026-09-02,1,0.169991686053036
1,"M1_context","TOR_20260902_1_PA033","TOR_20260902_1",2026-09-02,1,0.169991686053036
1,"M1_context","TOR_20260902_1_PA034","TOR_20260902_1",2026-09-02,0,0.169991686053036
1,"M1_context","TOR_20260902_1_PA035","TOR_20260902_1",2026-09-02,0,0.159523549356434
1,"M1_context","TOR_20260902_1_PA036","TOR_20260902_1",2026-09-02,0,0.159523549356434
1,"M1_context","TOR_20260902_1_PA037","TOR_20260902_1",2026-09-02,0,0.159523549356434
1,"M1_context","TOR_20260902_1_PA038","TOR_20260902_1",2026-09-02,0,0.159523549356434
1,"M1_context","TOR_20260902_1_PA040","TOR_20260902_1",2026-09-02,0,0.149583868320672
1,"M1_context","TOR_20260902_1_PA041","TOR_20260902_1",2026-09-02,0,0.129552045764742
1,"M1_context","TOR_20260902_1_PA042","TOR_20260902_1",2026-09-02,0,0.129552045764742
1,"M1_context","TOR_20260902_1_PA043","TOR_20260902_1",2026-09-02,0,0.129552045764742
1,"M1_context","TOR_20260902_1_PA044","TOR_20260902_1",2026-09-02,0,0.129552045764742
1,"M2_behavior","TOR_20260828_1_PA001","TOR_20260828_1",2026-08-28,0,0.15777641446897
1,"M2_behavior","TOR_20260828_1_PA002","TOR_20260828_1",2026-08-28,0,0.139144153938507
1,"M2_behavior","TOR_20260828_1_PA003","TOR_20260828_1",2026-08-28,0,0.186082011799264
1,"M2_behavior","TOR_20260828_1_PA004","TOR_20260828_1",2026-08-28,0,0.181707265589366
1,"M2_behavior","TOR_20260828_1_PA005","TOR_20260828_1",2026-08-28,0,0.190177733369295
1,"M2_behavior","TOR_20260828_1_PA006","TOR_20260828_1",2026-08-28,0,0.213219240278881
1,"M2_behavior","TOR_20260828_1_PA007","TOR_20260828_1",2026-08-28,0,0.186082011799264
1,"M2_behavior","TOR_20260828_1_PA008","TOR_20260828_1",2026-08-28,0,0.164760980868959
1,"M2_behavior","TOR_20260828_1_PA009","TOR_20260828_1",2026-08-28,0,0.15777641446897
1,"M2_behavior","TOR_20260828_1_PA010","TOR_20260828_1",2026-08-28,0,0.153941264315832
1,"M2_behavior","TOR_20260828_1_PA011","TOR_20260828_1",2026-08-28,0,0.129745355960032
1,"M2_behavior","TOR_20260828_1_PA012","TOR_20260828_1",2026-08-28,0,0.15777641446897
1,"M2_behavior","TOR_20260828_1_PA013","TOR_20260828_1",2026-08-28,0,0.20753788789779
1,"M2_behavior","TOR_20260828_1_PA014","TOR_20260828_1",2026-08-28,0,0.190177733369295
1,"M2_behavior","TOR_20260828_1_PA015","TOR_20260828_1",2026-08-28,0,0.181707265589366
1,"M2_behavior","TOR_20260828_1_PA016","TOR_20260828_1",2026-08-28,0,0.19403095417485
1,"M2_behavior","TOR_20260828_1_PA017","TOR_20260828_1",2026-08-28,0,0.171010060464437
1,"M2_behavior","TOR_20260828_1_PA018","TOR_20260828_1",2026-08-28,0,0.190177733369295
1,"M2_behavior","TOR_20260828_1_PA019","TOR_20260828_1",2026-08-28,1,0.179327359440494
1,"M2_behavior","TOR_20260828_1_PA020","TOR_20260828_1",2026-08-28,0,0.129745355960032
1,"M2_behavior","TOR_20260828_1_PA021","TOR_20260828_1",2026-08-28,0,0.186082011799264
1,"M2_behavior","TOR_20260828_1_PA022","TOR_20260828_1",2026-08-28,0,0.181707265589366
1,"M2_behavior","TOR_20260828_1_PA023","TOR_20260828_1",2026-08-28,0,0.171923908003024
1,"M2_behavior","TOR_20260828_1_PA024","TOR_20260828_1",2026-08-28,0,0.19403095417485
1,"M2_behavior","TOR_20260828_1_PA025","TOR_20260828_1",2026-08-28,0,0.164760980868959
1,"M2_behavior","TOR_20260828_1_PA026","TOR_20260828_1",2026-08-28,0,0.15777641446897
1,"M2_behavior","TOR_20260828_1_PA027","TOR_20260828_1",2026-08-28,0,0.190177733369295
1,"M2_behavior","TOR_20260828_1_PA028","TOR_20260828_1",2026-08-28,0,0.153941264315832
1,"M2_behavior","TOR_20260828_1_PA029","TOR_20260828_1",2026-08-28,0,0.118167148366476
1,"M2_behavior","TOR_20260828_1_PA030","TOR_20260828_1",2026-08-28,0,0.145387253329546
1,"M2_behavior","TOR_20260828_1_PA031","TOR_20260828_1",2026-08-28,0,0.181707265589366
1,"M2_behavior","TOR_20260828_1_PA032","TOR_20260828_1",2026-08-28,0,0.197671235351675
1,"M2_behavior","TOR_20260828_1_PA033","TOR_20260828_1",2026-08-28,0,0.19403095417485
1,"M2_behavior","TOR_20260828_1_PA034","TOR_20260828_1",2026-08-28,1,0.19403095417485
1,"M2_behavior","TOR_20260828_1_PA035","TOR_20260828_1",2026-08-28,1,0.22708702368666
1,"M2_behavior","TOR_20260828_1_PA036","TOR_20260828_1",2026-08-28,0,0.164760980868959
1,"M2_behavior","TOR_20260828_1_PA037","TOR_20260828_1",2026-08-28,0,0.140552589524702
1,"M2_behavior","TOR_20260828_1_PA038","TOR_20260828_1",2026-08-28,0,0.129745355960032
1,"M2_behavior","TOR_20260829_1_PA001","TOR_20260829_1",2026-08-29,1,0.186082011799264
1,"M2_behavior","TOR_20260829_1_PA002","TOR_20260829_1",2026-08-29,0,0.202158391321735
1,"M2_behavior","TOR_20260829_1_PA003","TOR_20260829_1",2026-08-29,0,0.201122867785072
1,"M2_behavior","TOR_20260829_1_PA004","TOR_20260829_1",2026-08-29,0,0.186082011799264
1,"M2_behavior","TOR_20260829_1_PA005","TOR_20260829_1",2026-08-29,0,0.190177733369295
1,"M2_behavior","TOR_20260829_1_PA006","TOR_20260829_1",2026-08-29,0,0.153941264315832
1,"M2_behavior","TOR_20260829_1_PA007","TOR_20260829_1",2026-08-29,0,0.186082011799264
1,"M2_behavior","TOR_20260829_1_PA008","TOR_20260829_1",2026-08-29,0,0.136196727513609
1,"M2_behavior","TOR_20260829_1_PA009","TOR_20260829_1",2026-08-29,0,0.218150405235763
1,"M2_behavior","TOR_20260829_1_PA010","TOR_20260829_1",2026-08-29,0,0.153941264315832
1,"M2_behavior","TOR_20260829_1_PA011","TOR_20260829_1",2026-08-29,1,0.136196727513609
1,"M2_behavior","TOR_20260829_1_PA012","TOR_20260829_1",2026-08-29,0,0.210532794568115
1,"M2_behavior","TOR_20260829_1_PA013","TOR_20260829_1",2026-08-29,0,0.166378598762004
1,"M2_behavior","TOR_20260829_1_PA014","TOR_20260829_1",2026-08-29,0,0.186082011799264
1,"M2_behavior","TOR_20260829_1_PA015","TOR_20260829_1",2026-08-29,0,0.164760980868959
1,"M2_behavior","TOR_20260829_1_PA016","TOR_20260829_1",2026-08-29,0,0.167966561441084
1,"M2_behavior","TOR_20260829_1_PA017","TOR_20260829_1",2026-08-29,1,0.129745355960032
1,"M2_behavior","TOR_20260829_1_PA018","TOR_20260829_1",2026-08-29,0,0.188918101373411
1,"M2_behavior","TOR_20260829_1_PA019","TOR_20260829_1",2026-08-29,0,0.145387253329546
1,"M2_behavior","TOR_20260829_1_PA020","TOR_20260829_1",2026-08-29,1,0.133072522301957
1,"M2_behavior","TOR_20260829_1_PA021","TOR_20260829_1",2026-08-29,0,0.20753788789779
1,"M2_behavior","TOR_20260829_1_PA022","TOR_20260829_1",2026-08-29,0,0.181707265589366
1,"M2_behavior","TOR_20260829_1_PA023","TOR_20260829_1",2026-08-29,0,0.222758783986449
1,"M2_behavior","TOR_20260829_1_PA024","TOR_20260829_1",2026-08-29,0,0.164760980868959
1,"M2_behavior","TOR_20260829_1_PA025","TOR_20260829_1",2026-08-29,0,0.145387253329546
1,"M2_behavior","TOR_20260829_1_PA026","TOR_20260829_1",2026-08-29,0,0.122341417256487
1,"M2_behavior","TOR_20260829_1_PA027","TOR_20260829_1",2026-08-29,0,0.202158391321735
1,"M2_behavior","TOR_20260829_1_PA028","TOR_20260829_1",2026-08-29,0,0.140552589524702
1,"M2_behavior","TOR_20260829_1_PA029","TOR_20260829_1",2026-08-29,0,0.133072522301957
1,"M2_behavior","TOR_20260829_1_PA030","TOR_20260829_1",2026-08-29,0,0.171923908003024
1,"M2_behavior","TOR_20260829_1_PA031","TOR_20260829_1",2026-08-29,0,0.186082011799264
1,"M2_behavior","TOR_20260829_1_PA032","TOR_20260829_1",2026-08-29,1,0.202158391321735
1,"M2_behavior","TOR_20260829_1_PA033","TOR_20260829_1",2026-08-29,0,0.145387253329546
1,"M2_behavior","TOR_20260829_1_PA034","TOR_20260829_1",2026-08-29,1,0.171923908003024
1,"M2_behavior","TOR_20260829_1_PA035","TOR_20260829_1",2026-08-29,0,0.122341417256487
1,"M2_behavior","TOR_20260829_1_PA036","TOR_20260829_1",2026-08-29,0,0.213219240278881
1,"M2_behavior","TOR_20260830_1_PA001","TOR_20260830_1",2026-08-30,0,0.164760980868959
1,"M2_behavior","TOR_20260830_1_PA002","TOR_20260830_1",2026-08-30,0,0.228529444800059
1,"M2_behavior","TOR_20260830_1_PA003","TOR_20260830_1",2026-08-30,0,0.133072522301957
1,"M2_behavior","TOR_20260830_1_PA004","TOR_20260830_1",2026-08-30,1,0.186082011799264
1,"M2_behavior","TOR_20260830_1_PA005","TOR_20260830_1",2026-08-30,0,0.139144153938507
1,"M2_behavior","TOR_20260830_1_PA006","TOR_20260830_1",2026-08-30,0,0.272722291141422
1,"M2_behavior","TOR_20260830_1_PA007","TOR_20260830_1",2026-08-30,1,0.210532794568115
1,"M2_behavior","TOR_20260830_1_PA008","TOR_20260830_1",2026-08-30,0,0.15777641446897
1,"M2_behavior","TOR_20260830_1_PA009","TOR_20260830_1",2026-08-30,0,0.248741088560521
1,"M2_behavior","TOR_20260830_1_PA010","TOR_20260830_1",2026-08-30,1,0.173908705816376
1,"M2_behavior","TOR_20260830_1_PA011","TOR_20260830_1",2026-08-30,0,0.190177733369295
1,"M2_behavior","TOR_20260830_1_PA012","TOR_20260830_1",2026-08-30,0,0.129745355960032
1,"M2_behavior","TOR_20260830_1_PA013","TOR_20260830_1",2026-08-30,0,0.190177733369295
1,"M2_behavior","TOR_20260830_1_PA014","TOR_20260830_1",2026-08-30,0,0.151857534335086
1,"M2_behavior","TOR_20260830_1_PA015","TOR_20260830_1",2026-08-30,0,0.20791158865517
1,"M2_behavior","TOR_20260830_1_PA016","TOR_20260830_1",2026-08-30,0,0.204406074960167
1,"M2_behavior","TOR_20260830_1_PA017","TOR_20260830_1",2026-08-30,0,0.15777641446897
1,"M2_behavior","TOR_20260830_1_PA018","TOR_20260830_1",2026-08-30,0,0.167966561441084
1,"M2_behavior","TOR_20260830_1_PA019","TOR_20260830_1",2026-08-30,0,0.218150405235763
1,"M2_behavior","TOR_20260830_1_PA020","TOR_20260830_1",2026-08-30,0,0.204406074960167
1,"M2_behavior","TOR_20260830_1_PA021","TOR_20260830_1",2026-08-30,0,0.133072522301957
1,"M2_behavior","TOR_20260830_1_PA022","TOR_20260830_1",2026-08-30,1,0.19403095417485
1,"M2_behavior","TOR_20260830_1_PA023","TOR_20260830_1",2026-08-30,1,0.139144153938507
1,"M2_behavior","TOR_20260830_1_PA024","TOR_20260830_1",2026-08-30,0,0.197671235351675
1,"M2_behavior","TOR_20260830_1_PA025","TOR_20260830_1",2026-08-30,0,0.15777641446897
1,"M2_behavior","TOR_20260830_1_PA026","TOR_20260830_1",2026-08-30,0,0.15777641446897
1,"M2_behavior","TOR_20260830_1_PA027","TOR_20260830_1",2026-08-30,0,0.190177733369295
1,"M2_behavior","TOR_20260830_1_PA028","TOR_20260830_1",2026-08-30,0,0.16137264419034
1,"M2_behavior","TOR_20260830_1_PA029","TOR_20260830_1",2026-08-30,0,0.197671235351675
1,"M2_behavior","TOR_20260830_1_PA030","TOR_20260830_1",2026-08-30,0,0.139144153938507
1,"M2_behavior","TOR_20260830_1_PA031","TOR_20260830_1",2026-08-30,0,0.190177733369295
1,"M2_behavior","TOR_20260830_1_PA032","TOR_20260830_1",2026-08-30,0,0.139144153938507
1,"M2_behavior","TOR_20260830_1_PA033","TOR_20260830_1",2026-08-30,0,0.19403095417485
1,"M2_behavior","TOR_20260830_1_PA034","TOR_20260830_1",2026-08-30,0,0.186082011799264
1,"M2_behavior","TOR_20260830_1_PA035","TOR_20260830_1",2026-08-30,0,0.16137264419034
1,"M2_behavior","TOR_20260830_1_PA036","TOR_20260830_1",2026-08-30,0,0.222758783986449
1,"M2_behavior","TOR_20260830_1_PA037","TOR_20260830_1",2026-08-30,0,0.186082011799264
1,"M2_behavior","TOR_20260830_1_PA038","TOR_20260830_1",2026-08-30,0,0.197671235351675
1,"M2_behavior","TOR_20260901_1_PA001","TOR_20260901_1",2026-09-01,1,0.186082011799264
1,"M2_behavior","TOR_20260901_1_PA002","TOR_20260901_1",2026-09-01,1,0.14193603028155
1,"M2_behavior","TOR_20260901_1_PA003","TOR_20260901_1",2026-09-01,0,0.113584487447289
1,"M2_behavior","TOR_20260901_1_PA004","TOR_20260901_1",2026-09-01,0,0.14982821330017
1,"M2_behavior","TOR_20260901_1_PA005","TOR_20260901_1",2026-09-01,1,0.12793961285976
1,"M2_behavior","TOR_20260901_1_PA006","TOR_20260901_1",2026-09-01,1,0.235034814286767
1,"M2_behavior","TOR_20260901_1_PA007","TOR_20260901_1",2026-09-01,0,0.171923908003024
1,"M2_behavior","TOR_20260901_1_PA008","TOR_20260901_1",2026-09-01,0,0.136196727513609
1,"M2_behavior","TOR_20260901_1_PA009","TOR_20260901_1",2026-09-01,0,0.216159955679186
1,"M2_behavior","TOR_20260901_1_PA010","TOR_20260901_1",2026-09-01,1,0.164760980868959
1,"M2_behavior","TOR_20260901_1_PA011","TOR_20260901_1",2026-09-01,0,0.181870349363032
1,"M2_behavior","TOR_20260901_1_PA012","TOR_20260901_1",2026-09-01,0,0.147120124003318
1,"M2_behavior","TOR_20260901_1_PA013","TOR_20260901_1",2026-09-01,1,0.190177733369295
1,"M2_behavior","TOR_20260901_1_PA014","TOR_20260901_1",2026-09-01,0,0.121652403113537
1,"M2_behavior","TOR_20260901_1_PA015","TOR_20260901_1",2026-09-01,0,0.129745355960032
1,"M2_behavior","TOR_20260901_1_PA016","TOR_20260901_1",2026-09-01,1,0.14193603028155
1,"M2_behavior","TOR_20260901_1_PA017","TOR_20260901_1",2026-09-01,0,0.213219240278881
1,"M2_behavior","TOR_20260901_1_PA018","TOR_20260901_1",2026-09-01,1,0.14193603028155
1,"M2_behavior","TOR_20260901_1_PA019","TOR_20260901_1",2026-09-01,0,0.222758783986449
1,"M2_behavior","TOR_20260901_1_PA020","TOR_20260901_1",2026-09-01,1,0.136196727513609
1,"M2_behavior","TOR_20260901_1_PA021","TOR_20260901_1",2026-09-01,0,0.186082011799264
1,"M2_behavior","TOR_20260901_1_PA022","TOR_20260901_1",2026-09-01,1,0.177007561690363
1,"M2_behavior","TOR_20260901_1_PA023","TOR_20260901_1",2026-09-01,1,0.151857534335086
1,"M2_behavior","TOR_20260901_1_PA024","TOR_20260901_1",2026-09-01,1,0.260329756768003
1,"M2_behavior","TOR_20260901_1_PA025","TOR_20260901_1",2026-09-01,1,0.202158391321735
1,"M2_behavior","TOR_20260901_1_PA026","TOR_20260901_1",2026-09-01,0,0.153941264315832
1,"M2_behavior","TOR_20260901_1_PA027","TOR_20260901_1",2026-09-01,1,0.235034814286767
1,"M2_behavior","TOR_20260901_1_PA028","TOR_20260901_1",2026-09-01,0,0.195868553333467
1,"M2_behavior","TOR_20260901_1_PA029","TOR_20260901_1",2026-09-01,0,0.14193603028155
1,"M2_behavior","TOR_20260901_1_PA030","TOR_20260901_1",2026-09-01,0,0.201122867785072
1,"M2_behavior","TOR_20260901_1_PA031","TOR_20260901_1",2026-09-01,0,0.22708702368666
1,"M2_behavior","TOR_20260901_1_PA032","TOR_20260901_1",2026-09-01,0,0.16137264419034
1,"M2_behavior","TOR_20260902_1_PA001","TOR_20260902_1",2026-09-02,0,0.186082011799264
1,"M2_behavior","TOR_20260902_1_PA002","TOR_20260902_1",2026-09-02,0,0.139144153938507
1,"M2_behavior","TOR_20260902_1_PA003","TOR_20260902_1",2026-09-02,0,0.21340323055731
1,"M2_behavior","TOR_20260902_1_PA004","TOR_20260902_1",2026-09-02,1,0.14193603028155
1,"M2_behavior","TOR_20260902_1_PA005","TOR_20260902_1",2026-09-02,0,0.235034814286767
1,"M2_behavior","TOR_20260902_1_PA006","TOR_20260902_1",2026-09-02,0,0.156226757632961
1,"M2_behavior","TOR_20260902_1_PA007","TOR_20260902_1",2026-09-02,0,0.177007561690363
1,"M2_behavior","TOR_20260902_1_PA008","TOR_20260902_1",2026-09-02,0,0.190177733369295
1,"M2_behavior","TOR_20260902_1_PA009","TOR_20260902_1",2026-09-02,0,0.181707265589366
1,"M2_behavior","TOR_20260902_1_PA010","TOR_20260902_1",2026-09-02,0,0.202158391321735
1,"M2_behavior","TOR_20260902_1_PA011","TOR_20260902_1",2026-09-02,0,0.177007561690363
1,"M2_behavior","TOR_20260902_1_PA012","TOR_20260902_1",2026-09-02,0,0.19403095417485
1,"M2_behavior","TOR_20260902_1_PA013","TOR_20260902_1",2026-09-02,0,0.177007561690363
1,"M2_behavior","TOR_20260902_1_PA014","TOR_20260902_1",2026-09-02,1,0.242203554168889
1,"M2_behavior","TOR_20260902_1_PA015","TOR_20260902_1",2026-09-02,0,0.145387253329546
1,"M2_behavior","TOR_20260902_1_PA016","TOR_20260902_1",2026-09-02,0,0.213219240278881
1,"M2_behavior","TOR_20260902_1_PA017","TOR_20260902_1",2026-09-02,0,0.123839408158293
1,"M2_behavior","TOR_20260902_1_PA018","TOR_20260902_1",2026-09-02,0,0.119360852756153
1,"M2_behavior","TOR_20260902_1_PA019","TOR_20260902_1",2026-09-02,0,0.201122867785072
1,"M2_behavior","TOR_20260902_1_PA020","TOR_20260902_1",2026-09-02,1,0.20791158865517
1,"M2_behavior","TOR_20260902_1_PA021","TOR_20260902_1",2026-09-02,0,0.171923908003024
1,"M2_behavior","TOR_20260902_1_PA022","TOR_20260902_1",2026-09-02,1,0.133072522301957
1,"M2_behavior","TOR_20260902_1_PA023","TOR_20260902_1",2026-09-02,1,0.267999717195304
1,"M2_behavior","TOR_20260902_1_PA024","TOR_20260902_1",2026-09-02,0,0.105803874173438
1,"M2_behavior","TOR_20260902_1_PA025","TOR_20260902_1",2026-09-02,0,0.197671235351675
1,"M2_behavior","TOR_20260902_1_PA026","TOR_20260902_1",2026-09-02,1,0.145387253329546
1,"M2_behavior","TOR_20260902_1_PA027","TOR_20260902_1",2026-09-02,0,0.177007561690363
1,"M2_behavior","TOR_20260902_1_PA028","TOR_20260902_1",2026-09-02,0,0.190177733369295
1,"M2_behavior","TOR_20260902_1_PA029","TOR_20260902_1",2026-09-02,0,0.19403095417485
1,"M2_behavior","TOR_20260902_1_PA030","TOR_20260902_1",2026-09-02,0,0.190177733369295
1,"M2_behavior","TOR_20260902_1_PA031","TOR_20260902_1",2026-09-02,0,0.129745355960032
1,"M2_behavior","TOR_20260902_1_PA032","TOR_20260902_1",2026-09-02,1,0.235034814286767
1,"M2_behavior","TOR_20260902_1_PA033","TOR_20260902_1",2026-09-02,1,0.121652403113537
1,"M2_behavior","TOR_20260902_1_PA034","TOR_20260902_1",2026-09-02,0,0.122341417256487
1,"M2_behavior","TOR_20260902_1_PA035","TOR_20260902_1",2026-09-02,0,0.197671235351675
1,"M2_behavior","TOR_20260902_1_PA036","TOR_20260902_1",2026-09-02,0,0.181707265589366
1,"M2_behavior","TOR_20260902_1_PA037","TOR_20260902_1",2026-09-02,0,0.197671235351675
1,"M2_behavior","TOR_20260902_1_PA038","TOR_20260902_1",2026-09-02,0,0.114768696845058
1,"M2_behavior","TOR_20260902_1_PA040","TOR_20260902_1",2026-09-02,0,0.126182362815768
1,"M2_behavior","TOR_20260902_1_PA041","TOR_20260902_1",2026-09-02,0,0.140552589524702
1,"M2_behavior","TOR_20260902_1_PA042","TOR_20260902_1",2026-09-02,0,0.136196727513609
1,"M2_behavior","TOR_20260902_1_PA043","TOR_20260902_1",2026-09-02,0,0.210532794568115
1,"M2_behavior","TOR_20260902_1_PA044","TOR_20260902_1",2026-09-02,0,0.232936205988666
1,"M3_context_behavior","TOR_20260828_1_PA001","TOR_20260828_1",2026-08-28,0,0.208712688829717
1,"M3_context_behavior","TOR_20260828_1_PA002","TOR_20260828_1",2026-08-28,0,0.187079636821056
1,"M3_context_behavior","TOR_20260828_1_PA003","TOR_20260828_1",2026-08-28,0,0.215317338095282
1,"M3_context_behavior","TOR_20260828_1_PA004","TOR_20260828_1",2026-08-28,0,0.209391436314291
1,"M3_context_behavior","TOR_20260828_1_PA005","TOR_20260828_1",2026-08-28,0,0.220875273754269
1,"M3_context_behavior","TOR_20260828_1_PA006","TOR_20260828_1",2026-08-28,0,0.244266121105925
1,"M3_context_behavior","TOR_20260828_1_PA007","TOR_20260828_1",2026-08-28,0,0.215317338095282
1,"M3_context_behavior","TOR_20260828_1_PA008","TOR_20260828_1",2026-08-28,0,0.193166830389116
1,"M3_context_behavior","TOR_20260828_1_PA009","TOR_20260828_1",2026-08-28,0,0.195345129837536
1,"M3_context_behavior","TOR_20260828_1_PA010","TOR_20260828_1",2026-08-28,0,0.18983591756436
1,"M3_context_behavior","TOR_20260828_1_PA011","TOR_20260828_1",2026-08-28,0,0.161076074837509
1,"M3_context_behavior","TOR_20260828_1_PA012","TOR_20260828_1",2026-08-28,0,0.182636122186865
1,"M3_context_behavior","TOR_20260828_1_PA013","TOR_20260828_1",2026-08-28,0,0.243365441590614
1,"M3_context_behavior","TOR_20260828_1_PA014","TOR_20260828_1",2026-08-28,0,0.193651002265004
1,"M3_context_behavior","TOR_20260828_1_PA015","TOR_20260828_1",2026-08-28,0,0.183249705927569
1,"M3_context_behavior","TOR_20260828_1_PA016","TOR_20260828_1",2026-08-28,0,0.210885723130605
1,"M3_context_behavior","TOR_20260828_1_PA017","TOR_20260828_1",2026-08-28,0,0.187797231690476
1,"M3_context_behavior","TOR_20260828_1_PA018","TOR_20260828_1",2026-08-28,0,0.205907713965909
1,"M3_context_behavior","TOR_20260828_1_PA019","TOR_20260828_1",2026-08-28,1,0.185827621942678
1,"M3_context_behavior","TOR_20260828_1_PA020","TOR_20260828_1",2026-08-28,0,0.130213496292127
1,"M3_context_behavior","TOR_20260828_1_PA021","TOR_20260828_1",2026-08-28,0,0.187656802603457
1,"M3_context_behavior","TOR_20260828_1_PA022","TOR_20260828_1",2026-08-28,0,0.182315291678823
1,"M3_context_behavior","TOR_20260828_1_PA023","TOR_20260828_1",2026-08-28,0,0.170448416047476
1,"M3_context_behavior","TOR_20260828_1_PA024","TOR_20260828_1",2026-08-28,0,0.184600996077389
1,"M3_context_behavior","TOR_20260828_1_PA025","TOR_20260828_1",2026-08-28,0,0.156481053951022
1,"M3_context_behavior","TOR_20260828_1_PA026","TOR_20260828_1",2026-08-28,0,0.148373191528966
1,"M3_context_behavior","TOR_20260828_1_PA027","TOR_20260828_1",2026-08-28,0,0.180101835541515
1,"M3_context_behavior","TOR_20260828_1_PA028","TOR_20260828_1",2026-08-28,0,0.143951711840088
1,"M3_context_behavior","TOR_20260828_1_PA029","TOR_20260828_1",2026-08-28,0,0.0929971916134434
1,"M3_context_behavior","TOR_20260828_1_PA030","TOR_20260828_1",2026-08-28,0,0.116042929012533
1,"M3_context_behavior","TOR_20260828_1_PA031","TOR_20260828_1",2026-08-28,0,0.148101643706611
1,"M3_context_behavior","TOR_20260828_1_PA032","TOR_20260828_1",2026-08-28,0,0.143944983489443
1,"M3_context_behavior","TOR_20260828_1_PA033","TOR_20260828_1",2026-08-28,0,0.140517617887245
1,"M3_context_behavior","TOR_20260828_1_PA034","TOR_20260828_1",2026-08-28,1,0.140517617887245
1,"M3_context_behavior","TOR_20260828_1_PA035","TOR_20260828_1",2026-08-28,1,0.166334574946766
1,"M3_context_behavior","TOR_20260828_1_PA036","TOR_20260828_1",2026-08-28,0,0.135810268468166
1,"M3_context_behavior","TOR_20260828_1_PA037","TOR_20260828_1",2026-08-28,0,0.111213064178112
1,"M3_context_behavior","TOR_20260828_1_PA038","TOR_20260828_1",2026-08-28,0,0.104527479089511
1,"M3_context_behavior","TOR_20260829_1_PA001","TOR_20260829_1",2026-08-29,1,0.243509145239479
1,"M3_context_behavior","TOR_20260829_1_PA002","TOR_20260829_1",2026-08-29,0,0.258934509496792
1,"M3_context_behavior","TOR_20260829_1_PA003","TOR_20260829_1",2026-08-29,0,0.265730890739407
1,"M3_context_behavior","TOR_20260829_1_PA004","TOR_20260829_1",2026-08-29,0,0.228556676150578
1,"M3_context_behavior","TOR_20260829_1_PA005","TOR_20260829_1",2026-08-29,0,0.234354290062801
1,"M3_context_behavior","TOR_20260829_1_PA006","TOR_20260829_1",2026-08-29,0,0.18983591756436
1,"M3_context_behavior","TOR_20260829_1_PA007","TOR_20260829_1",2026-08-29,0,0.228556676150578
1,"M3_context_behavior","TOR_20260829_1_PA008","TOR_20260829_1",2026-08-29,0,0.159070316388652
1,"M3_context_behavior","TOR_20260829_1_PA009","TOR_20260829_1",2026-08-29,0,0.249692030513994
1,"M3_context_behavior","TOR_20260829_1_PA010","TOR_20260829_1",2026-08-29,0,0.177406311319638
1,"M3_context_behavior","TOR_20260829_1_PA011","TOR_20260829_1",2026-08-29,1,0.159070316388652
1,"M3_context_behavior","TOR_20260829_1_PA012","TOR_20260829_1",2026-08-29,0,0.232322538794
1,"M3_context_behavior","TOR_20260829_1_PA013","TOR_20260829_1",2026-08-29,0,0.175451845479333
1,"M3_context_behavior","TOR_20260829_1_PA014","TOR_20260829_1",2026-08-29,0,0.176245361615402
1,"M3_context_behavior","TOR_20260829_1_PA015","TOR_20260829_1",2026-08-29,0,0.15730853377748
1,"M3_context_behavior","TOR_20260829_1_PA016","TOR_20260829_1",2026-08-29,0,0.161068696686431
1,"M3_context_behavior","TOR_20260829_1_PA017","TOR_20260829_1",2026-08-29,1,0.130213496292127
1,"M3_context_behavior","TOR_20260829_1_PA018","TOR_20260829_1",2026-08-29,0,0.184579821376592
1,"M3_context_behavior","TOR_20260829_1_PA019","TOR_20260829_1",2026-08-29,0,0.144103315861888
1,"M3_context_behavior","TOR_20260829_1_PA020","TOR_20260829_1",2026-08-29,1,0.116781105435897
1,"M3_context_behavior","TOR_20260829_1_PA021","TOR_20260829_1",2026-08-29,0,0.188492899449756
1,"M3_context_behavior","TOR_20260829_1_PA022","TOR_20260829_1",2026-08-29,0,0.159712366278407
1,"M3_context_behavior","TOR_20260829_1_PA023","TOR_20260829_1",2026-08-29,0,0.198900797939411
1,"M3_context_behavior","TOR_20260829_1_PA024","TOR_20260829_1",2026-08-29,0,0.156481053951022
1,"M3_context_behavior","TOR_20260829_1_PA025","TOR_20260829_1",2026-08-29,0,0.134172175395273
1,"M3_context_behavior","TOR_20260829_1_PA026","TOR_20260829_1",2026-08-29,0,0.112672497944566
1,"M3_context_behavior","TOR_20260829_1_PA027","TOR_20260829_1",2026-08-29,0,0.164398348043004
1,"M3_context_behavior","TOR_20260829_1_PA028","TOR_20260829_1",2026-08-29,0,0.111832901245206
1,"M3_context_behavior","TOR_20260829_1_PA029","TOR_20260829_1",2026-08-29,0,0.108494238829959
1,"M3_context_behavior","TOR_20260829_1_PA030","TOR_20260829_1",2026-08-29,0,0.13883186793238
1,"M3_context_behavior","TOR_20260829_1_PA031","TOR_20260829_1",2026-08-29,0,0.163666830121312
1,"M3_context_behavior","TOR_20260829_1_PA032","TOR_20260829_1",2026-08-29,1,0.175205873161051
1,"M3_context_behavior","TOR_20260829_1_PA033","TOR_20260829_1",2026-08-29,0,0.124825639913489
1,"M3_context_behavior","TOR_20260829_1_PA034","TOR_20260829_1",2026-08-29,1,0.138085653633979
1,"M3_context_behavior","TOR_20260829_1_PA035","TOR_20260829_1",2026-08-29,0,0.0971224077181028
1,"M3_context_behavior","TOR_20260829_1_PA036","TOR_20260829_1",2026-08-29,0,0.175028239106739
1,"M3_context_behavior","TOR_20260830_1_PA001","TOR_20260830_1",2026-08-30,0,0.219268860523173
1,"M3_context_behavior","TOR_20260830_1_PA002","TOR_20260830_1",2026-08-30,0,0.306041346597719
1,"M3_context_behavior","TOR_20260830_1_PA003","TOR_20260830_1",2026-08-30,0,0.177720380783911
1,"M3_context_behavior","TOR_20260830_1_PA004","TOR_20260830_1",2026-08-30,1,0.243509145239479
1,"M3_context_behavior","TOR_20260830_1_PA005","TOR_20260830_1",2026-08-30,0,0.187079636821056
1,"M3_context_behavior","TOR_20260830_1_PA006","TOR_20260830_1",2026-08-30,0,0.360070187094473
1,"M3_context_behavior","TOR_20260830_1_PA007","TOR_20260830_1",2026-08-30,1,0.263208797665612
1,"M3_context_behavior","TOR_20260830_1_PA008","TOR_20260830_1",2026-08-30,0,0.195345129837536
1,"M3_context_behavior","TOR_20260830_1_PA009","TOR_20260830_1",2026-08-30,0,0.308038900678101
1,"M3_context_behavior","TOR_20260830_1_PA010","TOR_20260830_1",2026-08-30,1,0.204767760105966
1,"M3_context_behavior","TOR_20260830_1_PA011","TOR_20260830_1",2026-08-30,0,0.219800633798438
1,"M3_context_behavior","TOR_20260830_1_PA012","TOR_20260830_1",2026-08-30,0,0.150180469649535
1,"M3_context_behavior","TOR_20260830_1_PA013","TOR_20260830_1",2026-08-30,0,0.219800633798438
1,"M3_context_behavior","TOR_20260830_1_PA014","TOR_20260830_1",2026-08-30,0,0.15838903529703
1,"M3_context_behavior","TOR_20260830_1_PA015","TOR_20260830_1",2026-08-30,0,0.221414887523784
1,"M3_context_behavior","TOR_20260830_1_PA016","TOR_20260830_1",2026-08-30,0,0.224343011679692
1,"M3_context_behavior","TOR_20260830_1_PA017","TOR_20260830_1",2026-08-30,0,0.170578671665345
1,"M3_context_behavior","TOR_20260830_1_PA018","TOR_20260830_1",2026-08-30,0,0.171702309418062
1,"M3_context_behavior","TOR_20260830_1_PA019","TOR_20260830_1",2026-08-30,0,0.219918468673728
1,"M3_context_behavior","TOR_20260830_1_PA020","TOR_20260830_1",2026-08-30,0,0.18495846804828
1,"M3_context_behavior","TOR_20260830_1_PA021","TOR_20260830_1",2026-08-30,0,0.116781105435897
1,"M3_context_behavior","TOR_20260830_1_PA022","TOR_20260830_1",2026-08-30,1,0.173335728512222
1,"M3_context_behavior","TOR_20260830_1_PA023","TOR_20260830_1",2026-08-30,1,0.131951404481333
1,"M3_context_behavior","TOR_20260830_1_PA024","TOR_20260830_1",2026-08-30,0,0.188867320891249
1,"M3_context_behavior","TOR_20260830_1_PA025","TOR_20260830_1",2026-08-30,0,0.148373191528966
1,"M3_context_behavior","TOR_20260830_1_PA026","TOR_20260830_1",2026-08-30,0,0.148373191528966
1,"M3_context_behavior","TOR_20260830_1_PA027","TOR_20260830_1",2026-08-30,0,0.16817727084493
1,"M3_context_behavior","TOR_20260830_1_PA028","TOR_20260830_1",2026-08-30,0,0.142123065443419
1,"M3_context_behavior","TOR_20260830_1_PA029","TOR_20260830_1",2026-08-30,0,0.176487318652953
1,"M3_context_behavior","TOR_20260830_1_PA030","TOR_20260830_1",2026-08-30,0,0.106558422266046
1,"M3_context_behavior","TOR_20260830_1_PA031","TOR_20260830_1",2026-08-30,0,0.156891153567932
1,"M3_context_behavior","TOR_20260830_1_PA032","TOR_20260830_1",2026-08-30,0,0.0989157223853762
1,"M3_context_behavior","TOR_20260830_1_PA033","TOR_20260830_1",2026-08-30,0,0.140517617887245
1,"M3_context_behavior","TOR_20260830_1_PA034","TOR_20260830_1",2026-08-30,0,0.133106360790748
1,"M3_context_behavior","TOR_20260830_1_PA035","TOR_20260830_1",2026-08-30,0,0.115032027025198
1,"M3_context_behavior","TOR_20260830_1_PA036","TOR_20260830_1",2026-08-30,0,0.162192055629249
1,"M3_context_behavior","TOR_20260830_1_PA037","TOR_20260830_1",2026-08-30,0,0.133106360790748
1,"M3_context_behavior","TOR_20260830_1_PA038","TOR_20260830_1",2026-08-30,0,0.143944983489443
1,"M3_context_behavior","TOR_20260901_1_PA001","TOR_20260901_1",2026-09-01,1,0.247983112943012
1,"M3_context_behavior","TOR_20260901_1_PA002","TOR_20260901_1",2026-09-01,1,0.195153213837242
1,"M3_context_behavior","TOR_20260901_1_PA003","TOR_20260901_1",2026-09-01,0,0.150944640420752
1,"M3_context_behavior","TOR_20260901_1_PA004","TOR_20260901_1",2026-09-01,0,0.187589561604123
1,"M3_context_behavior","TOR_20260901_1_PA005","TOR_20260901_1",2026-09-01,1,0.167601965887956
1,"M3_context_behavior","TOR_20260901_1_PA006","TOR_20260901_1",2026-09-01,1,0.294001104752454
1,"M3_context_behavior","TOR_20260901_1_PA007","TOR_20260901_1",2026-09-01,0,0.199020315025362
1,"M3_context_behavior","TOR_20260901_1_PA008","TOR_20260901_1",2026-09-01,0,0.162325790639797
1,"M3_context_behavior","TOR_20260901_1_PA009","TOR_20260901_1",2026-09-01,0,0.259723135816403
1,"M3_context_behavior","TOR_20260901_1_PA010","TOR_20260901_1",2026-09-01,1,0.195969138115835
1,"M3_context_behavior","TOR_20260901_1_PA011","TOR_20260901_1",2026-09-01,0,0.205970921660043
1,"M3_context_behavior","TOR_20260901_1_PA012","TOR_20260901_1",2026-09-01,0,0.165933014279519
1,"M3_context_behavior","TOR_20260901_1_PA013","TOR_20260901_1",2026-09-01,1,0.209882504718026
1,"M3_context_behavior","TOR_20260901_1_PA014","TOR_20260901_1",2026-09-01,0,0.137219021386575
1,"M3_context_behavior","TOR_20260901_1_PA015","TOR_20260901_1",2026-09-01,0,0.132971781736834
1,"M3_context_behavior","TOR_20260901_1_PA016","TOR_20260901_1",2026-09-01,1,0.148218922477972
1,"M3_context_behavior","TOR_20260901_1_PA017","TOR_20260901_1",2026-09-01,0,0.217987181185212
1,"M3_context_behavior","TOR_20260901_1_PA018","TOR_20260901_1",2026-09-01,1,0.129175371278678
1,"M3_context_behavior","TOR_20260901_1_PA019","TOR_20260901_1",2026-09-01,0,0.202774868101531
1,"M3_context_behavior","TOR_20260901_1_PA020","TOR_20260901_1",2026-09-01,1,0.131261228473004
1,"M3_context_behavior","TOR_20260901_1_PA021","TOR_20260901_1",2026-09-01,0,0.178856604394156
1,"M3_context_behavior","TOR_20260901_1_PA022","TOR_20260901_1",2026-09-01,1,0.168211665737693
1,"M3_context_behavior","TOR_20260901_1_PA023","TOR_20260901_1",2026-09-01,1,0.139641891803914
1,"M3_context_behavior","TOR_20260901_1_PA024","TOR_20260901_1",2026-09-01,1,0.244966705608138
1,"M3_context_behavior","TOR_20260901_1_PA025","TOR_20260901_1",2026-09-01,1,0.178721389718206
1,"M3_context_behavior","TOR_20260901_1_PA026","TOR_20260901_1",2026-09-01,0,0.127349800344379
1,"M3_context_behavior","TOR_20260901_1_PA027","TOR_20260901_1",2026-09-01,1,0.202024579143648
1,"M3_context_behavior","TOR_20260901_1_PA028","TOR_20260901_1",2026-09-01,0,0.160307928523601
1,"M3_context_behavior","TOR_20260901_1_PA029","TOR_20260901_1",2026-09-01,0,0.111015364473492
1,"M3_context_behavior","TOR_20260901_1_PA030","TOR_20260901_1",2026-09-01,0,0.160326866263365
1,"M3_context_behavior","TOR_20260901_1_PA031","TOR_20260901_1",2026-09-01,0,0.180789810484195
1,"M3_context_behavior","TOR_20260901_1_PA032","TOR_20260901_1",2026-09-01,0,0.12570108333598
1,"M3_context_behavior","TOR_20260902_1_PA001","TOR_20260902_1",2026-09-02,0,0.247983112943012
1,"M3_context_behavior","TOR_20260902_1_PA002","TOR_20260902_1",2026-09-02,0,0.190778293471749
1,"M3_context_behavior","TOR_20260902_1_PA003","TOR_20260902_1",2026-09-02,0,0.28876506487413
1,"M3_context_behavior","TOR_20260902_1_PA004","TOR_20260902_1",2026-09-02,1,0.17129209678061
1,"M3_context_behavior","TOR_20260902_1_PA005","TOR_20260902_1",2026-09-02,0,0.27833861745647
1,"M3_context_behavior","TOR_20260902_1_PA006","TOR_20260902_1",2026-09-02,0,0.203785905949704
1,"M3_context_behavior","TOR_20260902_1_PA007","TOR_20260902_1",2026-09-02,0,0.219842796157018
1,"M3_context_behavior","TOR_20260902_1_PA008","TOR_20260902_1",2026-09-02,0,0.238713133009738
1,"M3_context_behavior","TOR_20260902_1_PA009","TOR_20260902_1",2026-09-02,0,0.199822706838383
1,"M3_context_behavior","TOR_20260902_1_PA010","TOR_20260902_1",2026-09-02,0,0.219265884958429
1,"M3_context_behavior","TOR_20260902_1_PA011","TOR_20260902_1",2026-09-02,0,0.193689393842338
1,"M3_context_behavior","TOR_20260902_1_PA012","TOR_20260902_1",2026-09-02,0,0.215988020240592
1,"M3_context_behavior","TOR_20260902_1_PA013","TOR_20260902_1",2026-09-02,0,0.219842796157018
1,"M3_context_behavior","TOR_20260902_1_PA014","TOR_20260902_1",2026-09-02,1,0.286792833818655
1,"M3_context_behavior","TOR_20260902_1_PA015","TOR_20260902_1",2026-09-02,0,0.169159574789597
1,"M3_context_behavior","TOR_20260902_1_PA016","TOR_20260902_1",2026-09-02,0,0.247582260772965
1,"M3_context_behavior","TOR_20260902_1_PA017","TOR_20260902_1",2026-09-02,0,0.150465713116164
1,"M3_context_behavior","TOR_20260902_1_PA018","TOR_20260902_1",2026-09-02,0,0.125477656122286
1,"M3_context_behavior","TOR_20260902_1_PA019","TOR_20260902_1",2026-09-02,0,0.211189501253833
1,"M3_context_behavior","TOR_20260902_1_PA020","TOR_20260902_1",2026-09-02,1,0.225603979602722
1,"M3_context_behavior","TOR_20260902_1_PA021","TOR_20260902_1",2026-09-02,0,0.186127510741868
1,"M3_context_behavior","TOR_20260902_1_PA022","TOR_20260902_1",2026-09-02,1,0.147221647767629
1,"M3_context_behavior","TOR_20260902_1_PA023","TOR_20260902_1",2026-09-02,1,0.286633265196425
1,"M3_context_behavior","TOR_20260902_1_PA024","TOR_20260902_1",2026-09-02,0,0.107848204696146
1,"M3_context_behavior","TOR_20260902_1_PA025","TOR_20260902_1",2026-09-02,0,0.205820346613182
1,"M3_context_behavior","TOR_20260902_1_PA026","TOR_20260902_1",2026-09-02,1,0.137001108478026
1,"M3_context_behavior","TOR_20260902_1_PA027","TOR_20260902_1",2026-09-02,0,0.168211665737693
1,"M3_context_behavior","TOR_20260902_1_PA028","TOR_20260902_1",2026-09-02,0,0.183693710892288
1,"M3_context_behavior","TOR_20260902_1_PA029","TOR_20260902_1",2026-09-02,0,0.165070650536727
1,"M3_context_behavior","TOR_20260902_1_PA030","TOR_20260902_1",2026-09-02,0,0.160953531611663
1,"M3_context_behavior","TOR_20260902_1_PA031","TOR_20260902_1",2026-09-02,0,0.107406732894453
1,"M3_context_behavior","TOR_20260902_1_PA032","TOR_20260902_1",2026-09-02,1,0.215726674153282
1,"M3_context_behavior","TOR_20260902_1_PA033","TOR_20260902_1",2026-09-02,1,0.110326375136307
1,"M3_context_behavior","TOR_20260902_1_PA034","TOR_20260902_1",2026-09-02,0,0.106925850170529
1,"M3_context_behavior","TOR_20260902_1_PA035","TOR_20260902_1",2026-09-02,0,0.168102523648072
1,"M3_context_behavior","TOR_20260902_1_PA036","TOR_20260902_1",2026-09-02,0,0.151172991822969
1,"M3_context_behavior","TOR_20260902_1_PA037","TOR_20260902_1",2026-09-02,0,0.168102523648072
1,"M3_context_behavior","TOR_20260902_1_PA038","TOR_20260902_1",2026-09-02,0,0.0881430419472001
1,"M3_context_behavior","TOR_20260902_1_PA040","TOR_20260902_1",2026-09-02,0,0.0957368456456454
1,"M3_context_behavior","TOR_20260902_1_PA041","TOR_20260902_1",2026-09-02,0,0.0913845592301332
1,"M3_context_behavior","TOR_20260902_1_PA042","TOR_20260902_1",2026-09-02,0,0.091262801299984
1,"M3_context_behavior","TOR_20260902_1_PA043","TOR_20260902_1",2026-09-02,0,0.148621886882755
1,"M3_context_behavior","TOR_20260902_1_PA044","TOR_20260902_1",2026-09-02,0,0.169728537899951
2,"M0_prevalence","TOR_20260903_1_PA001","TOR_20260903_1",2026-09-03,0,0.184952978056426
2,"M0_prevalence","TOR_20260903_1_PA002","TOR_20260903_1",2026-09-03,0,0.184952978056426
2,"M0_prevalence","TOR_20260903_1_PA003","TOR_20260903_1",2026-09-03,1,0.184952978056426
2,"M0_prevalence","TOR_20260903_1_PA004","TOR_20260903_1",2026-09-03,1,0.184952978056426
2,"M0_prevalence","TOR_20260903_1_PA005","TOR_20260903_1",2026-09-03,0,0.184952978056426
2,"M0_prevalence","TOR_20260903_1_PA006","TOR_20260903_1",2026-09-03,0,0.184952978056426
2,"M0_prevalence","TOR_20260903_1_PA007","TOR_20260903_1",2026-09-03,1,0.184952978056426
2,"M0_prevalence","TOR_20260903_1_PA008","TOR_20260903_1",2026-09-03,0,0.184952978056426
2,"M0_prevalence","TOR_20260903_1_PA009","TOR_20260903_1",2026-09-03,0,0.184952978056426
2,"M0_prevalence","TOR_20260903_1_PA010","TOR_20260903_1",2026-09-03,0,0.184952978056426
2,"M0_prevalence","TOR_20260903_1_PA011","TOR_20260903_1",2026-09-03,0,0.184952978056426
2,"M0_prevalence","TOR_20260903_1_PA012","TOR_20260903_1",2026-09-03,0,0.184952978056426
2,"M0_prevalence","TOR_20260903_1_PA013","TOR_20260903_1",2026-09-03,0,0.184952978056426
2,"M0_prevalence","TOR_20260903_1_PA014","TOR_20260903_1",2026-09-03,1,0.184952978056426
2,"M0_prevalence","TOR_20260903_1_PA015","TOR_20260903_1",2026-09-03,0,0.184952978056426
2,"M0_prevalence","TOR_20260903_1_PA016","TOR_20260903_1",2026-09-03,0,0.184952978056426
2,"M0_prevalence","TOR_20260903_1_PA017","TOR_20260903_1",2026-09-03,0,0.184952978056426
2,"M0_prevalence","TOR_20260903_1_PA018","TOR_20260903_1",2026-09-03,0,0.184952978056426
2,"M0_prevalence","TOR_20260903_1_PA019","TOR_20260903_1",2026-09-03,0,0.184952978056426
2,"M0_prevalence","TOR_20260903_1_PA020","TOR_20260903_1",2026-09-03,0,0.184952978056426
2,"M0_prevalence","TOR_20260903_1_PA021","TOR_20260903_1",2026-09-03,0,0.184952978056426
2,"M0_prevalence","TOR_20260903_1_PA022","TOR_20260903_1",2026-09-03,0,0.184952978056426
2,"M0_prevalence","TOR_20260903_1_PA023","TOR_20260903_1",2026-09-03,0,0.184952978056426
2,"M0_prevalence","TOR_20260903_1_PA024","TOR_20260903_1",2026-09-03,1,0.184952978056426
2,"M0_prevalence","TOR_20260903_1_PA025","TOR_20260903_1",2026-09-03,0,0.184952978056426
2,"M0_prevalence","TOR_20260903_1_PA026","TOR_20260903_1",2026-09-03,0,0.184952978056426
2,"M0_prevalence","TOR_20260903_1_PA027","TOR_20260903_1",2026-09-03,0,0.184952978056426
2,"M0_prevalence","TOR_20260903_1_PA028","TOR_20260903_1",2026-09-03,0,0.184952978056426
2,"M0_prevalence","TOR_20260903_1_PA029","TOR_20260903_1",2026-09-03,0,0.184952978056426
2,"M0_prevalence","TOR_20260903_1_PA030","TOR_20260903_1",2026-09-03,0,0.184952978056426
2,"M0_prevalence","TOR_20260903_1_PA031","TOR_20260903_1",2026-09-03,1,0.184952978056426
2,"M0_prevalence","TOR_20260903_1_PA032","TOR_20260903_1",2026-09-03,1,0.184952978056426
2,"M0_prevalence","TOR_20260903_1_PA033","TOR_20260903_1",2026-09-03,0,0.184952978056426
2,"M0_prevalence","TOR_20260903_1_PA034","TOR_20260903_1",2026-09-03,0,0.184952978056426
2,"M0_prevalence","TOR_20260903_1_PA035","TOR_20260903_1",2026-09-03,0,0.184952978056426
2,"M0_prevalence","TOR_20260903_1_PA036","TOR_20260903_1",2026-09-03,1,0.184952978056426
2,"M0_prevalence","TOR_20260903_1_PA037","TOR_20260903_1",2026-09-03,0,0.184952978056426
2,"M0_prevalence","TOR_20260903_1_PA038","TOR_20260903_1",2026-09-03,0,0.184952978056426
2,"M0_prevalence","TOR_20260903_1_PA039","TOR_20260903_1",2026-09-03,0,0.184952978056426
2,"M0_prevalence","TOR_20260903_1_PA040","TOR_20260903_1",2026-09-03,1,0.184952978056426
2,"M0_prevalence","TOR_20260903_1_PA041","TOR_20260903_1",2026-09-03,0,0.184952978056426
2,"M0_prevalence","TOR_20260903_1_PA042","TOR_20260903_1",2026-09-03,0,0.184952978056426
2,"M0_prevalence","TOR_20260903_1_PA043","TOR_20260903_1",2026-09-03,0,0.184952978056426
2,"M0_prevalence","TOR_20260903_1_PA044","TOR_20260903_1",2026-09-03,1,0.184952978056426
2,"M0_prevalence","TOR_20260904_1_PA001","TOR_20260904_1",2026-09-04,0,0.184952978056426
2,"M0_prevalence","TOR_20260904_1_PA002","TOR_20260904_1",2026-09-04,0,0.184952978056426
2,"M0_prevalence","TOR_20260904_1_PA003","TOR_20260904_1",2026-09-04,0,0.184952978056426
2,"M0_prevalence","TOR_20260904_1_PA004","TOR_20260904_1",2026-09-04,0,0.184952978056426
2,"M0_prevalence","TOR_20260904_1_PA005","TOR_20260904_1",2026-09-04,0,0.184952978056426
2,"M0_prevalence","TOR_20260904_1_PA006","TOR_20260904_1",2026-09-04,0,0.184952978056426
2,"M0_prevalence","TOR_20260904_1_PA007","TOR_20260904_1",2026-09-04,0,0.184952978056426
2,"M0_prevalence","TOR_20260904_1_PA008","TOR_20260904_1",2026-09-04,0,0.184952978056426
2,"M0_prevalence","TOR_20260904_1_PA009","TOR_20260904_1",2026-09-04,0,0.184952978056426
2,"M0_prevalence","TOR_20260904_1_PA010","TOR_20260904_1",2026-09-04,0,0.184952978056426
2,"M0_prevalence","TOR_20260904_1_PA011","TOR_20260904_1",2026-09-04,0,0.184952978056426
2,"M0_prevalence","TOR_20260904_1_PA012","TOR_20260904_1",2026-09-04,0,0.184952978056426
2,"M0_prevalence","TOR_20260904_1_PA013","TOR_20260904_1",2026-09-04,0,0.184952978056426
2,"M0_prevalence","TOR_20260904_1_PA014","TOR_20260904_1",2026-09-04,0,0.184952978056426
2,"M0_prevalence","TOR_20260904_1_PA015","TOR_20260904_1",2026-09-04,0,0.184952978056426
2,"M0_prevalence","TOR_20260904_1_PA016","TOR_20260904_1",2026-09-04,0,0.184952978056426
2,"M0_prevalence","TOR_20260904_1_PA017","TOR_20260904_1",2026-09-04,0,0.184952978056426
2,"M0_prevalence","TOR_20260904_1_PA018","TOR_20260904_1",2026-09-04,0,0.184952978056426
2,"M0_prevalence","TOR_20260904_1_PA019","TOR_20260904_1",2026-09-04,0,0.184952978056426
2,"M0_prevalence","TOR_20260904_1_PA020","TOR_20260904_1",2026-09-04,0,0.184952978056426
2,"M0_prevalence","TOR_20260904_1_PA021","TOR_20260904_1",2026-09-04,0,0.184952978056426
2,"M0_prevalence","TOR_20260904_1_PA022","TOR_20260904_1",2026-09-04,0,0.184952978056426
2,"M0_prevalence","TOR_20260904_1_PA023","TOR_20260904_1",2026-09-04,0,0.184952978056426
2,"M0_prevalence","TOR_20260904_1_PA024","TOR_20260904_1",2026-09-04,0,0.184952978056426
2,"M0_prevalence","TOR_20260904_1_PA025","TOR_20260904_1",2026-09-04,0,0.184952978056426
2,"M0_prevalence","TOR_20260904_1_PA026","TOR_20260904_1",2026-09-04,0,0.184952978056426
2,"M0_prevalence","TOR_20260904_1_PA027","TOR_20260904_1",2026-09-04,0,0.184952978056426
2,"M0_prevalence","TOR_20260904_1_PA028","TOR_20260904_1",2026-09-04,0,0.184952978056426
2,"M0_prevalence","TOR_20260904_1_PA029","TOR_20260904_1",2026-09-04,0,0.184952978056426
2,"M0_prevalence","TOR_20260904_1_PA030","TOR_20260904_1",2026-09-04,0,0.184952978056426
2,"M0_prevalence","TOR_20260904_1_PA031","TOR_20260904_1",2026-09-04,0,0.184952978056426
2,"M0_prevalence","TOR_20260904_1_PA032","TOR_20260904_1",2026-09-04,1,0.184952978056426
2,"M0_prevalence","TOR_20260904_1_PA033","TOR_20260904_1",2026-09-04,1,0.184952978056426
2,"M0_prevalence","TOR_20260904_1_PA034","TOR_20260904_1",2026-09-04,0,0.184952978056426
2,"M0_prevalence","TOR_20260904_1_PA035","TOR_20260904_1",2026-09-04,0,0.184952978056426
2,"M0_prevalence","TOR_20260904_1_PA036","TOR_20260904_1",2026-09-04,0,0.184952978056426
2,"M0_prevalence","TOR_20260904_1_PA037","TOR_20260904_1",2026-09-04,1,0.184952978056426
2,"M0_prevalence","TOR_20260904_1_PA038","TOR_20260904_1",2026-09-04,0,0.184952978056426
2,"M0_prevalence","TOR_20260904_1_PA039","TOR_20260904_1",2026-09-04,0,0.184952978056426
2,"M0_prevalence","TOR_20260904_1_PA040","TOR_20260904_1",2026-09-04,0,0.184952978056426
2,"M0_prevalence","TOR_20260904_1_PA041","TOR_20260904_1",2026-09-04,1,0.184952978056426
2,"M0_prevalence","TOR_20260904_1_PA042","TOR_20260904_1",2026-09-04,0,0.184952978056426
2,"M0_prevalence","TOR_20260904_1_PA043","TOR_20260904_1",2026-09-04,0,0.184952978056426
2,"M0_prevalence","TOR_20260905_1_PA001","TOR_20260905_1",2026-09-05,0,0.184952978056426
2,"M0_prevalence","TOR_20260905_1_PA002","TOR_20260905_1",2026-09-05,0,0.184952978056426
2,"M0_prevalence","TOR_20260905_1_PA003","TOR_20260905_1",2026-09-05,0,0.184952978056426
2,"M0_prevalence","TOR_20260905_1_PA004","TOR_20260905_1",2026-09-05,0,0.184952978056426
2,"M0_prevalence","TOR_20260905_1_PA005","TOR_20260905_1",2026-09-05,0,0.184952978056426
2,"M0_prevalence","TOR_20260905_1_PA006","TOR_20260905_1",2026-09-05,0,0.184952978056426
2,"M0_prevalence","TOR_20260905_1_PA007","TOR_20260905_1",2026-09-05,0,0.184952978056426
2,"M0_prevalence","TOR_20260905_1_PA008","TOR_20260905_1",2026-09-05,0,0.184952978056426
2,"M0_prevalence","TOR_20260905_1_PA009","TOR_20260905_1",2026-09-05,0,0.184952978056426
2,"M0_prevalence","TOR_20260905_1_PA010","TOR_20260905_1",2026-09-05,0,0.184952978056426
2,"M0_prevalence","TOR_20260905_1_PA011","TOR_20260905_1",2026-09-05,0,0.184952978056426
2,"M0_prevalence","TOR_20260905_1_PA012","TOR_20260905_1",2026-09-05,0,0.184952978056426
2,"M0_prevalence","TOR_20260905_1_PA013","TOR_20260905_1",2026-09-05,0,0.184952978056426
2,"M0_prevalence","TOR_20260905_1_PA014","TOR_20260905_1",2026-09-05,0,0.184952978056426
2,"M0_prevalence","TOR_20260905_1_PA015","TOR_20260905_1",2026-09-05,0,0.184952978056426
2,"M0_prevalence","TOR_20260905_1_PA016","TOR_20260905_1",2026-09-05,0,0.184952978056426
2,"M0_prevalence","TOR_20260905_1_PA017","TOR_20260905_1",2026-09-05,0,0.184952978056426
2,"M0_prevalence","TOR_20260905_1_PA018","TOR_20260905_1",2026-09-05,0,0.184952978056426
2,"M0_prevalence","TOR_20260905_1_PA019","TOR_20260905_1",2026-09-05,1,0.184952978056426
2,"M0_prevalence","TOR_20260905_1_PA020","TOR_20260905_1",2026-09-05,0,0.184952978056426
2,"M0_prevalence","TOR_20260905_1_PA021","TOR_20260905_1",2026-09-05,0,0.184952978056426
2,"M0_prevalence","TOR_20260905_1_PA022","TOR_20260905_1",2026-09-05,0,0.184952978056426
2,"M0_prevalence","TOR_20260905_1_PA023","TOR_20260905_1",2026-09-05,0,0.184952978056426
2,"M0_prevalence","TOR_20260905_1_PA024","TOR_20260905_1",2026-09-05,0,0.184952978056426
2,"M0_prevalence","TOR_20260905_1_PA025","TOR_20260905_1",2026-09-05,0,0.184952978056426
2,"M0_prevalence","TOR_20260905_1_PA026","TOR_20260905_1",2026-09-05,1,0.184952978056426
2,"M0_prevalence","TOR_20260905_1_PA027","TOR_20260905_1",2026-09-05,1,0.184952978056426
2,"M0_prevalence","TOR_20260905_1_PA028","TOR_20260905_1",2026-09-05,0,0.184952978056426
2,"M0_prevalence","TOR_20260905_1_PA029","TOR_20260905_1",2026-09-05,0,0.184952978056426
2,"M0_prevalence","TOR_20260905_1_PA030","TOR_20260905_1",2026-09-05,1,0.184952978056426
2,"M0_prevalence","TOR_20260905_1_PA031","TOR_20260905_1",2026-09-05,0,0.184952978056426
2,"M0_prevalence","TOR_20260905_1_PA032","TOR_20260905_1",2026-09-05,0,0.184952978056426
2,"M0_prevalence","TOR_20260905_1_PA033","TOR_20260905_1",2026-09-05,0,0.184952978056426
2,"M0_prevalence","TOR_20260905_1_PA034","TOR_20260905_1",2026-09-05,0,0.184952978056426
2,"M0_prevalence","TOR_20260905_1_PA035","TOR_20260905_1",2026-09-05,0,0.184952978056426
2,"M0_prevalence","TOR_20260905_1_PA036","TOR_20260905_1",2026-09-05,0,0.184952978056426
2,"M0_prevalence","TOR_20260905_1_PA037","TOR_20260905_1",2026-09-05,0,0.184952978056426
2,"M0_prevalence","TOR_20260905_1_PA038","TOR_20260905_1",2026-09-05,0,0.184952978056426
2,"M0_prevalence","TOR_20260905_1_PA039","TOR_20260905_1",2026-09-05,0,0.184952978056426
2,"M0_prevalence","TOR_20260905_1_PA040","TOR_20260905_1",2026-09-05,0,0.184952978056426
2,"M0_prevalence","TOR_20260905_1_PA041","TOR_20260905_1",2026-09-05,0,0.184952978056426
2,"M0_prevalence","TOR_20260905_1_PA042","TOR_20260905_1",2026-09-05,0,0.184952978056426
2,"M0_prevalence","TOR_20260906_1_PA001","TOR_20260906_1",2026-09-06,0,0.184952978056426
2,"M0_prevalence","TOR_20260906_1_PA002","TOR_20260906_1",2026-09-06,0,0.184952978056426
2,"M0_prevalence","TOR_20260906_1_PA003","TOR_20260906_1",2026-09-06,0,0.184952978056426
2,"M0_prevalence","TOR_20260906_1_PA004","TOR_20260906_1",2026-09-06,0,0.184952978056426
2,"M0_prevalence","TOR_20260906_1_PA005","TOR_20260906_1",2026-09-06,1,0.184952978056426
2,"M0_prevalence","TOR_20260906_1_PA006","TOR_20260906_1",2026-09-06,1,0.184952978056426
2,"M0_prevalence","TOR_20260906_1_PA007","TOR_20260906_1",2026-09-06,0,0.184952978056426
2,"M0_prevalence","TOR_20260906_1_PA008","TOR_20260906_1",2026-09-06,0,0.184952978056426
2,"M0_prevalence","TOR_20260906_1_PA009","TOR_20260906_1",2026-09-06,0,0.184952978056426
2,"M0_prevalence","TOR_20260906_1_PA010","TOR_20260906_1",2026-09-06,0,0.184952978056426
2,"M0_prevalence","TOR_20260906_1_PA011","TOR_20260906_1",2026-09-06,0,0.184952978056426
2,"M0_prevalence","TOR_20260906_1_PA012","TOR_20260906_1",2026-09-06,0,0.184952978056426
2,"M0_prevalence","TOR_20260906_1_PA013","TOR_20260906_1",2026-09-06,0,0.184952978056426
2,"M0_prevalence","TOR_20260906_1_PA014","TOR_20260906_1",2026-09-06,0,0.184952978056426
2,"M0_prevalence","TOR_20260906_1_PA015","TOR_20260906_1",2026-09-06,1,0.184952978056426
2,"M0_prevalence","TOR_20260906_1_PA016","TOR_20260906_1",2026-09-06,0,0.184952978056426
2,"M0_prevalence","TOR_20260906_1_PA017","TOR_20260906_1",2026-09-06,0,0.184952978056426
2,"M0_prevalence","TOR_20260906_1_PA018","TOR_20260906_1",2026-09-06,0,0.184952978056426
2,"M0_prevalence","TOR_20260906_1_PA019","TOR_20260906_1",2026-09-06,0,0.184952978056426
2,"M0_prevalence","TOR_20260906_1_PA020","TOR_20260906_1",2026-09-06,0,0.184952978056426
2,"M0_prevalence","TOR_20260906_1_PA021","TOR_20260906_1",2026-09-06,0,0.184952978056426
2,"M0_prevalence","TOR_20260906_1_PA022","TOR_20260906_1",2026-09-06,0,0.184952978056426
2,"M0_prevalence","TOR_20260906_1_PA023","TOR_20260906_1",2026-09-06,0,0.184952978056426
2,"M0_prevalence","TOR_20260906_1_PA024","TOR_20260906_1",2026-09-06,0,0.184952978056426
2,"M0_prevalence","TOR_20260906_1_PA025","TOR_20260906_1",2026-09-06,0,0.184952978056426
2,"M0_prevalence","TOR_20260906_1_PA026","TOR_20260906_1",2026-09-06,0,0.184952978056426
2,"M0_prevalence","TOR_20260906_1_PA027","TOR_20260906_1",2026-09-06,0,0.184952978056426
2,"M0_prevalence","TOR_20260906_1_PA028","TOR_20260906_1",2026-09-06,0,0.184952978056426
2,"M0_prevalence","TOR_20260906_1_PA029","TOR_20260906_1",2026-09-06,1,0.184952978056426
2,"M0_prevalence","TOR_20260906_1_PA030","TOR_20260906_1",2026-09-06,1,0.184952978056426
2,"M0_prevalence","TOR_20260906_1_PA031","TOR_20260906_1",2026-09-06,0,0.184952978056426
2,"M0_prevalence","TOR_20260906_1_PA032","TOR_20260906_1",2026-09-06,0,0.184952978056426
2,"M0_prevalence","TOR_20260906_1_PA033","TOR_20260906_1",2026-09-06,0,0.184952978056426
2,"M0_prevalence","TOR_20260906_1_PA034","TOR_20260906_1",2026-09-06,0,0.184952978056426
2,"M0_prevalence","TOR_20260907_1_PA001","TOR_20260907_1",2026-09-07,0,0.184952978056426
2,"M0_prevalence","TOR_20260907_1_PA002","TOR_20260907_1",2026-09-07,0,0.184952978056426
2,"M0_prevalence","TOR_20260907_1_PA003","TOR_20260907_1",2026-09-07,1,0.184952978056426
2,"M0_prevalence","TOR_20260907_1_PA004","TOR_20260907_1",2026-09-07,0,0.184952978056426
2,"M0_prevalence","TOR_20260907_1_PA005","TOR_20260907_1",2026-09-07,0,0.184952978056426
2,"M0_prevalence","TOR_20260907_1_PA006","TOR_20260907_1",2026-09-07,0,0.184952978056426
2,"M0_prevalence","TOR_20260907_1_PA007","TOR_20260907_1",2026-09-07,0,0.184952978056426
2,"M0_prevalence","TOR_20260907_1_PA008","TOR_20260907_1",2026-09-07,0,0.184952978056426
2,"M0_prevalence","TOR_20260907_1_PA009","TOR_20260907_1",2026-09-07,0,0.184952978056426
2,"M0_prevalence","TOR_20260907_1_PA010","TOR_20260907_1",2026-09-07,0,0.184952978056426
2,"M0_prevalence","TOR_20260907_1_PA011","TOR_20260907_1",2026-09-07,0,0.184952978056426
2,"M0_prevalence","TOR_20260907_1_PA012","TOR_20260907_1",2026-09-07,0,0.184952978056426
2,"M0_prevalence","TOR_20260907_1_PA013","TOR_20260907_1",2026-09-07,0,0.184952978056426
2,"M0_prevalence","TOR_20260907_1_PA014","TOR_20260907_1",2026-09-07,0,0.184952978056426
2,"M0_prevalence","TOR_20260907_1_PA015","TOR_20260907_1",2026-09-07,0,0.184952978056426
2,"M0_prevalence","TOR_20260907_1_PA016","TOR_20260907_1",2026-09-07,0,0.184952978056426
2,"M0_prevalence","TOR_20260907_1_PA017","TOR_20260907_1",2026-09-07,0,0.184952978056426
2,"M0_prevalence","TOR_20260907_1_PA018","TOR_20260907_1",2026-09-07,0,0.184952978056426
2,"M0_prevalence","TOR_20260907_1_PA019","TOR_20260907_1",2026-09-07,0,0.184952978056426
2,"M0_prevalence","TOR_20260907_1_PA020","TOR_20260907_1",2026-09-07,0,0.184952978056426
2,"M0_prevalence","TOR_20260907_1_PA021","TOR_20260907_1",2026-09-07,0,0.184952978056426
2,"M0_prevalence","TOR_20260907_1_PA022","TOR_20260907_1",2026-09-07,0,0.184952978056426
2,"M0_prevalence","TOR_20260907_1_PA023","TOR_20260907_1",2026-09-07,0,0.184952978056426
2,"M0_prevalence","TOR_20260907_1_PA024","TOR_20260907_1",2026-09-07,0,0.184952978056426
2,"M0_prevalence","TOR_20260907_1_PA025","TOR_20260907_1",2026-09-07,0,0.184952978056426
2,"M0_prevalence","TOR_20260907_1_PA026","TOR_20260907_1",2026-09-07,0,0.184952978056426
2,"M0_prevalence","TOR_20260907_1_PA027","TOR_20260907_1",2026-09-07,0,0.184952978056426
2,"M0_prevalence","TOR_20260907_1_PA028","TOR_20260907_1",2026-09-07,1,0.184952978056426
2,"M0_prevalence","TOR_20260907_1_PA029","TOR_20260907_1",2026-09-07,1,0.184952978056426
2,"M0_prevalence","TOR_20260907_1_PA030","TOR_20260907_1",2026-09-07,0,0.184952978056426
2,"M0_prevalence","TOR_20260907_1_PA031","TOR_20260907_1",2026-09-07,0,0.184952978056426
2,"M0_prevalence","TOR_20260907_1_PA032","TOR_20260907_1",2026-09-07,0,0.184952978056426
2,"M0_prevalence","TOR_20260907_1_PA033","TOR_20260907_1",2026-09-07,0,0.184952978056426
2,"M0_prevalence","TOR_20260907_1_PA034","TOR_20260907_1",2026-09-07,0,0.184952978056426
2,"M0_prevalence","TOR_20260907_1_PA035","TOR_20260907_1",2026-09-07,0,0.184952978056426
2,"M0_prevalence","TOR_20260907_1_PA036","TOR_20260907_1",2026-09-07,0,0.184952978056426
2,"M0_prevalence","TOR_20260907_1_PA037","TOR_20260907_1",2026-09-07,0,0.184952978056426
2,"M0_prevalence","TOR_20260907_1_PA038","TOR_20260907_1",2026-09-07,1,0.184952978056426
2,"M1_context","TOR_20260903_1_PA001","TOR_20260903_1",2026-09-03,0,0.267717884413272
2,"M1_context","TOR_20260903_1_PA002","TOR_20260903_1",2026-09-03,0,0.267717884413272
2,"M1_context","TOR_20260903_1_PA003","TOR_20260903_1",2026-09-03,1,0.267717884413272
2,"M1_context","TOR_20260903_1_PA004","TOR_20260903_1",2026-09-03,1,0.256908743024354
2,"M1_context","TOR_20260903_1_PA005","TOR_20260903_1",2026-09-03,0,0.256908743024354
2,"M1_context","TOR_20260903_1_PA006","TOR_20260903_1",2026-09-03,0,0.256908743024354
2,"M1_context","TOR_20260903_1_PA007","TOR_20260903_1",2026-09-03,1,0.256908743024354
2,"M1_context","TOR_20260903_1_PA008","TOR_20260903_1",2026-09-03,0,0.246389180704498
2,"M1_context","TOR_20260903_1_PA009","TOR_20260903_1",2026-09-03,0,0.246389180704498
2,"M1_context","TOR_20260903_1_PA010","TOR_20260903_1",2026-09-03,0,0.246389180704498
2,"M1_context","TOR_20260903_1_PA011","TOR_20260903_1",2026-09-03,0,0.236163464807197
2,"M1_context","TOR_20260903_1_PA012","TOR_20260903_1",2026-09-03,0,0.236163464807197
2,"M1_context","TOR_20260903_1_PA013","TOR_20260903_1",2026-09-03,0,0.181275477267454
2,"M1_context","TOR_20260903_1_PA014","TOR_20260903_1",2026-09-03,1,0.236163464807197
2,"M1_context","TOR_20260903_1_PA015","TOR_20260903_1",2026-09-03,0,0.236163464807197
2,"M1_context","TOR_20260903_1_PA016","TOR_20260903_1",2026-09-03,0,0.226234737056661
2,"M1_context","TOR_20260903_1_PA017","TOR_20260903_1",2026-09-03,0,0.226234737056661
2,"M1_context","TOR_20260903_1_PA018","TOR_20260903_1",2026-09-03,0,0.17313129898629
2,"M1_context","TOR_20260903_1_PA019","TOR_20260903_1",2026-09-03,0,0.17313129898629
2,"M1_context","TOR_20260903_1_PA020","TOR_20260903_1",2026-09-03,0,0.17313129898629
2,"M1_context","TOR_20260903_1_PA021","TOR_20260903_1",2026-09-03,0,0.17313129898629
2,"M1_context","TOR_20260903_1_PA022","TOR_20260903_1",2026-09-03,0,0.226234737056661
2,"M1_context","TOR_20260903_1_PA023","TOR_20260903_1",2026-09-03,0,0.17313129898629
2,"M1_context","TOR_20260903_1_PA024","TOR_20260903_1",2026-09-03,1,0.17313129898629
2,"M1_context","TOR_20260903_1_PA025","TOR_20260903_1",2026-09-03,0,0.17313129898629
2,"M1_context","TOR_20260903_1_PA026","TOR_20260903_1",2026-09-03,0,0.216605060220159
2,"M1_context","TOR_20260903_1_PA027","TOR_20260903_1",2026-09-03,0,0.216605060220159
2,"M1_context","TOR_20260903_1_PA028","TOR_20260903_1",2026-09-03,0,0.216605060220159
2,"M1_context","TOR_20260903_1_PA029","TOR_20260903_1",2026-09-03,0,0.216605060220159
2,"M1_context","TOR_20260903_1_PA030","TOR_20260903_1",2026-09-03,0,0.207275470255655
2,"M1_context","TOR_20260903_1_PA031","TOR_20260903_1",2026-09-03,1,0.207275470255655
2,"M1_context","TOR_20260903_1_PA032","TOR_20260903_1",2026-09-03,1,0.207275470255655
2,"M1_context","TOR_20260903_1_PA033","TOR_20260903_1",2026-09-03,0,0.207275470255655
2,"M1_context","TOR_20260903_1_PA034","TOR_20260903_1",2026-09-03,0,0.198246032920224
2,"M1_context","TOR_20260903_1_PA035","TOR_20260903_1",2026-09-03,0,0.198246032920224
2,"M1_context","TOR_20260903_1_PA036","TOR_20260903_1",2026-09-03,1,0.198246032920224
2,"M1_context","TOR_20260903_1_PA037","TOR_20260903_1",2026-09-03,0,0.198246032920224
2,"M1_context","TOR_20260903_1_PA038","TOR_20260903_1",2026-09-03,0,0.15043502467491
2,"M1_context","TOR_20260903_1_PA039","TOR_20260903_1",2026-09-03,0,0.189515903852794
2,"M1_context","TOR_20260903_1_PA040","TOR_20260903_1",2026-09-03,1,0.189515903852794
2,"M1_context","TOR_20260903_1_PA041","TOR_20260903_1",2026-09-03,0,0.189515903852794
2,"M1_context","TOR_20260903_1_PA042","TOR_20260903_1",2026-09-03,0,0.189515903852794
2,"M1_context","TOR_20260903_1_PA043","TOR_20260903_1",2026-09-03,0,0.143433677416761
2,"M1_context","TOR_20260903_1_PA044","TOR_20260903_1",2026-09-03,1,0.143433677416761
2,"M1_context","TOR_20260904_1_PA001","TOR_20260904_1",2026-09-04,0,0.267717884413272
2,"M1_context","TOR_20260904_1_PA002","TOR_20260904_1",2026-09-04,0,0.267717884413272
2,"M1_context","TOR_20260904_1_PA003","TOR_20260904_1",2026-09-04,0,0.267717884413272
2,"M1_context","TOR_20260904_1_PA004","TOR_20260904_1",2026-09-04,0,0.267717884413272
2,"M1_context","TOR_20260904_1_PA005","TOR_20260904_1",2026-09-04,0,0.207488300363869
2,"M1_context","TOR_20260904_1_PA006","TOR_20260904_1",2026-09-04,0,0.207488300363869
2,"M1_context","TOR_20260904_1_PA007","TOR_20260904_1",2026-09-04,0,0.207488300363869
2,"M1_context","TOR_20260904_1_PA008","TOR_20260904_1",2026-09-04,0,0.207488300363869
2,"M1_context","TOR_20260904_1_PA009","TOR_20260904_1",2026-09-04,0,0.256908743024354
2,"M1_context","TOR_20260904_1_PA010","TOR_20260904_1",2026-09-04,0,0.256908743024354
2,"M1_context","TOR_20260904_1_PA011","TOR_20260904_1",2026-09-04,0,0.198451912636951
2,"M1_context","TOR_20260904_1_PA012","TOR_20260904_1",2026-09-04,0,0.198451912636951
2,"M1_context","TOR_20260904_1_PA013","TOR_20260904_1",2026-09-04,0,0.198451912636951
2,"M1_context","TOR_20260904_1_PA014","TOR_20260904_1",2026-09-04,0,0.198451912636951
2,"M1_context","TOR_20260904_1_PA015","TOR_20260904_1",2026-09-04,0,0.246389180704498
2,"M1_context","TOR_20260904_1_PA016","TOR_20260904_1",2026-09-04,0,0.246389180704498
2,"M1_context","TOR_20260904_1_PA017","TOR_20260904_1",2026-09-04,0,0.246389180704498
2,"M1_context","TOR_20260904_1_PA018","TOR_20260904_1",2026-09-04,0,0.246389180704498
2,"M1_context","TOR_20260904_1_PA019","TOR_20260904_1",2026-09-04,0,0.236163464807197
2,"M1_context","TOR_20260904_1_PA020","TOR_20260904_1",2026-09-04,0,0.236163464807197
2,"M1_context","TOR_20260904_1_PA021","TOR_20260904_1",2026-09-04,0,0.236163464807197
2,"M1_context","TOR_20260904_1_PA022","TOR_20260904_1",2026-09-04,0,0.226234737056661
2,"M1_context","TOR_20260904_1_PA023","TOR_20260904_1",2026-09-04,0,0.226234737056661
2,"M1_context","TOR_20260904_1_PA024","TOR_20260904_1",2026-09-04,0,0.226234737056661
2,"M1_context","TOR_20260904_1_PA025","TOR_20260904_1",2026-09-04,0,0.216605060220159
2,"M1_context","TOR_20260904_1_PA026","TOR_20260904_1",2026-09-04,0,0.216605060220159
2,"M1_context","TOR_20260904_1_PA027","TOR_20260904_1",2026-09-04,0,0.165279150373231
2,"M1_context","TOR_20260904_1_PA028","TOR_20260904_1",2026-09-04,0,0.165279150373231
2,"M1_context","TOR_20260904_1_PA029","TOR_20260904_1",2026-09-04,0,0.165279150373231
2,"M1_context","TOR_20260904_1_PA030","TOR_20260904_1",2026-09-04,0,0.165279150373231
2,"M1_context","TOR_20260904_1_PA031","TOR_20260904_1",2026-09-04,0,0.165279150373231
2,"M1_context","TOR_20260904_1_PA032","TOR_20260904_1",2026-09-04,1,0.207275470255655
2,"M1_context","TOR_20260904_1_PA033","TOR_20260904_1",2026-09-04,1,0.207275470255655
2,"M1_context","TOR_20260904_1_PA034","TOR_20260904_1",2026-09-04,0,0.207275470255655
2,"M1_context","TOR_20260904_1_PA035","TOR_20260904_1",2026-09-04,0,0.198246032920224
2,"M1_context","TOR_20260904_1_PA036","TOR_20260904_1",2026-09-04,0,0.198246032920224
2,"M1_context","TOR_20260904_1_PA037","TOR_20260904_1",2026-09-04,1,0.198246032920224
2,"M1_context","TOR_20260904_1_PA038","TOR_20260904_1",2026-09-04,0,0.15043502467491
2,"M1_context","TOR_20260904_1_PA039","TOR_20260904_1",2026-09-04,0,0.189515903852794
2,"M1_context","TOR_20260904_1_PA040","TOR_20260904_1",2026-09-04,0,0.189515903852794
2,"M1_context","TOR_20260904_1_PA041","TOR_20260904_1",2026-09-04,1,0.189515903852794
2,"M1_context","TOR_20260904_1_PA042","TOR_20260904_1",2026-09-04,0,0.189515903852794
2,"M1_context","TOR_20260904_1_PA043","TOR_20260904_1",2026-09-04,0,0.189515903852794
2,"M1_context","TOR_20260905_1_PA001","TOR_20260905_1",2026-09-05,0,0.267717884413272
2,"M1_context","TOR_20260905_1_PA002","TOR_20260905_1",2026-09-05,0,0.267717884413272
2,"M1_context","TOR_20260905_1_PA003","TOR_20260905_1",2026-09-05,0,0.267717884413272
2,"M1_context","TOR_20260905_1_PA004","TOR_20260905_1",2026-09-05,0,0.267717884413272
2,"M1_context","TOR_20260905_1_PA005","TOR_20260905_1",2026-09-05,0,0.207488300363869
2,"M1_context","TOR_20260905_1_PA006","TOR_20260905_1",2026-09-05,0,0.267717884413272
2,"M1_context","TOR_20260905_1_PA007","TOR_20260905_1",2026-09-05,0,0.207488300363869
2,"M1_context","TOR_20260905_1_PA008","TOR_20260905_1",2026-09-05,0,0.256908743024354
2,"M1_context","TOR_20260905_1_PA009","TOR_20260905_1",2026-09-05,0,0.256908743024354
2,"M1_context","TOR_20260905_1_PA010","TOR_20260905_1",2026-09-05,0,0.256908743024354
2,"M1_context","TOR_20260905_1_PA011","TOR_20260905_1",2026-09-05,0,0.198451912636951
2,"M1_context","TOR_20260905_1_PA012","TOR_20260905_1",2026-09-05,0,0.198451912636951
2,"M1_context","TOR_20260905_1_PA013","TOR_20260905_1",2026-09-05,0,0.246389180704498
2,"M1_context","TOR_20260905_1_PA014","TOR_20260905_1",2026-09-05,0,0.246389180704498
2,"M1_context","TOR_20260905_1_PA015","TOR_20260905_1",2026-09-05,0,0.246389180704498
2,"M1_context","TOR_20260905_1_PA016","TOR_20260905_1",2026-09-05,0,0.246389180704498
2,"M1_context","TOR_20260905_1_PA017","TOR_20260905_1",2026-09-05,0,0.246389180704498
2,"M1_context","TOR_20260905_1_PA018","TOR_20260905_1",2026-09-05,0,0.236163464807197
2,"M1_context","TOR_20260905_1_PA019","TOR_20260905_1",2026-09-05,1,0.236163464807197
2,"M1_context","TOR_20260905_1_PA020","TOR_20260905_1",2026-09-05,0,0.236163464807197
2,"M1_context","TOR_20260905_1_PA021","TOR_20260905_1",2026-09-05,0,0.226234737056661
2,"M1_context","TOR_20260905_1_PA022","TOR_20260905_1",2026-09-05,0,0.226234737056661
2,"M1_context","TOR_20260905_1_PA023","TOR_20260905_1",2026-09-05,0,0.226234737056661
2,"M1_context","TOR_20260905_1_PA024","TOR_20260905_1",2026-09-05,0,0.216605060220159
2,"M1_context","TOR_20260905_1_PA025","TOR_20260905_1",2026-09-05,0,0.216605060220159
2,"M1_context","TOR_20260905_1_PA026","TOR_20260905_1",2026-09-05,1,0.165279150373231
2,"M1_context","TOR_20260905_1_PA027","TOR_20260905_1",2026-09-05,1,0.165279150373231
2,"M1_context","TOR_20260905_1_PA028","TOR_20260905_1",2026-09-05,0,0.165279150373231
2,"M1_context","TOR_20260905_1_PA029","TOR_20260905_1",2026-09-05,0,0.207275470255655
2,"M1_context","TOR_20260905_1_PA030","TOR_20260905_1",2026-09-05,1,0.207275470255655
2,"M1_context","TOR_20260905_1_PA031","TOR_20260905_1",2026-09-05,0,0.157715199543072
2,"M1_context","TOR_20260905_1_PA032","TOR_20260905_1",2026-09-05,0,0.157715199543072
2,"M1_context","TOR_20260905_1_PA033","TOR_20260905_1",2026-09-05,0,0.157715199543072
2,"M1_context","TOR_20260905_1_PA034","TOR_20260905_1",2026-09-05,0,0.157715199543072
2,"M1_context","TOR_20260905_1_PA035","TOR_20260905_1",2026-09-05,0,0.198246032920224
2,"M1_context","TOR_20260905_1_PA036","TOR_20260905_1",2026-09-05,0,0.198246032920224
2,"M1_context","TOR_20260905_1_PA037","TOR_20260905_1",2026-09-05,0,0.198246032920224
2,"M1_context","TOR_20260905_1_PA038","TOR_20260905_1",2026-09-05,0,0.198246032920224
2,"M1_context","TOR_20260905_1_PA039","TOR_20260905_1",2026-09-05,0,0.189515903852794
2,"M1_context","TOR_20260905_1_PA040","TOR_20260905_1",2026-09-05,0,0.189515903852794
2,"M1_context","TOR_20260905_1_PA041","TOR_20260905_1",2026-09-05,0,0.189515903852794
2,"M1_context","TOR_20260905_1_PA042","TOR_20260905_1",2026-09-05,0,0.189515903852794
2,"M1_context","TOR_20260906_1_PA001","TOR_20260906_1",2026-09-06,0,0.267717884413272
2,"M1_context","TOR_20260906_1_PA002","TOR_20260906_1",2026-09-06,0,0.267717884413272
2,"M1_context","TOR_20260906_1_PA003","TOR_20260906_1",2026-09-06,0,0.267717884413272
2,"M1_context","TOR_20260906_1_PA004","TOR_20260906_1",2026-09-06,0,0.256908743024354
2,"M1_context","TOR_20260906_1_PA005","TOR_20260906_1",2026-09-06,1,0.256908743024354
2,"M1_context","TOR_20260906_1_PA006","TOR_20260906_1",2026-09-06,1,0.256908743024354
2,"M1_context","TOR_20260906_1_PA007","TOR_20260906_1",2026-09-06,0,0.246389180704498
2,"M1_context","TOR_20260906_1_PA008","TOR_20260906_1",2026-09-06,0,0.246389180704498
2,"M1_context","TOR_20260906_1_PA009","TOR_20260906_1",2026-09-06,0,0.246389180704498
2,"M1_context","TOR_20260906_1_PA010","TOR_20260906_1",2026-09-06,0,0.236163464807197
2,"M1_context","TOR_20260906_1_PA011","TOR_20260906_1",2026-09-06,0,0.236163464807197
2,"M1_context","TOR_20260906_1_PA012","TOR_20260906_1",2026-09-06,0,0.236163464807197
2,"M1_context","TOR_20260906_1_PA013","TOR_20260906_1",2026-09-06,0,0.226234737056661
2,"M1_context","TOR_20260906_1_PA014","TOR_20260906_1",2026-09-06,0,0.226234737056661
2,"M1_context","TOR_20260906_1_PA015","TOR_20260906_1",2026-09-06,1,0.226234737056661
2,"M1_context","TOR_20260906_1_PA016","TOR_20260906_1",2026-09-06,0,0.216605060220159
2,"M1_context","TOR_20260906_1_PA017","TOR_20260906_1",2026-09-06,0,0.216605060220159
2,"M1_context","TOR_20260906_1_PA018","TOR_20260906_1",2026-09-06,0,0.216605060220159
2,"M1_context","TOR_20260906_1_PA019","TOR_20260906_1",2026-09-06,0,0.216605060220159
2,"M1_context","TOR_20260906_1_PA020","TOR_20260906_1",2026-09-06,0,0.216605060220159
2,"M1_context","TOR_20260906_1_PA021","TOR_20260906_1",2026-09-06,0,0.165279150373231
2,"M1_context","TOR_20260906_1_PA022","TOR_20260906_1",2026-09-06,0,0.207275470255655
2,"M1_context","TOR_20260906_1_PA023","TOR_20260906_1",2026-09-06,0,0.207275470255655
2,"M1_context","TOR_20260906_1_PA024","TOR_20260906_1",2026-09-06,0,0.157715199543072
2,"M1_context","TOR_20260906_1_PA025","TOR_20260906_1",2026-09-06,0,0.157715199543072
2,"M1_context","TOR_20260906_1_PA026","TOR_20260906_1",2026-09-06,0,0.157715199543072
2,"M1_context","TOR_20260906_1_PA027","TOR_20260906_1",2026-09-06,0,0.198246032920224
2,"M1_context","TOR_20260906_1_PA028","TOR_20260906_1",2026-09-06,0,0.198246032920224
2,"M1_context","TOR_20260906_1_PA029","TOR_20260906_1",2026-09-06,1,0.198246032920224
2,"M1_context","TOR_20260906_1_PA030","TOR_20260906_1",2026-09-06,1,0.198246032920224
2,"M1_context","TOR_20260906_1_PA031","TOR_20260906_1",2026-09-06,0,0.189515903852794
2,"M1_context","TOR_20260906_1_PA032","TOR_20260906_1",2026-09-06,0,0.189515903852794
2,"M1_context","TOR_20260906_1_PA033","TOR_20260906_1",2026-09-06,0,0.143433677416761
2,"M1_context","TOR_20260906_1_PA034","TOR_20260906_1",2026-09-06,0,0.143433677416761
2,"M1_context","TOR_20260907_1_PA001","TOR_20260907_1",2026-09-07,0,0.267717884413272
2,"M1_context","TOR_20260907_1_PA002","TOR_20260907_1",2026-09-07,0,0.267717884413272
2,"M1_context","TOR_20260907_1_PA003","TOR_20260907_1",2026-09-07,1,0.267717884413272
2,"M1_context","TOR_20260907_1_PA004","TOR_20260907_1",2026-09-07,0,0.256908743024354
2,"M1_context","TOR_20260907_1_PA005","TOR_20260907_1",2026-09-07,0,0.256908743024354
2,"M1_context","TOR_20260907_1_PA006","TOR_20260907_1",2026-09-07,0,0.256908743024354
2,"M1_context","TOR_20260907_1_PA007","TOR_20260907_1",2026-09-07,0,0.198451912636951
2,"M1_context","TOR_20260907_1_PA008","TOR_20260907_1",2026-09-07,0,0.198451912636951
2,"M1_context","TOR_20260907_1_PA009","TOR_20260907_1",2026-09-07,0,0.198451912636951
2,"M1_context","TOR_20260907_1_PA010","TOR_20260907_1",2026-09-07,0,0.246389180704498
2,"M1_context","TOR_20260907_1_PA011","TOR_20260907_1",2026-09-07,0,0.246389180704498
2,"M1_context","TOR_20260907_1_PA012","TOR_20260907_1",2026-09-07,0,0.246389180704498
2,"M1_context","TOR_20260907_1_PA013","TOR_20260907_1",2026-09-07,0,0.236163464807197
2,"M1_context","TOR_20260907_1_PA014","TOR_20260907_1",2026-09-07,0,0.236163464807197
2,"M1_context","TOR_20260907_1_PA015","TOR_20260907_1",2026-09-07,0,0.236163464807197
2,"M1_context","TOR_20260907_1_PA016","TOR_20260907_1",2026-09-07,0,0.226234737056661
2,"M1_context","TOR_20260907_1_PA017","TOR_20260907_1",2026-09-07,0,0.226234737056661
2,"M1_context","TOR_20260907_1_PA018","TOR_20260907_1",2026-09-07,0,0.226234737056661
2,"M1_context","TOR_20260907_1_PA019","TOR_20260907_1",2026-09-07,0,0.216605060220159
2,"M1_context","TOR_20260907_1_PA020","TOR_20260907_1",2026-09-07,0,0.216605060220159
2,"M1_context","TOR_20260907_1_PA021","TOR_20260907_1",2026-09-07,0,0.216605060220159
2,"M1_context","TOR_20260907_1_PA022","TOR_20260907_1",2026-09-07,0,0.216605060220159
2,"M1_context","TOR_20260907_1_PA023","TOR_20260907_1",2026-09-07,0,0.207275470255655
2,"M1_context","TOR_20260907_1_PA024","TOR_20260907_1",2026-09-07,0,0.207275470255655
2,"M1_context","TOR_20260907_1_PA025","TOR_20260907_1",2026-09-07,0,0.207275470255655
2,"M1_context","TOR_20260907_1_PA026","TOR_20260907_1",2026-09-07,0,0.157715199543072
2,"M1_context","TOR_20260907_1_PA027","TOR_20260907_1",2026-09-07,0,0.157715199543072
2,"M1_context","TOR_20260907_1_PA028","TOR_20260907_1",2026-09-07,1,0.157715199543072
2,"M1_context","TOR_20260907_1_PA029","TOR_20260907_1",2026-09-07,1,0.198246032920224
2,"M1_context","TOR_20260907_1_PA030","TOR_20260907_1",2026-09-07,0,0.198246032920224
2,"M1_context","TOR_20260907_1_PA031","TOR_20260907_1",2026-09-07,0,0.198246032920224
2,"M1_context","TOR_20260907_1_PA032","TOR_20260907_1",2026-09-07,0,0.198246032920224
2,"M1_context","TOR_20260907_1_PA033","TOR_20260907_1",2026-09-07,0,0.15043502467491
2,"M1_context","TOR_20260907_1_PA034","TOR_20260907_1",2026-09-07,0,0.189515903852794
2,"M1_context","TOR_20260907_1_PA035","TOR_20260907_1",2026-09-07,0,0.189515903852794
2,"M1_context","TOR_20260907_1_PA036","TOR_20260907_1",2026-09-07,0,0.189515903852794
2,"M1_context","TOR_20260907_1_PA037","TOR_20260907_1",2026-09-07,0,0.189515903852794
2,"M1_context","TOR_20260907_1_PA038","TOR_20260907_1",2026-09-07,1,0.189515903852794
2,"M2_behavior","TOR_20260903_1_PA001","TOR_20260903_1",2026-09-03,0,0.183413610887039
2,"M2_behavior","TOR_20260903_1_PA002","TOR_20260903_1",2026-09-03,0,0.233211996437179
2,"M2_behavior","TOR_20260903_1_PA003","TOR_20260903_1",2026-09-03,1,0.233013679807557
2,"M2_behavior","TOR_20260903_1_PA004","TOR_20260903_1",2026-09-03,1,0.286512928334389
2,"M2_behavior","TOR_20260903_1_PA005","TOR_20260903_1",2026-09-03,0,0.117937866042173
2,"M2_behavior","TOR_20260903_1_PA006","TOR_20260903_1",2026-09-03,0,0.142546737441935
2,"M2_behavior","TOR_20260903_1_PA007","TOR_20260903_1",2026-09-03,1,0.257204128403747
2,"M2_behavior","TOR_20260903_1_PA008","TOR_20260903_1",2026-09-03,0,0.175833801671233
2,"M2_behavior","TOR_20260903_1_PA009","TOR_20260903_1",2026-09-03,0,0.273304833342766
2,"M2_behavior","TOR_20260903_1_PA010","TOR_20260903_1",2026-09-03,0,0.12533155672994
2,"M2_behavior","TOR_20260903_1_PA011","TOR_20260903_1",2026-09-03,0,0.175216357782
2,"M2_behavior","TOR_20260903_1_PA012","TOR_20260903_1",2026-09-03,0,0.117937866042173
2,"M2_behavior","TOR_20260903_1_PA013","TOR_20260903_1",2026-09-03,0,0.117937866042173
2,"M2_behavior","TOR_20260903_1_PA014","TOR_20260903_1",2026-09-03,1,0.150331413349299
2,"M2_behavior","TOR_20260903_1_PA015","TOR_20260903_1",2026-09-03,0,0.183413610887039
2,"M2_behavior","TOR_20260903_1_PA016","TOR_20260903_1",2026-09-03,0,0.186887453988266
2,"M2_behavior","TOR_20260903_1_PA017","TOR_20260903_1",2026-09-03,0,0.190607901696172
2,"M2_behavior","TOR_20260903_1_PA018","TOR_20260903_1",2026-09-03,0,0.17754488005928
2,"M2_behavior","TOR_20260903_1_PA019","TOR_20260903_1",2026-09-03,0,0.178362255905654
2,"M2_behavior","TOR_20260903_1_PA020","TOR_20260903_1",2026-09-03,0,0.175833801671233
2,"M2_behavior","TOR_20260903_1_PA021","TOR_20260903_1",2026-09-03,0,0.0828251556800349
2,"M2_behavior","TOR_20260903_1_PA022","TOR_20260903_1",2026-09-03,0,0.117937866042173
2,"M2_behavior","TOR_20260903_1_PA023","TOR_20260903_1",2026-09-03,0,0.164625144645021
2,"M2_behavior","TOR_20260903_1_PA024","TOR_20260903_1",2026-09-03,1,0.245484154655794
2,"M2_behavior","TOR_20260903_1_PA025","TOR_20260903_1",2026-09-03,0,0.134374153211928
2,"M2_behavior","TOR_20260903_1_PA026","TOR_20260903_1",2026-09-03,0,0.205458903146078
2,"M2_behavior","TOR_20260903_1_PA027","TOR_20260903_1",2026-09-03,0,0.222066449382975
2,"M2_behavior","TOR_20260903_1_PA028","TOR_20260903_1",2026-09-03,0,0.157106044765882
2,"M2_behavior","TOR_20260903_1_PA029","TOR_20260903_1",2026-09-03,0,0.21628331179004
2,"M2_behavior","TOR_20260903_1_PA030","TOR_20260903_1",2026-09-03,0,0.175833801671233
2,"M2_behavior","TOR_20260903_1_PA031","TOR_20260903_1",2026-09-03,1,0.117937866042173
2,"M2_behavior","TOR_20260903_1_PA032","TOR_20260903_1",2026-09-03,1,0.164777760840891
2,"M2_behavior","TOR_20260903_1_PA033","TOR_20260903_1",2026-09-03,0,0.175833801671233
2,"M2_behavior","TOR_20260903_1_PA034","TOR_20260903_1",2026-09-03,0,0.190607901696172
2,"M2_behavior","TOR_20260903_1_PA035","TOR_20260903_1",2026-09-03,0,0.219012670012517
2,"M2_behavior","TOR_20260903_1_PA036","TOR_20260903_1",2026-09-03,1,0.211610581415031
2,"M2_behavior","TOR_20260903_1_PA037","TOR_20260903_1",2026-09-03,0,0.170096591605921
2,"M2_behavior","TOR_20260903_1_PA038","TOR_20260903_1",2026-09-03,0,0.167816266353352
2,"M2_behavior","TOR_20260903_1_PA039","TOR_20260903_1",2026-09-03,0,0.197459325985686
2,"M2_behavior","TOR_20260903_1_PA040","TOR_20260903_1",2026-09-03,1,0.117937866042173
2,"M2_behavior","TOR_20260903_1_PA041","TOR_20260903_1",2026-09-03,0,0.21628331179004
2,"M2_behavior","TOR_20260903_1_PA042","TOR_20260903_1",2026-09-03,0,0.150331413349299
2,"M2_behavior","TOR_20260903_1_PA043","TOR_20260903_1",2026-09-03,0,0.157671869918534
2,"M2_behavior","TOR_20260903_1_PA044","TOR_20260903_1",2026-09-03,1,0.186887453988266
2,"M2_behavior","TOR_20260904_1_PA001","TOR_20260904_1",2026-09-04,0,0.183413610887039
2,"M2_behavior","TOR_20260904_1_PA002","TOR_20260904_1",2026-09-04,0,0.15924035866054
2,"M2_behavior","TOR_20260904_1_PA003","TOR_20260904_1",2026-09-04,0,0.21628331179004
2,"M2_behavior","TOR_20260904_1_PA004","TOR_20260904_1",2026-09-04,0,0.147553358160179
2,"M2_behavior","TOR_20260904_1_PA005","TOR_20260904_1",2026-09-04,0,0.232815480616565
2,"M2_behavior","TOR_20260904_1_PA006","TOR_20260904_1",2026-09-04,0,0.134245170563097
2,"M2_behavior","TOR_20260904_1_PA007","TOR_20260904_1",2026-09-04,0,0.21026949971906
2,"M2_behavior","TOR_20260904_1_PA008","TOR_20260904_1",2026-09-04,0,0.189367953296474
2,"M2_behavior","TOR_20260904_1_PA009","TOR_20260904_1",2026-09-04,0,0.177605472492495
2,"M2_behavior","TOR_20260904_1_PA010","TOR_20260904_1",2026-09-04,0,0.177605472492495
2,"M2_behavior","TOR_20260904_1_PA011","TOR_20260904_1",2026-09-04,0,0.175833801671233
2,"M2_behavior","TOR_20260904_1_PA012","TOR_20260904_1",2026-09-04,0,0.175833801671233
2,"M2_behavior","TOR_20260904_1_PA013","TOR_20260904_1",2026-09-04,0,0.159295914067526
2,"M2_behavior","TOR_20260904_1_PA014","TOR_20260904_1",2026-09-04,0,0.245407314914033
2,"M2_behavior","TOR_20260904_1_PA015","TOR_20260904_1",2026-09-04,0,0.164625144645021
2,"M2_behavior","TOR_20260904_1_PA016","TOR_20260904_1",2026-09-04,0,0.200289650817486
2,"M2_behavior","TOR_20260904_1_PA017","TOR_20260904_1",2026-09-04,0,0.157106044765882
2,"M2_behavior","TOR_20260904_1_PA018","TOR_20260904_1",2026-09-04,0,0.219012670012517
2,"M2_behavior","TOR_20260904_1_PA019","TOR_20260904_1",2026-09-04,0,0.150189771260434
2,"M2_behavior","TOR_20260904_1_PA020","TOR_20260904_1",2026-09-04,0,0.245484154655794
2,"M2_behavior","TOR_20260904_1_PA021","TOR_20260904_1",2026-09-04,0,0.167816266353352
2,"M2_behavior","TOR_20260904_1_PA022","TOR_20260904_1",2026-09-04,0,0.183579817269964
2,"M2_behavior","TOR_20260904_1_PA023","TOR_20260904_1",2026-09-04,0,0.211610581415031
2,"M2_behavior","TOR_20260904_1_PA024","TOR_20260904_1",2026-09-04,0,0.164777760840891
2,"M2_behavior","TOR_20260904_1_PA025","TOR_20260904_1",2026-09-04,0,0.159295914067526
2,"M2_behavior","TOR_20260904_1_PA026","TOR_20260904_1",2026-09-04,0,0.210638159503621
2,"M2_behavior","TOR_20260904_1_PA027","TOR_20260904_1",2026-09-04,0,0.219012670012517
2,"M2_behavior","TOR_20260904_1_PA028","TOR_20260904_1",2026-09-04,0,0.17754488005928
2,"M2_behavior","TOR_20260904_1_PA029","TOR_20260904_1",2026-09-04,0,0.167816266353352
2,"M2_behavior","TOR_20260904_1_PA030","TOR_20260904_1",2026-09-04,0,0.274543570130116
2,"M2_behavior","TOR_20260904_1_PA031","TOR_20260904_1",2026-09-04,0,0.17754488005928
2,"M2_behavior","TOR_20260904_1_PA032","TOR_20260904_1",2026-09-04,1,0.177605472492495
2,"M2_behavior","TOR_20260904_1_PA033","TOR_20260904_1",2026-09-04,1,0.233013679807557
2,"M2_behavior","TOR_20260904_1_PA034","TOR_20260904_1",2026-09-04,0,0.204003273428641
2,"M2_behavior","TOR_20260904_1_PA035","TOR_20260904_1",2026-09-04,0,0.134245170563097
2,"M2_behavior","TOR_20260904_1_PA036","TOR_20260904_1",2026-09-04,0,0.150331413349299
2,"M2_behavior","TOR_20260904_1_PA037","TOR_20260904_1",2026-09-04,1,0.243235638425252
2,"M2_behavior","TOR_20260904_1_PA038","TOR_20260904_1",2026-09-04,0,0.190607901696172
2,"M2_behavior","TOR_20260904_1_PA039","TOR_20260904_1",2026-09-04,0,0.145246591768757
2,"M2_behavior","TOR_20260904_1_PA040","TOR_20260904_1",2026-09-04,0,0.204003273428641
2,"M2_behavior","TOR_20260904_1_PA041","TOR_20260904_1",2026-09-04,1,0.198346273113887
2,"M2_behavior","TOR_20260904_1_PA042","TOR_20260904_1",2026-09-04,0,0.202558292044281
2,"M2_behavior","TOR_20260904_1_PA043","TOR_20260904_1",2026-09-04,0,0.142546737441935
2,"M2_behavior","TOR_20260905_1_PA001","TOR_20260905_1",2026-09-05,0,0.183413610887039
2,"M2_behavior","TOR_20260905_1_PA002","TOR_20260905_1",2026-09-05,0,0.17754488005928
2,"M2_behavior","TOR_20260905_1_PA003","TOR_20260905_1",2026-09-05,0,0.119754758829921
2,"M2_behavior","TOR_20260905_1_PA004","TOR_20260905_1",2026-09-05,0,0.197459325985686
2,"M2_behavior","TOR_20260905_1_PA005","TOR_20260905_1",2026-09-05,0,0.186026459204232
2,"M2_behavior","TOR_20260905_1_PA006","TOR_20260905_1",2026-09-05,0,0.167816266353352
2,"M2_behavior","TOR_20260905_1_PA007","TOR_20260905_1",2026-09-05,0,0.197459325985686
2,"M2_behavior","TOR_20260905_1_PA008","TOR_20260905_1",2026-09-05,0,0.268116321090014
2,"M2_behavior","TOR_20260905_1_PA009","TOR_20260905_1",2026-09-05,0,0.153461472651582
2,"M2_behavior","TOR_20260905_1_PA010","TOR_20260905_1",2026-09-05,0,0.219012670012517
2,"M2_behavior","TOR_20260905_1_PA011","TOR_20260905_1",2026-09-05,0,0.232815480616565
2,"M2_behavior","TOR_20260905_1_PA012","TOR_20260905_1",2026-09-05,0,0.175833801671233
2,"M2_behavior","TOR_20260905_1_PA013","TOR_20260905_1",2026-09-05,0,0.125945364356442
2,"M2_behavior","TOR_20260905_1_PA014","TOR_20260905_1",2026-09-05,0,0.175216357782
2,"M2_behavior","TOR_20260905_1_PA015","TOR_20260905_1",2026-09-05,0,0.177605472492495
2,"M2_behavior","TOR_20260905_1_PA016","TOR_20260905_1",2026-09-05,0,0.211610581415031
2,"M2_behavior","TOR_20260905_1_PA017","TOR_20260905_1",2026-09-05,0,0.150331413349299
2,"M2_behavior","TOR_20260905_1_PA018","TOR_20260905_1",2026-09-05,0,0.177605472492495
2,"M2_behavior","TOR_20260905_1_PA019","TOR_20260905_1",2026-09-05,1,0.167816266353352
2,"M2_behavior","TOR_20260905_1_PA020","TOR_20260905_1",2026-09-05,0,0.219012670012517
2,"M2_behavior","TOR_20260905_1_PA021","TOR_20260905_1",2026-09-05,0,0.15924035866054
2,"M2_behavior","TOR_20260905_1_PA022","TOR_20260905_1",2026-09-05,0,0.134374153211928
2,"M2_behavior","TOR_20260905_1_PA023","TOR_20260905_1",2026-09-05,0,0.170096591605921
2,"M2_behavior","TOR_20260905_1_PA024","TOR_20260905_1",2026-09-05,0,0.177605472492495
2,"M2_behavior","TOR_20260905_1_PA025","TOR_20260905_1",2026-09-05,0,0.211610581415031
2,"M2_behavior","TOR_20260905_1_PA026","TOR_20260905_1",2026-09-05,1,0.197459325985686
2,"M2_behavior","TOR_20260905_1_PA027","TOR_20260905_1",2026-09-05,1,0.183413610887039
2,"M2_behavior","TOR_20260905_1_PA028","TOR_20260905_1",2026-09-05,0,0.227637753209472
2,"M2_behavior","TOR_20260905_1_PA029","TOR_20260905_1",2026-09-05,0,0.183413610887039
2,"M2_behavior","TOR_20260905_1_PA030","TOR_20260905_1",2026-09-05,1,0.189367953296474
2,"M2_behavior","TOR_20260905_1_PA031","TOR_20260905_1",2026-09-05,0,0.204003273428641
2,"M2_behavior","TOR_20260905_1_PA032","TOR_20260905_1",2026-09-05,0,0.134245170563097
2,"M2_behavior","TOR_20260905_1_PA033","TOR_20260905_1",2026-09-05,0,0.186887453988266
2,"M2_behavior","TOR_20260905_1_PA034","TOR_20260905_1",2026-09-05,0,0.195601968057594
2,"M2_behavior","TOR_20260905_1_PA035","TOR_20260905_1",2026-09-05,0,0.175833801671233
2,"M2_behavior","TOR_20260905_1_PA036","TOR_20260905_1",2026-09-05,0,0.251453069127302
2,"M2_behavior","TOR_20260905_1_PA037","TOR_20260905_1",2026-09-05,0,0.171237009772388
2,"M2_behavior","TOR_20260905_1_PA038","TOR_20260905_1",2026-09-05,0,0.197459325985686
2,"M2_behavior","TOR_20260905_1_PA039","TOR_20260905_1",2026-09-05,0,0.134245170563097
2,"M2_behavior","TOR_20260905_1_PA040","TOR_20260905_1",2026-09-05,0,0.15924035866054
2,"M2_behavior","TOR_20260905_1_PA041","TOR_20260905_1",2026-09-05,0,0.153461472651582
2,"M2_behavior","TOR_20260905_1_PA042","TOR_20260905_1",2026-09-05,0,0.142546737441935
2,"M2_behavior","TOR_20260906_1_PA001","TOR_20260906_1",2026-09-06,0,0.183413610887039
2,"M2_behavior","TOR_20260906_1_PA002","TOR_20260906_1",2026-09-06,0,0.183579817269964
2,"M2_behavior","TOR_20260906_1_PA003","TOR_20260906_1",2026-09-06,0,0.197459325985686
2,"M2_behavior","TOR_20260906_1_PA004","TOR_20260906_1",2026-09-06,0,0.194931526182492
2,"M2_behavior","TOR_20260906_1_PA005","TOR_20260906_1",2026-09-06,1,0.232815480616565
2,"M2_behavior","TOR_20260906_1_PA006","TOR_20260906_1",2026-09-06,1,0.117937866042173
2,"M2_behavior","TOR_20260906_1_PA007","TOR_20260906_1",2026-09-06,0,0.175833801671233
2,"M2_behavior","TOR_20260906_1_PA008","TOR_20260906_1",2026-09-06,0,0.167816266353352
2,"M2_behavior","TOR_20260906_1_PA009","TOR_20260906_1",2026-09-06,0,0.175833801671233
2,"M2_behavior","TOR_20260906_1_PA010","TOR_20260906_1",2026-09-06,0,0.190607901696172
2,"M2_behavior","TOR_20260906_1_PA011","TOR_20260906_1",2026-09-06,0,0.171237009772388
2,"M2_behavior","TOR_20260906_1_PA012","TOR_20260906_1",2026-09-06,0,0.194931526182492
2,"M2_behavior","TOR_20260906_1_PA013","TOR_20260906_1",2026-09-06,0,0.286512928334389
2,"M2_behavior","TOR_20260906_1_PA014","TOR_20260906_1",2026-09-06,0,0.153461472651582
2,"M2_behavior","TOR_20260906_1_PA015","TOR_20260906_1",2026-09-06,1,0.117937866042173
2,"M2_behavior","TOR_20260906_1_PA016","TOR_20260906_1",2026-09-06,0,0.157671869918534
2,"M2_behavior","TOR_20260906_1_PA017","TOR_20260906_1",2026-09-06,0,0.203823192680296
2,"M2_behavior","TOR_20260906_1_PA018","TOR_20260906_1",2026-09-06,0,0.203823192680296
2,"M2_behavior","TOR_20260906_1_PA019","TOR_20260906_1",2026-09-06,0,0.175833801671233
2,"M2_behavior","TOR_20260906_1_PA020","TOR_20260906_1",2026-09-06,0,0.215287003228583
2,"M2_behavior","TOR_20260906_1_PA021","TOR_20260906_1",2026-09-06,0,0.150189771260434
2,"M2_behavior","TOR_20260906_1_PA022","TOR_20260906_1",2026-09-06,0,0.219012670012517
2,"M2_behavior","TOR_20260906_1_PA023","TOR_20260906_1",2026-09-06,0,0.157671869918534
2,"M2_behavior","TOR_20260906_1_PA024","TOR_20260906_1",2026-09-06,0,0.197459325985686
2,"M2_behavior","TOR_20260906_1_PA025","TOR_20260906_1",2026-09-06,0,0.219012670012517
2,"M2_behavior","TOR_20260906_1_PA026","TOR_20260906_1",2026-09-06,0,0.21628331179004
2,"M2_behavior","TOR_20260906_1_PA027","TOR_20260906_1",2026-09-06,0,0.167816266353352
2,"M2_behavior","TOR_20260906_1_PA028","TOR_20260906_1",2026-09-06,0,0.167661400839489
2,"M2_behavior","TOR_20260906_1_PA029","TOR_20260906_1",2026-09-06,1,0.157106044765882
2,"M2_behavior","TOR_20260906_1_PA030","TOR_20260906_1",2026-09-06,1,0.204003273428641
2,"M2_behavior","TOR_20260906_1_PA031","TOR_20260906_1",2026-09-06,0,0.175833801671233
2,"M2_behavior","TOR_20260906_1_PA032","TOR_20260906_1",2026-09-06,0,0.24926958913478
2,"M2_behavior","TOR_20260906_1_PA033","TOR_20260906_1",2026-09-06,0,0.183579817269964
2,"M2_behavior","TOR_20260906_1_PA034","TOR_20260906_1",2026-09-06,0,0.142546737441935
2,"M2_behavior","TOR_20260907_1_PA001","TOR_20260907_1",2026-09-07,0,0.183413610887039
2,"M2_behavior","TOR_20260907_1_PA002","TOR_20260907_1",2026-09-07,0,0.190607901696172
2,"M2_behavior","TOR_20260907_1_PA003","TOR_20260907_1",2026-09-07,1,0.197459325985686
2,"M2_behavior","TOR_20260907_1_PA004","TOR_20260907_1",2026-09-07,0,0.197459325985686
2,"M2_behavior","TOR_20260907_1_PA005","TOR_20260907_1",2026-09-07,0,0.232815480616565
2,"M2_behavior","TOR_20260907_1_PA006","TOR_20260907_1",2026-09-07,0,0.194931526182492
2,"M2_behavior","TOR_20260907_1_PA007","TOR_20260907_1",2026-09-07,0,0.157671869918534
2,"M2_behavior","TOR_20260907_1_PA008","TOR_20260907_1",2026-09-07,0,0.159295914067526
2,"M2_behavior","TOR_20260907_1_PA009","TOR_20260907_1",2026-09-07,0,0.159295914067526
2,"M2_behavior","TOR_20260907_1_PA010","TOR_20260907_1",2026-09-07,0,0.17754488005928
2,"M2_behavior","TOR_20260907_1_PA011","TOR_20260907_1",2026-09-07,0,0.167816266353352
2,"M2_behavior","TOR_20260907_1_PA012","TOR_20260907_1",2026-09-07,0,0.189367953296474
2,"M2_behavior","TOR_20260907_1_PA013","TOR_20260907_1",2026-09-07,0,0.21628331179004
2,"M2_behavior","TOR_20260907_1_PA014","TOR_20260907_1",2026-09-07,0,0.238208704120656
2,"M2_behavior","TOR_20260907_1_PA015","TOR_20260907_1",2026-09-07,0,0.157106044765882
2,"M2_behavior","TOR_20260907_1_PA016","TOR_20260907_1",2026-09-07,0,0.186887453988266
2,"M2_behavior","TOR_20260907_1_PA017","TOR_20260907_1",2026-09-07,0,0.211610581415031
2,"M2_behavior","TOR_20260907_1_PA018","TOR_20260907_1",2026-09-07,0,0.15924035866054
2,"M2_behavior","TOR_20260907_1_PA019","TOR_20260907_1",2026-09-07,0,0.211610581415031
2,"M2_behavior","TOR_20260907_1_PA020","TOR_20260907_1",2026-09-07,0,0.186887453988266
2,"M2_behavior","TOR_20260907_1_PA021","TOR_20260907_1",2026-09-07,0,0.159295914067526
2,"M2_behavior","TOR_20260907_1_PA022","TOR_20260907_1",2026-09-07,0,0.153461472651582
2,"M2_behavior","TOR_20260907_1_PA023","TOR_20260907_1",2026-09-07,0,0.194931526182492
2,"M2_behavior","TOR_20260907_1_PA024","TOR_20260907_1",2026-09-07,0,0.180153834155679
2,"M2_behavior","TOR_20260907_1_PA025","TOR_20260907_1",2026-09-07,0,0.164625144645021
2,"M2_behavior","TOR_20260907_1_PA026","TOR_20260907_1",2026-09-07,0,0.186887453988266
2,"M2_behavior","TOR_20260907_1_PA027","TOR_20260907_1",2026-09-07,0,0.150331413349299
2,"M2_behavior","TOR_20260907_1_PA028","TOR_20260907_1",2026-09-07,1,0.167816266353352
2,"M2_behavior","TOR_20260907_1_PA029","TOR_20260907_1",2026-09-07,1,0.190607901696172
2,"M2_behavior","TOR_20260907_1_PA030","TOR_20260907_1",2026-09-07,0,0.205458903146078
2,"M2_behavior","TOR_20260907_1_PA031","TOR_20260907_1",2026-09-07,0,0.141064801017759
2,"M2_behavior","TOR_20260907_1_PA032","TOR_20260907_1",2026-09-07,0,0.219012670012517
2,"M2_behavior","TOR_20260907_1_PA033","TOR_20260907_1",2026-09-07,0,0.14054862828197
2,"M2_behavior","TOR_20260907_1_PA034","TOR_20260907_1",2026-09-07,0,0.15924035866054
2,"M2_behavior","TOR_20260907_1_PA035","TOR_20260907_1",2026-09-07,0,0.222066449382975
2,"M2_behavior","TOR_20260907_1_PA036","TOR_20260907_1",2026-09-07,0,0.183413610887039
2,"M2_behavior","TOR_20260907_1_PA037","TOR_20260907_1",2026-09-07,0,0.211610581415031
2,"M2_behavior","TOR_20260907_1_PA038","TOR_20260907_1",2026-09-07,1,0.175833801671233
2,"M3_context_behavior","TOR_20260903_1_PA001","TOR_20260903_1",2026-09-03,0,0.265146888982481
2,"M3_context_behavior","TOR_20260903_1_PA002","TOR_20260903_1",2026-09-03,0,0.331127653555789
2,"M3_context_behavior","TOR_20260903_1_PA003","TOR_20260903_1",2026-09-03,1,0.329140098742214
2,"M3_context_behavior","TOR_20260903_1_PA004","TOR_20260903_1",2026-09-03,1,0.38217893073935
2,"M3_context_behavior","TOR_20260903_1_PA005","TOR_20260903_1",2026-09-03,0,0.165892326266997
2,"M3_context_behavior","TOR_20260903_1_PA006","TOR_20260903_1",2026-09-03,0,0.201381670581732
2,"M3_context_behavior","TOR_20260903_1_PA007","TOR_20260903_1",2026-09-03,1,0.343712197377505
2,"M3_context_behavior","TOR_20260903_1_PA008","TOR_20260903_1",2026-09-03,0,0.232959188295396
2,"M3_context_behavior","TOR_20260903_1_PA009","TOR_20260903_1",2026-09-03,0,0.349170581917901
2,"M3_context_behavior","TOR_20260903_1_PA010","TOR_20260903_1",2026-09-03,0,0.169546771130212
2,"M3_context_behavior","TOR_20260903_1_PA011","TOR_20260903_1",2026-09-03,0,0.224388510578874
2,"M3_context_behavior","TOR_20260903_1_PA012","TOR_20260903_1",2026-09-03,0,0.149953211486652
2,"M3_context_behavior","TOR_20260903_1_PA013","TOR_20260903_1",2026-09-03,0,0.108310383162735
2,"M3_context_behavior","TOR_20260903_1_PA014","TOR_20260903_1",2026-09-03,1,0.192438685342121
2,"M3_context_behavior","TOR_20260903_1_PA015","TOR_20260903_1",2026-09-03,0,0.231599155730933
2,"M3_context_behavior","TOR_20260903_1_PA016","TOR_20260903_1",2026-09-03,0,0.22379174108448
2,"M3_context_behavior","TOR_20260903_1_PA017","TOR_20260903_1",2026-09-03,0,0.229502507998522
2,"M3_context_behavior","TOR_20260903_1_PA018","TOR_20260903_1",2026-09-03,0,0.159099592125301
2,"M3_context_behavior","TOR_20260903_1_PA019","TOR_20260903_1",2026-09-03,0,0.161983971986386
2,"M3_context_behavior","TOR_20260903_1_PA020","TOR_20260903_1",2026-09-03,0,0.15646484112329
2,"M3_context_behavior","TOR_20260903_1_PA021","TOR_20260903_1",2026-09-03,0,0.0728405755216689
2,"M3_context_behavior","TOR_20260903_1_PA022","TOR_20260903_1",2026-09-03,0,0.142468092273026
2,"M3_context_behavior","TOR_20260903_1_PA023","TOR_20260903_1",2026-09-03,0,0.147081261525632
2,"M3_context_behavior","TOR_20260903_1_PA024","TOR_20260903_1",2026-09-03,1,0.22041581978297
2,"M3_context_behavior","TOR_20260903_1_PA025","TOR_20260903_1",2026-09-03,0,0.119980270226507
2,"M3_context_behavior","TOR_20260903_1_PA026","TOR_20260903_1",2026-09-03,0,0.237207597619929
2,"M3_context_behavior","TOR_20260903_1_PA027","TOR_20260903_1",2026-09-03,0,0.254392227457128
2,"M3_context_behavior","TOR_20260903_1_PA028","TOR_20260903_1",2026-09-03,0,0.184602385230295
2,"M3_context_behavior","TOR_20260903_1_PA029","TOR_20260903_1",2026-09-03,0,0.247925220341507
2,"M3_context_behavior","TOR_20260903_1_PA030","TOR_20260903_1",2026-09-03,0,0.192854838729236
2,"M3_context_behavior","TOR_20260903_1_PA031","TOR_20260903_1",2026-09-03,1,0.128433059619201
2,"M3_context_behavior","TOR_20260903_1_PA032","TOR_20260903_1",2026-09-03,1,0.183099589840563
2,"M3_context_behavior","TOR_20260903_1_PA033","TOR_20260903_1",2026-09-03,0,0.192854838729236
2,"M3_context_behavior","TOR_20260903_1_PA034","TOR_20260903_1",2026-09-03,0,0.199241904446935
2,"M3_context_behavior","TOR_20260903_1_PA035","TOR_20260903_1",2026-09-03,0,0.227725002796372
2,"M3_context_behavior","TOR_20260903_1_PA036","TOR_20260903_1",2026-09-03,1,0.21997966703599
2,"M3_context_behavior","TOR_20260903_1_PA037","TOR_20260903_1",2026-09-03,0,0.179957829526315
2,"M3_context_behavior","TOR_20260903_1_PA038","TOR_20260903_1",2026-09-03,0,0.127635912115781
2,"M3_context_behavior","TOR_20260903_1_PA039","TOR_20260903_1",2026-09-03,0,0.196797982434676
2,"M3_context_behavior","TOR_20260903_1_PA040","TOR_20260903_1",2026-09-03,1,0.11559428908043
2,"M3_context_behavior","TOR_20260903_1_PA041","TOR_20260903_1",2026-09-03,0,0.215916229326593
2,"M3_context_behavior","TOR_20260903_1_PA042","TOR_20260903_1",2026-09-03,0,0.1500635538335
2,"M3_context_behavior","TOR_20260903_1_PA043","TOR_20260903_1",2026-09-03,0,0.11406110920137
2,"M3_context_behavior","TOR_20260903_1_PA044","TOR_20260903_1",2026-09-03,1,0.135083132862962
2,"M3_context_behavior","TOR_20260904_1_PA001","TOR_20260904_1",2026-09-04,0,0.265146888982481
2,"M3_context_behavior","TOR_20260904_1_PA002","TOR_20260904_1",2026-09-04,0,0.235563370502702
2,"M3_context_behavior","TOR_20260904_1_PA003","TOR_20260904_1",2026-09-04,0,0.307923034449157
2,"M3_context_behavior","TOR_20260904_1_PA004","TOR_20260904_1",2026-09-04,0,0.220817661875744
2,"M3_context_behavior","TOR_20260904_1_PA005","TOR_20260904_1",2026-09-04,0,0.250825696446407
2,"M3_context_behavior","TOR_20260904_1_PA006","TOR_20260904_1",2026-09-04,0,0.14657560934368
2,"M3_context_behavior","TOR_20260904_1_PA007","TOR_20260904_1",2026-09-04,0,0.22803012954691
2,"M3_context_behavior","TOR_20260904_1_PA008","TOR_20260904_1",2026-09-04,0,0.206734583779946
2,"M3_context_behavior","TOR_20260904_1_PA009","TOR_20260904_1",2026-09-04,0,0.244683284833583
2,"M3_context_behavior","TOR_20260904_1_PA010","TOR_20260904_1",2026-09-04,0,0.244683284833583
2,"M3_context_behavior","TOR_20260904_1_PA011","TOR_20260904_1",2026-09-04,0,0.181702758981785
2,"M3_context_behavior","TOR_20260904_1_PA012","TOR_20260904_1",2026-09-04,0,0.181702758981785
2,"M3_context_behavior","TOR_20260904_1_PA013","TOR_20260904_1",2026-09-04,0,0.164437327102739
2,"M3_context_behavior","TOR_20260904_1_PA014","TOR_20260904_1",2026-09-04,0,0.255777402072442
2,"M3_context_behavior","TOR_20260904_1_PA015","TOR_20260904_1",2026-09-04,0,0.220185531116785
2,"M3_context_behavior","TOR_20260904_1_PA016","TOR_20260904_1",2026-09-04,0,0.264898863632959
2,"M3_context_behavior","TOR_20260904_1_PA017","TOR_20260904_1",2026-09-04,0,0.213231628768418
2,"M3_context_behavior","TOR_20260904_1_PA018","TOR_20260904_1",2026-09-04,0,0.284684807372189
2,"M3_context_behavior","TOR_20260904_1_PA019","TOR_20260904_1",2026-09-04,0,0.19104582320753
2,"M3_context_behavior","TOR_20260904_1_PA020","TOR_20260904_1",2026-09-04,0,0.303618946312982
2,"M3_context_behavior","TOR_20260904_1_PA021","TOR_20260904_1",2026-09-04,0,0.212656395933953
2,"M3_context_behavior","TOR_20260904_1_PA022","TOR_20260904_1",2026-09-04,0,0.222650267531204
2,"M3_context_behavior","TOR_20260904_1_PA023","TOR_20260904_1",2026-09-04,0,0.252397140666827
2,"M3_context_behavior","TOR_20260904_1_PA024","TOR_20260904_1",2026-09-04,0,0.201725853475909
2,"M3_context_behavior","TOR_20260904_1_PA025","TOR_20260904_1",2026-09-04,0,0.183574383586675
2,"M3_context_behavior","TOR_20260904_1_PA026","TOR_20260904_1",2026-09-04,0,0.244492533378923
2,"M3_context_behavior","TOR_20260904_1_PA027","TOR_20260904_1",2026-09-04,0,0.186273782217776
2,"M3_context_behavior","TOR_20260904_1_PA028","TOR_20260904_1",2026-09-04,0,0.151239148307614
2,"M3_context_behavior","TOR_20260904_1_PA029","TOR_20260904_1",2026-09-04,0,0.141597985759916
2,"M3_context_behavior","TOR_20260904_1_PA030","TOR_20260904_1",2026-09-04,0,0.238384561740835
2,"M3_context_behavior","TOR_20260904_1_PA031","TOR_20260904_1",2026-09-04,0,0.151239148307614
2,"M3_context_behavior","TOR_20260904_1_PA032","TOR_20260904_1",2026-09-04,1,0.193561277257812
2,"M3_context_behavior","TOR_20260904_1_PA033","TOR_20260904_1",2026-09-04,1,0.255039954218269
2,"M3_context_behavior","TOR_20260904_1_PA034","TOR_20260904_1",2026-09-04,0,0.223570631051192
2,"M3_context_behavior","TOR_20260904_1_PA035","TOR_20260904_1",2026-09-04,0,0.140834959188487
2,"M3_context_behavior","TOR_20260904_1_PA036","TOR_20260904_1",2026-09-04,0,0.157874262687684
2,"M3_context_behavior","TOR_20260904_1_PA037","TOR_20260904_1",2026-09-04,1,0.254539795937636
2,"M3_context_behavior","TOR_20260904_1_PA038","TOR_20260904_1",2026-09-04,0,0.146266569699596
2,"M3_context_behavior","TOR_20260904_1_PA039","TOR_20260904_1",2026-09-04,0,0.142961948159886
2,"M3_context_behavior","TOR_20260904_1_PA040","TOR_20260904_1",2026-09-04,0,0.203441382475947
2,"M3_context_behavior","TOR_20260904_1_PA041","TOR_20260904_1",2026-09-04,1,0.200203094616934
2,"M3_context_behavior","TOR_20260904_1_PA042","TOR_20260904_1",2026-09-04,0,0.204519408435907
2,"M3_context_behavior","TOR_20260904_1_PA043","TOR_20260904_1",2026-09-04,0,0.142157249109783
2,"M3_context_behavior","TOR_20260905_1_PA001","TOR_20260905_1",2026-09-05,0,0.265146888982481
2,"M3_context_behavior","TOR_20260905_1_PA002","TOR_20260905_1",2026-09-05,0,0.258859490866601
2,"M3_context_behavior","TOR_20260905_1_PA003","TOR_20260905_1",2026-09-05,0,0.180373228998071
2,"M3_context_behavior","TOR_20260905_1_PA004","TOR_20260905_1",2026-09-05,0,0.283604754101361
2,"M3_context_behavior","TOR_20260905_1_PA005","TOR_20260905_1",2026-09-05,0,0.205657060854964
2,"M3_context_behavior","TOR_20260905_1_PA006","TOR_20260905_1",2026-09-05,0,0.24433271733407
2,"M3_context_behavior","TOR_20260905_1_PA007","TOR_20260905_1",2026-09-05,0,0.214198764357393
2,"M3_context_behavior","TOR_20260905_1_PA008","TOR_20260905_1",2026-09-05,0,0.356759527901897
2,"M3_context_behavior","TOR_20260905_1_PA009","TOR_20260905_1",2026-09-05,0,0.217258542783267
2,"M3_context_behavior","TOR_20260905_1_PA010","TOR_20260905_1",2026-09-05,0,0.297053529348416
2,"M3_context_behavior","TOR_20260905_1_PA011","TOR_20260905_1",2026-09-05,0,0.239725384628038
2,"M3_context_behavior","TOR_20260905_1_PA012","TOR_20260905_1",2026-09-05,0,0.181702758981785
2,"M3_context_behavior","TOR_20260905_1_PA013","TOR_20260905_1",2026-09-05,0,0.172581680447349
2,"M3_context_behavior","TOR_20260905_1_PA014","TOR_20260905_1",2026-09-05,0,0.234998168284708
2,"M3_context_behavior","TOR_20260905_1_PA015","TOR_20260905_1",2026-09-05,0,0.233769984056732
2,"M3_context_behavior","TOR_20260905_1_PA016","TOR_20260905_1",2026-09-05,0,0.275693763328187
2,"M3_context_behavior","TOR_20260905_1_PA017","TOR_20260905_1",2026-09-05,0,0.20193097793699
2,"M3_context_behavior","TOR_20260905_1_PA018","TOR_20260905_1",2026-09-05,0,0.223199597962845
2,"M3_context_behavior","TOR_20260905_1_PA019","TOR_20260905_1",2026-09-05,1,0.212656395933953
2,"M3_context_behavior","TOR_20260905_1_PA020","TOR_20260905_1",2026-09-05,0,0.272631352957397
2,"M3_context_behavior","TOR_20260905_1_PA021","TOR_20260905_1",2026-09-05,0,0.195124751383632
2,"M3_context_behavior","TOR_20260905_1_PA022","TOR_20260905_1",2026-09-05,0,0.165278252719825
2,"M3_context_behavior","TOR_20260905_1_PA023","TOR_20260905_1",2026-09-05,0,0.208050555138281
2,"M3_context_behavior","TOR_20260905_1_PA024","TOR_20260905_1",2026-09-05,0,0.203095017246789
2,"M3_context_behavior","TOR_20260905_1_PA025","TOR_20260905_1",2026-09-05,0,0.241249679193683
2,"M3_context_behavior","TOR_20260905_1_PA026","TOR_20260905_1",2026-09-05,1,0.16802903189661
2,"M3_context_behavior","TOR_20260905_1_PA027","TOR_20260905_1",2026-09-05,1,0.155460877064213
2,"M3_context_behavior","TOR_20260905_1_PA028","TOR_20260905_1",2026-09-05,0,0.195298084674022
2,"M3_context_behavior","TOR_20260905_1_PA029","TOR_20260905_1",2026-09-05,0,0.20113426843901
2,"M3_context_behavior","TOR_20260905_1_PA030","TOR_20260905_1",2026-09-05,1,0.208926788486106
2,"M3_context_behavior","TOR_20260905_1_PA031","TOR_20260905_1",2026-09-05,0,0.165463299666285
2,"M3_context_behavior","TOR_20260905_1_PA032","TOR_20260905_1",2026-09-05,0,0.107019938978407
2,"M3_context_behavior","TOR_20260905_1_PA033","TOR_20260905_1",2026-09-05,0,0.149720041998318
2,"M3_context_behavior","TOR_20260905_1_PA034","TOR_20260905_1",2026-09-05,0,0.157166930741628
2,"M3_context_behavior","TOR_20260905_1_PA035","TOR_20260905_1",2026-09-05,0,0.183690992559779
2,"M3_context_behavior","TOR_20260905_1_PA036","TOR_20260905_1",2026-09-05,0,0.2616353550802
2,"M3_context_behavior","TOR_20260905_1_PA037","TOR_20260905_1",2026-09-05,0,0.180007960755567
2,"M3_context_behavior","TOR_20260905_1_PA038","TOR_20260905_1",2026-09-05,0,0.206450331914265
2,"M3_context_behavior","TOR_20260905_1_PA039","TOR_20260905_1",2026-09-05,0,0.133733383629957
2,"M3_context_behavior","TOR_20260905_1_PA040","TOR_20260905_1",2026-09-05,0,0.160173567812503
2,"M3_context_behavior","TOR_20260905_1_PA041","TOR_20260905_1",2026-09-05,0,0.154266828231711
2,"M3_context_behavior","TOR_20260905_1_PA042","TOR_20260905_1",2026-09-05,0,0.142157249109783
2,"M3_context_behavior","TOR_20260906_1_PA001","TOR_20260906_1",2026-09-06,0,0.265146888982481
2,"M3_context_behavior","TOR_20260906_1_PA002","TOR_20260906_1",2026-09-06,0,0.266901754315073
2,"M3_context_behavior","TOR_20260906_1_PA003","TOR_20260906_1",2026-09-06,0,0.283604754101361
2,"M3_context_behavior","TOR_20260906_1_PA004","TOR_20260906_1",2026-09-06,0,0.269911051492077
2,"M3_context_behavior","TOR_20260906_1_PA005","TOR_20260906_1",2026-09-06,1,0.314096506741637
2,"M3_context_behavior","TOR_20260906_1_PA006","TOR_20260906_1",2026-09-06,1,0.165892326266997
2,"M3_context_behavior","TOR_20260906_1_PA007","TOR_20260906_1",2026-09-06,0,0.232959188295396
2,"M3_context_behavior","TOR_20260906_1_PA008","TOR_20260906_1",2026-09-06,0,0.222870728609208
2,"M3_context_behavior","TOR_20260906_1_PA009","TOR_20260906_1",2026-09-06,0,0.232959188295396
2,"M3_context_behavior","TOR_20260906_1_PA010","TOR_20260906_1",2026-09-06,0,0.240279059649449
2,"M3_context_behavior","TOR_20260906_1_PA011","TOR_20260906_1",2026-09-06,0,0.218162873687236
2,"M3_context_behavior","TOR_20260906_1_PA012","TOR_20260906_1",2026-09-06,0,0.246936483980177
2,"M3_context_behavior","TOR_20260906_1_PA013","TOR_20260906_1",2026-09-06,0,0.340688677353838
2,"M3_context_behavior","TOR_20260906_1_PA014","TOR_20260906_1",2026-09-06,0,0.188217974880841
2,"M3_context_behavior","TOR_20260906_1_PA015","TOR_20260906_1",2026-09-06,1,0.142468092273026
2,"M3_context_behavior","TOR_20260906_1_PA016","TOR_20260906_1",2026-09-06,0,0.182896127659422
2,"M3_context_behavior","TOR_20260906_1_PA017","TOR_20260906_1",2026-09-06,0,0.232545444881053
2,"M3_context_behavior","TOR_20260906_1_PA018","TOR_20260906_1",2026-09-06,0,0.232545444881053
2,"M3_context_behavior","TOR_20260906_1_PA019","TOR_20260906_1",2026-09-06,0,0.202362514808695
2,"M3_context_behavior","TOR_20260906_1_PA020","TOR_20260906_1",2026-09-06,0,0.248273692290292
2,"M3_context_behavior","TOR_20260906_1_PA021","TOR_20260906_1",2026-09-06,0,0.126052426077131
2,"M3_context_behavior","TOR_20260906_1_PA022","TOR_20260906_1",2026-09-06,0,0.238443919301816
2,"M3_context_behavior","TOR_20260906_1_PA023","TOR_20260906_1",2026-09-06,0,0.174103415783197
2,"M3_context_behavior","TOR_20260906_1_PA024","TOR_20260906_1",2026-09-06,0,0.159811264554907
2,"M3_context_behavior","TOR_20260906_1_PA025","TOR_20260906_1",2026-09-06,0,0.17735393492622
2,"M3_context_behavior","TOR_20260906_1_PA026","TOR_20260906_1",2026-09-06,0,0.176124272784677
2,"M3_context_behavior","TOR_20260906_1_PA027","TOR_20260906_1",2026-09-06,0,0.175248656349754
2,"M3_context_behavior","TOR_20260906_1_PA028","TOR_20260906_1",2026-09-06,0,0.173953413908181
2,"M3_context_behavior","TOR_20260906_1_PA029","TOR_20260906_1",2026-09-06,1,0.16722599593179
2,"M3_context_behavior","TOR_20260906_1_PA030","TOR_20260906_1",2026-09-06,1,0.213333026929077
2,"M3_context_behavior","TOR_20260906_1_PA031","TOR_20260906_1",2026-09-06,0,0.174868245604707
2,"M3_context_behavior","TOR_20260906_1_PA032","TOR_20260906_1",2026-09-06,0,0.250944989150831
2,"M3_context_behavior","TOR_20260906_1_PA033","TOR_20260906_1",2026-09-06,0,0.134315831543831
2,"M3_context_behavior","TOR_20260906_1_PA034","TOR_20260906_1",2026-09-06,0,0.102418552760677
2,"M3_context_behavior","TOR_20260907_1_PA001","TOR_20260907_1",2026-09-07,0,0.265146888982481
2,"M3_context_behavior","TOR_20260907_1_PA002","TOR_20260907_1",2026-09-07,0,0.274634724475213
2,"M3_context_behavior","TOR_20260907_1_PA003","TOR_20260907_1",2026-09-07,1,0.283604754101361
2,"M3_context_behavior","TOR_20260907_1_PA004","TOR_20260907_1",2026-09-07,0,0.271579667062618
2,"M3_context_behavior","TOR_20260907_1_PA005","TOR_20260907_1",2026-09-07,0,0.314096506741637
2,"M3_context_behavior","TOR_20260907_1_PA006","TOR_20260907_1",2026-09-07,0,0.269911051492077
2,"M3_context_behavior","TOR_20260907_1_PA007","TOR_20260907_1",2026-09-07,0,0.163815590085378
2,"M3_context_behavior","TOR_20260907_1_PA008","TOR_20260907_1",2026-09-07,0,0.164437327102739
2,"M3_context_behavior","TOR_20260907_1_PA009","TOR_20260907_1",2026-09-07,0,0.164437327102739
2,"M3_context_behavior","TOR_20260907_1_PA010","TOR_20260907_1",2026-09-07,0,0.236520871311525
2,"M3_context_behavior","TOR_20260907_1_PA011","TOR_20260907_1",2026-09-07,0,0.222870728609208
2,"M3_context_behavior","TOR_20260907_1_PA012","TOR_20260907_1",2026-09-07,0,0.251332612743405
2,"M3_context_behavior","TOR_20260907_1_PA013","TOR_20260907_1",2026-09-07,0,0.270958679333761
2,"M3_context_behavior","TOR_20260907_1_PA014","TOR_20260907_1",2026-09-07,0,0.296787711824524
2,"M3_context_behavior","TOR_20260907_1_PA015","TOR_20260907_1",2026-09-07,0,0.203343470569377
2,"M3_context_behavior","TOR_20260907_1_PA016","TOR_20260907_1",2026-09-07,0,0.22379174108448
2,"M3_context_behavior","TOR_20260907_1_PA017","TOR_20260907_1",2026-09-07,0,0.252397140666827
2,"M3_context_behavior","TOR_20260907_1_PA018","TOR_20260907_1",2026-09-07,0,0.195124751383632
2,"M3_context_behavior","TOR_20260907_1_PA019","TOR_20260907_1",2026-09-07,0,0.241249679193683
2,"M3_context_behavior","TOR_20260907_1_PA020","TOR_20260907_1",2026-09-07,0,0.213546796762642
2,"M3_context_behavior","TOR_20260907_1_PA021","TOR_20260907_1",2026-09-07,0,0.183574383586675
2,"M3_context_behavior","TOR_20260907_1_PA022","TOR_20260907_1",2026-09-07,0,0.179225533916105
2,"M3_context_behavior","TOR_20260907_1_PA023","TOR_20260907_1",2026-09-07,0,0.215018650051554
2,"M3_context_behavior","TOR_20260907_1_PA024","TOR_20260907_1",2026-09-07,0,0.20007857275564
2,"M3_context_behavior","TOR_20260907_1_PA025","TOR_20260907_1",2026-09-07,0,0.181759109714862
2,"M3_context_behavior","TOR_20260907_1_PA026","TOR_20260907_1",2026-09-07,0,0.149720041998318
2,"M3_context_behavior","TOR_20260907_1_PA027","TOR_20260907_1",2026-09-07,0,0.120542040998634
2,"M3_context_behavior","TOR_20260907_1_PA028","TOR_20260907_1",2026-09-07,1,0.134463956352048
2,"M3_context_behavior","TOR_20260907_1_PA029","TOR_20260907_1",2026-09-07,1,0.199241904446935
2,"M3_context_behavior","TOR_20260907_1_PA030","TOR_20260907_1",2026-09-07,0,0.216192417058248
2,"M3_context_behavior","TOR_20260907_1_PA031","TOR_20260907_1",2026-09-07,0,0.149053152251721
2,"M3_context_behavior","TOR_20260907_1_PA032","TOR_20260907_1",2026-09-07,0,0.227725002796372
2,"M3_context_behavior","TOR_20260907_1_PA033","TOR_20260907_1",2026-09-07,0,0.108726140584072
2,"M3_context_behavior","TOR_20260907_1_PA034","TOR_20260907_1",2026-09-07,0,0.160173567812503
2,"M3_context_behavior","TOR_20260907_1_PA035","TOR_20260907_1",2026-09-07,0,0.221794529655176
2,"M3_context_behavior","TOR_20260907_1_PA036","TOR_20260907_1",2026-09-07,0,0.182550137125151
2,"M3_context_behavior","TOR_20260907_1_PA037","TOR_20260907_1",2026-09-07,0,0.209862052676839
2,"M3_context_behavior","TOR_20260907_1_PA038","TOR_20260907_1",2026-09-07,1,0.174868245604707
3,"M0_prevalence","TOR_20260908_1_PA001","TOR_20260908_1",2026-09-08,0,0.172824791418355
3,"M0_prevalence","TOR_20260908_1_PA002","TOR_20260908_1",2026-09-08,0,0.172824791418355
3,"M0_prevalence","TOR_20260908_1_PA003","TOR_20260908_1",2026-09-08,1,0.172824791418355
3,"M0_prevalence","TOR_20260908_1_PA004","TOR_20260908_1",2026-09-08,1,0.172824791418355
3,"M0_prevalence","TOR_20260908_1_PA005","TOR_20260908_1",2026-09-08,0,0.172824791418355
3,"M0_prevalence","TOR_20260908_1_PA006","TOR_20260908_1",2026-09-08,0,0.172824791418355
3,"M0_prevalence","TOR_20260908_1_PA007","TOR_20260908_1",2026-09-08,0,0.172824791418355
3,"M0_prevalence","TOR_20260908_1_PA008","TOR_20260908_1",2026-09-08,0,0.172824791418355
3,"M0_prevalence","TOR_20260908_1_PA009","TOR_20260908_1",2026-09-08,0,0.172824791418355
3,"M0_prevalence","TOR_20260908_1_PA010","TOR_20260908_1",2026-09-08,0,0.172824791418355
3,"M0_prevalence","TOR_20260908_1_PA011","TOR_20260908_1",2026-09-08,0,0.172824791418355
3,"M0_prevalence","TOR_20260908_1_PA012","TOR_20260908_1",2026-09-08,0,0.172824791418355
3,"M0_prevalence","TOR_20260908_1_PA013","TOR_20260908_1",2026-09-08,0,0.172824791418355
3,"M0_prevalence","TOR_20260908_1_PA014","TOR_20260908_1",2026-09-08,0,0.172824791418355
3,"M0_prevalence","TOR_20260908_1_PA015","TOR_20260908_1",2026-09-08,0,0.172824791418355
3,"M0_prevalence","TOR_20260908_1_PA016","TOR_20260908_1",2026-09-08,0,0.172824791418355
3,"M0_prevalence","TOR_20260908_1_PA017","TOR_20260908_1",2026-09-08,1,0.172824791418355
3,"M0_prevalence","TOR_20260908_1_PA018","TOR_20260908_1",2026-09-08,0,0.172824791418355
3,"M0_prevalence","TOR_20260908_1_PA019","TOR_20260908_1",2026-09-08,0,0.172824791418355
3,"M0_prevalence","TOR_20260908_1_PA020","TOR_20260908_1",2026-09-08,0,0.172824791418355
3,"M0_prevalence","TOR_20260908_1_PA021","TOR_20260908_1",2026-09-08,0,0.172824791418355
3,"M0_prevalence","TOR_20260908_1_PA022","TOR_20260908_1",2026-09-08,0,0.172824791418355
3,"M0_prevalence","TOR_20260908_1_PA023","TOR_20260908_1",2026-09-08,0,0.172824791418355
3,"M0_prevalence","TOR_20260908_1_PA024","TOR_20260908_1",2026-09-08,0,0.172824791418355
3,"M0_prevalence","TOR_20260908_1_PA025","TOR_20260908_1",2026-09-08,0,0.172824791418355
3,"M0_prevalence","TOR_20260908_1_PA026","TOR_20260908_1",2026-09-08,0,0.172824791418355
3,"M0_prevalence","TOR_20260908_1_PA027","TOR_20260908_1",2026-09-08,0,0.172824791418355
3,"M0_prevalence","TOR_20260908_1_PA028","TOR_20260908_1",2026-09-08,1,0.172824791418355
3,"M0_prevalence","TOR_20260908_1_PA029","TOR_20260908_1",2026-09-08,0,0.172824791418355
3,"M0_prevalence","TOR_20260908_1_PA030","TOR_20260908_1",2026-09-08,0,0.172824791418355
3,"M0_prevalence","TOR_20260908_1_PA031","TOR_20260908_1",2026-09-08,0,0.172824791418355
3,"M0_prevalence","TOR_20260908_1_PA032","TOR_20260908_1",2026-09-08,1,0.172824791418355
3,"M0_prevalence","TOR_20260908_1_PA033","TOR_20260908_1",2026-09-08,0,0.172824791418355
3,"M0_prevalence","TOR_20260908_1_PA034","TOR_20260908_1",2026-09-08,0,0.172824791418355
3,"M0_prevalence","TOR_20260908_1_PA035","TOR_20260908_1",2026-09-08,1,0.172824791418355
3,"M0_prevalence","TOR_20260908_1_PA036","TOR_20260908_1",2026-09-08,0,0.172824791418355
3,"M0_prevalence","TOR_20260909_1_PA001","TOR_20260909_1",2026-09-09,0,0.172824791418355
3,"M0_prevalence","TOR_20260909_1_PA002","TOR_20260909_1",2026-09-09,1,0.172824791418355
3,"M0_prevalence","TOR_20260909_1_PA003","TOR_20260909_1",2026-09-09,0,0.172824791418355
3,"M0_prevalence","TOR_20260909_1_PA004","TOR_20260909_1",2026-09-09,0,0.172824791418355
3,"M0_prevalence","TOR_20260909_1_PA005","TOR_20260909_1",2026-09-09,1,0.172824791418355
3,"M0_prevalence","TOR_20260909_1_PA006","TOR_20260909_1",2026-09-09,0,0.172824791418355
3,"M0_prevalence","TOR_20260909_1_PA007","TOR_20260909_1",2026-09-09,0,0.172824791418355
3,"M0_prevalence","TOR_20260909_1_PA008","TOR_20260909_1",2026-09-09,0,0.172824791418355
3,"M0_prevalence","TOR_20260909_1_PA009","TOR_20260909_1",2026-09-09,0,0.172824791418355
3,"M0_prevalence","TOR_20260909_1_PA010","TOR_20260909_1",2026-09-09,0,0.172824791418355
3,"M0_prevalence","TOR_20260909_1_PA011","TOR_20260909_1",2026-09-09,0,0.172824791418355
3,"M0_prevalence","TOR_20260909_1_PA012","TOR_20260909_1",2026-09-09,0,0.172824791418355
3,"M0_prevalence","TOR_20260909_1_PA013","TOR_20260909_1",2026-09-09,0,0.172824791418355
3,"M0_prevalence","TOR_20260909_1_PA014","TOR_20260909_1",2026-09-09,1,0.172824791418355
3,"M0_prevalence","TOR_20260909_1_PA015","TOR_20260909_1",2026-09-09,0,0.172824791418355
3,"M0_prevalence","TOR_20260909_1_PA016","TOR_20260909_1",2026-09-09,0,0.172824791418355
3,"M0_prevalence","TOR_20260909_1_PA017","TOR_20260909_1",2026-09-09,1,0.172824791418355
3,"M0_prevalence","TOR_20260909_1_PA018","TOR_20260909_1",2026-09-09,1,0.172824791418355
3,"M0_prevalence","TOR_20260909_1_PA019","TOR_20260909_1",2026-09-09,0,0.172824791418355
3,"M0_prevalence","TOR_20260909_1_PA020","TOR_20260909_1",2026-09-09,0,0.172824791418355
3,"M0_prevalence","TOR_20260909_1_PA021","TOR_20260909_1",2026-09-09,0,0.172824791418355
3,"M0_prevalence","TOR_20260909_1_PA022","TOR_20260909_1",2026-09-09,0,0.172824791418355
3,"M0_prevalence","TOR_20260909_1_PA023","TOR_20260909_1",2026-09-09,0,0.172824791418355
3,"M0_prevalence","TOR_20260909_1_PA024","TOR_20260909_1",2026-09-09,0,0.172824791418355
3,"M0_prevalence","TOR_20260909_1_PA025","TOR_20260909_1",2026-09-09,0,0.172824791418355
3,"M0_prevalence","TOR_20260909_1_PA026","TOR_20260909_1",2026-09-09,1,0.172824791418355
3,"M0_prevalence","TOR_20260909_1_PA027","TOR_20260909_1",2026-09-09,1,0.172824791418355
3,"M0_prevalence","TOR_20260909_1_PA028","TOR_20260909_1",2026-09-09,0,0.172824791418355
3,"M0_prevalence","TOR_20260909_1_PA029","TOR_20260909_1",2026-09-09,0,0.172824791418355
3,"M0_prevalence","TOR_20260909_1_PA030","TOR_20260909_1",2026-09-09,0,0.172824791418355
3,"M0_prevalence","TOR_20260909_1_PA031","TOR_20260909_1",2026-09-09,1,0.172824791418355
3,"M0_prevalence","TOR_20260909_1_PA032","TOR_20260909_1",2026-09-09,1,0.172824791418355
3,"M0_prevalence","TOR_20260909_1_PA033","TOR_20260909_1",2026-09-09,0,0.172824791418355
3,"M0_prevalence","TOR_20260909_1_PA034","TOR_20260909_1",2026-09-09,0,0.172824791418355
3,"M0_prevalence","TOR_20260911_1_PA001","TOR_20260911_1",2026-09-11,1,0.172824791418355
3,"M0_prevalence","TOR_20260911_1_PA002","TOR_20260911_1",2026-09-11,0,0.172824791418355
3,"M0_prevalence","TOR_20260911_1_PA003","TOR_20260911_1",2026-09-11,0,0.172824791418355
3,"M0_prevalence","TOR_20260911_1_PA004","TOR_20260911_1",2026-09-11,0,0.172824791418355
3,"M0_prevalence","TOR_20260911_1_PA005","TOR_20260911_1",2026-09-11,1,0.172824791418355
3,"M0_prevalence","TOR_20260911_1_PA006","TOR_20260911_1",2026-09-11,0,0.172824791418355
3,"M0_prevalence","TOR_20260911_1_PA007","TOR_20260911_1",2026-09-11,0,0.172824791418355
3,"M0_prevalence","TOR_20260911_1_PA008","TOR_20260911_1",2026-09-11,0,0.172824791418355
3,"M0_prevalence","TOR_20260911_1_PA009","TOR_20260911_1",2026-09-11,0,0.172824791418355
3,"M0_prevalence","TOR_20260911_1_PA010","TOR_20260911_1",2026-09-11,0,0.172824791418355
3,"M0_prevalence","TOR_20260911_1_PA011","TOR_20260911_1",2026-09-11,0,0.172824791418355
3,"M0_prevalence","TOR_20260911_1_PA012","TOR_20260911_1",2026-09-11,1,0.172824791418355
3,"M0_prevalence","TOR_20260911_1_PA013","TOR_20260911_1",2026-09-11,0,0.172824791418355
3,"M0_prevalence","TOR_20260911_1_PA014","TOR_20260911_1",2026-09-11,0,0.172824791418355
3,"M0_prevalence","TOR_20260911_1_PA015","TOR_20260911_1",2026-09-11,0,0.172824791418355
3,"M0_prevalence","TOR_20260911_1_PA016","TOR_20260911_1",2026-09-11,1,0.172824791418355
3,"M0_prevalence","TOR_20260911_1_PA017","TOR_20260911_1",2026-09-11,0,0.172824791418355
3,"M0_prevalence","TOR_20260911_1_PA018","TOR_20260911_1",2026-09-11,0,0.172824791418355
3,"M0_prevalence","TOR_20260911_1_PA019","TOR_20260911_1",2026-09-11,0,0.172824791418355
3,"M0_prevalence","TOR_20260911_1_PA020","TOR_20260911_1",2026-09-11,0,0.172824791418355
3,"M0_prevalence","TOR_20260911_1_PA021","TOR_20260911_1",2026-09-11,0,0.172824791418355
3,"M0_prevalence","TOR_20260911_1_PA022","TOR_20260911_1",2026-09-11,1,0.172824791418355
3,"M0_prevalence","TOR_20260911_1_PA023","TOR_20260911_1",2026-09-11,0,0.172824791418355
3,"M0_prevalence","TOR_20260911_1_PA024","TOR_20260911_1",2026-09-11,0,0.172824791418355
3,"M0_prevalence","TOR_20260911_1_PA025","TOR_20260911_1",2026-09-11,1,0.172824791418355
3,"M0_prevalence","TOR_20260911_1_PA026","TOR_20260911_1",2026-09-11,0,0.172824791418355
3,"M0_prevalence","TOR_20260911_1_PA027","TOR_20260911_1",2026-09-11,0,0.172824791418355
3,"M0_prevalence","TOR_20260911_1_PA028","TOR_20260911_1",2026-09-11,0,0.172824791418355
3,"M0_prevalence","TOR_20260911_1_PA029","TOR_20260911_1",2026-09-11,0,0.172824791418355
3,"M0_prevalence","TOR_20260911_1_PA030","TOR_20260911_1",2026-09-11,1,0.172824791418355
3,"M0_prevalence","TOR_20260911_1_PA031","TOR_20260911_1",2026-09-11,0,0.172824791418355
3,"M0_prevalence","TOR_20260911_1_PA032","TOR_20260911_1",2026-09-11,0,0.172824791418355
3,"M0_prevalence","TOR_20260911_1_PA033","TOR_20260911_1",2026-09-11,1,0.172824791418355
3,"M0_prevalence","TOR_20260911_1_PA034","TOR_20260911_1",2026-09-11,1,0.172824791418355
3,"M0_prevalence","TOR_20260911_1_PA035","TOR_20260911_1",2026-09-11,0,0.172824791418355
3,"M0_prevalence","TOR_20260911_1_PA036","TOR_20260911_1",2026-09-11,0,0.172824791418355
3,"M0_prevalence","TOR_20260911_1_PA037","TOR_20260911_1",2026-09-11,0,0.172824791418355
3,"M0_prevalence","TOR_20260911_1_PA038","TOR_20260911_1",2026-09-11,0,0.172824791418355
3,"M0_prevalence","TOR_20260911_1_PA039","TOR_20260911_1",2026-09-11,0,0.172824791418355
3,"M0_prevalence","TOR_20260911_1_PA040","TOR_20260911_1",2026-09-11,0,0.172824791418355
3,"M0_prevalence","TOR_20260912_1_PA001","TOR_20260912_1",2026-09-12,0,0.172824791418355
3,"M0_prevalence","TOR_20260912_1_PA002","TOR_20260912_1",2026-09-12,0,0.172824791418355
3,"M0_prevalence","TOR_20260912_1_PA003","TOR_20260912_1",2026-09-12,0,0.172824791418355
3,"M0_prevalence","TOR_20260912_1_PA004","TOR_20260912_1",2026-09-12,0,0.172824791418355
3,"M0_prevalence","TOR_20260912_1_PA005","TOR_20260912_1",2026-09-12,0,0.172824791418355
3,"M0_prevalence","TOR_20260912_1_PA006","TOR_20260912_1",2026-09-12,0,0.172824791418355
3,"M0_prevalence","TOR_20260912_1_PA007","TOR_20260912_1",2026-09-12,1,0.172824791418355
3,"M0_prevalence","TOR_20260912_1_PA008","TOR_20260912_1",2026-09-12,0,0.172824791418355
3,"M0_prevalence","TOR_20260912_1_PA009","TOR_20260912_1",2026-09-12,0,0.172824791418355
3,"M0_prevalence","TOR_20260912_1_PA010","TOR_20260912_1",2026-09-12,0,0.172824791418355
3,"M0_prevalence","TOR_20260912_1_PA011","TOR_20260912_1",2026-09-12,0,0.172824791418355
3,"M0_prevalence","TOR_20260912_1_PA012","TOR_20260912_1",2026-09-12,1,0.172824791418355
3,"M0_prevalence","TOR_20260912_1_PA013","TOR_20260912_1",2026-09-12,0,0.172824791418355
3,"M0_prevalence","TOR_20260912_1_PA014","TOR_20260912_1",2026-09-12,0,0.172824791418355
3,"M0_prevalence","TOR_20260912_1_PA015","TOR_20260912_1",2026-09-12,0,0.172824791418355
3,"M0_prevalence","TOR_20260912_1_PA016","TOR_20260912_1",2026-09-12,0,0.172824791418355
3,"M0_prevalence","TOR_20260912_1_PA017","TOR_20260912_1",2026-09-12,0,0.172824791418355
3,"M0_prevalence","TOR_20260912_1_PA018","TOR_20260912_1",2026-09-12,1,0.172824791418355
3,"M0_prevalence","TOR_20260912_1_PA019","TOR_20260912_1",2026-09-12,0,0.172824791418355
3,"M0_prevalence","TOR_20260912_1_PA020","TOR_20260912_1",2026-09-12,1,0.172824791418355
3,"M0_prevalence","TOR_20260912_1_PA021","TOR_20260912_1",2026-09-12,1,0.172824791418355
3,"M0_prevalence","TOR_20260912_1_PA022","TOR_20260912_1",2026-09-12,1,0.172824791418355
3,"M0_prevalence","TOR_20260912_1_PA023","TOR_20260912_1",2026-09-12,1,0.172824791418355
3,"M0_prevalence","TOR_20260912_1_PA024","TOR_20260912_1",2026-09-12,0,0.172824791418355
3,"M0_prevalence","TOR_20260912_1_PA025","TOR_20260912_1",2026-09-12,0,0.172824791418355
3,"M0_prevalence","TOR_20260912_1_PA026","TOR_20260912_1",2026-09-12,0,0.172824791418355
3,"M0_prevalence","TOR_20260912_1_PA027","TOR_20260912_1",2026-09-12,0,0.172824791418355
3,"M0_prevalence","TOR_20260912_1_PA028","TOR_20260912_1",2026-09-12,1,0.172824791418355
3,"M0_prevalence","TOR_20260912_1_PA029","TOR_20260912_1",2026-09-12,0,0.172824791418355
3,"M0_prevalence","TOR_20260912_1_PA030","TOR_20260912_1",2026-09-12,0,0.172824791418355
3,"M0_prevalence","TOR_20260912_1_PA031","TOR_20260912_1",2026-09-12,0,0.172824791418355
3,"M0_prevalence","TOR_20260912_1_PA032","TOR_20260912_1",2026-09-12,0,0.172824791418355
3,"M0_prevalence","TOR_20260912_1_PA033","TOR_20260912_1",2026-09-12,0,0.172824791418355
3,"M0_prevalence","TOR_20260912_1_PA034","TOR_20260912_1",2026-09-12,0,0.172824791418355
3,"M0_prevalence","TOR_20260912_1_PA035","TOR_20260912_1",2026-09-12,1,0.172824791418355
3,"M0_prevalence","TOR_20260912_1_PA036","TOR_20260912_1",2026-09-12,0,0.172824791418355
3,"M0_prevalence","TOR_20260912_1_PA037","TOR_20260912_1",2026-09-12,1,0.172824791418355
3,"M0_prevalence","TOR_20260912_1_PA038","TOR_20260912_1",2026-09-12,0,0.172824791418355
3,"M0_prevalence","TOR_20260912_1_PA039","TOR_20260912_1",2026-09-12,0,0.172824791418355
3,"M0_prevalence","TOR_20260913_1_PA001","TOR_20260913_1",2026-09-13,0,0.172824791418355
3,"M0_prevalence","TOR_20260913_1_PA002","TOR_20260913_1",2026-09-13,0,0.172824791418355
3,"M0_prevalence","TOR_20260913_1_PA003","TOR_20260913_1",2026-09-13,0,0.172824791418355
3,"M0_prevalence","TOR_20260913_1_PA004","TOR_20260913_1",2026-09-13,0,0.172824791418355
3,"M0_prevalence","TOR_20260913_1_PA005","TOR_20260913_1",2026-09-13,0,0.172824791418355
3,"M0_prevalence","TOR_20260913_1_PA006","TOR_20260913_1",2026-09-13,0,0.172824791418355
3,"M0_prevalence","TOR_20260913_1_PA007","TOR_20260913_1",2026-09-13,0,0.172824791418355
3,"M0_prevalence","TOR_20260913_1_PA008","TOR_20260913_1",2026-09-13,1,0.172824791418355
3,"M0_prevalence","TOR_20260913_1_PA009","TOR_20260913_1",2026-09-13,0,0.172824791418355
3,"M0_prevalence","TOR_20260913_1_PA010","TOR_20260913_1",2026-09-13,0,0.172824791418355
3,"M0_prevalence","TOR_20260913_1_PA011","TOR_20260913_1",2026-09-13,1,0.172824791418355
3,"M0_prevalence","TOR_20260913_1_PA012","TOR_20260913_1",2026-09-13,0,0.172824791418355
3,"M0_prevalence","TOR_20260913_1_PA013","TOR_20260913_1",2026-09-13,0,0.172824791418355
3,"M0_prevalence","TOR_20260913_1_PA014","TOR_20260913_1",2026-09-13,1,0.172824791418355
3,"M0_prevalence","TOR_20260913_1_PA015","TOR_20260913_1",2026-09-13,0,0.172824791418355
3,"M0_prevalence","TOR_20260913_1_PA016","TOR_20260913_1",2026-09-13,0,0.172824791418355
3,"M0_prevalence","TOR_20260913_1_PA017","TOR_20260913_1",2026-09-13,1,0.172824791418355
3,"M0_prevalence","TOR_20260913_1_PA018","TOR_20260913_1",2026-09-13,0,0.172824791418355
3,"M0_prevalence","TOR_20260913_1_PA019","TOR_20260913_1",2026-09-13,1,0.172824791418355
3,"M0_prevalence","TOR_20260913_1_PA020","TOR_20260913_1",2026-09-13,0,0.172824791418355
3,"M0_prevalence","TOR_20260913_1_PA021","TOR_20260913_1",2026-09-13,0,0.172824791418355
3,"M0_prevalence","TOR_20260913_1_PA022","TOR_20260913_1",2026-09-13,0,0.172824791418355
3,"M0_prevalence","TOR_20260913_1_PA023","TOR_20260913_1",2026-09-13,0,0.172824791418355
3,"M0_prevalence","TOR_20260913_1_PA024","TOR_20260913_1",2026-09-13,0,0.172824791418355
3,"M0_prevalence","TOR_20260913_1_PA025","TOR_20260913_1",2026-09-13,0,0.172824791418355
3,"M0_prevalence","TOR_20260913_1_PA026","TOR_20260913_1",2026-09-13,0,0.172824791418355
3,"M0_prevalence","TOR_20260913_1_PA027","TOR_20260913_1",2026-09-13,0,0.172824791418355
3,"M0_prevalence","TOR_20260913_1_PA028","TOR_20260913_1",2026-09-13,0,0.172824791418355
3,"M0_prevalence","TOR_20260913_1_PA029","TOR_20260913_1",2026-09-13,0,0.172824791418355
3,"M0_prevalence","TOR_20260913_1_PA030","TOR_20260913_1",2026-09-13,0,0.172824791418355
3,"M0_prevalence","TOR_20260913_1_PA031","TOR_20260913_1",2026-09-13,0,0.172824791418355
3,"M0_prevalence","TOR_20260913_1_PA032","TOR_20260913_1",2026-09-13,0,0.172824791418355
3,"M0_prevalence","TOR_20260913_1_PA033","TOR_20260913_1",2026-09-13,0,0.172824791418355
3,"M0_prevalence","TOR_20260913_1_PA034","TOR_20260913_1",2026-09-13,0,0.172824791418355
3,"M0_prevalence","TOR_20260913_1_PA035","TOR_20260913_1",2026-09-13,0,0.172824791418355
3,"M0_prevalence","TOR_20260913_1_PA036","TOR_20260913_1",2026-09-13,0,0.172824791418355
3,"M0_prevalence","TOR_20260913_1_PA037","TOR_20260913_1",2026-09-13,0,0.172824791418355
3,"M0_prevalence","TOR_20260913_1_PA038","TOR_20260913_1",2026-09-13,0,0.172824791418355
3,"M0_prevalence","TOR_20260913_1_PA039","TOR_20260913_1",2026-09-13,1,0.172824791418355
3,"M1_context","TOR_20260908_1_PA001","TOR_20260908_1",2026-09-08,0,0.206407677658154
3,"M1_context","TOR_20260908_1_PA002","TOR_20260908_1",2026-09-08,0,0.206407677658154
3,"M1_context","TOR_20260908_1_PA003","TOR_20260908_1",2026-09-08,1,0.206407677658154
3,"M1_context","TOR_20260908_1_PA004","TOR_20260908_1",2026-09-08,1,0.206407677658154
3,"M1_context","TOR_20260908_1_PA005","TOR_20260908_1",2026-09-08,0,0.203373698893349
3,"M1_context","TOR_20260908_1_PA006","TOR_20260908_1",2026-09-08,0,0.203373698893349
3,"M1_context","TOR_20260908_1_PA007","TOR_20260908_1",2026-09-08,0,0.203373698893349
3,"M1_context","TOR_20260908_1_PA008","TOR_20260908_1",2026-09-08,0,0.203373698893349
3,"M1_context","TOR_20260908_1_PA009","TOR_20260908_1",2026-09-08,0,0.203373698893349
3,"M1_context","TOR_20260908_1_PA010","TOR_20260908_1",2026-09-08,0,0.200373056399363
3,"M1_context","TOR_20260908_1_PA011","TOR_20260908_1",2026-09-08,0,0.200373056399363
3,"M1_context","TOR_20260908_1_PA012","TOR_20260908_1",2026-09-08,0,0.200373056399363
3,"M1_context","TOR_20260908_1_PA013","TOR_20260908_1",2026-09-08,0,0.197405715559584
3,"M1_context","TOR_20260908_1_PA014","TOR_20260908_1",2026-09-08,0,0.197405715559584
3,"M1_context","TOR_20260908_1_PA015","TOR_20260908_1",2026-09-08,0,0.197405715559584
3,"M1_context","TOR_20260908_1_PA016","TOR_20260908_1",2026-09-08,0,0.150581837520275
3,"M1_context","TOR_20260908_1_PA017","TOR_20260908_1",2026-09-08,1,0.194471631099947
3,"M1_context","TOR_20260908_1_PA018","TOR_20260908_1",2026-09-08,0,0.194471631099947
3,"M1_context","TOR_20260908_1_PA019","TOR_20260908_1",2026-09-08,0,0.194471631099947
3,"M1_context","TOR_20260908_1_PA020","TOR_20260908_1",2026-09-08,0,0.191570747350735
3,"M1_context","TOR_20260908_1_PA021","TOR_20260908_1",2026-09-08,0,0.191570747350735
3,"M1_context","TOR_20260908_1_PA022","TOR_20260908_1",2026-09-08,0,0.145879340046617
3,"M1_context","TOR_20260908_1_PA023","TOR_20260908_1",2026-09-08,0,0.145879340046617
3,"M1_context","TOR_20260908_1_PA024","TOR_20260908_1",2026-09-08,0,0.191570747350735
3,"M1_context","TOR_20260908_1_PA025","TOR_20260908_1",2026-09-08,0,0.191570747350735
3,"M1_context","TOR_20260908_1_PA026","TOR_20260908_1",2026-09-08,0,0.188702998510487
3,"M1_context","TOR_20260908_1_PA027","TOR_20260908_1",2026-09-08,0,0.188702998510487
3,"M1_context","TOR_20260908_1_PA028","TOR_20260908_1",2026-09-08,1,0.143574102791225
3,"M1_context","TOR_20260908_1_PA029","TOR_20260908_1",2026-09-08,0,0.143574102791225
3,"M1_context","TOR_20260908_1_PA030","TOR_20260908_1",2026-09-08,0,0.185868308911662
3,"M1_context","TOR_20260908_1_PA031","TOR_20260908_1",2026-09-08,0,0.185868308911662
3,"M1_context","TOR_20260908_1_PA032","TOR_20260908_1",2026-09-08,1,0.185868308911662
3,"M1_context","TOR_20260908_1_PA033","TOR_20260908_1",2026-09-08,0,0.183066593287661
3,"M1_context","TOR_20260908_1_PA034","TOR_20260908_1",2026-09-08,0,0.183066593287661
3,"M1_context","TOR_20260908_1_PA035","TOR_20260908_1",2026-09-08,1,0.183066593287661
3,"M1_context","TOR_20260908_1_PA036","TOR_20260908_1",2026-09-08,0,0.183066593287661
3,"M1_context","TOR_20260909_1_PA001","TOR_20260909_1",2026-09-09,0,0.206407677658154
3,"M1_context","TOR_20260909_1_PA002","TOR_20260909_1",2026-09-09,1,0.206407677658154
3,"M1_context","TOR_20260909_1_PA003","TOR_20260909_1",2026-09-09,0,0.206407677658154
3,"M1_context","TOR_20260909_1_PA004","TOR_20260909_1",2026-09-09,0,0.206407677658154
3,"M1_context","TOR_20260909_1_PA005","TOR_20260909_1",2026-09-09,1,0.203373698893349
3,"M1_context","TOR_20260909_1_PA006","TOR_20260909_1",2026-09-09,0,0.203373698893349
3,"M1_context","TOR_20260909_1_PA007","TOR_20260909_1",2026-09-09,0,0.203373698893349
3,"M1_context","TOR_20260909_1_PA008","TOR_20260909_1",2026-09-09,0,0.203373698893349
3,"M1_context","TOR_20260909_1_PA009","TOR_20260909_1",2026-09-09,0,0.200373056399363
3,"M1_context","TOR_20260909_1_PA010","TOR_20260909_1",2026-09-09,0,0.200373056399363
3,"M1_context","TOR_20260909_1_PA011","TOR_20260909_1",2026-09-09,0,0.200373056399363
3,"M1_context","TOR_20260909_1_PA012","TOR_20260909_1",2026-09-09,0,0.200373056399363
3,"M1_context","TOR_20260909_1_PA013","TOR_20260909_1",2026-09-09,0,0.197405715559584
3,"M1_context","TOR_20260909_1_PA014","TOR_20260909_1",2026-09-09,1,0.197405715559584
3,"M1_context","TOR_20260909_1_PA015","TOR_20260909_1",2026-09-09,0,0.197405715559584
3,"M1_context","TOR_20260909_1_PA016","TOR_20260909_1",2026-09-09,0,0.150581837520275
3,"M1_context","TOR_20260909_1_PA017","TOR_20260909_1",2026-09-09,1,0.150581837520275
3,"M1_context","TOR_20260909_1_PA018","TOR_20260909_1",2026-09-09,1,0.194471631099947
3,"M1_context","TOR_20260909_1_PA019","TOR_20260909_1",2026-09-09,0,0.194471631099947
3,"M1_context","TOR_20260909_1_PA020","TOR_20260909_1",2026-09-09,0,0.148215184801339
3,"M1_context","TOR_20260909_1_PA021","TOR_20260909_1",2026-09-09,0,0.148215184801339
3,"M1_context","TOR_20260909_1_PA022","TOR_20260909_1",2026-09-09,0,0.191570747350735
3,"M1_context","TOR_20260909_1_PA023","TOR_20260909_1",2026-09-09,0,0.191570747350735
3,"M1_context","TOR_20260909_1_PA024","TOR_20260909_1",2026-09-09,0,0.191570747350735
3,"M1_context","TOR_20260909_1_PA025","TOR_20260909_1",2026-09-09,0,0.188702998510487
3,"M1_context","TOR_20260909_1_PA026","TOR_20260909_1",2026-09-09,1,0.188702998510487
3,"M1_context","TOR_20260909_1_PA027","TOR_20260909_1",2026-09-09,1,0.188702998510487
3,"M1_context","TOR_20260909_1_PA028","TOR_20260909_1",2026-09-09,0,0.185868308911662
3,"M1_context","TOR_20260909_1_PA029","TOR_20260909_1",2026-09-09,0,0.185868308911662
3,"M1_context","TOR_20260909_1_PA030","TOR_20260909_1",2026-09-09,0,0.185868308911662
3,"M1_context","TOR_20260909_1_PA031","TOR_20260909_1",2026-09-09,1,0.183066593287661
3,"M1_context","TOR_20260909_1_PA032","TOR_20260909_1",2026-09-09,1,0.183066593287661
3,"M1_context","TOR_20260909_1_PA033","TOR_20260909_1",2026-09-09,0,0.183066593287661
3,"M1_context","TOR_20260909_1_PA034","TOR_20260909_1",2026-09-09,0,0.183066593287661
3,"M1_context","TOR_20260911_1_PA001","TOR_20260911_1",2026-09-11,1,0.180503334534773
3,"M1_context","TOR_20260911_1_PA002","TOR_20260911_1",2026-09-11,0,0.180503334534773
3,"M1_context","TOR_20260911_1_PA003","TOR_20260911_1",2026-09-11,0,0.180503334534773
3,"M1_context","TOR_20260911_1_PA004","TOR_20260911_1",2026-09-11,0,0.137004262306466
3,"M1_context","TOR_20260911_1_PA005","TOR_20260911_1",2026-09-11,1,0.137004262306466
3,"M1_context","TOR_20260911_1_PA006","TOR_20260911_1",2026-09-11,0,0.177764830869955
3,"M1_context","TOR_20260911_1_PA007","TOR_20260911_1",2026-09-11,0,0.177764830869955
3,"M1_context","TOR_20260911_1_PA008","TOR_20260911_1",2026-09-11,0,0.177764830869955
3,"M1_context","TOR_20260911_1_PA009","TOR_20260911_1",2026-09-11,0,0.175058999162162
3,"M1_context","TOR_20260911_1_PA010","TOR_20260911_1",2026-09-11,0,0.175058999162162
3,"M1_context","TOR_20260911_1_PA011","TOR_20260911_1",2026-09-11,0,0.175058999162162
3,"M1_context","TOR_20260911_1_PA012","TOR_20260911_1",2026-09-11,1,0.132659555962374
3,"M1_context","TOR_20260911_1_PA013","TOR_20260911_1",2026-09-11,0,0.132659555962374
3,"M1_context","TOR_20260911_1_PA014","TOR_20260911_1",2026-09-11,0,0.132659555962374
3,"M1_context","TOR_20260911_1_PA015","TOR_20260911_1",2026-09-11,0,0.172385719060829
3,"M1_context","TOR_20260911_1_PA016","TOR_20260911_1",2026-09-11,1,0.172385719060829
3,"M1_context","TOR_20260911_1_PA017","TOR_20260911_1",2026-09-11,0,0.172385719060829
3,"M1_context","TOR_20260911_1_PA018","TOR_20260911_1",2026-09-11,0,0.172385719060829
3,"M1_context","TOR_20260911_1_PA019","TOR_20260911_1",2026-09-11,0,0.167136291164633
3,"M1_context","TOR_20260911_1_PA020","TOR_20260911_1",2026-09-11,0,0.167136291164633
3,"M1_context","TOR_20260911_1_PA021","TOR_20260911_1",2026-09-11,0,0.167136291164633
3,"M1_context","TOR_20260911_1_PA022","TOR_20260911_1",2026-09-11,1,0.126361805888623
3,"M1_context","TOR_20260911_1_PA023","TOR_20260911_1",2026-09-11,0,0.167136291164633
3,"M1_context","TOR_20260911_1_PA024","TOR_20260911_1",2026-09-11,0,0.167136291164633
3,"M1_context","TOR_20260911_1_PA025","TOR_20260911_1",2026-09-11,1,0.126361805888623
3,"M1_context","TOR_20260911_1_PA026","TOR_20260911_1",2026-09-11,0,0.126361805888623
3,"M1_context","TOR_20260911_1_PA027","TOR_20260911_1",2026-09-11,0,0.126361805888623
3,"M1_context","TOR_20260911_1_PA028","TOR_20260911_1",2026-09-11,0,0.164559862361317
3,"M1_context","TOR_20260911_1_PA029","TOR_20260911_1",2026-09-11,0,0.164559862361317
3,"M1_context","TOR_20260911_1_PA030","TOR_20260911_1",2026-09-11,1,0.164559862361317
3,"M1_context","TOR_20260911_1_PA031","TOR_20260911_1",2026-09-11,0,0.162015423680721
3,"M1_context","TOR_20260911_1_PA032","TOR_20260911_1",2026-09-11,0,0.162015423680721
3,"M1_context","TOR_20260911_1_PA033","TOR_20260911_1",2026-09-11,1,0.162015423680721
3,"M1_context","TOR_20260911_1_PA034","TOR_20260911_1",2026-09-11,1,0.159502816063898
3,"M1_context","TOR_20260911_1_PA035","TOR_20260911_1",2026-09-11,0,0.159502816063898
3,"M1_context","TOR_20260911_1_PA036","TOR_20260911_1",2026-09-11,0,0.159502816063898
3,"M1_context","TOR_20260911_1_PA037","TOR_20260911_1",2026-09-11,0,0.120321554069738
3,"M1_context","TOR_20260911_1_PA038","TOR_20260911_1",2026-09-11,0,0.159502816063898
3,"M1_context","TOR_20260911_1_PA039","TOR_20260911_1",2026-09-11,0,0.159502816063898
3,"M1_context","TOR_20260911_1_PA040","TOR_20260911_1",2026-09-11,0,0.120321554069738
3,"M1_context","TOR_20260912_1_PA001","TOR_20260912_1",2026-09-12,0,0.180503334534773
3,"M1_context","TOR_20260912_1_PA002","TOR_20260912_1",2026-09-12,0,0.180503334534773
3,"M1_context","TOR_20260912_1_PA003","TOR_20260912_1",2026-09-12,0,0.137004262306466
3,"M1_context","TOR_20260912_1_PA004","TOR_20260912_1",2026-09-12,0,0.137004262306466
3,"M1_context","TOR_20260912_1_PA005","TOR_20260912_1",2026-09-12,0,0.180503334534773
3,"M1_context","TOR_20260912_1_PA006","TOR_20260912_1",2026-09-12,0,0.177764830869955
3,"M1_context","TOR_20260912_1_PA007","TOR_20260912_1",2026-09-12,1,0.177764830869955
3,"M1_context","TOR_20260912_1_PA008","TOR_20260912_1",2026-09-12,0,0.177764830869955
3,"M1_context","TOR_20260912_1_PA009","TOR_20260912_1",2026-09-12,0,0.134817135132034
3,"M1_context","TOR_20260912_1_PA010","TOR_20260912_1",2026-09-12,0,0.175058999162162
3,"M1_context","TOR_20260912_1_PA011","TOR_20260912_1",2026-09-12,0,0.175058999162162
3,"M1_context","TOR_20260912_1_PA012","TOR_20260912_1",2026-09-12,1,0.175058999162162
3,"M1_context","TOR_20260912_1_PA013","TOR_20260912_1",2026-09-12,0,0.175058999162162
3,"M1_context","TOR_20260912_1_PA014","TOR_20260912_1",2026-09-12,0,0.175058999162162
3,"M1_context","TOR_20260912_1_PA015","TOR_20260912_1",2026-09-12,0,0.175058999162162
3,"M1_context","TOR_20260912_1_PA016","TOR_20260912_1",2026-09-12,0,0.175058999162162
3,"M1_context","TOR_20260912_1_PA017","TOR_20260912_1",2026-09-12,0,0.132659555962374
3,"M1_context","TOR_20260912_1_PA018","TOR_20260912_1",2026-09-12,1,0.172385719060829
3,"M1_context","TOR_20260912_1_PA019","TOR_20260912_1",2026-09-12,0,0.172385719060829
3,"M1_context","TOR_20260912_1_PA020","TOR_20260912_1",2026-09-12,1,0.172385719060829
3,"M1_context","TOR_20260912_1_PA021","TOR_20260912_1",2026-09-12,1,0.169744861939646
3,"M1_context","TOR_20260912_1_PA022","TOR_20260912_1",2026-09-12,1,0.169744861939646
3,"M1_context","TOR_20260912_1_PA023","TOR_20260912_1",2026-09-12,1,0.169744861939646
3,"M1_context","TOR_20260912_1_PA024","TOR_20260912_1",2026-09-12,0,0.167136291164633
3,"M1_context","TOR_20260912_1_PA025","TOR_20260912_1",2026-09-12,0,0.167136291164633
3,"M1_context","TOR_20260912_1_PA026","TOR_20260912_1",2026-09-12,0,0.167136291164633
3,"M1_context","TOR_20260912_1_PA027","TOR_20260912_1",2026-09-12,0,0.126361805888623
3,"M1_context","TOR_20260912_1_PA028","TOR_20260912_1",2026-09-12,1,0.126361805888623
3,"M1_context","TOR_20260912_1_PA029","TOR_20260912_1",2026-09-12,0,0.126361805888623
3,"M1_context","TOR_20260912_1_PA030","TOR_20260912_1",2026-09-12,0,0.164559862361317
3,"M1_context","TOR_20260912_1_PA031","TOR_20260912_1",2026-09-12,0,0.164559862361317
3,"M1_context","TOR_20260912_1_PA032","TOR_20260912_1",2026-09-12,0,0.164559862361317
3,"M1_context","TOR_20260912_1_PA033","TOR_20260912_1",2026-09-12,0,0.124320099659543
3,"M1_context","TOR_20260912_1_PA034","TOR_20260912_1",2026-09-12,0,0.124320099659543
3,"M1_context","TOR_20260912_1_PA035","TOR_20260912_1",2026-09-12,1,0.124320099659543
3,"M1_context","TOR_20260912_1_PA036","TOR_20260912_1",2026-09-12,0,0.162015423680721
3,"M1_context","TOR_20260912_1_PA037","TOR_20260912_1",2026-09-12,1,0.162015423680721
3,"M1_context","TOR_20260912_1_PA038","TOR_20260912_1",2026-09-12,0,0.162015423680721
3,"M1_context","TOR_20260912_1_PA039","TOR_20260912_1",2026-09-12,0,0.162015423680721
3,"M1_context","TOR_20260913_1_PA001","TOR_20260913_1",2026-09-13,0,0.180503334534773
3,"M1_context","TOR_20260913_1_PA002","TOR_20260913_1",2026-09-13,0,0.180503334534773
3,"M1_context","TOR_20260913_1_PA003","TOR_20260913_1",2026-09-13,0,0.180503334534773
3,"M1_context","TOR_20260913_1_PA004","TOR_20260913_1",2026-09-13,0,0.180503334534773
3,"M1_context","TOR_20260913_1_PA005","TOR_20260913_1",2026-09-13,0,0.177764830869955
3,"M1_context","TOR_20260913_1_PA006","TOR_20260913_1",2026-09-13,0,0.177764830869955
3,"M1_context","TOR_20260913_1_PA007","TOR_20260913_1",2026-09-13,0,0.177764830869955
3,"M1_context","TOR_20260913_1_PA008","TOR_20260913_1",2026-09-13,1,0.134817135132034
3,"M1_context","TOR_20260913_1_PA009","TOR_20260913_1",2026-09-13,0,0.134817135132034
3,"M1_context","TOR_20260913_1_PA010","TOR_20260913_1",2026-09-13,0,0.175058999162162
3,"M1_context","TOR_20260913_1_PA011","TOR_20260913_1",2026-09-13,1,0.175058999162162
3,"M1_context","TOR_20260913_1_PA012","TOR_20260913_1",2026-09-13,0,0.175058999162162
3,"M1_context","TOR_20260913_1_PA013","TOR_20260913_1",2026-09-13,0,0.132659555962374
3,"M1_context","TOR_20260913_1_PA014","TOR_20260913_1",2026-09-13,1,0.132659555962374
3,"M1_context","TOR_20260913_1_PA015","TOR_20260913_1",2026-09-13,0,0.172385719060829
3,"M1_context","TOR_20260913_1_PA016","TOR_20260913_1",2026-09-13,0,0.172385719060829
3,"M1_context","TOR_20260913_1_PA017","TOR_20260913_1",2026-09-13,1,0.172385719060829
3,"M1_context","TOR_20260913_1_PA018","TOR_20260913_1",2026-09-13,0,0.169744861939646
3,"M1_context","TOR_20260913_1_PA019","TOR_20260913_1",2026-09-13,1,0.169744861939646
3,"M1_context","TOR_20260913_1_PA020","TOR_20260913_1",2026-09-13,0,0.169744861939646
3,"M1_context","TOR_20260913_1_PA021","TOR_20260913_1",2026-09-13,0,0.169744861939646
3,"M1_context","TOR_20260913_1_PA022","TOR_20260913_1",2026-09-13,0,0.169744861939646
3,"M1_context","TOR_20260913_1_PA023","TOR_20260913_1",2026-09-13,0,0.169744861939646
3,"M1_context","TOR_20260913_1_PA024","TOR_20260913_1",2026-09-13,0,0.167136291164633
3,"M1_context","TOR_20260913_1_PA025","TOR_20260913_1",2026-09-13,0,0.167136291164633
3,"M1_context","TOR_20260913_1_PA026","TOR_20260913_1",2026-09-13,0,0.167136291164633
3,"M1_context","TOR_20260913_1_PA027","TOR_20260913_1",2026-09-13,0,0.164559862361317
3,"M1_context","TOR_20260913_1_PA028","TOR_20260913_1",2026-09-13,0,0.164559862361317
3,"M1_context","TOR_20260913_1_PA029","TOR_20260913_1",2026-09-13,0,0.164559862361317
3,"M1_context","TOR_20260913_1_PA030","TOR_20260913_1",2026-09-13,0,0.164559862361317
3,"M1_context","TOR_20260913_1_PA031","TOR_20260913_1",2026-09-13,0,0.124320099659543
3,"M1_context","TOR_20260913_1_PA032","TOR_20260913_1",2026-09-13,0,0.162015423680721
3,"M1_context","TOR_20260913_1_PA033","TOR_20260913_1",2026-09-13,0,0.162015423680721
3,"M1_context","TOR_20260913_1_PA034","TOR_20260913_1",2026-09-13,0,0.162015423680721
3,"M1_context","TOR_20260913_1_PA035","TOR_20260913_1",2026-09-13,0,0.162015423680721
3,"M1_context","TOR_20260913_1_PA036","TOR_20260913_1",2026-09-13,0,0.122306764168124
3,"M1_context","TOR_20260913_1_PA037","TOR_20260913_1",2026-09-13,0,0.122306764168124
3,"M1_context","TOR_20260913_1_PA038","TOR_20260913_1",2026-09-13,0,0.122306764168124
3,"M1_context","TOR_20260913_1_PA039","TOR_20260913_1",2026-09-13,1,0.122306764168124
3,"M2_behavior","TOR_20260908_1_PA001","TOR_20260908_1",2026-09-08,0,0.1759747300909
3,"M2_behavior","TOR_20260908_1_PA002","TOR_20260908_1",2026-09-08,0,0.173473820266717
3,"M2_behavior","TOR_20260908_1_PA003","TOR_20260908_1",2026-09-08,1,0.215595095399174
3,"M2_behavior","TOR_20260908_1_PA004","TOR_20260908_1",2026-09-08,1,0.146422372517596
3,"M2_behavior","TOR_20260908_1_PA005","TOR_20260908_1",2026-09-08,0,0.108486512873849
3,"M2_behavior","TOR_20260908_1_PA006","TOR_20260908_1",2026-09-08,0,0.191043705947466
3,"M2_behavior","TOR_20260908_1_PA007","TOR_20260908_1",2026-09-08,0,0.157947439332214
3,"M2_behavior","TOR_20260908_1_PA008","TOR_20260908_1",2026-09-08,0,0.115144308461114
3,"M2_behavior","TOR_20260908_1_PA009","TOR_20260908_1",2026-09-08,0,0.242481319733311
3,"M2_behavior","TOR_20260908_1_PA010","TOR_20260908_1",2026-09-08,0,0.161277665491303
3,"M2_behavior","TOR_20260908_1_PA011","TOR_20260908_1",2026-09-08,0,0.15680855366898
3,"M2_behavior","TOR_20260908_1_PA012","TOR_20260908_1",2026-09-08,0,0.195581660829315
3,"M2_behavior","TOR_20260908_1_PA013","TOR_20260908_1",2026-09-08,0,0.181269727159932
3,"M2_behavior","TOR_20260908_1_PA014","TOR_20260908_1",2026-09-08,0,0.19418290699974
3,"M2_behavior","TOR_20260908_1_PA015","TOR_20260908_1",2026-09-08,0,0.164369197678637
3,"M2_behavior","TOR_20260908_1_PA016","TOR_20260908_1",2026-09-08,0,0.181269727159932
3,"M2_behavior","TOR_20260908_1_PA017","TOR_20260908_1",2026-09-08,1,0.165295023903739
3,"M2_behavior","TOR_20260908_1_PA018","TOR_20260908_1",2026-09-08,0,0.18628197435988
3,"M2_behavior","TOR_20260908_1_PA019","TOR_20260908_1",2026-09-08,0,0.164369197678637
3,"M2_behavior","TOR_20260908_1_PA020","TOR_20260908_1",2026-09-08,0,0.189941147769786
3,"M2_behavior","TOR_20260908_1_PA021","TOR_20260908_1",2026-09-08,0,0.135103559503232
3,"M2_behavior","TOR_20260908_1_PA022","TOR_20260908_1",2026-09-08,0,0.136110250739808
3,"M2_behavior","TOR_20260908_1_PA023","TOR_20260908_1",2026-09-08,0,0.157947439332214
3,"M2_behavior","TOR_20260908_1_PA024","TOR_20260908_1",2026-09-08,0,0.136110250739808
3,"M2_behavior","TOR_20260908_1_PA025","TOR_20260908_1",2026-09-08,0,0.182547809455673
3,"M2_behavior","TOR_20260908_1_PA026","TOR_20260908_1",2026-09-08,0,0.199838344560979
3,"M2_behavior","TOR_20260908_1_PA027","TOR_20260908_1",2026-09-08,0,0.116873144643448
3,"M2_behavior","TOR_20260908_1_PA028","TOR_20260908_1",2026-09-08,1,0.219163660143021
3,"M2_behavior","TOR_20260908_1_PA029","TOR_20260908_1",2026-09-08,0,0.141793667166287
3,"M2_behavior","TOR_20260908_1_PA030","TOR_20260908_1",2026-09-08,0,0.169589228732812
3,"M2_behavior","TOR_20260908_1_PA031","TOR_20260908_1",2026-09-08,0,0.181269727159932
3,"M2_behavior","TOR_20260908_1_PA032","TOR_20260908_1",2026-09-08,1,0.139056087139671
3,"M2_behavior","TOR_20260908_1_PA033","TOR_20260908_1",2026-09-08,0,0.208602679644974
3,"M2_behavior","TOR_20260908_1_PA034","TOR_20260908_1",2026-09-08,0,0.170357562258147
3,"M2_behavior","TOR_20260908_1_PA035","TOR_20260908_1",2026-09-08,1,0.205907241141728
3,"M2_behavior","TOR_20260908_1_PA036","TOR_20260908_1",2026-09-08,0,0.161277665491303
3,"M2_behavior","TOR_20260909_1_PA001","TOR_20260909_1",2026-09-09,0,0.1759747300909
3,"M2_behavior","TOR_20260909_1_PA002","TOR_20260909_1",2026-09-09,1,0.208602679644974
3,"M2_behavior","TOR_20260909_1_PA003","TOR_20260909_1",2026-09-09,0,0.111502032718647
3,"M2_behavior","TOR_20260909_1_PA004","TOR_20260909_1",2026-09-09,0,0.141793667166287
3,"M2_behavior","TOR_20260909_1_PA005","TOR_20260909_1",2026-09-09,1,0.229275741952574
3,"M2_behavior","TOR_20260909_1_PA006","TOR_20260909_1",2026-09-09,0,0.157947439332214
3,"M2_behavior","TOR_20260909_1_PA007","TOR_20260909_1",2026-09-09,0,0.152095344850881
3,"M2_behavior","TOR_20260909_1_PA008","TOR_20260909_1",2026-09-09,0,0.170357562258147
3,"M2_behavior","TOR_20260909_1_PA009","TOR_20260909_1",2026-09-09,0,0.18628197435988
3,"M2_behavior","TOR_20260909_1_PA010","TOR_20260909_1",2026-09-09,0,0.214172998993803
3,"M2_behavior","TOR_20260909_1_PA011","TOR_20260909_1",2026-09-09,0,0.191043705947466
3,"M2_behavior","TOR_20260909_1_PA012","TOR_20260909_1",2026-09-09,0,0.173473820266717
3,"M2_behavior","TOR_20260909_1_PA013","TOR_20260909_1",2026-09-09,0,0.116873144643448
3,"M2_behavior","TOR_20260909_1_PA014","TOR_20260909_1",2026-09-09,1,0.116873144643448
3,"M2_behavior","TOR_20260909_1_PA015","TOR_20260909_1",2026-09-09,0,0.202706947075172
3,"M2_behavior","TOR_20260909_1_PA016","TOR_20260909_1",2026-09-09,0,0.204072680896675
3,"M2_behavior","TOR_20260909_1_PA017","TOR_20260909_1",2026-09-09,1,0.161277665491303
3,"M2_behavior","TOR_20260909_1_PA018","TOR_20260909_1",2026-09-09,1,0.161277665491303
3,"M2_behavior","TOR_20260909_1_PA019","TOR_20260909_1",2026-09-09,0,0.170357562258147
3,"M2_behavior","TOR_20260909_1_PA020","TOR_20260909_1",2026-09-09,0,0.192085242020745
3,"M2_behavior","TOR_20260909_1_PA021","TOR_20260909_1",2026-09-09,0,0.151011465451815
3,"M2_behavior","TOR_20260909_1_PA022","TOR_20260909_1",2026-09-09,0,0.141793667166287
3,"M2_behavior","TOR_20260909_1_PA023","TOR_20260909_1",2026-09-09,0,0.23386186707375
3,"M2_behavior","TOR_20260909_1_PA024","TOR_20260909_1",2026-09-09,0,0.215595095399174
3,"M2_behavior","TOR_20260909_1_PA025","TOR_20260909_1",2026-09-09,0,0.121866611240899
3,"M2_behavior","TOR_20260909_1_PA026","TOR_20260909_1",2026-09-09,1,0.135103559503232
3,"M2_behavior","TOR_20260909_1_PA027","TOR_20260909_1",2026-09-09,1,0.199918296609589
3,"M2_behavior","TOR_20260909_1_PA028","TOR_20260909_1",2026-09-09,0,0.174755751638758
3,"M2_behavior","TOR_20260909_1_PA029","TOR_20260909_1",2026-09-09,0,0.153185600075595
3,"M2_behavior","TOR_20260909_1_PA030","TOR_20260909_1",2026-09-09,0,0.232326623684677
3,"M2_behavior","TOR_20260909_1_PA031","TOR_20260909_1",2026-09-09,1,0.100040059409579
3,"M2_behavior","TOR_20260909_1_PA032","TOR_20260909_1",2026-09-09,1,0.208061158621655
3,"M2_behavior","TOR_20260909_1_PA033","TOR_20260909_1",2026-09-09,0,0.1759747300909
3,"M2_behavior","TOR_20260909_1_PA034","TOR_20260909_1",2026-09-09,0,0.159450414482812
3,"M2_behavior","TOR_20260911_1_PA001","TOR_20260911_1",2026-09-11,1,0.152095344850881
3,"M2_behavior","TOR_20260911_1_PA002","TOR_20260911_1",2026-09-11,0,0.151011465451815
3,"M2_behavior","TOR_20260911_1_PA003","TOR_20260911_1",2026-09-11,0,0.232326623684677
3,"M2_behavior","TOR_20260911_1_PA004","TOR_20260911_1",2026-09-11,0,0.12892419094061
3,"M2_behavior","TOR_20260911_1_PA005","TOR_20260911_1",2026-09-11,1,0.180782952393256
3,"M2_behavior","TOR_20260911_1_PA006","TOR_20260911_1",2026-09-11,0,0.181269727159932
3,"M2_behavior","TOR_20260911_1_PA007","TOR_20260911_1",2026-09-11,0,0.170779626898446
3,"M2_behavior","TOR_20260911_1_PA008","TOR_20260911_1",2026-09-11,0,0.229275741952574
3,"M2_behavior","TOR_20260911_1_PA009","TOR_20260911_1",2026-09-11,0,0.157947439332214
3,"M2_behavior","TOR_20260911_1_PA010","TOR_20260911_1",2026-09-11,0,0.173473820266717
3,"M2_behavior","TOR_20260911_1_PA011","TOR_20260911_1",2026-09-11,0,0.1759747300909
3,"M2_behavior","TOR_20260911_1_PA012","TOR_20260911_1",2026-09-11,1,0.18628197435988
3,"M2_behavior","TOR_20260911_1_PA013","TOR_20260911_1",2026-09-11,0,0.130941428442636
3,"M2_behavior","TOR_20260911_1_PA014","TOR_20260911_1",2026-09-11,0,0.139056087139671
3,"M2_behavior","TOR_20260911_1_PA015","TOR_20260911_1",2026-09-11,0,0.202706947075172
3,"M2_behavior","TOR_20260911_1_PA016","TOR_20260911_1",2026-09-11,1,0.181269727159932
3,"M2_behavior","TOR_20260911_1_PA017","TOR_20260911_1",2026-09-11,0,0.157947439332214
3,"M2_behavior","TOR_20260911_1_PA018","TOR_20260911_1",2026-09-11,0,0.181269727159932
3,"M2_behavior","TOR_20260911_1_PA019","TOR_20260911_1",2026-09-11,0,0.196439897475635
3,"M2_behavior","TOR_20260911_1_PA020","TOR_20260911_1",2026-09-11,0,0.173473820266717
3,"M2_behavior","TOR_20260911_1_PA021","TOR_20260911_1",2026-09-11,0,0.135103559503232
3,"M2_behavior","TOR_20260911_1_PA022","TOR_20260911_1",2026-09-11,1,0.146422372517596
3,"M2_behavior","TOR_20260911_1_PA023","TOR_20260911_1",2026-09-11,0,0.187563078704986
3,"M2_behavior","TOR_20260911_1_PA024","TOR_20260911_1",2026-09-11,0,0.1759747300909
3,"M2_behavior","TOR_20260911_1_PA025","TOR_20260911_1",2026-09-11,1,0.147104340371044
3,"M2_behavior","TOR_20260911_1_PA026","TOR_20260911_1",2026-09-11,0,0.18628197435988
3,"M2_behavior","TOR_20260911_1_PA027","TOR_20260911_1",2026-09-11,0,0.214172998993803
3,"M2_behavior","TOR_20260911_1_PA028","TOR_20260911_1",2026-09-11,0,0.15680855366898
3,"M2_behavior","TOR_20260911_1_PA029","TOR_20260911_1",2026-09-11,0,0.189744380330903
3,"M2_behavior","TOR_20260911_1_PA030","TOR_20260911_1",2026-09-11,1,0.232326623684677
3,"M2_behavior","TOR_20260911_1_PA031","TOR_20260911_1",2026-09-11,0,0.116873144643448
3,"M2_behavior","TOR_20260911_1_PA032","TOR_20260911_1",2026-09-11,0,0.149872079434678
3,"M2_behavior","TOR_20260911_1_PA033","TOR_20260911_1",2026-09-11,1,0.182547809455673
3,"M2_behavior","TOR_20260911_1_PA034","TOR_20260911_1",2026-09-11,1,0.180782952393256
3,"M2_behavior","TOR_20260911_1_PA035","TOR_20260911_1",2026-09-11,0,0.170357562258147
3,"M2_behavior","TOR_20260911_1_PA036","TOR_20260911_1",2026-09-11,0,0.1759747300909
3,"M2_behavior","TOR_20260911_1_PA037","TOR_20260911_1",2026-09-11,0,0.164369197678637
3,"M2_behavior","TOR_20260911_1_PA038","TOR_20260911_1",2026-09-11,0,0.152095344850881
3,"M2_behavior","TOR_20260911_1_PA039","TOR_20260911_1",2026-09-11,0,0.136110250739808
3,"M2_behavior","TOR_20260911_1_PA040","TOR_20260911_1",2026-09-11,0,0.139056087139671
3,"M2_behavior","TOR_20260912_1_PA001","TOR_20260912_1",2026-09-12,0,0.152095344850881
3,"M2_behavior","TOR_20260912_1_PA002","TOR_20260912_1",2026-09-12,0,0.189744380330903
3,"M2_behavior","TOR_20260912_1_PA003","TOR_20260912_1",2026-09-12,0,0.157947439332214
3,"M2_behavior","TOR_20260912_1_PA004","TOR_20260912_1",2026-09-12,0,0.147104340371044
3,"M2_behavior","TOR_20260912_1_PA005","TOR_20260912_1",2026-09-12,0,0.126540992170866
3,"M2_behavior","TOR_20260912_1_PA006","TOR_20260912_1",2026-09-12,0,0.181269727159932
3,"M2_behavior","TOR_20260912_1_PA007","TOR_20260912_1",2026-09-12,1,0.125940278195383
3,"M2_behavior","TOR_20260912_1_PA008","TOR_20260912_1",2026-09-12,0,0.202706947075172
3,"M2_behavior","TOR_20260912_1_PA009","TOR_20260912_1",2026-09-12,0,0.143453110118019
3,"M2_behavior","TOR_20260912_1_PA010","TOR_20260912_1",2026-09-12,0,0.161277665491303
3,"M2_behavior","TOR_20260912_1_PA011","TOR_20260912_1",2026-09-12,0,0.164369197678637
3,"M2_behavior","TOR_20260912_1_PA012","TOR_20260912_1",2026-09-12,1,0.173473820266717
3,"M2_behavior","TOR_20260912_1_PA013","TOR_20260912_1",2026-09-12,0,0.139056087139671
3,"M2_behavior","TOR_20260912_1_PA014","TOR_20260912_1",2026-09-12,0,0.123326356369356
3,"M2_behavior","TOR_20260912_1_PA015","TOR_20260912_1",2026-09-12,0,0.181269727159932
3,"M2_behavior","TOR_20260912_1_PA016","TOR_20260912_1",2026-09-12,0,0.141793667166287
3,"M2_behavior","TOR_20260912_1_PA017","TOR_20260912_1",2026-09-12,0,0.189744380330903
3,"M2_behavior","TOR_20260912_1_PA018","TOR_20260912_1",2026-09-12,1,0.143453110118019
3,"M2_behavior","TOR_20260912_1_PA019","TOR_20260912_1",2026-09-12,0,0.173473820266717
3,"M2_behavior","TOR_20260912_1_PA020","TOR_20260912_1",2026-09-12,1,0.164369197678637
3,"M2_behavior","TOR_20260912_1_PA021","TOR_20260912_1",2026-09-12,1,0.170357562258147
3,"M2_behavior","TOR_20260912_1_PA022","TOR_20260912_1",2026-09-12,1,0.165530258709168
3,"M2_behavior","TOR_20260912_1_PA023","TOR_20260912_1",2026-09-12,1,0.126540992170866
3,"M2_behavior","TOR_20260912_1_PA024","TOR_20260912_1",2026-09-12,0,0.191043705947466
3,"M2_behavior","TOR_20260912_1_PA025","TOR_20260912_1",2026-09-12,0,0.147104340371044
3,"M2_behavior","TOR_20260912_1_PA026","TOR_20260912_1",2026-09-12,0,0.174755751638758
3,"M2_behavior","TOR_20260912_1_PA027","TOR_20260912_1",2026-09-12,0,0.143453110118019
3,"M2_behavior","TOR_20260912_1_PA028","TOR_20260912_1",2026-09-12,1,0.208061158621655
3,"M2_behavior","TOR_20260912_1_PA029","TOR_20260912_1",2026-09-12,0,0.18628197435988
3,"M2_behavior","TOR_20260912_1_PA030","TOR_20260912_1",2026-09-12,0,0.116873144643448
3,"M2_behavior","TOR_20260912_1_PA031","TOR_20260912_1",2026-09-12,0,0.181269727159932
3,"M2_behavior","TOR_20260912_1_PA032","TOR_20260912_1",2026-09-12,0,0.116873144643448
3,"M2_behavior","TOR_20260912_1_PA033","TOR_20260912_1",2026-09-12,0,0.189744380330903
3,"M2_behavior","TOR_20260912_1_PA034","TOR_20260912_1",2026-09-12,0,0.121866611240899
3,"M2_behavior","TOR_20260912_1_PA035","TOR_20260912_1",2026-09-12,1,0.189744380330903
3,"M2_behavior","TOR_20260912_1_PA036","TOR_20260912_1",2026-09-12,0,0.143453110118019
3,"M2_behavior","TOR_20260912_1_PA037","TOR_20260912_1",2026-09-12,1,0.15680855366898
3,"M2_behavior","TOR_20260912_1_PA038","TOR_20260912_1",2026-09-12,0,0.224480958298393
3,"M2_behavior","TOR_20260912_1_PA039","TOR_20260912_1",2026-09-12,0,0.136110250739808
3,"M2_behavior","TOR_20260913_1_PA001","TOR_20260913_1",2026-09-13,0,0.152095344850881
3,"M2_behavior","TOR_20260913_1_PA002","TOR_20260913_1",2026-09-13,0,0.189744380330903
3,"M2_behavior","TOR_20260913_1_PA003","TOR_20260913_1",2026-09-13,0,0.157947439332214
3,"M2_behavior","TOR_20260913_1_PA004","TOR_20260913_1",2026-09-13,0,0.27456548440296
3,"M2_behavior","TOR_20260913_1_PA005","TOR_20260913_1",2026-09-13,0,0.129985188378857
3,"M2_behavior","TOR_20260913_1_PA006","TOR_20260913_1",2026-09-13,0,0.214172998993803
3,"M2_behavior","TOR_20260913_1_PA007","TOR_20260913_1",2026-09-13,0,0.152095344850881
3,"M2_behavior","TOR_20260913_1_PA008","TOR_20260913_1",2026-09-13,1,0.161277665491303
3,"M2_behavior","TOR_20260913_1_PA009","TOR_20260913_1",2026-09-13,0,0.211897860344513
3,"M2_behavior","TOR_20260913_1_PA010","TOR_20260913_1",2026-09-13,0,0.161277665491303
3,"M2_behavior","TOR_20260913_1_PA011","TOR_20260913_1",2026-09-13,1,0.204072680896675
3,"M2_behavior","TOR_20260913_1_PA012","TOR_20260913_1",2026-09-13,0,0.181269727159932
3,"M2_behavior","TOR_20260913_1_PA013","TOR_20260913_1",2026-09-13,0,0.1759747300909
3,"M2_behavior","TOR_20260913_1_PA014","TOR_20260913_1",2026-09-13,1,0.208135045720028
3,"M2_behavior","TOR_20260913_1_PA015","TOR_20260913_1",2026-09-13,0,0.181269727159932
3,"M2_behavior","TOR_20260913_1_PA016","TOR_20260913_1",2026-09-13,0,0.199918296609589
3,"M2_behavior","TOR_20260913_1_PA017","TOR_20260913_1",2026-09-13,1,0.181269727159932
3,"M2_behavior","TOR_20260913_1_PA018","TOR_20260913_1",2026-09-13,0,0.166241668124977
3,"M2_behavior","TOR_20260913_1_PA019","TOR_20260913_1",2026-09-13,1,0.182547809455673
3,"M2_behavior","TOR_20260913_1_PA020","TOR_20260913_1",2026-09-13,0,0.164369197678637
3,"M2_behavior","TOR_20260913_1_PA021","TOR_20260913_1",2026-09-13,0,0.1759747300909
3,"M2_behavior","TOR_20260913_1_PA022","TOR_20260913_1",2026-09-13,0,0.135103559503232
3,"M2_behavior","TOR_20260913_1_PA023","TOR_20260913_1",2026-09-13,0,0.166241668124977
3,"M2_behavior","TOR_20260913_1_PA024","TOR_20260913_1",2026-09-13,0,0.208602679644974
3,"M2_behavior","TOR_20260913_1_PA025","TOR_20260913_1",2026-09-13,0,0.189744380330903
3,"M2_behavior","TOR_20260913_1_PA026","TOR_20260913_1",2026-09-13,0,0.202706947075172
3,"M2_behavior","TOR_20260913_1_PA027","TOR_20260913_1",2026-09-13,0,0.181269727159932
3,"M2_behavior","TOR_20260913_1_PA028","TOR_20260913_1",2026-09-13,0,0.15680855366898
3,"M2_behavior","TOR_20260913_1_PA029","TOR_20260913_1",2026-09-13,0,0.1759747300909
3,"M2_behavior","TOR_20260913_1_PA030","TOR_20260913_1",2026-09-13,0,0.135103559503232
3,"M2_behavior","TOR_20260913_1_PA031","TOR_20260913_1",2026-09-13,0,0.18628197435988
3,"M2_behavior","TOR_20260913_1_PA032","TOR_20260913_1",2026-09-13,0,0.149872079434678
3,"M2_behavior","TOR_20260913_1_PA033","TOR_20260913_1",2026-09-13,0,0.116873144643448
3,"M2_behavior","TOR_20260913_1_PA034","TOR_20260913_1",2026-09-13,0,0.141793667166287
3,"M2_behavior","TOR_20260913_1_PA035","TOR_20260913_1",2026-09-13,0,0.1759747300909
3,"M2_behavior","TOR_20260913_1_PA036","TOR_20260913_1",2026-09-13,0,0.170357562258147
3,"M2_behavior","TOR_20260913_1_PA037","TOR_20260913_1",2026-09-13,0,0.147104340371044
3,"M2_behavior","TOR_20260913_1_PA038","TOR_20260913_1",2026-09-13,0,0.164369197678637
3,"M2_behavior","TOR_20260913_1_PA039","TOR_20260913_1",2026-09-13,1,0.199918296609589
3,"M3_context_behavior","TOR_20260908_1_PA001","TOR_20260908_1",2026-09-08,0,0.208661706590899
3,"M3_context_behavior","TOR_20260908_1_PA002","TOR_20260908_1",2026-09-08,0,0.20766643058527
3,"M3_context_behavior","TOR_20260908_1_PA003","TOR_20260908_1",2026-09-08,1,0.255188865472579
3,"M3_context_behavior","TOR_20260908_1_PA004","TOR_20260908_1",2026-09-08,1,0.177051072487674
3,"M3_context_behavior","TOR_20260908_1_PA005","TOR_20260908_1",2026-09-08,0,0.130020724934121
3,"M3_context_behavior","TOR_20260908_1_PA006","TOR_20260908_1",2026-09-08,0,0.222955742130522
3,"M3_context_behavior","TOR_20260908_1_PA007","TOR_20260908_1",2026-09-08,0,0.184285823033906
3,"M3_context_behavior","TOR_20260908_1_PA008","TOR_20260908_1",2026-09-08,0,0.133881266336231
3,"M3_context_behavior","TOR_20260908_1_PA009","TOR_20260908_1",2026-09-08,0,0.279919493091576
3,"M3_context_behavior","TOR_20260908_1_PA010","TOR_20260908_1",2026-09-08,0,0.186975393513429
3,"M3_context_behavior","TOR_20260908_1_PA011","TOR_20260908_1",2026-09-08,0,0.181760558049192
3,"M3_context_behavior","TOR_20260908_1_PA012","TOR_20260908_1",2026-09-08,0,0.224739089075564
3,"M3_context_behavior","TOR_20260908_1_PA013","TOR_20260908_1",2026-09-08,0,0.204994382461928
3,"M3_context_behavior","TOR_20260908_1_PA014","TOR_20260908_1",2026-09-08,0,0.223823012291524
3,"M3_context_behavior","TOR_20260908_1_PA015","TOR_20260908_1",2026-09-08,0,0.185707660879078
3,"M3_context_behavior","TOR_20260908_1_PA016","TOR_20260908_1",2026-09-08,0,0.154873329172732
3,"M3_context_behavior","TOR_20260908_1_PA017","TOR_20260908_1",2026-09-08,1,0.187371725176395
3,"M3_context_behavior","TOR_20260908_1_PA018","TOR_20260908_1",2026-09-08,0,0.207407484714329
3,"M3_context_behavior","TOR_20260908_1_PA019","TOR_20260908_1",2026-09-08,0,0.182711548914466
3,"M3_context_behavior","TOR_20260908_1_PA020","TOR_20260908_1",2026-09-08,0,0.21219064607126
3,"M3_context_behavior","TOR_20260908_1_PA021","TOR_20260908_1",2026-09-08,0,0.150164197945554
3,"M3_context_behavior","TOR_20260908_1_PA022","TOR_20260908_1",2026-09-08,0,0.111265910406715
3,"M3_context_behavior","TOR_20260908_1_PA023","TOR_20260908_1",2026-09-08,0,0.129111312261089
3,"M3_context_behavior","TOR_20260908_1_PA024","TOR_20260908_1",2026-09-08,0,0.149775517688315
3,"M3_context_behavior","TOR_20260908_1_PA025","TOR_20260908_1",2026-09-08,0,0.19808744630836
3,"M3_context_behavior","TOR_20260908_1_PA026","TOR_20260908_1",2026-09-08,0,0.217857397742815
3,"M3_context_behavior","TOR_20260908_1_PA027","TOR_20260908_1",2026-09-08,0,0.127267670463148
3,"M3_context_behavior","TOR_20260908_1_PA028","TOR_20260908_1",2026-09-08,1,0.180865406314184
3,"M3_context_behavior","TOR_20260908_1_PA029","TOR_20260908_1",2026-09-08,0,0.114203318548024
3,"M3_context_behavior","TOR_20260908_1_PA030","TOR_20260908_1",2026-09-08,0,0.181386207300304
3,"M3_context_behavior","TOR_20260908_1_PA031","TOR_20260908_1",2026-09-08,0,0.192302584692794
3,"M3_context_behavior","TOR_20260908_1_PA032","TOR_20260908_1",2026-09-08,1,0.14950244893004
3,"M3_context_behavior","TOR_20260908_1_PA033","TOR_20260908_1",2026-09-08,0,0.216527363081491
3,"M3_context_behavior","TOR_20260908_1_PA034","TOR_20260908_1",2026-09-08,0,0.177521336427734
3,"M3_context_behavior","TOR_20260908_1_PA035","TOR_20260908_1",2026-09-08,1,0.219743944593879
3,"M3_context_behavior","TOR_20260908_1_PA036","TOR_20260908_1",2026-09-08,0,0.16946684328625
3,"M3_context_behavior","TOR_20260909_1_PA001","TOR_20260909_1",2026-09-09,0,0.208661706590899
3,"M3_context_behavior","TOR_20260909_1_PA002","TOR_20260909_1",2026-09-09,1,0.244804337830721
3,"M3_context_behavior","TOR_20260909_1_PA003","TOR_20260909_1",2026-09-09,0,0.134606415098131
3,"M3_context_behavior","TOR_20260909_1_PA004","TOR_20260909_1",2026-09-09,0,0.169754450396128
3,"M3_context_behavior","TOR_20260909_1_PA005","TOR_20260909_1",2026-09-09,1,0.264849152886332
3,"M3_context_behavior","TOR_20260909_1_PA006","TOR_20260909_1",2026-09-09,0,0.184285823033906
3,"M3_context_behavior","TOR_20260909_1_PA007","TOR_20260909_1",2026-09-09,0,0.179169426886808
3,"M3_context_behavior","TOR_20260909_1_PA008","TOR_20260909_1",2026-09-09,0,0.198822854714035
3,"M3_context_behavior","TOR_20260909_1_PA009","TOR_20260909_1",2026-09-09,0,0.214039080685941
3,"M3_context_behavior","TOR_20260909_1_PA010","TOR_20260909_1",2026-09-09,0,0.243845194168539
3,"M3_context_behavior","TOR_20260909_1_PA011","TOR_20260909_1",2026-09-09,0,0.219520693326032
3,"M3_context_behavior","TOR_20260909_1_PA012","TOR_20260909_1",2026-09-09,0,0.201181739420198
3,"M3_context_behavior","TOR_20260909_1_PA013","TOR_20260909_1",2026-09-09,0,0.134060565984586
3,"M3_context_behavior","TOR_20260909_1_PA014","TOR_20260909_1",2026-09-09,1,0.134060565984586
3,"M3_context_behavior","TOR_20260909_1_PA015","TOR_20260909_1",2026-09-09,0,0.227270441854827
3,"M3_context_behavior","TOR_20260909_1_PA016","TOR_20260909_1",2026-09-09,0,0.175868953630157
3,"M3_context_behavior","TOR_20260909_1_PA017","TOR_20260909_1",2026-09-09,1,0.138091284293199
3,"M3_context_behavior","TOR_20260909_1_PA018","TOR_20260909_1",2026-09-09,1,0.180989222940349
3,"M3_context_behavior","TOR_20260909_1_PA019","TOR_20260909_1",2026-09-09,0,0.189466425497131
3,"M3_context_behavior","TOR_20260909_1_PA020","TOR_20260909_1",2026-09-09,0,0.16535036768188
3,"M3_context_behavior","TOR_20260909_1_PA021","TOR_20260909_1",2026-09-09,0,0.125206804164194
3,"M3_context_behavior","TOR_20260909_1_PA022","TOR_20260909_1",2026-09-09,0,0.156163262565116
3,"M3_context_behavior","TOR_20260909_1_PA023","TOR_20260909_1",2026-09-09,0,0.254658788024927
3,"M3_context_behavior","TOR_20260909_1_PA024","TOR_20260909_1",2026-09-09,0,0.236707653619735
3,"M3_context_behavior","TOR_20260909_1_PA025","TOR_20260909_1",2026-09-09,0,0.132845469923472
3,"M3_context_behavior","TOR_20260909_1_PA026","TOR_20260909_1",2026-09-09,1,0.147637556804488
3,"M3_context_behavior","TOR_20260909_1_PA027","TOR_20260909_1",2026-09-09,1,0.21591380342919
3,"M3_context_behavior","TOR_20260909_1_PA028","TOR_20260909_1",2026-09-09,0,0.183429097358511
3,"M3_context_behavior","TOR_20260909_1_PA029","TOR_20260909_1",2026-09-09,0,0.165080695913471
3,"M3_context_behavior","TOR_20260909_1_PA030","TOR_20260909_1",2026-09-09,0,0.247732214313477
3,"M3_context_behavior","TOR_20260909_1_PA031","TOR_20260909_1",2026-09-09,1,0.105812417955606
3,"M3_context_behavior","TOR_20260909_1_PA032","TOR_20260909_1",2026-09-09,1,0.217982111283927
3,"M3_context_behavior","TOR_20260909_1_PA033","TOR_20260909_1",2026-09-09,0,0.183544861711362
3,"M3_context_behavior","TOR_20260909_1_PA034","TOR_20260909_1",2026-09-09,0,0.169168380963743
3,"M3_context_behavior","TOR_20260911_1_PA001","TOR_20260911_1",2026-09-11,1,0.163580461422942
3,"M3_context_behavior","TOR_20260911_1_PA002","TOR_20260911_1",2026-09-11,0,0.160766532488035
3,"M3_context_behavior","TOR_20260911_1_PA003","TOR_20260911_1",2026-09-11,0,0.249560387435591
3,"M3_context_behavior","TOR_20260911_1_PA004","TOR_20260911_1",2026-09-11,0,0.105555268336349
3,"M3_context_behavior","TOR_20260911_1_PA005","TOR_20260911_1",2026-09-11,1,0.147004701169243
3,"M3_context_behavior","TOR_20260911_1_PA006","TOR_20260911_1",2026-09-11,0,0.19073067805606
3,"M3_context_behavior","TOR_20260911_1_PA007","TOR_20260911_1",2026-09-11,0,0.182959251719209
3,"M3_context_behavior","TOR_20260911_1_PA008","TOR_20260911_1",2026-09-11,0,0.240362439103947
3,"M3_context_behavior","TOR_20260911_1_PA009","TOR_20260911_1",2026-09-11,0,0.162833880340366
3,"M3_context_behavior","TOR_20260911_1_PA010","TOR_20260911_1",2026-09-11,0,0.181131090763498
3,"M3_context_behavior","TOR_20260911_1_PA011","TOR_20260911_1",2026-09-11,0,0.182028408551219
3,"M3_context_behavior","TOR_20260911_1_PA012","TOR_20260911_1",2026-09-11,1,0.145288940859697
3,"M3_context_behavior","TOR_20260911_1_PA013","TOR_20260911_1",2026-09-11,0,0.101355897972737
3,"M3_context_behavior","TOR_20260911_1_PA014","TOR_20260911_1",2026-09-11,0,0.10811798050627
3,"M3_context_behavior","TOR_20260911_1_PA015","TOR_20260911_1",2026-09-11,0,0.205287881304134
3,"M3_context_behavior","TOR_20260911_1_PA016","TOR_20260911_1",2026-09-11,1,0.18465158488952
3,"M3_context_behavior","TOR_20260911_1_PA017","TOR_20260911_1",2026-09-11,0,0.160134230044932
3,"M3_context_behavior","TOR_20260911_1_PA018","TOR_20260911_1",2026-09-11,0,0.18465158488952
3,"M3_context_behavior","TOR_20260911_1_PA019","TOR_20260911_1",2026-09-11,0,0.192451191486158
3,"M3_context_behavior","TOR_20260911_1_PA020","TOR_20260911_1",2026-09-11,0,0.172428038477695
3,"M3_context_behavior","TOR_20260911_1_PA021","TOR_20260911_1",2026-09-11,0,0.13434306056314
3,"M3_context_behavior","TOR_20260911_1_PA022","TOR_20260911_1",2026-09-11,1,0.10837627857756
3,"M3_context_behavior","TOR_20260911_1_PA023","TOR_20260911_1",2026-09-11,0,0.186998956274324
3,"M3_context_behavior","TOR_20260911_1_PA024","TOR_20260911_1",2026-09-11,0,0.173291365659995
3,"M3_context_behavior","TOR_20260911_1_PA025","TOR_20260911_1",2026-09-11,1,0.10776803132942
3,"M3_context_behavior","TOR_20260911_1_PA026","TOR_20260911_1",2026-09-11,0,0.138017781097008
3,"M3_context_behavior","TOR_20260911_1_PA027","TOR_20260911_1",2026-09-11,0,0.159384315523107
3,"M3_context_behavior","TOR_20260911_1_PA028","TOR_20260911_1",2026-09-11,0,0.152646418201295
3,"M3_context_behavior","TOR_20260911_1_PA029","TOR_20260911_1",2026-09-11,0,0.182619327450541
3,"M3_context_behavior","TOR_20260911_1_PA030","TOR_20260911_1",2026-09-11,1,0.22783361076358
3,"M3_context_behavior","TOR_20260911_1_PA031","TOR_20260911_1",2026-09-11,0,0.111545358369375
3,"M3_context_behavior","TOR_20260911_1_PA032","TOR_20260911_1",2026-09-11,0,0.144621090345988
3,"M3_context_behavior","TOR_20260911_1_PA033","TOR_20260911_1",2026-09-11,1,0.172509605032176
3,"M3_context_behavior","TOR_20260911_1_PA034","TOR_20260911_1",2026-09-11,1,0.171323153019455
3,"M3_context_behavior","TOR_20260911_1_PA035","TOR_20260911_1",2026-09-11,0,0.159358363253794
3,"M3_context_behavior","TOR_20260911_1_PA036","TOR_20260911_1",2026-09-11,0,0.16488914905889
3,"M3_context_behavior","TOR_20260911_1_PA037","TOR_20260911_1",2026-09-11,0,0.114140846599895
3,"M3_context_behavior","TOR_20260911_1_PA038","TOR_20260911_1",2026-09-11,0,0.142910112792365
3,"M3_context_behavior","TOR_20260911_1_PA039","TOR_20260911_1",2026-09-11,0,0.127199078230485
3,"M3_context_behavior","TOR_20260911_1_PA040","TOR_20260911_1",2026-09-11,0,0.0971116966993195
3,"M3_context_behavior","TOR_20260912_1_PA001","TOR_20260912_1",2026-09-12,0,0.163580461422942
3,"M3_context_behavior","TOR_20260912_1_PA002","TOR_20260912_1",2026-09-12,0,0.201157614211598
3,"M3_context_behavior","TOR_20260912_1_PA003","TOR_20260912_1",2026-09-12,0,0.12576557052841
3,"M3_context_behavior","TOR_20260912_1_PA004","TOR_20260912_1",2026-09-12,0,0.117734952152342
3,"M3_context_behavior","TOR_20260912_1_PA005","TOR_20260912_1",2026-09-12,0,0.136864521319852
3,"M3_context_behavior","TOR_20260912_1_PA006","TOR_20260912_1",2026-09-12,0,0.19073067805606
3,"M3_context_behavior","TOR_20260912_1_PA007","TOR_20260912_1",2026-09-12,1,0.135262611542954
3,"M3_context_behavior","TOR_20260912_1_PA008","TOR_20260912_1",2026-09-12,0,0.211869821808277
3,"M3_context_behavior","TOR_20260912_1_PA009","TOR_20260912_1",2026-09-12,0,0.11140446629624
3,"M3_context_behavior","TOR_20260912_1_PA010","TOR_20260912_1",2026-09-12,0,0.168042763597923
3,"M3_context_behavior","TOR_20260912_1_PA011","TOR_20260912_1",2026-09-12,0,0.169667411194147
3,"M3_context_behavior","TOR_20260912_1_PA012","TOR_20260912_1",2026-09-12,1,0.181131090763498
3,"M3_context_behavior","TOR_20260912_1_PA013","TOR_20260912_1",2026-09-12,0,0.145716712019594
3,"M3_context_behavior","TOR_20260912_1_PA014","TOR_20260912_1",2026-09-12,0,0.127423295851389
3,"M3_context_behavior","TOR_20260912_1_PA015","TOR_20260912_1",2026-09-12,0,0.187672204544618
3,"M3_context_behavior","TOR_20260912_1_PA016","TOR_20260912_1",2026-09-12,0,0.147163691320593
3,"M3_context_behavior","TOR_20260912_1_PA017","TOR_20260912_1",2026-09-12,0,0.146732401963118
3,"M3_context_behavior","TOR_20260912_1_PA018","TOR_20260912_1",2026-09-12,1,0.144941734701113
3,"M3_context_behavior","TOR_20260912_1_PA019","TOR_20260912_1",2026-09-12,0,0.17819265719416
3,"M3_context_behavior","TOR_20260912_1_PA020","TOR_20260912_1",2026-09-12,1,0.166877050225254
3,"M3_context_behavior","TOR_20260912_1_PA021","TOR_20260912_1",2026-09-12,1,0.170334405394039
3,"M3_context_behavior","TOR_20260912_1_PA022","TOR_20260912_1",2026-09-12,1,0.166984504571752
3,"M3_context_behavior","TOR_20260912_1_PA023","TOR_20260912_1",2026-09-12,1,0.127713224083249
3,"M3_context_behavior","TOR_20260912_1_PA024","TOR_20260912_1",2026-09-12,0,0.188765290890178
3,"M3_context_behavior","TOR_20260912_1_PA025","TOR_20260912_1",2026-09-12,0,0.145264887100212
3,"M3_context_behavior","TOR_20260912_1_PA026","TOR_20260912_1",2026-09-12,0,0.170344409535494
3,"M3_context_behavior","TOR_20260912_1_PA027","TOR_20260912_1",2026-09-12,0,0.103750900413214
3,"M3_context_behavior","TOR_20260912_1_PA028","TOR_20260912_1",2026-09-12,1,0.15591501838708
3,"M3_context_behavior","TOR_20260912_1_PA029","TOR_20260912_1",2026-09-12,0,0.138017781097008
3,"M3_context_behavior","TOR_20260912_1_PA030","TOR_20260912_1",2026-09-12,0,0.113536600181267
3,"M3_context_behavior","TOR_20260912_1_PA031","TOR_20260912_1",2026-09-12,0,0.175815696923455
3,"M3_context_behavior","TOR_20260912_1_PA032","TOR_20260912_1",2026-09-12,0,0.113536600181267
3,"M3_context_behavior","TOR_20260912_1_PA033","TOR_20260912_1",2026-09-12,0,0.137026046202246
3,"M3_context_behavior","TOR_20260912_1_PA034","TOR_20260912_1",2026-09-12,0,0.0872789344992754
3,"M3_context_behavior","TOR_20260912_1_PA035","TOR_20260912_1",2026-09-12,1,0.137026046202246
3,"M3_context_behavior","TOR_20260912_1_PA036","TOR_20260912_1",2026-09-12,0,0.135335044122284
3,"M3_context_behavior","TOR_20260912_1_PA037","TOR_20260912_1",2026-09-12,1,0.150085387579423
3,"M3_context_behavior","TOR_20260912_1_PA038","TOR_20260912_1",2026-09-12,0,0.214385518594417
3,"M3_context_behavior","TOR_20260912_1_PA039","TOR_20260912_1",2026-09-12,0,0.129429052360049
3,"M3_context_behavior","TOR_20260913_1_PA001","TOR_20260913_1",2026-09-13,0,0.163580461422942
3,"M3_context_behavior","TOR_20260913_1_PA002","TOR_20260913_1",2026-09-13,0,0.201157614211598
3,"M3_context_behavior","TOR_20260913_1_PA003","TOR_20260913_1",2026-09-13,0,0.168342993654612
3,"M3_context_behavior","TOR_20260913_1_PA004","TOR_20260913_1",2026-09-13,0,0.293007850513814
3,"M3_context_behavior","TOR_20260913_1_PA005","TOR_20260913_1",2026-09-13,0,0.136872883995342
3,"M3_context_behavior","TOR_20260913_1_PA006","TOR_20260913_1",2026-09-13,0,0.224165771296593
3,"M3_context_behavior","TOR_20260913_1_PA007","TOR_20260913_1",2026-09-13,0,0.160870811946048
3,"M3_context_behavior","TOR_20260913_1_PA008","TOR_20260913_1",2026-09-13,1,0.127734805870239
3,"M3_context_behavior","TOR_20260913_1_PA009","TOR_20260913_1",2026-09-13,0,0.170062067176033
3,"M3_context_behavior","TOR_20260913_1_PA010","TOR_20260913_1",2026-09-13,0,0.168042763597923
3,"M3_context_behavior","TOR_20260913_1_PA011","TOR_20260913_1",2026-09-13,1,0.211998875440234
3,"M3_context_behavior","TOR_20260913_1_PA012","TOR_20260913_1",2026-09-13,0,0.187672204544618
3,"M3_context_behavior","TOR_20260913_1_PA013","TOR_20260913_1",2026-09-13,0,0.136558010252971
3,"M3_context_behavior","TOR_20260913_1_PA014","TOR_20260913_1",2026-09-13,1,0.165660278541151
3,"M3_context_behavior","TOR_20260913_1_PA015","TOR_20260913_1",2026-09-13,0,0.18465158488952
3,"M3_context_behavior","TOR_20260913_1_PA016","TOR_20260913_1",2026-09-13,0,0.204304543097354
3,"M3_context_behavior","TOR_20260913_1_PA017","TOR_20260913_1",2026-09-13,1,0.18465158488952
3,"M3_context_behavior","TOR_20260913_1_PA018","TOR_20260913_1",2026-09-13,0,0.164414832063497
3,"M3_context_behavior","TOR_20260913_1_PA019","TOR_20260913_1",2026-09-13,1,0.181215872768997
3,"M3_context_behavior","TOR_20260913_1_PA020","TOR_20260913_1",2026-09-13,0,0.164123509004001
3,"M3_context_behavior","TOR_20260913_1_PA021","TOR_20260913_1",2026-09-13,0,0.176166301569448
3,"M3_context_behavior","TOR_20260913_1_PA022","TOR_20260913_1",2026-09-13,0,0.136678665593836
3,"M3_context_behavior","TOR_20260913_1_PA023","TOR_20260913_1",2026-09-13,0,0.164414832063497
3,"M3_context_behavior","TOR_20260913_1_PA024","TOR_20260913_1",2026-09-13,0,0.204893733619452
3,"M3_context_behavior","TOR_20260913_1_PA025","TOR_20260913_1",2026-09-13,0,0.185614270610814
3,"M3_context_behavior","TOR_20260913_1_PA026","TOR_20260913_1",2026-09-13,0,0.198858822736934
3,"M3_context_behavior","TOR_20260913_1_PA027","TOR_20260913_1",2026-09-13,0,0.175815696923455
3,"M3_context_behavior","TOR_20260913_1_PA028","TOR_20260913_1",2026-09-13,0,0.152646418201295
3,"M3_context_behavior","TOR_20260913_1_PA029","TOR_20260913_1",2026-09-13,0,0.170453639763484
3,"M3_context_behavior","TOR_20260913_1_PA030","TOR_20260913_1",2026-09-13,0,0.13204126274305
3,"M3_context_behavior","TOR_20260913_1_PA031","TOR_20260913_1",2026-09-13,0,0.135662888749646
3,"M3_context_behavior","TOR_20260913_1_PA032","TOR_20260913_1",2026-09-13,0,0.144621090345988
3,"M3_context_behavior","TOR_20260913_1_PA033","TOR_20260913_1",2026-09-13,0,0.111545358369375
3,"M3_context_behavior","TOR_20260913_1_PA034","TOR_20260913_1",2026-09-13,0,0.135086916854382
3,"M3_context_behavior","TOR_20260913_1_PA035","TOR_20260913_1",2026-09-13,0,0.167652959207673
3,"M3_context_behavior","TOR_20260913_1_PA036","TOR_20260913_1",2026-09-13,0,0.120830965205419
3,"M3_context_behavior","TOR_20260913_1_PA037","TOR_20260913_1",2026-09-13,0,0.103993385745951
3,"M3_context_behavior","TOR_20260913_1_PA038","TOR_20260913_1",2026-09-13,0,0.116172363117187
3,"M3_context_behavior","TOR_20260913_1_PA039","TOR_20260913_1",2026-09-13,1,0.144195992639285
