pitch_id,pa_id,source_row,pitch_number_pa,pre_balls,pre_strikes,runner_on_first,runner_on_second,runner_on_third,risp,runners_on,pitcher_disruption,routine_time_secs,glove_straps,helmet_touches,plate_taps,total_tics,pitch_result,is_terminal,routine_over_60_secs,routine_source,tics_source,disruption_source,routine_model_eligible,tics_model_eligible,prediction_eligible
P00001,TOR_20260814_1_PA001,2,1,0,0,0,0,0,0,0,0,4,0,0,0,0,Called Strike,0,0,Observed,Observed,Observed,1,1,1
P00002,TOR_20260814_1_PA001,3,2,0,1,0,0,0,0,0,0,4,0,0,0,0,In Play,1,0,Observed,Observed,Observed,1,1,1
P00003,TOR_20260814_1_PA002,4,1,0,0,0,0,0,0,0,0,4,0,0,0,0,Ball,0,0,Observed,Observed,Observed,1,1,0
P00004,TOR_20260814_1_PA002,5,2,1,0,0,0,0,0,0,0,11,0,1,1,2,Called Strike,0,0,Observed,Observed,Observed,1,1,0
P00005,TOR_20260814_1_PA002,6,3,1,1,0,0,0,0,0,0,11,0,1,1,2,Swinging Strike,0,0,Observed,Observed,Observed,1,1,0
P00006,TOR_20260814_1_PA002,7,4,1,2,0,0,0,0,0,0,14,1,1,2,4,Ball,0,0,Observed,Observed,Observed,1,1,0
P00007,TOR_20260814_1_PA002,8,5,2,2,0,0,0,0,0,0,12,0,1,1,2,Ball,0,0,Observed,Observed,Observed,1,1,0
P00008,TOR_20260814_1_PA002,9,6,3,2,0,0,0,0,0,0,12,0,1,1,2,Ball,1,0,Observed,Observed,Observed,1,1,0
P00009,TOR_20260814_1_PA003,10,1,0,0,0,0,0,0,0,0,17,0,0,0,0,Ball,0,0,Observed,Observed,Observed,1,1,1
P00010,TOR_20260814_1_PA003,11,2,1,0,0,0,0,0,0,0,15,0,0,0,0,Ball,0,0,Observed,Observed,Observed,1,1,1
P00011,TOR_20260814_1_PA003,12,3,2,0,0,0,0,0,0,0,15,0,0,0,0,In Play,1,0,Observed,Observed,Observed,1,1,1
P00012,TOR_20260814_1_PA004,13,1,0,0,0,0,0,0,0,0,24,0,0,0,0,Ball,0,0,Observed,Observed,Observed,1,1,1
P00013,TOR_20260814_1_PA004,14,2,1,0,0,0,0,0,0,0,8,0,0,1,1,Swinging Strike,0,0,Observed,Observed,Observed,1,1,1
P00014,TOR_20260814_1_PA004,15,3,1,1,0,0,0,0,0,0,17,1,1,1,3,Ball,0,0,Observed,Observed,Observed,1,1,1
P00015,TOR_20260814_1_PA004,16,4,2,1,0,0,0,0,0,0,8,0,1,1,2,Called Strike,0,0,Observed,Observed,Observed,1,1,1
P00016,TOR_20260814_1_PA004,17,5,2,2,0,0,0,0,0,0,9,0,1,1,2,Ball,0,0,Observed,Observed,Observed,1,1,1
P00017,TOR_20260814_1_PA004,18,6,3,2,0,0,0,0,0,0,12,0,1,1,2,Ball,1,0,Observed,Observed,Observed,1,1,1
P00018,TOR_20260814_1_PA005,19,1,0,0,1,0,0,0,1,0,7,0,1,1,2,Ball,0,0,Observed,Observed,Observed,1,1,1
P00019,TOR_20260814_1_PA005,20,2,1,0,1,0,0,0,1,0,8,0,1,1,2,In Play,1,0,Observed,Observed,Observed,1,1,1
P00020,TOR_20260814_1_PA006,21,1,0,0,1,1,0,1,2,0,12,0,2,0,2,Foul,0,0,Observed,Observed,Observed,1,1,1
P00021,TOR_20260814_1_PA006,22,2,0,1,1,1,0,1,2,0,10,0,1,0,1,Foul,0,0,Observed,Observed,Observed,1,1,1
P00022,TOR_20260814_1_PA006,23,3,0,2,1,1,0,1,2,0,17,0,1,0,1,Ball,0,0,Observed,Observed,Observed,1,1,1
P00023,TOR_20260814_1_PA006,24,4,1,2,1,1,0,1,2,0,18,0,1,0,1,Ball,0,0,Observed,Observed,Observed,1,1,1
P00024,TOR_20260814_1_PA006,25,5,2,2,1,1,0,1,2,0,16,0,1,0,1,Swinging Strike,1,0,Observed,Observed,Observed,1,1,1
P00025,TOR_20260814_1_PA007,26,1,0,0,1,1,0,1,2,0,7,1,0,0,1,Called Strike,0,0,Observed,Observed,Observed,1,1,1
P00026,TOR_20260814_1_PA007,27,2,0,1,1,1,0,1,2,0,9,1,0,0,1,In Play,1,0,Observed,Observed,Observed,1,1,1
P00027,TOR_20260814_1_PA008,28,1,0,0,0,0,0,0,0,0,6,0,0,0,0,Called Strike,0,0,Observed,Observed,Observed,1,1,1
P00028,TOR_20260814_1_PA008,29,2,0,1,0,0,0,0,0,0,7,0,0,0,0,In Play,1,0,Observed,Observed,Observed,1,1,1
P00029,TOR_20260814_1_PA009,30,1,0,0,0,0,0,0,0,0,15,0,0,0,0,Ball,0,0,Observed,Observed,Observed,1,1,1
P00030,TOR_20260814_1_PA009,31,2,1,0,0,0,0,0,0,0,10,0,1,0,1,Called Strike,0,0,Observed,Observed,Observed,1,1,1
P00031,TOR_20260814_1_PA009,32,3,1,1,0,0,0,0,0,0,13,0,0,0,0,Foul,0,0,Observed,Observed,Observed,1,1,1
P00032,TOR_20260814_1_PA009,33,4,1,2,0,0,0,0,0,0,15,1,0,0,1,Called Strike,1,0,Observed,Observed,Observed,1,1,1
P00033,TOR_20260814_1_PA010,34,1,0,0,0,0,0,0,0,0,14,1,0,0,1,In Play,1,0,Observed,Observed,Observed,1,1,1
P00034,TOR_20260814_1_PA011,35,1,0,0,0,0,0,0,0,0,8,0,0,0,0,Called Strike,0,0,Observed,Observed,Observed,1,1,1
P00035,TOR_20260814_1_PA011,36,2,0,1,0,0,0,0,0,0,10,0,0,0,0,Swinging Strike,0,0,Observed,Observed,Observed,1,1,1
P00036,TOR_20260814_1_PA011,37,3,0,2,0,0,0,0,0,0,9,0,0,0,0,Ball,0,0,Observed,Observed,Observed,1,1,1
P00037,TOR_20260814_1_PA011,38,4,1,2,0,0,0,0,0,0,9,0,1,0,1,Ball,0,0,Observed,Observed,Observed,1,1,1
P00038,TOR_20260814_1_PA011,39,5,2,2,0,0,0,0,0,0,12,0,0,0,0,In Play,1,0,Observed,Observed,Observed,1,1,1
P00039,TOR_20260814_1_PA012,40,1,0,0,0,0,0,0,0,0,11,0,0,0,0,Called Strike,0,0,Observed,Observed,Observed,1,1,1
P00040,TOR_20260814_1_PA012,41,2,0,1,0,0,0,0,0,0,12,0,0,1,1,Called Strike,0,0,Observed,Observed,Observed,1,1,1
P00041,TOR_20260814_1_PA012,42,3,0,2,0,0,0,0,0,0,11,0,0,1,1,Ball,0,0,Observed,Observed,Observed,1,1,1
P00042,TOR_20260814_1_PA012,43,4,1,2,0,0,0,0,0,0,13,0,0,1,1,Called Strike,1,0,Observed,Observed,Observed,1,1,1
P00043,TOR_20260814_1_PA013,44,1,0,0,0,0,0,0,0,0,15,0,1,0,1,Ball,0,0,Observed,Observed,Observed,1,1,1
P00044,TOR_20260814_1_PA013,45,2,1,0,0,0,0,0,0,0,12,0,1,0,1,Ball,0,0,Observed,Observed,Observed,1,1,1
P00045,TOR_20260814_1_PA013,46,3,2,0,0,0,0,0,0,0,17,0,1,1,2,Called Strike,0,0,Observed,Observed,Observed,1,1,1
P00046,TOR_20260814_1_PA013,47,4,2,1,0,0,0,0,0,0,11,0,2,1,3,Swinging Strike,0,0,Observed,Observed,Observed,1,1,1
P00047,TOR_20260814_1_PA013,48,5,2,2,0,0,0,0,0,0,24,0,2,1,3,Ball,0,0,Observed,Observed,Observed,1,1,1
P00048,TOR_20260814_1_PA013,49,6,3,2,0,0,0,0,0,0,9,0,1,1,2,In Play,1,0,Observed,Observed,Observed,1,1,1
P00049,TOR_20260814_1_PA014,50,1,0,0,0,0,0,0,0,0,10,0,0,0,0,Foul,0,0,Observed,Observed,Observed,1,1,1
P00050,TOR_20260814_1_PA014,51,2,0,1,0,0,0,0,0,0,10,1,1,0,2,In Play,1,0,Observed,Observed,Observed,1,1,1
P00051,TOR_20260814_1_PA015,52,1,0,0,0,0,0,0,0,0,9,0,1,0,1,Called Strike,0,0,Observed,Observed,Observed,1,1,1
P00052,TOR_20260814_1_PA015,53,2,0,1,0,0,0,0,0,0,13,0,1,0,1,Called Strike,0,0,Observed,Observed,Observed,1,1,1
P00053,TOR_20260814_1_PA015,54,3,0,2,0,0,0,0,0,0,12,1,1,1,3,Ball,0,0,Observed,Observed,Observed,1,1,1
P00054,TOR_20260814_1_PA015,55,4,1,2,0,0,0,0,0,0,8,0,1,0,1,Ball,0,0,Observed,Observed,Observed,1,1,1
P00055,TOR_20260814_1_PA015,56,5,2,2,0,0,0,0,0,0,8,0,1,0,1,In Play,1,0,Observed,Observed,Observed,1,1,1
P00056,TOR_20260814_1_PA016,57,1,0,0,1,0,0,0,1,0,11,2,1,0,3,Swinging Strike,0,0,Observed,Observed,Observed,1,1,1
P00057,TOR_20260814_1_PA016,58,2,0,1,1,0,0,0,1,0,12,0,2,0,2,Swinging Strike,0,0,Observed,Observed,Observed,1,1,1
P00058,TOR_20260814_1_PA016,59,3,0,2,1,0,0,0,1,1,30,0,2,0,2,Foul,0,0,Observed,Observed,Observed,1,1,1
P00059,TOR_20260814_1_PA016,60,4,0,2,1,0,0,0,1,0,13,0,1,0,1,Swinging Strike,1,0,Observed,Observed,Observed,1,1,1
P00060,TOR_20260814_1_PA017,61,1,0,0,1,0,0,0,1,0,13,0,0,1,1,Called Strike,0,0,Observed,Observed,Observed,1,1,1
P00061,TOR_20260814_1_PA017,62,2,0,1,1,0,0,0,1,0,12,0,0,1,1,In Play,1,0,Observed,Observed,Observed,1,1,1
P00062,TOR_20260814_1_PA018,63,1,0,0,0,0,0,0,0,0,11,0,0,0,0,Called Strike,0,0,Observed,Observed,Observed,1,1,1
P00063,TOR_20260814_1_PA018,64,2,0,1,0,0,0,0,0,0,14,0,0,0,0,In Play,1,0,Observed,Observed,Observed,1,1,1
P00064,TOR_20260814_1_PA019,65,1,0,0,1,0,0,0,1,1,18,0,0,0,0,Called Strike,0,0,Observed,Observed,Observed,1,1,1
P00065,TOR_20260814_1_PA019,66,2,0,1,1,0,0,0,1,0,17,1,1,1,3,Ball,0,0,Observed,Observed,Observed,1,1,1
P00066,TOR_20260814_1_PA019,67,3,1,1,1,0,0,0,1,0,16,1,1,1,3,Called Strike,0,0,Observed,Observed,Observed,1,1,1
P00067,TOR_20260814_1_PA019,68,4,1,2,1,0,0,0,1,0,12,1,1,1,3,In Play,1,0,Observed,Observed,Observed,1,1,1
P00068,TOR_20260814_1_PA020,69,1,0,0,1,0,0,0,1,0,14,0,0,0,0,Called Strike,0,0,Observed,Observed,Observed,1,1,1
P00069,TOR_20260814_1_PA020,70,2,0,1,1,0,0,0,1,0,11,0,0,0,0,Ball,0,0,Observed,Observed,Observed,1,1,1
P00070,TOR_20260814_1_PA020,71,3,1,1,1,0,0,0,1,0,11,0,1,1,2,Called Strike,0,0,Observed,Observed,Observed,1,1,1
P00071,TOR_20260814_1_PA020,72,4,1,2,1,0,0,0,1,0,13,0,1,0,1,Ball,0,0,Observed,Observed,Observed,1,1,1
P00072,TOR_20260814_1_PA020,73,5,2,2,1,0,0,0,1,0,15,0,1,0,1,Ball,0,0,Observed,Observed,Observed,1,1,1
P00073,TOR_20260814_1_PA020,74,6,3,2,1,0,0,0,1,1,91,0,0,0,0,In Play,1,1,Observed,Observed,Observed,1,1,1
P00074,TOR_20260814_1_PA021,75,1,0,0,1,1,0,1,2,0,20,0,1,1,2,Ball,0,0,Observed,Observed,Observed,1,1,1
P00075,TOR_20260814_1_PA021,76,2,1,0,1,1,0,1,2,0,16,0,0,1,1,Ball,0,0,Observed,Observed,Observed,1,1,1
P00076,TOR_20260814_1_PA021,77,3,2,0,1,1,0,1,2,0,16,0,0,1,1,Called Strike,0,0,Observed,Observed,Observed,1,1,1
P00077,TOR_20260814_1_PA021,78,4,2,1,1,1,0,1,2,0,11,0,0,1,1,Ball,0,0,Observed,Observed,Observed,1,1,1
P00078,TOR_20260814_1_PA021,79,5,3,1,1,1,0,1,2,0,12,0,0,1,1,In Play,1,0,Observed,Observed,Observed,1,1,1
P00079,TOR_20260814_1_PA022,80,1,0,0,0,1,0,1,1,0,11,0,1,1,2,In Play,1,0,Observed,Observed,Observed,1,1,1
P00080,TOR_20260814_1_PA023,81,1,0,0,1,0,0,0,1,0,8,0,0,0,0,Called Strike,0,0,Observed,Observed,Observed,1,1,1
P00081,TOR_20260814_1_PA023,82,2,0,1,1,0,0,0,1,0,8,0,0,0,0,Foul,0,0,Observed,Observed,Observed,1,1,1
P00082,TOR_20260814_1_PA023,83,3,0,2,1,0,0,0,1,0,19,0,0,0,0,Ball,0,0,Observed,Observed,Observed,1,1,1
P00083,TOR_20260814_1_PA023,84,4,1,2,1,0,0,0,1,0,11,1,0,0,1,Ball,0,0,Observed,Observed,Observed,1,1,1
P00084,TOR_20260814_1_PA023,85,5,2,2,1,0,0,0,1,0,14,1,1,0,2,Foul,0,0,Observed,Observed,Observed,1,1,1
P00085,TOR_20260814_1_PA023,86,6,2,2,1,0,0,0,1,0,16,1,1,0,2,Foul,0,0,Observed,Observed,Observed,1,1,1
P00086,TOR_20260814_1_PA023,87,7,2,2,1,0,0,0,1,0,15,1,0,0,1,Called Strike,1,0,Observed,Observed,Observed,1,1,1
P00087,TOR_20260814_1_PA024,88,1,0,0,0,0,0,0,0,0,18,0,1,0,1,Ball,0,0,Observed,Observed,Observed,1,1,1
P00088,TOR_20260814_1_PA024,89,2,1,0,0,0,0,0,0,0,12,0,2,0,2,Ball,0,0,Observed,Observed,Observed,1,1,1
P00089,TOR_20260814_1_PA024,90,3,2,0,0,0,0,0,0,0,15,0,1,1,2,Ball,0,0,Observed,Observed,Observed,1,1,1
P00090,TOR_20260814_1_PA024,91,4,3,0,0,0,0,0,0,0,11,0,1,0,1,Called Strike,0,0,Observed,Observed,Observed,1,1,1
P00091,TOR_20260814_1_PA024,92,5,3,1,0,0,0,0,0,0,13,0,1,0,1,Foul,0,0,Observed,Observed,Observed,1,1,1
P00092,TOR_20260814_1_PA024,93,6,3,2,0,0,0,0,0,0,11,0,1,0,1,Foul,0,0,Observed,Observed,Observed,1,1,1
P00093,TOR_20260814_1_PA024,94,7,3,2,0,0,0,0,0,0,14,0,1,0,1,Foul,0,0,Observed,Observed,Observed,1,1,1
P00094,TOR_20260814_1_PA024,95,8,3,2,0,0,0,0,0,0,15,0,2,0,2,In Play,1,0,Observed,Observed,Observed,1,1,1
P00095,TOR_20260814_1_PA025,96,1,0,0,0,0,0,0,0,1,111,0,0,0,0,Called Strike,0,1,Observed,Observed,Observed,1,1,1
P00096,TOR_20260814_1_PA025,97,2,0,1,0,0,0,0,0,0,13,1,1,1,3,Ball,0,0,Observed,Observed,Observed,1,1,1
P00097,TOR_20260814_1_PA025,98,3,1,1,0,0,0,0,0,0,15,0,1,0,1,Foul,0,0,Observed,Observed,Observed,1,1,1
P00098,TOR_20260814_1_PA025,99,4,1,2,0,0,0,0,0,0,19,0,0,0,0,Swinging Strike,1,0,Observed,Observed,Observed,1,1,1
P00099,TOR_20260814_1_PA026,100,1,0,0,0,0,0,0,0,0,8,0,0,0,0,Foul,0,0,Observed,Observed,Observed,1,1,1
P00100,TOR_20260814_1_PA026,101,2,0,1,0,0,0,0,0,0,10,0,1,1,2,In Play,1,0,Observed,Observed,Observed,1,1,1
P00101,TOR_20260814_1_PA027,102,1,0,0,1,0,0,0,1,0,11,0,0,0,0,Ball,0,0,Observed,Observed,Observed,1,1,1
P00102,TOR_20260814_1_PA027,103,2,1,0,1,0,0,0,1,0,11,0,0,0,0,In Play,1,0,Observed,Observed,Observed,1,1,1
P00103,TOR_20260814_1_PA028,104,1,0,0,1,1,0,1,2,0,19,0,1,1,2,Called Strike,0,0,Observed,Observed,Observed,1,1,1
P00104,TOR_20260814_1_PA028,105,2,0,1,1,1,0,1,2,0,19,0,1,1,2,Swinging Strike,0,0,Observed,Observed,Observed,1,1,1
P00105,TOR_20260814_1_PA028,106,3,0,2,1,1,0,1,2,0,21,0,1,1,2,Ball,0,0,Observed,Observed,Observed,1,1,1
P00106,TOR_20260814_1_PA028,107,4,1,2,1,1,0,1,2,1,114,0,1,1,2,Ball,0,1,Observed,Observed,Observed,1,1,1
P00107,TOR_20260814_1_PA028,108,5,2,2,1,1,0,1,2,0,18,1,1,1,3,Ball,0,0,Observed,Observed,Observed,1,1,1
P00108,TOR_20260814_1_PA028,109,6,3,2,1,1,0,1,2,0,20,1,1,1,3,In Play,1,0,Observed,Observed,Observed,1,1,1
P00109,TOR_20260814_1_PA029,110,1,0,0,0,0,0,0,0,0,12,0,0,0,0,Ball,0,0,Observed,Observed,Observed,1,1,1
P00110,TOR_20260814_1_PA029,111,2,1,0,0,0,0,0,0,0,12,0,0,1,1,Foul,0,0,Observed,Observed,Observed,1,1,1
P00111,TOR_20260814_1_PA029,112,3,1,1,0,0,0,0,0,0,15,0,0,1,1,Swinging Strike,0,0,Observed,Observed,Observed,1,1,1
P00112,TOR_20260814_1_PA029,113,4,1,2,0,0,0,0,0,0,16,0,0,1,1,Foul,0,0,Observed,Observed,Observed,1,1,1
P00113,TOR_20260814_1_PA029,114,5,1,2,0,0,0,0,0,0,18,0,0,1,1,Foul,0,0,Observed,Observed,Observed,1,1,1
P00114,TOR_20260814_1_PA029,115,6,1,2,0,0,0,0,0,0,19,0,0,1,1,Swinging Strike,1,0,Observed,Observed,Observed,1,1,1
P00115,TOR_20260814_1_PA030,116,1,0,0,0,0,0,0,0,0,11,0,0,1,1,Called Strike,0,0,Observed,Observed,Observed,1,1,1
P00116,TOR_20260814_1_PA030,117,2,0,1,0,0,0,0,0,0,9,0,0,1,1,Foul,0,0,Observed,Observed,Observed,1,1,1
P00117,TOR_20260814_1_PA030,118,3,0,2,0,0,0,0,0,0,23,0,0,1,1,Called Strike,1,0,Observed,Observed,Observed,1,1,1
P00118,TOR_20260814_1_PA031,119,1,0,0,0,0,0,0,0,0,14,0,0,1,1,Called Strike,0,0,Observed,Observed,Observed,1,1,1
P00119,TOR_20260814_1_PA031,120,2,0,1,0,0,0,0,0,0,10,0,0,1,1,In Play,1,0,Observed,Observed,Observed,1,1,1
P00120,TOR_20260814_1_PA032,121,1,0,0,0,0,0,0,0,0,9,0,1,0,1,In Play,1,0,Observed,Observed,Observed,1,1,1
P00121,TOR_20260815_1_PA001,122,1,0,0,0,0,0,0,0,0,6,0,0,0,0,Called Strike,0,0,Observed,Observed,Observed,1,1,1
P00122,TOR_20260815_1_PA001,123,2,0,1,0,0,0,0,0,0,7,0,0,0,0,Ball,0,0,Observed,Observed,Observed,1,1,1
P00123,TOR_20260815_1_PA001,124,3,1,1,0,0,0,0,0,0,8,0,0,0,0,Ball,0,0,Observed,Observed,Observed,1,1,1
P00124,TOR_20260815_1_PA001,125,4,2,1,0,0,0,0,0,0,7,0,0,0,0,In Play,1,0,Observed,Observed,Observed,1,1,1
P00125,TOR_20260815_1_PA002,126,1,0,0,1,0,0,0,1,0,7,0,0,0,0,Called Strike,0,0,Observed,Observed,Observed,1,1,1
P00126,TOR_20260815_1_PA002,127,2,0,1,1,0,0,0,1,0,7,1,1,1,3,In Play,1,0,Observed,Observed,Observed,1,1,1
P00127,TOR_20260815_1_PA003,128,1,0,0,0,1,0,1,1,0,11,0,0,2,2,Called Strike,0,0,Observed,Observed,Observed,1,1,1
P00128,TOR_20260815_1_PA003,129,2,0,1,0,1,0,1,1,0,18,0,2,2,4,Called Strike,0,0,Observed,Observed,Observed,1,1,1
P00129,TOR_20260815_1_PA003,130,3,0,2,0,1,0,1,1,0,21,0,0,2,2,Ball,0,0,Observed,Observed,Observed,1,1,1
P00130,TOR_20260815_1_PA003,131,4,1,2,0,1,0,1,1,1,40,0,0,2,2,In Play,1,0,Observed,Observed,Observed,1,1,1
P00131,TOR_20260815_1_PA004,132,1,0,0,0,1,0,1,1,0,15,0,0,0,0,Ball,0,0,Observed,Observed,Observed,1,1,1
P00132,TOR_20260815_1_PA004,133,2,1,0,0,1,0,1,1,0,20,0,0,0,0,Ball,0,0,Observed,Observed,Observed,1,1,1
P00133,TOR_20260815_1_PA004,134,3,2,0,0,1,0,1,1,0,18,0,4,0,4,Foul,0,0,Observed,Observed,Observed,1,1,1
P00134,TOR_20260815_1_PA004,135,4,2,1,0,1,0,1,1,0,17,0,3,0,3,Ball,0,0,Observed,Observed,Observed,1,1,1
P00135,TOR_20260815_1_PA004,136,5,3,1,0,1,0,1,1,0,20,0,1,0,1,Ball,1,0,Observed,Observed,Observed,1,1,1
P00136,TOR_20260815_1_PA005,137,1,0,0,1,1,0,1,2,0,25,0,0,0,0,Swinging Strike,0,0,Observed,Observed,Observed,1,1,1
P00137,TOR_20260815_1_PA005,138,2,0,1,1,1,0,1,2,0,20,0,1,0,1,Ball,0,0,Observed,Observed,Observed,1,1,1
P00138,TOR_20260815_1_PA005,139,3,1,1,1,1,0,1,2,0,21,2,2,0,4,Called Strike,0,0,Observed,Observed,Observed,1,1,1
P00139,TOR_20260815_1_PA005,140,4,1,2,1,1,0,1,2,0,20,0,1,0,1,Swinging Strike,1,0,Observed,Observed,Observed,1,1,1
P00140,TOR_20260815_1_PA006,141,1,0,0,0,0,0,0,0,0,10,0,0,0,0,Ball,0,0,Observed,Observed,Observed,1,1,1
P00141,TOR_20260815_1_PA006,142,2,1,0,0,0,0,0,0,0,9,0,1,1,2,Foul,0,0,Observed,Observed,Observed,1,1,1
P00142,TOR_20260815_1_PA006,143,3,1,1,0,0,0,0,0,0,20,1,0,2,3,Swinging Strike,0,0,Observed,Observed,Observed,1,1,1
P00143,TOR_20260815_1_PA006,144,4,1,2,0,0,0,0,0,0,24,1,0,2,3,In Play,1,0,Observed,Observed,Observed,1,1,1
P00144,TOR_20260815_1_PA007,145,1,0,0,0,0,0,0,0,0,20,0,0,5,5,Ball,0,0,Observed,Observed,Observed,1,1,1
P00145,TOR_20260815_1_PA007,146,2,1,0,0,0,0,0,0,0,14,0,0,0,0,Called Strike,0,0,Observed,Observed,Observed,1,1,1
P00146,TOR_20260815_1_PA007,147,3,1,1,0,0,0,0,0,0,17,0,0,0,0,Foul,0,0,Observed,Observed,Observed,1,1,1
P00147,TOR_20260815_1_PA007,148,4,1,2,0,0,0,0,0,0,27,0,1,2,3,Ball,0,0,Observed,Observed,Observed,1,1,1
P00148,TOR_20260815_1_PA007,149,5,2,2,0,0,0,0,0,0,19,0,1,2,3,Swinging Strike,1,0,Observed,Observed,Observed,1,1,1
P00149,TOR_20260815_1_PA008,150,1,0,0,0,0,0,0,0,0,24,0,0,3,3,Called Strike,0,0,Observed,Observed,Observed,1,1,1
P00150,TOR_20260815_1_PA008,151,2,0,1,0,0,0,0,0,0,20,0,0,3,3,Ball,0,0,Observed,Observed,Observed,1,1,1
P00151,TOR_20260815_1_PA008,152,3,1,1,0,0,0,0,0,0,27,0,1,3,4,Ball,0,0,Observed,Observed,Observed,1,1,1
P00152,TOR_20260815_1_PA008,153,4,2,1,0,0,0,0,0,0,18,0,0,3,3,Called Strike,0,0,Observed,Observed,Observed,1,1,1
P00153,TOR_20260815_1_PA008,154,5,2,2,0,0,0,0,0,0,21,0,0,3,3,Swinging Strike,1,0,Observed,Observed,Observed,1,1,1
P00154,TOR_20260815_1_PA009,155,1,0,0,0,0,0,0,0,0,12,0,0,2,2,Called Strike,0,0,Observed,Observed,Observed,1,1,1
P00155,TOR_20260815_1_PA009,156,2,0,1,0,0,0,0,0,0,17,0,1,2,3,In Play,1,0,Observed,Observed,Observed,1,1,1
P00156,TOR_20260815_1_PA010,157,1,0,0,0,0,0,0,0,0,8,0,0,0,0,Ball,0,0,Observed,Observed,Observed,1,1,1
P00157,TOR_20260815_1_PA010,158,2,1,0,0,0,0,0,0,0,11,0,0,0,0,Ball,0,0,Observed,Observed,Observed,1,1,1
P00158,TOR_20260815_1_PA010,159,3,2,0,0,0,0,0,0,0,10,0,0,1,1,Foul,0,0,Observed,Observed,Observed,1,1,1
P00159,TOR_20260815_1_PA010,160,4,2,1,0,0,0,0,0,0,14,1,0,0,1,Ball,0,0,Observed,Observed,Observed,1,1,1
P00160,TOR_20260815_1_PA010,161,5,3,1,0,0,0,0,0,0,16,0,0,0,0,Called Strike,0,0,Observed,Observed,Observed,1,1,1
P00161,TOR_20260815_1_PA010,162,6,3,2,0,0,0,0,0,0,11.8,0,0,0,0,Ball,1,0,Calculated,Observed,Observed,0,1,0
P00162,TOR_20260815_1_PA011,163,1,0,0,1,0,0,0,1,1,45,1,1,1,3,Ball,0,0,Observed,Observed,Observed,1,1,1
P00163,TOR_20260815_1_PA011,164,2,1,0,1,0,0,0,1,0,17,0,1,0,1,Foul,0,0,Observed,Observed,Observed,1,1,1
P00164,TOR_20260815_1_PA011,165,3,1,1,1,0,0,0,1,0,25,1,1,0,2,Ball,0,0,Observed,Observed,Observed,1,1,1
P00165,TOR_20260815_1_PA011,166,4,2,1,1,0,0,0,1,0,23,1,1,1,3,Ball,0,0,Observed,Observed,Observed,1,1,1
P00166,TOR_20260815_1_PA011,167,5,3,1,1,0,0,0,1,0,23,1,1,1,3,In Play,1,0,Observed,Observed,Observed,1,1,1
P00167,TOR_20260815_1_PA012,168,1,0,0,1,1,0,1,2,0,25,0,2,3,5,Ball,0,0,Observed,Observed,Observed,1,1,1
P00168,TOR_20260815_1_PA012,169,2,1,0,1,1,0,1,2,0,17,0,2,2,4,Foul,0,0,Observed,Observed,Observed,1,1,1
P00169,TOR_20260815_1_PA012,170,3,1,1,1,1,0,1,2,0,19,0,0,2,2,Ball,0,0,Observed,Observed,Observed,1,1,1
P00170,TOR_20260815_1_PA012,171,4,2,1,1,1,0,1,2,0,23,0,0,2,2,In Play,1,0,Observed,Observed,Observed,1,1,1
P00171,TOR_20260815_1_PA013,172,1,0,0,1,0,1,1,2,0,24,0,1,1,2,Foul,0,0,Observed,Observed,Observed,1,1,1
P00172,TOR_20260815_1_PA013,173,2,0,1,1,0,1,1,2,0,25,0,1,1,2,Swinging Strike,0,0,Observed,Observed,Observed,1,1,1
P00173,TOR_20260815_1_PA013,174,3,0,2,1,0,1,1,2,0,21,1,2,0,3,Ball,0,0,Observed,Observed,Observed,1,1,1
P00174,TOR_20260815_1_PA013,175,4,1,2,1,0,1,1,2,0,17,0,1,0,1,Swinging Strike,1,0,Observed,Observed,Observed,1,1,1
P00175,TOR_20260815_1_PA014,176,1,0,0,1,0,1,1,2,0,20,0,0,0,0,Ball,0,0,Observed,Observed,Observed,1,1,1
P00176,TOR_20260815_1_PA014,177,2,1,0,1,0,1,1,2,0,16,0,2,0,2,Ball,0,0,Observed,Observed,Observed,1,1,1
P00177,TOR_20260815_1_PA014,178,3,2,0,1,0,1,1,2,0,12,0,1,1,2,Ball,0,0,Observed,Observed,Observed,1,1,1
P00178,TOR_20260815_1_PA014,179,4,3,0,1,0,1,1,2,0,17,0,1,0,1,Called Strike,0,0,Observed,Observed,Observed,1,1,1
P00179,TOR_20260815_1_PA014,180,5,3,1,1,0,1,1,2,0,16,0,0,0,0,Foul,1,0,Observed,Observed,Observed,1,1,1
P00180,TOR_20260815_1_PA015,181,1,0,0,0,0,0,0,0,0,14,0,0,1,1,Ball,0,0,Observed,Observed,Observed,1,1,1
P00181,TOR_20260815_1_PA015,182,2,1,0,0,0,0,0,0,0,14,0,0,1,1,Foul,0,0,Observed,Observed,Observed,1,1,1
P00182,TOR_20260815_1_PA015,183,3,1,1,0,0,0,0,0,0,15,1,0,1,2,Ball,0,0,Observed,Observed,Observed,1,1,1
P00183,TOR_20260815_1_PA015,184,4,2,1,0,0,0,0,0,0,15,0,0,1,1,In Play,1,0,Observed,Observed,Observed,1,1,1
P00184,TOR_20260815_1_PA016,185,1,0,0,0,0,0,0,0,0,9,0,0,2,2,Ball,0,0,Observed,Observed,Observed,1,1,1
P00185,TOR_20260815_1_PA016,186,2,1,0,0,0,0,0,0,0,10,0,0,1,1,Ball,0,0,Observed,Observed,Observed,1,1,1
P00186,TOR_20260815_1_PA016,187,3,2,0,0,0,0,0,0,0,13,0,0,1,1,Ball,0,0,Observed,Observed,Observed,1,1,1
P00187,TOR_20260815_1_PA016,188,4,3,0,0,0,0,0,0,0,14,0,0,1,1,Called Strike,0,0,Observed,Observed,Observed,1,1,1
P00188,TOR_20260815_1_PA016,189,5,3,1,0,0,0,0,0,0,15,0,0,2,2,Foul,0,0,Observed,Observed,Observed,1,1,1
P00189,TOR_20260815_1_PA016,190,6,3,2,0,0,0,0,0,0,22,0,1,1,2,Swinging Strike,1,0,Observed,Observed,Observed,1,1,1
P00190,TOR_20260815_1_PA017,191,1,0,0,0,0,0,0,0,0,13,0,0,1,1,Called Strike,0,0,Observed,Observed,Observed,1,1,1
P00191,TOR_20260815_1_PA017,192,2,0,1,0,0,0,0,0,0,16,0,0,1,1,Ball,0,0,Observed,Observed,Observed,1,1,1
P00192,TOR_20260815_1_PA017,193,3,1,1,0,0,0,0,0,0,16,0,1,1,2,Foul,0,0,Observed,Observed,Observed,1,1,1
P00193,TOR_20260815_1_PA017,194,4,1,2,0,0,0,0,0,0,16,0,1,1,2,Ball,0,0,Observed,Observed,Observed,1,1,1
P00194,TOR_20260815_1_PA017,195,5,2,2,0,0,0,0,0,0,19,0,0,1,1,Ball,0,0,Observed,Observed,Observed,1,1,1
P00195,TOR_20260815_1_PA017,196,6,3,2,0,0,0,0,0,1,36,0,0,1,1,Swinging Strike,1,0,Observed,Observed,Observed,1,1,1
P00196,TOR_20260815_1_PA018,197,1,0,0,0,0,0,0,0,0,7,0,0,0,0,Ball,0,0,Observed,Observed,Observed,1,1,1
P00197,TOR_20260815_1_PA018,198,2,1,0,0,0,0,0,0,0,13,0,0,1,1,Called Strike,0,0,Observed,Observed,Observed,1,1,1
P00198,TOR_20260815_1_PA018,199,3,1,1,0,0,0,0,0,0,14,0,0,1,1,Swinging Strike,0,0,Observed,Observed,Observed,1,1,1
P00199,TOR_20260815_1_PA018,200,4,1,2,0,0,0,0,0,0,12,0,0,1,1,Called Strike,1,0,Observed,Observed,Observed,1,1,1
P00200,TOR_20260815_1_PA019,201,1,0,0,0,0,0,0,0,0,9,0,0,0,0,Ball,0,0,Observed,Observed,Observed,1,1,1
P00201,TOR_20260815_1_PA019,202,2,1,0,0,0,0,0,0,0,16,0,1,1,2,Foul,0,0,Observed,Observed,Observed,1,1,1
P00202,TOR_20260815_1_PA019,203,3,1,1,0,0,0,0,0,0,16,0,0,0,0,In Play,1,0,Observed,Observed,Observed,1,1,1
P00203,TOR_20260815_1_PA020,204,1,0,0,0,0,0,0,0,0,21,0,2,0,2,In Play,1,0,Observed,Observed,Observed,1,1,1
P00204,TOR_20260815_1_PA021,205,1,0,0,0,0,0,0,0,0,12,1,1,2,4,Foul,0,0,Observed,Observed,Observed,1,1,1
P00205,TOR_20260815_1_PA021,206,2,0,1,0,0,0,0,0,0,11,0,1,0,1,Ball,0,0,Observed,Observed,Observed,1,1,1
P00206,TOR_20260815_1_PA021,207,3,1,1,0,0,0,0,0,0,21,0,1,2,3,Ball,0,0,Observed,Observed,Observed,1,1,1
P00207,TOR_20260815_1_PA021,208,4,2,1,0,0,0,0,0,0,15,0,1,2,3,Foul,0,0,Observed,Observed,Observed,1,1,1
P00208,TOR_20260815_1_PA021,209,5,2,2,0,0,0,0,0,0,29,0,1,2,3,In Play,1,0,Observed,Observed,Observed,1,1,1
P00209,TOR_20260815_1_PA022,210,1,0,0,0,0,0,0,0,0,24,0,1,0,1,Ball,0,0,Observed,Observed,Observed,1,1,1
P00210,TOR_20260815_1_PA022,211,2,1,0,0,0,0,0,0,0,14,0,1,2,3,Ball,0,0,Observed,Observed,Observed,1,1,1
P00211,TOR_20260815_1_PA022,212,3,2,0,0,0,0,0,0,0,17,0,0,0,0,Called Strike,0,0,Observed,Observed,Observed,1,1,1
P00212,TOR_20260815_1_PA022,213,4,2,1,0,0,0,0,0,0,13,0,1,0,1,Swinging Strike,0,0,Observed,Observed,Observed,1,1,1
P00213,TOR_20260815_1_PA022,214,5,2,2,0,0,0,0,0,0,18,0,2,0,2,Ball,0,0,Observed,Observed,Observed,1,1,1
P00214,TOR_20260815_1_PA022,215,6,3,2,0,0,0,0,0,0,14,0,2,0,2,Ball,1,0,Observed,Observed,Observed,1,1,1
P00215,TOR_20260815_1_PA023,216,1,0,0,1,0,0,0,1,0,12,0,1,0,1,Ball,0,0,Observed,Observed,Observed,1,1,1
P00216,TOR_20260815_1_PA023,217,2,1,0,1,0,0,0,1,0,12,0,2,0,2,Called Strike,0,0,Observed,Observed,Observed,1,1,1
P00217,TOR_20260815_1_PA023,218,3,1,1,1,0,0,0,1,0,14,0,2,0,2,Swinging Strike,0,0,Observed,Observed,Observed,1,1,1
P00218,TOR_20260815_1_PA023,219,4,1,2,1,0,0,0,1,0,21,0,2,0,2,In Play,1,0,Observed,Observed,Observed,1,1,1
P00219,TOR_20260815_1_PA024,220,1,0,0,1,1,0,1,2,0,12,0,1,0,1,Swinging Strike,0,0,Observed,Observed,Observed,1,1,1
P00220,TOR_20260815_1_PA024,221,2,0,1,1,1,0,1,2,0,14,0,0,1,1,Foul,0,0,Observed,Observed,Observed,1,1,1
P00221,TOR_20260815_1_PA024,222,3,0,2,1,1,0,1,2,0,24,0,1,1,2,Ball,0,0,Observed,Observed,Observed,1,1,1
P00222,TOR_20260815_1_PA024,223,4,1,2,1,1,0,1,2,0,16,0,1,0,1,Swinging Strike,1,0,Observed,Observed,Observed,1,1,1
P00223,TOR_20260815_1_PA025,224,1,0,0,1,1,0,1,2,0,17,0,1,0,1,Foul,0,0,Observed,Observed,Observed,1,1,1
P00224,TOR_20260815_1_PA025,225,2,0,1,1,1,0,1,2,0,19,0,1,1,2,Swinging Strike,0,0,Observed,Observed,Observed,1,1,1
P00225,TOR_20260815_1_PA025,226,3,0,2,1,1,0,1,2,0,15,0,1,1,2,Ball,0,0,Observed,Observed,Observed,1,1,1
P00226,TOR_20260815_1_PA025,227,4,1,2,1,1,0,1,2,0,17,0,1,1,2,Foul,0,0,Observed,Observed,Observed,1,1,1
P00227,TOR_20260815_1_PA025,228,5,1,2,1,1,0,1,2,0,20,0,1,1,2,Foul,0,0,Observed,Observed,Observed,1,1,1
P00228,TOR_20260815_1_PA025,229,6,1,2,1,1,0,1,2,0,26,0,1,1,2,Ball,0,0,Observed,Observed,Observed,1,1,1
P00229,TOR_20260815_1_PA025,230,7,2,2,1,1,0,1,2,0,23,0,1,1,2,Foul,0,0,Observed,Observed,Observed,1,1,1
P00230,TOR_20260815_1_PA025,231,8,2,2,1,1,0,1,2,0,17,0,0,1,1,In Play,1,0,Observed,Observed,Observed,1,1,1
P00231,TOR_20260815_1_PA026,232,1,0,0,0,0,0,0,0,0,13,0,0,0,0,In Play,1,0,Observed,Observed,Observed,1,1,1
P00232,TOR_20260815_1_PA027,233,1,0,0,1,0,0,0,1,0,7,0,0,2,2,Foul,0,0,Observed,Observed,Observed,1,1,1
P00233,TOR_20260815_1_PA027,234,2,0,1,1,0,0,0,1,0,15,0,0,2,2,Ball,0,0,Observed,Observed,Observed,1,1,1
P00234,TOR_20260815_1_PA027,235,3,1,1,1,0,0,0,1,0,14,0,0,2,2,Ball,0,0,Observed,Observed,Observed,1,1,1
P00235,TOR_20260815_1_PA027,236,4,2,1,1,0,0,0,1,0,15,0,0,2,2,In Play,1,0,Observed,Observed,Observed,1,1,1
P00236,TOR_20260815_1_PA028,237,1,0,0,0,1,0,1,1,0,12,0,0,0,0,Ball,0,0,Observed,Observed,Observed,1,1,1
P00237,TOR_20260815_1_PA028,238,2,1,0,0,1,0,1,1,0,15,0,0,0,0,In Play,1,0,Observed,Observed,Observed,1,1,1
P00238,TOR_20260815_1_PA029,239,1,0,0,1,0,1,1,2,0,18,0,0,2,2,In Play,1,0,Observed,Observed,Observed,1,1,1
P00239,TOR_20260815_1_PA030,240,1,0,0,1,1,1,1,3,0,12,0,0,0,0,Foul,0,0,Observed,Observed,Observed,1,1,1
P00240,TOR_20260815_1_PA030,241,2,0,1,1,1,1,1,3,0,16,1,1,1,3,Called Strike,0,0,Observed,Observed,Observed,1,1,1
P00241,TOR_20260815_1_PA030,242,3,0,2,1,1,1,1,3,0,18,0,1,1,2,Ball,0,0,Observed,Observed,Observed,1,1,1
P00242,TOR_20260815_1_PA030,243,4,1,2,1,1,1,1,3,0,23,1,0,0,1,Foul,0,0,Observed,Observed,Observed,1,1,1
P00243,TOR_20260815_1_PA030,244,5,1,2,1,1,1,1,3,0,23,0,1,1,2,Foul,0,0,Observed,Observed,Observed,1,1,1
P00244,TOR_20260815_1_PA030,245,6,1,2,1,1,1,1,3,0,19,0,1,1,2,Ball,0,0,Observed,Observed,Observed,1,1,1
P00245,TOR_20260815_1_PA030,246,7,2,2,1,1,1,1,3,0,15,0,0,2,2,Foul,0,0,Observed,Observed,Observed,1,1,1
P00246,TOR_20260815_1_PA030,247,8,2,2,1,1,1,1,3,0,9,0,0,2,2,Swinging Strike,1,0,Observed,Observed,Observed,1,1,1
P00247,TOR_20260815_1_PA031,248,1,0,0,1,1,1,1,3,0,16,0,2,0,2,Foul,0,0,Observed,Observed,Observed,1,1,1
P00248,TOR_20260815_1_PA031,249,2,0,1,1,1,1,1,3,0,17,1,2,0,3,Foul,0,0,Observed,Observed,Observed,1,1,1
P00249,TOR_20260815_1_PA031,250,3,0,2,1,1,1,1,3,0,17,0,1,0,1,Ball,0,0,Observed,Observed,Observed,1,1,1
P00250,TOR_20260815_1_PA031,251,4,1,2,1,1,1,1,3,0,17,1,1,0,2,In Play,1,0,Observed,Observed,Observed,1,1,1
P00251,TOR_20260815_1_PA032,252,1,0,0,0,0,0,0,0,0,14,0,0,0,0,Called Strike,0,0,Observed,Observed,Observed,1,1,1
P00252,TOR_20260815_1_PA032,253,2,0,1,0,0,0,0,0,0,14,0,1,2,3,Foul,0,0,Observed,Observed,Observed,1,1,1
P00253,TOR_20260815_1_PA032,254,3,0,2,0,0,0,0,0,0,15,1,1,2,4,In Play,1,0,Observed,Observed,Observed,1,1,1
P00254,TOR_20260815_1_PA033,255,1,0,0,1,0,0,0,1,0,15,0,0,0,0,Ball,0,0,Observed,Observed,Observed,1,1,1
P00255,TOR_20260815_1_PA033,256,2,1,0,1,0,0,0,1,0,20,0,0,1,1,Called Strike,0,0,Observed,Observed,Observed,1,1,1
P00256,TOR_20260815_1_PA033,257,3,1,1,1,0,0,0,1,0,22,0,0,1,1,Foul,0,0,Observed,Observed,Observed,1,1,1
P00257,TOR_20260815_1_PA033,258,4,1,2,1,0,0,0,1,0,19,1,0,1,2,Foul,0,0,Observed,Observed,Observed,1,1,1
P00258,TOR_20260815_1_PA033,259,5,1,2,1,0,0,0,1,0,20,1,0,0,1,Ball,0,0,Observed,Observed,Observed,1,1,1
P00259,TOR_20260815_1_PA033,260,6,2,2,1,0,0,0,1,0,18,0,0,1,1,Foul,0,0,Observed,Observed,Observed,1,1,1
P00260,TOR_20260815_1_PA033,261,7,2,2,1,0,0,0,1,0,11,1,0,1,2,Foul,0,0,Observed,Observed,Observed,1,1,1
P00261,TOR_20260815_1_PA033,262,8,2,2,1,0,0,0,1,0,12,0,0,2,2,Foul,0,0,Observed,Observed,Observed,1,1,1
P00262,TOR_20260815_1_PA033,263,9,2,2,1,0,0,0,1,0,13,0,0,2,2,HBP,1,0,Observed,Observed,Observed,1,1,1
P00263,TOR_20260815_1_PA034,264,1,0,0,1,1,0,1,2,0,11,0,0,0,0,Foul,0,0,Observed,Observed,Observed,1,1,1
P00264,TOR_20260815_1_PA034,265,2,0,1,1,1,0,1,2,0,9,0,1,0,1,Ball,0,0,Observed,Observed,Observed,1,1,1
P00265,TOR_20260815_1_PA034,266,3,1,1,1,1,0,1,2,0,10,0,0,0,0,Ball,0,0,Observed,Observed,Observed,1,1,1
P00266,TOR_20260815_1_PA034,267,4,2,1,1,1,0,1,2,0,11,0,0,0,0,In Play,1,0,Observed,Observed,Observed,1,1,1
P00267,TOR_20260815_1_PA035,268,1,0,0,1,1,1,1,3,0,11,0,0,2,2,Ball,0,0,Observed,Observed,Observed,1,1,1
P00268,TOR_20260815_1_PA035,269,2,1,0,1,1,1,1,3,0,12,0,0,2,2,Ball,0,0,Observed,Observed,Observed,1,1,1
P00269,TOR_20260815_1_PA035,270,3,2,0,1,1,1,1,3,0,14,0,1,2,3,Ball,0,0,Observed,Observed,Observed,1,1,1
P00270,TOR_20260815_1_PA035,271,4,3,0,1,1,1,1,3,0,16,0,0,2,2,Called Strike,0,0,Observed,Observed,Observed,1,1,1
P00271,TOR_20260815_1_PA035,272,5,3,1,1,1,1,1,3,0,13,0,0,2,2,Foul,0,0,Observed,Observed,Observed,1,1,1
P00272,TOR_20260815_1_PA035,273,6,3,2,1,1,1,1,3,0,21,0,0,2,2,In Play,1,0,Observed,Observed,Observed,1,1,1
P00273,TOR_20260815_1_PA036,274,1,0,0,1,1,1,1,3,0,11,0,0,0,0,Called Strike,0,0,Observed,Observed,Observed,1,1,1
P00274,TOR_20260815_1_PA036,275,2,0,1,1,1,1,1,3,0,9,0,0,0,0,Ball,0,0,Observed,Observed,Observed,1,1,1
P00275,TOR_20260815_1_PA036,276,3,1,1,1,1,1,1,3,0,12,0,0,0,0,Foul,0,0,Observed,Observed,Observed,1,1,1
P00276,TOR_20260815_1_PA036,277,4,1,2,1,1,1,1,3,0,12,0,0,0,0,In Play,1,0,Observed,Observed,Observed,1,1,1
P00277,TOR_20260815_1_PA037,278,1,0,0,1,1,1,1,3,0,10,1,1,1,3,In Play,1,0,Observed,Observed,Observed,1,1,1
P00278,TOR_20260815_1_PA038,279,1,0,0,1,1,1,1,3,0,17,0,1,0,1,In Play,1,0,Observed,Observed,Observed,1,1,1
P00279,TOR_20260816_1_PA001,280,1,0,0,0,0,0,0,0,0,10,0,0,0,0,Ball,0,0,Observed,Observed,Observed,1,1,1
P00280,TOR_20260816_1_PA001,281,2,1,0,0,0,0,0,0,0,11,0,0,0,0,In Play,1,0,Observed,Observed,Observed,1,1,1
P00281,TOR_20260816_1_PA002,282,1,0,0,0,0,0,0,0,0,16,1,0,1,2,Called Strike,0,0,Observed,Observed,Observed,1,1,1
P00282,TOR_20260816_1_PA002,283,2,0,1,0,0,0,0,0,0,17,0,0,1,1,Foul,1,0,Observed,Observed,Observed,1,1,1
P00283,TOR_20260816_1_PA003,284,1,0,0,0,0,0,0,0,0,12,0,0,2,2,Called Strike,0,0,Observed,Observed,Observed,1,1,1
P00284,TOR_20260816_1_PA003,285,2,0,1,0,0,0,0,0,0,13,0,1,2,3,Ball,0,0,Observed,Observed,Observed,1,1,1
P00285,TOR_20260816_1_PA003,286,3,1,1,0,0,0,0,0,0,16,0,1,2,3,Called Strike,0,0,Observed,Observed,Observed,1,1,1
P00286,TOR_20260816_1_PA003,287,4,1,2,0,0,0,0,0,0,16,0,1,4,5,Ball,0,0,Observed,Observed,Observed,1,1,1
P00287,TOR_20260816_1_PA003,288,5,2,2,0,0,0,0,0,0,15,0,1,2,3,In Play,1,0,Observed,Observed,Observed,1,1,1
P00288,TOR_20260816_1_PA004,289,1,0,0,0,0,0,0,0,0,14,0,0,0,0,Called Strike,0,0,Observed,Observed,Observed,1,1,1
P00289,TOR_20260816_1_PA004,290,2,0,1,0,0,0,0,0,0,15,0,0,0,0,In Play,1,0,Observed,Observed,Observed,1,1,1
P00290,TOR_20260816_1_PA005,291,1,0,0,0,0,0,0,0,0,16,0,1,1,2,Ball,0,0,Observed,Observed,Observed,1,1,1
P00291,TOR_20260816_1_PA005,292,2,1,0,0,0,0,0,0,0,16,0,1,1,2,Called Strike,0,0,Observed,Observed,Observed,1,1,1
P00292,TOR_20260816_1_PA005,293,3,1,1,0,0,0,0,0,0,11,0,1,1,2,Foul,0,0,Observed,Observed,Observed,1,1,1
P00293,TOR_20260816_1_PA005,294,4,1,2,0,0,0,0,0,0,20,0,0,1,1,Ball,0,0,Observed,Observed,Observed,1,1,1
P00294,TOR_20260816_1_PA005,295,5,2,2,0,0,0,0,0,0,15,0,0,1,1,In Play,1,0,Observed,Observed,Observed,1,1,1
P00295,TOR_20260816_1_PA006,296,1,0,0,0,0,0,0,0,0,10,0,1,1,2,Called Strike,0,0,Observed,Observed,Observed,1,1,1
P00296,TOR_20260816_1_PA006,297,2,0,1,0,0,0,0,0,0,10,0,1,1,2,Ball,0,0,Observed,Observed,Observed,1,1,1
P00297,TOR_20260816_1_PA006,298,3,1,1,0,0,0,0,0,0,15,0,1,1,2,Ball,0,0,Observed,Observed,Observed,1,1,1
P00298,TOR_20260816_1_PA006,299,4,2,1,0,0,0,0,0,0,15,0,0,0,0,Ball,0,0,Observed,Observed,Observed,1,1,1
P00299,TOR_20260816_1_PA006,300,5,3,1,0,0,0,0,0,0,13,0,1,1,2,Called Strike,0,0,Observed,Observed,Observed,1,1,1
P00300,TOR_20260816_1_PA006,301,6,3,2,0,0,0,0,0,0,17,0,1,1,2,In Play,1,0,Observed,Observed,Observed,1,1,1
P00301,TOR_20260816_1_PA007,302,1,0,0,0,0,0,0,0,0,22,0,2,4,6,Foul,0,0,Observed,Observed,Observed,1,1,1
P00302,TOR_20260816_1_PA007,303,2,0,1,0,0,0,0,0,0,13,0,2,2,4,Ball,0,0,Observed,Observed,Observed,1,1,1
P00303,TOR_20260816_1_PA007,304,3,1,1,0,0,0,0,0,0,13,0,1,2,3,Ball,0,0,Observed,Observed,Observed,1,1,1
P00304,TOR_20260816_1_PA007,305,4,2,1,0,0,0,0,0,0,13,0,1,0,1,Called Strike,0,0,Observed,Observed,Observed,1,1,1
P00305,TOR_20260816_1_PA007,306,5,2,2,0,0,0,0,0,0,14,0,2,2,4,Called Strike,1,0,Observed,Observed,Observed,1,1,1
P00306,TOR_20260816_1_PA008,307,1,0,0,0,0,0,0,0,0,13,0,1,0,1,Ball,0,0,Observed,Observed,Observed,1,1,1
P00307,TOR_20260816_1_PA008,308,2,1,0,0,0,0,0,0,0,14,0,0,0,0,Called Strike,0,0,Observed,Observed,Observed,1,1,1
P00308,TOR_20260816_1_PA008,309,3,1,1,0,0,0,0,0,0,14,0,0,0,0,Called Strike,0,0,Observed,Observed,Observed,1,1,1
P00309,TOR_20260816_1_PA008,310,4,1,2,0,0,0,0,0,0,15,1,1,0,2,Foul,0,0,Observed,Observed,Observed,1,1,1
P00310,TOR_20260816_1_PA008,311,5,1,2,0,0,0,0,0,0,18,1,1,0,2,Called Strike,1,0,Observed,Observed,Observed,1,1,1
P00311,TOR_20260816_1_PA009,312,1,0,0,0,0,0,0,0,0,22,0,0,1,1,Foul,1,0,Observed,Observed,Observed,1,1,1
P00312,TOR_20260816_1_PA010,313,1,0,0,0,0,0,0,0,0,8,0,0,0,0,Called Strike,0,0,Observed,Observed,Observed,1,1,1
P00313,TOR_20260816_1_PA010,314,2,0,1,0,0,0,0,0,0,12,0,0,0,0,Called Strike,0,0,Observed,Observed,Observed,1,1,1
P00314,TOR_20260816_1_PA010,315,3,0,2,0,0,0,0,0,0,14,0,0,0,0,Ball,0,0,Observed,Observed,Observed,1,1,1
P00315,TOR_20260816_1_PA010,316,4,1,2,0,0,0,0,0,0,15,0,0,0,0,Ball,0,0,Observed,Observed,Observed,1,1,1
P00316,TOR_20260816_1_PA010,317,5,2,2,0,0,0,0,0,0,16,0,0,0,0,Called Strike,1,0,Observed,Observed,Observed,1,1,1
P00317,TOR_20260816_1_PA011,318,1,0,0,0,0,0,0,0,0,11,0,0,2,2,Ball,0,0,Observed,Observed,Observed,1,1,1
P00318,TOR_20260816_1_PA011,319,2,1,0,0,0,0,0,0,0,14,0,0,2,2,In Play,1,0,Observed,Observed,Observed,1,1,1
P00319,TOR_20260816_1_PA012,320,1,0,0,1,0,0,0,1,0,16,0,1,2,3,Ball,0,0,Observed,Observed,Observed,1,1,1
P00320,TOR_20260816_1_PA012,321,2,1,0,1,0,0,0,1,0,18,0,1,2,3,In Play,1,0,Observed,Observed,Observed,1,1,1
P00321,TOR_20260816_1_PA013,322,1,0,0,1,1,0,1,2,0,10,0,0,1,1,Called Strike,0,0,Observed,Observed,Observed,1,1,1
P00322,TOR_20260816_1_PA013,323,2,0,1,1,1,0,1,2,0,10,0,0,1,1,In Play,1,0,Observed,Observed,Observed,1,1,1
P00323,TOR_20260816_1_PA014,324,1,0,0,0,0,0,0,0,0,12,0,0,1,1,Foul,0,0,Observed,Observed,Observed,1,1,1
P00324,TOR_20260816_1_PA014,325,2,0,1,0,0,0,0,0,0,13,0,0,1,1,Ball,0,0,Observed,Observed,Observed,1,1,1
P00325,TOR_20260816_1_PA014,326,3,1,1,0,0,0,0,0,0,15,0,0,1,1,In Play,1,0,Observed,Observed,Observed,1,1,1
P00326,TOR_20260816_1_PA015,327,1,0,0,0,0,0,0,0,0,13,0,1,2,3,Called Strike,0,0,Observed,Observed,Observed,1,1,1
P00327,TOR_20260816_1_PA015,328,2,0,1,0,0,0,0,0,0,13,0,1,2,3,In Play,1,0,Observed,Observed,Observed,1,1,1
P00328,TOR_20260816_1_PA016,329,1,0,0,0,1,0,1,1,0,22,0,1,2,3,Ball,0,0,Observed,Observed,Observed,1,1,1
P00329,TOR_20260816_1_PA016,330,2,1,0,0,1,0,1,1,0,17,0,1,2,3,Ball,0,0,Observed,Observed,Observed,1,1,1
P00330,TOR_20260816_1_PA016,331,3,2,0,0,1,0,1,1,0,15,0,1,2,3,In Play,1,0,Observed,Observed,Observed,1,1,1
P00331,TOR_20260816_1_PA017,332,1,0,0,0,1,0,1,1,0,16,0,1,2,3,Swinging Strike,0,0,Observed,Observed,Observed,1,1,1
P00332,TOR_20260816_1_PA017,333,2,0,1,0,1,0,1,1,0,18,0,1,2,3,Ball,0,0,Observed,Observed,Observed,1,1,1
P00333,TOR_20260816_1_PA017,334,3,1,1,0,1,0,1,1,0,18,0,0,0,0,Ball,0,0,Observed,Observed,Observed,1,1,1
P00334,TOR_20260816_1_PA017,335,4,2,1,0,1,0,1,1,0,22,0,1,2,3,Swinging Strike,0,0,Observed,Observed,Observed,1,1,1
P00335,TOR_20260816_1_PA017,336,5,2,2,0,1,0,1,1,0,25,0,1,2,3,Foul,0,0,Observed,Observed,Observed,1,1,1
P00336,TOR_20260816_1_PA017,337,6,2,2,0,1,0,1,1,0,18,0,1,0,1,In Play,1,0,Observed,Observed,Observed,1,1,1
P00337,TOR_20260816_1_PA018,338,1,0,0,0,0,0,0,0,0,14,0,0,1,1,Ball,0,0,Observed,Observed,Observed,1,1,1
P00338,TOR_20260816_1_PA018,339,2,1,0,0,0,0,0,0,0,16,0,0,1,1,Ball,0,0,Observed,Observed,Observed,1,1,1
P00339,TOR_20260816_1_PA018,340,3,2,0,0,0,0,0,0,0,15,0,0,1,1,Called Strike,0,0,Observed,Observed,Observed,1,1,1
P00340,TOR_20260816_1_PA018,341,4,2,1,0,0,0,0,0,0,16,0,0,1,1,Foul,0,0,Observed,Observed,Observed,1,1,1
P00341,TOR_20260816_1_PA018,342,5,2,2,0,0,0,0,0,0,21,0,0,1,1,Foul,0,0,Observed,Observed,Observed,1,1,1
P00342,TOR_20260816_1_PA018,343,6,2,2,0,0,0,0,0,0,23,0,0,1,1,Ball,0,0,Observed,Observed,Observed,1,1,1
P00343,TOR_20260816_1_PA018,344,7,3,2,0,0,0,0,0,0,17,0,0,1,1,Ball,1,0,Observed,Observed,Observed,1,1,1
P00344,TOR_20260816_1_PA019,345,1,0,0,1,0,0,0,1,0,20,0,0,0,0,Called Strike,0,0,Observed,Observed,Observed,1,1,1
P00345,TOR_20260816_1_PA019,346,2,0,1,1,0,0,0,1,0,21,0,0,0,0,In Play,1,0,Observed,Observed,Observed,1,1,1
P00346,TOR_20260816_1_PA020,347,1,0,0,1,0,0,0,1,0,14,0,0,2,2,Ball,0,0,Observed,Observed,Observed,1,1,1
P00347,TOR_20260816_1_PA020,348,2,1,0,1,0,0,0,1,1,32,0,1,2,3,Foul,0,0,Observed,Observed,Observed,1,1,1
P00348,TOR_20260816_1_PA020,349,3,1,1,1,0,0,0,1,0,14,0,1,2,3,In Play,1,0,Observed,Observed,Observed,1,1,1
P00349,TOR_20260816_1_PA021,350,1,0,0,1,0,1,1,2,0,11,0,1,2,3,Ball,0,0,Observed,Observed,Observed,1,1,1
P00350,TOR_20260816_1_PA021,351,2,1,0,1,0,1,1,2,0,14,0,1,2,3,Ball,0,0,Observed,Observed,Observed,1,1,1
P00351,TOR_20260816_1_PA021,352,3,2,0,1,0,1,1,2,0,17,0,1,0,1,Ball,0,0,Observed,Observed,Observed,1,1,1
P00352,TOR_20260816_1_PA021,353,4,3,0,1,0,1,1,2,0,15,0,1,2,3,Called Strike,0,0,Observed,Observed,Observed,1,1,1
P00353,TOR_20260816_1_PA021,354,5,3,1,1,0,1,1,2,0,15,0,1,2,3,In Play,1,0,Observed,Observed,Observed,1,1,1
P00354,TOR_20260816_1_PA022,355,1,0,0,0,0,0,0,0,0,8,0,0,1,1,Ball,0,0,Observed,Observed,Observed,1,1,1
P00355,TOR_20260816_1_PA022,356,2,1,0,0,0,0,0,0,0,10,0,1,2,3,Ball,0,0,Observed,Observed,Observed,1,1,1
P00356,TOR_20260816_1_PA022,357,3,2,0,0,0,0,0,0,0,16,0,0,1,1,In Play,1,0,Observed,Observed,Observed,1,1,1
P00357,TOR_20260816_1_PA023,358,1,0,0,0,0,0,0,0,0,9,0,0,0,0,Called Strike,0,0,Observed,Observed,Observed,1,1,1
P00358,TOR_20260816_1_PA023,359,2,0,1,0,0,0,0,0,0,9,0,0,1,1,Ball,0,0,Observed,Observed,Observed,1,1,1
P00359,TOR_20260816_1_PA023,360,3,1,1,0,0,0,0,0,0,10,0,0,0,0,Ball,0,0,Observed,Observed,Observed,1,1,1
P00360,TOR_20260816_1_PA023,361,4,2,1,0,0,0,0,0,0,11,0,0,0,0,In Play,1,0,Observed,Observed,Observed,1,1,1
P00361,TOR_20260816_1_PA024,362,1,0,0,0,0,0,0,0,0,12,0,0,0,0,Called Strike,0,0,Observed,Observed,Observed,1,1,1
P00362,TOR_20260816_1_PA024,363,2,0,1,0,0,0,0,0,0,12,0,0,0,0,Ball,0,0,Observed,Observed,Observed,1,1,1
P00363,TOR_20260816_1_PA024,364,3,1,1,0,0,0,0,0,0,15,0,0,0,0,Called Strike,0,0,Observed,Observed,Observed,1,1,1
P00364,TOR_20260816_1_PA024,365,4,1,2,0,0,0,0,0,0,8,0,0,0,0,Swinging Strike,1,0,Observed,Observed,Observed,1,1,1
P00365,TOR_20260816_1_PA025,366,1,0,0,0,0,0,0,0,0,14,0,0,0,0,Ball,0,0,Observed,Observed,Observed,1,1,1
P00366,TOR_20260816_1_PA025,367,2,1,0,0,0,0,0,0,0,16,0,0,0,0,Ball,0,0,Observed,Observed,Observed,1,1,1
P00367,TOR_20260816_1_PA025,368,3,2,0,0,0,0,0,0,0,16,0,0,0,0,Ball,0,0,Observed,Observed,Observed,1,1,1
P00368,TOR_20260816_1_PA025,369,4,3,0,0,0,0,0,0,0,13,0,0,1,1,Called Strike,0,0,Observed,Observed,Observed,1,1,1
P00369,TOR_20260816_1_PA025,370,5,3,1,0,0,0,0,0,0,12,0,0,1,1,Foul,0,0,Observed,Observed,Observed,1,1,1
P00370,TOR_20260816_1_PA025,371,6,3,2,0,0,0,0,0,0,20,0,0,1,1,In Play,1,0,Observed,Observed,Observed,1,1,1
P00371,TOR_20260816_1_PA026,372,1,0,0,0,0,0,0,0,0,9,0,0,2,2,Called Strike,0,0,Observed,Observed,Observed,1,1,1
P00372,TOR_20260816_1_PA026,373,2,0,1,0,0,0,0,0,0,15,0,0,2,2,Swinging Strike,0,0,Observed,Observed,Observed,1,1,1
P00373,TOR_20260816_1_PA026,374,3,0,2,0,0,0,0,0,0,20,0,0,2,2,In Play,1,0,Observed,Observed,Observed,1,1,1
P00374,TOR_20260816_1_PA027,375,1,0,0,1,0,0,0,1,0,18,1,1,1,3,Ball,0,0,Observed,Observed,Observed,1,1,1
P00375,TOR_20260816_1_PA027,376,2,1,0,1,0,0,0,1,0,17,0,1,1,2,Called Strike,0,0,Observed,Observed,Observed,1,1,1
P00376,TOR_20260816_1_PA027,377,3,1,1,1,0,0,0,1,0,19,0,1,1,2,In Play,1,0,Observed,Observed,Observed,1,1,1
P00377,TOR_20260816_1_PA028,378,1,0,0,1,0,0,0,1,0,11,0,0,0,0,Ball,0,0,Observed,Observed,Observed,1,1,1
P00378,TOR_20260816_1_PA028,379,2,1,0,1,0,0,0,1,0,11,0,0,0,0,Foul,0,0,Observed,Observed,Observed,1,1,1
P00379,TOR_20260816_1_PA028,380,3,1,1,1,0,0,0,1,0,13,0,0,0,0,Ball,0,0,Observed,Observed,Observed,1,1,1
P00380,TOR_20260816_1_PA028,381,4,2,1,0,1,0,1,1,0,14,0,0,0,0,Swinging Strike,0,0,Observed,Observed,Observed,1,1,1
P00381,TOR_20260816_1_PA028,382,5,2,2,0,1,0,1,1,0,16,0,0,0,0,Foul,0,0,Observed,Observed,Observed,1,1,1
P00382,TOR_20260816_1_PA028,383,6,2,2,0,1,0,1,1,0,12,0,0,0,0,Foul,0,0,Observed,Observed,Observed,1,1,1
P00383,TOR_20260816_1_PA028,384,7,2,2,0,1,0,1,1,0,11,0,0,0,0,Swinging Strike,1,0,Observed,Observed,Observed,1,1,1
P00384,TOR_20260816_1_PA029,385,1,0,0,0,0,0,0,0,0,19,0,0,1,1,Called Strike,0,0,Observed,Observed,Observed,1,1,1
P00385,TOR_20260816_1_PA029,386,2,0,1,0,0,0,0,0,0,18,0,0,1,1,Called Strike,0,0,Observed,Observed,Observed,1,1,1
P00386,TOR_20260816_1_PA029,387,3,0,2,0,0,0,0,0,0,22,0,1,1,2,In Play,1,0,Observed,Observed,Observed,1,1,1
P00387,TOR_20260816_1_PA030,388,1,0,0,1,0,0,0,1,0,13,0,1,2,3,Ball,0,0,Observed,Observed,Observed,1,1,1
P00388,TOR_20260816_1_PA030,389,2,1,0,1,0,0,0,1,0,13,0,1,2,3,Swinging Strike,0,0,Observed,Observed,Observed,1,1,1
P00389,TOR_20260816_1_PA030,390,3,1,1,1,0,0,0,1,0,17,0,1,2,3,Ball,0,0,Observed,Observed,Observed,1,1,1
P00390,TOR_20260816_1_PA030,391,4,2,1,1,0,0,0,1,0,15,0,1,2,3,Ball,0,0,Observed,Observed,Observed,1,1,1
P00391,TOR_20260816_1_PA030,392,5,3,1,1,0,0,0,1,0,15,0,1,2,3,Ball,1,0,Observed,Observed,Observed,1,1,1
P00392,TOR_20260816_1_PA031,393,1,0,0,1,1,0,1,2,0,11,0,0,1,1,Called Strike,0,0,Observed,Observed,Observed,1,1,1
P00393,TOR_20260816_1_PA031,394,2,0,1,1,1,0,1,2,0,12,0,0,1,1,Swinging Strike,0,0,Observed,Observed,Observed,1,1,1
P00394,TOR_20260816_1_PA031,395,3,0,2,1,1,0,1,2,0,16,0,0,1,1,Foul,0,0,Observed,Observed,Observed,1,1,1
P00395,TOR_20260816_1_PA031,396,4,0,2,1,1,0,1,2,0,12,0,0,1,1,Foul,1,0,Observed,Observed,Observed,1,1,1
P00396,TOR_20260816_1_PA032,397,1,0,0,1,1,0,1,2,0,12,0,0,0,0,Foul,0,0,Observed,Observed,Observed,1,1,1
P00397,TOR_20260816_1_PA032,398,2,0,1,1,1,0,1,2,0,10,0,0,1,1,Foul,0,0,Observed,Observed,Observed,1,1,1
P00398,TOR_20260816_1_PA032,399,3,0,2,1,1,0,1,2,0,11,0,0,0,0,Ball,0,0,Observed,Observed,Observed,1,1,1
P00399,TOR_20260816_1_PA032,400,4,1,2,0,1,1,1,2,0,11,0,0,0,0,Foul,0,0,Observed,Observed,Observed,1,1,1
P00400,TOR_20260816_1_PA032,401,5,1,2,0,1,1,1,2,0,15,0,0,1,1,In Play,1,0,Observed,Observed,Observed,1,1,1
P00401,TOR_20260816_1_PA033,402,1,0,0,0,1,0,1,1,0,13,0,1,0,1,In Play,1,0,Observed,Observed,Observed,1,1,1
P00402,TOR_20260816_1_PA034,403,1,0,0,0,1,0,1,1,0,22,0,1,2,3,In Play,1,0,Observed,Observed,Observed,1,1,1
P00403,TOR_20260816_1_PA035,404,1,0,0,0,0,1,1,1,0,10,0,0,0,0,Foul,0,0,Observed,Observed,Observed,1,1,1
P00404,TOR_20260816_1_PA035,405,2,0,1,0,0,1,1,1,0,14,0,1,1,2,In Play,1,0,Observed,Observed,Observed,1,1,1
P00405,TOR_20260816_1_PA036,406,1,0,0,1,0,0,0,1,0,18,1,1,1,3,Ball,0,0,Observed,Observed,Observed,1,1,1
P00406,TOR_20260816_1_PA036,407,2,1,0,1,0,0,0,1,0,17,0,1,1,2,Ball,0,0,Observed,Observed,Observed,1,1,1
P00407,TOR_20260816_1_PA036,408,3,2,0,1,0,0,0,1,0,19,0,1,1,2,Called Strike,0,0,Observed,Observed,Observed,1,1,1
P00408,TOR_20260816_1_PA036,409,4,2,1,1,0,0,0,1,0,14,1,1,1,3,In Play,1,0,Observed,Observed,Observed,1,1,1
P00409,TOR_20260816_1_PA037,410,1,0,0,1,0,0,0,1,0,11,0,0,0,0,Ball,0,0,Observed,Observed,Observed,1,1,1
P00410,TOR_20260816_1_PA037,411,2,1,0,1,0,0,0,1,0,11,0,0,0,0,Ball,0,0,Observed,Observed,Observed,1,1,1
P00411,TOR_20260816_1_PA037,412,3,2,0,1,0,0,0,1,0,13,0,0,0,0,Called Strike,0,0,Observed,Observed,Observed,1,1,1
P00412,TOR_20260816_1_PA037,413,4,2,1,1,0,0,0,1,0,14,0,0,0,0,In Play,1,0,Observed,Observed,Observed,1,1,1
P00413,TOR_20260818_1_PA001,414,1,0,0,0,0,0,0,0,0,13,0,0,0,0,Called Strike,0,0,Observed,Observed,Observed,1,1,1
P00414,TOR_20260818_1_PA001,415,2,0,1,0,0,0,0,0,0,15,0,0,0,0,Swinging Strike,0,0,Observed,Observed,Observed,1,1,1
P00415,TOR_20260818_1_PA001,416,3,0,2,0,0,0,0,0,0,15,0,0,0,0,Swinging Strike,1,0,Observed,Observed,Observed,1,1,1
P00416,TOR_20260818_1_PA002,417,1,0,0,0,0,0,0,0,0,10,0,1,2,3,Ball,0,0,Observed,Observed,Observed,1,1,1
P00417,TOR_20260818_1_PA002,418,2,1,0,0,0,0,0,0,0,12,0,1,2,3,In Play,1,0,Observed,Observed,Observed,1,1,1
P00418,TOR_20260818_1_PA003,419,1,0,0,0,0,0,0,0,0,9,0,0,2,2,Ball,0,0,Observed,Observed,Observed,1,1,1
P00419,TOR_20260818_1_PA003,420,2,1,0,0,0,0,0,0,0,14,0,1,2,3,Called Strike,0,0,Observed,Observed,Observed,1,1,1
P00420,TOR_20260818_1_PA003,421,3,1,1,0,0,0,0,0,0,14,0,1,2,3,Foul,0,0,Observed,Observed,Observed,1,1,1
P00421,TOR_20260818_1_PA003,422,4,1,2,0,0,0,0,0,0,13,0,2,2,4,Ball,0,0,Observed,Observed,Observed,1,1,1
P00422,TOR_20260818_1_PA003,423,5,2,2,0,0,0,0,0,0,13,0,2,2,4,Ball,0,0,Observed,Observed,Observed,1,1,1
P00423,TOR_20260818_1_PA003,424,6,3,2,0,0,0,0,0,0,19,0,1,2,3,Foul,0,0,Observed,Observed,Observed,1,1,1
P00424,TOR_20260818_1_PA003,425,7,3,2,0,0,0,0,0,0,16,0,1,2,3,In Play,1,0,Observed,Observed,Observed,1,1,1
P00425,TOR_20260818_1_PA004,426,1,0,0,0,1,0,1,1,0,20,1,0,0,1,Ball,0,0,Observed,Observed,Observed,1,1,1
P00426,TOR_20260818_1_PA004,427,2,1,0,0,1,0,1,1,0,20,0,0,0,0,Ball,0,0,Observed,Observed,Observed,1,1,1
P00427,TOR_20260818_1_PA004,428,3,2,0,0,1,0,1,1,0,20,0,0,1,1,In Play,1,0,Observed,Observed,Observed,1,1,1
P00428,TOR_20260818_1_PA005,429,1,0,0,1,0,0,0,1,0,16,0,0,1,1,Called Strike,0,0,Observed,Observed,Observed,1,1,1
P00429,TOR_20260818_1_PA005,430,2,0,1,1,0,0,0,1,0,16,0,0,1,1,Foul,0,0,Observed,Observed,Observed,1,1,1
P00430,TOR_20260818_1_PA005,431,3,0,2,1,0,0,0,1,0,18,0,0,1,1,In Play,1,0,Observed,Observed,Observed,1,1,1
P00431,TOR_20260818_1_PA006,432,1,0,0,0,1,0,1,1,0,17,0,1,2,3,Called Strike,0,0,Observed,Observed,Observed,1,1,1
P00432,TOR_20260818_1_PA006,433,2,0,1,0,1,0,1,1,0,18,0,1,2,3,Foul,1,0,Observed,Observed,Observed,1,1,1
P00433,TOR_20260818_1_PA007,434,1,0,0,0,0,0,0,0,0,12,0,1,0,1,Called Strike,0,0,Observed,Observed,Observed,1,1,1
P00434,TOR_20260818_1_PA007,435,2,0,1,0,0,0,0,0,0,11,0,1,0,1,In Play,1,0,Observed,Observed,Observed,1,1,1
P00435,TOR_20260818_1_PA008,436,1,0,0,1,0,0,0,1,0,14,0,1,1,2,Called Strike,0,0,Observed,Observed,Observed,1,1,1
P00436,TOR_20260818_1_PA008,437,2,0,1,1,0,0,0,1,1,32,0,1,1,2,In Play,1,0,Observed,Observed,Observed,1,1,1
P00437,TOR_20260818_1_PA009,438,1,0,0,1,0,0,0,1,0,16,0,2,2,4,Called Strike,0,0,Observed,Observed,Observed,1,1,1
P00438,TOR_20260818_1_PA009,439,2,0,1,1,0,0,0,1,0,16,0,2,2,4,Foul,0,0,Observed,Observed,Observed,1,1,1
P00439,TOR_20260818_1_PA009,440,3,0,2,1,0,0,0,1,0,19,0,3,2,5,Foul,0,0,Observed,Observed,Observed,1,1,1
P00440,TOR_20260818_1_PA009,441,4,0,2,1,0,0,0,1,0,20,0,2,2,4,Foul,0,0,Observed,Observed,Observed,1,1,1
P00441,TOR_20260818_1_PA009,442,5,0,2,1,0,0,0,1,0,13,0,2,2,4,Swinging Strike,1,0,Observed,Observed,Observed,1,1,1
P00442,TOR_20260818_1_PA010,443,1,0,0,1,0,0,0,1,1,42,0,0,0,0,Ball,0,0,Observed,Observed,Observed,1,1,1
P00443,TOR_20260818_1_PA010,444,2,1,0,1,0,0,0,1,0,17,0,0,0,0,Ball,0,0,Observed,Observed,Observed,1,1,1
P00444,TOR_20260818_1_PA010,445,3,2,0,0,1,0,1,1,0,21,0,0,0,0,Called Strike,0,0,Observed,Observed,Observed,1,1,1
P00445,TOR_20260818_1_PA010,446,4,2,1,0,1,0,1,1,0,18,0,0,0,0,In Play,1,0,Observed,Observed,Observed,1,1,1
P00446,TOR_20260818_1_PA011,447,1,0,0,0,0,0,0,0,0,13,0,1,2,3,Called Strike,0,0,Observed,Observed,Observed,1,1,1
P00447,TOR_20260818_1_PA011,448,2,0,1,0,0,0,0,0,0,12,1,1,2,4,Ball,0,0,Observed,Observed,Observed,1,1,1
P00448,TOR_20260818_1_PA011,449,3,1,1,0,0,0,0,0,0,16,1,1,2,4,Foul,0,0,Observed,Observed,Observed,1,1,1
P00449,TOR_20260818_1_PA011,450,4,1,2,0,0,0,0,0,0,25,0,1,2,3,Ball,0,0,Observed,Observed,Observed,1,1,1
P00450,TOR_20260818_1_PA011,451,5,2,2,0,0,0,0,0,0,14,0,1,2,3,Ball,0,0,Observed,Observed,Observed,1,1,1
P00451,TOR_20260818_1_PA011,452,6,3,2,0,0,0,0,0,0,19,0,2,2,4,Foul,0,0,Observed,Observed,Observed,1,1,1
P00452,TOR_20260818_1_PA011,453,7,3,2,0,0,0,0,0,0,16,0,1,2,3,Ball,1,0,Observed,Observed,Observed,1,1,1
P00453,TOR_20260818_1_PA012,454,1,0,0,1,0,0,0,1,0,14,0,1,2,3,Called Strike,0,0,Observed,Observed,Observed,1,1,1
P00454,TOR_20260818_1_PA012,455,2,0,1,1,0,0,0,1,0,14,0,1,2,3,Ball,0,0,Observed,Observed,Observed,1,1,1
P00455,TOR_20260818_1_PA012,456,3,1,1,0,1,0,1,1,0,11,0,1,2,3,Foul,0,0,Observed,Observed,Observed,1,1,1
P00456,TOR_20260818_1_PA012,457,4,1,2,0,1,0,1,1,0,12,0,1,2,3,Foul,0,0,Observed,Observed,Observed,1,1,1
P00457,TOR_20260818_1_PA012,458,5,1,2,0,1,0,1,1,0,17,0,1,2,3,Foul,0,0,Observed,Observed,Observed,1,1,1
P00458,TOR_20260818_1_PA012,459,6,1,2,0,1,0,1,1,0,16,0,1,2,3,Foul,0,0,Observed,Observed,Observed,1,1,1
P00459,TOR_20260818_1_PA012,460,7,1,2,0,1,0,1,1,0,21,0,1,2,3,In Play,1,0,Observed,Observed,Observed,1,1,1
P00460,TOR_20260818_1_PA013,461,1,0,0,0,0,0,0,0,0,15,0,0,2,2,Ball,0,0,Observed,Observed,Observed,1,1,1
P00461,TOR_20260818_1_PA013,462,2,1,0,0,0,0,0,0,0,15,0,0,2,2,Ball,0,0,Observed,Observed,Observed,1,1,1
P00462,TOR_20260818_1_PA013,463,3,2,0,0,0,0,0,0,0,16,0,0,2,2,In Play,1,0,Observed,Observed,Observed,1,1,1
P00463,TOR_20260818_1_PA014,464,1,0,0,1,0,0,0,1,0,14,0,1,0,1,Called Strike,0,0,Observed,Observed,Observed,1,1,1
P00464,TOR_20260818_1_PA014,465,2,0,1,1,0,0,0,1,0,19,1,1,0,2,Called Strike,0,0,Observed,Observed,Observed,1,1,1
P00465,TOR_20260818_1_PA014,466,3,0,2,1,0,0,0,1,0,18,0,1,0,1,Foul,0,0,Observed,Observed,Observed,1,1,1
P00466,TOR_20260818_1_PA014,467,4,0,2,1,0,0,0,1,0,19,0,1,1,2,Called Strike,1,0,Observed,Observed,Observed,1,1,1
P00467,TOR_20260818_1_PA015,468,1,0,0,1,0,0,0,1,0,13,0,0,0,0,Called Strike,0,0,Observed,Observed,Observed,1,1,1
P00468,TOR_20260818_1_PA015,469,2,0,1,1,0,0,0,1,0,13,0,1,0,1,Called Strike,0,0,Observed,Observed,Observed,1,1,1
P00469,TOR_20260818_1_PA015,470,3,0,2,0,1,0,1,1,0,16,0,1,0,1,Foul,0,0,Observed,Observed,Observed,1,1,1
P00470,TOR_20260818_1_PA015,471,4,0,2,0,1,0,1,1,0,12,0,0,0,0,Ball,0,0,Observed,Observed,Observed,1,1,1
P00471,TOR_20260818_1_PA015,472,5,1,2,0,1,0,1,1,0,12,0,0,0,0,Called Strike,1,0,Observed,Observed,Observed,1,1,1
P00472,TOR_20260818_1_PA016,473,1,0,0,0,1,0,1,1,0,13,0,1,2,3,Foul,1,0,Observed,Observed,Observed,1,1,1
P00473,TOR_20260818_1_PA017,474,1,0,0,0,0,0,0,0,0,17,0,1,0,1,Called Strike,0,0,Observed,Observed,Observed,1,1,1
P00474,TOR_20260818_1_PA017,475,2,0,1,0,0,0,0,0,0,16,1,1,0,2,Ball,0,0,Observed,Observed,Observed,1,1,1
P00475,TOR_20260818_1_PA017,476,3,1,1,0,0,0,0,0,0,14,0,1,0,1,Ball,0,0,Observed,Observed,Observed,1,1,1
P00476,TOR_20260818_1_PA017,477,4,2,1,0,0,0,0,0,0,13,0,1,0,1,In Play,1,0,Observed,Observed,Observed,1,1,1
P00477,TOR_20260818_1_PA018,478,1,0,0,1,0,0,0,1,0,12,0,1,2,3,Swinging Strike,0,0,Observed,Observed,Observed,1,1,1
P00478,TOR_20260818_1_PA018,479,2,0,1,1,0,0,0,1,0,15,0,1,2,3,Ball,0,0,Observed,Observed,Observed,1,1,1
P00479,TOR_20260818_1_PA018,480,3,1,1,1,0,0,0,1,0,13,0,1,2,3,In Play,1,0,Observed,Observed,Observed,1,1,1
P00480,TOR_20260818_1_PA019,481,1,0,0,1,0,0,0,1,1,32,0,0,0,0,In Play,1,0,Observed,Observed,Observed,1,1,1
P00481,TOR_20260818_1_PA020,482,1,0,0,1,0,1,1,2,0,12,0,1,2,3,Ball,0,0,Observed,Observed,Observed,1,1,1
P00482,TOR_20260818_1_PA020,483,2,1,0,1,0,1,1,2,0,13,0,1,0,1,Ball,0,0,Observed,Observed,Observed,1,1,1
P00483,TOR_20260818_1_PA020,484,3,2,0,1,0,1,1,2,0,15,0,1,1,2,Called Strike,0,0,Observed,Observed,Observed,1,1,1
P00484,TOR_20260818_1_PA020,485,4,2,1,1,0,1,1,2,0,14,0,1,1,2,Ball,0,0,Observed,Observed,Observed,1,1,1
P00485,TOR_20260818_1_PA020,486,5,3,1,1,0,1,1,2,0,19,0,1,2,3,Called Strike,0,0,Observed,Observed,Observed,1,1,1
P00486,TOR_20260818_1_PA020,487,6,3,2,0,1,1,1,2,1,37,0,1,1,2,Swinging Strike,1,0,Observed,Observed,Observed,1,1,1
P00487,TOR_20260818_1_PA021,488,1,0,0,0,1,1,1,2,0,14,0,1,2,3,Called Strike,0,0,Observed,Observed,Observed,1,1,1
P00488,TOR_20260818_1_PA021,489,2,0,1,0,1,1,1,2,0,16,0,1,2,3,In Play,1,0,Observed,Observed,Observed,1,1,1
P00489,TOR_20260818_1_PA022,490,1,0,0,1,0,1,1,2,0,13,0,0,0,0,Called Strike,0,0,Observed,Observed,Observed,1,1,1
P00490,TOR_20260818_1_PA022,491,2,0,1,1,0,1,1,2,0,12,0,0,0,0,Ball,0,0,Observed,Observed,Observed,1,1,1
P00491,TOR_20260818_1_PA022,492,3,1,1,0,1,0,1,1,0,14,0,0,0,0,Ball,0,0,Observed,Observed,Observed,1,1,1
P00492,TOR_20260818_1_PA022,493,4,2,1,0,1,0,1,1,0,19,0,1,0,1,Foul,0,0,Observed,Observed,Observed,1,1,1
P00493,TOR_20260818_1_PA022,494,5,2,2,0,1,0,1,1,0,16,0,0,0,0,Ball,0,0,Observed,Observed,Observed,1,1,1
P00494,TOR_20260818_1_PA022,495,6,3,2,0,1,0,1,1,0,16,0,1,0,1,Ball,1,0,Observed,Observed,Observed,1,1,1
P00495,TOR_20260818_1_PA023,496,1,0,0,1,1,0,1,2,0,14,0,1,0,1,Called Strike,0,0,Observed,Observed,Observed,1,1,1
P00496,TOR_20260818_1_PA023,497,2,0,1,1,1,0,1,2,0,11,0,1,1,2,In Play,1,0,Observed,Observed,Observed,1,1,1
P00497,TOR_20260818_1_PA024,498,1,0,0,0,0,0,0,0,0,9,0,0,0,0,Ball,0,0,Observed,Observed,Observed,1,1,1
P00498,TOR_20260818_1_PA024,499,2,1,0,0,0,0,0,0,0,9,0,0,0,0,Called Strike,0,0,Observed,Observed,Observed,1,1,1
P00499,TOR_20260818_1_PA024,500,3,1,1,0,0,0,0,0,0,10,0,1,0,1,Foul,0,0,Observed,Observed,Observed,1,1,1
P00500,TOR_20260818_1_PA024,501,4,1,2,0,0,0,0,0,0,13,0,1,0,1,In Play,1,0,Observed,Observed,Observed,1,1,1
P00501,TOR_20260818_1_PA025,502,1,0,0,0,0,0,0,0,0,10,0,0,1,1,Ball,0,0,Observed,Observed,Observed,1,1,1
P00502,TOR_20260818_1_PA025,503,2,1,0,0,0,0,0,0,0,11,0,0,1,1,Called Strike,0,0,Observed,Observed,Observed,1,1,1
P00503,TOR_20260818_1_PA025,504,3,1,1,0,0,0,0,0,0,9,0,0,1,1,In Play,1,0,Observed,Observed,Observed,1,1,1
P00504,TOR_20260818_1_PA026,505,1,0,0,0,0,0,0,0,0,9,0,0,0,0,Called Strike,0,0,Observed,Observed,Observed,1,1,1
P00505,TOR_20260818_1_PA026,506,2,0,1,0,0,0,0,0,0,8,0,0,0,0,In Play,1,0,Observed,Observed,Observed,1,1,1
P00506,TOR_20260818_1_PA027,507,1,0,0,1,0,0,0,1,0,10,0,1,2,3,In Play,1,0,Observed,Observed,Observed,1,1,1
P00507,TOR_20260818_1_PA028,508,1,0,0,0,1,0,1,1,0,9,0,0,0,0,Called Strike,0,0,Observed,Observed,Observed,1,1,1
P00508,TOR_20260818_1_PA028,509,2,0,1,0,1,0,1,1,0,11,0,0,0,0,Ball,0,0,Observed,Observed,Observed,1,1,1
P00509,TOR_20260818_1_PA028,510,3,1,1,0,1,0,1,1,0,10,0,0,0,0,In Play,1,0,Observed,Observed,Observed,1,1,1
P00510,TOR_20260818_1_PA029,511,1,0,0,1,0,0,0,1,0,8,0,1,2,3,Called Strike,0,0,Observed,Observed,Observed,1,1,1
P00511,TOR_20260818_1_PA029,512,2,0,1,1,0,0,0,1,0,14,0,1,2,3,In Play,1,0,Observed,Observed,Observed,1,1,1
P00512,TOR_20260818_1_PA030,513,1,0,0,0,0,0,0,0,0,8,0,1,2,3,Called Strike,0,0,Observed,Observed,Observed,1,1,1
P00513,TOR_20260818_1_PA030,514,2,0,1,0,0,0,0,0,0,9,0,1,2,3,Called Strike,0,0,Observed,Observed,Observed,1,1,1
P00514,TOR_20260818_1_PA030,515,3,0,2,0,0,0,0,0,0,11,0,1,2,3,Ball,0,0,Observed,Observed,Observed,1,1,1
P00515,TOR_20260818_1_PA030,516,4,1,2,0,0,0,0,0,0,11,0,1,0,1,In Play,1,0,Observed,Observed,Observed,1,1,1
P00516,TOR_20260818_1_PA031,517,1,0,0,0,0,0,0,0,0,12,0,0,0,0,Called Strike,0,0,Observed,Observed,Observed,1,1,1
P00517,TOR_20260818_1_PA031,518,2,0,1,0,0,0,0,0,0,13,0,0,0,0,Swinging Strike,0,0,Observed,Observed,Observed,1,1,1
P00518,TOR_20260818_1_PA031,519,3,0,2,0,0,0,0,0,0,15,0,0,0,0,Ball,0,0,Observed,Observed,Observed,1,1,1
P00519,TOR_20260818_1_PA031,520,4,1,2,0,0,0,0,0,0,16,0,0,0,0,Swinging Strike,1,0,Observed,Observed,Observed,1,1,1
P00520,TOR_20260818_1_PA032,521,1,0,0,0,0,0,0,0,0,18,0,1,0,1,Swinging Strike,0,0,Observed,Observed,Observed,1,1,1
P00521,TOR_20260818_1_PA032,522,2,0,1,0,0,0,0,0,0,18,1,0,0,1,Swinging Strike,0,0,Observed,Observed,Observed,1,1,1
P00522,TOR_20260818_1_PA032,523,3,0,2,0,0,0,0,0,0,22,0,1,0,1,Ball,0,0,Observed,Observed,Observed,1,1,1
P00523,TOR_20260818_1_PA032,524,4,1,2,0,0,0,0,0,0,19,0,2,0,2,Ball,0,0,Observed,Observed,Observed,1,1,1
P00524,TOR_20260818_1_PA032,525,5,2,2,0,0,0,0,0,0,18,0,1,0,1,Ball,0,0,Observed,Observed,Observed,1,1,1
P00525,TOR_20260818_1_PA032,526,6,3,2,0,0,0,0,0,0,16,0,1,0,1,Foul,0,0,Observed,Observed,Observed,1,1,1
P00526,TOR_20260818_1_PA032,527,7,3,2,0,0,0,0,0,0,16,0,1,0,1,Ball,1,0,Observed,Observed,Observed,1,1,1
P00527,TOR_20260818_1_PA033,528,1,0,0,1,0,0,0,1,0,19,0,1,0,1,Ball,0,0,Observed,Observed,Observed,1,1,1
P00528,TOR_20260818_1_PA033,529,2,1,0,1,0,0,0,1,0,21,0,1,0,1,Swinging Strike,0,0,Observed,Observed,Observed,1,1,1
P00529,TOR_20260818_1_PA033,530,3,1,1,1,0,0,0,1,0,16,1,1,0,2,Foul,0,0,Observed,Observed,Observed,1,1,1
P00530,TOR_20260818_1_PA033,531,4,1,2,1,0,0,0,1,0,24,0,1,0,1,In Play,1,0,Observed,Observed,Observed,1,1,1
P00531,TOR_20260818_1_PA034,532,1,0,0,0,0,0,0,0,0,11,0,0,1,1,Called Strike,0,0,Observed,Observed,Observed,1,1,1
P00532,TOR_20260818_1_PA034,533,2,0,1,0,0,0,0,0,0,14,0,0,1,1,Ball,0,0,Observed,Observed,Observed,1,1,1
P00533,TOR_20260818_1_PA034,534,3,1,1,0,0,0,0,0,0,13,0,1,1,2,In Play,1,0,Observed,Observed,Observed,1,1,1
P00534,TOR_20260818_1_PA035,535,1,0,0,0,0,0,0,0,0,15,0,0,0,0,Foul,0,0,Observed,Observed,Observed,1,1,1
P00535,TOR_20260818_1_PA035,536,2,0,1,0,0,0,0,0,0,16,0,1,1,2,In Play,1,0,Observed,Observed,Observed,1,1,1
P00536,TOR_20260818_1_PA036,537,1,0,0,1,0,0,0,1,0,18,0,1,2,3,Swinging Strike,0,0,Observed,Observed,Observed,1,1,1
P00537,TOR_20260818_1_PA036,538,2,0,1,1,0,0,0,1,0,20,0,1,2,3,In Play,1,0,Observed,Observed,Observed,1,1,1
P00538,TOR_20260818_1_PA037,539,1,0,0,0,0,0,0,0,0,19,0,0,0,0,Foul,0,0,Observed,Observed,Observed,1,1,1
P00539,TOR_20260818_1_PA037,540,2,0,1,0,0,0,0,0,0,20,0,0,0,0,In Play,1,0,Observed,Observed,Observed,1,1,1
P00540,TOR_20260818_1_PA038,541,1,0,0,0,0,0,0,0,0,15,0,1,2,3,Called Strike,0,0,Observed,Observed,Observed,1,1,1
P00541,TOR_20260818_1_PA038,542,2,0,1,0,0,0,0,0,0,17,0,1,0,1,Ball,0,0,Observed,Observed,Observed,1,1,1
P00542,TOR_20260818_1_PA038,543,3,1,1,0,0,0,0,0,0,16,1,1,2,4,Ball,0,0,Observed,Observed,Observed,1,1,1
P00543,TOR_20260818_1_PA038,544,4,2,1,0,0,0,0,0,0,17,1,1,1,3,Swinging Strike,0,0,Observed,Observed,Observed,1,1,1
P00544,TOR_20260818_1_PA038,545,5,2,2,0,0,0,0,0,0,17,0,1,1,2,Swinging Strike,1,0,Observed,Observed,Observed,1,1,1
P00545,TOR_20260818_1_PA039,546,1,0,0,0,0,0,0,0,0,14,0,1,0,1,Called Strike,0,0,Observed,Observed,Observed,1,1,1
P00546,TOR_20260818_1_PA039,547,2,0,1,0,0,0,0,0,0,15,0,1,2,3,In Play,1,0,Observed,Observed,Observed,1,1,1
P00547,TOR_20260818_1_PA040,548,1,0,0,0,0,0,0,0,0,14,0,0,0,0,Ball,0,0,Observed,Observed,Observed,1,1,1
P00548,TOR_20260818_1_PA040,549,2,1,0,0,0,0,0,0,0,16,0,0,0,0,Swinging Strike,0,0,Observed,Observed,Observed,1,1,1
P00549,TOR_20260818_1_PA040,550,3,1,1,0,0,0,0,0,0,16,0,0,0,0,In Play,1,0,Observed,Observed,Observed,1,1,1
P00550,TOR_20260818_1_PA041,551,1,0,0,0,1,0,1,1,0,14,0,1,0,1,In Play,1,0,Observed,Observed,Observed,1,1,1
P00551,TOR_20260818_1_PA042,552,1,0,0,1,1,0,1,2,0,14,0,1,0,1,Foul,0,0,Observed,Observed,Observed,1,1,1
P00552,TOR_20260818_1_PA042,553,2,0,1,1,1,0,1,2,0,12,0,2,0,2,Foul,0,0,Observed,Observed,Observed,1,1,1
P00553,TOR_20260818_1_PA042,554,3,0,2,1,1,0,1,2,0,26,0,1,0,1,In Play,1,0,Observed,Observed,Observed,1,1,1
P00554,TOR_20260818_1_PA043,555,1,0,0,1,0,1,1,2,0,20,0,0,2,2,Foul,0,0,Observed,Observed,Observed,1,1,1
P00555,TOR_20260818_1_PA043,556,2,0,1,1,0,1,1,2,0,20,0,0,2,2,In Play,1,0,Observed,Observed,Observed,1,1,1
P00556,TOR_20260818_1_PA044,557,1,0,0,0,0,0,0,0,0,20,0,0,0,0,Called Strike,0,0,Observed,Observed,Observed,1,1,1
P00557,TOR_20260818_1_PA044,558,2,0,1,0,0,0,0,0,0,17,0,1,0,1,Ball,0,0,Observed,Observed,Observed,1,1,1
P00558,TOR_20260818_1_PA044,559,3,1,1,0,0,0,0,0,0,18,0,0,0,0,In Play,1,0,Observed,Observed,Observed,1,1,1
P00559,TOR_20260818_1_PA045,560,1,0,0,0,0,0,0,0,0,21,0,1,2,3,In Play,1,0,Observed,Observed,Observed,1,1,1
P00560,TOR_20260818_1_PA046,561,1,0,0,1,0,0,0,1,0,20,0,0,2,2,Ball,0,0,Observed,Observed,Observed,1,1,1
P00561,TOR_20260818_1_PA046,562,2,1,0,1,0,0,0,1,0,17,0,0,0,0,In Play,1,0,Observed,Observed,Observed,1,1,1
P00562,TOR_20260818_1_PA047,563,1,0,0,1,0,0,0,1,0,23,0,1,2,3,Ball,0,0,Observed,Observed,Observed,1,1,1
P00563,TOR_20260818_1_PA047,564,2,1,0,1,0,0,0,1,0,17,0,1,2,3,Ball,0,0,Observed,Observed,Observed,1,1,1
P00564,TOR_20260818_1_PA047,565,3,2,0,1,0,0,0,1,0,18,1,1,2,4,In Play,1,0,Observed,Observed,Observed,1,1,1
P00565,TOR_20260818_1_PA048,566,1,0,0,1,1,0,1,2,0,16,0,1,2,3,Ball,0,0,Observed,Observed,Observed,1,1,1
P00566,TOR_20260818_1_PA048,567,2,1,0,1,1,0,1,2,0,16,0,1,2,3,Ball,0,0,Observed,Observed,Observed,1,1,1
P00567,TOR_20260818_1_PA048,568,3,2,0,1,1,0,1,2,0,11,0,1,2,3,Ball,0,0,Observed,Observed,Observed,1,1,1
P00568,TOR_20260818_1_PA048,569,4,3,0,1,1,0,1,2,1,38,0,1,2,3,Foul,0,0,Observed,Observed,Observed,1,1,1
P00569,TOR_20260818_1_PA048,570,5,3,1,1,1,0,1,2,0,18,0,1,2,3,In Play,1,0,Observed,Observed,Observed,1,1,1
P00570,TOR_20260819_1_PA001,571,1,0,0,0,0,0,0,0,0,10,0,0,0,0,In Play,1,0,Observed,Observed,Observed,1,1,1
P00571,TOR_20260819_1_PA002,572,1,0,0,0,0,0,0,0,0,13,0,1,2,3,Called Strike,0,0,Observed,Observed,Observed,1,1,1
P00572,TOR_20260819_1_PA002,573,2,0,1,0,0,0,0,0,0,15,0,1,2,3,Ball,0,0,Observed,Observed,Observed,1,1,1
P00573,TOR_20260819_1_PA002,574,3,1,1,0,0,0,0,0,0,12,0,1,2,3,Foul,0,0,Observed,Observed,Observed,1,1,1
P00574,TOR_20260819_1_PA002,575,4,1,2,0,0,0,0,0,0,15,0,1,2,3,Swinging Strike,1,0,Observed,Observed,Observed,1,1,1
P00575,TOR_20260819_1_PA003,576,1,0,0,0,0,0,0,0,0,13,0,1,2,3,In Play,1,0,Observed,Observed,Observed,1,1,1
P00576,TOR_20260819_1_PA004,577,1,0,0,0,0,0,0,0,0,12,0,0,0,0,Called Strike,0,0,Observed,Observed,Observed,1,1,1
P00577,TOR_20260819_1_PA004,578,2,0,1,0,0,0,0,0,0,14,0,0,0,0,Foul,0,0,Observed,Observed,Observed,1,1,1
P00578,TOR_20260819_1_PA004,579,3,0,2,0,0,0,0,0,0,15,0,0,0,0,Ball,0,0,Observed,Observed,Observed,1,1,1
P00579,TOR_20260819_1_PA004,580,4,1,2,0,0,0,0,0,0,18,0,0,0,0,Foul,0,0,Observed,Observed,Observed,1,1,1
P00580,TOR_20260819_1_PA004,581,5,1,2,0,0,0,0,0,0,16,0,0,0,0,Foul,0,0,Observed,Observed,Observed,1,1,1
P00581,TOR_20260819_1_PA004,582,6,1,2,0,0,0,0,0,0,13,0,0,0,0,In Play,1,0,Observed,Observed,Observed,1,1,1
P00582,TOR_20260819_1_PA005,583,1,0,0,0,0,0,0,0,0,11,0,0,2,2,In Play,1,0,Observed,Observed,Observed,1,1,1
P00583,TOR_20260819_1_PA006,584,1,0,0,0,0,0,0,0,0,15,0,1,0,1,Called Strike,0,0,Observed,Observed,Observed,1,1,1
P00584,TOR_20260819_1_PA006,585,2,0,1,0,0,0,0,0,0,15,0,1,0,1,Foul,0,0,Observed,Observed,Observed,1,1,1
P00585,TOR_20260819_1_PA006,586,3,0,2,0,0,0,0,0,0,16,0,1,0,1,Swinging Strike,1,0,Observed,Observed,Observed,1,1,1
P00586,TOR_20260819_1_PA007,587,1,0,0,0,0,0,0,0,0,11,0,1,2,3,Called Strike,0,0,Observed,Observed,Observed,1,1,1
P00587,TOR_20260819_1_PA007,588,2,0,1,0,0,0,0,0,0,13,0,0,2,2,Swinging Strike,0,0,Observed,Observed,Observed,1,1,1
P00588,TOR_20260819_1_PA007,589,3,0,2,0,0,0,0,0,0,14,0,1,2,3,Ball,0,0,Observed,Observed,Observed,1,1,1
P00589,TOR_20260819_1_PA007,590,4,1,2,0,0,0,0,0,0,15,0,1,2,3,Foul,0,0,Observed,Observed,Observed,1,1,1
P00590,TOR_20260819_1_PA007,591,5,1,2,0,0,0,0,0,0,13,0,1,2,3,In Play,1,0,Observed,Observed,Observed,1,1,1
P00591,TOR_20260819_1_PA008,592,1,0,0,0,0,0,0,0,0,10,0,0,1,1,Called Strike,0,0,Observed,Observed,Observed,1,1,1
P00592,TOR_20260819_1_PA008,593,2,0,1,0,0,0,0,0,0,13,0,0,1,1,Ball,0,0,Observed,Observed,Observed,1,1,1
P00593,TOR_20260819_1_PA008,594,3,1,1,0,0,0,0,0,0,17,0,0,1,1,Ball,0,0,Observed,Observed,Observed,1,1,1
P00594,TOR_20260819_1_PA008,595,4,2,1,0,0,0,0,0,0,16,0,0,1,1,Called Strike,0,0,Observed,Observed,Observed,1,1,1
P00595,TOR_20260819_1_PA008,596,5,2,2,0,0,0,0,0,0,12,0,0,1,1,Swinging Strike,1,0,Observed,Observed,Observed,1,1,1
P00596,TOR_20260819_1_PA009,597,1,0,0,0,0,0,0,0,0,9,0,1,1,2,Ball,0,0,Observed,Observed,Observed,1,1,1
P00597,TOR_20260819_1_PA009,598,2,1,0,0,0,0,0,0,0,13,0,0,1,1,Called Strike,0,0,Observed,Observed,Observed,1,1,1
P00598,TOR_20260819_1_PA009,599,3,1,1,0,0,0,0,0,0,15,0,0,0,0,In Play,1,0,Observed,Observed,Observed,1,1,1
P00599,TOR_20260819_1_PA010,600,1,0,0,1,0,0,0,1,0,12,0,0,0,0,Ball,0,0,Observed,Observed,Observed,1,1,1
P00600,TOR_20260819_1_PA010,601,2,1,0,1,0,0,0,1,0,15,0,0,0,0,Foul,0,0,Observed,Observed,Observed,1,1,1
P00601,TOR_20260819_1_PA010,602,3,1,1,1,0,0,0,1,0,21,0,0,0,0,Foul,0,0,Observed,Observed,Observed,1,1,1
P00602,TOR_20260819_1_PA010,603,4,1,2,1,0,0,0,1,0,20,0,0,0,0,In Play,1,0,Observed,Observed,Observed,1,1,1
P00603,TOR_20260819_1_PA011,604,1,0,0,0,0,0,0,0,0,11,0,1,0,1,Ball,0,0,Observed,Observed,Observed,1,1,1
P00604,TOR_20260819_1_PA011,605,2,1,0,0,0,0,0,0,0,12,0,1,0,1,Swinging Strike,0,0,Observed,Observed,Observed,1,1,1
P00605,TOR_20260819_1_PA011,606,3,1,1,0,0,0,0,0,0,14,0,1,1,2,Ball,0,0,Observed,Observed,Observed,1,1,1
P00606,TOR_20260819_1_PA011,607,4,2,1,0,0,0,0,0,0,14,0,1,1,2,Foul,0,0,Observed,Observed,Observed,1,1,1
P00607,TOR_20260819_1_PA011,608,5,2,2,0,0,0,0,0,0,13,1,1,1,3,Called Strike,1,0,Observed,Observed,Observed,1,1,1
P00608,TOR_20260819_1_PA012,609,1,0,0,0,0,0,0,0,0,10,0,1,2,3,Ball,0,0,Observed,Observed,Observed,1,1,1
P00609,TOR_20260819_1_PA012,610,2,1,0,0,0,0,0,0,0,13,0,1,2,3,Called Strike,0,0,Observed,Observed,Observed,1,1,1
P00610,TOR_20260819_1_PA012,611,3,1,1,0,0,0,0,0,0,14,0,1,2,3,Ball,0,0,Observed,Observed,Observed,1,1,1
P00611,TOR_20260819_1_PA012,612,4,2,1,0,0,0,0,0,1,31,0,1,2,3,Called Strike,0,0,Observed,Observed,Observed,1,1,1
P00612,TOR_20260819_1_PA012,613,5,2,2,0,0,0,0,0,0,14,0,1,2,3,Foul,0,0,Observed,Observed,Observed,1,1,1
P00613,TOR_20260819_1_PA012,614,6,2,2,0,0,0,0,0,0,13,0,1,2,3,Foul,0,0,Observed,Observed,Observed,1,1,1
P00614,TOR_20260819_1_PA012,615,7,2,2,0,0,0,0,0,0,17,0,1,2,3,In Play,1,0,Observed,Observed,Observed,1,1,1
P00615,TOR_20260819_1_PA013,616,1,0,0,0,0,0,0,0,0,12,0,0,0,0,Ball,0,0,Observed,Observed,Observed,1,1,1
P00616,TOR_20260819_1_PA013,617,2,1,0,0,0,0,0,0,0,14,0,0,0,0,Ball,0,0,Observed,Observed,Observed,1,1,1
P00617,TOR_20260819_1_PA013,618,3,2,0,0,0,0,0,0,0,14,0,1,0,1,Ball,0,0,Observed,Observed,Observed,1,1,1
P00618,TOR_20260819_1_PA013,619,4,3,0,0,0,0,0,0,0,16,0,1,0,1,Called Strike,0,0,Observed,Observed,Observed,1,1,1
P00619,TOR_20260819_1_PA013,620,5,3,1,0,0,0,0,0,0,15,0,1,0,1,Ball,1,0,Observed,Observed,Observed,1,1,1
P00620,TOR_20260819_1_PA014,621,1,0,0,1,0,0,0,1,0,12,0,1,2,3,Called Strike,0,0,Observed,Observed,Observed,1,1,1
P00621,TOR_20260819_1_PA014,622,2,0,1,1,0,0,0,1,0,14,0,1,2,3,Foul,0,0,Observed,Observed,Observed,1,1,1
P00622,TOR_20260819_1_PA014,623,3,0,2,1,0,0,0,1,1,26,1,0,0,1,Foul,0,0,Observed,Observed,Observed,1,1,1
P00623,TOR_20260819_1_PA014,624,4,0,2,1,0,0,0,1,0,19,0,1,0,1,Foul,0,0,Observed,Observed,Observed,1,1,1
P00624,TOR_20260819_1_PA014,625,5,0,2,1,0,0,0,1,0,20,1,0,0,1,Foul,0,0,Observed,Observed,Observed,1,1,1
P00625,TOR_20260819_1_PA014,626,6,0,2,1,0,0,0,1,0,18,1,0,1,2,Ball,0,0,Observed,Observed,Observed,1,1,1
P00626,TOR_20260819_1_PA014,627,7,1,2,1,0,0,0,1,0,14,0,0,1,1,In Play,1,0,Observed,Observed,Observed,1,1,1
P00627,TOR_20260819_1_PA015,628,1,0,0,0,0,0,0,0,0,11,0,0,0,0,Called Strike,0,0,Observed,Observed,Observed,1,1,1
P00628,TOR_20260819_1_PA015,629,2,0,1,0,0,0,0,0,0,15,0,0,0,0,Ball,0,0,Observed,Observed,Observed,1,1,1
P00629,TOR_20260819_1_PA015,630,3,1,1,0,0,0,0,0,0,13,1,1,0,2,Called Strike,0,0,Observed,Observed,Observed,1,1,1
P00630,TOR_20260819_1_PA015,631,4,1,2,0,0,0,0,0,0,10,0,1,0,1,Swinging Strike,1,0,Observed,Observed,Observed,1,1,1
P00631,TOR_20260819_1_PA016,632,1,0,0,0,0,0,0,0,0,11,0,1,2,3,Called Strike,0,0,Observed,Observed,Observed,1,1,1
P00632,TOR_20260819_1_PA016,633,2,0,1,0,0,0,0,0,0,14,0,2,2,4,Called Strike,0,0,Observed,Observed,Observed,1,1,1
P00633,TOR_20260819_1_PA016,634,3,0,2,0,0,0,0,0,0,15,0,2,2,4,In Play,1,0,Observed,Observed,Observed,1,1,1
P00634,TOR_20260819_1_PA017,635,1,0,0,1,0,0,0,1,0,12,0,0,1,1,Called Strike,0,0,Observed,Observed,Observed,1,1,1
P00635,TOR_20260819_1_PA017,636,2,0,1,1,0,0,0,1,0,15,0,0,1,1,Ball,0,0,Observed,Observed,Observed,1,1,1
P00636,TOR_20260819_1_PA017,637,3,1,1,1,0,0,0,1,0,16,0,0,1,1,In Play,1,0,Observed,Observed,Observed,1,1,1
P00637,TOR_20260819_1_PA018,638,1,0,0,1,0,1,1,2,0,14,0,1,0,1,Foul,0,0,Observed,Observed,Observed,1,1,1
P00638,TOR_20260819_1_PA018,639,2,0,1,1,0,1,1,2,0,18,0,1,0,1,In Play,1,0,Observed,Observed,Observed,1,1,1
P00639,TOR_20260819_1_PA019,640,1,0,0,1,1,0,1,2,0,13,0,1,0,1,Ball,0,0,Observed,Observed,Observed,1,1,1
P00640,TOR_20260819_1_PA019,641,2,1,0,1,1,0,1,2,0,15,0,0,0,0,Ball,0,0,Observed,Observed,Observed,1,1,1
P00641,TOR_20260819_1_PA019,642,3,2,0,1,1,0,1,2,0,15,1,0,0,1,Ball,0,0,Observed,Observed,Observed,1,1,1
P00642,TOR_20260819_1_PA019,643,4,3,0,1,1,0,1,2,0,12,1,0,0,1,Ball,1,0,Observed,Observed,Observed,1,1,1
P00643,TOR_20260819_1_PA020,644,1,0,0,1,1,1,1,3,0,12,0,1,2,3,In Play,1,0,Observed,Observed,Observed,1,1,1
P00644,TOR_20260819_1_PA021,645,1,0,0,1,1,0,1,2,0,12,0,1,2,3,Called Strike,0,0,Observed,Observed,Observed,1,1,1
P00645,TOR_20260819_1_PA021,646,2,0,1,1,1,0,1,2,0,19,0,1,3,4,Swinging Strike,0,0,Observed,Observed,Observed,1,1,1
P00646,TOR_20260819_1_PA021,647,3,0,2,1,1,0,1,2,1,34,0,1,2,3,In Play,1,0,Observed,Observed,Observed,1,1,1
P00647,TOR_20260819_1_PA022,648,1,0,0,1,0,1,1,2,0,10,0,0,0,0,Ball,0,0,Observed,Observed,Observed,1,1,1
P00648,TOR_20260819_1_PA022,649,2,1,0,1,0,1,1,2,0,14,0,1,0,1,In Play,1,0,Observed,Observed,Observed,1,1,1
P00649,TOR_20260819_1_PA023,650,1,0,0,1,0,1,1,2,0,11,0,1,0,1,Ball,0,0,Observed,Observed,Observed,1,1,1
P00650,TOR_20260819_1_PA023,651,2,1,0,1,0,1,1,2,0,16,0,1,0,1,Called Strike,0,0,Observed,Observed,Observed,1,1,1
P00651,TOR_20260819_1_PA023,652,3,1,1,1,0,1,1,2,0,15,1,1,0,2,Foul,0,0,Observed,Observed,Observed,1,1,1
P00652,TOR_20260819_1_PA023,653,4,1,2,1,0,1,1,2,0,12,1,0,0,1,Foul,0,0,Observed,Observed,Observed,1,1,1
P00653,TOR_20260819_1_PA023,654,5,1,2,1,0,1,1,2,0,15,1,1,0,2,Foul,0,0,Observed,Observed,Observed,1,1,1
P00654,TOR_20260819_1_PA023,655,6,1,2,1,0,1,1,2,0,13,0,1,0,1,In Play,1,0,Observed,Observed,Observed,1,1,1
P00655,TOR_20260819_1_PA024,656,1,0,0,0,0,0,0,0,0,12,0,1,2,3,In Play,1,0,Observed,Observed,Observed,1,1,1
P00656,TOR_20260819_1_PA025,657,1,0,0,1,0,0,0,1,0,12,0,1,2,3,Ball,0,0,Observed,Observed,Observed,1,1,1
P00657,TOR_20260819_1_PA025,658,2,1,0,1,0,0,0,1,0,11,0,1,2,3,Foul,0,0,Observed,Observed,Observed,1,1,1
P00658,TOR_20260819_1_PA025,659,3,1,1,1,0,0,0,1,0,18,0,1,2,3,In Play,1,0,Observed,Observed,Observed,1,1,1
P00659,TOR_20260819_1_PA026,660,1,0,0,1,0,0,0,1,0,16,0,0,1,1,In Play,1,0,Observed,Observed,Observed,1,1,1
P00660,TOR_20260819_1_PA027,661,1,0,0,1,0,0,0,1,0,16,0,0,0,0,Called Strike,0,0,Observed,Observed,Observed,1,1,1
P00661,TOR_20260819_1_PA027,662,2,0,1,1,0,0,0,1,0,14,0,0,0,0,In Play,1,0,Observed,Observed,Observed,1,1,1
P00662,TOR_20260819_1_PA028,663,1,0,0,0,1,0,1,1,0,14,0,0,1,1,Called Strike,0,0,Observed,Observed,Observed,1,1,1
P00663,TOR_20260819_1_PA028,664,2,0,1,0,1,0,1,1,0,16,0,0,1,1,Called Strike,0,0,Observed,Observed,Observed,1,1,1
P00664,TOR_20260819_1_PA028,665,3,0,2,0,1,0,1,1,0,15,0,0,1,1,Ball,0,0,Observed,Observed,Observed,1,1,1
P00665,TOR_20260819_1_PA028,666,4,1,2,0,1,0,1,1,0,16,0,0,1,1,Foul,0,0,Observed,Observed,Observed,1,1,1
P00666,TOR_20260819_1_PA028,667,5,1,2,0,1,0,1,1,0,22,0,0,1,1,Foul,0,0,Observed,Observed,Observed,1,1,1
P00667,TOR_20260819_1_PA028,668,6,1,2,0,1,0,1,1,0,21,0,0,1,1,In Play,1,0,Observed,Observed,Observed,1,1,1
P00668,TOR_20260819_1_PA029,669,1,0,0,0,0,0,0,0,0,14,0,1,2,3,Ball,0,0,Observed,Observed,Observed,1,1,1
P00669,TOR_20260819_1_PA029,670,2,1,0,0,0,0,0,0,0,15,0,1,1,2,Swinging Strike,0,0,Observed,Observed,Observed,1,1,1
P00670,TOR_20260819_1_PA029,671,3,1,1,0,0,0,0,0,0,16,0,1,1,2,Ball,0,0,Observed,Observed,Observed,1,1,1
P00671,TOR_20260819_1_PA029,672,4,2,1,0,0,0,0,0,0,15,1,1,1,3,In Play,1,0,Observed,Observed,Observed,1,1,1
P00672,TOR_20260819_1_PA030,673,1,0,0,0,0,0,0,0,0,13,0,1,2,3,Ball,0,0,Observed,Observed,Observed,1,1,1
P00673,TOR_20260819_1_PA030,674,2,1,0,0,0,0,0,0,0,14,0,1,2,3,Called Strike,0,0,Observed,Observed,Observed,1,1,1
P00674,TOR_20260819_1_PA030,675,3,1,1,0,0,0,0,0,0,17,0,1,2,3,Foul,0,0,Observed,Observed,Observed,1,1,1
P00675,TOR_20260819_1_PA030,676,4,1,2,0,0,0,0,0,0,15,0,1,2,3,In Play,1,0,Observed,Observed,Observed,1,1,1
P00676,TOR_20260819_1_PA031,677,1,0,0,0,0,0,0,0,0,13,0,0,0,0,Swinging Strike,0,0,Observed,Observed,Observed,1,1,1
P00677,TOR_20260819_1_PA031,678,2,0,1,0,0,0,0,0,0,13,0,1,0,1,Swinging Strike,0,0,Observed,Observed,Observed,1,1,1
P00678,TOR_20260819_1_PA031,679,3,0,2,0,0,0,0,0,0,15,0,1,0,1,Ball,0,0,Observed,Observed,Observed,1,1,1
P00679,TOR_20260819_1_PA031,680,4,1,2,0,0,0,0,0,0,17,0,1,0,1,Foul,0,0,Observed,Observed,Observed,1,1,1
P00680,TOR_20260819_1_PA031,681,5,1,2,0,0,0,0,0,0,14,0,1,0,1,Swinging Strike,1,0,Observed,Observed,Observed,1,1,1
P00681,TOR_20260819_1_PA032,682,1,0,0,0,0,0,0,0,0,11,0,0,0,0,Ball,0,0,Observed,Observed,Observed,1,1,1
P00682,TOR_20260819_1_PA032,683,2,1,0,0,0,0,0,0,0,14,0,0,1,1,Swinging Strike,0,0,Observed,Observed,Observed,1,1,1
P00683,TOR_20260819_1_PA032,684,3,1,1,0,0,0,0,0,0,17,0,0,0,0,Ball,0,0,Observed,Observed,Observed,1,1,1
P00684,TOR_20260819_1_PA032,685,4,2,1,0,0,0,0,0,0,16,1,0,0,1,Swinging Strike,0,0,Observed,Observed,Observed,1,1,1
P00685,TOR_20260819_1_PA032,686,5,2,2,0,0,0,0,0,0,18,1,1,0,2,Ball,0,0,Observed,Observed,Observed,1,1,1
P00686,TOR_20260819_1_PA032,687,6,3,2,0,0,0,0,0,0,17,0,1,0,1,Foul,0,0,Observed,Observed,Observed,1,1,1
P00687,TOR_20260819_1_PA032,688,7,3,2,0,0,0,0,0,0,15,1,0,0,1,Foul,0,0,Observed,Observed,Observed,1,1,1
P00688,TOR_20260819_1_PA032,689,8,3,2,0,0,0,0,0,0,15,1,0,0,1,Foul,1,0,Observed,Observed,Observed,1,1,1
P00689,TOR_20260819_1_PA033,690,1,0,0,0,0,0,0,0,0,22,0,1,2,3,Swinging Strike,0,0,Observed,Observed,Observed,1,1,1
P00690,TOR_20260819_1_PA033,691,2,0,1,0,0,0,0,0,0,16,0,2,2,4,In Play,1,0,Observed,Observed,Observed,1,1,1
P00691,TOR_20260819_1_PA034,692,1,0,0,0,0,0,0,0,0,13,0,1,2,3,Ball,0,0,Observed,Observed,Observed,1,1,1
P00692,TOR_20260819_1_PA034,693,2,1,0,0,0,0,0,0,0,16,0,1,2,3,Foul,0,0,Observed,Observed,Observed,1,1,1
P00693,TOR_20260819_1_PA034,694,3,1,1,0,0,0,0,0,0,17,0,1,2,3,Ball,0,0,Observed,Observed,Observed,1,1,1
P00694,TOR_20260819_1_PA034,695,4,2,1,0,0,0,0,0,0,17,0,0,3,3,Ball,0,0,Observed,Observed,Observed,1,1,1
P00695,TOR_20260819_1_PA034,696,5,3,1,0,0,0,0,0,0,16,0,0,3,3,Called Strike,0,0,Observed,Observed,Observed,1,1,1
P00696,TOR_20260819_1_PA034,697,6,3,2,0,0,0,0,0,0,20,0,0,1,1,Ball,1,0,Observed,Observed,Observed,1,1,1
P00697,TOR_20260819_1_PA035,698,1,0,0,1,0,0,0,1,0,15,0,0,1,1,Ball,0,0,Observed,Observed,Observed,1,1,1
P00698,TOR_20260819_1_PA035,699,2,1,0,1,0,0,0,1,0,15,0,0,1,1,Foul,0,0,Observed,Observed,Observed,1,1,1
P00699,TOR_20260819_1_PA035,700,3,1,1,1,0,0,0,1,0,17,0,0,1,1,Called Strike,0,0,Observed,Observed,Observed,1,1,1
P00700,TOR_20260819_1_PA035,701,4,1,2,1,0,0,0,1,0,17,0,0,1,1,In Play,1,0,Observed,Observed,Observed,1,1,1
P00701,TOR_20260819_1_PA036,702,1,0,0,0,0,0,0,0,0,12,0,0,2,2,Foul,0,0,Observed,Observed,Observed,1,1,1
P00702,TOR_20260819_1_PA036,703,2,0,1,0,0,0,0,0,0,14,0,0,1,1,Ball,0,0,Observed,Observed,Observed,1,1,1
P00703,TOR_20260819_1_PA036,704,3,1,1,0,0,0,0,0,0,14,0,0,1,1,Foul,0,0,Observed,Observed,Observed,1,1,1
P00704,TOR_20260819_1_PA036,705,4,1,2,0,0,0,0,0,0,16,0,0,1,1,In Play,1,0,Observed,Observed,Observed,1,1,1
P00705,TOR_20260819_1_PA037,706,1,0,0,1,0,0,0,1,0,13,0,0,0,0,Ball,0,0,Observed,Observed,Observed,1,1,1
P00706,TOR_20260819_1_PA037,707,2,1,0,1,0,0,0,1,0,13,0,0,0,0,Called Strike,0,0,Observed,Observed,Observed,1,1,1
P00707,TOR_20260819_1_PA037,708,3,1,1,1,0,0,0,1,0,16,0,0,1,1,Foul,0,0,Observed,Observed,Observed,1,1,1
P00708,TOR_20260819_1_PA037,709,4,1,2,1,0,0,0,1,0,13,0,0,1,1,In Play,1,0,Observed,Observed,Observed,1,1,1
P00709,TOR_20260819_1_PA038,710,1,0,0,1,0,0,0,1,0,14,0,1,2,3,Called Strike,0,0,Observed,Observed,Observed,1,1,1
P00710,TOR_20260819_1_PA038,711,2,0,1,1,0,0,0,1,0,15,0,1,1,2,Swinging Strike,0,0,Observed,Observed,Observed,1,1,1
P00711,TOR_20260819_1_PA038,712,3,0,2,1,0,0,0,1,0,16,0,1,1,2,Ball,0,0,Observed,Observed,Observed,1,1,1
P00712,TOR_20260819_1_PA038,713,4,1,2,1,0,0,0,1,0,15,1,1,1,3,Foul,0,0,Observed,Observed,Observed,1,1,1
P00713,TOR_20260819_1_PA038,714,5,1,2,1,0,0,0,1,0,17,1,1,1,3,Swinging Strike,1,0,Observed,Observed,Observed,1,1,1
P00714,TOR_20260819_1_PA039,715,1,0,0,1,0,0,0,1,0,13,0,1,2,3,Called Strike,0,0,Observed,Observed,Observed,1,1,1
P00715,TOR_20260819_1_PA039,716,2,0,1,1,0,0,0,1,0,14,0,1,2,3,Ball,0,0,Observed,Observed,Observed,1,1,1
P00716,TOR_20260819_1_PA039,717,3,1,1,1,0,0,0,1,0,17,0,1,2,3,Ball,0,0,Observed,Observed,Observed,1,1,1
P00717,TOR_20260819_1_PA039,718,4,2,1,1,0,0,0,1,0,15,0,1,2,3,Foul,0,0,Observed,Observed,Observed,1,1,1
P00718,TOR_20260819_1_PA039,719,5,2,2,1,0,0,0,1,0,15,0,1,2,3,In Play,1,0,Observed,Observed,Observed,1,1,1
P00719,TOR_20260820_1_PA001,720,1,0,0,0,0,0,0,0,0,9,0,0,0,0,Foul,0,0,Observed,Observed,Observed,1,1,1
P00720,TOR_20260820_1_PA001,721,2,0,1,0,0,0,0,0,0,17,0,0,0,0,Swinging Strike,0,0,Observed,Observed,Observed,1,1,1
P00721,TOR_20260820_1_PA001,722,3,0,2,0,0,0,0,0,0,17,0,0,0,0,Swinging Strike,1,0,Observed,Observed,Observed,1,1,1
P00722,TOR_20260820_1_PA002,723,1,0,0,0,0,0,0,0,0,12,0,1,2,3,Foul,0,0,Observed,Observed,Observed,1,1,1
P00723,TOR_20260820_1_PA002,724,2,0,1,0,0,0,0,0,0,14,0,1,2,3,Foul,0,0,Observed,Observed,Observed,1,1,1
P00724,TOR_20260820_1_PA002,725,3,0,2,0,0,0,0,0,0,18,0,1,2,3,Swinging Strike,1,0,Observed,Observed,Observed,1,1,1
P00725,TOR_20260820_1_PA003,726,1,0,0,0,0,0,0,0,0,12,0,1,2,3,Called Strike,0,0,Observed,Observed,Observed,1,1,1
P00726,TOR_20260820_1_PA003,727,2,0,1,0,0,0,0,0,0,12,0,1,1,2,Foul,0,0,Observed,Observed,Observed,1,1,1
P00727,TOR_20260820_1_PA003,728,3,0,2,0,0,0,0,0,0,15,0,1,2,3,Ball,0,0,Observed,Observed,Observed,1,1,1
P00728,TOR_20260820_1_PA003,729,4,1,2,0,0,0,0,0,0,14,0,0,2,2,Foul,0,0,Observed,Observed,Observed,1,1,1
P00729,TOR_20260820_1_PA003,730,5,1,2,0,0,0,0,0,0,13,0,0,1,1,Ball,0,0,Observed,Observed,Observed,1,1,1
P00730,TOR_20260820_1_PA003,731,6,2,2,0,0,0,0,0,0,16,0,0,0,0,Foul,0,0,Observed,Observed,Observed,1,1,1
P00731,TOR_20260820_1_PA003,732,7,2,2,0,0,0,0,0,0,12,0,0,2,2,Foul,0,0,Observed,Observed,Observed,1,1,1
P00732,TOR_20260820_1_PA003,733,8,2,2,0,0,0,0,0,0,12,0,0,1,1,Foul,0,0,Observed,Observed,Observed,1,1,1
P00733,TOR_20260820_1_PA003,734,9,2,2,0,0,0,0,0,0,12,0,0,2,2,Foul,0,0,Observed,Observed,Observed,1,1,1
P00734,TOR_20260820_1_PA003,735,10,2,2,0,0,0,0,0,0,14,0,0,1,1,Ball,0,0,Observed,Observed,Observed,1,1,1
P00735,TOR_20260820_1_PA003,736,11,3,2,0,0,0,0,0,0,15,0,0,2,2,In Play,1,0,Observed,Observed,Observed,1,1,1
P00736,TOR_20260820_1_PA004,737,1,0,0,1,0,0,0,1,0,11,0,0,1,1,Foul,1,0,Observed,Observed,Observed,1,1,1
P00737,TOR_20260820_1_PA005,738,1,0,0,0,0,0,0,0,0,11,0,0,0,0,Called Strike,0,0,Observed,Observed,Observed,1,1,1
P00738,TOR_20260820_1_PA005,739,2,0,1,0,0,0,0,0,0,16,0,1,0,1,In Play,1,0,Observed,Observed,Observed,1,1,1
P00739,TOR_20260820_1_PA006,740,1,0,0,0,0,0,0,0,0,10,0,0,0,0,In Play,1,0,Observed,Observed,Observed,1,1,1
P00740,TOR_20260820_1_PA007,741,1,0,0,1,0,0,0,1,0,12,0,0,1,1,Ball,0,0,Observed,Observed,Observed,1,1,1
P00741,TOR_20260820_1_PA007,742,2,1,0,1,0,0,0,1,0,13,0,0,2,2,Ball,0,0,Observed,Observed,Observed,1,1,1
P00742,TOR_20260820_1_PA007,743,3,2,0,1,0,0,0,1,0,14,0,1,2,3,Ball,0,0,Observed,Observed,Observed,1,1,1
P00743,TOR_20260820_1_PA007,744,4,3,0,1,0,0,0,1,0,13,0,1,0,1,Called Strike,0,0,Observed,Observed,Observed,1,1,1
P00744,TOR_20260820_1_PA007,745,5,3,1,1,0,0,0,1,0,13,0,1,0,1,Swinging Strike,0,0,Observed,Observed,Observed,1,1,1
P00745,TOR_20260820_1_PA007,746,6,3,2,0,1,0,1,1,1,35,0,1,0,1,Swinging Strike,1,0,Observed,Observed,Observed,1,1,1
P00746,TOR_20260820_1_PA008,747,1,0,0,0,1,0,1,1,0,11,0,0,1,1,In Play,1,0,Observed,Observed,Observed,1,1,1
P00747,TOR_20260820_1_PA009,748,1,0,0,0,1,0,1,1,0,11,0,1,2,3,Foul,0,0,Observed,Observed,Observed,1,1,1
P00748,TOR_20260820_1_PA009,749,2,0,1,0,0,1,1,1,0,13,0,1,0,1,Called Strike,0,0,Observed,Observed,Observed,1,1,1
P00749,TOR_20260820_1_PA009,750,3,0,2,0,0,1,1,1,0,13,1,1,0,2,Ball,0,0,Observed,Observed,Observed,1,1,1
P00750,TOR_20260820_1_PA009,751,4,1,2,0,0,1,1,1,0,11,1,1,1,3,Ball,0,0,Observed,Observed,Observed,1,1,1
P00751,TOR_20260820_1_PA009,752,5,2,2,0,0,1,1,1,0,12,1,1,2,4,In Play,1,0,Observed,Observed,Observed,1,1,1
P00752,TOR_20260820_1_PA010,753,1,0,0,0,0,0,0,0,0,12,0,0,2,2,Called Strike,0,0,Observed,Observed,Observed,1,1,1
P00753,TOR_20260820_1_PA010,754,2,0,1,0,0,0,0,0,0,10,0,0,2,2,Foul,0,0,Observed,Observed,Observed,1,1,1
P00754,TOR_20260820_1_PA010,755,3,0,2,0,0,0,0,0,0,10,0,0,2,2,Foul,0,0,Observed,Observed,Observed,1,1,1
P00755,TOR_20260820_1_PA010,756,4,0,2,0,0,0,0,0,0,12,0,0,2,2,Called Strike,1,0,Observed,Observed,Observed,1,1,1
P00756,TOR_20260820_1_PA011,757,1,0,0,0,0,0,0,0,0,11,0,0,0,0,Called Strike,0,0,Observed,Observed,Observed,1,1,1
P00757,TOR_20260820_1_PA011,758,2,0,1,0,0,0,0,0,0,11,0,0,0,0,Called Strike,0,0,Observed,Observed,Observed,1,1,1
P00758,TOR_20260820_1_PA011,759,3,0,2,0,0,0,0,0,0,11,0,0,1,1,Foul,0,0,Observed,Observed,Observed,1,1,1
P00759,TOR_20260820_1_PA011,760,4,0,2,0,0,0,0,0,0,12,0,0,0,0,Foul,0,0,Observed,Observed,Observed,1,1,1
P00760,TOR_20260820_1_PA011,761,5,0,2,0,0,0,0,0,0,14,0,0,1,1,In Play,1,0,Observed,Observed,Observed,1,1,1
P00761,TOR_20260820_1_PA012,762,1,0,0,0,0,0,0,0,0,13,0,0,2,2,Called Strike,0,0,Observed,Observed,Observed,1,1,1
P00762,TOR_20260820_1_PA012,763,2,0,1,0,0,0,0,0,0,13,0,0,2,2,Swinging Strike,0,0,Observed,Observed,Observed,1,1,1
P00763,TOR_20260820_1_PA012,764,3,0,2,0,0,0,0,0,0,14,0,1,0,1,Ball,0,0,Observed,Observed,Observed,1,1,1
P00764,TOR_20260820_1_PA012,765,4,1,2,0,0,0,0,0,0,20,1,1,2,4,Foul,0,0,Observed,Observed,Observed,1,1,1
P00765,TOR_20260820_1_PA012,766,5,1,2,0,0,0,0,0,0,17,0,0,2,2,Ball,0,0,Observed,Observed,Observed,1,1,1
P00766,TOR_20260820_1_PA012,767,6,2,2,0,0,0,0,0,0,17,0,0,2,2,In Play,1,0,Observed,Observed,Observed,1,1,1
P00767,TOR_20260820_1_PA013,768,1,0,0,0,0,0,0,0,0,10,0,0,0,0,Called Strike,0,0,Observed,Observed,Observed,1,1,1
P00768,TOR_20260820_1_PA013,769,2,0,1,0,0,0,0,0,0,13,0,0,0,0,Called Strike,0,0,Observed,Observed,Observed,1,1,1
P00769,TOR_20260820_1_PA013,770,3,0,2,0,0,0,0,0,0,14,0,0,0,0,Swinging Strike,1,0,Observed,Observed,Observed,1,1,1
P00770,TOR_20260820_1_PA014,771,1,0,0,0,0,0,0,0,0,11,0,0,0,0,In Play,1,0,Observed,Observed,Observed,1,1,1
P00771,TOR_20260820_1_PA015,772,1,0,0,0,1,0,1,1,0,10,0,1,2,3,Called Strike,0,0,Observed,Observed,Observed,1,1,1
P00772,TOR_20260820_1_PA015,773,2,0,1,0,1,0,1,1,0,14,0,1,2,3,Swinging Strike,0,0,Observed,Observed,Observed,1,1,1
P00773,TOR_20260820_1_PA015,774,3,0,2,0,1,0,1,1,0,20,2,0,0,2,Ball,0,0,Observed,Observed,Observed,1,1,1
P00774,TOR_20260820_1_PA015,775,4,1,2,0,1,0,1,1,0,15,1,0,2,3,In Play,1,0,Observed,Observed,Observed,1,1,1
P00775,TOR_20260820_1_PA016,776,1,0,0,0,0,1,1,1,0,14,0,0,0,0,Ball,0,0,Observed,Observed,Observed,1,1,1
P00776,TOR_20260820_1_PA016,777,2,1,0,0,0,1,1,1,0,16,0,0,0,0,Swinging Strike,0,0,Observed,Observed,Observed,1,1,1
P00777,TOR_20260820_1_PA016,778,3,1,1,0,0,1,1,1,0,16,0,0,0,0,Swinging Strike,0,0,Observed,Observed,Observed,1,1,1
P00778,TOR_20260820_1_PA016,779,4,1,2,0,0,1,1,1,0,17,0,0,1,1,Ball,0,0,Observed,Observed,Observed,1,1,1
P00779,TOR_20260820_1_PA016,780,5,2,2,0,0,1,1,1,0,16,0,0,1,1,Ball,0,0,Observed,Observed,Observed,1,1,1
P00780,TOR_20260820_1_PA016,781,6,3,2,0,0,1,1,1,0,18,0,0,0,0,Ball,1,0,Observed,Observed,Observed,1,1,1
P00781,TOR_20260820_1_PA017,782,1,0,0,1,0,1,1,2,0,14,0,0,0,0,Ball,0,0,Observed,Observed,Observed,1,1,1
P00782,TOR_20260820_1_PA017,783,2,1,0,1,0,1,1,2,0,18,0,0,1,1,Called Strike,0,0,Observed,Observed,Observed,1,1,1
P00783,TOR_20260820_1_PA017,784,3,1,1,1,0,1,1,2,0,15,0,0,1,1,Foul,0,0,Observed,Observed,Observed,1,1,1
P00784,TOR_20260820_1_PA017,785,4,1,2,1,0,1,1,2,0,12,1,1,1,3,Ball,0,0,Observed,Observed,Observed,1,1,1
P00785,TOR_20260820_1_PA017,786,5,2,2,1,0,1,1,2,0,13,0,0,1,1,Foul,0,0,Observed,Observed,Observed,1,1,1
P00786,TOR_20260820_1_PA017,787,6,2,2,1,0,1,1,2,0,14,0,0,1,1,Swinging Strike,1,0,Observed,Observed,Observed,1,1,1
P00787,TOR_20260820_1_PA018,788,1,0,0,0,0,0,0,0,0,9,0,1,2,3,Called Strike,0,0,Observed,Observed,Observed,1,1,1
P00788,TOR_20260820_1_PA018,789,2,0,1,0,0,0,0,0,0,15,0,1,2,3,In Play,1,0,Observed,Observed,Observed,1,1,1
P00789,TOR_20260820_1_PA019,790,1,0,0,0,0,0,0,0,0,19,0,0,0,0,Ball,0,0,Observed,Observed,Observed,1,1,1
P00790,TOR_20260820_1_PA019,791,2,1,0,0,0,0,0,0,0,13,0,0,0,0,Called Strike,0,0,Observed,Observed,Observed,1,1,1
P00791,TOR_20260820_1_PA019,792,3,1,1,0,0,0,0,0,0,12,0,0,1,1,Foul,0,0,Observed,Observed,Observed,1,1,1
P00792,TOR_20260820_1_PA019,793,4,1,2,0,0,0,0,0,0,18,0,0,0,0,Foul,0,0,Observed,Observed,Observed,1,1,1
P00793,TOR_20260820_1_PA019,794,5,1,2,0,0,0,0,0,0,15,0,0,0,0,Ball,0,0,Observed,Observed,Observed,1,1,1
P00794,TOR_20260820_1_PA019,795,6,2,2,0,0,0,0,0,0,15,0,0,1,1,Foul,0,0,Observed,Observed,Observed,1,1,1
P00795,TOR_20260820_1_PA019,796,7,2,2,0,0,0,0,0,0,11,0,0,0,0,Swinging Strike,1,0,Observed,Observed,Observed,1,1,1
P00796,TOR_20260820_1_PA020,797,1,0,0,0,0,0,0,0,0,12,0,0,0,0,Swinging Strike,0,0,Observed,Observed,Observed,1,1,1
P00797,TOR_20260820_1_PA020,798,2,0,1,0,0,0,0,0,0,14,0,0,1,1,Ball,0,0,Observed,Observed,Observed,1,1,1
P00798,TOR_20260820_1_PA020,799,3,1,1,0,0,0,0,0,0,14,0,0,0,0,Foul,0,0,Observed,Observed,Observed,1,1,1
P00799,TOR_20260820_1_PA020,800,4,1,2,0,0,0,0,0,0,16,0,1,0,1,Ball,0,0,Observed,Observed,Observed,1,1,1
P00800,TOR_20260820_1_PA020,801,5,2,2,0,0,0,0,0,0,10,0,0,2,2,In Play,1,0,Observed,Observed,Observed,1,1,1
P00801,TOR_20260820_1_PA021,802,1,0,0,0,0,0,0,0,0,19,0,1,2,3,Called Strike,0,0,Observed,Observed,Observed,1,1,1
P00802,TOR_20260820_1_PA021,803,2,0,1,0,0,0,0,0,0,14,0,1,2,3,Ball,0,0,Observed,Observed,Observed,1,1,1
P00803,TOR_20260820_1_PA021,804,3,1,1,0,0,0,0,0,0,14,0,1,2,3,In Play,1,0,Observed,Observed,Observed,1,1,1
P00804,TOR_20260820_1_PA022,805,1,0,0,0,0,0,0,0,0,17,0,0,0,0,Called Strike,0,0,Observed,Observed,Observed,1,1,1
P00805,TOR_20260820_1_PA022,806,2,0,1,0,0,0,0,0,0,15,0,0,0,0,Foul,0,0,Observed,Observed,Observed,1,1,1
P00806,TOR_20260820_1_PA022,807,3,0,2,0,0,0,0,0,0,14,0,0,1,1,Swinging Strike,1,0,Observed,Observed,Observed,1,1,1
P00807,TOR_20260820_1_PA023,808,1,0,0,0,0,0,0,0,0,13,0,0,0,0,Ball,0,0,Observed,Observed,Observed,1,1,1
P00808,TOR_20260820_1_PA023,809,2,1,0,0,0,0,0,0,0,13,0,1,0,1,Called Strike,0,0,Observed,Observed,Observed,1,1,1
P00809,TOR_20260820_1_PA023,810,3,1,1,0,0,0,0,0,0,19,0,1,0,1,Foul,0,0,Observed,Observed,Observed,1,1,1
P00810,TOR_20260820_1_PA023,811,4,1,2,0,0,0,0,0,0,15,0,0,0,0,Swinging Strike,1,0,Observed,Observed,Observed,1,1,1
P00811,TOR_20260820_1_PA024,812,1,0,0,0,0,0,0,0,0,10,0,0,1,1,Swinging Strike,0,0,Observed,Observed,Observed,1,1,1
P00812,TOR_20260820_1_PA024,813,2,0,1,0,0,0,0,0,0,16,1,0,1,2,In Play,1,0,Observed,Observed,Observed,1,1,1
P00813,TOR_20260820_1_PA025,814,1,0,0,0,1,0,1,1,0,15,0,0,0,0,Called Strike,0,0,Observed,Observed,Observed,1,1,1
P00814,TOR_20260820_1_PA025,815,2,0,1,0,1,0,1,1,0,16,0,1,0,1,In Play,1,0,Observed,Observed,Observed,1,1,1
P00815,TOR_20260820_1_PA026,816,1,0,0,0,1,0,1,1,0,15,0,0,1,1,Foul,0,0,Observed,Observed,Observed,1,1,1
P00816,TOR_20260820_1_PA026,817,2,0,1,0,1,0,1,1,0,17,1,0,0,1,Ball,0,0,Observed,Observed,Observed,1,1,1
P00817,TOR_20260820_1_PA026,818,3,1,1,0,1,0,1,1,0,15,0,0,1,1,Called Strike,0,0,Observed,Observed,Observed,1,1,1
P00818,TOR_20260820_1_PA026,819,4,1,2,0,1,0,1,1,0,12,0,0,1,1,Ball,0,0,Observed,Observed,Observed,1,1,1
P00819,TOR_20260820_1_PA026,820,5,2,2,0,1,0,1,1,0,14,0,0,1,1,Ball,0,0,Observed,Observed,Observed,1,1,1
P00820,TOR_20260820_1_PA026,821,6,3,2,0,1,0,1,1,0,16,0,0,0,0,Foul,0,0,Observed,Observed,Observed,1,1,1
P00821,TOR_20260820_1_PA026,822,7,3,2,0,1,0,1,1,0,14,0,0,0,0,Called Strike,1,0,Observed,Observed,Observed,1,1,1
P00822,TOR_20260820_1_PA027,823,1,0,0,0,0,0,0,0,0,9,0,1,2,3,Called Strike,0,0,Observed,Observed,Observed,1,1,1
P00823,TOR_20260820_1_PA027,824,2,0,1,0,0,0,0,0,0,11,0,1,2,3,Ball,0,0,Observed,Observed,Observed,1,1,1
P00824,TOR_20260820_1_PA027,825,3,1,1,0,0,0,0,0,0,12,0,1,0,1,Swinging Strike,0,0,Observed,Observed,Observed,1,1,1
P00825,TOR_20260820_1_PA027,826,4,1,2,0,0,0,0,0,0,14,0,1,2,3,Foul,0,0,Observed,Observed,Observed,1,1,1
P00826,TOR_20260820_1_PA027,827,5,1,2,0,0,0,0,0,0,17,0,2,2,4,Foul,0,0,Observed,Observed,Observed,1,1,1
P00827,TOR_20260820_1_PA027,828,6,1,2,0,0,0,0,0,0,10,0,1,2,3,Foul,0,0,Observed,Observed,Observed,1,1,1
P00828,TOR_20260820_1_PA027,829,7,1,2,0,0,0,0,0,0,14,0,1,2,3,Swinging Strike,1,0,Observed,Observed,Observed,1,1,1
P00829,TOR_20260820_1_PA028,830,1,0,0,0,0,0,0,0,0,16,0,0,2,2,In Play,1,0,Observed,Observed,Observed,1,1,1
P00830,TOR_20260820_1_PA029,831,1,0,0,1,0,0,0,1,1,41,0,0,0,0,Ball,0,0,Observed,Observed,Observed,1,1,1
P00831,TOR_20260820_1_PA029,832,2,1,0,1,0,0,0,1,0,15,0,1,2,3,Ball,0,0,Observed,Observed,Observed,1,1,1
P00832,TOR_20260820_1_PA029,833,3,2,0,1,0,0,0,1,0,15,0,1,2,3,Foul,0,0,Observed,Observed,Observed,1,1,1
P00833,TOR_20260820_1_PA029,834,4,2,1,1,0,0,0,1,0,15,0,1,2,3,Ball,0,0,Observed,Observed,Observed,1,1,1
P00834,TOR_20260820_1_PA029,835,5,3,1,1,0,0,0,1,0,16,0,1,2,3,Called Strike,0,0,Observed,Observed,Observed,1,1,1
P00835,TOR_20260820_1_PA029,836,6,3,2,1,0,0,0,1,1,41,0,1,2,3,In Play,1,0,Observed,Observed,Observed,1,1,1
P00836,TOR_20260820_1_PA030,837,1,0,0,1,1,1,1,3,0,15,0,0,0,0,Called Strike,0,0,Observed,Observed,Observed,1,1,0
P00837,TOR_20260820_1_PA030,838,2,0,1,1,1,1,1,3,0,9,0,0,0,0,Foul,0,0,Observed,Observed,Observed,1,1,0
P00838,TOR_20260820_1_PA030,839,3,0,2,1,1,1,1,3,0,16,0,0,0,0,Called Strike,0,0,Observed,Observed,Observed,1,1,0
P00839,TOR_20260820_1_PA030,840,4,,,1,1,1,1,3,0,15,0,0,0,0,Foul,0,0,Observed,Observed,Observed,1,1,0
P00840,TOR_20260820_1_PA030,841,5,,,1,1,1,1,3,0,14,1,0,0,1,Ball,0,0,Observed,Observed,Observed,1,1,0
P00841,TOR_20260820_1_PA030,842,6,,,1,1,1,1,3,0,15,0,0,0,0,Ball,0,0,Observed,Observed,Observed,1,1,0
P00842,TOR_20260820_1_PA030,843,7,,,1,1,1,1,3,0,16,0,0,1,1,In Play,1,0,Observed,Observed,Observed,1,1,0
P00843,TOR_20260820_1_PA031,844,1,0,0,1,0,1,1,2,0,13,0,0,0,0,Called Strike,0,0,Observed,Observed,Observed,1,1,1
P00844,TOR_20260820_1_PA031,845,2,0,1,1,0,1,1,2,0,12,0,1,0,1,Foul,0,0,Observed,Observed,Observed,1,1,1
P00845,TOR_20260820_1_PA031,846,3,0,2,1,0,1,1,2,0,17,0,1,0,1,Ball,0,0,Observed,Observed,Observed,1,1,1
P00846,TOR_20260820_1_PA031,847,4,1,2,1,0,1,1,2,0,16,0,0,0,0,Foul,0,0,Observed,Observed,Observed,1,1,1
P00847,TOR_20260820_1_PA031,848,5,1,2,1,0,1,1,2,0,20,0,1,0,1,Ball,0,0,Observed,Observed,Observed,1,1,1
P00848,TOR_20260820_1_PA031,849,6,2,2,1,0,1,1,2,0,15,0,0,0,0,Foul,0,0,Observed,Observed,Observed,1,1,1
P00849,TOR_20260820_1_PA031,850,7,2,2,1,0,1,1,2,0,16,0,1,0,1,In Play,1,0,Observed,Observed,Observed,1,1,1
P00850,TOR_20260820_1_PA032,851,1,0,0,0,0,0,0,0,0,15,0,0,1,1,Ball,0,0,Observed,Observed,Observed,1,1,1
P00851,TOR_20260820_1_PA032,852,2,1,0,0,0,0,0,0,0,15,0,0,1,1,Ball,0,0,Observed,Observed,Observed,1,1,1
P00852,TOR_20260820_1_PA032,853,3,2,0,0,0,0,0,0,0,15,0,0,1,1,Ball,0,0,Observed,Observed,Observed,1,1,1
P00853,TOR_20260820_1_PA032,854,4,3,0,0,0,0,0,0,1,24,0,0,1,1,Ball,1,0,Observed,Observed,Observed,1,1,1
P00854,TOR_20260820_1_PA033,855,1,0,0,1,0,0,0,1,0,14,0,0,0,0,Ball,0,0,Observed,Observed,Observed,1,1,1
P00855,TOR_20260820_1_PA033,856,2,1,0,1,0,0,0,1,0,15,0,0,0,0,Foul,0,0,Observed,Observed,Observed,1,1,1
P00856,TOR_20260820_1_PA033,857,3,1,1,1,0,0,0,1,0,15,1,0,0,1,Ball,0,0,Observed,Observed,Observed,1,1,1
P00857,TOR_20260820_1_PA033,858,4,2,1,1,0,0,0,1,0,16,1,0,1,2,In Play,1,0,Observed,Observed,Observed,1,1,1
P00858,TOR_20260820_1_PA034,859,1,0,0,1,0,1,1,2,0,11,0,0,1,1,Foul,0,0,Observed,Observed,Observed,1,1,1
P00859,TOR_20260820_1_PA034,860,2,0,1,1,0,1,1,2,0,19,0,0,1,1,In Play,1,0,Observed,Observed,Observed,1,1,1
P00860,TOR_20260820_1_PA035,861,1,0,0,1,1,0,1,2,0,20,0,1,2,3,Foul,0,0,Observed,Observed,Observed,1,1,1
P00861,TOR_20260820_1_PA035,862,2,0,1,1,1,0,1,2,0,17,0,1,2,3,Ball,0,0,Observed,Observed,Observed,1,1,1
P00862,TOR_20260820_1_PA035,863,3,1,1,1,1,0,1,2,0,16,1,1,2,4,Foul,0,0,Observed,Observed,Observed,1,1,1
P00863,TOR_20260820_1_PA035,864,4,1,2,1,1,0,1,2,0,16,0,1,2,3,Foul,0,0,Observed,Observed,Observed,1,1,1
P00864,TOR_20260820_1_PA035,865,5,1,2,1,1,0,1,2,0,13,0,1,2,3,Ball,0,0,Observed,Observed,Observed,1,1,1
P00865,TOR_20260820_1_PA035,866,6,2,2,1,1,0,1,2,0,17,0,1,2,3,Ball,0,0,Observed,Observed,Observed,1,1,1
P00866,TOR_20260820_1_PA035,867,7,3,2,1,1,0,1,2,0,20,0,1,2,3,In Play,1,0,Observed,Observed,Observed,1,1,1
P00867,TOR_20260820_1_PA036,868,1,0,0,1,0,1,1,2,0,16,0,0,0,0,Ball,0,0,Observed,Observed,Observed,1,1,1
P00868,TOR_20260820_1_PA036,869,2,1,0,1,0,1,1,2,0,18,0,0,1,1,In Play,1,0,Observed,Observed,Observed,1,1,1
P00869,TOR_20260820_1_PA037,870,1,0,0,0,0,0,0,0,0,15,0,0,1,1,Called Strike,0,0,Observed,Observed,Observed,1,1,1
P00870,TOR_20260820_1_PA037,871,2,0,1,0,0,0,0,0,0,11,0,0,1,1,Called Strike,0,0,Observed,Observed,Observed,1,1,1
P00871,TOR_20260820_1_PA037,872,3,0,2,0,0,0,0,0,0,12,0,0,2,2,Foul,0,0,Observed,Observed,Observed,1,1,1
P00872,TOR_20260820_1_PA037,873,4,0,2,0,0,0,0,0,0,12,0,1,1,2,Ball,0,0,Observed,Observed,Observed,1,1,1
P00873,TOR_20260820_1_PA037,874,5,1,2,0,0,0,0,0,0,14,0,0,1,1,Called Strike,1,0,Observed,Observed,Observed,1,1,1
P00874,TOR_20260820_1_PA038,875,1,0,0,0,0,0,0,0,0,17,0,1,2,3,In Play,1,0,Observed,Observed,Observed,1,1,1
P00875,TOR_20260820_1_PA039,876,1,0,0,0,0,0,0,0,0,20,0,0,0,0,Called Strike,0,0,Observed,Observed,Observed,1,1,1
P00876,TOR_20260820_1_PA039,877,2,0,1,0,0,0,0,0,0,11,0,0,1,1,Foul,0,0,Observed,Observed,Observed,1,1,1
P00877,TOR_20260820_1_PA039,878,3,0,2,0,0,0,0,0,0,15,0,0,1,1,In Play,1,0,Observed,Observed,Observed,1,1,1
P00878,TOR_20260820_1_PA040,879,1,0,0,1,0,0,0,1,0,15,0,0,0,0,Called Strike,0,0,Observed,Observed,Observed,1,1,1
P00879,TOR_20260820_1_PA040,880,2,0,1,1,0,0,0,1,0,15,0,1,0,1,Ball,0,0,Observed,Observed,Observed,1,1,1
P00880,TOR_20260820_1_PA040,881,3,1,1,1,0,0,0,1,0,15,0,1,0,1,In Play,1,0,Observed,Observed,Observed,1,1,1
P00881,TOR_20260821_1_PA001,882,1,0,0,0,0,0,0,0,0,16,0,0,0,0,Ball,0,0,Observed,Observed,Observed,1,1,1
P00882,TOR_20260821_1_PA001,883,2,1,0,0,0,0,0,0,0,17,0,0,0,0,Ball,0,0,Observed,Observed,Observed,1,1,1
P00883,TOR_20260821_1_PA001,884,3,2,0,0,0,0,0,0,0,18,0,0,0,0,Swinging Strike,0,0,Observed,Observed,Observed,1,1,1
P00884,TOR_20260821_1_PA001,885,4,2,1,0,0,0,0,0,0,18,0,0,0,0,In Play,1,0,Observed,Observed,Observed,1,1,1
P00885,TOR_20260821_1_PA002,886,1,0,0,1,0,0,0,1,0,15,0,1,2,3,In Play,1,0,Observed,Observed,Observed,1,1,1
P00886,TOR_20260821_1_PA003,887,1,0,0,0,0,0,0,0,0,14,0,1,2,3,Ball,0,0,Observed,Observed,Observed,1,1,1
P00887,TOR_20260821_1_PA003,888,2,1,0,0,0,0,0,0,0,14,0,2,2,4,Ball,0,0,Observed,Observed,Observed,1,1,1
P00888,TOR_20260821_1_PA003,889,3,2,0,0,0,0,0,0,0,15,1,1,2,4,Ball,0,0,Observed,Observed,Observed,1,1,1
P00889,TOR_20260821_1_PA003,890,4,3,0,0,0,0,0,0,0,16,0,0,1,1,Ball,1,0,Observed,Observed,Observed,1,1,1
P00890,TOR_20260821_1_PA004,891,1,0,0,1,0,0,0,1,0,16,0,0,1,1,In Play,1,0,Observed,Observed,Observed,1,1,1
P00891,TOR_20260821_1_PA005,892,1,0,0,1,1,0,1,2,0,17,0,2,1,3,Called Strike,0,0,Observed,Observed,Observed,1,1,1
P00892,TOR_20260821_1_PA005,893,2,0,1,1,1,0,1,2,0,17,0,0,1,1,Foul,0,0,Observed,Observed,Observed,1,1,1
P00893,TOR_20260821_1_PA005,894,3,0,2,1,1,0,1,2,0,21,0,0,0,0,In Play,1,0,Observed,Observed,Observed,1,1,1
P00894,TOR_20260821_1_PA006,895,1,0,0,0,0,0,0,0,0,14,0,0,0,0,Ball,0,0,Observed,Observed,Observed,1,1,1
P00895,TOR_20260821_1_PA006,896,2,1,0,0,0,0,0,0,0,13,0,1,0,1,Ball,0,0,Observed,Observed,Observed,1,1,1
P00896,TOR_20260821_1_PA006,897,3,2,0,0,0,0,0,0,0,12,0,1,0,1,Called Strike,0,0,Observed,Observed,Observed,1,1,1
P00897,TOR_20260821_1_PA006,898,4,2,1,0,0,0,0,0,0,13,0,1,0,1,In Play,1,0,Observed,Observed,Observed,1,1,1
P00898,TOR_20260821_1_PA007,899,1,0,0,0,0,0,0,0,0,16,0,0,1,1,In Play,1,0,Observed,Observed,Observed,1,1,1
P00899,TOR_20260821_1_PA008,900,1,0,0,0,0,0,0,0,0,15,0,0,0,0,In Play,1,0,Observed,Observed,Observed,1,1,1
P00900,TOR_20260821_1_PA009,901,1,0,0,0,0,0,0,0,0,13,0,0,1,1,Ball,0,0,Observed,Observed,Observed,1,1,1
P00901,TOR_20260821_1_PA009,902,2,1,0,0,0,0,0,0,0,14,0,0,1,1,Called Strike,0,0,Observed,Observed,Observed,1,1,1
P00902,TOR_20260821_1_PA009,903,3,1,1,0,0,0,0,0,0,18,0,0,1,1,Ball,0,0,Observed,Observed,Observed,1,1,1
P00903,TOR_20260821_1_PA009,904,4,2,1,0,0,0,0,0,0,15,0,0,1,1,Ball,0,0,Observed,Observed,Observed,1,1,1
P00904,TOR_20260821_1_PA009,905,5,3,1,0,0,0,0,0,0,13,0,0,1,1,Ball,1,0,Observed,Observed,Observed,1,1,1
P00905,TOR_20260821_1_PA010,906,1,0,0,1,0,0,0,1,0,12,0,0,0,0,Called Strike,0,0,Observed,Observed,Observed,1,1,1
P00906,TOR_20260821_1_PA010,907,2,0,1,1,0,0,0,1,0,16,0,0,0,0,Ball,0,0,Observed,Observed,Observed,1,1,1
P00907,TOR_20260821_1_PA010,908,3,1,1,1,0,0,0,1,0,14,0,0,0,0,Called Strike,0,0,Observed,Observed,Observed,1,1,1
P00908,TOR_20260821_1_PA010,909,4,1,2,1,0,0,0,1,0,22,0,0,0,0,Foul,0,0,Observed,Observed,Observed,1,1,1
P00909,TOR_20260821_1_PA010,910,5,1,2,1,0,0,0,1,0,14,0,0,0,0,Ball,0,0,Observed,Observed,Observed,1,1,1
P00910,TOR_20260821_1_PA010,911,6,2,2,1,0,0,0,1,0,17,0,0,0,0,In Play,1,0,Observed,Observed,Observed,1,1,1
P00911,TOR_20260821_1_PA011,912,1,0,0,0,1,0,1,1,0,15,0,1,2,3,Ball,0,0,Observed,Observed,Observed,1,1,1
P00912,TOR_20260821_1_PA011,913,2,1,0,0,1,0,1,1,0,14,0,1,2,3,Ball,0,0,Observed,Observed,Observed,1,1,1
P00913,TOR_20260821_1_PA011,914,3,2,0,0,1,0,1,1,0,13,1,1,2,4,Ball,0,0,Observed,Observed,Observed,1,1,1
P00914,TOR_20260821_1_PA011,915,4,3,0,0,1,0,1,1,0,14,0,1,2,3,Called Strike,0,0,Observed,Observed,Observed,1,1,1
P00915,TOR_20260821_1_PA011,916,5,3,1,0,1,0,1,1,0,13,0,1,2,3,In Play,1,0,Observed,Observed,Observed,1,1,1
P00916,TOR_20260821_1_PA012,917,1,0,0,0,1,0,1,1,0,16,0,1,2,3,Ball,0,0,Observed,Observed,Observed,1,1,1
P00917,TOR_20260821_1_PA012,918,2,1,0,0,1,0,1,1,0,18,0,1,2,3,Ball,0,0,Observed,Observed,Observed,1,1,1
P00918,TOR_20260821_1_PA012,919,3,2,0,0,1,0,1,1,0,19,0,1,2,3,Ball,0,0,Observed,Observed,Observed,1,1,1
P00919,TOR_20260821_1_PA012,920,4,3,0,0,1,0,1,1,0,18,0,1,2,3,Called Strike,0,0,Observed,Observed,Observed,1,1,1
P00920,TOR_20260821_1_PA012,921,5,3,1,0,1,0,1,1,0,13,0,1,2,3,Called Strike,0,0,Observed,Observed,Observed,1,1,1
P00921,TOR_20260821_1_PA012,922,6,3,2,0,1,0,1,1,0,16,0,1,2,3,Ball,1,0,Observed,Observed,Observed,1,1,1
P00922,TOR_20260821_1_PA013,923,1,0,0,1,1,0,1,2,0,17,0,1,1,2,Swinging Strike,0,0,Observed,Observed,Observed,1,1,1
P00923,TOR_20260821_1_PA013,924,2,0,1,1,1,0,1,2,0,16,0,1,1,2,Swinging Strike,0,0,Observed,Observed,Observed,1,1,1
P00924,TOR_20260821_1_PA013,925,3,0,2,1,1,0,1,2,0,28,0,2,1,3,Ball,0,0,Observed,Observed,Observed,1,1,1
P00925,TOR_20260821_1_PA013,926,4,1,2,1,1,0,1,2,0,18,0,1,1,2,Swinging Strike,1,0,Observed,Observed,Observed,1,1,1
P00926,TOR_20260821_1_PA014,927,1,0,0,0,0,0,0,0,0,11,0,0,1,1,Ball,0,0,Observed,Observed,Observed,1,1,1
P00927,TOR_20260821_1_PA014,928,2,1,0,0,0,0,0,0,0,13,0,1,1,2,Ball,0,0,Observed,Observed,Observed,1,1,1
P00928,TOR_20260821_1_PA014,929,3,2,0,0,0,0,0,0,0,13,0,1,1,2,Called Strike,0,0,Observed,Observed,Observed,1,1,1
P00929,TOR_20260821_1_PA014,930,4,2,1,0,0,0,0,0,0,13,0,0,1,1,Called Strike,0,0,Observed,Observed,Observed,1,1,1
P00930,TOR_20260821_1_PA014,931,5,2,2,0,0,0,0,0,0,14,0,0,1,1,Foul,0,0,Observed,Observed,Observed,1,1,1
P00931,TOR_20260821_1_PA014,932,6,2,2,0,0,0,0,0,0,20,0,0,1,1,In Play,1,0,Observed,Observed,Observed,1,1,1
P00932,TOR_20260821_1_PA015,933,1,0,0,1,0,0,0,1,0,16,0,1,0,1,Called Strike,0,0,Observed,Observed,Observed,1,1,1
P00933,TOR_20260821_1_PA015,934,2,0,1,1,0,0,0,1,0,11,0,1,0,1,Swinging Strike,0,0,Observed,Observed,Observed,1,1,1
P00934,TOR_20260821_1_PA015,935,3,0,2,1,0,0,0,1,0,16,0,0,0,0,Ball,0,0,Observed,Observed,Observed,1,1,1
P00935,TOR_20260821_1_PA015,936,4,1,2,1,0,0,0,1,0,14,0,2,0,2,Ball,0,0,Observed,Observed,Observed,1,1,1
P00936,TOR_20260821_1_PA015,937,5,2,2,1,0,0,0,1,0,14,0,1,0,1,Foul,0,0,Observed,Observed,Observed,1,1,1
P00937,TOR_20260821_1_PA015,938,6,2,2,1,0,0,0,1,0,16,0,1,0,1,Ball,0,0,Observed,Observed,Observed,1,1,1
P00938,TOR_20260821_1_PA015,939,7,3,2,1,0,0,0,1,0,14,0,1,0,1,Foul,0,0,Observed,Observed,Observed,1,1,1
P00939,TOR_20260821_1_PA015,940,8,3,2,1,0,0,0,1,0,18,0,2,0,2,In Play,1,0,Observed,Observed,Observed,1,1,1
P00940,TOR_20260821_1_PA016,941,1,0,0,1,1,0,1,2,0,16,0,1,1,2,Ball,0,0,Observed,Observed,Observed,1,1,1
P00941,TOR_20260821_1_PA016,942,2,1,0,1,1,0,1,2,0,17,0,1,1,2,In Play,1,0,Observed,Observed,Observed,1,1,1
P00942,TOR_20260821_1_PA017,943,1,0,0,0,1,1,1,2,0,21,0,0,1,1,Swinging Strike,0,0,Observed,Observed,Observed,1,1,1
P00943,TOR_20260821_1_PA017,944,2,0,1,0,1,1,1,2,0,15,0,0,1,1,Foul,0,0,Observed,Observed,Observed,1,1,1
P00944,TOR_20260821_1_PA017,945,3,0,2,0,1,1,1,2,0,24,0,0,1,1,Swinging Strike,1,0,Observed,Observed,Observed,1,1,1
P00945,TOR_20260821_1_PA018,946,1,0,0,0,1,1,1,2,0,12,0,0,1,1,Foul,0,0,Observed,Observed,Observed,1,1,1
P00946,TOR_20260821_1_PA018,947,2,0,1,0,1,1,1,2,0,20,0,0,1,1,Ball,0,0,Observed,Observed,Observed,1,1,1
P00947,TOR_20260821_1_PA018,948,3,1,1,0,1,1,1,2,0,16,0,0,1,1,Called Strike,0,0,Observed,Observed,Observed,1,1,1
P00948,TOR_20260821_1_PA018,949,4,1,2,0,1,1,1,2,1,33,0,0,1,1,Ball,0,0,Observed,Observed,Observed,1,1,1
P00949,TOR_20260821_1_PA018,950,5,2,2,0,1,1,1,2,0,18,0,0,1,1,Ball,0,0,Observed,Observed,Observed,1,1,1
P00950,TOR_20260821_1_PA018,951,6,3,2,0,1,1,1,2,0,20,0,0,1,1,Foul,0,0,Observed,Observed,Observed,1,1,1
P00951,TOR_20260821_1_PA018,952,7,3,2,0,1,1,1,2,0,16,0,0,1,1,Foul,0,0,Observed,Observed,Observed,1,1,1
P00952,TOR_20260821_1_PA018,953,8,3,2,0,1,1,1,2,0,28,0,0,1,1,In Play,1,0,Observed,Observed,Observed,1,1,1
P00953,TOR_20260821_1_PA019,954,1,0,0,0,0,0,0,0,0,19,0,0,0,0,Called Strike,0,0,Observed,Observed,Observed,1,1,1
P00954,TOR_20260821_1_PA019,955,2,0,1,0,0,0,0,0,0,14,0,0,0,0,In Play,1,0,Observed,Observed,Observed,1,1,1
P00955,TOR_20260821_1_PA020,956,1,0,0,0,1,0,1,1,0,24,0,1,2,3,Ball,0,0,Observed,Observed,Observed,1,1,1
P00956,TOR_20260821_1_PA020,957,2,1,0,0,1,0,1,1,0,16,0,1,2,3,Foul,0,0,Observed,Observed,Observed,1,1,1
P00957,TOR_20260821_1_PA020,958,3,1,1,0,1,0,1,1,0,23,0,1,2,3,Foul,0,0,Observed,Observed,Observed,1,1,1
P00958,TOR_20260821_1_PA020,959,4,1,2,0,1,0,1,1,0,14,0,1,2,3,In Play,1,0,Observed,Observed,Observed,1,1,1
P00959,TOR_20260821_1_PA021,960,1,0,0,0,1,0,1,1,0,16,0,1,2,3,Swinging Strike,0,0,Observed,Observed,Observed,1,1,1
P00960,TOR_20260821_1_PA021,961,2,0,1,0,1,0,1,1,0,15,0,1,2,3,Ball,0,0,Observed,Observed,Observed,1,1,1
P00961,TOR_20260821_1_PA021,962,3,1,1,0,1,0,1,1,0,16,0,1,2,3,Called Strike,0,0,Observed,Observed,Observed,1,1,1
P00962,TOR_20260821_1_PA021,963,4,1,2,0,1,0,1,1,0,12,0,1,2,3,In Play,1,0,Observed,Observed,Observed,1,1,1
P00963,TOR_20260821_1_PA022,964,1,0,0,1,0,0,0,1,0,17,0,1,0,1,Ball,0,0,Observed,Observed,Observed,1,1,1
P00964,TOR_20260821_1_PA022,965,2,1,0,1,0,0,0,1,0,14,0,1,1,2,Ball,0,0,Observed,Observed,Observed,1,1,1
P00965,TOR_20260821_1_PA022,966,3,2,0,1,0,0,0,1,0,17,0,1,1,2,In Play,1,0,Observed,Observed,Observed,1,1,1
P00966,TOR_20260821_1_PA023,967,1,0,0,0,0,0,0,0,0,13,0,0,1,1,Ball,0,0,Observed,Observed,Observed,1,1,1
P00967,TOR_20260821_1_PA023,968,2,1,0,0,0,0,0,0,0,14,0,0,1,1,Called Strike,0,0,Observed,Observed,Observed,1,1,1
P00968,TOR_20260821_1_PA023,969,3,1,1,0,0,0,0,0,0,13,0,0,1,1,Foul,0,0,Observed,Observed,Observed,1,1,1
P00969,TOR_20260821_1_PA023,970,4,1,2,0,0,0,0,0,0,11,0,0,1,1,Swinging Strike,1,0,Observed,Observed,Observed,1,1,1
P00970,TOR_20260821_1_PA024,971,1,0,0,0,0,0,0,0,0,14,0,1,1,2,Called Strike,0,0,Observed,Observed,Observed,1,1,1
P00971,TOR_20260821_1_PA024,972,2,0,1,0,0,0,0,0,0,17,0,1,0,1,Swinging Strike,0,0,Observed,Observed,Observed,1,1,1
P00972,TOR_20260821_1_PA024,973,3,0,2,0,0,0,0,0,0,11,0,1,0,1,In Play,1,0,Observed,Observed,Observed,1,1,1
P00973,TOR_20260821_1_PA025,974,1,0,0,0,0,0,0,0,0,12,0,0,1,1,Called Strike,0,0,Observed,Observed,Observed,1,1,1
P00974,TOR_20260821_1_PA025,975,2,0,1,0,0,0,0,0,0,13,0,1,1,2,Called Strike,0,0,Observed,Observed,Observed,1,1,1
P00975,TOR_20260821_1_PA025,976,3,0,2,0,0,0,0,0,0,12,0,1,1,2,Ball,0,0,Observed,Observed,Observed,1,1,1
P00976,TOR_20260821_1_PA025,977,4,1,2,0,0,0,0,0,0,13,0,1,1,2,Swinging Strike,1,0,Observed,Observed,Observed,1,1,1
P00977,TOR_20260821_1_PA026,978,1,0,0,0,0,0,0,0,0,14,0,0,1,1,Called Strike,0,0,Observed,Observed,Observed,1,1,1
P00978,TOR_20260821_1_PA026,979,2,0,1,0,0,0,0,0,0,11,0,0,1,1,Called Strike,0,0,Observed,Observed,Observed,1,1,1
P00979,TOR_20260821_1_PA026,980,3,0,2,0,0,0,0,0,0,13,0,0,1,1,Ball,0,0,Observed,Observed,Observed,1,1,1
P00980,TOR_20260821_1_PA026,981,4,1,2,0,0,0,0,0,0,13,0,0,0,0,Swinging Strike,1,0,Observed,Observed,Observed,1,1,1
P00981,TOR_20260821_1_PA027,982,1,0,0,0,0,0,0,0,0,12,0,0,1,1,Called Strike,0,0,Observed,Observed,Observed,1,1,1
P00982,TOR_20260821_1_PA027,983,2,0,1,0,0,0,0,0,0,16,0,0,0,0,In Play,1,0,Observed,Observed,Observed,1,1,1
P00983,TOR_20260821_1_PA028,984,1,0,0,0,0,0,0,0,0,13,0,0,0,0,Ball,0,0,Observed,Observed,Observed,1,1,1
P00984,TOR_20260821_1_PA028,985,2,1,0,0,0,0,0,0,0,16,0,0,0,0,Called Strike,0,0,Observed,Observed,Observed,1,1,1
P00985,TOR_20260821_1_PA028,986,3,1,1,0,0,0,0,0,0,12,0,0,0,0,Called Strike,0,0,Observed,Observed,Observed,1,1,1
P00986,TOR_20260821_1_PA028,987,4,1,2,0,0,0,0,0,0,14,0,0,0,0,Ball,0,0,Observed,Observed,Observed,1,1,1
P00987,TOR_20260821_1_PA028,988,5,2,2,0,0,0,0,0,0,17,0,0,0,0,Foul,0,0,Observed,Observed,Observed,1,1,1
P00988,TOR_20260821_1_PA028,989,6,2,2,0,0,0,0,0,0,21,0,0,0,0,In Play,1,0,Observed,Observed,Observed,1,1,1
P00989,TOR_20260821_1_PA029,990,1,0,0,0,0,1,1,1,0,14,0,0,1,1,Called Strike,0,0,Observed,Observed,Observed,1,1,1
P00990,TOR_20260821_1_PA029,991,2,0,1,0,0,1,1,1,0,15,0,0,1,1,Swinging Strike,0,0,Observed,Observed,Observed,1,1,1
P00991,TOR_20260821_1_PA029,992,3,0,2,0,0,1,1,1,0,12,0,0,0,0,Foul,0,0,Observed,Observed,Observed,1,1,1
P00992,TOR_20260821_1_PA029,993,4,0,2,0,0,1,1,1,0,19,1,0,1,2,Ball,0,0,Observed,Observed,Observed,1,1,1
P00993,TOR_20260821_1_PA029,994,5,1,2,0,0,1,1,1,0,16,0,0,1,1,Ball,0,0,Observed,Observed,Observed,1,1,1
P00994,TOR_20260821_1_PA029,995,6,2,2,0,0,1,1,1,0,13,0,0,1,1,Foul,0,0,Observed,Observed,Observed,1,1,1
P00995,TOR_20260821_1_PA029,996,7,2,2,0,0,1,1,1,0,11,0,0,1,1,Swinging Strike,1,0,Observed,Observed,Observed,1,1,1
P00996,TOR_20260821_1_PA030,997,1,0,0,0,0,0,0,0,0,12,0,1,0,1,Called Strike,0,0,Observed,Observed,Observed,1,1,1
P00997,TOR_20260821_1_PA030,998,2,0,1,0,0,0,0,0,0,13,0,1,0,1,Ball,0,0,Observed,Observed,Observed,1,1,1
P00998,TOR_20260821_1_PA030,999,3,1,1,0,0,0,0,0,0,13,0,1,0,1,Ball,0,0,Observed,Observed,Observed,1,1,1
P00999,TOR_20260821_1_PA030,1000,4,2,1,0,0,0,0,0,0,16,0,1,0,1,Called Strike,0,0,Observed,Observed,Observed,1,1,1
P01000,TOR_20260821_1_PA030,1001,5,2,2,0,0,0,0,0,0,13,0,1,0,1,Swinging Strike,1,0,Observed,Observed,Observed,1,1,1
P01001,TOR_20260821_1_PA031,1002,1,0,0,0,0,0,0,0,0,14,0,0,1,1,In Play,1,0,Observed,Observed,Observed,1,1,1
P01002,TOR_20260821_1_PA032,1003,1,0,0,0,1,0,1,1,0,16,0,0,1,1,Called Strike,0,0,Observed,Observed,Observed,1,1,1
P01003,TOR_20260821_1_PA032,1004,2,0,1,0,1,0,1,1,0,14,0,0,1,1,Ball,0,0,Observed,Observed,Observed,1,1,1
P01004,TOR_20260821_1_PA032,1005,3,1,1,0,1,0,1,1,0,15,0,0,1,1,In Play,1,0,Observed,Observed,Observed,1,1,1
P01005,TOR_20260821_1_PA033,1006,1,0,0,0,1,0,1,1,0,20,0,1,0,1,Ball,0,0,Observed,Observed,Observed,1,1,1
P01006,TOR_20260821_1_PA033,1007,2,1,0,0,1,0,1,1,0,15,0,1,0,1,Foul,0,0,Observed,Observed,Observed,1,1,1
P01007,TOR_20260821_1_PA033,1008,3,1,1,0,1,0,1,1,0,16,1,1,0,2,Ball,0,0,Observed,Observed,Observed,1,1,1
P01008,TOR_20260821_1_PA033,1009,4,2,1,0,1,0,1,1,0,17,0,1,1,2,Ball,0,0,Observed,Observed,Observed,1,1,1
P01009,TOR_20260821_1_PA033,1010,5,3,1,0,1,0,1,1,0,15,0,2,0,2,Swinging Strike,0,0,Observed,Observed,Observed,1,1,1
P01010,TOR_20260821_1_PA033,1011,6,3,2,0,1,0,1,1,0,11,0,1,0,1,Foul,0,0,Observed,Observed,Observed,1,1,1
P01011,TOR_20260821_1_PA033,1012,7,3,2,0,1,0,1,1,0,17,0,1,0,1,In Play,1,0,Observed,Observed,Observed,1,1,1
P01012,TOR_20260821_1_PA034,1013,1,0,0,0,0,0,0,0,0,10,0,0,1,1,Swinging Strike,0,0,Observed,Observed,Observed,1,1,1
P01013,TOR_20260821_1_PA034,1014,2,0,1,0,0,0,0,0,0,13,0,0,1,1,Ball,0,0,Observed,Observed,Observed,1,1,1
P01014,TOR_20260821_1_PA034,1015,3,1,1,0,0,0,0,0,0,16,0,0,1,1,Foul,0,0,Observed,Observed,Observed,1,1,1
P01015,TOR_20260821_1_PA034,1016,4,1,2,0,0,0,0,0,0,17,0,0,1,1,Foul,0,0,Observed,Observed,Observed,1,1,1
P01016,TOR_20260821_1_PA034,1017,5,1,2,0,0,0,0,0,0,12,0,0,1,1,Ball,0,0,Observed,Observed,Observed,1,1,1
P01017,TOR_20260821_1_PA034,1018,6,2,2,0,0,0,0,0,0,13,0,0,1,1,In Play,1,0,Observed,Observed,Observed,1,1,1
P01018,TOR_20260821_1_PA035,1019,1,0,0,0,1,0,1,1,0,10,0,0,1,1,In Play,1,0,Observed,Observed,Observed,1,1,1
P01019,TOR_20260821_1_PA036,1020,1,0,0,0,1,0,1,1,0,13,0,0,1,1,Called Strike,0,0,Observed,Observed,Observed,1,1,1
P01020,TOR_20260821_1_PA036,1021,2,0,1,0,1,0,1,1,0,11,0,0,1,1,Foul,0,0,Observed,Observed,Observed,1,1,1
P01021,TOR_20260821_1_PA036,1022,3,0,2,0,1,0,1,1,0,15,0,0,1,1,Foul,0,0,Observed,Observed,Observed,1,1,1
P01022,TOR_20260821_1_PA036,1023,4,0,2,0,1,0,1,1,0,16,0,0,1,1,Ball,0,0,Observed,Observed,Observed,1,1,1
P01023,TOR_20260821_1_PA036,1024,5,1,2,0,1,0,1,1,0,21,0,0,1,1,In Play,1,0,Observed,Observed,Observed,1,1,1
P01024,TOR_20260821_1_PA037,1025,1,0,0,0,1,0,1,1,0,10,0,0,0,0,Ball,0,0,Observed,Observed,Observed,1,1,1
P01025,TOR_20260821_1_PA037,1026,2,1,0,0,1,0,1,1,0,15,0,0,0,0,Called Strike,0,0,Observed,Observed,Observed,1,1,1
P01026,TOR_20260821_1_PA037,1027,3,1,1,0,1,0,1,1,0,11,0,0,0,0,Called Strike,0,0,Observed,Observed,Observed,1,1,1
P01027,TOR_20260821_1_PA037,1028,4,1,2,0,1,0,1,1,0,13,0,0,0,0,Swinging Strike,1,0,Observed,Observed,Observed,1,1,1
P01028,TOR_20260822_1_PA001,1029,1,0,0,0,0,0,0,0,0,11,0,0,0,0,Called Strike,0,0,Observed,Observed,Observed,1,1,1
P01029,TOR_20260822_1_PA001,1030,2,0,1,0,0,0,0,0,0,12,0,0,0,0,Called Strike,0,0,Observed,Observed,Observed,1,1,1
P01030,TOR_20260822_1_PA001,1031,3,0,2,0,0,0,0,0,0,17,0,0,0,0,Ball,0,0,Observed,Observed,Observed,1,1,1
P01031,TOR_20260822_1_PA001,1032,4,1,2,0,0,0,0,0,0,12,0,0,0,0,Ball,0,0,Observed,Observed,Observed,1,1,1
P01032,TOR_20260822_1_PA001,1033,5,2,2,0,0,0,0,0,0,14,0,0,0,0,Foul,0,0,Observed,Observed,Observed,1,1,1
P01033,TOR_20260822_1_PA001,1034,6,2,2,0,0,0,0,0,0,12,0,0,0,0,Foul,0,0,Observed,Observed,Observed,1,1,1
P01034,TOR_20260822_1_PA001,1035,7,2,2,0,0,0,0,0,0,13,0,0,0,0,Foul,0,0,Observed,Observed,Observed,1,1,1
P01035,TOR_20260822_1_PA001,1036,8,2,2,0,0,0,0,0,0,10,0,0,0,0,In Play,1,0,Observed,Observed,Observed,1,1,1
P01036,TOR_20260822_1_PA002,1037,1,0,0,1,0,0,0,1,0,14,0,1,1,2,Called Strike,0,0,Observed,Observed,Observed,1,1,1
P01037,TOR_20260822_1_PA002,1038,2,0,1,1,0,0,0,1,0,16,0,1,1,2,In Play,1,0,Observed,Observed,Observed,1,1,1
P01038,TOR_20260822_1_PA003,1039,1,0,0,1,0,0,0,1,0,14,0,0,2,2,Called Strike,0,0,Observed,Observed,Observed,1,1,1
P01039,TOR_20260822_1_PA003,1040,2,0,1,1,0,0,0,1,1,46,0,1,2,3,Ball,0,0,Observed,Observed,Observed,1,1,1
P01040,TOR_20260822_1_PA003,1041,3,1,1,1,0,0,0,1,0,14,0,1,2,3,Called Strike,0,0,Observed,Observed,Observed,1,1,1
P01041,TOR_20260822_1_PA003,1042,4,1,2,1,0,0,0,1,0,11,0,1,2,3,Ball,0,0,Observed,Observed,Observed,1,1,1
P01042,TOR_20260822_1_PA003,1043,5,2,2,1,0,0,0,1,0,18,0,1,2,3,In Play,1,0,Observed,Observed,Observed,1,1,1
P01043,TOR_20260822_1_PA004,1044,1,0,0,1,1,0,1,2,0,17,0,0,1,1,Ball,0,0,Observed,Observed,Observed,1,1,1
P01044,TOR_20260822_1_PA004,1045,2,1,0,1,1,0,1,2,0,15,0,0,1,1,Swinging Strike,0,0,Observed,Observed,Observed,1,1,1
P01045,TOR_20260822_1_PA004,1046,3,1,1,1,1,0,1,2,0,16,0,0,1,1,In Play,1,0,Observed,Observed,Observed,1,1,1
P01046,TOR_20260822_1_PA005,1047,1,0,0,1,1,0,1,2,0,18,0,0,1,1,Swinging Strike,0,0,Observed,Observed,Observed,1,1,1
P01047,TOR_20260822_1_PA005,1048,2,0,1,1,1,0,1,2,0,16,0,0,0,0,Ball,0,0,Observed,Observed,Observed,1,1,1
P01048,TOR_20260822_1_PA005,1049,3,1,1,1,1,0,1,2,0,12,0,1,0,1,Called Strike,0,0,Observed,Observed,Observed,1,1,1
P01049,TOR_20260822_1_PA005,1050,4,1,2,1,1,0,1,2,0,15,0,1,0,1,Ball,0,0,Observed,Observed,Observed,1,1,1
P01050,TOR_20260822_1_PA005,1051,5,2,2,1,1,0,1,2,0,16,0,1,0,1,Swinging Strike,1,0,Observed,Observed,Observed,1,1,1
P01051,TOR_20260822_1_PA006,1052,1,0,0,1,1,0,1,2,0,12,0,1,0,1,Called Strike,0,0,Observed,Observed,Observed,1,1,1
P01052,TOR_20260822_1_PA006,1053,2,0,1,1,1,0,1,2,0,11,0,1,0,1,In Play,1,0,Observed,Observed,Observed,1,1,1
P01053,TOR_20260822_1_PA007,1054,1,0,0,0,0,0,0,0,0,11,0,1,0,1,Called Strike,0,0,Observed,Observed,Observed,1,1,1
P01054,TOR_20260822_1_PA007,1055,2,0,1,0,0,0,0,0,0,14,0,1,0,1,Ball,0,0,Observed,Observed,Observed,1,1,1
P01055,TOR_20260822_1_PA007,1056,3,1,1,0,0,0,0,0,0,11,0,1,0,1,Ball,0,0,Observed,Observed,Observed,1,1,1
P01056,TOR_20260822_1_PA007,1057,4,2,1,0,0,0,0,0,0,9,0,1,0,1,Foul,0,0,Observed,Observed,Observed,1,1,1
P01057,TOR_20260822_1_PA007,1058,5,2,2,0,0,0,0,0,0,13,0,1,0,1,Ball,0,0,Observed,Observed,Observed,1,1,1
P01058,TOR_20260822_1_PA007,1059,6,3,2,0,0,0,0,0,0,14,0,1,0,1,Foul,0,0,Observed,Observed,Observed,1,1,1
P01059,TOR_20260822_1_PA007,1060,7,3,2,0,0,0,0,0,0,14,0,1,0,1,In Play,1,0,Observed,Observed,Observed,1,1,1
P01060,TOR_20260822_1_PA008,1061,1,0,0,0,0,0,0,0,0,13,0,0,0,0,Called Strike,0,0,Observed,Observed,Observed,1,1,1
P01061,TOR_20260822_1_PA008,1062,2,0,1,0,0,0,0,0,0,12,0,0,0,0,Ball,0,0,Observed,Observed,Observed,1,1,1
P01062,TOR_20260822_1_PA008,1063,3,1,1,0,0,0,0,0,0,13,0,0,0,0,Swinging Strike,0,0,Observed,Observed,Observed,1,1,1
P01063,TOR_20260822_1_PA008,1064,4,1,2,0,0,0,0,0,0,17,0,0,0,0,Ball,0,0,Observed,Observed,Observed,1,1,1
P01064,TOR_20260822_1_PA008,1065,5,2,2,0,0,0,0,0,0,16,0,0,0,0,Swinging Strike,1,0,Observed,Observed,Observed,1,1,1
P01065,TOR_20260822_1_PA009,1066,1,0,0,0,0,0,0,0,0,12,0,0,0,0,Called Strike,0,0,Observed,Observed,Observed,1,1,1
P01066,TOR_20260822_1_PA009,1067,2,0,1,0,0,0,0,0,0,13,0,0,0,0,Ball,0,0,Observed,Observed,Observed,1,1,1
P01067,TOR_20260822_1_PA009,1068,3,1,1,0,0,0,0,0,0,14,0,0,0,0,Ball,0,0,Observed,Observed,Observed,1,1,1
P01068,TOR_20260822_1_PA009,1069,4,2,1,0,0,0,0,0,0,16,0,0,0,0,In Play,1,0,Observed,Observed,Observed,1,1,1
P01069,TOR_20260822_1_PA010,1070,1,0,0,0,0,0,0,0,0,12,0,0,0,0,Called Strike,0,0,Observed,Observed,Observed,1,1,1
P01070,TOR_20260822_1_PA010,1071,2,0,1,0,0,0,0,0,0,10,0,0,0,0,Ball,0,0,Observed,Observed,Observed,1,1,1
P01071,TOR_20260822_1_PA010,1072,3,1,1,0,0,0,0,0,0,13,0,0,0,0,In Play,1,0,Observed,Observed,Observed,1,1,1
P01072,TOR_20260822_1_PA011,1073,1,0,0,1,0,0,0,1,0,15,0,0,2,2,Ball,0,0,Observed,Observed,Observed,1,1,1
P01073,TOR_20260822_1_PA011,1074,2,1,0,1,0,0,0,1,0,15,0,1,2,3,Called Strike,0,0,Observed,Observed,Observed,1,1,1
P01074,TOR_20260822_1_PA011,1075,3,1,1,1,0,0,0,1,0,15,0,1,2,3,Foul,0,0,Observed,Observed,Observed,1,1,1
P01075,TOR_20260822_1_PA011,1076,4,1,2,1,0,0,0,1,1,47,0,0,2,2,In Play,1,0,Observed,Observed,Observed,1,1,1
P01076,TOR_20260822_1_PA012,1077,1,0,0,1,1,0,1,2,0,20,0,0,2,2,Called Strike,0,0,Observed,Observed,Observed,1,1,1
P01077,TOR_20260822_1_PA012,1078,2,0,1,1,1,0,1,2,0,17,0,1,2,3,In Play,1,0,Observed,Observed,Observed,1,1,1
P01078,TOR_20260822_1_PA013,1079,1,0,0,0,0,1,1,1,0,23,0,0,0,0,Called Strike,0,0,Observed,Observed,Observed,1,1,1
P01079,TOR_20260822_1_PA013,1080,2,0,1,0,0,1,1,1,0,18,0,0,0,0,In Play,1,0,Observed,Observed,Observed,1,1,1
P01080,TOR_20260822_1_PA014,1081,1,0,0,0,0,0,0,0,0,12,0,0,0,0,Called Strike,0,0,Observed,Observed,Observed,1,1,1
P01081,TOR_20260822_1_PA014,1082,2,0,1,0,0,0,0,0,0,13,0,0,0,0,Ball,0,0,Observed,Observed,Observed,1,1,1
P01082,TOR_20260822_1_PA014,1083,3,1,1,0,0,0,0,0,0,13,0,1,0,1,Swinging Strike,0,0,Observed,Observed,Observed,1,1,1
P01083,TOR_20260822_1_PA014,1084,4,1,2,0,0,0,0,0,0,16,0,1,0,1,Foul,0,0,Observed,Observed,Observed,1,1,1
P01084,TOR_20260822_1_PA014,1085,5,1,2,0,0,0,0,0,0,18,0,1,1,2,In Play,1,0,Observed,Observed,Observed,1,1,1
P01085,TOR_20260822_1_PA015,1086,1,0,0,0,1,0,1,1,0,18,0,1,1,2,Called Strike,0,0,Observed,Observed,Observed,1,1,1
P01086,TOR_20260822_1_PA015,1087,2,0,1,0,1,0,1,1,0,19,0,1,1,2,In Play,1,0,Observed,Observed,Observed,1,1,1
P01087,TOR_20260822_1_PA016,1088,1,0,0,1,0,1,1,2,0,17,0,1,0,1,Ball,0,0,Observed,Observed,Observed,1,1,1
P01088,TOR_20260822_1_PA016,1089,2,1,0,1,0,1,1,2,0,16,0,0,0,0,Called Strike,0,0,Observed,Observed,Observed,1,1,1
P01089,TOR_20260822_1_PA016,1090,3,1,1,1,0,1,1,2,0,14,0,0,0,0,Ball,0,0,Observed,Observed,Observed,1,1,1
P01090,TOR_20260822_1_PA016,1091,4,2,1,1,0,1,1,2,0,16,0,1,0,1,Ball,0,0,Observed,Observed,Observed,1,1,1
P01091,TOR_20260822_1_PA016,1092,5,3,1,1,0,1,1,2,0,17,0,0,0,0,Swinging Strike,0,0,Observed,Observed,Observed,1,1,1
P01092,TOR_20260822_1_PA016,1093,6,3,2,1,0,1,1,2,0,13,1,0,0,1,Foul,0,0,Observed,Observed,Observed,1,1,1
P01093,TOR_20260822_1_PA016,1094,7,3,2,1,0,1,1,2,0,12,0,0,0,0,Swinging Strike,1,0,Observed,Observed,Observed,1,1,1
P01094,TOR_20260822_1_PA017,1095,1,0,0,1,0,1,1,2,0,15,0,0,1,1,Called Strike,0,0,Observed,Observed,Observed,1,1,1
P01095,TOR_20260822_1_PA017,1096,2,0,1,1,0,1,1,2,0,16,1,0,0,1,Called Strike,0,0,Observed,Observed,Observed,1,1,1
P01096,TOR_20260822_1_PA017,1097,3,0,2,1,0,1,1,2,0,21,0,0,1,1,Foul,0,0,Observed,Observed,Observed,1,1,1
P01097,TOR_20260822_1_PA017,1098,4,0,2,1,0,1,1,2,0,17,0,1,1,2,In Play,1,0,Observed,Observed,Observed,1,1,1
P01098,TOR_20260822_1_PA018,1099,1,0,0,1,1,0,1,2,0,20,0,0,1,1,Called Strike,0,0,Observed,Observed,Observed,1,1,1
P01099,TOR_20260822_1_PA018,1100,2,0,1,1,1,0,1,2,0,27,0,0,1,1,Ball,0,0,Observed,Observed,Observed,1,1,1
P01100,TOR_20260822_1_PA018,1101,3,1,1,1,1,0,1,2,0,14,1,0,1,2,Called Strike,0,0,Observed,Observed,Observed,1,1,1
P01101,TOR_20260822_1_PA018,1102,4,1,2,1,1,0,1,2,0,15,0,0,1,1,Ball,0,0,Observed,Observed,Observed,1,1,1
P01102,TOR_20260822_1_PA018,1103,5,2,2,1,1,0,1,2,0,14,0,0,1,1,In Play,1,0,Observed,Observed,Observed,1,1,1
P01103,TOR_20260822_1_PA019,1104,1,0,0,1,1,0,1,2,0,13,0,0,0,0,Ball,0,0,Observed,Observed,Observed,1,1,1
P01104,TOR_20260822_1_PA019,1105,2,1,0,1,1,0,1,2,0,13,0,0,1,1,Called Strike,0,0,Observed,Observed,Observed,1,1,1
P01105,TOR_20260822_1_PA019,1106,3,1,1,1,1,0,1,2,0,14,0,0,0,0,Ball,0,0,Observed,Observed,Observed,1,1,1
P01106,TOR_20260822_1_PA019,1107,4,2,1,1,1,0,1,2,0,14,0,0,0,0,Foul,0,0,Observed,Observed,Observed,1,1,1
P01107,TOR_20260822_1_PA019,1108,5,2,2,1,1,0,1,2,1,59,0,0,0,0,Ball,0,0,Observed,Observed,Observed,1,1,1
P01108,TOR_20260822_1_PA019,1109,6,3,2,0,1,1,1,2,0,17,0,0,0,0,Ball,1,0,Observed,Observed,Observed,1,1,1
P01109,TOR_20260822_1_PA020,1110,1,0,0,1,1,1,1,3,0,16,0,1,1,2,Called Strike,0,0,Observed,Observed,Observed,1,1,1
P01110,TOR_20260822_1_PA020,1111,2,0,1,1,1,1,1,3,0,11,0,0,1,1,Ball,0,0,Observed,Observed,Observed,1,1,1
P01111,TOR_20260822_1_PA020,1112,3,1,1,1,1,1,1,3,0,16,0,0,1,1,Ball,0,0,Observed,Observed,Observed,1,1,1
P01112,TOR_20260822_1_PA020,1113,4,2,1,1,1,1,1,3,0,18,0,0,0,0,In Play,1,0,Observed,Observed,Observed,1,1,1
P01113,TOR_20260822_1_PA021,1114,1,0,0,0,0,0,0,0,0,11,0,1,2,3,Called Strike,0,0,Observed,Observed,Observed,1,1,1
P01114,TOR_20260822_1_PA021,1115,2,0,1,0,0,0,0,0,0,12,0,0,2,2,Ball,0,0,Observed,Observed,Observed,1,1,1
P01115,TOR_20260822_1_PA021,1116,3,1,1,0,0,0,0,0,0,12,0,0,2,2,Ball,0,0,Observed,Observed,Observed,1,1,1
P01116,TOR_20260822_1_PA021,1117,4,2,1,0,0,0,0,0,0,15,0,1,2,3,Ball,0,0,Observed,Observed,Observed,1,1,1
P01117,TOR_20260822_1_PA021,1118,5,3,1,0,0,0,0,0,0,13,0,0,1,1,Called Strike,0,0,Observed,Observed,Observed,1,1,1
P01118,TOR_20260822_1_PA021,1119,6,3,2,0,0,0,0,0,0,19,0,1,2,3,Ball,1,0,Observed,Observed,Observed,1,1,1
P01119,TOR_20260822_1_PA022,1120,1,0,0,1,0,0,0,1,0,11,0,0,1,1,Foul,0,0,Observed,Observed,Observed,1,1,1
P01120,TOR_20260822_1_PA022,1121,2,0,1,1,0,0,0,1,0,17,0,0,0,0,Ball,0,0,Observed,Observed,Observed,1,1,1
P01121,TOR_20260822_1_PA022,1122,3,1,1,1,0,0,0,1,0,18,0,0,0,0,Ball,0,0,Observed,Observed,Observed,1,1,1
P01122,TOR_20260822_1_PA022,1123,4,2,1,1,0,0,0,1,0,17,0,0,0,0,Ball,0,0,Observed,Observed,Observed,1,1,1
P01123,TOR_20260822_1_PA022,1124,5,3,1,1,0,0,0,1,0,15,0,0,0,0,In Play,1,0,Observed,Observed,Observed,1,1,1
P01124,TOR_20260822_1_PA023,1125,1,0,0,1,1,0,1,2,0,31,0,0,1,1,In Play,1,0,Observed,Observed,Observed,1,1,1
P01125,TOR_20260822_1_PA024,1126,1,0,0,1,0,1,1,2,0,12,0,1,1,2,Called Strike,0,0,Observed,Observed,Observed,1,1,1
P01126,TOR_20260822_1_PA024,1127,2,0,1,1,0,1,1,2,0,10,0,0,1,1,Swinging Strike,0,0,Observed,Observed,Observed,1,1,1
P01127,TOR_20260822_1_PA024,1128,3,0,2,1,0,1,1,2,0,15,0,0,1,1,In Play,1,0,Observed,Observed,Observed,1,1,1
P01128,TOR_20260822_1_PA025,1129,1,0,0,1,0,1,1,2,0,14,0,1,2,3,Foul,0,0,Observed,Observed,Observed,1,1,1
P01129,TOR_20260822_1_PA025,1130,2,0,1,1,0,1,1,2,0,26,1,1,2,4,Ball,0,0,Observed,Observed,Observed,1,1,1
P01130,TOR_20260822_1_PA025,1131,3,1,1,1,0,1,1,2,0,15,1,1,2,4,Ball,0,0,Observed,Observed,Observed,1,1,1
P01131,TOR_20260822_1_PA025,1132,4,2,1,1,0,1,1,2,0,16,0,1,2,3,In Play,1,0,Observed,Observed,Observed,1,1,1
P01132,TOR_20260822_1_PA026,1133,1,0,0,1,0,1,1,2,0,20,0,0,0,0,Called Strike,0,0,Observed,Observed,Observed,1,1,1
P01133,TOR_20260822_1_PA026,1134,2,0,1,1,0,1,1,2,0,12,0,0,1,1,Ball,0,0,Observed,Observed,Observed,1,1,1
P01134,TOR_20260822_1_PA026,1135,3,1,1,1,0,1,1,2,0,18,0,0,0,0,Ball,0,0,Observed,Observed,Observed,1,1,1
P01135,TOR_20260822_1_PA026,1136,4,2,1,1,0,1,1,2,0,15,0,0,1,1,Foul,0,0,Observed,Observed,Observed,1,1,1
P01136,TOR_20260822_1_PA026,1137,5,2,2,1,0,1,1,2,0,11,0,0,1,1,In Play,1,0,Observed,Observed,Observed,1,1,1
P01137,TOR_20260822_1_PA027,1138,1,0,0,0,0,0,0,0,0,12,0,0,0,0,In Play,1,0,Observed,Observed,Observed,1,1,1
P01138,TOR_20260822_1_PA028,1139,1,0,0,0,1,0,1,1,0,14,0,0,0,0,In Play,1,0,Observed,Observed,Observed,1,1,1
P01139,TOR_20260822_1_PA029,1140,1,0,0,0,0,1,1,1,0,22,0,1,1,2,Ball,0,0,Observed,Observed,Observed,1,1,1
P01140,TOR_20260822_1_PA029,1141,2,1,0,0,0,1,1,1,0,17,0,1,1,2,In Play,1,0,Observed,Observed,Observed,1,1,1
P01141,TOR_20260822_1_PA030,1142,1,0,0,0,0,1,1,1,0,14,0,1,2,3,Foul,0,0,Observed,Observed,Observed,1,1,1
P01142,TOR_20260822_1_PA030,1143,2,0,1,0,0,1,1,1,0,16,0,1,2,3,Foul,0,0,Observed,Observed,Observed,1,1,1
P01143,TOR_20260822_1_PA030,1144,3,0,2,0,0,1,1,1,0,15,0,1,2,3,In Play,1,0,Observed,Observed,Observed,1,1,1
P01144,TOR_20260822_1_PA031,1145,1,0,0,0,0,0,0,0,0,16,0,0,0,0,Foul,0,0,Observed,Observed,Observed,1,1,1
P01145,TOR_20260822_1_PA031,1146,2,0,1,0,0,0,0,0,0,12,0,0,0,0,Ball,0,0,Observed,Observed,Observed,1,1,1
P01146,TOR_20260822_1_PA031,1147,3,1,1,0,0,0,0,0,0,15,0,0,0,0,Ball,0,0,Observed,Observed,Observed,1,1,1
P01147,TOR_20260822_1_PA031,1148,4,2,1,0,0,0,0,0,0,14,0,0,0,0,Foul,0,0,Observed,Observed,Observed,1,1,1
P01148,TOR_20260822_1_PA031,1149,5,2,2,0,0,0,0,0,0,14,0,0,0,0,In Play,1,0,Observed,Observed,Observed,1,1,1
P01149,TOR_20260822_1_PA032,1150,1,0,0,1,0,0,0,1,0,11,0,1,0,1,Ball,0,0,Observed,Observed,Observed,1,1,1
P01150,TOR_20260822_1_PA032,1151,2,1,0,1,0,0,0,1,0,16,0,1,0,1,Ball,0,0,Observed,Observed,Observed,1,1,1
P01151,TOR_20260822_1_PA032,1152,3,2,0,1,0,0,0,1,0,18,0,0,0,0,Swinging Strike,0,0,Observed,Observed,Observed,1,1,1
P01152,TOR_20260822_1_PA032,1153,4,2,1,1,0,0,0,1,0,20,0,0,0,0,Foul,1,0,Observed,Observed,Observed,1,1,1
P01153,TOR_20260822_1_PA033,1154,1,0,0,1,0,0,0,1,0,16,0,1,1,2,Called Strike,0,0,Observed,Observed,Observed,1,1,1
P01154,TOR_20260822_1_PA033,1155,2,0,1,1,0,0,0,1,0,13,0,1,1,2,Ball,0,0,Observed,Observed,Observed,1,1,1
P01155,TOR_20260822_1_PA033,1156,3,1,1,1,0,0,0,1,0,13,0,0,0,0,Ball,0,0,Observed,Observed,Observed,1,1,1
P01156,TOR_20260822_1_PA033,1157,4,2,1,1,0,0,0,1,1,28,0,0,0,0,Foul,0,0,Observed,Observed,Observed,1,1,1
P01157,TOR_20260822_1_PA033,1158,5,2,2,1,0,0,0,1,0,27,0,0,0,0,Ball,0,0,Observed,Observed,Observed,1,1,1
P01158,TOR_20260822_1_PA033,1159,6,3,2,1,0,0,0,1,0,15,0,0,0,0,In Play,1,0,Observed,Observed,Observed,1,1,1
P01159,TOR_20260822_1_PA034,1160,1,0,0,0,0,0,0,0,0,14,0,1,2,3,Ball,0,0,Observed,Observed,Observed,1,1,1
P01160,TOR_20260822_1_PA034,1161,2,1,0,0,0,0,0,0,0,12,1,1,2,4,Foul,0,0,Observed,Observed,Observed,1,1,1
P01161,TOR_20260822_1_PA034,1162,3,1,1,0,0,0,0,0,0,21,1,1,2,4,Foul,0,0,Observed,Observed,Observed,1,1,1
P01162,TOR_20260822_1_PA034,1163,4,1,2,0,0,0,0,0,0,10,1,1,2,4,Ball,0,0,Observed,Observed,Observed,1,1,1
P01163,TOR_20260822_1_PA034,1164,5,2,2,0,0,0,0,0,1,29,1,1,2,4,In Play,1,0,Observed,Observed,Observed,1,1,1
P01164,TOR_20260822_1_PA035,1165,1,0,0,0,0,0,0,0,0,11,0,0,1,1,Foul,0,0,Observed,Observed,Observed,1,1,1
P01165,TOR_20260822_1_PA035,1166,2,0,1,0,0,0,0,0,0,24,0,0,0,0,Swinging Strike,0,0,Observed,Observed,Observed,1,1,1
P01166,TOR_20260822_1_PA035,1167,3,0,2,0,0,0,0,0,0,16,0,0,0,0,Ball,0,0,Observed,Observed,Observed,1,1,1
P01167,TOR_20260822_1_PA035,1168,4,1,2,0,0,0,0,0,0,17,0,0,0,0,Swinging Strike,1,0,Observed,Observed,Observed,1,1,1
P01168,TOR_20260822_1_PA036,1169,1,0,0,0,0,0,0,0,0,11,0,0,0,0,Ball,0,0,Observed,Observed,Observed,1,1,1
P01169,TOR_20260822_1_PA036,1170,2,1,0,0,0,0,0,0,0,14,0,0,0,0,In Play,1,0,Observed,Observed,Observed,1,1,1
P01170,TOR_20260822_1_PA037,1171,1,0,0,1,0,0,0,1,0,25,0,0,0,0,In Play,1,0,Observed,Observed,Observed,1,1,1
P01171,TOR_20260822_1_PA038,1172,1,0,0,1,0,0,0,1,1,42,0,1,1,2,Called Strike,0,0,Observed,Observed,Observed,1,1,1
P01172,TOR_20260822_1_PA038,1173,2,0,1,1,0,0,0,1,0,16,0,1,1,2,Swinging Strike,0,0,Observed,Observed,Observed,1,1,1
P01173,TOR_20260822_1_PA038,1174,3,0,2,1,0,0,0,1,0,24,0,1,1,2,Ball,0,0,Observed,Observed,Observed,1,1,1
P01174,TOR_20260822_1_PA038,1175,4,1,2,1,0,0,0,1,1,33,1,1,1,3,Ball,0,0,Observed,Observed,Observed,1,1,1
P01175,TOR_20260822_1_PA038,1176,5,2,2,1,0,0,0,1,0,12,0,1,1,2,Foul,0,0,Observed,Observed,Observed,1,1,1
P01176,TOR_20260822_1_PA038,1177,6,2,2,1,0,0,0,1,0,19,1,1,1,3,Foul,0,0,Observed,Observed,Observed,1,1,1
P01177,TOR_20260822_1_PA038,1178,7,2,2,1,0,0,0,1,0,23,0,1,1,2,In Play,1,0,Observed,Observed,Observed,1,1,1
P01178,TOR_20260822_1_PA039,1179,1,0,0,1,1,0,1,2,0,10,0,1,2,3,In Play,1,0,Observed,Observed,Observed,1,1,1
P01179,TOR_20260822_1_PA040,1180,1,0,0,0,0,0,0,0,0,15,0,0,0,0,Swinging Strike,0,0,Observed,Observed,Observed,1,1,1
P01180,TOR_20260822_1_PA040,1181,2,0,1,0,0,0,0,0,0,15,0,0,0,0,Ball,0,0,Observed,Observed,Observed,1,1,1
P01181,TOR_20260822_1_PA040,1182,3,1,1,0,0,0,0,0,0,16,0,0,0,0,Ball,0,0,Observed,Observed,Observed,1,1,1
P01182,TOR_20260822_1_PA040,1183,4,2,1,0,0,0,0,0,0,15,0,0,0,0,Foul,0,0,Observed,Observed,Observed,1,1,1
P01183,TOR_20260822_1_PA040,1184,5,2,2,0,0,0,0,0,0,15,0,0,0,0,Foul,0,0,Observed,Observed,Observed,1,1,1
P01184,TOR_20260822_1_PA040,1185,6,2,2,0,0,0,0,0,0,18,0,0,0,0,In Play,1,0,Observed,Observed,Observed,1,1,1
P01185,TOR_20260822_1_PA041,1186,1,0,0,0,0,0,0,0,0,12,0,0,0,0,Swinging Strike,0,0,Observed,Observed,Observed,1,1,1
P01186,TOR_20260822_1_PA041,1187,2,0,1,0,0,0,0,0,0,14,0,0,0,0,Called Strike,0,0,Observed,Observed,Observed,1,1,1
P01187,TOR_20260822_1_PA041,1188,3,0,2,0,0,0,0,0,0,13,0,1,2,3,Ball,0,0,Observed,Observed,Observed,1,1,1
P01188,TOR_20260822_1_PA041,1189,4,1,2,0,0,0,0,0,0,19,0,1,2,3,Foul,0,0,Observed,Observed,Observed,1,1,1
P01189,TOR_20260822_1_PA041,1190,5,1,2,0,0,0,0,0,0,16,0,2,0,2,Ball,0,0,Observed,Observed,Observed,1,1,1
P01190,TOR_20260822_1_PA041,1191,6,2,2,0,0,0,0,0,0,21,0,1,0,1,Swinging Strike,1,0,Observed,Observed,Observed,1,1,1
P01191,TOR_20260822_1_PA042,1192,1,0,0,0,0,0,0,0,0,16,0,1,1,2,Ball,0,0,Observed,Observed,Observed,1,1,1
P01192,TOR_20260822_1_PA042,1193,2,1,0,0,0,0,0,0,0,15,0,1,0,1,In Play,1,0,Observed,Observed,Observed,1,1,1
P01193,TOR_20260822_1_PA043,1194,1,0,0,0,1,0,1,1,0,18,0,1,2,3,Ball,0,0,Observed,Observed,Observed,1,1,1
P01194,TOR_20260822_1_PA043,1195,2,1,0,0,1,0,1,1,0,19,1,1,2,4,Called Strike,0,0,Observed,Observed,Observed,1,1,1
P01195,TOR_20260822_1_PA043,1196,3,1,1,0,1,0,1,1,0,17,1,1,2,4,Ball,0,0,Observed,Observed,Observed,1,1,1
P01196,TOR_20260822_1_PA043,1197,4,2,1,0,0,1,1,1,0,19,1,1,2,4,Foul,0,0,Observed,Observed,Observed,1,1,1
P01197,TOR_20260822_1_PA043,1198,5,2,2,0,0,1,1,1,0,21,0,1,2,3,Ball,0,0,Observed,Observed,Observed,1,1,1
P01198,TOR_20260822_1_PA043,1199,6,3,2,0,0,1,1,1,0,26,0,1,2,3,Swinging Strike,1,0,Observed,Observed,Observed,1,1,1
P01199,TOR_20260823_1_PA001,1200,1,0,0,0,0,0,0,0,0,18,0,0,1,1,Called Strike,0,0,Observed,Observed,Observed,1,1,1
P01200,TOR_20260823_1_PA001,1201,2,0,1,0,0,0,0,0,0,11,0,0,0,0,Ball,0,0,Observed,Observed,Observed,1,1,1
P01201,TOR_20260823_1_PA001,1202,3,1,1,0,0,0,0,0,0,14,0,0,0,0,Swinging Strike,0,0,Observed,Observed,Observed,1,1,1
P01202,TOR_20260823_1_PA001,1203,4,1,2,0,0,0,0,0,0,21,0,0,0,0,Swinging Strike,1,0,Observed,Observed,Observed,1,1,1
P01203,TOR_20260823_1_PA002,1204,1,0,0,0,0,0,0,0,0,10,0,1,1,2,Ball,0,0,Observed,Observed,Observed,1,1,1
P01204,TOR_20260823_1_PA002,1205,2,1,0,0,0,0,0,0,0,21,0,0,0,0,Foul,0,0,Observed,Observed,Observed,1,1,1
P01205,TOR_20260823_1_PA002,1206,3,1,1,0,0,0,0,0,0,14,0,1,0,1,In Play,1,0,Observed,Observed,Observed,1,1,1
P01206,TOR_20260823_1_PA003,1207,1,0,0,0,0,0,0,0,0,12,0,1,2,3,Called Strike,0,0,Observed,Observed,Observed,1,1,1
P01207,TOR_20260823_1_PA003,1208,2,0,1,0,0,0,0,0,0,13,0,1,2,3,In Play,1,0,Observed,Observed,Observed,1,1,1
P01208,TOR_20260823_1_PA004,1209,1,0,0,0,0,0,0,0,0,11,0,0,1,1,Foul,0,0,Observed,Observed,Observed,1,1,1
P01209,TOR_20260823_1_PA004,1210,2,0,1,0,0,0,0,0,0,14,0,0,1,1,Ball,0,0,Observed,Observed,Observed,1,1,1
P01210,TOR_20260823_1_PA004,1211,3,1,1,0,0,0,0,0,0,13,0,0,1,1,Ball,0,0,Observed,Observed,Observed,1,1,1
P01211,TOR_20260823_1_PA004,1212,4,2,1,0,0,0,0,0,0,12,0,0,1,1,Called Strike,0,0,Observed,Observed,Observed,1,1,1
P01212,TOR_20260823_1_PA004,1213,5,2,2,0,0,0,0,0,0,14,0,0,1,1,Foul,0,0,Observed,Observed,Observed,1,1,1
P01213,TOR_20260823_1_PA004,1214,6,2,2,0,0,0,0,0,0,18,0,0,1,1,Ball,0,0,Observed,Observed,Observed,1,1,1
P01214,TOR_20260823_1_PA004,1215,7,3,2,0,0,0,0,0,0,16,1,0,1,2,In Play,1,0,Observed,Observed,Observed,1,1,1
P01215,TOR_20260823_1_PA005,1216,1,0,0,0,0,0,0,0,0,14,0,1,0,1,Foul,0,0,Observed,Observed,Observed,1,1,1
P01216,TOR_20260823_1_PA005,1217,2,0,1,0,0,0,0,0,0,15,0,1,0,1,Ball,0,0,Observed,Observed,Observed,1,1,1
P01217,TOR_20260823_1_PA005,1218,3,1,1,0,0,0,0,0,0,10,0,1,0,1,Ball,0,0,Observed,Observed,Observed,1,1,1
P01218,TOR_20260823_1_PA005,1219,4,2,1,0,0,0,0,0,0,15,0,1,0,1,Foul,0,0,Observed,Observed,Observed,1,1,1
P01219,TOR_20260823_1_PA005,1220,5,2,2,0,0,0,0,0,0,13,0,1,1,2,Ball,0,0,Observed,Observed,Observed,1,1,1
P01220,TOR_20260823_1_PA005,1221,6,3,2,0,0,0,0,0,1,25,0,1,0,1,In Play,1,0,Observed,Observed,Observed,1,1,1
P01221,TOR_20260823_1_PA006,1222,1,0,0,0,0,0,0,0,0,12,0,1,0,1,Foul,0,0,Observed,Observed,Observed,1,1,1
P01222,TOR_20260823_1_PA006,1223,2,0,1,0,0,0,0,0,0,13,0,1,0,1,In Play,1,0,Observed,Observed,Observed,1,1,1
P01223,TOR_20260823_1_PA007,1224,1,0,0,0,0,0,0,0,0,15,0,1,2,3,Called Strike,0,0,Observed,Observed,Observed,1,1,1
P01224,TOR_20260823_1_PA007,1225,2,0,1,0,0,0,0,0,0,11,0,1,2,3,Ball,0,0,Observed,Observed,Observed,1,1,1
P01225,TOR_20260823_1_PA007,1226,3,1,1,0,0,0,0,0,0,14,0,1,2,3,In Play,1,0,Observed,Observed,Observed,1,1,1
P01226,TOR_20260823_1_PA008,1227,1,0,0,0,0,0,0,0,0,16,0,1,0,1,Ball,0,0,Observed,Observed,Observed,1,1,1
P01227,TOR_20260823_1_PA008,1228,2,1,0,0,0,0,0,0,0,18,0,0,0,0,Ball,0,0,Observed,Observed,Observed,1,1,1
P01228,TOR_20260823_1_PA008,1229,3,2,0,0,0,0,0,0,0,13,0,1,0,1,Ball,0,0,Observed,Observed,Observed,1,1,1
P01229,TOR_20260823_1_PA008,1230,4,3,0,0,0,0,0,0,0,10,0,1,0,1,Ball,1,0,Observed,Observed,Observed,1,1,1
P01230,TOR_20260823_1_PA009,1231,1,0,0,1,0,0,0,1,0,12,0,1,0,1,Ball,0,0,Observed,Observed,Observed,1,1,1
P01231,TOR_20260823_1_PA009,1232,2,1,0,1,0,0,0,1,0,13,0,0,1,1,Ball,0,0,Observed,Observed,Observed,1,1,1
P01232,TOR_20260823_1_PA009,1233,3,2,0,1,0,0,0,1,0,16,0,0,1,1,Called Strike,0,0,Observed,Observed,Observed,1,1,1
P01233,TOR_20260823_1_PA009,1234,4,2,1,1,0,0,0,1,0,16,0,0,1,1,In Play,1,0,Observed,Observed,Observed,1,1,1
P01234,TOR_20260823_1_PA010,1235,1,0,0,0,1,1,1,2,0,17,0,0,1,1,Called Strike,0,0,Observed,Observed,Observed,1,1,1
P01235,TOR_20260823_1_PA010,1236,2,0,1,0,1,1,1,2,0,15,0,0,0,0,Ball,0,0,Observed,Observed,Observed,1,1,1
P01236,TOR_20260823_1_PA010,1237,3,1,1,0,1,1,1,2,0,17,0,0,0,0,Ball,0,0,Observed,Observed,Observed,1,1,1
P01237,TOR_20260823_1_PA010,1238,4,2,1,0,1,1,1,2,0,11,0,0,0,0,Called Strike,0,0,Observed,Observed,Observed,1,1,1
P01238,TOR_20260823_1_PA010,1239,5,2,2,0,1,1,1,2,0,22,0,0,0,0,Foul,0,0,Observed,Observed,Observed,1,1,1
P01239,TOR_20260823_1_PA010,1240,6,2,2,0,1,1,1,2,0,25,0,0,0,0,In Play,1,0,Observed,Observed,Observed,1,1,1
P01240,TOR_20260823_1_PA011,1241,1,0,0,0,0,1,1,1,0,19,0,0,2,2,Ball,0,0,Observed,Observed,Observed,1,1,1
P01241,TOR_20260823_1_PA011,1242,2,1,0,0,0,1,1,1,0,21,0,0,2,2,Ball,0,0,Observed,Observed,Observed,1,1,1
P01242,TOR_20260823_1_PA011,1243,3,2,0,0,0,1,1,1,0,20,0,1,2,3,Foul,0,0,Observed,Observed,Observed,1,1,1
P01243,TOR_20260823_1_PA011,1244,4,2,1,0,0,1,1,1,0,16,0,1,2,3,In Play,1,0,Observed,Observed,Observed,1,1,1
P01244,TOR_20260823_1_PA012,1245,1,0,0,0,0,0,0,0,0,15,0,1,2,3,Called Strike,0,0,Observed,Observed,Observed,1,1,1
P01245,TOR_20260823_1_PA012,1246,2,0,1,0,0,0,0,0,0,15,0,1,2,3,Ball,0,0,Observed,Observed,Observed,1,1,1
P01246,TOR_20260823_1_PA012,1247,3,1,1,0,0,0,0,0,0,12,0,0,2,2,Foul,0,0,Observed,Observed,Observed,1,1,1
P01247,TOR_20260823_1_PA012,1248,4,1,2,0,0,0,0,0,0,23,1,1,2,4,Ball,0,0,Observed,Observed,Observed,1,1,1
P01248,TOR_20260823_1_PA012,1249,5,2,2,0,0,0,0,0,0,14,1,1,2,4,Ball,0,0,Observed,Observed,Observed,1,1,1
P01249,TOR_20260823_1_PA012,1250,6,3,2,0,0,0,0,0,0,13,0,1,0,1,Foul,0,0,Observed,Observed,Observed,1,1,1
P01250,TOR_20260823_1_PA012,1251,7,3,2,0,0,0,0,0,0,22,0,1,2,3,Swinging Strike,1,0,Observed,Observed,Observed,1,1,1
P01251,TOR_20260823_1_PA013,1252,1,0,0,0,0,0,0,0,0,10,0,0,1,1,Ball,0,0,Observed,Observed,Observed,1,1,1
P01252,TOR_20260823_1_PA013,1253,2,1,0,0,0,0,0,0,0,10,0,0,1,1,Called Strike,0,0,Observed,Observed,Observed,1,1,1
P01253,TOR_20260823_1_PA013,1254,3,1,1,0,0,0,0,0,0,11,0,0,0,0,Ball,0,0,Observed,Observed,Observed,1,1,1
P01254,TOR_20260823_1_PA013,1255,4,2,1,0,0,0,0,0,0,15,0,0,0,0,In Play,1,0,Observed,Observed,Observed,1,1,1
P01255,TOR_20260823_1_PA014,1256,1,0,0,0,1,0,1,1,0,20,0,0,1,1,Ball,0,0,Observed,Observed,Observed,1,1,1
P01256,TOR_20260823_1_PA014,1257,2,1,0,0,1,0,1,1,0,17,0,1,0,1,Foul,0,0,Observed,Observed,Observed,1,1,1
P01257,TOR_20260823_1_PA014,1258,3,1,1,0,1,0,1,1,0,17,0,1,0,1,Ball,0,0,Observed,Observed,Observed,1,1,1
P01258,TOR_20260823_1_PA014,1259,4,2,1,0,1,0,1,1,0,16,0,1,0,1,Ball,0,0,Observed,Observed,Observed,1,1,1
P01259,TOR_20260823_1_PA014,1260,5,3,1,0,1,0,1,1,0,16,0,1,0,1,Ball,1,0,Observed,Observed,Observed,1,1,1
P01260,TOR_20260823_1_PA015,1261,1,0,0,1,1,0,1,2,0,22,0,1,1,2,Ball,0,0,Observed,Observed,Observed,1,1,1
P01261,TOR_20260823_1_PA015,1262,2,1,0,1,1,0,1,2,0,16,0,0,0,0,Foul,0,0,Observed,Observed,Observed,1,1,1
P01262,TOR_20260823_1_PA015,1263,3,1,1,1,1,0,1,2,0,18,0,0,0,0,In Play,1,0,Observed,Observed,Observed,1,1,1
P01263,TOR_20260823_1_PA016,1264,1,0,0,1,1,1,1,3,0,21,0,1,2,3,Ball,0,0,Observed,Observed,Observed,1,1,1
P01264,TOR_20260823_1_PA016,1265,2,1,0,1,1,1,1,3,0,12,0,1,2,3,Ball,0,0,Observed,Observed,Observed,1,1,1
P01265,TOR_20260823_1_PA016,1266,3,2,0,1,1,1,1,3,0,15,0,1,2,3,Foul,0,0,Observed,Observed,Observed,1,1,1
P01266,TOR_20260823_1_PA016,1267,4,2,1,1,1,1,1,3,0,22,0,0,2,2,Foul,0,0,Observed,Observed,Observed,1,1,1
P01267,TOR_20260823_1_PA016,1268,5,2,2,1,1,1,1,3,0,15,0,0,2,2,Foul,0,0,Observed,Observed,Observed,1,1,1
P01268,TOR_20260823_1_PA016,1269,6,2,2,1,1,1,1,3,0,25,0,0,2,2,Ball,0,0,Observed,Observed,Observed,1,1,1
P01269,TOR_20260823_1_PA016,1270,7,3,2,1,1,1,1,3,0,14,0,2,2,4,In Play,1,0,Observed,Observed,Observed,1,1,1
P01270,TOR_20260823_1_PA017,1271,1,0,0,1,1,0,1,2,0,28,0,1,1,2,Ball,0,0,Observed,Observed,Observed,1,1,1
P01271,TOR_20260823_1_PA017,1272,2,1,0,1,1,0,1,2,0,15,0,1,1,2,Foul,0,0,Observed,Observed,Observed,1,1,1
P01272,TOR_20260823_1_PA017,1273,3,1,1,1,1,0,1,2,0,15,0,1,0,1,Ball,0,0,Observed,Observed,Observed,1,1,1
P01273,TOR_20260823_1_PA017,1274,4,2,1,1,1,0,1,2,1,30,0,1,0,1,Foul,0,0,Observed,Observed,Observed,1,1,1
P01274,TOR_20260823_1_PA017,1275,5,2,2,1,1,0,1,2,0,24,0,1,1,2,In Play,1,0,Observed,Observed,Observed,1,1,1
P01275,TOR_20260823_1_PA018,1276,1,0,0,0,0,0,0,0,0,16,0,1,0,1,Called Strike,0,0,Observed,Observed,Observed,1,1,1
P01276,TOR_20260823_1_PA018,1277,2,0,1,0,0,0,0,0,0,14,0,0,0,0,Called Strike,0,0,Observed,Observed,Observed,1,1,1
P01277,TOR_20260823_1_PA018,1278,3,0,2,0,0,0,0,0,0,16,0,0,0,0,In Play,1,0,Observed,Observed,Observed,1,1,1
P01278,TOR_20260823_1_PA019,1279,1,0,0,0,0,0,0,0,0,20,0,0,1,1,Ball,0,0,Observed,Observed,Observed,1,1,1
P01279,TOR_20260823_1_PA019,1280,2,1,0,0,0,0,0,0,0,13,0,0,0,0,Called Strike,0,0,Observed,Observed,Observed,1,1,1
P01280,TOR_20260823_1_PA019,1281,3,1,1,0,0,0,0,0,0,14,0,0,0,0,In Play,1,0,Observed,Observed,Observed,1,1,1
P01281,TOR_20260823_1_PA020,1282,1,0,0,0,0,0,0,0,0,14,0,0,1,1,Ball,0,0,Observed,Observed,Observed,1,1,1
P01282,TOR_20260823_1_PA020,1283,2,1,0,0,0,0,0,0,0,13,0,0,0,0,Ball,0,0,Observed,Observed,Observed,1,1,1
P01283,TOR_20260823_1_PA020,1284,3,2,0,0,0,0,0,0,0,14,0,1,1,2,In Play,1,0,Observed,Observed,Observed,1,1,1
P01284,TOR_20260823_1_PA021,1285,1,0,0,0,0,0,0,0,0,12,0,1,2,3,Ball,0,0,Observed,Observed,Observed,1,1,1
P01285,TOR_20260823_1_PA021,1286,2,1,0,0,0,0,0,0,0,14,0,1,2,3,Ball,0,0,Observed,Observed,Observed,1,1,1
P01286,TOR_20260823_1_PA021,1287,3,2,0,0,0,0,0,0,0,14,0,0,0,0,Ball,0,0,Observed,Observed,Observed,1,1,1
P01287,TOR_20260823_1_PA021,1288,4,3,0,0,0,0,0,0,0,14,0,1,2,3,Called Strike,0,0,Observed,Observed,Observed,1,1,1
P01288,TOR_20260823_1_PA021,1289,5,3,1,0,0,0,0,0,0,15,0,0,2,2,Called Strike,0,0,Observed,Observed,Observed,1,1,1
P01289,TOR_20260823_1_PA021,1290,6,3,2,0,0,0,0,0,0,16,0,0,2,2,In Play,1,0,Observed,Observed,Observed,1,1,1
P01290,TOR_20260823_1_PA022,1291,1,0,0,0,0,0,0,0,0,14,0,0,1,1,Called Strike,0,0,Observed,Observed,Observed,1,1,1
P01291,TOR_20260823_1_PA022,1292,2,0,1,0,0,0,0,0,0,13,0,0,0,0,Foul,0,0,Observed,Observed,Observed,1,1,1
P01292,TOR_20260823_1_PA022,1293,3,0,2,0,0,0,0,0,0,16,0,0,0,0,Ball,0,0,Observed,Observed,Observed,1,1,1
P01293,TOR_20260823_1_PA022,1294,4,1,2,0,0,0,0,0,0,14,0,0,0,0,Ball,0,0,Observed,Observed,Observed,1,1,1
P01294,TOR_20260823_1_PA022,1295,5,2,2,0,0,0,0,0,0,14,0,0,0,0,In Play,1,0,Observed,Observed,Observed,1,1,1
P01295,TOR_20260823_1_PA023,1296,1,0,0,0,0,0,0,0,0,18,0,1,0,1,Ball,0,0,Observed,Observed,Observed,1,1,1
P01296,TOR_20260823_1_PA023,1297,2,1,0,0,0,0,0,0,0,12,0,1,0,1,Ball,0,0,Observed,Observed,Observed,1,1,1
P01297,TOR_20260823_1_PA023,1298,3,2,0,0,0,0,0,0,0,13,0,1,0,1,Swinging Strike,0,0,Observed,Observed,Observed,1,1,1
P01298,TOR_20260823_1_PA023,1299,4,2,1,0,0,0,0,0,0,11,0,1,0,1,Ball,0,0,Observed,Observed,Observed,1,1,1
P01299,TOR_20260823_1_PA023,1300,5,3,1,0,0,0,0,0,0,13,0,1,0,1,In Play,1,0,Observed,Observed,Observed,1,1,1
P01300,TOR_20260823_1_PA024,1301,1,0,0,0,0,0,0,0,0,17,0,1,1,2,Ball,0,0,Observed,Observed,Observed,1,1,1
P01301,TOR_20260823_1_PA024,1302,2,1,0,0,0,0,0,0,0,13,0,1,0,1,In Play,1,0,Observed,Observed,Observed,1,1,1
P01302,TOR_20260823_1_PA025,1303,1,0,0,0,0,0,0,0,0,14,0,1,2,3,Called Strike,0,0,Observed,Observed,Observed,1,1,1
P01303,TOR_20260823_1_PA025,1304,2,0,1,0,0,0,0,0,0,14,0,1,2,3,In Play,1,0,Observed,Observed,Observed,1,1,1
P01304,TOR_20260823_1_PA026,1305,1,0,0,0,0,0,0,0,0,14,0,0,2,2,Called Strike,0,0,Observed,Observed,Observed,1,1,1
P01305,TOR_20260823_1_PA026,1306,2,0,1,0,0,0,0,0,0,15,0,0,0,0,Swinging Strike,0,0,Observed,Observed,Observed,1,1,1
P01306,TOR_20260823_1_PA026,1307,3,0,2,0,0,0,0,0,0,16,0,0,0,0,Ball,0,0,Observed,Observed,Observed,1,1,1
P01307,TOR_20260823_1_PA026,1308,4,1,2,0,0,0,0,0,0,15,0,0,0,0,In Play,1,0,Observed,Observed,Observed,1,1,1
P01308,TOR_20260823_1_PA027,1309,1,0,0,0,0,0,0,0,0,16,0,0,0,0,Ball,0,0,Observed,Observed,Observed,1,1,1
P01309,TOR_20260823_1_PA027,1310,2,1,0,0,0,0,0,0,0,14,0,0,0,0,Called Strike,0,0,Observed,Observed,Observed,1,1,1
P01310,TOR_20260823_1_PA027,1311,3,1,1,0,0,0,0,0,0,15,0,0,1,1,Foul,0,0,Observed,Observed,Observed,1,1,1
P01311,TOR_20260823_1_PA027,1312,4,1,2,0,0,0,0,0,0,20,1,1,1,3,In Play,1,0,Observed,Observed,Observed,1,1,1
P01312,TOR_20260823_1_PA028,1313,1,0,0,0,1,0,1,1,0,13,0,0,1,1,Ball,0,0,Observed,Observed,Observed,1,1,1
P01313,TOR_20260823_1_PA028,1314,2,1,0,0,1,0,1,1,0,14,0,0,0,0,Foul,0,0,Observed,Observed,Observed,1,1,1
P01314,TOR_20260823_1_PA028,1315,3,1,1,0,1,0,1,1,0,19,0,1,0,1,Ball,0,0,Observed,Observed,Observed,1,1,1
P01315,TOR_20260823_1_PA028,1316,4,2,1,0,1,0,1,1,0,15,0,0,0,0,Called Strike,0,0,Observed,Observed,Observed,1,1,1
P01316,TOR_20260823_1_PA028,1317,5,2,2,0,1,0,1,1,0,14,0,0,0,0,Called Strike,1,0,Observed,Observed,Observed,1,1,1
P01317,TOR_20260823_1_PA029,1318,1,0,0,0,1,0,1,1,0,14,0,1,1,2,Ball,0,0,Observed,Observed,Observed,1,1,1
P01318,TOR_20260823_1_PA029,1319,2,1,0,0,1,0,1,1,0,13,0,0,1,1,Foul,0,0,Observed,Observed,Observed,1,1,1
P01319,TOR_20260823_1_PA029,1320,3,1,1,0,1,0,1,1,0,20,0,0,1,1,Ball,0,0,Observed,Observed,Observed,1,1,1
P01320,TOR_20260823_1_PA029,1321,4,2,1,0,1,0,1,1,0,15,0,0,0,0,Ball,0,0,Observed,Observed,Observed,1,1,1
P01321,TOR_20260823_1_PA029,1322,5,3,1,0,1,0,1,1,0,13,0,0,0,0,In Play,1,0,Observed,Observed,Observed,1,1,1
P01322,TOR_20260823_1_PA030,1323,1,0,0,0,0,1,1,1,0,15,0,1,2,3,Called Strike,0,0,Observed,Observed,Observed,1,1,1
P01323,TOR_20260823_1_PA030,1324,2,0,1,0,0,1,1,1,0,17,0,1,2,3,Ball,0,0,Observed,Observed,Observed,1,1,1
P01324,TOR_20260823_1_PA030,1325,3,1,1,0,0,1,1,1,0,20,0,1,2,3,Ball,0,0,Observed,Observed,Observed,1,1,1
P01325,TOR_20260823_1_PA030,1326,4,2,1,0,0,1,1,1,0,17,0,0,2,2,In Play,1,0,Observed,Observed,Observed,1,1,1
P01326,TOR_20260823_1_PA031,1327,1,0,0,1,0,0,0,1,0,12,0,0,1,1,Ball,0,0,Observed,Observed,Observed,1,1,1
P01327,TOR_20260823_1_PA031,1328,2,1,0,1,0,0,0,1,0,15,0,0,0,0,In Play,1,0,Observed,Observed,Observed,1,1,1
P01328,TOR_20260823_1_PA032,1329,1,0,0,0,0,0,0,0,0,12,0,1,1,2,Called Strike,0,0,Observed,Observed,Observed,1,1,1
P01329,TOR_20260823_1_PA032,1330,2,0,1,0,0,0,0,0,0,14,0,1,0,1,Swinging Strike,0,0,Observed,Observed,Observed,1,1,1
P01330,TOR_20260823_1_PA032,1331,3,0,2,0,0,0,0,0,0,15,0,0,0,0,Ball,0,0,Observed,Observed,Observed,1,1,1
P01331,TOR_20260823_1_PA032,1332,4,1,2,0,0,0,0,0,0,11,0,0,0,0,In Play,1,0,Observed,Observed,Observed,1,1,1
P01332,TOR_20260823_1_PA033,1333,1,0,0,0,1,0,1,1,0,18,0,1,0,1,Foul,0,0,Observed,Observed,Observed,1,1,1
P01333,TOR_20260823_1_PA033,1334,2,0,1,0,1,0,1,1,0,15,0,0,1,1,In Play,1,0,Observed,Observed,Observed,1,1,1
P01334,TOR_20260823_1_PA034,1335,1,0,0,0,1,0,1,1,0,21,0,1,2,3,Ball,0,0,Observed,Observed,Observed,1,1,1
P01335,TOR_20260823_1_PA034,1336,2,1,0,0,1,0,1,1,0,15,0,1,2,3,Foul,0,0,Observed,Observed,Observed,1,1,1
P01336,TOR_20260823_1_PA034,1337,3,1,1,0,1,0,1,1,0,17,0,1,2,3,Swinging Strike,0,0,Observed,Observed,Observed,1,1,1
P01337,TOR_20260823_1_PA034,1338,4,1,2,0,1,0,1,1,0,17,0,0,1,1,Swinging Strike,1,0,Observed,Observed,Observed,1,1,1
P01338,TOR_20260823_1_PA035,1339,1,0,0,0,1,0,1,1,0,10,0,0,2,2,Swinging Strike,0,0,Observed,Observed,Observed,1,1,1
P01339,TOR_20260823_1_PA035,1340,2,0,1,0,1,0,1,1,0,14,0,1,0,1,Foul,0,0,Observed,Observed,Observed,1,1,1
P01340,TOR_20260823_1_PA035,1341,3,0,2,0,1,0,1,1,0,15,0,0,0,0,Ball,0,0,Observed,Observed,Observed,1,1,1
P01341,TOR_20260823_1_PA035,1342,4,1,2,0,1,0,1,1,0,13,0,0,0,0,Foul,0,0,Observed,Observed,Observed,1,1,1
P01342,TOR_20260823_1_PA035,1343,5,1,2,0,1,0,1,1,0,16,0,0,0,0,Swinging Strike,1,0,Observed,Observed,Observed,1,1,1
P01343,TOR_20260825_1_PA001,1344,1,0,0,0,0,0,0,0,0,16,0,0,0,0,Called Strike,0,0,Observed,Observed,Observed,1,1,1
P01344,TOR_20260825_1_PA001,1345,2,0,1,0,0,0,0,0,0,11,0,0,0,0,Called Strike,0,0,Observed,Observed,Observed,1,1,1
P01345,TOR_20260825_1_PA001,1346,3,0,2,0,0,0,0,0,0,10,0,0,0,0,Ball,0,0,Observed,Observed,Observed,1,1,1
P01346,TOR_20260825_1_PA001,1347,4,1,2,0,0,0,0,0,0,21,0,0,0,0,Ball,0,0,Observed,Observed,Observed,1,1,1
P01347,TOR_20260825_1_PA001,1348,5,2,2,0,0,0,0,0,0,11,0,0,0,0,Ball,0,0,Observed,Observed,Observed,1,1,1
P01348,TOR_20260825_1_PA001,1349,6,3,2,0,0,0,0,0,0,11,0,0,0,0,Foul,0,0,Observed,Observed,Observed,1,1,1
P01349,TOR_20260825_1_PA001,1350,7,3,2,0,0,0,0,0,0,13,0,0,0,0,In Play,1,0,Observed,Observed,Observed,1,1,1
P01350,TOR_20260825_1_PA002,1351,1,0,0,1,0,0,0,1,0,15,0,1,2,3,Ball,0,0,Observed,Observed,Observed,1,1,1
P01351,TOR_20260825_1_PA002,1352,2,1,0,1,0,0,0,1,0,13,1,1,2,4,Foul,0,0,Observed,Observed,Observed,1,1,1
P01352,TOR_20260825_1_PA002,1353,3,1,1,1,0,0,0,1,0,17,1,1,2,4,Swinging Strike,0,0,Observed,Observed,Observed,1,1,1
P01353,TOR_20260825_1_PA002,1354,4,1,2,1,0,0,0,1,0,16,0,2,2,4,Ball,0,0,Observed,Observed,Observed,1,1,1
P01354,TOR_20260825_1_PA002,1355,5,2,2,1,0,0,0,1,0,16,1,1,2,4,Foul,0,0,Observed,Observed,Observed,1,1,1
P01355,TOR_20260825_1_PA002,1356,6,2,2,1,0,0,0,1,0,14,1,1,2,4,In Play,1,0,Observed,Observed,Observed,1,1,1
P01356,TOR_20260825_1_PA003,1357,1,0,0,1,1,0,1,2,0,13,0,0,2,2,Called Strike,0,0,Observed,Observed,Observed,1,1,1
P01357,TOR_20260825_1_PA003,1358,2,0,1,1,1,0,1,2,0,11,0,0,0,0,In Play,1,0,Observed,Observed,Observed,1,1,1
P01358,TOR_20260825_1_PA004,1359,1,0,0,1,1,0,1,2,0,17,0,1,0,1,Ball,0,0,Observed,Observed,Observed,1,1,1
P01359,TOR_20260825_1_PA004,1360,2,1,0,1,1,0,1,2,0,13,0,0,0,0,Ball,0,0,Observed,Observed,Observed,1,1,1
P01360,TOR_20260825_1_PA004,1361,3,2,0,1,1,0,1,2,0,13,0,0,0,0,Ball,0,0,Observed,Observed,Observed,1,1,1
P01361,TOR_20260825_1_PA004,1362,4,3,0,1,1,0,1,2,0,10,0,0,0,0,Called Strike,0,0,Observed,Observed,Observed,1,1,1
P01362,TOR_20260825_1_PA004,1363,5,3,1,1,1,0,1,2,0,11,0,0,0,0,Foul,0,0,Observed,Observed,Observed,1,1,1
P01363,TOR_20260825_1_PA004,1364,6,3,2,1,1,0,1,2,0,13,0,1,0,1,Ball,1,0,Observed,Observed,Observed,1,1,1
P01364,TOR_20260825_1_PA005,1365,1,0,0,1,1,1,1,3,0,14,0,1,0,1,Ball,0,0,Observed,Observed,Observed,1,1,1
P01365,TOR_20260825_1_PA005,1366,2,1,0,1,1,1,1,3,0,15,0,0,0,0,In Play,1,0,Observed,Observed,Observed,1,1,1
P01366,TOR_20260825_1_PA006,1367,1,0,0,1,1,0,1,2,0,17,0,0,1,1,Ball,0,0,Observed,Observed,Observed,1,1,1
P01367,TOR_20260825_1_PA006,1368,2,1,0,1,1,0,1,2,0,14,0,1,0,1,Foul,0,0,Observed,Observed,Observed,1,1,1
P01368,TOR_20260825_1_PA006,1369,3,1,1,1,1,0,1,2,0,18,1,1,1,3,Foul,0,0,Observed,Observed,Observed,1,1,1
P01369,TOR_20260825_1_PA006,1370,4,1,2,1,1,0,1,2,0,18,0,0,1,1,Swinging Strike,1,0,Observed,Observed,Observed,1,1,1
P01370,TOR_20260825_1_PA007,1371,1,0,0,0,0,0,0,0,0,16,0,0,1,1,In Play,1,0,Observed,Observed,Observed,1,1,1
P01371,TOR_20260825_1_PA008,1372,1,0,0,0,1,0,1,1,0,14,0,0,1,1,Ball,0,0,Observed,Observed,Observed,1,1,1
P01372,TOR_20260825_1_PA008,1373,2,1,0,0,1,0,1,1,0,13,0,0,1,1,Swinging Strike,0,0,Observed,Observed,Observed,1,1,1
P01373,TOR_20260825_1_PA008,1374,3,1,1,0,1,0,1,1,0,14,1,0,2,3,Swinging Strike,0,0,Observed,Observed,Observed,1,1,1
P01374,TOR_20260825_1_PA008,1375,4,1,2,0,1,0,1,1,0,21,1,0,2,3,In Play,1,0,Observed,Observed,Observed,1,1,1
P01375,TOR_20260825_1_PA009,1376,1,0,0,0,0,1,1,1,0,20,0,0,1,1,Called Strike,0,0,Observed,Observed,Observed,1,1,1
P01376,TOR_20260825_1_PA009,1377,2,0,1,0,0,1,1,1,0,14,0,0,1,1,Ball,0,0,Observed,Observed,Observed,1,1,1
P01377,TOR_20260825_1_PA009,1378,3,1,1,0,0,1,1,1,0,15,0,0,1,1,Ball,0,0,Observed,Observed,Observed,1,1,1
P01378,TOR_20260825_1_PA009,1379,4,2,1,0,0,1,1,1,0,16,1,0,0,1,Swinging Strike,0,0,Observed,Observed,Observed,1,1,1
P01379,TOR_20260825_1_PA009,1380,5,2,2,0,0,1,1,1,0,18,0,0,1,1,Ball,0,0,Observed,Observed,Observed,1,1,1
P01380,TOR_20260825_1_PA009,1381,6,3,2,0,0,1,1,1,0,22,0,0,1,1,Swinging Strike,1,0,Observed,Observed,Observed,1,1,1
P01381,TOR_20260825_1_PA010,1382,1,0,0,0,0,1,1,1,0,9,0,0,0,0,Ball,0,0,Observed,Observed,Observed,1,1,1
P01382,TOR_20260825_1_PA010,1383,2,1,0,0,0,1,1,1,0,9,0,0,0,0,Called Strike,0,0,Observed,Observed,Observed,1,1,1
P01383,TOR_20260825_1_PA010,1384,3,1,1,0,0,1,1,1,0,14,0,0,0,0,Foul,0,0,Observed,Observed,Observed,1,1,1
P01384,TOR_20260825_1_PA010,1385,4,1,2,0,0,1,1,1,0,17,1,0,0,1,Foul,0,0,Observed,Observed,Observed,1,1,1
P01385,TOR_20260825_1_PA010,1386,5,1,2,0,0,1,1,1,0,16,0,0,0,0,Called Strike,1,0,Observed,Observed,Observed,1,1,1
P01386,TOR_20260825_1_PA011,1387,1,0,0,0,0,1,1,1,0,12,0,1,2,3,Ball,0,0,Observed,Observed,Observed,1,1,1
P01387,TOR_20260825_1_PA011,1388,2,1,0,0,0,1,1,1,0,11,1,1,2,4,In Play,1,0,Observed,Observed,Observed,1,1,1
P01388,TOR_20260825_1_PA012,1389,1,0,0,0,0,0,0,0,0,11,0,0,2,2,Ball,0,0,Observed,Observed,Observed,1,1,1
P01389,TOR_20260825_1_PA012,1390,2,1,0,0,0,0,0,0,0,14,0,0,1,1,In Play,1,0,Observed,Observed,Observed,1,1,1
P01390,TOR_20260825_1_PA013,1391,1,0,0,0,0,0,0,0,0,14,0,1,0,1,Called Strike,0,0,Observed,Observed,Observed,1,1,1
P01391,TOR_20260825_1_PA013,1392,2,0,1,0,0,0,0,0,0,10,0,0,0,0,Ball,0,0,Observed,Observed,Observed,1,1,1
P01392,TOR_20260825_1_PA013,1393,3,1,1,0,0,0,0,0,0,9,0,0,0,0,Swinging Strike,0,0,Observed,Observed,Observed,1,1,1
P01393,TOR_20260825_1_PA013,1394,4,1,2,0,0,0,0,0,0,15,0,0,0,0,Ball,0,0,Observed,Observed,Observed,1,1,1
P01394,TOR_20260825_1_PA013,1395,5,2,2,0,0,0,0,0,0,15,0,0,0,0,Ball,0,0,Observed,Observed,Observed,1,1,1
P01395,TOR_20260825_1_PA013,1396,6,3,2,0,0,0,0,0,0,12,0,0,0,0,Swinging Strike,1,0,Observed,Observed,Observed,1,1,1
P01396,TOR_20260825_1_PA014,1397,1,0,0,0,0,0,0,0,0,10,0,0,0,0,Called Strike,0,0,Observed,Observed,Observed,1,1,1
P01397,TOR_20260825_1_PA014,1398,2,0,1,0,0,0,0,0,0,10,0,0,0,0,Swinging Strike,0,0,Observed,Observed,Observed,1,1,1
P01398,TOR_20260825_1_PA014,1399,3,0,2,0,0,0,0,0,0,19,0,1,0,1,Ball,0,0,Observed,Observed,Observed,1,1,1
P01399,TOR_20260825_1_PA014,1400,4,1,2,0,0,0,0,0,0,11,0,0,0,0,Ball,0,0,Observed,Observed,Observed,1,1,1
P01400,TOR_20260825_1_PA014,1401,5,2,2,0,0,0,0,0,0,12,0,0,0,0,Ball,0,0,Observed,Observed,Observed,1,1,1
P01401,TOR_20260825_1_PA014,1402,6,3,2,0,0,0,0,0,0,12,0,0,0,0,Swinging Strike,1,0,Observed,Observed,Observed,1,1,1
P01402,TOR_20260825_1_PA015,1403,1,0,0,0,0,0,0,0,0,13,0,0,1,1,Foul,0,0,Observed,Observed,Observed,1,1,1
P01403,TOR_20260825_1_PA015,1404,2,0,1,0,0,0,0,0,0,13,0,0,0,0,Ball,0,0,Observed,Observed,Observed,1,1,1
P01404,TOR_20260825_1_PA015,1405,3,1,1,0,0,0,0,0,0,14,0,1,0,1,Foul,0,0,Observed,Observed,Observed,1,1,1
P01405,TOR_20260825_1_PA015,1406,4,1,2,0,0,0,0,0,0,28,0,0,1,1,Ball,0,0,Observed,Observed,Observed,1,1,1
P01406,TOR_20260825_1_PA015,1407,5,2,2,0,0,0,0,0,0,16,0,0,0,0,In Play,1,0,Observed,Observed,Observed,1,1,1
P01407,TOR_20260825_1_PA016,1408,1,0,0,1,0,0,0,1,0,11,0,1,1,2,Ball,0,0,Observed,Observed,Observed,1,1,1
P01408,TOR_20260825_1_PA016,1409,2,1,0,1,0,0,0,1,0,19,0,0,1,1,In Play,1,0,Observed,Observed,Observed,1,1,1
P01409,TOR_20260825_1_PA017,1410,1,0,0,1,0,1,1,2,0,10,0,0,1,1,Ball,0,0,Observed,Observed,Observed,1,1,1
P01410,TOR_20260825_1_PA017,1411,2,1,0,1,0,1,1,2,0,15,0,1,1,2,Swinging Strike,0,0,Observed,Observed,Observed,1,1,1
P01411,TOR_20260825_1_PA017,1412,3,1,1,1,0,1,1,2,0,16,0,0,1,1,Ball,0,0,Observed,Observed,Observed,1,1,1
P01412,TOR_20260825_1_PA017,1413,4,2,1,1,0,1,1,2,0,13,0,0,1,1,Foul,0,0,Observed,Observed,Observed,1,1,1
P01413,TOR_20260825_1_PA017,1414,5,2,2,1,0,1,1,2,0,19,0,0,1,1,In Play,1,0,Observed,Observed,Observed,1,1,1
P01414,TOR_20260825_1_PA018,1415,1,0,0,0,0,0,0,0,0,11,0,0,1,1,Ball,0,0,Observed,Observed,Observed,1,1,1
P01415,TOR_20260825_1_PA018,1416,2,1,0,0,0,0,0,0,0,14,0,0,0,0,Swinging Strike,0,0,Observed,Observed,Observed,1,1,1
P01416,TOR_20260825_1_PA018,1417,3,1,1,0,0,0,0,0,0,13,0,0,0,0,Ball,0,0,Observed,Observed,Observed,1,1,1
P01417,TOR_20260825_1_PA018,1418,4,2,1,0,0,0,0,0,0,12,0,0,0,0,Called Strike,0,0,Observed,Observed,Observed,1,1,1
P01418,TOR_20260825_1_PA018,1419,5,2,2,0,0,0,0,0,0,12,0,0,0,0,Foul,0,0,Observed,Observed,Observed,1,1,1
P01419,TOR_20260825_1_PA018,1420,6,2,2,0,0,0,0,0,0,15,0,0,0,0,In Play,1,0,Observed,Observed,Observed,1,1,1
P01420,TOR_20260825_1_PA019,1421,1,0,0,0,0,0,0,0,0,11,0,0,0,0,Foul,0,0,Observed,Observed,Observed,1,1,1
P01421,TOR_20260825_1_PA019,1422,2,0,1,0,0,0,0,0,0,23,0,0,0,0,Ball,0,0,Observed,Observed,Observed,1,1,1
P01422,TOR_20260825_1_PA019,1423,3,1,1,0,0,0,0,0,0,11,0,0,0,0,Foul,0,0,Observed,Observed,Observed,1,1,1
P01423,TOR_20260825_1_PA019,1424,4,1,2,0,0,0,0,0,0,12,0,0,0,0,In Play,1,0,Observed,Observed,Observed,1,1,1
P01424,TOR_20260825_1_PA020,1425,1,0,0,0,1,0,1,1,0,12,0,1,2,3,Called Strike,0,0,Observed,Observed,Observed,1,1,1
P01425,TOR_20260825_1_PA020,1426,2,0,1,0,1,0,1,1,0,11,0,1,2,3,Ball,0,0,Observed,Observed,Observed,1,1,1
P01426,TOR_20260825_1_PA020,1427,3,1,1,0,1,0,1,1,0,14,1,1,2,4,Ball,0,0,Observed,Observed,Observed,1,1,1
P01427,TOR_20260825_1_PA020,1428,4,2,1,0,1,0,1,1,0,20,0,1,2,3,Ball,0,0,Observed,Observed,Observed,1,1,1
P01428,TOR_20260825_1_PA020,1429,5,3,1,0,1,0,1,1,0,26,1,1,2,4,Foul,0,0,Observed,Observed,Observed,1,1,1
P01429,TOR_20260825_1_PA020,1430,6,3,2,0,1,0,1,1,0,17,1,1,2,4,In Play,1,0,Observed,Observed,Observed,1,1,1
P01430,TOR_20260825_1_PA021,1431,1,0,0,0,1,0,1,1,0,20,0,1,2,3,In Play,1,0,Observed,Observed,Observed,1,1,1
P01431,TOR_20260825_1_PA022,1432,1,0,0,0,0,0,0,0,0,17,0,1,0,1,Ball,0,0,Observed,Observed,Observed,1,1,1
P01432,TOR_20260825_1_PA022,1433,2,1,0,0,0,0,0,0,0,13,0,0,0,0,Called Strike,0,0,Observed,Observed,Observed,1,1,1
P01433,TOR_20260825_1_PA022,1434,3,1,1,0,0,0,0,0,0,14,0,0,0,0,Swinging Strike,0,0,Observed,Observed,Observed,1,1,1
P01434,TOR_20260825_1_PA022,1435,4,1,2,0,0,0,0,0,0,14,0,1,0,1,Foul,0,0,Observed,Observed,Observed,1,1,1
P01435,TOR_20260825_1_PA022,1436,5,1,2,0,0,0,0,0,0,14,0,0,0,0,Foul,0,0,Observed,Observed,Observed,1,1,1
P01436,TOR_20260825_1_PA022,1437,6,1,2,0,0,0,0,0,0,16,1,0,0,1,Called Strike,1,0,Observed,Observed,Observed,1,1,1
P01437,TOR_20260825_1_PA023,1438,1,0,0,0,0,0,0,0,0,12,0,1,0,1,Ball,0,0,Observed,Observed,Observed,1,1,1
P01438,TOR_20260825_1_PA023,1439,2,1,0,0,0,0,0,0,0,11,0,1,0,1,Called Strike,0,0,Observed,Observed,Observed,1,1,1
P01439,TOR_20260825_1_PA023,1440,3,1,1,0,0,0,0,0,0,12,0,1,1,2,Ball,0,0,Observed,Observed,Observed,1,1,1
P01440,TOR_20260825_1_PA023,1441,4,2,1,0,0,0,0,0,0,13,0,1,0,1,Foul,0,0,Observed,Observed,Observed,1,1,1
P01441,TOR_20260825_1_PA023,1442,5,2,2,0,0,0,0,0,0,14,0,1,0,1,In Play,1,0,Observed,Observed,Observed,1,1,1
P01442,TOR_20260825_1_PA024,1443,1,0,0,0,0,0,0,0,0,16,0,1,1,2,Called Strike,0,0,Observed,Observed,Observed,1,1,1
P01443,TOR_20260825_1_PA024,1444,2,0,1,0,0,0,0,0,0,14,0,0,0,0,In Play,1,0,Observed,Observed,Observed,1,1,1
P01444,TOR_20260825_1_PA025,1445,1,0,0,0,0,0,0,0,0,13,0,1,1,2,Ball,0,0,Observed,Observed,Observed,1,1,1
P01445,TOR_20260825_1_PA025,1446,2,1,0,0,0,0,0,0,0,16,0,1,0,1,Ball,0,0,Observed,Observed,Observed,1,1,1
P01446,TOR_20260825_1_PA025,1447,3,2,0,0,0,0,0,0,0,12,0,1,0,1,Ball,0,0,Observed,Observed,Observed,1,1,1
P01447,TOR_20260825_1_PA025,1448,4,3,0,0,0,0,0,0,0,13,0,1,0,1,Called Strike,0,0,Observed,Observed,Observed,1,1,1
P01448,TOR_20260825_1_PA025,1449,5,3,1,0,0,0,0,0,0,11,0,1,0,1,HBP,1,0,Observed,Observed,Observed,1,1,1
P01449,TOR_20260825_1_PA026,1450,1,0,0,1,0,0,0,1,0,23,1,2,2,5,Called Strike,0,0,Observed,Observed,Observed,1,1,1
P01450,TOR_20260825_1_PA026,1451,2,0,1,1,0,0,0,1,0,12,0,1,2,3,Foul,0,0,Observed,Observed,Observed,1,1,1
P01451,TOR_20260825_1_PA026,1452,3,0,2,1,0,0,0,1,0,18,0,1,2,3,Ball,0,0,Observed,Observed,Observed,1,1,1
P01452,TOR_20260825_1_PA026,1453,4,1,2,1,0,0,0,1,0,10,0,1,2,3,In Play,1,0,Observed,Observed,Observed,1,1,1
P01453,TOR_20260825_1_PA027,1454,1,0,0,1,0,0,0,1,0,16,0,0,0,0,In Play,1,0,Observed,Observed,Observed,1,1,1
P01454,TOR_20260825_1_PA028,1455,1,0,0,0,0,0,0,0,0,16,0,0,0,0,Foul,0,0,Observed,Observed,Observed,1,1,1
P01455,TOR_20260825_1_PA028,1456,2,0,1,0,0,0,0,0,0,19,0,0,0,0,Ball,0,0,Observed,Observed,Observed,1,1,1
P01456,TOR_20260825_1_PA028,1457,3,1,1,0,0,0,0,0,0,16,0,0,0,0,Ball,0,0,Observed,Observed,Observed,1,1,1
P01457,TOR_20260825_1_PA028,1458,4,2,1,0,0,0,0,0,0,17,0,0,0,0,Called Strike,0,0,Observed,Observed,Observed,1,1,1
P01458,TOR_20260825_1_PA028,1459,5,2,2,0,0,0,0,0,0,18,0,0,0,0,Called Strike,1,0,Observed,Observed,Observed,1,1,1
P01459,TOR_20260825_1_PA029,1460,1,0,0,0,0,0,0,0,0,17,0,1,2,3,Ball,0,0,Observed,Observed,Observed,1,1,1
P01460,TOR_20260825_1_PA029,1461,2,1,0,0,0,0,0,0,0,13,1,1,2,4,Foul,0,0,Observed,Observed,Observed,1,1,1
P01461,TOR_20260825_1_PA029,1462,3,1,1,0,0,0,0,0,0,14,0,1,2,3,Ball,0,0,Observed,Observed,Observed,1,1,1
P01462,TOR_20260825_1_PA029,1463,4,2,1,0,0,0,0,0,0,12,0,1,2,3,Ball,0,0,Observed,Observed,Observed,1,1,1
P01463,TOR_20260825_1_PA029,1464,5,3,1,0,0,0,0,0,0,14,0,1,2,3,Ball,1,0,Observed,Observed,Observed,1,1,1
P01464,TOR_20260825_1_PA030,1465,1,0,0,1,0,0,0,1,0,14,0,0,2,2,Ball,0,0,Observed,Observed,Observed,1,1,1
P01465,TOR_20260825_1_PA030,1466,2,1,0,1,0,0,0,1,0,12,0,0,1,1,Ball,0,0,Observed,Observed,Observed,1,1,1
P01466,TOR_20260825_1_PA030,1467,3,2,0,1,0,0,0,1,0,12,0,0,1,1,Ball,0,0,Observed,Observed,Observed,1,1,1
P01467,TOR_20260825_1_PA030,1468,4,3,0,1,0,0,0,1,0,23,0,0,1,1,Called Strike,0,0,Observed,Observed,Observed,1,1,1
P01468,TOR_20260825_1_PA030,1469,5,3,1,1,0,0,0,1,0,9,0,0,0,0,In Play,1,0,Observed,Observed,Observed,1,1,1
P01469,TOR_20260825_1_PA031,1470,1,0,0,0,1,1,1,2,0,12,0,0,0,0,Swinging Strike,0,0,Observed,Observed,Observed,1,1,1
P01470,TOR_20260825_1_PA031,1471,2,0,1,0,1,1,1,2,0,14,0,1,0,1,In Play,1,0,Observed,Observed,Observed,1,1,1
P01471,TOR_20260825_1_PA032,1472,1,0,0,0,1,1,1,2,0,12,0,2,1,3,Ball,0,0,Observed,Observed,Observed,1,1,1
P01472,TOR_20260825_1_PA032,1473,2,1,0,0,1,1,1,2,0,14,0,1,1,2,HBP,1,0,Observed,Observed,Observed,1,1,1
P01473,TOR_20260825_1_PA033,1474,1,0,0,1,1,1,1,3,0,14,0,1,1,2,Ball,0,0,Observed,Observed,Observed,1,1,1
P01474,TOR_20260825_1_PA033,1475,2,1,0,1,1,1,1,3,0,12,1,0,1,2,Foul,0,0,Observed,Observed,Observed,1,1,1
P01475,TOR_20260825_1_PA033,1476,3,1,1,1,1,1,1,3,0,12,0,0,1,1,Foul,0,0,Observed,Observed,Observed,1,1,1
P01476,TOR_20260825_1_PA033,1477,4,1,2,1,1,1,1,3,0,10,0,0,0,0,Foul,0,0,Observed,Observed,Observed,1,1,1
P01477,TOR_20260825_1_PA033,1478,5,1,2,1,1,1,1,3,0,9,0,0,1,1,Foul,0,0,Observed,Observed,Observed,1,1,1
P01478,TOR_20260825_1_PA033,1479,6,1,2,1,1,1,1,3,0,12,0,0,1,1,In Play,1,0,Observed,Observed,Observed,1,1,1
P01479,TOR_20260825_1_PA034,1480,1,0,0,0,0,0,0,0,0,11,0,0,1,1,In Play,1,0,Observed,Observed,Observed,1,1,1
P01480,TOR_20260825_1_PA035,1481,1,0,0,0,0,0,0,0,0,22,0,1,2,3,Called Strike,0,0,Observed,Observed,Observed,1,1,1
P01481,TOR_20260825_1_PA035,1482,2,0,1,0,0,0,0,0,0,11,0,1,2,3,Ball,0,0,Observed,Observed,Observed,1,1,1
P01482,TOR_20260825_1_PA035,1483,3,1,1,0,0,0,0,0,0,12,0,1,2,3,Foul,0,0,Observed,Observed,Observed,1,1,1
P01483,TOR_20260825_1_PA035,1484,4,1,2,0,0,0,0,0,0,12,0,1,2,3,Foul,0,0,Observed,Observed,Observed,1,1,1
P01484,TOR_20260825_1_PA035,1485,5,1,2,0,0,0,0,0,0,20,0,1,2,3,In Play,1,0,Observed,Observed,Observed,1,1,1
P01485,TOR_20260825_1_PA036,1486,1,0,0,0,0,0,0,0,0,8,0,1,2,3,Foul,0,0,Observed,Observed,Observed,1,1,1
P01486,TOR_20260825_1_PA036,1487,2,0,1,0,0,0,0,0,0,12,0,1,2,3,In Play,1,0,Observed,Observed,Observed,1,1,1
P01487,TOR_20260825_1_PA037,1488,1,0,0,1,0,0,0,1,0,10,0,0,2,2,Called Strike,0,0,Observed,Observed,Observed,1,1,1
P01488,TOR_20260825_1_PA037,1489,2,0,1,1,0,0,0,1,0,10,1,0,0,1,In Play,1,0,Observed,Observed,Observed,1,1,1
P01489,TOR_20260825_1_PA038,1490,1,0,0,1,0,1,1,2,0,10,0,1,2,3,Ball,0,0,Observed,Observed,Observed,1,1,1
P01490,TOR_20260825_1_PA038,1491,2,1,0,1,0,1,1,2,0,11,1,1,2,4,In Play,1,0,Observed,Observed,Observed,1,1,1
P01491,TOR_20260826_1_PA001,1492,1,0,0,0,0,0,0,0,0,13,0,0,2,2,Called Strike,0,0,Observed,Observed,Observed,1,1,1
P01492,TOR_20260826_1_PA001,1493,2,0,1,0,0,0,0,0,0,9,0,0,0,0,Ball,0,0,Observed,Observed,Observed,1,1,1
P01493,TOR_20260826_1_PA001,1494,3,1,1,0,0,0,0,0,0,11,0,0,0,0,Ball,0,0,Observed,Observed,Observed,1,1,1
P01494,TOR_20260826_1_PA001,1495,4,2,1,0,0,0,0,0,0,10,0,0,0,0,Ball,0,0,Observed,Observed,Observed,1,1,1
P01495,TOR_20260826_1_PA001,1496,5,3,1,0,0,0,0,0,0,12,0,0,0,0,Foul,0,0,Observed,Observed,Observed,1,1,1
P01496,TOR_20260826_1_PA001,1497,6,3,2,0,0,0,0,0,0,18,0,0,0,0,Swinging Strike,1,0,Observed,Observed,Observed,1,1,1
P01497,TOR_20260826_1_PA002,1498,1,0,0,0,0,0,0,0,0,9,0,0,1,1,Called Strike,0,0,Observed,Observed,Observed,1,1,1
P01498,TOR_20260826_1_PA002,1499,2,0,1,0,0,0,0,0,0,8,1,0,0,1,Foul,0,0,Observed,Observed,Observed,1,1,1
P01499,TOR_20260826_1_PA002,1500,3,0,2,0,0,0,0,0,0,15,0,0,0,0,Ball,0,0,Observed,Observed,Observed,1,1,1
P01500,TOR_20260826_1_PA002,1501,4,1,2,0,0,0,0,0,0,11,0,0,0,0,Ball,0,0,Observed,Observed,Observed,1,1,1
P01501,TOR_20260826_1_PA002,1502,5,2,2,0,0,0,0,0,0,11,0,0,0,0,In Play,1,0,Observed,Observed,Observed,1,1,1
P01502,TOR_20260826_1_PA003,1503,1,0,0,1,0,0,0,1,0,11,0,1,2,3,Foul,0,0,Observed,Observed,Observed,1,1,1
P01503,TOR_20260826_1_PA003,1504,2,0,1,1,0,0,0,1,0,15,0,0,1,1,Foul,0,0,Observed,Observed,Observed,1,1,1
P01504,TOR_20260826_1_PA003,1505,3,0,2,1,0,0,0,1,0,17,0,1,2,3,Ball,0,0,Observed,Observed,Observed,1,1,1
P01505,TOR_20260826_1_PA003,1506,4,1,2,1,0,0,0,1,0,16,0,1,2,3,Ball,0,0,Observed,Observed,Observed,1,1,1
P01506,TOR_20260826_1_PA003,1507,5,2,2,1,0,0,0,1,0,15,0,1,3,4,Ball,0,0,Observed,Observed,Observed,1,1,1
P01507,TOR_20260826_1_PA003,1508,6,3,2,1,0,0,0,1,0,14,0,1,2,3,In Play,1,0,Observed,Observed,Observed,1,1,1
P01508,TOR_20260826_1_PA004,1509,1,0,0,1,0,0,0,1,0,15,0,0,1,1,Called Strike,0,0,Observed,Observed,Observed,1,1,1
P01509,TOR_20260826_1_PA004,1510,2,0,1,1,0,0,0,1,0,15,0,0,0,0,Foul,0,0,Observed,Observed,Observed,1,1,1
P01510,TOR_20260826_1_PA004,1511,3,0,2,1,0,0,0,1,0,14,0,0,1,1,Swinging Strike,1,0,Observed,Observed,Observed,1,1,1
P01511,TOR_20260826_1_PA005,1512,1,0,0,0,0,0,0,0,0,13,0,1,2,3,Ball,0,0,Observed,Observed,Observed,1,1,1
P01512,TOR_20260826_1_PA005,1513,2,1,0,0,0,0,0,0,0,9,0,1,1,2,In Play,1,0,Observed,Observed,Observed,1,1,1
P01513,TOR_20260826_1_PA006,1514,1,0,0,0,1,0,1,1,0,11,0,0,0,0,Ball,0,0,Observed,Observed,Observed,1,1,1
P01514,TOR_20260826_1_PA006,1515,2,1,0,0,1,0,1,1,0,13,0,0,0,0,Ball,0,0,Observed,Observed,Observed,1,1,1
P01515,TOR_20260826_1_PA006,1516,3,2,0,0,1,0,1,1,0,13,0,1,1,2,In Play,1,0,Observed,Observed,Observed,1,1,1
P01516,TOR_20260826_1_PA007,1517,1,0,0,0,1,0,1,1,0,11,0,1,2,3,Called Strike,0,0,Observed,Observed,Observed,1,1,1
P01517,TOR_20260826_1_PA007,1518,2,0,1,0,1,0,1,1,0,13,1,1,1,3,In Play,1,0,Observed,Observed,Observed,1,1,1
P01518,TOR_20260826_1_PA008,1519,1,0,0,0,1,0,1,1,0,19,0,1,1,2,Foul,0,0,Observed,Observed,Observed,1,1,1
P01519,TOR_20260826_1_PA008,1520,2,0,1,0,1,0,1,1,0,17,0,1,0,1,Foul,0,0,Observed,Observed,Observed,1,1,1
P01520,TOR_20260826_1_PA008,1521,3,0,2,0,1,0,1,1,0,13,0,1,0,1,Ball,0,0,Observed,Observed,Observed,1,1,1
P01521,TOR_20260826_1_PA008,1522,4,1,2,0,1,0,1,1,0,17,0,1,0,1,Ball,0,0,Observed,Observed,Observed,1,1,1
P01522,TOR_20260826_1_PA008,1523,5,2,2,0,1,0,1,1,0,15,1,1,1,3,Foul,0,0,Observed,Observed,Observed,1,1,1
P01523,TOR_20260826_1_PA008,1524,6,2,2,0,1,0,1,1,0,14,0,1,1,2,Swinging Strike,1,0,Observed,Observed,Observed,1,1,1
P01524,TOR_20260826_1_PA009,1525,1,0,0,0,0,0,0,0,0,17,0,0,0,0,Called Strike,0,0,Observed,Observed,Observed,1,1,1
P01525,TOR_20260826_1_PA009,1526,2,0,1,0,0,0,0,0,0,8,0,0,0,0,Foul,0,0,Observed,Observed,Observed,1,1,1
P01526,TOR_20260826_1_PA009,1527,3,0,2,0,0,0,0,0,0,19,0,0,0,0,Foul,0,0,Observed,Observed,Observed,1,1,1
P01527,TOR_20260826_1_PA009,1528,4,0,2,0,0,0,0,0,0,10,0,0,0,0,In Play,1,0,Observed,Observed,Observed,1,1,1
P01528,TOR_20260826_1_PA010,1529,1,0,0,0,0,0,0,0,0,12,0,0,2,2,Ball,0,0,Observed,Observed,Observed,1,1,1
P01529,TOR_20260826_1_PA010,1530,2,1,0,0,0,0,0,0,0,11,0,0,0,0,In Play,1,0,Observed,Observed,Observed,1,1,1
P01530,TOR_20260826_1_PA011,1531,1,0,0,1,0,0,0,1,0,9,0,0,1,1,Called Strike,0,0,Observed,Observed,Observed,1,1,1
P01531,TOR_20260826_1_PA011,1532,2,0,1,1,0,0,0,1,0,13,0,0,0,0,In Play,1,0,Observed,Observed,Observed,1,1,1
P01532,TOR_20260826_1_PA012,1533,1,0,0,1,0,0,0,1,0,9,0,1,2,3,Ball,0,0,Observed,Observed,Observed,1,1,1
P01533,TOR_20260826_1_PA012,1534,2,1,0,1,0,0,0,1,0,14,0,2,2,4,In Play,1,0,Observed,Observed,Observed,1,1,1
P01534,TOR_20260826_1_PA013,1535,1,0,0,0,0,0,0,0,0,10,0,0,1,1,Ball,0,0,Observed,Observed,Observed,1,1,1
P01535,TOR_20260826_1_PA013,1536,2,1,0,0,0,0,0,0,0,8,0,0,1,1,Ball,0,0,Observed,Observed,Observed,1,1,1
P01536,TOR_20260826_1_PA013,1537,3,2,0,0,0,0,0,0,0,11,0,0,1,1,In Play,1,0,Observed,Observed,Observed,1,1,1
P01537,TOR_20260826_1_PA014,1538,1,0,0,1,0,0,0,1,0,17,0,0,1,1,Called Strike,0,0,Observed,Observed,Observed,1,1,1
P01538,TOR_20260826_1_PA014,1539,2,0,1,1,0,0,0,1,0,13,0,0,1,1,Ball,0,0,Observed,Observed,Observed,1,1,1
P01539,TOR_20260826_1_PA014,1540,3,1,1,1,0,0,0,1,0,14,0,0,1,1,Ball,0,0,Observed,Observed,Observed,1,1,1
P01540,TOR_20260826_1_PA014,1541,4,2,1,1,0,0,0,1,0,16,1,0,1,2,Ball,0,0,Observed,Observed,Observed,1,1,1
P01541,TOR_20260826_1_PA014,1542,5,3,1,1,0,0,0,1,0,13,0,0,1,1,In Play,1,0,Observed,Observed,Observed,1,1,1
P01542,TOR_20260826_1_PA015,1543,1,0,0,1,1,0,1,2,0,13,0,0,0,0,Ball,0,0,Observed,Observed,Observed,1,1,1
P01543,TOR_20260826_1_PA015,1544,2,1,0,1,1,0,1,2,0,15,0,1,0,1,Called Strike,0,0,Observed,Observed,Observed,1,1,1
P01544,TOR_20260826_1_PA015,1545,3,1,1,1,1,0,1,2,0,14,0,0,0,0,Ball,0,0,Observed,Observed,Observed,1,1,1
P01545,TOR_20260826_1_PA015,1546,4,2,1,1,1,0,1,2,0,15,0,0,0,0,Foul,0,0,Observed,Observed,Observed,1,1,1
P01546,TOR_20260826_1_PA015,1547,5,2,2,1,1,0,1,2,0,9,0,1,0,1,Foul,0,0,Observed,Observed,Observed,1,1,1
P01547,TOR_20260826_1_PA015,1548,6,2,2,1,1,0,1,2,0,11,0,0,0,0,In Play,1,0,Observed,Observed,Observed,1,1,1
P01548,TOR_20260826_1_PA016,1549,1,0,0,1,1,0,1,2,0,9,0,1,2,3,Ball,0,0,Observed,Observed,Observed,1,1,1
P01549,TOR_20260826_1_PA016,1550,2,1,0,1,1,0,1,2,0,15,0,1,2,3,In Play,1,0,Observed,Observed,Observed,1,1,1
P01550,TOR_20260826_1_PA017,1551,1,0,0,0,0,0,0,0,0,11,0,1,1,2,In Play,1,0,Observed,Observed,Observed,1,1,1
P01551,TOR_20260826_1_PA018,1552,1,0,0,0,0,0,0,0,0,9,0,0,1,1,Called Strike,0,0,Observed,Observed,Observed,1,1,1
P01552,TOR_20260826_1_PA018,1553,2,0,1,0,0,0,0,0,0,7,0,0,1,1,Ball,0,0,Observed,Observed,Observed,1,1,1
P01553,TOR_20260826_1_PA018,1554,3,1,1,0,0,0,0,0,0,9,0,0,1,1,Ball,0,0,Observed,Observed,Observed,1,1,1
P01554,TOR_20260826_1_PA018,1555,4,2,1,0,0,0,0,0,0,14,0,0,1,1,In Play,1,0,Observed,Observed,Observed,1,1,1
P01555,TOR_20260826_1_PA019,1556,1,0,0,0,0,0,0,0,0,8,0,0,2,2,Called Strike,0,0,Observed,Observed,Observed,1,1,1
P01556,TOR_20260826_1_PA019,1557,2,0,1,0,0,0,0,0,0,12,0,0,0,0,Ball,0,0,Observed,Observed,Observed,1,1,1
P01557,TOR_20260826_1_PA019,1558,3,1,1,0,0,0,0,0,0,12,0,0,0,0,Ball,0,0,Observed,Observed,Observed,1,1,1
P01558,TOR_20260826_1_PA019,1559,4,2,1,0,0,0,0,0,0,11,0,0,0,0,In Play,1,0,Observed,Observed,Observed,1,1,1
P01559,TOR_20260826_1_PA020,1560,1,0,0,0,0,0,0,0,0,12,0,0,1,1,Ball,0,0,Observed,Observed,Observed,1,1,1
P01560,TOR_20260826_1_PA020,1561,2,1,0,0,0,0,0,0,0,9,0,0,0,0,Ball,0,0,Observed,Observed,Observed,1,1,1
P01561,TOR_20260826_1_PA020,1562,3,2,0,0,0,0,0,0,0,12,0,0,0,0,Called Strike,0,0,Observed,Observed,Observed,1,1,1
P01562,TOR_20260826_1_PA020,1563,4,2,1,0,0,0,0,0,0,8,0,0,0,0,Ball,0,0,Observed,Observed,Observed,1,1,1
P01563,TOR_20260826_1_PA020,1564,5,3,1,0,0,0,0,0,0,12,0,0,0,0,In Play,1,0,Observed,Observed,Observed,1,1,1
P01564,TOR_20260826_1_PA021,1565,1,0,0,0,0,0,0,0,0,10,0,1,2,3,Called Strike,0,0,Observed,Observed,Observed,1,1,1
P01565,TOR_20260826_1_PA021,1566,2,0,1,0,0,0,0,0,0,9,0,0,2,2,In Play,1,0,Observed,Observed,Observed,1,1,1
P01566,TOR_20260826_1_PA022,1567,1,0,0,0,0,0,0,0,0,9,0,0,1,1,Ball,0,0,Observed,Observed,Observed,1,1,1
P01567,TOR_20260826_1_PA022,1568,2,1,0,0,0,0,0,0,0,9,0,0,0,0,In Play,1,0,Observed,Observed,Observed,1,1,1
P01568,TOR_20260826_1_PA023,1569,1,0,0,0,0,0,0,0,0,10,0,0,0,0,Called Strike,0,0,Observed,Observed,Observed,1,1,1
P01569,TOR_20260826_1_PA023,1570,2,0,1,0,0,0,0,0,0,11,1,0,1,2,Foul,0,0,Observed,Observed,Observed,1,1,1
P01570,TOR_20260826_1_PA023,1571,3,0,2,0,0,0,0,0,0,12,0,0,1,1,Called Strike,1,0,Observed,Observed,Observed,1,1,1
P01571,TOR_20260826_1_PA024,1572,1,0,0,0,0,0,0,0,0,8,0,0,0,0,Ball,0,0,Observed,Observed,Observed,1,1,1
P01572,TOR_20260826_1_PA024,1573,2,1,0,0,0,0,0,0,0,8,0,1,0,1,Swinging Strike,0,0,Observed,Observed,Observed,1,1,1
P01573,TOR_20260826_1_PA024,1574,3,1,1,0,0,0,0,0,0,9,0,0,0,0,Ball,0,0,Observed,Observed,Observed,1,1,1
P01574,TOR_20260826_1_PA024,1575,4,2,1,0,0,0,0,0,0,9,0,0,0,0,Ball,0,0,Observed,Observed,Observed,1,1,1
P01575,TOR_20260826_1_PA024,1576,5,3,1,0,0,0,0,0,0,15,0,1,0,1,Foul,0,0,Observed,Observed,Observed,1,1,1
P01576,TOR_20260826_1_PA024,1577,6,3,2,0,0,0,0,0,0,13,0,0,0,0,Ball,1,0,Observed,Observed,Observed,1,1,1
P01577,TOR_20260826_1_PA025,1578,1,0,0,1,0,0,0,1,0,21,0,2,2,4,Called Strike,0,0,Observed,Observed,Observed,1,1,1
P01578,TOR_20260826_1_PA025,1579,2,0,1,1,0,0,0,1,0,14,0,1,2,3,Foul,0,0,Observed,Observed,Observed,1,1,1
P01579,TOR_20260826_1_PA025,1580,3,0,2,1,0,0,0,1,0,19,0,1,2,3,Ball,0,0,Observed,Observed,Observed,1,1,1
P01580,TOR_20260826_1_PA025,1581,4,1,2,1,0,0,0,1,0,13,0,1,2,3,Foul,0,0,Observed,Observed,Observed,1,1,1
P01581,TOR_20260826_1_PA025,1582,5,1,2,1,0,0,0,1,0,16,0,1,2,3,Ball,0,0,Observed,Observed,Observed,1,1,1
P01582,TOR_20260826_1_PA025,1583,6,2,2,1,0,0,0,1,0,17,0,1,2,3,Swinging Strike,1,0,Observed,Observed,Observed,1,1,1
P01583,TOR_20260826_1_PA026,1584,1,0,0,0,0,0,0,0,0,12,0,1,1,2,Foul,0,0,Observed,Observed,Observed,1,1,1
P01584,TOR_20260826_1_PA026,1585,2,0,1,0,0,0,0,0,0,15,0,0,0,0,Ball,0,0,Observed,Observed,Observed,1,1,1
P01585,TOR_20260826_1_PA026,1586,3,1,1,0,0,0,0,0,0,14,0,1,0,1,In Play,1,0,Observed,Observed,Observed,1,1,1
P01586,TOR_20260826_1_PA027,1587,1,0,0,0,0,0,0,0,0,17,0,0,1,1,Called Strike,0,0,Observed,Observed,Observed,1,1,1
P01587,TOR_20260826_1_PA027,1588,2,0,1,0,0,0,0,0,0,15,0,0,1,1,In Play,1,0,Observed,Observed,Observed,1,1,1
P01588,TOR_20260826_1_PA028,1589,1,0,0,0,0,0,0,0,0,12,0,0,2,2,Ball,0,0,Observed,Observed,Observed,1,1,1
P01589,TOR_20260826_1_PA028,1590,2,1,0,0,0,0,0,0,0,14,0,0,0,0,Ball,0,0,Observed,Observed,Observed,1,1,1
P01590,TOR_20260826_1_PA028,1591,3,2,0,0,0,0,0,0,0,8,0,0,0,0,Ball,0,0,Observed,Observed,Observed,1,1,1
P01591,TOR_20260826_1_PA028,1592,4,3,0,0,0,0,0,0,1,19,0,0,0,0,Called Strike,0,0,Observed,Observed,Observed,1,1,1
P01592,TOR_20260826_1_PA028,1593,5,3,1,0,0,0,0,0,0,13,0,0,0,0,Swinging Strike,0,0,Observed,Observed,Observed,1,1,1
P01593,TOR_20260826_1_PA028,1594,6,3,2,0,0,0,0,0,0,22,1,0,0,1,In Play,1,0,Observed,Observed,Observed,1,1,1
P01594,TOR_20260826_1_PA029,1595,1,0,0,0,0,0,0,0,0,10,0,0,1,1,In Play,1,0,Observed,Observed,Observed,1,1,1
P01595,TOR_20260826_1_PA030,1596,1,0,0,0,0,0,0,0,0,9,0,1,2,3,Ball,0,0,Observed,Observed,Observed,1,1,1
P01596,TOR_20260826_1_PA030,1597,2,1,0,0,0,0,0,0,0,11,0,1,2,3,Foul,0,0,Observed,Observed,Observed,1,1,1
P01597,TOR_20260826_1_PA030,1598,3,1,1,0,0,0,0,0,0,14,1,1,2,4,In Play,1,0,Observed,Observed,Observed,1,1,1
P01598,TOR_20260826_1_PA031,1599,1,0,0,0,0,0,0,0,0,12,0,0,1,1,Foul,0,0,Observed,Observed,Observed,1,1,1
P01599,TOR_20260826_1_PA031,1600,2,0,1,0,0,0,0,0,0,14,0,0,0,0,In Play,1,0,Observed,Observed,Observed,1,1,1
P01600,TOR_20260827_1_PA001,1601,1,0,0,0,0,0,0,0,0,8,0,0,2,2,Called Strike,0,0,Observed,Observed,Observed,1,1,1
P01601,TOR_20260827_1_PA001,1602,2,0,1,0,0,0,0,0,0,9,0,0,2,2,Ball,0,0,Observed,Observed,Observed,1,1,1
P01602,TOR_20260827_1_PA001,1603,3,1,1,0,0,0,0,0,0,7,0,0,2,2,In Play,1,0,Observed,Observed,Observed,1,1,1
P01603,TOR_20260827_1_PA002,1604,1,0,0,1,0,0,0,1,0,11,0,0,1,1,Foul,0,0,Observed,Observed,Observed,1,1,1
P01604,TOR_20260827_1_PA002,1605,2,0,1,1,0,0,0,1,0,19,1,0,2,3,Ball,0,0,Observed,Observed,Observed,1,1,1
P01605,TOR_20260827_1_PA002,1606,3,1,1,1,0,0,0,1,0,12,0,1,2,3,Swinging Strike,0,0,Observed,Observed,Observed,1,1,1
P01606,TOR_20260827_1_PA002,1607,4,1,2,1,0,0,0,1,0,25,0,0,1,1,Swinging Strike,1,0,Observed,Observed,Observed,1,1,1
P01607,TOR_20260827_1_PA003,1608,1,0,0,1,0,0,0,1,0,9,0,1,2,3,Called Strike,0,0,Observed,Observed,Observed,1,1,1
P01608,TOR_20260827_1_PA003,1609,2,0,1,1,0,0,0,1,0,15,0,1,2,3,Called Strike,0,0,Observed,Observed,Observed,1,1,1
P01609,TOR_20260827_1_PA003,1610,3,0,2,1,0,0,0,1,0,26,0,1,2,3,Ball,0,0,Observed,Observed,Observed,1,1,1
P01610,TOR_20260827_1_PA003,1611,4,1,2,1,0,0,0,1,0,21,0,1,2,3,In Play,1,0,Observed,Observed,Observed,1,1,1
P01611,TOR_20260827_1_PA004,1612,1,0,0,1,0,0,0,1,0,12,0,0,1,1,Ball,0,0,Observed,Observed,Observed,1,1,1
P01612,TOR_20260827_1_PA004,1613,2,1,0,1,0,0,0,1,0,13,0,0,0,0,Swinging Strike,0,0,Observed,Observed,Observed,1,1,1
P01613,TOR_20260827_1_PA004,1614,3,1,1,1,0,0,0,1,1,31,0,0,2,2,Swinging Strike,0,0,Observed,Observed,Observed,1,1,1
P01614,TOR_20260827_1_PA004,1615,4,1,2,1,0,0,0,1,0,15,0,0,2,2,Ball,0,0,Observed,Observed,Observed,1,1,1
P01615,TOR_20260827_1_PA004,1616,5,2,2,1,0,0,0,1,0,13,0,0,2,2,Foul,0,0,Observed,Observed,Observed,1,1,1
P01616,TOR_20260827_1_PA004,1617,6,2,2,1,0,0,0,1,0,15,0,0,2,2,Ball,0,0,Observed,Observed,Observed,1,1,1
P01617,TOR_20260827_1_PA004,1618,7,3,2,1,0,0,0,1,0,17,0,0,2,2,Ball,1,0,Observed,Observed,Observed,1,1,1
P01618,TOR_20260827_1_PA005,1619,1,0,0,1,1,0,1,2,0,20,0,1,2,3,In Play,1,0,Observed,Observed,Observed,1,1,1
P01619,TOR_20260827_1_PA006,1620,1,0,0,0,0,0,0,0,0,9,0,0,1,1,Ball,0,0,Observed,Observed,Observed,1,1,1
P01620,TOR_20260827_1_PA006,1621,2,1,0,0,0,0,0,0,0,10,0,2,1,3,Called Strike,0,0,Observed,Observed,Observed,1,1,1
P01621,TOR_20260827_1_PA006,1622,3,1,1,0,0,0,0,0,0,12,0,1,0,1,In Play,1,0,Observed,Observed,Observed,1,1,1
P01622,TOR_20260827_1_PA007,1623,1,0,0,0,0,0,0,0,0,11,0,1,2,3,Ball,0,0,Observed,Observed,Observed,1,1,1
P01623,TOR_20260827_1_PA007,1624,2,1,0,0,0,0,0,0,0,9,0,1,2,3,Ball,0,0,Observed,Observed,Observed,1,1,1
P01624,TOR_20260827_1_PA007,1625,3,2,0,0,0,0,0,0,0,10,0,1,2,3,Swinging Strike,0,0,Observed,Observed,Observed,1,1,1
P01625,TOR_20260827_1_PA007,1626,4,2,1,0,0,0,0,0,0,9,0,1,2,3,Foul,0,0,Observed,Observed,Observed,1,1,1
P01626,TOR_20260827_1_PA007,1627,5,2,2,0,0,0,0,0,0,10,0,1,2,3,Called Strike,1,0,Observed,Observed,Observed,1,1,1
P01627,TOR_20260827_1_PA008,1628,1,0,0,0,0,0,0,0,0,9,0,1,0,1,Called Strike,0,0,Observed,Observed,Observed,1,1,1
P01628,TOR_20260827_1_PA008,1629,2,0,1,0,0,0,0,0,0,11,0,1,0,1,Ball,0,0,Observed,Observed,Observed,1,1,1
P01629,TOR_20260827_1_PA008,1630,3,1,1,0,0,0,0,0,0,8,0,1,0,1,Called Strike,0,0,Observed,Observed,Observed,1,1,1
P01630,TOR_20260827_1_PA008,1631,4,1,2,0,0,0,0,0,0,15,0,0,1,1,Foul,0,0,Observed,Observed,Observed,1,1,1
P01631,TOR_20260827_1_PA008,1632,5,1,2,0,0,0,0,0,0,22,0,0,1,1,Ball,0,0,Observed,Observed,Observed,1,1,1
P01632,TOR_20260827_1_PA008,1633,6,2,2,0,0,0,0,0,0,8,0,1,1,2,In Play,1,0,Observed,Observed,Observed,1,1,1
P01633,TOR_20260827_1_PA009,1634,1,0,0,0,1,0,1,1,0,11,0,1,2,3,Ball,0,0,Observed,Observed,Observed,1,1,1
P01634,TOR_20260827_1_PA009,1635,2,1,0,0,1,0,1,1,0,13,1,1,2,4,In Play,1,0,Observed,Observed,Observed,1,1,1
P01635,TOR_20260827_1_PA010,1636,1,0,0,0,0,0,0,0,0,19,0,0,2,2,Swinging Strike,0,0,Observed,Observed,Observed,1,1,1
P01636,TOR_20260827_1_PA010,1637,2,0,1,0,0,0,0,0,0,9,0,0,2,2,Ball,0,0,Observed,Observed,Observed,1,1,1
P01637,TOR_20260827_1_PA010,1638,3,1,1,0,0,0,0,0,0,7,1,0,2,3,Swinging Strike,0,0,Observed,Observed,Observed,1,1,1
P01638,TOR_20260827_1_PA010,1639,4,1,2,0,0,0,0,0,0,10,0,0,2,2,In Play,1,0,Observed,Observed,Observed,1,1,1
P01639,TOR_20260827_1_PA011,1640,1,0,0,0,0,0,0,0,0,17,0,0,2,2,Ball,0,0,Observed,Observed,Observed,1,1,1
P01640,TOR_20260827_1_PA011,1641,2,1,0,0,0,0,0,0,0,14,0,0,0,0,Foul,0,0,Observed,Observed,Observed,1,1,1
P01641,TOR_20260827_1_PA011,1642,3,1,1,0,0,0,0,0,0,11,0,0,0,0,Ball,0,0,Observed,Observed,Observed,1,1,1
P01642,TOR_20260827_1_PA011,1643,4,2,1,0,0,0,0,0,0,13,0,1,0,1,Called Strike,0,0,Observed,Observed,Observed,1,1,1
P01643,TOR_20260827_1_PA011,1644,5,2,2,0,0,0,0,0,0,20,0,1,0,1,Ball,0,0,Observed,Observed,Observed,1,1,1
P01644,TOR_20260827_1_PA011,1645,6,3,2,0,0,0,0,0,0,12,0,0,0,0,Ball,1,0,Observed,Observed,Observed,1,1,1
P01645,TOR_20260827_1_PA012,1646,1,0,0,1,0,0,0,1,0,12,0,1,2,3,Ball,0,0,Observed,Observed,Observed,1,1,1
P01646,TOR_20260827_1_PA012,1647,2,1,0,1,0,0,0,1,0,14,0,1,2,3,In Play,1,0,Observed,Observed,Observed,1,1,1
P01647,TOR_20260827_1_PA013,1648,1,0,0,0,0,0,0,0,0,12,0,0,2,2,In Play,1,0,Observed,Observed,Observed,1,1,1
P01648,TOR_20260827_1_PA014,1649,1,0,0,0,0,0,0,0,0,11,0,0,0,0,Ball,0,0,Observed,Observed,Observed,1,1,1
P01649,TOR_20260827_1_PA014,1650,2,1,0,0,0,0,0,0,0,9,0,1,0,1,In Play,1,0,Observed,Observed,Observed,1,1,1
P01650,TOR_20260827_1_PA015,1651,1,0,0,0,0,0,0,0,0,9,0,1,1,2,Called Strike,0,0,Observed,Observed,Observed,1,1,1
P01651,TOR_20260827_1_PA015,1652,2,0,1,0,0,0,0,0,0,10,0,1,0,1,Foul,0,0,Observed,Observed,Observed,1,1,1
P01652,TOR_20260827_1_PA015,1653,3,0,2,0,0,0,0,0,0,17,0,1,0,1,In Play,1,0,Observed,Observed,Observed,1,1,1
P01653,TOR_20260827_1_PA016,1654,1,0,0,0,0,0,0,0,0,9,0,1,2,3,In Play,1,0,Observed,Observed,Observed,1,1,1
P01654,TOR_20260827_1_PA017,1655,1,0,0,0,0,0,0,0,0,8,0,0,0,0,Called Strike,0,0,Observed,Observed,Observed,1,1,1
P01655,TOR_20260827_1_PA017,1656,2,0,1,0,0,0,0,0,0,11,0,1,0,1,Swinging Strike,0,0,Observed,Observed,Observed,1,1,1
P01656,TOR_20260827_1_PA017,1657,3,0,2,0,0,0,0,0,0,9,0,1,0,1,Swinging Strike,1,0,Observed,Observed,Observed,1,1,1
P01657,TOR_20260827_1_PA018,1658,1,0,0,0,0,0,0,0,0,12,0,1,2,3,Ball,0,0,Observed,Observed,Observed,1,1,1
P01658,TOR_20260827_1_PA018,1659,2,1,0,0,0,0,0,0,0,16,0,1,2,3,Called Strike,0,0,Observed,Observed,Observed,1,1,1
P01659,TOR_20260827_1_PA018,1660,3,1,1,0,0,0,0,0,0,12,0,1,2,3,Called Strike,0,0,Observed,Observed,Observed,1,1,1
P01660,TOR_20260827_1_PA018,1661,4,1,2,0,0,0,0,0,0,15,0,1,2,3,In Play,1,0,Observed,Observed,Observed,1,1,1
P01661,TOR_20260827_1_PA019,1662,1,0,0,0,0,0,0,0,0,9,0,0,2,2,Called Strike,0,0,Observed,Observed,Observed,1,1,1
P01662,TOR_20260827_1_PA019,1663,2,0,1,0,0,0,0,0,0,9,0,0,2,2,Swinging Strike,0,0,Observed,Observed,Observed,1,1,1
P01663,TOR_20260827_1_PA019,1664,3,0,2,0,0,0,0,0,0,14,0,0,2,2,Ball,0,0,Observed,Observed,Observed,1,1,1
P01664,TOR_20260827_1_PA019,1665,4,1,2,0,0,0,0,0,0,11,0,0,2,2,In Play,1,0,Observed,Observed,Observed,1,1,1
P01665,TOR_20260827_1_PA020,1666,1,0,0,0,0,0,0,0,0,9,0,1,2,3,Ball,0,0,Observed,Observed,Observed,1,1,1
P01666,TOR_20260827_1_PA020,1667,2,1,0,0,0,0,0,0,0,8,0,0,0,0,Foul,0,0,Observed,Observed,Observed,1,1,1
P01667,TOR_20260827_1_PA020,1668,3,1,1,0,0,0,0,0,0,13,1,1,2,4,In Play,1,0,Observed,Observed,Observed,1,1,1
P01668,TOR_20260827_1_PA021,1669,1,0,0,0,0,0,0,0,0,14,0,1,2,3,Called Strike,0,0,Observed,Observed,Observed,1,1,1
P01669,TOR_20260827_1_PA021,1670,2,0,1,0,0,0,0,0,0,9,0,1,2,3,Called Strike,0,0,Observed,Observed,Observed,1,1,1
P01670,TOR_20260827_1_PA021,1671,3,0,2,0,0,0,0,0,0,17,0,1,2,3,In Play,1,0,Observed,Observed,Observed,1,1,1
P01671,TOR_20260827_1_PA022,1672,1,0,0,1,0,0,0,1,0,17,0,0,2,2,In Play,1,0,Observed,Observed,Observed,1,1,1
P01672,TOR_20260827_1_PA023,1673,1,0,0,0,0,0,0,0,0,9,0,1,0,1,Swinging Strike,0,0,Observed,Observed,Observed,1,1,1
P01673,TOR_20260827_1_PA023,1674,2,0,1,0,0,0,0,0,0,8,0,0,0,0,Ball,0,0,Observed,Observed,Observed,1,1,1
P01674,TOR_20260827_1_PA023,1675,3,1,1,0,0,0,0,0,0,10,0,1,0,1,Ball,0,0,Observed,Observed,Observed,1,1,1
P01675,TOR_20260827_1_PA023,1676,4,2,1,0,0,0,0,0,0,11,0,1,0,1,In Play,1,0,Observed,Observed,Observed,1,1,1
P01676,TOR_20260827_1_PA024,1677,1,0,0,0,1,0,1,1,0,9,0,1,1,2,Called Strike,0,0,Observed,Observed,Observed,1,1,1
P01677,TOR_20260827_1_PA024,1678,2,0,1,0,1,0,1,1,0,15,0,1,1,2,Ball,0,0,Observed,Observed,Observed,1,1,1
P01678,TOR_20260827_1_PA024,1679,3,1,1,0,1,0,1,1,0,13,0,0,0,0,In Play,1,0,Observed,Observed,Observed,1,1,1
P01679,TOR_20260827_1_PA025,1680,1,0,0,1,0,1,1,2,0,9,0,1,2,3,Ball,0,0,Observed,Observed,Observed,1,1,1
P01680,TOR_20260827_1_PA025,1681,2,1,0,1,0,1,1,2,0,9,0,1,2,3,In Play,1,0,Observed,Observed,Observed,1,1,1
P01681,TOR_20260827_1_PA026,1682,1,0,0,0,0,0,0,0,0,9,0,0,0,0,Called Strike,0,0,Observed,Observed,Observed,1,1,1
P01682,TOR_20260827_1_PA026,1683,2,0,1,0,0,0,0,0,0,9,0,0,0,0,Swinging Strike,0,0,Observed,Observed,Observed,1,1,1
P01683,TOR_20260827_1_PA026,1684,3,0,2,0,0,0,0,0,1,10,0,0,0,0,Ball,0,0,Observed,Observed,Observed,1,1,1
P01684,TOR_20260827_1_PA026,1685,4,1,2,0,0,0,0,0,0,14,0,0,0,0,Foul,0,0,Observed,Observed,Observed,1,1,1
P01685,TOR_20260827_1_PA026,1686,5,1,2,0,0,0,0,0,0,27,0,0,0,0,Ball,0,0,Observed,Observed,Observed,1,1,1
P01686,TOR_20260827_1_PA026,1687,6,2,2,0,0,0,0,0,0,17,0,0,0,0,Ball,0,0,Observed,Observed,Observed,1,1,1
P01687,TOR_20260827_1_PA026,1688,7,3,2,0,0,0,0,0,0,14,0,0,0,0,Ball,1,0,Observed,Observed,Observed,1,1,1
P01688,TOR_20260827_1_PA027,1689,1,0,0,1,0,0,0,1,0,9,0,1,2,3,Called Strike,0,0,Observed,Observed,Observed,1,1,1
P01689,TOR_20260827_1_PA027,1690,2,0,1,1,0,0,0,1,0,9,1,1,2,4,Swinging Strike,0,0,Observed,Observed,Observed,1,1,1
P01690,TOR_20260827_1_PA027,1691,3,0,2,1,0,0,0,1,0,10,1,1,2,4,In Play,1,0,Observed,Observed,Observed,1,1,1
P01691,TOR_20260827_1_PA028,1692,1,0,0,1,1,0,1,2,0,9,0,0,2,2,Ball,0,0,Observed,Observed,Observed,1,1,1
P01692,TOR_20260827_1_PA028,1693,2,1,0,1,1,0,1,2,0,11,0,0,2,2,In Play,1,0,Observed,Observed,Observed,1,1,1
P01693,TOR_20260827_1_PA029,1694,1,0,0,0,0,1,1,1,0,14,0,1,2,3,Foul,0,0,Observed,Observed,Observed,1,1,1
P01694,TOR_20260827_1_PA029,1695,2,0,1,0,0,1,1,1,0,21,0,0,0,0,Ball,0,0,Observed,Observed,Observed,1,1,1
P01695,TOR_20260827_1_PA029,1696,3,1,1,0,0,1,1,1,0,10,0,0,0,0,In Play,1,0,Observed,Observed,Observed,1,1,1
P01696,TOR_20260827_1_PA030,1697,1,0,0,0,0,0,0,0,0,10,0,1,2,3,Ball,0,0,Observed,Observed,Observed,1,1,1
P01697,TOR_20260827_1_PA030,1698,2,1,0,0,0,0,0,0,0,11,0,1,2,3,Called Strike,0,0,Observed,Observed,Observed,1,1,1
P01698,TOR_20260827_1_PA030,1699,3,1,1,0,0,0,0,0,0,11,0,1,2,3,Ball,0,0,Observed,Observed,Observed,1,1,1
P01699,TOR_20260827_1_PA030,1700,4,2,1,0,0,0,0,0,0,10,0,1,2,3,In Play,1,0,Observed,Observed,Observed,1,1,1
P01700,TOR_20260827_1_PA031,1701,1,0,0,0,0,0,0,0,0,12,0,0,2,2,Foul,0,0,Observed,Observed,Observed,1,1,1
P01701,TOR_20260827_1_PA031,1702,2,0,1,0,0,0,0,0,0,14,0,0,0,0,In Play,1,0,Observed,Observed,Observed,1,1,1
P01702,TOR_20260827_1_PA032,1703,1,0,0,1,0,0,0,1,0,12,0,0,0,0,Foul,0,0,Observed,Observed,Observed,1,1,1
P01703,TOR_20260827_1_PA032,1704,2,0,1,1,0,0,0,1,0,14,0,1,0,1,Ball,0,0,Observed,Observed,Observed,1,1,1
P01704,TOR_20260827_1_PA032,1705,3,1,1,1,0,0,0,1,0,9,0,1,0,1,In Play,1,0,Observed,Observed,Observed,1,1,1
P01705,TOR_20260827_1_PA033,1706,1,0,0,0,0,0,0,0,0,12,0,0,1,1,Ball,0,0,Observed,Observed,Observed,1,1,1
P01706,TOR_20260827_1_PA033,1707,2,1,0,0,0,0,0,0,0,8,0,1,1,2,Ball,0,0,Observed,Observed,Observed,1,1,1
P01707,TOR_20260827_1_PA033,1708,3,2,0,0,0,0,0,0,0,13,0,1,0,1,In Play,1,0,Observed,Observed,Observed,1,1,1
P01708,TOR_20260827_1_PA034,1709,1,0,0,0,0,0,0,0,0,16,0,0,2,2,Ball,0,0,Observed,Observed,Observed,1,1,1
P01709,TOR_20260827_1_PA034,1710,2,1,0,0,0,0,0,0,0,14,0,0,2,2,Called Strike,0,0,Observed,Observed,Observed,1,1,1
P01710,TOR_20260827_1_PA034,1711,3,1,1,0,0,0,0,0,0,9,0,1,2,3,Ball,0,0,Observed,Observed,Observed,1,1,1
P01711,TOR_20260827_1_PA034,1712,4,2,1,0,0,0,0,0,0,9,0,0,0,0,Foul,0,0,Observed,Observed,Observed,1,1,1
P01712,TOR_20260827_1_PA034,1713,5,2,2,0,0,0,0,0,0,11,0,0,2,2,In Play,1,0,Observed,Observed,Observed,1,1,1
P01713,TOR_20260827_1_PA035,1714,1,0,0,0,0,0,0,0,0,14,0,0,0,0,Ball,0,0,Observed,Observed,Observed,1,1,1
P01714,TOR_20260827_1_PA035,1715,2,1,0,0,0,0,0,0,0,13,0,0,0,0,Called Strike,0,0,Observed,Observed,Observed,1,1,1
P01715,TOR_20260827_1_PA035,1716,3,1,1,0,0,0,0,0,1,13,0,0,0,0,Foul,0,0,Observed,Observed,Observed,1,1,1
P01716,TOR_20260827_1_PA035,1717,4,1,2,0,0,0,0,0,0,12,0,0,0,0,In Play,1,0,Observed,Observed,Observed,1,1,1
P01717,TOR_20260828_1_PA001,1718,1,0,0,0,0,0,0,0,0,12,0,0,2,2,Ball,0,0,Observed,Observed,Observed,1,1,1
P01718,TOR_20260828_1_PA001,1719,2,1,0,0,0,0,0,0,0,12,0,0,0,0,In Play,1,0,Observed,Observed,Observed,1,1,1
P01719,TOR_20260828_1_PA002,1720,1,0,0,1,0,0,0,1,0,14,0,1,2,3,Called Strike,0,0,Observed,Observed,Observed,1,1,1
P01720,TOR_20260828_1_PA002,1721,2,0,1,0,1,0,1,1,0,16,0,1,2,3,Ball,0,0,Observed,Observed,Observed,1,1,1
P01721,TOR_20260828_1_PA002,1722,3,1,1,0,1,0,1,1,0,14,1,1,2,4,In Play,1,0,Observed,Observed,Observed,1,1,1
P01722,TOR_20260828_1_PA003,1723,1,0,0,0,0,1,1,1,0,12,0,0,1,1,In Play,1,0,Observed,Observed,Observed,1,1,1
P01723,TOR_20260828_1_PA004,1724,1,0,0,0,1,0,1,1,0,11,0,0,1,1,Called Strike,0,0,Observed,Observed,Observed,1,1,1
P01724,TOR_20260828_1_PA004,1725,2,0,1,0,1,0,1,1,0,15,0,0,1,1,Foul,0,0,Observed,Observed,Observed,1,1,1
P01725,TOR_20260828_1_PA004,1726,3,0,2,0,1,0,1,1,0,17,0,0,1,1,In Play,1,0,Observed,Observed,Observed,1,1,1
P01726,TOR_20260828_1_PA005,1727,1,0,0,1,0,1,1,2,0,13,0,0,1,1,Called Strike,0,0,Observed,Observed,Observed,1,1,1
P01727,TOR_20260828_1_PA005,1728,2,0,1,1,0,1,1,2,0,17,0,1,0,1,Swinging Strike,0,0,Observed,Observed,Observed,1,1,1
P01728,TOR_20260828_1_PA005,1729,3,0,2,1,0,1,1,2,0,18,0,1,0,1,Foul,0,0,Observed,Observed,Observed,1,1,1
P01729,TOR_20260828_1_PA005,1730,4,0,2,1,0,1,1,2,0,13,0,1,0,1,Foul,0,0,Observed,Observed,Observed,1,1,1
P01730,TOR_20260828_1_PA005,1731,5,0,2,1,0,1,1,2,0,11,1,0,0,1,HBP,1,0,Observed,Observed,Observed,1,1,1
P01731,TOR_20260828_1_PA006,1732,1,0,0,1,1,1,1,3,0,11,0,0,0,0,Called Strike,0,0,Observed,Observed,Observed,1,1,1
P01732,TOR_20260828_1_PA006,1733,2,0,1,1,1,1,1,3,0,13,0,1,1,2,Ball,0,0,Observed,Observed,Observed,1,1,1
P01733,TOR_20260828_1_PA006,1734,3,1,1,1,1,1,1,3,0,11,0,1,1,2,Ball,0,0,Observed,Observed,Observed,1,1,1
P01734,TOR_20260828_1_PA006,1735,4,2,1,1,1,1,1,3,0,12,0,1,1,2,In Play,1,0,Observed,Observed,Observed,1,1,1
P01735,TOR_20260828_1_PA007,1736,1,0,0,1,0,1,1,2,0,12,0,0,1,1,In Play,1,0,Observed,Observed,Observed,1,1,1
P01736,TOR_20260828_1_PA008,1737,1,0,0,1,1,0,1,2,0,14,0,1,1,2,In Play,1,0,Observed,Observed,Observed,1,1,1
P01737,TOR_20260828_1_PA009,1738,1,0,0,0,0,0,0,0,0,12,0,0,2,2,Ball,0,0,Observed,Observed,Observed,1,1,1
P01738,TOR_20260828_1_PA009,1739,2,1,0,0,0,0,0,0,0,13,0,0,2,2,Ball,0,0,Observed,Observed,Observed,1,1,1
P01739,TOR_20260828_1_PA009,1740,3,2,0,0,0,0,0,0,0,12,0,0,2,2,In Play,1,0,Observed,Observed,Observed,1,1,1
P01740,TOR_20260828_1_PA010,1741,1,0,0,0,0,0,0,0,0,11,0,0,2,2,Ball,0,0,Observed,Observed,Observed,1,1,1
P01741,TOR_20260828_1_PA010,1742,2,1,0,0,0,0,0,0,0,13,0,0,0,0,Called Strike,0,0,Observed,Observed,Observed,1,1,1
P01742,TOR_20260828_1_PA010,1743,3,1,1,0,0,0,0,0,0,14,0,0,0,0,In Play,1,0,Observed,Observed,Observed,1,1,1
P01743,TOR_20260828_1_PA011,1744,1,0,0,1,0,0,0,1,0,11,0,1,2,3,In Play,1,0,Observed,Observed,Observed,1,1,1
P01744,TOR_20260828_1_PA012,1745,1,0,0,0,0,0,0,0,0,12,0,1,1,2,In Play,1,0,Observed,Observed,Observed,1,1,1
P01745,TOR_20260828_1_PA013,1746,1,0,0,0,0,0,0,0,0,18,0,0,1,1,Called Strike,0,0,Observed,Observed,Observed,1,1,1
P01746,TOR_20260828_1_PA013,1747,2,0,1,0,0,0,0,0,0,10,0,0,1,1,In Play,1,0,Observed,Observed,Observed,1,1,1
P01747,TOR_20260828_1_PA014,1748,1,0,0,0,1,0,1,1,0,13,0,0,1,1,Ball,0,0,Observed,Observed,Observed,1,1,1
P01748,TOR_20260828_1_PA014,1749,2,1,0,0,1,0,1,1,0,14,0,1,1,2,Swinging Strike,0,0,Observed,Observed,Observed,1,1,1
P01749,TOR_20260828_1_PA014,1750,3,1,1,0,1,0,1,1,0,13,0,0,1,1,In Play,1,0,Observed,Observed,Observed,1,1,1
P01750,TOR_20260828_1_PA015,1751,1,0,0,0,1,0,1,1,0,11,0,1,0,1,Ball,0,0,Observed,Observed,Observed,1,1,1
P01751,TOR_20260828_1_PA015,1752,2,1,0,0,1,0,1,1,0,14,0,1,1,2,Swinging Strike,0,0,Observed,Observed,Observed,1,1,1
P01752,TOR_20260828_1_PA015,1753,3,1,1,0,1,0,1,1,0,14,0,1,1,2,In Play,1,0,Observed,Observed,Observed,1,1,1
P01753,TOR_20260828_1_PA016,1754,1,0,0,0,0,0,0,0,0,14,0,0,1,1,Ball,0,0,Observed,Observed,Observed,1,1,1
P01754,TOR_20260828_1_PA016,1755,2,1,0,0,0,0,0,0,0,12,0,1,1,2,In Play,1,0,Observed,Observed,Observed,1,1,1
P01755,TOR_20260828_1_PA017,1756,1,0,0,0,0,0,0,0,0,16,0,1,1,2,Called Strike,0,0,Observed,Observed,Observed,1,1,1
P01756,TOR_20260828_1_PA017,1757,2,0,1,0,0,0,0,0,0,12,0,0,1,1,In Play,1,0,Observed,Observed,Observed,1,1,1
P01757,TOR_20260828_1_PA018,1758,1,0,0,0,0,0,0,0,0,13,0,0,1,1,Swinging Strike,0,0,Observed,Observed,Observed,1,1,1
P01758,TOR_20260828_1_PA018,1759,2,0,1,0,0,0,0,0,0,16,0,1,2,3,Ball,0,0,Observed,Observed,Observed,1,1,1
P01759,TOR_20260828_1_PA018,1760,3,1,1,0,0,0,0,0,0,11,0,0,1,1,Ball,0,0,Observed,Observed,Observed,1,1,1
P01760,TOR_20260828_1_PA018,1761,4,2,1,0,0,0,0,0,0,14,0,0,1,1,In Play,1,0,Observed,Observed,Observed,1,1,1
P01761,TOR_20260828_1_PA019,1762,1,0,0,0,0,0,0,0,0,19,0,0,2,2,Swinging Strike,0,0,Observed,Observed,Observed,1,1,1
P01762,TOR_20260828_1_PA019,1763,2,0,1,0,0,0,0,0,0,16,0,0,0,0,Called Strike,0,0,Observed,Observed,Observed,1,1,1
P01763,TOR_20260828_1_PA019,1764,3,0,2,0,0,0,0,0,0,11,0,0,0,0,Swinging Strike,1,0,Observed,Observed,Observed,1,1,1
P01764,TOR_20260828_1_PA020,1765,1,0,0,0,0,0,0,0,0,11,0,1,2,3,Ball,0,0,Observed,Observed,Observed,1,1,1
P01765,TOR_20260828_1_PA020,1766,2,1,0,0,0,0,0,0,0,12,0,1,2,3,Called Strike,0,0,Observed,Observed,Observed,1,1,1
P01766,TOR_20260828_1_PA020,1767,3,1,1,0,0,0,0,0,0,11,0,1,2,3,In Play,1,0,Observed,Observed,Observed,1,1,1
P01767,TOR_20260828_1_PA021,1768,1,0,0,0,0,0,0,0,0,12,0,0,1,1,Called Strike,0,0,Observed,Observed,Observed,1,1,1
P01768,TOR_20260828_1_PA021,1769,2,0,1,0,0,0,0,0,0,11,0,0,0,0,Ball,0,0,Observed,Observed,Observed,1,1,1
P01769,TOR_20260828_1_PA021,1770,3,1,1,0,0,0,0,0,0,13,0,0,1,1,Swinging Strike,0,0,Observed,Observed,Observed,1,1,1
P01770,TOR_20260828_1_PA021,1771,4,1,2,0,0,0,0,0,0,18,0,0,1,1,Ball,0,0,Observed,Observed,Observed,1,1,1
P01771,TOR_20260828_1_PA021,1772,5,2,2,0,0,0,0,0,0,12,0,0,1,1,In Play,1,0,Observed,Observed,Observed,1,1,1
P01772,TOR_20260828_1_PA022,1773,1,0,0,0,0,0,0,0,0,11,0,0,1,1,Swinging Strike,0,0,Observed,Observed,Observed,1,1,1
P01773,TOR_20260828_1_PA022,1774,2,0,1,0,0,0,0,0,0,10,0,0,1,1,Foul,0,0,Observed,Observed,Observed,1,1,1
P01774,TOR_20260828_1_PA022,1775,3,0,2,0,0,0,0,0,0,17,0,0,1,1,Ball,0,0,Observed,Observed,Observed,1,1,1
P01775,TOR_20260828_1_PA022,1776,4,1,2,0,0,0,0,0,0,11,0,0,1,1,Foul,0,0,Observed,Observed,Observed,1,1,1
P01776,TOR_20260828_1_PA022,1777,5,1,2,0,0,0,0,0,0,14,0,0,1,1,In Play,1,0,Observed,Observed,Observed,1,1,1
P01777,TOR_20260828_1_PA023,1778,1,0,0,0,0,0,0,0,0,9,0,0,1,1,Ball,0,0,Observed,Observed,Observed,1,1,1
P01778,TOR_20260828_1_PA023,1779,2,1,0,0,0,0,0,0,0,11,0,1,1,2,Foul,0,0,Observed,Observed,Observed,1,1,1
P01779,TOR_20260828_1_PA023,1780,3,1,1,0,0,0,0,0,0,14,0,1,1,2,Swinging Strike,0,0,Observed,Observed,Observed,1,1,1
P01780,TOR_20260828_1_PA023,1781,4,1,2,0,0,0,0,0,0,15,0,0,1,1,Ball,0,0,Observed,Observed,Observed,1,1,1
P01781,TOR_20260828_1_PA023,1782,5,2,2,0,0,0,0,0,0,15,0,0,1,1,In Play,1,0,Observed,Observed,Observed,1,1,1
P01782,TOR_20260828_1_PA024,1783,1,0,0,0,0,0,0,0,0,14,0,1,0,1,Called Strike,0,0,Observed,Observed,Observed,1,1,1
P01783,TOR_20260828_1_PA024,1784,2,0,1,0,0,0,0,0,0,16,0,1,1,2,Foul,0,0,Observed,Observed,Observed,1,1,1
P01784,TOR_20260828_1_PA024,1785,3,0,2,0,0,0,0,0,0,16,0,1,0,1,Ball,0,0,Observed,Observed,Observed,1,1,1
P01785,TOR_20260828_1_PA024,1786,4,1,2,0,0,0,0,0,0,13,0,0,0,0,Ball,0,0,Observed,Observed,Observed,1,1,1
P01786,TOR_20260828_1_PA024,1787,5,2,2,0,0,0,0,0,0,13,0,0,0,0,In Play,1,0,Observed,Observed,Observed,1,1,1
P01787,TOR_20260828_1_PA025,1788,1,0,0,0,0,0,0,0,0,14,0,1,1,2,Called Strike,0,0,Observed,Observed,Observed,1,1,1
P01788,TOR_20260828_1_PA025,1789,2,0,1,0,0,0,0,0,0,14,0,1,0,1,In Play,1,0,Observed,Observed,Observed,1,1,1
P01789,TOR_20260828_1_PA026,1790,1,0,0,0,0,0,0,0,0,12,0,1,1,2,Called Strike,0,0,Observed,Observed,Observed,1,1,1
P01790,TOR_20260828_1_PA026,1791,2,0,1,0,0,0,0,0,0,11,0,1,1,2,Ball,0,0,Observed,Observed,Observed,1,1,1
P01791,TOR_20260828_1_PA026,1792,3,1,1,0,0,0,0,0,0,14,0,1,0,1,Called Strike,0,0,Observed,Observed,Observed,1,1,1
P01792,TOR_20260828_1_PA026,1793,4,1,2,0,0,0,0,0,0,15,0,1,0,1,Foul,0,0,Observed,Observed,Observed,1,1,1
P01793,TOR_20260828_1_PA026,1794,5,1,2,0,0,0,0,0,0,16,0,1,1,2,Foul,0,0,Observed,Observed,Observed,1,1,1
P01794,TOR_20260828_1_PA026,1795,6,1,2,0,0,0,0,0,0,14,0,0,0,0,Ball,0,0,Observed,Observed,Observed,1,1,1
P01795,TOR_20260828_1_PA026,1796,7,2,2,0,0,0,0,0,0,20,0,1,0,1,In Play,1,0,Observed,Observed,Observed,1,1,1
P01796,TOR_20260828_1_PA027,1797,1,0,0,0,0,0,0,0,0,13,0,1,0,1,Foul,0,0,Observed,Observed,Observed,1,1,1
P01797,TOR_20260828_1_PA027,1798,2,0,1,0,0,0,0,0,0,14,0,1,1,2,Ball,0,0,Observed,Observed,Observed,1,1,1
P01798,TOR_20260828_1_PA027,1799,3,1,1,0,0,0,0,0,0,13,1,1,0,2,Swinging Strike,0,0,Observed,Observed,Observed,1,1,1
P01799,TOR_20260828_1_PA027,1800,4,1,2,0,0,0,0,0,0,18,1,1,0,2,Foul,0,0,Observed,Observed,Observed,1,1,1
P01800,TOR_20260828_1_PA027,1801,5,1,2,0,0,0,0,0,0,14,0,1,0,1,Ball,0,0,Observed,Observed,Observed,1,1,1
P01801,TOR_20260828_1_PA027,1802,6,2,2,0,0,0,0,0,0,11,0,0,0,0,Ball,0,0,Observed,Observed,Observed,1,1,1
P01802,TOR_20260828_1_PA027,1803,7,3,2,0,0,0,0,0,0,13,0,0,0,0,Foul,0,0,Observed,Observed,Observed,1,1,1
P01803,TOR_20260828_1_PA027,1804,8,3,2,0,0,0,0,0,0,17,0,0,0,0,Foul,0,0,Observed,Observed,Observed,1,1,1
P01804,TOR_20260828_1_PA027,1805,9,3,2,0,0,0,0,0,0,21,0,0,0,0,Ball,1,0,Observed,Observed,Observed,1,1,1
P01805,TOR_20260828_1_PA028,1806,1,0,0,1,0,0,0,1,0,11,0,0,2,2,In Play,1,0,Observed,Observed,Observed,1,1,1
P01806,TOR_20260828_1_PA029,1807,1,0,0,0,0,0,0,0,0,8,0,1,2,3,Called Strike,0,0,Observed,Observed,Observed,1,1,1
P01807,TOR_20260828_1_PA029,1808,2,0,1,0,0,0,0,0,0,9,0,1,2,3,Foul,0,0,Observed,Observed,Observed,1,1,1
P01808,TOR_20260828_1_PA029,1809,3,0,2,0,0,0,0,0,0,10,1,1,2,4,Ball,0,0,Observed,Observed,Observed,1,1,1
P01809,TOR_20260828_1_PA029,1810,4,1,2,0,0,0,0,0,0,9,0,1,2,3,Ball,0,0,Observed,Observed,Observed,1,1,1
P01810,TOR_20260828_1_PA029,1811,5,2,2,0,0,0,0,0,0,11,0,1,2,3,Foul,0,0,Observed,Observed,Observed,1,1,1
P01811,TOR_20260828_1_PA029,1812,6,2,2,0,0,0,0,0,0,9,0,1,2,3,Foul,0,0,Observed,Observed,Observed,1,1,1
P01812,TOR_20260828_1_PA029,1813,7,2,2,0,0,0,0,0,0,9,0,1,2,3,Ball,0,0,Observed,Observed,Observed,1,1,1
P01813,TOR_20260828_1_PA029,1814,8,3,2,0,0,0,0,0,0,27,1,1,2,4,Ball,1,0,Observed,Observed,Observed,1,1,1
P01814,TOR_20260828_1_PA030,1815,1,0,0,1,0,0,0,1,0,9,0,1,1,2,Called Strike,0,0,Observed,Observed,Observed,1,1,1
P01815,TOR_20260828_1_PA030,1816,2,0,1,1,0,0,0,1,0,11,0,1,0,1,Ball,0,0,Observed,Observed,Observed,1,1,1
P01816,TOR_20260828_1_PA030,1817,3,1,1,1,0,0,0,1,0,10,0,1,0,1,In Play,1,0,Observed,Observed,Observed,1,1,1
P01817,TOR_20260828_1_PA031,1818,1,0,0,1,0,0,0,1,0,11,0,0,1,1,Called Strike,0,0,Observed,Observed,Observed,1,1,1
P01818,TOR_20260828_1_PA031,1819,2,0,1,1,0,0,0,1,0,13,0,0,1,1,Foul,0,0,Observed,Observed,Observed,1,1,1
P01819,TOR_20260828_1_PA031,1820,3,0,2,1,0,0,0,1,1,41,0,0,1,1,Ball,0,0,Observed,Observed,Observed,1,1,1
P01820,TOR_20260828_1_PA031,1821,4,1,2,1,0,0,0,1,0,14,0,0,1,1,In Play,1,0,Observed,Observed,Observed,1,1,1
P01821,TOR_20260828_1_PA032,1822,1,0,0,1,1,0,1,2,0,15,0,0,1,1,Called Strike,0,0,Observed,Observed,Observed,1,1,1
P01822,TOR_20260828_1_PA032,1823,2,0,1,1,1,0,1,2,0,15,0,0,1,1,Ball,0,0,Observed,Observed,Observed,1,1,1
P01823,TOR_20260828_1_PA032,1824,3,1,1,1,1,0,1,2,0,15,0,0,1,1,In Play,1,0,Observed,Observed,Observed,1,1,1
P01824,TOR_20260828_1_PA033,1825,1,0,0,1,1,0,1,2,0,14,0,1,0,1,In Play,1,0,Observed,Observed,Observed,1,1,1
P01825,TOR_20260828_1_PA034,1826,1,0,0,1,1,0,1,2,0,14,0,0,1,1,Called Strike,0,0,Observed,Observed,Observed,1,1,1
P01826,TOR_20260828_1_PA034,1827,2,0,1,1,1,0,1,2,0,14,0,0,1,1,Foul,0,0,Observed,Observed,Observed,1,1,1
P01827,TOR_20260828_1_PA034,1828,3,0,2,1,1,0,1,2,0,14,0,0,1,1,Ball,0,0,Observed,Observed,Observed,1,1,1
P01828,TOR_20260828_1_PA034,1829,4,1,2,1,1,0,1,2,0,14,0,0,1,1,Ball,0,0,Observed,Observed,Observed,1,1,1
P01829,TOR_20260828_1_PA034,1830,5,2,2,1,1,0,1,2,0,14,0,0,1,1,Swinging Strike,1,0,Observed,Observed,Observed,1,1,1
P01830,TOR_20260828_1_PA035,1831,1,0,0,1,1,0,1,2,0,14,0,0,0,0,Swinging Strike,0,0,Observed,Observed,Observed,1,1,1
P01831,TOR_20260828_1_PA035,1832,2,0,1,1,1,0,1,2,0,14,0,0,0,0,Foul,0,0,Observed,Observed,Observed,1,1,1
P01832,TOR_20260828_1_PA035,1833,3,0,2,1,1,0,1,2,0,14,0,0,0,0,Ball,0,0,Observed,Observed,Observed,1,1,1
P01833,TOR_20260828_1_PA035,1834,4,1,2,1,1,0,1,2,0,14,0,0,0,0,Foul,0,0,Observed,Observed,Observed,1,1,1
P01834,TOR_20260828_1_PA035,1835,5,1,2,1,1,0,1,2,0,14,0,0,0,0,Ball,0,0,Observed,Observed,Observed,1,1,1
P01835,TOR_20260828_1_PA035,1836,6,2,2,1,1,0,1,2,0,14,0,0,0,0,Swinging Strike,1,0,Observed,Observed,Observed,1,1,1
P01836,TOR_20260828_1_PA036,1837,1,0,0,0,0,0,0,0,0,14,0,1,1,2,In Play,1,0,Observed,Observed,Observed,1,1,1
P01837,TOR_20260828_1_PA037,1838,1,0,0,0,0,0,0,0,0,8,0,0,2,2,Ball,0,0,Observed,Observed,Observed,1,1,1
P01838,TOR_20260828_1_PA037,1839,2,1,0,0,0,0,0,0,0,9,0,0,0,0,Foul,0,0,Observed,Observed,Observed,1,1,1
P01839,TOR_20260828_1_PA037,1840,3,1,1,0,0,0,0,0,0,9,0,0,2,2,Called Strike,0,0,Observed,Observed,Observed,1,1,1
P01840,TOR_20260828_1_PA037,1841,4,1,2,0,0,0,0,0,0,11,0,0,0,0,Foul,0,0,Observed,Observed,Observed,1,1,1
P01841,TOR_20260828_1_PA037,1842,5,1,2,0,0,0,0,0,0,18,0,0,0,0,Foul,0,0,Observed,Observed,Observed,1,1,1
P01842,TOR_20260828_1_PA037,1843,6,1,2,0,0,0,0,0,0,12,0,0,0,0,Ball,0,0,Observed,Observed,Observed,1,1,1
P01843,TOR_20260828_1_PA037,1844,7,2,2,0,0,0,0,0,0,12,0,0,0,0,In Play,1,0,Observed,Observed,Observed,1,1,1
P01844,TOR_20260828_1_PA038,1845,1,0,0,0,0,0,0,0,0,11,0,1,2,3,Called Strike,0,0,Observed,Observed,Observed,1,1,1
P01845,TOR_20260828_1_PA038,1846,2,0,1,0,0,0,0,0,0,13,1,1,2,4,Foul,0,0,Observed,Observed,Observed,1,1,1
P01846,TOR_20260828_1_PA038,1847,3,0,2,0,0,0,0,0,0,14,0,1,2,3,Ball,0,0,Observed,Observed,Observed,1,1,1
P01847,TOR_20260828_1_PA038,1848,4,1,2,0,0,0,0,0,0,17,0,1,2,3,Ball,0,0,Observed,Observed,Observed,1,1,1
P01848,TOR_20260828_1_PA038,1849,5,2,2,0,0,0,0,0,0,13,0,1,2,3,Ball,0,0,Observed,Observed,Observed,1,1,1
P01849,TOR_20260828_1_PA038,1850,6,3,2,0,0,0,0,0,0,14,1,1,2,4,Foul,0,0,Observed,Observed,Observed,1,1,1
P01850,TOR_20260828_1_PA038,1851,7,3,2,0,0,0,0,0,0,14,0,1,2,3,In Play,1,0,Observed,Observed,Observed,1,1,1
P01851,TOR_20260829_1_PA001,1852,1,0,0,0,0,0,0,0,0,12,0,0,1,1,Foul,0,0,Observed,Observed,Observed,1,1,1
P01852,TOR_20260829_1_PA001,1853,2,0,1,0,0,0,0,0,0,12,0,0,0,0,Called Strike,0,0,Observed,Observed,Observed,1,1,1
P01853,TOR_20260829_1_PA001,1854,3,0,2,0,0,0,0,0,0,18,0,0,0,0,Ball,0,0,Observed,Observed,Observed,1,1,1
P01854,TOR_20260829_1_PA001,1855,4,1,2,0,0,0,0,0,0,14,0,0,0,0,Ball,0,0,Observed,Observed,Observed,1,1,1
P01855,TOR_20260829_1_PA001,1856,5,2,2,0,0,0,0,0,0,11,0,0,0,0,Swinging Strike,1,0,Observed,Observed,Observed,1,1,1
P01856,TOR_20260829_1_PA002,1857,1,0,0,0,0,0,0,0,0,9,0,0,0,0,Swinging Strike,0,0,Observed,Observed,Observed,1,1,1
P01857,TOR_20260829_1_PA002,1858,2,0,1,0,0,0,0,0,0,11,0,0,0,0,Called Strike,0,0,Observed,Observed,Observed,1,1,1
P01858,TOR_20260829_1_PA002,1859,3,0,2,0,0,0,0,0,0,12,0,0,0,0,Ball,0,0,Observed,Observed,Observed,1,1,1
P01859,TOR_20260829_1_PA002,1860,4,1,2,0,0,0,0,0,0,14,0,0,0,0,In Play,1,0,Observed,Observed,Observed,1,1,1
P01860,TOR_20260829_1_PA003,1861,1,0,0,0,0,0,0,0,0,16,0,0,1,1,Ball,0,0,Observed,Observed,Observed,1,1,1
P01861,TOR_20260829_1_PA003,1862,2,1,0,0,0,0,0,0,0,12,0,0,1,1,Ball,0,0,Observed,Observed,Observed,1,1,1
P01862,TOR_20260829_1_PA003,1863,3,2,0,0,0,0,0,0,0,13,0,0,1,1,Foul,0,0,Observed,Observed,Observed,1,1,1
P01863,TOR_20260829_1_PA003,1864,4,2,1,0,0,0,0,0,0,20,0,0,1,1,In Play,1,0,Observed,Observed,Observed,1,1,1
P01864,TOR_20260829_1_PA004,1865,1,0,0,0,0,0,0,0,0,12,0,0,1,1,Ball,0,0,Observed,Observed,Observed,1,1,1
P01865,TOR_20260829_1_PA004,1866,2,1,0,0,0,0,0,0,0,13,0,0,0,0,Foul,0,0,Observed,Observed,Observed,1,1,1
P01866,TOR_20260829_1_PA004,1867,3,1,1,0,0,0,0,0,0,16,0,0,1,1,In Play,1,0,Observed,Observed,Observed,1,1,1
P01867,TOR_20260829_1_PA005,1868,1,0,0,0,0,0,0,0,0,13,0,1,0,1,Ball,0,0,Observed,Observed,Observed,1,1,1
P01868,TOR_20260829_1_PA005,1869,2,1,0,0,0,0,0,0,0,9,0,0,0,0,Swinging Strike,0,0,Observed,Observed,Observed,1,1,1
P01869,TOR_20260829_1_PA005,1870,3,1,1,0,0,0,0,0,0,9,0,1,1,2,Ball,0,0,Observed,Observed,Observed,1,1,1
P01870,TOR_20260829_1_PA005,1871,4,2,1,0,0,0,0,0,0,11,0,0,0,0,Ball,0,0,Observed,Observed,Observed,1,1,1
P01871,TOR_20260829_1_PA005,1872,5,3,1,0,0,0,0,0,0,10,0,0,0,0,Called Strike,0,0,Observed,Observed,Observed,1,1,1
P01872,TOR_20260829_1_PA005,1873,6,3,2,0,0,0,0,0,0,9,0,1,0,1,Ball,1,0,Observed,Observed,Observed,1,1,1
P01873,TOR_20260829_1_PA006,1874,1,0,0,1,0,0,0,1,0,11,0,0,2,2,Called Strike,0,0,Observed,Observed,Observed,1,1,1
P01874,TOR_20260829_1_PA006,1875,2,0,1,1,0,0,0,1,0,12,0,0,0,0,Foul,0,0,Observed,Observed,Observed,1,1,1
P01875,TOR_20260829_1_PA006,1876,3,0,2,1,0,0,0,1,0,12,0,0,0,0,Ball,0,0,Observed,Observed,Observed,1,1,1
P01876,TOR_20260829_1_PA006,1877,4,1,2,1,0,0,0,1,0,10,0,0,0,0,Foul,0,0,Observed,Observed,Observed,1,1,1
P01877,TOR_20260829_1_PA006,1878,5,1,2,1,0,0,0,1,0,16,0,0,0,0,In Play,1,0,Observed,Observed,Observed,1,1,1
P01878,TOR_20260829_1_PA007,1879,1,0,0,1,0,0,0,1,0,12,0,0,1,1,Foul,0,0,Observed,Observed,Observed,1,1,1
P01879,TOR_20260829_1_PA007,1880,2,0,1,1,0,0,0,1,0,13,1,1,1,3,Foul,0,0,Observed,Observed,Observed,1,1,1
P01880,TOR_20260829_1_PA007,1881,3,0,2,1,0,0,0,1,0,16,0,1,0,1,Foul,0,0,Observed,Observed,Observed,1,1,1
P01881,TOR_20260829_1_PA007,1882,4,0,2,1,0,0,0,1,0,18,0,1,0,1,Foul,0,0,Observed,Observed,Observed,1,1,1
P01882,TOR_20260829_1_PA007,1883,5,0,2,1,0,0,0,1,0,10,1,0,1,2,Foul,0,0,Observed,Observed,Observed,1,1,1
P01883,TOR_20260829_1_PA007,1884,6,0,2,1,0,0,0,1,0,15,1,0,1,2,Foul,0,0,Observed,Observed,Observed,1,1,1
P01884,TOR_20260829_1_PA007,1885,7,0,2,1,0,0,0,1,0,18,0,1,1,2,Foul,0,0,Observed,Observed,Observed,1,1,1
P01885,TOR_20260829_1_PA007,1886,8,0,2,1,0,0,0,1,0,10,0,1,1,2,Ball,0,0,Observed,Observed,Observed,1,1,1
P01886,TOR_20260829_1_PA007,1887,9,1,2,1,0,0,0,1,0,15,0,1,1,2,In Play,1,0,Observed,Observed,Observed,1,1,1
P01887,TOR_20260829_1_PA008,1888,1,0,0,0,0,0,0,0,0,13,0,1,2,3,Called Strike,0,0,Observed,Observed,Observed,1,1,1
P01888,TOR_20260829_1_PA008,1889,2,0,1,0,0,0,0,0,0,10,0,1,2,3,Ball,0,0,Observed,Observed,Observed,1,1,1
P01889,TOR_20260829_1_PA008,1890,3,1,1,0,0,0,0,0,0,9,0,0,0,0,Swinging Strike,0,0,Observed,Observed,Observed,1,1,1
P01890,TOR_20260829_1_PA008,1891,4,1,2,0,0,0,0,0,0,12,0,0,0,0,In Play,1,0,Observed,Observed,Observed,1,1,1
P01891,TOR_20260829_1_PA009,1892,1,0,0,0,0,0,0,0,0,12,0,0,0,0,In Play,1,0,Observed,Observed,Observed,1,1,1
P01892,TOR_20260829_1_PA010,1893,1,0,0,1,0,0,0,1,0,11,0,0,2,2,Foul,0,0,Observed,Observed,Observed,1,1,1
P01893,TOR_20260829_1_PA010,1894,2,0,1,1,0,0,0,1,0,11,0,0,0,0,Ball,0,0,Observed,Observed,Observed,1,1,1
P01894,TOR_20260829_1_PA010,1895,3,1,1,1,0,0,0,1,0,11,0,0,0,0,Ball,0,0,Observed,Observed,Observed,1,1,1
P01895,TOR_20260829_1_PA010,1896,4,2,1,1,0,0,0,1,0,15,0,0,0,0,Foul,0,0,Observed,Observed,Observed,1,1,1
P01896,TOR_20260829_1_PA010,1897,5,2,2,1,0,0,0,1,1,39,0,0,0,0,Ball,0,0,Observed,Observed,Observed,1,1,1
P01897,TOR_20260829_1_PA010,1898,6,3,2,1,0,0,0,1,1,34,0,0,0,0,In Play,1,0,Observed,Observed,Observed,1,1,1
P01898,TOR_20260829_1_PA011,1899,1,0,0,1,0,0,0,1,0,13,0,1,2,3,Ball,0,0,Observed,Observed,Observed,1,1,1
P01899,TOR_20260829_1_PA011,1900,2,1,0,1,0,0,0,1,0,12,0,1,2,3,Swinging Strike,0,0,Observed,Observed,Observed,1,1,1
P01900,TOR_20260829_1_PA011,1901,3,1,1,1,0,0,0,1,0,9,0,1,2,3,Called Strike,0,0,Observed,Observed,Observed,1,1,1
P01901,TOR_20260829_1_PA011,1902,4,1,2,1,0,0,0,1,0,14,1,1,2,4,Foul,0,0,Observed,Observed,Observed,1,1,1
P01902,TOR_20260829_1_PA011,1903,5,1,2,1,0,0,0,1,1,36,0,1,2,3,Ball,0,0,Observed,Observed,Observed,1,1,1
P01903,TOR_20260829_1_PA011,1904,6,2,2,1,0,0,0,1,0,15,0,1,2,3,Swinging Strike,1,0,Observed,Observed,Observed,1,1,1
P01904,TOR_20260829_1_PA012,1905,1,0,0,0,0,0,0,0,0,19,0,0,1,1,Ball,0,0,Observed,Observed,Observed,1,1,1
P01905,TOR_20260829_1_PA012,1906,2,1,0,0,0,0,0,0,0,14,0,0,0,0,Foul,0,0,Observed,Observed,Observed,1,1,1
P01906,TOR_20260829_1_PA012,1907,3,1,1,0,0,0,0,0,0,9,0,0,0,0,In Play,1,0,Observed,Observed,Observed,1,1,1
P01907,TOR_20260829_1_PA013,1908,1,0,0,0,0,0,0,0,0,8,0,0,1,1,In Play,1,0,Observed,Observed,Observed,1,1,1
P01908,TOR_20260829_1_PA014,1909,1,0,0,0,1,0,1,1,0,12,0,0,1,1,Called Strike,0,0,Observed,Observed,Observed,1,1,1
P01909,TOR_20260829_1_PA014,1910,2,0,1,0,1,0,1,1,0,12,0,0,0,0,Ball,0,0,Observed,Observed,Observed,1,1,1
P01910,TOR_20260829_1_PA014,1911,3,1,1,0,1,0,1,1,0,10,0,1,0,1,Ball,0,0,Observed,Observed,Observed,1,1,1
P01911,TOR_20260829_1_PA014,1912,4,2,1,0,1,0,1,1,0,16,0,1,1,2,Foul,0,0,Observed,Observed,Observed,1,1,1
P01912,TOR_20260829_1_PA014,1913,5,2,2,0,1,0,1,1,0,13,1,1,1,3,Ball,0,0,Observed,Observed,Observed,1,1,1
P01913,TOR_20260829_1_PA014,1914,6,3,2,0,1,0,1,1,0,12,0,0,0,0,Foul,0,0,Observed,Observed,Observed,1,1,1
P01914,TOR_20260829_1_PA014,1915,7,3,2,0,1,0,1,1,0,14,0,0,0,0,Ball,1,0,Observed,Observed,Observed,1,1,1
P01915,TOR_20260829_1_PA015,1916,1,0,0,1,1,0,1,2,0,14,0,0,2,2,Called Strike,0,0,Observed,Observed,Observed,1,1,1
P01916,TOR_20260829_1_PA015,1917,2,0,1,1,1,0,1,2,0,10,0,0,2,2,Ball,0,0,Observed,Observed,Observed,1,1,1
P01917,TOR_20260829_1_PA015,1918,3,1,1,1,1,0,1,2,0,10,0,0,0,0,In Play,1,0,Observed,Observed,Observed,1,1,1
P01918,TOR_20260829_1_PA016,1919,1,0,0,1,1,0,1,2,0,15,0,1,1,2,Foul,0,0,Observed,Observed,Observed,1,1,1
P01919,TOR_20260829_1_PA016,1920,2,0,1,1,1,0,1,2,0,12,0,1,1,2,Foul,0,0,Observed,Observed,Observed,1,1,1
P01920,TOR_20260829_1_PA016,1921,3,0,2,1,1,0,1,2,0,13,0,1,0,1,In Play,1,0,Observed,Observed,Observed,1,1,1
P01921,TOR_20260829_1_PA017,1922,1,0,0,0,0,0,0,0,0,11,0,1,2,3,Called Strike,0,0,Observed,Observed,Observed,1,1,1
P01922,TOR_20260829_1_PA017,1923,2,0,1,0,0,0,0,0,0,9,0,1,2,3,Swinging Strike,0,0,Observed,Observed,Observed,1,1,1
P01923,TOR_20260829_1_PA017,1924,3,0,2,0,0,0,0,0,0,11,0,1,2,3,Swinging Strike,1,0,Observed,Observed,Observed,1,1,1
P01924,TOR_20260829_1_PA018,1925,1,0,0,0,0,0,0,0,0,7,0,0,0,0,Ball,0,0,Observed,Observed,Observed,1,1,1
P01925,TOR_20260829_1_PA018,1926,2,1,0,0,0,0,0,0,0,8,0,0,1,1,Called Strike,0,0,Observed,Observed,Observed,1,1,1
P01926,TOR_20260829_1_PA018,1927,3,1,1,0,0,0,0,0,0,9,0,0,0,0,Foul,0,0,Observed,Observed,Observed,1,1,1
P01927,TOR_20260829_1_PA018,1928,4,1,2,0,0,0,0,0,0,17,0,0,0,0,Ball,0,0,Observed,Observed,Observed,1,1,1
P01928,TOR_20260829_1_PA018,1929,5,2,2,0,0,0,0,0,0,10,0,0,0,0,Ball,0,0,Observed,Observed,Observed,1,1,1
P01929,TOR_20260829_1_PA018,1930,6,3,2,0,0,0,0,0,0,12,0,0,0,0,Foul,0,0,Observed,Observed,Observed,1,1,1
P01930,TOR_20260829_1_PA018,1931,7,3,2,0,0,0,0,0,0,11,0,0,0,0,In Play,1,0,Observed,Observed,Observed,1,1,1
P01931,TOR_20260829_1_PA019,1932,1,0,0,1,0,0,0,1,0,9,0,0,2,2,Ball,0,0,Observed,Observed,Observed,1,1,1
P01932,TOR_20260829_1_PA019,1933,2,1,0,1,0,0,0,1,0,11,0,0,0,0,Ball,0,0,Observed,Observed,Observed,1,1,1
P01933,TOR_20260829_1_PA019,1934,3,2,0,1,0,0,0,1,0,17,0,0,0,0,Called Strike,0,0,Observed,Observed,Observed,1,1,1
P01934,TOR_20260829_1_PA019,1935,4,2,1,1,0,0,0,1,0,12,0,0,0,0,Ball,0,0,Observed,Observed,Observed,1,1,1
P01935,TOR_20260829_1_PA019,1936,5,3,1,1,0,0,0,1,0,20,0,0,0,0,Ball,1,0,Observed,Observed,Observed,1,1,1
P01936,TOR_20260829_1_PA020,1937,1,0,0,1,1,0,1,2,0,12,0,1,2,3,Called Strike,0,0,Observed,Observed,Observed,1,1,1
P01937,TOR_20260829_1_PA020,1938,2,0,1,1,1,0,1,2,0,14,0,1,2,3,Ball,0,0,Observed,Observed,Observed,1,1,1
P01938,TOR_20260829_1_PA020,1939,3,1,1,1,1,0,1,2,0,9,0,2,2,4,Ball,0,0,Observed,Observed,Observed,1,1,1
P01939,TOR_20260829_1_PA020,1940,4,2,1,1,1,0,1,2,0,15,0,1,2,3,Called Strike,0,0,Observed,Observed,Observed,1,1,1
P01940,TOR_20260829_1_PA020,1941,5,2,2,1,1,0,1,2,0,15,0,1,2,3,Ball,0,0,Observed,Observed,Observed,1,1,1
P01941,TOR_20260829_1_PA020,1942,6,3,2,1,1,0,1,2,0,12,0,1,2,3,Swinging Strike,1,0,Observed,Observed,Observed,1,1,1
P01942,TOR_20260829_1_PA021,1943,1,0,0,1,1,0,1,2,0,18,0,0,1,1,Foul,0,0,Observed,Observed,Observed,1,1,1
P01943,TOR_20260829_1_PA021,1944,2,0,1,1,1,0,1,2,0,20,0,1,1,2,Ball,0,0,Observed,Observed,Observed,1,1,1
P01944,TOR_20260829_1_PA021,1945,3,1,1,1,1,0,1,2,0,13,0,0,1,1,Ball,0,0,Observed,Observed,Observed,1,1,1
P01945,TOR_20260829_1_PA021,1946,4,2,1,1,1,0,1,2,0,15,0,0,0,0,Ball,0,0,Observed,Observed,Observed,1,1,1
P01946,TOR_20260829_1_PA021,1947,5,3,1,1,1,0,1,2,0,11,1,0,1,2,Foul,0,0,Observed,Observed,Observed,1,1,1
P01947,TOR_20260829_1_PA021,1948,6,3,2,1,1,0,1,2,0,13,1,0,1,2,Ball,1,0,Observed,Observed,Observed,1,1,1
P01948,TOR_20260829_1_PA022,1949,1,0,0,1,1,1,1,3,0,11,0,0,1,1,Called Strike,0,0,Observed,Observed,Observed,1,1,1
P01949,TOR_20260829_1_PA022,1950,2,0,1,1,1,1,1,3,0,9,0,0,1,1,Ball,0,0,Observed,Observed,Observed,1,1,1
P01950,TOR_20260829_1_PA022,1951,3,1,1,1,1,1,1,3,0,12,0,0,1,1,Foul,0,0,Observed,Observed,Observed,1,1,1
P01951,TOR_20260829_1_PA022,1952,4,1,2,1,1,1,1,3,0,13,0,0,0,0,Ball,0,0,Observed,Observed,Observed,1,1,1
P01952,TOR_20260829_1_PA022,1953,5,2,2,1,1,1,1,3,0,12,0,0,1,1,Ball,0,0,Observed,Observed,Observed,1,1,1
P01953,TOR_20260829_1_PA022,1954,6,3,2,1,1,1,1,3,1,10,0,0,0,0,Ball,1,0,Observed,Observed,Observed,1,1,1
P01954,TOR_20260829_1_PA023,1955,1,0,0,1,0,1,1,2,1,13,0,0,0,0,Called Strike,0,0,Observed,Observed,Observed,1,1,1
P01955,TOR_20260829_1_PA023,1956,2,0,1,0,1,1,1,2,0,11,0,0,0,0,Called Strike,0,0,Observed,Observed,Observed,1,1,1
P01956,TOR_20260829_1_PA023,1957,3,0,2,0,1,1,1,2,0,13,0,1,0,1,Ball,0,0,Observed,Observed,Observed,1,1,1
P01957,TOR_20260829_1_PA023,1958,4,1,2,0,1,1,1,2,0,13,0,1,1,2,Ball,0,0,Observed,Observed,Observed,1,1,1
P01958,TOR_20260829_1_PA023,1959,5,2,2,0,1,1,1,2,0,13,0,0,1,1,In Play,1,0,Observed,Observed,Observed,1,1,1
P01959,TOR_20260829_1_PA024,1960,1,0,0,0,0,0,0,0,0,14,0,0,2,2,Called Strike,0,0,Observed,Observed,Observed,1,1,1
P01960,TOR_20260829_1_PA024,1961,2,0,1,0,0,0,0,0,0,11,0,0,2,2,Ball,0,0,Observed,Observed,Observed,1,1,1
P01961,TOR_20260829_1_PA024,1962,3,1,1,0,0,0,0,0,0,11,0,0,2,2,Ball,0,0,Observed,Observed,Observed,1,1,1
P01962,TOR_20260829_1_PA024,1963,4,2,1,0,0,0,0,0,0,7,0,0,0,0,Foul,0,0,Observed,Observed,Observed,1,1,1
P01963,TOR_20260829_1_PA024,1964,5,2,2,0,0,0,0,0,0,8,0,1,0,1,Ball,0,0,Observed,Observed,Observed,1,1,1
P01964,TOR_20260829_1_PA024,1965,6,3,2,0,0,0,0,0,0,9,0,0,2,2,Ball,1,0,Observed,Observed,Observed,1,1,1
P01965,TOR_20260829_1_PA025,1966,1,0,0,1,0,0,0,1,0,9,0,1,1,2,In Play,1,0,Observed,Observed,Observed,1,1,1
P01966,TOR_20260829_1_PA026,1967,1,0,0,1,0,0,0,1,0,9,0,1,2,3,Foul,0,0,Observed,Observed,Observed,1,1,1
P01967,TOR_20260829_1_PA026,1968,2,0,1,1,0,0,0,1,0,11,0,1,2,3,In Play,1,0,Observed,Observed,Observed,1,1,1
P01968,TOR_20260829_1_PA027,1969,1,0,0,0,1,0,1,1,0,9,0,0,0,0,Called Strike,0,0,Observed,Observed,Observed,1,1,1
P01969,TOR_20260829_1_PA027,1970,2,0,1,0,1,0,1,1,0,8,0,0,1,1,Called Strike,0,0,Observed,Observed,Observed,1,1,1
P01970,TOR_20260829_1_PA027,1971,3,0,2,0,1,0,1,1,0,11,0,0,1,1,Ball,0,0,Observed,Observed,Observed,1,1,1
P01971,TOR_20260829_1_PA027,1972,4,1,2,0,1,0,1,1,0,11,0,0,1,1,Ball,0,0,Observed,Observed,Observed,1,1,1
P01972,TOR_20260829_1_PA027,1973,5,2,2,0,1,0,1,1,0,14,0,0,1,1,Foul,0,0,Observed,Observed,Observed,1,1,1
P01973,TOR_20260829_1_PA027,1974,6,2,2,0,1,0,1,1,1,34,0,0,1,1,Foul,0,0,Observed,Observed,Observed,1,1,1
P01974,TOR_20260829_1_PA027,1975,7,2,2,0,1,0,1,1,0,13,1,0,1,2,Ball,0,0,Observed,Observed,Observed,1,1,1
P01975,TOR_20260829_1_PA027,1976,8,3,2,0,1,0,1,1,0,11,0,0,1,1,Ball,1,0,Observed,Observed,Observed,1,1,1
P01976,TOR_20260829_1_PA028,1977,1,0,0,1,1,0,1,2,0,8,0,0,2,2,Ball,0,0,Observed,Observed,Observed,1,1,1
P01977,TOR_20260829_1_PA028,1978,2,1,0,1,1,0,1,2,0,10,0,0,0,0,Called Strike,0,0,Observed,Observed,Observed,1,1,1
P01978,TOR_20260829_1_PA028,1979,3,1,1,1,1,0,1,2,0,11,0,0,0,0,Foul,0,0,Observed,Observed,Observed,1,1,1
P01979,TOR_20260829_1_PA028,1980,4,1,2,1,1,0,1,2,0,10,0,0,0,0,In Play,1,0,Observed,Observed,Observed,1,1,1
P01980,TOR_20260829_1_PA029,1981,1,0,0,1,1,0,1,2,0,12,0,1,2,3,Ball,0,0,Observed,Observed,Observed,1,1,1
P01981,TOR_20260829_1_PA029,1982,2,1,0,1,1,0,1,2,0,14,0,1,2,3,Ball,0,0,Observed,Observed,Observed,1,1,1
P01982,TOR_20260829_1_PA029,1983,3,2,0,1,1,0,1,2,0,15,0,1,2,3,Swinging Strike,0,0,Observed,Observed,Observed,1,1,1
P01983,TOR_20260829_1_PA029,1984,4,2,1,1,1,0,1,2,0,9,0,1,2,3,Foul,0,0,Observed,Observed,Observed,1,1,1
P01984,TOR_20260829_1_PA029,1985,5,2,2,1,1,0,1,2,0,13,0,1,2,3,In Play,1,0,Observed,Observed,Observed,1,1,1
P01985,TOR_20260829_1_PA030,1986,1,0,0,1,0,1,1,2,1,9,0,0,1,1,Ball,0,0,Observed,Observed,Observed,1,1,1
P01986,TOR_20260829_1_PA030,1987,2,1,0,0,1,1,1,2,0,12,0,0,1,1,Ball,0,0,Observed,Observed,Observed,1,1,1
P01987,TOR_20260829_1_PA030,1988,3,2,0,0,1,1,1,2,0,16,0,0,1,1,In Play,1,0,Observed,Observed,Observed,1,1,1
P01988,TOR_20260829_1_PA031,1989,1,0,0,0,0,0,0,0,0,12,0,0,1,1,Called Strike,0,0,Observed,Observed,Observed,1,1,1
P01989,TOR_20260829_1_PA031,1990,2,0,1,0,0,0,0,0,0,11,0,0,1,1,In Play,1,0,Observed,Observed,Observed,1,1,1
P01990,TOR_20260829_1_PA032,1991,1,0,0,0,0,0,0,0,0,9,0,0,0,0,Called Strike,0,0,Observed,Observed,Observed,1,1,1
P01991,TOR_20260829_1_PA032,1992,2,0,1,0,0,0,0,0,0,9,0,0,0,0,Called Strike,0,0,Observed,Observed,Observed,1,1,1
P01992,TOR_20260829_1_PA032,1993,3,0,2,0,0,0,0,0,0,10,0,1,0,1,Ball,0,0,Observed,Observed,Observed,1,1,1
P01993,TOR_20260829_1_PA032,1994,4,1,2,0,0,0,0,0,0,12,0,0,0,0,Swinging Strike,1,0,Observed,Observed,Observed,1,1,1
P01994,TOR_20260829_1_PA033,1995,1,0,0,0,0,0,0,0,0,9,0,1,1,2,Ball,0,0,Observed,Observed,Observed,1,1,1
P01995,TOR_20260829_1_PA033,1996,2,1,0,0,0,0,0,0,0,11,0,1,1,2,Foul,0,0,Observed,Observed,Observed,1,1,1
P01996,TOR_20260829_1_PA033,1997,3,1,1,0,0,0,0,0,0,12,0,1,1,2,Foul,0,0,Observed,Observed,Observed,1,1,1
P01997,TOR_20260829_1_PA033,1998,4,1,2,0,0,0,0,0,0,18,0,0,1,1,In Play,1,0,Observed,Observed,Observed,1,1,1
P01998,TOR_20260829_1_PA034,1999,1,0,0,0,0,0,0,0,0,9,0,0,1,1,Ball,0,0,Observed,Observed,Observed,1,1,1
P01999,TOR_20260829_1_PA034,2000,2,1,0,0,0,0,0,0,0,10,0,1,0,1,Foul,0,0,Observed,Observed,Observed,1,1,1
P02000,TOR_20260829_1_PA034,2001,3,1,1,0,0,0,0,0,0,13,0,1,0,1,Foul,0,0,Observed,Observed,Observed,1,1,1
P02001,TOR_20260829_1_PA034,2002,4,1,2,0,0,0,0,0,0,7,0,1,1,2,Ball,0,0,Observed,Observed,Observed,1,1,1
P02002,TOR_20260829_1_PA034,2003,5,2,2,0,0,0,0,0,0,9,0,1,0,1,Swinging Strike,1,0,Observed,Observed,Observed,1,1,1
P02003,TOR_20260829_1_PA035,2004,1,0,0,0,0,0,0,0,0,9,0,1,2,3,Called Strike,0,0,Observed,Observed,Observed,1,1,1
P02004,TOR_20260829_1_PA035,2005,2,0,1,0,0,0,0,0,0,11,0,1,2,3,In Play,1,0,Observed,Observed,Observed,1,1,1
P02005,TOR_20260829_1_PA036,2006,1,0,0,0,0,0,0,0,0,11,0,0,0,0,In Play,1,0,Observed,Observed,Observed,1,1,1
P02006,TOR_20260830_1_PA001,2007,1,0,0,0,0,0,0,0,0,14,0,0,2,2,Foul,0,0,Observed,Observed,Observed,1,1,1
P02007,TOR_20260830_1_PA001,2008,2,0,1,0,0,0,0,0,0,16,0,0,0,0,Ball,0,0,Observed,Observed,Observed,1,1,1
P02008,TOR_20260830_1_PA001,2009,3,1,1,0,0,0,0,0,0,14,0,0,0,0,Ball,0,0,Observed,Observed,Observed,1,1,1
P02009,TOR_20260830_1_PA001,2010,4,2,1,0,0,0,0,0,0,15,0,0,0,0,Called Strike,0,0,Observed,Observed,Observed,1,1,1
P02010,TOR_20260830_1_PA001,2011,5,2,2,0,0,0,0,0,0,23,0,0,0,0,Ball,0,0,Observed,Observed,Observed,1,1,1
P02011,TOR_20260830_1_PA001,2012,6,3,2,0,0,0,0,0,0,13,0,0,0,0,Ball,1,0,Observed,Observed,Observed,1,1,1
P02012,TOR_20260830_1_PA002,2013,1,0,0,1,0,0,0,1,1,26,0,0,1,1,Ball,0,0,Observed,Observed,Observed,1,1,1
P02013,TOR_20260830_1_PA002,2014,2,1,0,1,0,0,0,1,0,16,0,0,0,0,Foul,0,0,Observed,Observed,Observed,1,1,1
P02014,TOR_20260830_1_PA002,2015,3,1,1,1,0,0,0,1,0,18,0,1,0,1,In Play,1,0,Observed,Observed,Observed,1,1,1
P02015,TOR_20260830_1_PA003,2016,1,0,0,1,0,0,0,1,0,12,0,1,2,3,Foul,0,0,Observed,Observed,Observed,1,1,1
P02016,TOR_20260830_1_PA003,2017,2,0,1,1,0,0,0,1,0,14,0,1,2,3,Called Strike,0,0,Observed,Observed,Observed,1,1,1
P02017,TOR_20260830_1_PA003,2018,3,0,2,1,0,0,0,1,0,21,0,1,2,3,In Play,1,0,Observed,Observed,Observed,1,1,1
P02018,TOR_20260830_1_PA004,2019,1,0,0,0,0,0,0,0,0,12,0,0,1,1,Ball,0,0,Observed,Observed,Observed,1,1,1
P02019,TOR_20260830_1_PA004,2020,2,1,0,0,0,0,0,0,0,14,0,0,0,0,Ball,0,0,Observed,Observed,Observed,1,1,1
P02020,TOR_20260830_1_PA004,2021,3,2,0,0,0,0,0,0,0,12,0,0,1,1,Swinging Strike,0,0,Observed,Observed,Observed,1,1,1
P02021,TOR_20260830_1_PA004,2022,4,2,1,0,0,0,0,0,0,14,0,0,1,1,Foul,0,0,Observed,Observed,Observed,1,1,1
P02022,TOR_20260830_1_PA004,2023,5,2,2,0,0,0,0,0,0,16,0,0,1,1,Swinging Strike,1,0,Observed,Observed,Observed,1,1,1
P02023,TOR_20260830_1_PA005,2024,1,0,0,0,0,0,0,0,0,14,0,1,2,3,Foul,0,0,Observed,Observed,Observed,1,1,1
P02024,TOR_20260830_1_PA005,2025,2,0,1,0,0,0,0,0,0,19,0,1,2,3,Ball,0,0,Observed,Observed,Observed,1,1,1
P02025,TOR_20260830_1_PA005,2026,3,1,1,0,0,0,0,0,0,15,0,1,2,3,Swinging Strike,0,0,Observed,Observed,Observed,1,1,1
P02026,TOR_20260830_1_PA005,2027,4,1,2,0,0,0,0,0,0,16,0,1,2,3,Ball,0,0,Observed,Observed,Observed,1,1,1
P02027,TOR_20260830_1_PA005,2028,5,2,2,0,0,0,0,0,0,11,1,1,2,4,Foul,0,0,Observed,Observed,Observed,1,1,1
P02028,TOR_20260830_1_PA005,2029,6,2,2,0,0,0,0,0,0,19,1,1,2,4,Foul,0,0,Observed,Observed,Observed,1,1,1
P02029,TOR_20260830_1_PA005,2030,7,2,2,0,0,0,0,0,0,21,0,1,2,3,Foul,0,0,Observed,Observed,Observed,1,1,1
P02030,TOR_20260830_1_PA005,2031,8,2,2,0,0,0,0,0,0,18,1,1,2,4,In Play,1,0,Observed,Observed,Observed,1,1,1
P02031,TOR_20260830_1_PA006,2032,1,0,0,1,0,0,0,1,1,29,0,0,0,0,Called Strike,0,0,Observed,Observed,Observed,1,1,1
P02032,TOR_20260830_1_PA006,2033,2,0,1,1,0,0,0,1,0,16,0,0,1,1,Swinging Strike,0,0,Observed,Observed,Observed,1,1,1
P02033,TOR_20260830_1_PA006,2034,3,0,2,1,0,0,0,1,0,14,0,0,0,0,Ball,0,0,Observed,Observed,Observed,1,1,1
P02034,TOR_20260830_1_PA006,2035,4,1,2,1,0,0,0,1,0,17,0,0,1,1,Foul,0,0,Observed,Observed,Observed,1,1,1
P02035,TOR_20260830_1_PA006,2036,5,1,2,1,0,0,0,1,0,11,0,1,1,2,Foul,0,0,Observed,Observed,Observed,1,1,1
P02036,TOR_20260830_1_PA006,2037,6,1,2,1,0,0,0,1,0,24,0,1,0,1,Foul,0,0,Observed,Observed,Observed,1,1,1
P02037,TOR_20260830_1_PA006,2038,7,1,2,1,0,0,0,1,0,16,0,1,1,2,In Play,1,0,Observed,Observed,Observed,1,1,1
P02038,TOR_20260830_1_PA007,2039,1,0,0,0,0,0,0,0,0,19,0,0,1,1,Foul,0,0,Observed,Observed,Observed,1,1,1
P02039,TOR_20260830_1_PA007,2040,2,0,1,0,0,0,0,0,0,14,1,0,2,3,Foul,0,0,Observed,Observed,Observed,1,1,1
P02040,TOR_20260830_1_PA007,2041,3,0,2,0,0,0,0,0,0,20,1,0,2,3,Ball,0,0,Observed,Observed,Observed,1,1,1
P02041,TOR_20260830_1_PA007,2042,4,1,2,0,0,0,0,0,0,18,0,0,2,2,Foul,0,0,Observed,Observed,Observed,1,1,1
P02042,TOR_20260830_1_PA007,2043,5,1,2,0,0,0,0,0,0,14,1,0,2,3,Foul,0,0,Observed,Observed,Observed,1,1,1
P02043,TOR_20260830_1_PA007,2044,6,1,2,0,0,0,0,0,0,20,1,0,2,3,Swinging Strike,1,0,Observed,Observed,Observed,1,1,1
P02044,TOR_20260830_1_PA008,2045,1,0,0,0,0,0,0,0,0,12,0,0,2,2,Ball,0,0,Observed,Observed,Observed,1,1,1
P02045,TOR_20260830_1_PA008,2046,2,1,0,0,0,0,0,0,0,16,0,0,2,2,In Play,1,0,Observed,Observed,Observed,1,1,1
P02046,TOR_20260830_1_PA009,2047,1,0,0,0,0,0,0,0,0,20,0,0,0,0,Called Strike,0,0,Observed,Observed,Observed,1,1,1
P02047,TOR_20260830_1_PA009,2048,2,0,1,0,0,0,0,0,0,14,0,0,0,0,In Play,1,0,Observed,Observed,Observed,1,1,1
P02048,TOR_20260830_1_PA010,2049,1,0,0,0,0,0,0,0,0,17,0,0,2,2,Ball,0,0,Observed,Observed,Observed,1,1,1
P02049,TOR_20260830_1_PA010,2050,2,1,0,0,0,0,0,0,0,13,0,0,0,0,Called Strike,0,0,Observed,Observed,Observed,1,1,1
P02050,TOR_20260830_1_PA010,2051,3,1,1,0,0,0,0,0,0,13,0,0,0,0,Foul,0,0,Observed,Observed,Observed,1,1,1
P02051,TOR_20260830_1_PA010,2052,4,1,2,0,0,0,0,0,0,20,0,0,0,0,Swinging Strike,1,0,Observed,Observed,Observed,1,1,1
P02052,TOR_20260830_1_PA011,2053,1,0,0,0,0,0,0,0,0,13,0,0,1,1,Ball,0,0,Observed,Observed,Observed,1,1,1
P02053,TOR_20260830_1_PA011,2054,2,1,0,0,0,0,0,0,0,16,0,0,1,1,Foul,0,0,Observed,Observed,Observed,1,1,1
P02054,TOR_20260830_1_PA011,2055,3,1,1,0,0,0,0,0,0,18,0,0,2,2,Ball,0,0,Observed,Observed,Observed,1,1,1
P02055,TOR_20260830_1_PA011,2056,4,2,1,0,0,0,0,0,0,19,0,0,2,2,Ball,0,0,Observed,Observed,Observed,1,1,1
P02056,TOR_20260830_1_PA011,2057,5,3,1,0,0,0,0,0,0,19,0,0,2,2,In Play,1,0,Observed,Observed,Observed,1,1,1
P02057,TOR_20260830_1_PA012,2058,1,0,0,0,0,0,0,0,0,11,0,1,2,3,Ball,0,0,Observed,Observed,Observed,1,1,1
P02058,TOR_20260830_1_PA012,2059,2,1,0,0,0,0,0,0,0,20,1,2,2,5,Foul,0,0,Observed,Observed,Observed,1,1,1
P02059,TOR_20260830_1_PA012,2060,3,1,1,0,0,0,0,0,0,18,0,1,2,3,Called Strike,0,0,Observed,Observed,Observed,1,1,1
P02060,TOR_20260830_1_PA012,2061,4,1,2,0,0,0,0,0,0,16,1,1,2,4,In Play,1,0,Observed,Observed,Observed,1,1,1
P02061,TOR_20260830_1_PA013,2062,1,0,0,1,0,0,0,1,0,13,0,0,1,1,In Play,1,0,Observed,Observed,Observed,1,1,1
P02062,TOR_20260830_1_PA014,2063,1,0,0,1,1,0,1,2,0,19,0,1,2,3,Ball,0,0,Observed,Observed,Observed,1,1,1
P02063,TOR_20260830_1_PA014,2064,2,1,0,1,1,0,1,2,0,17,1,1,2,4,Foul,0,0,Observed,Observed,Observed,1,1,1
P02064,TOR_20260830_1_PA014,2065,3,1,1,1,1,0,1,2,0,16,1,1,2,4,Foul,0,0,Observed,Observed,Observed,1,1,1
P02065,TOR_20260830_1_PA014,2066,4,1,2,1,1,0,1,2,0,20,1,1,2,4,Ball,0,0,Observed,Observed,Observed,1,1,1
P02066,TOR_20260830_1_PA014,2067,5,2,2,1,1,0,1,2,1,34,1,1,2,4,Foul,0,0,Observed,Observed,Observed,1,1,1
P02067,TOR_20260830_1_PA014,2068,6,2,2,1,1,0,1,2,0,24,0,1,2,3,In Play,1,0,Observed,Observed,Observed,1,1,1
P02068,TOR_20260830_1_PA015,2069,1,0,0,0,0,0,0,0,0,10,0,0,0,0,In Play,1,0,Observed,Observed,Observed,1,1,1
P02069,TOR_20260830_1_PA016,2070,1,0,0,0,0,0,0,0,0,17,0,0,1,1,Ball,0,0,Observed,Observed,Observed,1,1,1
P02070,TOR_20260830_1_PA016,2071,2,1,0,0,0,0,0,0,0,15,0,0,0,0,Called Strike,0,0,Observed,Observed,Observed,1,1,1
P02071,TOR_20260830_1_PA016,2072,3,1,1,0,0,0,0,0,0,15,0,0,1,1,In Play,1,0,Observed,Observed,Observed,1,1,1
P02072,TOR_20260830_1_PA017,2073,1,0,0,0,0,0,0,0,0,12,0,0,2,2,Called Strike,0,0,Observed,Observed,Observed,1,1,1
P02073,TOR_20260830_1_PA017,2074,2,0,1,0,0,0,0,0,0,15,0,0,2,2,Ball,0,0,Observed,Observed,Observed,1,1,1
P02074,TOR_20260830_1_PA017,2075,3,1,1,0,0,0,0,0,0,14,0,0,2,2,In Play,1,0,Observed,Observed,Observed,1,1,1
P02075,TOR_20260830_1_PA018,2076,1,0,0,0,0,0,0,0,0,15,0,0,2,2,Called Strike,0,0,Observed,Observed,Observed,1,1,1
P02076,TOR_20260830_1_PA018,2077,2,0,1,0,0,0,0,0,0,14,0,0,1,1,Ball,0,0,Observed,Observed,Observed,1,1,1
P02077,TOR_20260830_1_PA018,2078,3,1,1,0,0,0,0,0,0,18,0,0,1,1,In Play,1,0,Observed,Observed,Observed,1,1,1
P02078,TOR_20260830_1_PA019,2079,1,0,0,1,0,0,0,1,0,12,0,0,0,0,In Play,1,0,Observed,Observed,Observed,1,1,1
P02079,TOR_20260830_1_PA020,2080,1,0,0,0,1,0,1,1,0,17,0,0,1,1,Foul,0,0,Observed,Observed,Observed,1,1,1
P02080,TOR_20260830_1_PA020,2081,2,0,1,0,1,0,1,1,0,16,0,0,0,0,Ball,0,0,Observed,Observed,Observed,1,1,1
P02081,TOR_20260830_1_PA020,2082,3,1,1,0,1,0,1,1,0,14,1,0,1,2,Ball,0,0,Observed,Observed,Observed,1,1,1
P02082,TOR_20260830_1_PA020,2083,4,2,1,0,1,0,1,1,1,28,1,0,1,2,Swinging Strike,0,0,Observed,Observed,Observed,1,1,1
P02083,TOR_20260830_1_PA020,2084,5,2,2,0,1,0,1,1,0,15,0,0,0,0,Ball,0,0,Observed,Observed,Observed,1,1,1
P02084,TOR_20260830_1_PA020,2085,6,3,2,0,1,0,1,1,0,19,0,0,1,1,Foul,0,0,Observed,Observed,Observed,1,1,1
P02085,TOR_20260830_1_PA020,2086,7,3,2,0,1,0,1,1,0,20,0,0,1,1,In Play,1,0,Observed,Observed,Observed,1,1,1
P02086,TOR_20260830_1_PA021,2087,1,0,0,0,1,0,1,1,0,12,0,1,2,3,Called Strike,0,0,Observed,Observed,Observed,1,1,1
P02087,TOR_20260830_1_PA021,2088,2,0,1,0,1,0,1,1,0,17,0,1,2,3,Ball,0,0,Observed,Observed,Observed,1,1,1
P02088,TOR_20260830_1_PA021,2089,3,1,1,0,1,0,1,1,0,11,0,1,2,3,In Play,1,0,Observed,Observed,Observed,1,1,1
P02089,TOR_20260830_1_PA022,2090,1,0,0,0,1,0,1,1,0,14,0,0,1,1,Called Strike,0,0,Observed,Observed,Observed,1,1,1
P02090,TOR_20260830_1_PA022,2091,2,0,1,0,1,0,1,1,0,18,0,0,0,0,Ball,0,0,Observed,Observed,Observed,1,1,1
P02091,TOR_20260830_1_PA022,2092,3,1,1,0,1,0,1,1,0,17,0,0,1,1,Swinging Strike,0,0,Observed,Observed,Observed,1,1,1
P02092,TOR_20260830_1_PA022,2093,4,1,2,0,1,0,1,1,0,12,0,0,1,1,Swinging Strike,1,0,Observed,Observed,Observed,1,1,1
P02093,TOR_20260830_1_PA023,2094,1,0,0,0,0,0,0,0,0,14,0,1,2,3,Ball,0,0,Observed,Observed,Observed,1,1,1
P02094,TOR_20260830_1_PA023,2095,2,1,0,0,0,0,0,0,0,14,1,1,2,4,Foul,0,0,Observed,Observed,Observed,1,1,1
P02095,TOR_20260830_1_PA023,2096,3,1,1,0,0,0,0,0,0,16,1,1,2,4,Foul,0,0,Observed,Observed,Observed,1,1,1
P02096,TOR_20260830_1_PA023,2097,4,1,2,0,0,0,0,0,0,17,1,1,2,4,Foul,0,0,Observed,Observed,Observed,1,1,1
P02097,TOR_20260830_1_PA023,2098,5,1,2,0,0,0,0,0,0,13,1,1,2,4,Swinging Strike,1,0,Observed,Observed,Observed,1,1,1
P02098,TOR_20260830_1_PA024,2099,1,0,0,0,0,0,0,0,0,15,0,1,0,1,In Play,1,0,Observed,Observed,Observed,1,1,1
P02099,TOR_20260830_1_PA025,2100,1,0,0,0,0,0,0,0,0,12,0,0,2,2,Swinging Strike,0,0,Observed,Observed,Observed,1,1,1
P02100,TOR_20260830_1_PA025,2101,2,0,1,0,0,0,0,0,0,13,0,0,1,1,Foul,0,0,Observed,Observed,Observed,1,1,1
P02101,TOR_20260830_1_PA025,2102,3,0,2,0,0,0,0,0,0,14,0,1,2,3,Foul,0,0,Observed,Observed,Observed,1,1,1
P02102,TOR_20260830_1_PA025,2103,4,0,2,0,0,0,0,0,0,14,0,1,2,3,In Play,1,0,Observed,Observed,Observed,1,1,1
P02103,TOR_20260830_1_PA026,2104,1,0,0,0,0,0,0,0,0,12,0,0,2,2,Foul,0,0,Observed,Observed,Observed,1,1,1
P02104,TOR_20260830_1_PA026,2105,2,0,1,0,0,0,0,0,0,12,0,0,2,2,Called Strike,0,0,Observed,Observed,Observed,1,1,1
P02105,TOR_20260830_1_PA026,2106,3,0,2,0,0,0,0,0,0,11,0,0,2,2,Ball,0,0,Observed,Observed,Observed,1,1,1
P02106,TOR_20260830_1_PA026,2107,4,1,2,0,0,0,0,0,0,13,0,0,2,2,In Play,1,0,Observed,Observed,Observed,1,1,1
P02107,TOR_20260830_1_PA027,2108,1,0,0,0,0,0,0,0,0,13,0,0,1,1,Called Strike,0,0,Observed,Observed,Observed,1,1,1
P02108,TOR_20260830_1_PA027,2109,2,0,1,0,0,0,0,0,0,12,0,0,1,1,In Play,1,0,Observed,Observed,Observed,1,1,1
P02109,TOR_20260830_1_PA028,2110,1,0,0,0,0,0,0,0,0,13,0,0,2,2,Ball,0,0,Observed,Observed,Observed,1,1,1
P02110,TOR_20260830_1_PA028,2111,2,1,0,0,0,0,0,0,0,14,0,0,0,0,Ball,0,0,Observed,Observed,Observed,1,1,1
P02111,TOR_20260830_1_PA028,2112,3,2,0,0,0,0,0,0,0,11,0,0,0,0,Ball,0,0,Observed,Observed,Observed,1,1,1
P02112,TOR_20260830_1_PA028,2113,4,3,0,0,0,0,0,0,0,11,0,0,0,0,Called Strike,0,0,Observed,Observed,Observed,1,1,1
P02113,TOR_20260830_1_PA028,2114,5,3,1,0,0,0,0,0,0,11,0,0,0,0,Ball,1,0,Observed,Observed,Observed,1,1,1
P02114,TOR_20260830_1_PA029,2115,1,0,0,1,0,0,0,1,0,15,0,0,1,1,Foul,0,0,Observed,Observed,Observed,1,1,1
P02115,TOR_20260830_1_PA029,2116,2,0,1,1,0,0,0,1,0,16,0,1,0,1,Ball,0,0,Observed,Observed,Observed,1,1,1
P02116,TOR_20260830_1_PA029,2117,3,1,1,1,0,0,0,1,0,12,0,0,0,0,Ball,0,0,Observed,Observed,Observed,1,1,1
P02117,TOR_20260830_1_PA029,2118,4,2,1,1,0,0,0,1,0,13,0,0,1,1,Ball,0,0,Observed,Observed,Observed,1,1,1
P02118,TOR_20260830_1_PA029,2119,5,3,1,1,0,0,0,1,0,13,0,0,1,1,In Play,1,0,Observed,Observed,Observed,1,1,1
P02119,TOR_20260830_1_PA030,2120,1,0,0,0,1,0,1,1,0,14,0,1,2,3,Foul,0,0,Observed,Observed,Observed,1,1,1
P02120,TOR_20260830_1_PA030,2121,2,0,1,0,1,0,1,1,0,13,0,1,2,3,Swinging Strike,0,0,Observed,Observed,Observed,1,1,1
P02121,TOR_20260830_1_PA030,2122,3,0,2,0,1,0,1,1,0,14,1,1,2,4,Foul,0,0,Observed,Observed,Observed,1,1,1
P02122,TOR_20260830_1_PA030,2123,4,0,2,0,1,0,1,1,0,16,0,1,2,3,In Play,1,0,Observed,Observed,Observed,1,1,1
P02123,TOR_20260830_1_PA031,2124,1,0,0,0,0,0,0,0,0,13,0,0,1,1,Ball,0,0,Observed,Observed,Observed,1,1,1
P02124,TOR_20260830_1_PA031,2125,2,1,0,0,0,0,0,0,0,13,0,0,0,0,Foul,0,0,Observed,Observed,Observed,1,1,1
P02125,TOR_20260830_1_PA031,2126,3,1,1,0,0,0,0,0,0,16,0,0,1,1,Ball,0,0,Observed,Observed,Observed,1,1,1
P02126,TOR_20260830_1_PA031,2127,4,2,1,0,0,0,0,0,0,14,0,0,1,1,Ball,0,0,Observed,Observed,Observed,1,1,1
P02127,TOR_20260830_1_PA031,2128,5,3,1,0,0,0,0,0,0,14,0,0,1,1,In Play,1,0,Observed,Observed,Observed,1,1,1
P02128,TOR_20260830_1_PA032,2129,1,0,0,0,1,0,1,1,0,14,0,1,2,3,Ball,0,0,Observed,Observed,Observed,1,1,1
P02129,TOR_20260830_1_PA032,2130,2,1,0,0,1,0,1,1,0,14,0,1,2,3,HBP,1,0,Observed,Observed,Observed,1,1,1
P02130,TOR_20260830_1_PA033,2131,1,0,0,1,1,0,1,2,0,14,0,1,0,1,Ball,0,0,Observed,Observed,Observed,1,1,1
P02131,TOR_20260830_1_PA033,2132,2,1,0,1,1,0,1,2,0,13,0,1,0,1,Ball,0,0,Observed,Observed,Observed,1,1,1
P02132,TOR_20260830_1_PA033,2133,3,2,0,1,1,0,1,2,0,14,0,1,0,1,Ball,0,0,Observed,Observed,Observed,1,1,1
P02133,TOR_20260830_1_PA033,2134,4,3,0,1,1,0,1,2,0,15,0,1,0,1,Ball,1,0,Observed,Observed,Observed,1,1,1
P02134,TOR_20260830_1_PA034,2135,1,0,0,1,1,1,1,3,0,12,0,0,1,1,In Play,1,0,Observed,Observed,Observed,1,1,1
P02135,TOR_20260830_1_PA035,2136,1,0,0,1,1,0,1,2,0,13,0,1,1,2,Called Strike,0,0,Observed,Observed,Observed,1,1,1
P02136,TOR_20260830_1_PA035,2137,2,0,1,1,1,0,1,2,0,13,0,1,1,2,In Play,1,0,Observed,Observed,Observed,1,1,1
P02137,TOR_20260830_1_PA036,2138,1,0,0,0,0,1,1,1,0,13,0,0,0,0,Ball,0,0,Observed,Observed,Observed,1,1,1
P02138,TOR_20260830_1_PA036,2139,2,1,0,0,0,1,1,1,0,14,0,0,1,1,Ball,0,0,Observed,Observed,Observed,1,1,1
P02139,TOR_20260830_1_PA036,2140,3,2,0,0,0,1,1,1,0,14,0,0,1,1,Called Strike,0,0,Observed,Observed,Observed,1,1,1
P02140,TOR_20260830_1_PA036,2141,4,2,1,0,0,1,1,1,0,16,0,0,1,1,Ball,0,0,Observed,Observed,Observed,1,1,1
P02141,TOR_20260830_1_PA036,2142,5,3,1,0,0,1,1,1,0,17,0,0,1,1,Ball,1,0,Observed,Observed,Observed,1,1,1
P02142,TOR_20260830_1_PA037,2143,1,0,0,1,0,1,1,2,0,12,0,0,1,1,Ball,0,0,Observed,Observed,Observed,1,1,1
P02143,TOR_20260830_1_PA037,2144,2,1,0,1,0,1,1,2,0,13,0,0,0,0,Called Strike,0,0,Observed,Observed,Observed,1,1,1
P02144,TOR_20260830_1_PA037,2145,3,1,1,1,0,1,1,2,0,13,0,0,0,0,Swinging Strike,0,0,Observed,Observed,Observed,1,1,1
P02145,TOR_20260830_1_PA037,2146,4,1,2,1,0,1,1,2,0,14,0,0,0,0,Ball,0,0,Observed,Observed,Observed,1,1,1
P02146,TOR_20260830_1_PA037,2147,5,2,2,1,0,1,1,2,0,19,0,0,0,0,In Play,1,0,Observed,Observed,Observed,1,1,1
P02147,TOR_20260830_1_PA038,2148,1,0,0,0,1,1,1,2,0,15,0,0,1,1,Called Strike,0,0,Observed,Observed,Observed,1,1,1
P02148,TOR_20260830_1_PA038,2149,2,0,1,0,1,1,1,2,0,14,0,0,1,1,Ball,0,0,Observed,Observed,Observed,1,1,1
P02149,TOR_20260830_1_PA038,2150,3,1,1,0,1,1,1,2,0,14,0,0,1,1,Swinging Strike,0,0,Observed,Observed,Observed,1,1,1
P02150,TOR_20260830_1_PA038,2151,4,1,2,0,1,1,1,2,0,19,0,0,1,1,Ball,0,0,Observed,Observed,Observed,1,1,1
P02151,TOR_20260830_1_PA038,2152,5,2,2,0,1,1,1,2,0,13,0,0,0,0,In Play,1,0,Observed,Observed,Observed,1,1,1
P02152,TOR_20260901_1_PA001,2153,1,0,0,0,0,0,0,0,0,12,0,0,1,1,Ball,0,0,Observed,Observed,Observed,1,1,1
P02153,TOR_20260901_1_PA001,2154,2,1,0,0,0,0,0,0,0,13,0,0,0,0,Called Strike,0,0,Observed,Observed,Observed,1,1,1
P02154,TOR_20260901_1_PA001,2155,3,1,1,0,0,0,0,0,0,10,0,0,1,1,Foul,0,0,Observed,Observed,Observed,1,1,1
P02155,TOR_20260901_1_PA001,2156,4,1,2,0,0,0,0,0,0,16,0,0,0,0,Swinging Strike,1,0,Observed,Observed,Observed,1,1,1
P02156,TOR_20260901_1_PA002,2157,1,0,0,0,0,0,0,0,0,15,0,1,2,3,Ball,0,0,Observed,Observed,Observed,1,1,1
P02157,TOR_20260901_1_PA002,2158,2,1,0,0,0,0,0,0,0,8,0,2,2,4,Called Strike,0,0,Observed,Observed,Observed,1,1,1
P02158,TOR_20260901_1_PA002,2159,3,1,1,0,0,0,0,0,0,24,1,1,1,3,Ball,0,0,Observed,Observed,Observed,1,1,1
P02159,TOR_20260901_1_PA002,2160,4,2,1,0,0,0,0,0,0,13,0,2,1,3,Called Strike,0,0,Observed,Observed,Observed,1,1,1
P02160,TOR_20260901_1_PA002,2161,5,2,2,0,0,0,0,0,0,17,0,1,3,4,Foul,0,0,Observed,Observed,Observed,1,1,1
P02161,TOR_20260901_1_PA002,2162,6,2,2,0,0,0,0,0,0,15,0,0,1,1,Swinging Strike,1,0,Observed,Observed,Observed,1,1,1
P02162,TOR_20260901_1_PA003,2163,1,0,0,0,0,0,0,0,0,7,0,1,2,3,Called Strike,0,0,Observed,Observed,Observed,1,1,1
P02163,TOR_20260901_1_PA003,2164,2,0,1,0,0,0,0,0,0,10,0,0,0,0,In Play,1,0,Observed,Observed,Observed,1,1,1
P02164,TOR_20260901_1_PA004,2165,1,0,0,0,0,0,0,0,0,10,0,0,2,2,Ball,0,0,Observed,Observed,Observed,1,1,1
P02165,TOR_20260901_1_PA004,2166,2,1,0,0,0,0,0,0,0,12,0,0,2,2,Swinging Strike,0,0,Observed,Observed,Observed,1,1,1
P02166,TOR_20260901_1_PA004,2167,3,1,1,0,0,0,0,0,0,9,0,0,1,1,Ball,0,0,Observed,Observed,Observed,1,1,1
P02167,TOR_20260901_1_PA004,2168,4,2,1,0,0,0,0,0,0,13,0,0,1,1,In Play,1,0,Observed,Observed,Observed,1,1,1
P02168,TOR_20260901_1_PA005,2169,1,0,0,0,0,0,0,0,0,19,0,1,3,4,Called Strike,0,0,Observed,Observed,Observed,1,1,1
P02169,TOR_20260901_1_PA005,2170,2,0,1,0,0,0,0,0,0,14,0,1,1,2,Called Strike,0,0,Observed,Observed,Observed,1,1,1
P02170,TOR_20260901_1_PA005,2171,3,0,2,0,0,0,0,0,0,21,1,1,2,4,Swinging Strike,1,0,Observed,Observed,Observed,1,1,1
P02171,TOR_20260901_1_PA006,2172,1,0,0,0,0,0,0,0,0,16,0,0,0,0,Ball,0,0,Observed,Observed,Observed,1,1,1
P02172,TOR_20260901_1_PA006,2173,2,1,0,0,0,0,0,0,0,15,0,1,0,1,Called Strike,0,0,Observed,Observed,Observed,1,1,1
P02173,TOR_20260901_1_PA006,2174,3,1,1,0,0,0,0,0,0,14,0,2,1,3,Swinging Strike,0,0,Observed,Observed,Observed,1,1,1
P02174,TOR_20260901_1_PA006,2175,4,1,2,0,0,0,0,0,0,16,0,2,0,2,Ball,0,0,Observed,Observed,Observed,1,1,1
P02175,TOR_20260901_1_PA006,2176,5,2,2,0,0,0,0,0,0,11,0,1,0,1,Swinging Strike,1,0,Observed,Observed,Observed,1,1,1
P02176,TOR_20260901_1_PA007,2177,1,0,0,0,0,0,0,0,0,9,0,0,1,1,Foul,0,0,Observed,Observed,Observed,1,1,1
P02177,TOR_20260901_1_PA007,2178,2,0,1,0,0,0,0,0,0,10,0,0,1,1,Swinging Strike,0,0,Observed,Observed,Observed,1,1,1
P02178,TOR_20260901_1_PA007,2179,3,0,2,0,0,0,0,0,0,19,0,0,3,3,HBP,1,0,Observed,Observed,Observed,1,1,1
P02179,TOR_20260901_1_PA008,2180,1,0,0,1,0,0,0,1,0,13,0,2,1,3,Called Strike,0,0,Observed,Observed,Observed,1,1,1
P02180,TOR_20260901_1_PA008,2181,2,0,1,1,0,0,0,1,0,10,0,1,0,1,Swinging Strike,0,0,Observed,Observed,Observed,1,1,1
P02181,TOR_20260901_1_PA008,2182,3,0,2,1,0,0,0,1,0,12,0,0,1,1,In Play,1,0,Observed,Observed,Observed,1,1,1
P02182,TOR_20260901_1_PA009,2183,1,0,0,1,0,0,0,1,0,21,0,0,1,1,Ball,0,0,Observed,Observed,Observed,1,1,1
P02183,TOR_20260901_1_PA009,2184,2,1,0,1,0,0,0,1,0,13,0,0,0,0,Ball,0,0,Observed,Observed,Observed,1,1,1
P02184,TOR_20260901_1_PA009,2185,3,2,0,1,0,0,0,1,0,11,0,0,0,0,In Play,1,0,Observed,Observed,Observed,1,1,1
P02185,TOR_20260901_1_PA010,2186,1,0,0,1,0,0,0,1,0,14,0,0,2,2,Called Strike,0,0,Observed,Observed,Observed,1,1,1
P02186,TOR_20260901_1_PA010,2187,2,0,1,1,0,0,0,1,0,14,0,0,0,0,Called Strike,0,0,Observed,Observed,Observed,1,1,1
P02187,TOR_20260901_1_PA010,2188,3,0,2,1,0,0,0,1,0,14,0,0,0,0,Ball,0,0,Observed,Observed,Observed,1,1,1
P02188,TOR_20260901_1_PA010,2189,4,1,2,0,1,0,1,1,0,13,0,0,0,0,Foul,0,0,Observed,Observed,Observed,1,1,1
P02189,TOR_20260901_1_PA010,2190,5,1,2,0,1,0,1,1,0,13,0,0,0,0,Ball,0,0,Observed,Observed,Observed,1,1,1
P02190,TOR_20260901_1_PA010,2191,6,2,2,0,1,0,1,1,0,20,0,0,0,0,Ball,0,0,Observed,Observed,Observed,1,1,1
P02191,TOR_20260901_1_PA010,2192,7,3,2,0,1,0,1,1,0,13,0,0,0,0,Swinging Strike,1,0,Observed,Observed,Observed,1,1,1
P02192,TOR_20260901_1_PA011,2193,1,0,0,0,0,0,0,0,0,20,0,1,1,2,In Play,1,0,Observed,Observed,Observed,1,1,1
P02193,TOR_20260901_1_PA012,2194,1,0,0,1,0,0,0,1,0,17,0,1,2,3,Ball,0,0,Observed,Observed,Observed,1,1,1
P02194,TOR_20260901_1_PA012,2195,2,1,0,1,0,0,0,1,0,23,0,0,0,0,Ball,0,0,Observed,Observed,Observed,1,1,1
P02195,TOR_20260901_1_PA012,2196,3,2,0,1,0,0,0,1,0,11,0,1,1,2,Called Strike,0,0,Observed,Observed,Observed,1,1,1
P02196,TOR_20260901_1_PA012,2197,4,2,1,1,0,0,0,1,0,9,0,0,1,1,Swinging Strike,0,0,Observed,Observed,Observed,1,1,1
P02197,TOR_20260901_1_PA012,2198,5,2,2,1,0,0,0,1,0,11,1,0,0,1,Ball,0,0,Observed,Observed,Observed,1,1,1
P02198,TOR_20260901_1_PA012,2199,6,3,2,1,0,0,0,1,0,37,0,0,1,1,In Play,1,0,Observed,Observed,Observed,1,1,1
P02199,TOR_20260901_1_PA013,2200,1,0,0,1,0,0,0,1,0,13,0,0,1,1,Called Strike,0,0,Observed,Observed,Observed,1,1,1
P02200,TOR_20260901_1_PA013,2201,2,0,1,1,0,0,0,1,0,14,0,0,1,1,Swinging Strike,0,0,Observed,Observed,Observed,1,1,1
P02201,TOR_20260901_1_PA013,2202,3,0,2,1,0,0,0,1,0,18,0,0,0,0,Ball,0,0,Observed,Observed,Observed,1,1,1
P02202,TOR_20260901_1_PA013,2203,4,1,2,1,0,0,0,1,0,15,0,1,1,2,Swinging Strike,1,0,Observed,Observed,Observed,1,1,1
P02203,TOR_20260901_1_PA014,2204,1,0,0,1,0,0,0,1,0,16,1,1,2,4,In Play,1,0,Observed,Observed,Observed,1,1,1
P02204,TOR_20260901_1_PA015,2205,1,0,0,0,0,0,0,0,0,11,0,1,2,3,In Play,1,0,Observed,Observed,Observed,1,1,1
P02205,TOR_20260901_1_PA016,2206,1,0,0,1,0,0,0,1,0,15,0,1,2,3,Foul,0,0,Observed,Observed,Observed,1,1,1
P02206,TOR_20260901_1_PA016,2207,2,0,1,1,0,0,0,1,0,9,0,0,2,2,Swinging Strike,0,0,Observed,Observed,Observed,1,1,1
P02207,TOR_20260901_1_PA016,2208,3,0,2,1,0,0,0,1,0,17,1,0,1,2,Swinging Strike,1,0,Observed,Observed,Observed,1,1,1
P02208,TOR_20260901_1_PA017,2209,1,0,0,1,0,0,0,1,0,11,0,0,0,0,Ball,0,0,Observed,Observed,Observed,1,1,1
P02209,TOR_20260901_1_PA017,2210,2,1,0,1,0,0,0,1,0,10,0,1,1,2,Foul,0,0,Observed,Observed,Observed,1,1,1
P02210,TOR_20260901_1_PA017,2211,3,1,1,1,0,0,0,1,0,11,1,0,0,1,Ball,0,0,Observed,Observed,Observed,1,1,1
P02211,TOR_20260901_1_PA017,2212,4,2,1,0,0,1,1,1,0,18,1,0,0,1,Foul,0,0,Observed,Observed,Observed,1,1,1
P02212,TOR_20260901_1_PA017,2213,5,2,2,0,0,1,1,1,0,16,0,1,1,2,Ball,0,0,Observed,Observed,Observed,1,1,1
P02213,TOR_20260901_1_PA017,2214,6,3,2,0,0,1,1,1,0,20,0,0,0,0,Ball,1,0,Observed,Observed,Observed,1,1,1
P02214,TOR_20260901_1_PA018,2215,1,0,0,1,0,1,1,2,0,15,0,1,2,3,Ball,0,0,Observed,Observed,Observed,1,1,1
P02215,TOR_20260901_1_PA018,2216,2,1,0,1,0,1,1,2,0,10,0,0,0,0,Ball,0,0,Observed,Observed,Observed,1,1,1
P02216,TOR_20260901_1_PA018,2217,3,2,0,0,1,0,1,1,0,15,0,0,1,1,Called Strike,0,0,Observed,Observed,Observed,1,1,1
P02217,TOR_20260901_1_PA018,2218,4,2,1,0,1,0,1,1,0,14,0,0,0,0,Foul,0,0,Observed,Observed,Observed,1,1,1
P02218,TOR_20260901_1_PA018,2219,5,2,2,0,1,0,1,1,0,18,0,1,1,2,Swinging Strike,1,0,Observed,Observed,Observed,1,1,1
P02219,TOR_20260901_1_PA019,2220,1,0,0,0,1,0,1,1,0,13,0,0,0,0,Ball,0,0,Observed,Observed,Observed,1,1,1
P02220,TOR_20260901_1_PA019,2221,2,1,0,0,1,0,1,1,0,9,0,1,0,1,Called Strike,0,0,Observed,Observed,Observed,1,1,1
P02221,TOR_20260901_1_PA019,2222,3,1,1,0,1,0,1,1,0,12,0,0,0,0,Ball,0,0,Observed,Observed,Observed,1,1,1
P02222,TOR_20260901_1_PA019,2223,4,2,1,0,1,0,1,1,0,18,0,0,0,0,In Play,1,0,Observed,Observed,Observed,1,1,1
P02223,TOR_20260901_1_PA020,2224,1,0,0,0,0,0,0,0,0,13,0,1,2,3,Ball,0,0,Observed,Observed,Observed,1,1,1
P02224,TOR_20260901_1_PA020,2225,2,1,0,0,0,0,0,0,0,15,0,1,3,4,Called Strike,0,0,Observed,Observed,Observed,1,1,1
P02225,TOR_20260901_1_PA020,2226,3,1,1,0,0,0,0,0,0,13,0,0,2,2,Ball,0,0,Observed,Observed,Observed,1,1,1
P02226,TOR_20260901_1_PA020,2227,4,2,1,0,0,0,0,0,0,9,1,1,1,3,Called Strike,0,0,Observed,Observed,Observed,1,1,1
P02227,TOR_20260901_1_PA020,2228,5,2,2,0,0,0,0,0,0,14,0,0,1,1,Swinging Strike,1,0,Observed,Observed,Observed,1,1,1
P02228,TOR_20260901_1_PA021,2229,1,0,0,0,0,0,0,0,0,12,0,0,1,1,Ball,0,0,Observed,Observed,Observed,1,1,1
P02229,TOR_20260901_1_PA021,2230,2,1,0,0,0,0,0,0,0,15,1,0,0,1,Called Strike,0,0,Observed,Observed,Observed,1,1,1
P02230,TOR_20260901_1_PA021,2231,3,1,1,0,0,0,0,0,0,15,0,1,0,1,Ball,0,0,Observed,Observed,Observed,1,1,1
P02231,TOR_20260901_1_PA021,2232,4,2,1,0,0,0,0,0,0,22,0,0,0,0,In Play,1,0,Observed,Observed,Observed,1,1,1
P02232,TOR_20260901_1_PA022,2233,1,0,0,0,0,0,0,0,0,10,0,0,1,1,Called Strike,0,0,Observed,Observed,Observed,1,1,1
P02233,TOR_20260901_1_PA022,2234,2,0,1,0,0,0,0,0,0,11,0,0,2,2,Ball,0,0,Observed,Observed,Observed,1,1,1
P02234,TOR_20260901_1_PA022,2235,3,1,1,0,0,0,0,0,0,10,0,0,1,1,Foul,0,0,Observed,Observed,Observed,1,1,1
P02235,TOR_20260901_1_PA022,2236,4,1,2,0,0,0,0,0,0,17,0,0,0,0,Swinging Strike,1,0,Observed,Observed,Observed,1,1,1
P02236,TOR_20260901_1_PA023,2237,1,0,0,0,0,0,0,0,0,19,0,1,2,3,Ball,0,0,Observed,Observed,Observed,1,1,1
P02237,TOR_20260901_1_PA023,2238,2,1,0,0,0,0,0,0,0,15,0,1,1,2,Swinging Strike,0,0,Observed,Observed,Observed,1,1,1
P02238,TOR_20260901_1_PA023,2239,3,1,1,0,0,0,0,0,0,12,1,1,2,4,Called Strike,0,0,Observed,Observed,Observed,1,1,1
P02239,TOR_20260901_1_PA023,2240,4,1,2,0,0,0,0,0,0,4,0,1,2,3,Swinging Strike,1,0,Observed,Observed,Observed,1,1,1
P02240,TOR_20260901_1_PA024,2241,1,0,0,0,0,0,0,0,0,24,0,0,0,0,Swinging Strike,0,0,Observed,Observed,Observed,1,1,1
P02241,TOR_20260901_1_PA024,2242,2,0,1,0,0,0,0,0,0,11,0,1,1,2,Ball,0,0,Observed,Observed,Observed,1,1,1
P02242,TOR_20260901_1_PA024,2243,3,1,1,0,0,0,0,0,0,14,1,1,1,3,Swinging Strike,0,0,Observed,Observed,Observed,1,1,1
P02243,TOR_20260901_1_PA024,2244,4,1,2,0,0,0,0,0,0,13,0,2,0,2,Ball,0,0,Observed,Observed,Observed,1,1,1
P02244,TOR_20260901_1_PA024,2245,5,2,2,0,0,0,0,0,0,12,0,1,1,2,Swinging Strike,1,0,Observed,Observed,Observed,1,1,1
P02245,TOR_20260901_1_PA025,2246,1,0,0,0,0,0,0,0,0,9,0,0,0,0,Foul,0,0,Observed,Observed,Observed,1,1,1
P02246,TOR_20260901_1_PA025,2247,2,0,1,0,0,0,0,0,0,9,1,0,1,2,Foul,0,0,Observed,Observed,Observed,1,1,1
P02247,TOR_20260901_1_PA025,2248,3,0,2,0,0,0,0,0,0,13,1,0,1,2,Swinging Strike,1,0,Observed,Observed,Observed,1,1,1
P02248,TOR_20260901_1_PA026,2249,1,0,0,0,0,0,0,0,0,11,0,1,1,2,Foul,0,0,Observed,Observed,Observed,1,1,1
P02249,TOR_20260901_1_PA026,2250,2,0,1,0,0,0,0,0,0,12,0,1,1,2,Ball,0,0,Observed,Observed,Observed,1,1,1
P02250,TOR_20260901_1_PA026,2251,3,1,1,0,0,0,0,0,0,15,0,0,0,0,In Play,1,0,Observed,Observed,Observed,1,1,1
P02251,TOR_20260901_1_PA027,2252,1,0,0,0,0,0,0,0,0,16,0,0,0,0,Swinging Strike,0,0,Observed,Observed,Observed,1,1,1
P02252,TOR_20260901_1_PA027,2253,2,0,1,0,0,0,0,0,0,10,0,0,0,0,Swinging Strike,0,0,Observed,Observed,Observed,1,1,1
P02253,TOR_20260901_1_PA027,2254,3,0,2,0,0,0,0,0,0,11,0,0,1,1,Ball,0,0,Observed,Observed,Observed,1,1,1
P02254,TOR_20260901_1_PA027,2255,4,1,2,0,0,0,0,0,0,13,0,0,0,0,Foul,0,0,Observed,Observed,Observed,1,1,1
P02255,TOR_20260901_1_PA027,2256,5,1,2,0,0,0,0,0,0,20,0,0,0,0,Swinging Strike,1,0,Observed,Observed,Observed,1,1,1
P02256,TOR_20260901_1_PA028,2257,1,0,0,0,0,0,0,0,0,8,0,0,0,0,In Play,1,0,Observed,Observed,Observed,1,1,1
P02257,TOR_20260901_1_PA029,2258,1,0,0,0,0,0,0,0,0,15,0,1,2,3,Called Strike,0,0,Observed,Observed,Observed,1,1,1
P02258,TOR_20260901_1_PA029,2259,2,0,1,0,0,0,0,0,0,16,0,0,2,2,Called Strike,0,0,Observed,Observed,Observed,1,1,1
P02259,TOR_20260901_1_PA029,2260,3,0,2,0,0,0,0,0,0,29,0,1,2,3,Foul,0,0,Observed,Observed,Observed,1,1,1
P02260,TOR_20260901_1_PA029,2261,4,0,2,0,0,0,0,0,0,26,0,0,2,2,Ball,0,0,Observed,Observed,Observed,1,1,1
P02261,TOR_20260901_1_PA029,2262,5,1,2,0,0,0,0,0,0,14,0,2,1,3,Foul,0,0,Observed,Observed,Observed,1,1,1
P02262,TOR_20260901_1_PA029,2263,6,1,2,0,0,0,0,0,0,15,0,1,1,2,Foul,0,0,Observed,Observed,Observed,1,1,1
P02263,TOR_20260901_1_PA029,2264,7,1,2,0,0,0,0,0,0,11,0,2,2,4,Ball,0,0,Observed,Observed,Observed,1,1,1
P02264,TOR_20260901_1_PA029,2265,8,2,2,0,0,0,0,0,0,25,0,2,1,3,In Play,1,0,Observed,Observed,Observed,1,1,1
P02265,TOR_20260901_1_PA030,2266,1,0,0,0,0,0,0,0,0,16,0,0,1,1,Ball,0,0,Observed,Observed,Observed,1,1,1
P02266,TOR_20260901_1_PA030,2267,2,1,0,0,0,0,0,0,0,11,0,0,1,1,Called Strike,0,0,Observed,Observed,Observed,1,1,1
P02267,TOR_20260901_1_PA030,2268,3,1,1,0,0,0,0,0,0,15,0,0,1,1,In Play,1,0,Observed,Observed,Observed,1,1,1
P02268,TOR_20260901_1_PA031,2269,1,0,0,1,0,0,0,1,0,14,0,0,0,0,Ball,0,0,Observed,Observed,Observed,1,1,1
P02269,TOR_20260901_1_PA031,2270,2,1,0,1,0,0,0,1,0,19,0,0,0,0,Swinging Strike,0,0,Observed,Observed,Observed,1,1,1
P02270,TOR_20260901_1_PA031,2271,3,1,1,1,0,0,0,1,0,9,0,0,1,1,Ball,0,0,Observed,Observed,Observed,1,1,1
P02271,TOR_20260901_1_PA031,2272,4,2,1,1,0,0,0,1,0,12,0,0,0,0,Swinging Strike,0,0,Observed,Observed,Observed,1,1,1
P02272,TOR_20260901_1_PA031,2273,5,2,2,1,0,0,0,1,0,14,0,0,0,0,In Play,1,0,Observed,Observed,Observed,1,1,1
P02273,TOR_20260901_1_PA032,2274,1,0,0,1,0,0,0,1,0,13,0,1,1,2,Called Strike,0,0,Observed,Observed,Observed,1,1,1
P02274,TOR_20260901_1_PA032,2275,2,0,1,1,0,0,0,1,0,23,2,1,2,5,In Play,1,0,Observed,Observed,Observed,1,1,1
P02275,TOR_20260902_1_PA001,2276,1,0,0,0,0,0,0,0,0,12,0,0,1,1,In Play,1,0,Observed,Observed,Observed,1,1,1
P02276,TOR_20260902_1_PA002,2277,1,0,0,1,0,0,0,1,0,14,0,0,3,3,In Play,1,0,Observed,Observed,Observed,1,1,1
P02277,TOR_20260902_1_PA003,2278,1,0,0,1,0,0,0,1,0,20,0,0,1,1,Ball,0,0,Observed,Observed,Observed,1,1,1
P02278,TOR_20260902_1_PA003,2279,2,1,0,1,0,0,0,1,0,10,0,0,3,3,In Play,1,0,Observed,Observed,Observed,1,1,1
P02279,TOR_20260902_1_PA004,2280,1,0,0,0,1,0,1,1,0,15,0,1,2,3,Called Strike,0,0,Observed,Observed,Observed,1,1,1
P02280,TOR_20260902_1_PA004,2281,2,0,1,0,1,0,1,1,0,8,0,2,2,4,Ball,0,0,Observed,Observed,Observed,1,1,1
P02281,TOR_20260902_1_PA004,2282,3,1,1,0,1,0,1,1,0,25,1,1,1,3,Ball,0,0,Observed,Observed,Observed,1,1,1
P02282,TOR_20260902_1_PA004,2283,4,2,1,0,1,0,1,1,0,13,0,2,1,3,Ball,0,0,Observed,Observed,Observed,1,1,1
P02283,TOR_20260902_1_PA004,2284,5,3,1,0,1,0,1,1,0,16,0,1,3,4,Called Strike,0,0,Observed,Observed,Observed,1,1,1
P02284,TOR_20260902_1_PA004,2285,6,3,2,0,1,0,1,1,0,15,0,0,1,1,Swinging Strike,1,0,Observed,Observed,Observed,1,1,1
P02285,TOR_20260902_1_PA005,2286,1,0,0,0,1,0,1,1,0,16,0,0,0,0,Called Strike,0,0,Observed,Observed,Observed,1,1,1
P02286,TOR_20260902_1_PA005,2287,2,0,1,0,1,0,1,1,0,11,0,0,0,0,Called Strike,0,0,Observed,Observed,Observed,1,1,1
P02287,TOR_20260902_1_PA005,2288,3,0,2,0,1,0,1,1,0,10,0,1,0,1,In Play,1,0,Observed,Observed,Observed,1,1,1
P02288,TOR_20260902_1_PA006,2289,1,0,0,0,0,0,0,0,0,21,0,1,2,3,Called Strike,0,0,Observed,Observed,Observed,1,1,1
P02289,TOR_20260902_1_PA006,2290,2,0,1,0,0,0,0,0,0,21,0,1,1,2,Swinging Strike,0,0,Observed,Observed,Observed,1,1,1
P02290,TOR_20260902_1_PA006,2291,3,0,2,0,0,0,0,0,0,14,1,1,2,4,In Play,1,0,Observed,Observed,Observed,1,1,1
P02291,TOR_20260902_1_PA007,2292,1,0,0,0,0,0,0,0,0,10,0,0,1,1,In Play,1,0,Observed,Observed,Observed,1,1,1
P02292,TOR_20260902_1_PA008,2293,1,0,0,1,0,0,0,1,0,13,0,0,1,1,Ball,0,0,Observed,Observed,Observed,1,1,1
P02293,TOR_20260902_1_PA008,2294,2,1,0,0,1,0,1,1,0,14,0,1,0,1,Called Strike,0,0,Observed,Observed,Observed,1,1,1
P02294,TOR_20260902_1_PA008,2295,3,1,1,0,1,0,1,1,0,17,1,1,0,2,Foul,0,0,Observed,Observed,Observed,1,1,1
P02295,TOR_20260902_1_PA008,2296,4,1,2,0,1,0,1,1,0,14,0,1,0,1,Foul,0,0,Observed,Observed,Observed,1,1,1
P02296,TOR_20260902_1_PA008,2297,5,1,2,0,1,0,1,1,0,12,1,1,0,2,In Play,1,0,Observed,Observed,Observed,1,1,1
P02297,TOR_20260902_1_PA009,2298,1,0,0,1,0,1,1,2,0,11,0,0,1,1,Called Strike,0,0,Observed,Observed,Observed,1,1,1
P02298,TOR_20260902_1_PA009,2299,2,0,1,1,0,1,1,2,0,13,0,1,1,2,Ball,0,0,Observed,Observed,Observed,1,1,1
P02299,TOR_20260902_1_PA009,2300,3,1,1,1,0,1,1,2,0,17,0,0,1,1,Ball,0,0,Observed,Observed,Observed,1,1,1
P02300,TOR_20260902_1_PA009,2301,4,2,1,1,0,1,1,2,0,18,1,0,0,1,Ball,0,0,Observed,Observed,Observed,1,1,1
P02301,TOR_20260902_1_PA009,2302,5,3,1,1,0,1,1,2,0,22,0,1,1,2,Foul,0,0,Observed,Observed,Observed,1,1,1
P02302,TOR_20260902_1_PA009,2303,6,3,2,1,0,1,1,2,0,10,0,0,2,2,Foul,0,0,Observed,Observed,Observed,1,1,1
P02303,TOR_20260902_1_PA009,2304,7,3,2,1,0,1,1,2,0,12,0,0,0,0,Ball,1,0,Observed,Observed,Observed,1,1,1
P02304,TOR_20260902_1_PA010,2305,1,0,0,1,1,1,1,3,0,9,0,0,0,0,Ball,0,0,Observed,Observed,Observed,1,1,1
P02305,TOR_20260902_1_PA010,2306,2,1,0,1,1,1,1,3,0,11,0,0,0,0,Ball,0,0,Observed,Observed,Observed,1,1,1
P02306,TOR_20260902_1_PA010,2307,3,2,0,1,1,1,1,3,0,14,0,0,0,0,In Play,1,0,Observed,Observed,Observed,1,1,1
P02307,TOR_20260902_1_PA011,2308,1,0,0,1,1,1,1,3,0,10,0,0,1,1,Ball,0,0,Observed,Observed,Observed,1,1,1
P02308,TOR_20260902_1_PA011,2309,2,1,0,1,1,1,1,3,0,10,0,0,1,1,Ball,0,0,Observed,Observed,Observed,1,1,1
P02309,TOR_20260902_1_PA011,2310,3,2,0,1,1,1,1,3,0,10,0,0,2,2,Foul,0,0,Observed,Observed,Observed,1,1,1
P02310,TOR_20260902_1_PA011,2311,4,2,1,1,1,1,1,3,0,16,0,0,0,0,In Play,1,0,Observed,Observed,Observed,1,1,1
P02311,TOR_20260902_1_PA012,2312,1,0,0,1,0,1,1,2,0,14,0,0,1,1,Ball,0,0,Observed,Observed,Observed,1,1,1
P02312,TOR_20260902_1_PA012,2313,2,1,0,1,0,1,1,2,0,11,0,0,0,0,In Play,1,0,Observed,Observed,Observed,1,1,1
P02313,TOR_20260902_1_PA013,2314,1,0,0,0,0,0,0,0,0,10,0,0,1,1,Ball,0,0,Observed,Observed,Observed,1,1,1
P02314,TOR_20260902_1_PA013,2315,2,1,0,0,0,0,0,0,0,12,0,1,2,3,Ball,0,0,Observed,Observed,Observed,1,1,1
P02315,TOR_20260902_1_PA013,2316,3,2,0,0,0,0,0,0,0,18,0,1,1,2,Ball,0,0,Observed,Observed,Observed,1,1,1
P02316,TOR_20260902_1_PA013,2317,4,3,0,0,0,0,0,0,0,18,0,1,1,2,Called Strike,0,0,Observed,Observed,Observed,1,1,1
P02317,TOR_20260902_1_PA013,2318,5,3,1,0,0,0,0,0,0,17,0,1,3,4,In Play,1,0,Observed,Observed,Observed,1,1,1
P02318,TOR_20260902_1_PA014,2319,1,0,0,0,0,0,0,0,0,18,0,0,0,0,Called Strike,0,0,Observed,Observed,Observed,1,1,1
P02319,TOR_20260902_1_PA014,2320,2,0,1,0,0,0,0,0,0,13,0,2,0,2,Ball,0,0,Observed,Observed,Observed,1,1,1
P02320,TOR_20260902_1_PA014,2321,3,1,1,0,0,0,0,0,0,12,0,1,0,1,Ball,0,0,Observed,Observed,Observed,1,1,1
P02321,TOR_20260902_1_PA014,2322,4,2,1,0,0,0,0,0,0,14,0,0,1,1,Swinging Strike,0,0,Observed,Observed,Observed,1,1,1
P02322,TOR_20260902_1_PA014,2323,5,2,2,0,0,0,0,0,0,10,0,0,0,0,Called Strike,1,0,Observed,Observed,Observed,1,1,1
P02323,TOR_20260902_1_PA015,2324,1,0,0,0,0,0,0,0,0,9,0,1,1,2,Swinging Strike,0,0,Observed,Observed,Observed,1,1,1
P02324,TOR_20260902_1_PA015,2325,2,0,1,0,0,0,0,0,0,16,1,1,2,4,Called Strike,0,0,Observed,Observed,Observed,1,1,1
P02325,TOR_20260902_1_PA015,2326,3,0,2,0,0,0,0,0,0,25,2,1,1,4,In Play,1,0,Observed,Observed,Observed,1,1,1
P02326,TOR_20260902_1_PA016,2327,1,0,0,1,0,0,0,1,0,11,0,0,0,0,Foul,0,0,Observed,Observed,Observed,1,1,1
P02327,TOR_20260902_1_PA016,2328,2,0,1,1,0,0,0,1,0,10,0,1,3,4,Ball,0,0,Observed,Observed,Observed,1,1,1
P02328,TOR_20260902_1_PA016,2329,3,1,1,1,0,0,0,1,0,14,1,0,0,1,Foul,0,0,Observed,Observed,Observed,1,1,1
P02329,TOR_20260902_1_PA016,2330,4,1,2,1,0,0,0,1,0,18,1,0,0,1,In Play,1,0,Observed,Observed,Observed,1,1,1
P02330,TOR_20260902_1_PA017,2331,1,0,0,1,0,0,0,1,0,17,0,1,3,4,Foul,0,0,Observed,Observed,Observed,1,1,1
P02331,TOR_20260902_1_PA017,2332,2,0,1,1,0,0,0,1,0,9,0,0,2,2,Foul,0,0,Observed,Observed,Observed,1,1,1
P02332,TOR_20260902_1_PA017,2333,3,0,2,1,0,0,0,1,0,15,1,0,0,1,Ball,0,0,Observed,Observed,Observed,1,1,1
P02333,TOR_20260902_1_PA017,2334,4,1,2,1,0,0,0,1,0,12,0,1,1,2,Foul,0,0,Observed,Observed,Observed,1,1,1
P02334,TOR_20260902_1_PA017,2335,5,1,2,1,0,0,0,1,0,12,1,1,1,3,Ball,0,0,Observed,Observed,Observed,1,1,1
P02335,TOR_20260902_1_PA017,2336,6,2,2,1,0,0,0,1,0,14,1,0,0,1,Foul,0,0,Observed,Observed,Observed,1,1,1
P02336,TOR_20260902_1_PA017,2337,7,2,2,1,0,0,0,1,0,21,1,0,0,1,In Play,1,0,Observed,Observed,Observed,1,1,1
P02337,TOR_20260902_1_PA018,2338,1,0,0,1,1,0,1,2,0,15,0,1,3,4,Called Strike,0,0,Observed,Observed,Observed,1,1,1
P02338,TOR_20260902_1_PA018,2339,2,0,1,1,1,0,1,2,0,10,0,0,0,0,Ball,0,0,Observed,Observed,Observed,1,1,1
P02339,TOR_20260902_1_PA018,2340,3,1,1,1,1,0,1,2,0,15,0,0,1,1,In Play,1,0,Observed,Observed,Observed,1,1,1
P02340,TOR_20260902_1_PA019,2341,1,0,0,0,1,1,1,2,0,16,0,0,1,1,Ball,0,0,Observed,Observed,Observed,1,1,1
P02341,TOR_20260902_1_PA019,2342,2,1,0,0,1,1,1,2,0,9,0,0,0,0,Ball,0,0,Observed,Observed,Observed,1,1,1
P02342,TOR_20260902_1_PA019,2343,3,2,0,0,1,1,1,2,0,10,0,0,0,0,Ball,0,0,Observed,Observed,Observed,1,1,1
P02343,TOR_20260902_1_PA019,2344,4,3,0,0,1,1,1,2,0,10,0,0,0,0,Called Strike,0,0,Observed,Observed,Observed,1,1,1
P02344,TOR_20260902_1_PA019,2345,5,3,1,0,1,1,1,2,0,13,0,0,0,0,Foul,0,0,Observed,Observed,Observed,1,1,1
P02345,TOR_20260902_1_PA019,2346,6,3,2,0,1,1,1,2,0,19,0,0,0,0,In Play,1,0,Observed,Observed,Observed,1,1,1
P02346,TOR_20260902_1_PA020,2347,1,0,0,0,0,0,0,0,0,10,0,0,0,0,Swinging Strike,0,0,Observed,Observed,Observed,1,1,1
P02347,TOR_20260902_1_PA020,2348,2,0,1,0,0,0,0,0,0,13,0,0,0,0,Called Strike,0,0,Observed,Observed,Observed,1,1,1
P02348,TOR_20260902_1_PA020,2349,3,0,2,0,0,0,0,0,0,12,0,0,0,0,Swinging Strike,1,0,Observed,Observed,Observed,1,1,1
P02349,TOR_20260902_1_PA021,2350,1,0,0,0,0,0,0,0,0,9,0,0,1,1,Ball,0,0,Observed,Observed,Observed,1,1,1
P02350,TOR_20260902_1_PA021,2351,2,1,0,0,0,0,0,0,0,14,1,0,0,1,In Play,1,0,Observed,Observed,Observed,1,1,1
P02351,TOR_20260902_1_PA022,2352,1,0,0,0,0,0,0,0,0,12,0,1,2,3,Foul,0,0,Observed,Observed,Observed,1,1,1
P02352,TOR_20260902_1_PA022,2353,2,0,1,0,0,0,0,0,0,11,0,1,3,4,Called Strike,0,0,Observed,Observed,Observed,1,1,1
P02353,TOR_20260902_1_PA022,2354,3,0,2,0,0,0,0,0,0,17,0,0,1,1,Foul,0,0,Observed,Observed,Observed,1,1,1
P02354,TOR_20260902_1_PA022,2355,4,0,2,0,0,0,0,0,0,9,0,1,2,3,Foul,0,0,Observed,Observed,Observed,1,1,1
P02355,TOR_20260902_1_PA022,2356,5,0,2,0,0,0,0,0,0,12,0,1,2,3,Swinging Strike,1,0,Observed,Observed,Observed,1,1,1
P02356,TOR_20260902_1_PA023,2357,1,0,0,0,0,0,0,0,0,27,0,0,0,0,Ball,0,0,Observed,Observed,Observed,1,1,1
P02357,TOR_20260902_1_PA023,2358,2,1,0,0,0,0,0,0,0,10,0,2,1,3,Called Strike,0,0,Observed,Observed,Observed,1,1,1
P02358,TOR_20260902_1_PA023,2359,3,1,1,0,0,0,0,0,0,10,0,1,0,1,Foul,0,0,Observed,Observed,Observed,1,1,1
P02359,TOR_20260902_1_PA023,2360,4,1,2,0,0,0,0,0,0,14,0,0,0,0,Foul,0,0,Observed,Observed,Observed,1,1,1
P02360,TOR_20260902_1_PA023,2361,5,1,2,0,0,0,0,0,0,14,0,0,0,0,Ball,0,0,Observed,Observed,Observed,1,1,1
P02361,TOR_20260902_1_PA023,2362,6,2,2,0,0,0,0,0,0,16,0,0,1,1,Swinging Strike,1,0,Observed,Observed,Observed,1,1,1
P02362,TOR_20260902_1_PA024,2363,1,0,0,0,0,0,0,0,0,10,0,1,3,4,In Play,1,0,Observed,Observed,Observed,1,1,1
P02363,TOR_20260902_1_PA025,2364,1,0,0,0,0,0,0,0,0,15,0,0,1,1,Foul,0,0,Observed,Observed,Observed,1,1,1
P02364,TOR_20260902_1_PA025,2365,2,0,1,0,0,0,0,0,0,18,0,0,0,0,Ball,0,0,Observed,Observed,Observed,1,1,1
P02365,TOR_20260902_1_PA025,2366,3,1,1,0,0,0,0,0,0,16,1,0,0,1,In Play,1,0,Observed,Observed,Observed,1,1,1
P02366,TOR_20260902_1_PA026,2367,1,0,0,0,0,0,0,0,0,9,0,0,2,2,Ball,0,0,Observed,Observed,Observed,1,1,1
P02367,TOR_20260902_1_PA026,2368,2,1,0,0,0,0,0,0,0,9,0,0,1,1,Foul,0,0,Observed,Observed,Observed,1,1,1
P02368,TOR_20260902_1_PA026,2369,3,1,1,0,0,0,0,0,0,12,0,0,3,3,Foul,0,0,Observed,Observed,Observed,1,1,1
P02369,TOR_20260902_1_PA026,2370,4,1,2,0,0,0,0,0,0,12,0,2,0,2,Foul,0,0,Observed,Observed,Observed,1,1,1
P02370,TOR_20260902_1_PA026,2371,5,1,2,0,0,0,0,0,0,16,0,0,1,1,Ball,0,0,Observed,Observed,Observed,1,1,1
P02371,TOR_20260902_1_PA026,2372,6,2,2,0,0,0,0,0,0,16,0,1,0,1,Swinging Strike,1,0,Observed,Observed,Observed,1,1,1
P02372,TOR_20260902_1_PA027,2373,1,0,0,0,0,0,0,0,0,10,0,0,1,1,In Play,1,0,Observed,Observed,Observed,1,1,1
P02373,TOR_20260902_1_PA028,2374,1,0,0,1,0,0,0,1,0,13,0,0,1,1,Ball,0,0,Observed,Observed,Observed,1,1,1
P02374,TOR_20260902_1_PA028,2375,2,1,0,1,0,0,0,1,0,18,0,1,0,1,Ball,0,0,Observed,Observed,Observed,1,1,1
P02375,TOR_20260902_1_PA028,2376,3,2,0,1,0,0,0,1,0,12,0,0,0,0,Ball,0,0,Observed,Observed,Observed,1,1,1
P02376,TOR_20260902_1_PA028,2377,4,3,0,1,0,0,0,1,0,21,0,0,0,0,Called Strike,0,0,Observed,Observed,Observed,1,1,1
P02377,TOR_20260902_1_PA028,2378,5,3,1,1,0,0,0,1,0,21,0,0,0,0,Ball,1,0,Observed,Observed,Observed,1,1,1
P02378,TOR_20260902_1_PA029,2379,1,0,0,1,1,0,1,2,0,14,0,0,1,1,Called Strike,0,0,Observed,Observed,Observed,1,1,1
P02379,TOR_20260902_1_PA029,2380,2,0,1,1,1,0,1,2,0,13,0,0,1,1,Ball,0,0,Observed,Observed,Observed,1,1,1
P02380,TOR_20260902_1_PA029,2381,3,1,1,1,1,0,1,2,0,17,0,0,1,1,Ball,0,0,Observed,Observed,Observed,1,1,1
P02381,TOR_20260902_1_PA029,2382,4,2,1,1,1,0,1,2,0,14,1,0,1,2,In Play,1,0,Observed,Observed,Observed,1,1,1
P02382,TOR_20260902_1_PA030,2383,1,0,0,0,1,1,1,2,0,13,0,0,1,1,Ball,0,0,Observed,Observed,Observed,1,1,1
P02383,TOR_20260902_1_PA030,2384,2,1,0,0,1,1,1,2,0,15,0,1,0,1,Foul,0,0,Observed,Observed,Observed,1,1,1
P02384,TOR_20260902_1_PA030,2385,3,1,1,0,1,1,1,2,0,11,0,1,1,2,In Play,1,0,Observed,Observed,Observed,1,1,1
P02385,TOR_20260902_1_PA031,2386,1,0,0,1,0,1,1,2,0,11,0,1,2,3,In Play,1,0,Observed,Observed,Observed,1,1,1
P02386,TOR_20260902_1_PA032,2387,1,0,0,0,0,0,0,0,0,16,0,0,0,0,Swinging Strike,0,0,Observed,Observed,Observed,1,1,1
P02387,TOR_20260902_1_PA032,2388,2,0,1,0,0,0,0,0,0,14,0,1,0,1,Foul,0,0,Observed,Observed,Observed,1,1,1
P02388,TOR_20260902_1_PA032,2389,3,0,2,0,0,0,0,0,0,10,0,0,1,1,Called Strike,1,0,Observed,Observed,Observed,1,1,1
P02389,TOR_20260902_1_PA033,2390,1,0,0,0,0,0,0,0,0,16,0,2,2,4,Foul,0,0,Observed,Observed,Observed,1,1,1
P02390,TOR_20260902_1_PA033,2391,2,0,1,0,0,0,0,0,0,15,0,1,1,2,Ball,0,0,Observed,Observed,Observed,1,1,1
P02391,TOR_20260902_1_PA033,2392,3,1,1,0,0,0,0,0,0,17,0,1,2,3,Called Strike,0,0,Observed,Observed,Observed,1,1,1
P02392,TOR_20260902_1_PA033,2393,4,1,2,0,0,0,0,0,0,22,1,1,3,5,Foul,0,0,Observed,Observed,Observed,1,1,1
P02393,TOR_20260902_1_PA033,2394,5,1,2,0,0,0,0,0,0,33,0,1,1,2,Swinging Strike,1,0,Observed,Observed,Observed,1,1,1
P02394,TOR_20260902_1_PA034,2395,1,0,0,0,0,0,0,0,0,9,0,1,2,3,Ball,0,0,Observed,Observed,Observed,1,1,1
P02395,TOR_20260902_1_PA034,2396,2,1,0,0,0,0,0,0,0,12,0,1,1,2,In Play,1,0,Observed,Observed,Observed,1,1,1
P02396,TOR_20260902_1_PA035,2397,1,0,0,0,0,0,0,0,0,15,0,0,1,1,Ball,0,0,Observed,Observed,Observed,1,1,1
P02397,TOR_20260902_1_PA035,2398,2,1,0,0,0,0,0,0,0,26,0,0,2,2,In Play,1,0,Observed,Observed,Observed,1,1,1
P02398,TOR_20260902_1_PA036,2399,1,0,0,0,0,0,0,0,0,11,0,0,1,1,Ball,0,0,Observed,Observed,Observed,1,1,1
P02399,TOR_20260902_1_PA036,2400,2,1,0,0,0,0,0,0,0,10,0,0,1,1,Foul,0,0,Observed,Observed,Observed,1,1,1
P02400,TOR_20260902_1_PA036,2401,3,1,1,0,0,0,0,0,0,15,0,0,0,0,Ball,0,0,Observed,Observed,Observed,1,1,1
P02401,TOR_20260902_1_PA036,2402,4,2,1,0,0,0,0,0,0,28,0,0,1,1,Ball,0,0,Observed,Observed,Observed,1,1,1
P02402,TOR_20260902_1_PA036,2403,5,3,1,0,0,0,0,0,0,14,0,0,0,0,In Play,1,0,Observed,Observed,Observed,1,1,1
P02403,TOR_20260902_1_PA037,2404,1,0,0,0,0,0,0,0,0,15,0,0,1,1,Foul,0,0,Observed,Observed,Observed,1,1,1
P02404,TOR_20260902_1_PA037,2405,2,0,1,0,0,0,0,0,0,10,0,1,0,1,Ball,0,0,Observed,Observed,Observed,1,1,1
P02405,TOR_20260902_1_PA037,2406,3,1,1,0,0,0,0,0,0,10,0,0,1,1,In Play,1,0,Observed,Observed,Observed,1,1,1
P02406,TOR_20260902_1_PA038,2407,1,0,0,0,0,0,0,0,0,4,0,1,1,2,Called Strike,0,0,Observed,Observed,Observed,1,1,1
P02407,TOR_20260902_1_PA038,2408,2,0,1,0,0,0,0,0,0,15,1,1,2,4,In Play,1,0,Observed,Observed,Observed,1,1,1
P02408,TOR_20260902_1_PA039,2409,1,0,0,0,0,0,0,0,0,,,,,,Ball,0,0,Missing,Missing,Observed,0,0,0
P02409,TOR_20260902_1_PA039,2410,2,1,0,0,0,0,0,0,0,,,,,,Foul,0,0,Missing,Missing,Observed,0,0,0
P02410,TOR_20260902_1_PA039,2411,3,1,1,0,0,0,0,0,0,,,,,,In Play,1,0,Missing,Missing,Observed,0,0,0
P02411,TOR_20260902_1_PA040,2412,1,0,0,1,0,0,0,1,0,10,0,1,2,3,Called Strike,0,0,Observed,Observed,Observed,1,1,1
P02412,TOR_20260902_1_PA040,2413,2,0,1,1,0,0,0,1,0,10,0,1,2,3,Ball,0,0,Observed,Observed,Observed,1,1,1
P02413,TOR_20260902_1_PA040,2414,3,1,1,1,0,0,0,1,0,13,0,1,1,2,Foul,0,0,Observed,Observed,Observed,1,1,1
P02414,TOR_20260902_1_PA040,2415,4,1,2,1,0,0,0,1,0,10,1,1,2,4,Ball,0,0,Observed,Observed,Observed,1,1,1
P02415,TOR_20260902_1_PA040,2416,5,2,2,1,0,0,0,1,0,11,0,1,1,2,Ball,0,0,Observed,Observed,Observed,1,1,1
P02416,TOR_20260902_1_PA040,2417,6,3,2,1,0,0,0,1,0,18,0,1,1,2,In Play,1,0,Observed,Observed,Observed,1,1,1
P02417,TOR_20260902_1_PA041,2418,1,0,0,0,1,0,1,1,0,8,1,1,0,2,Ball,0,0,Observed,Observed,Observed,1,1,1
P02418,TOR_20260902_1_PA041,2419,2,1,0,0,1,0,1,1,0,14,0,0,1,1,Swinging Strike,0,0,Observed,Observed,Observed,1,1,1
P02419,TOR_20260902_1_PA041,2420,3,1,1,0,1,0,1,1,0,15,1,1,1,3,Foul,0,0,Observed,Observed,Observed,1,1,1
P02420,TOR_20260902_1_PA041,2421,4,1,2,0,1,0,1,1,0,9,0,0,0,0,In Play,1,0,Observed,Observed,Observed,1,1,1
P02421,TOR_20260902_1_PA042,2422,1,0,0,1,0,1,1,2,0,13,0,1,2,3,Ball,0,0,Observed,Observed,Observed,1,1,1
P02422,TOR_20260902_1_PA042,2423,2,1,0,1,0,1,1,2,0,10,0,1,2,3,Foul,0,0,Observed,Observed,Observed,1,1,1
P02423,TOR_20260902_1_PA042,2424,3,1,1,1,0,1,1,2,0,15,1,1,1,3,In Play,1,0,Observed,Observed,Observed,1,1,1
P02424,TOR_20260902_1_PA043,2425,1,0,0,1,1,0,1,2,0,19,0,0,1,1,Ball,0,0,Observed,Observed,Observed,1,1,1
P02425,TOR_20260902_1_PA043,2426,2,1,0,1,1,0,1,2,0,10,0,1,1,2,In Play,1,0,Observed,Observed,Observed,1,1,1
P02426,TOR_20260902_1_PA044,2427,1,0,0,1,1,0,1,2,0,28,0,0,1,1,Called Strike,0,0,Observed,Observed,Observed,1,1,1
P02427,TOR_20260902_1_PA044,2428,2,0,1,1,1,0,1,2,0,16,0,2,1,3,In Play,1,0,Observed,Observed,Observed,1,1,1
P02428,TOR_20260903_1_PA001,2429,1,0,0,0,0,0,0,0,0,12,0,0,1,1,Ball,0,0,Observed,Observed,Observed,1,1,1
P02429,TOR_20260903_1_PA001,2430,2,1,0,0,0,0,0,0,0,12,0,0,0,0,Ball,0,0,Observed,Observed,Observed,1,1,1
P02430,TOR_20260903_1_PA001,2431,3,2,0,0,0,0,0,0,0,10,0,0,1,1,Called Strike,0,0,Observed,Observed,Observed,1,1,1
P02431,TOR_20260903_1_PA001,2432,4,2,1,0,0,0,0,0,0,16,0,0,0,0,Ball,0,0,Observed,Observed,Observed,1,1,1
P02432,TOR_20260903_1_PA001,2433,5,3,1,0,0,0,0,0,0,40,0,0,0,0,In Play,1,0,Observed,Observed,Observed,1,1,1
P02433,TOR_20260903_1_PA002,2434,1,0,0,1,0,0,0,1,0,25,0,1,1,2,Ball,0,0,Observed,Observed,Observed,1,1,1
P02434,TOR_20260903_1_PA002,2435,2,1,0,1,0,0,0,1,0,14,0,1,1,2,Ball,0,0,Observed,Observed,Observed,1,1,1
P02435,TOR_20260903_1_PA002,2436,3,2,0,1,0,0,0,1,0,17,1,1,1,3,Swinging Strike,0,0,Observed,Observed,Observed,1,1,1
P02436,TOR_20260903_1_PA002,2437,4,2,1,1,0,0,0,1,0,26,1,1,1,3,In Play,1,0,Observed,Observed,Observed,1,1,1
P02437,TOR_20260903_1_PA003,2438,1,0,0,0,0,0,0,0,0,20,0,0,1,1,Foul,0,0,Observed,Observed,Observed,1,1,1
P02438,TOR_20260903_1_PA003,2439,2,0,1,0,0,0,0,0,0,10,0,0,0,0,Ball,0,0,Observed,Observed,Observed,1,1,1
P02439,TOR_20260903_1_PA003,2440,3,1,1,0,0,0,0,0,0,13,0,0,3,3,Foul,0,0,Observed,Observed,Observed,1,1,1
P02440,TOR_20260903_1_PA003,2441,4,1,2,0,0,0,0,0,0,15,0,0,1,1,Swinging Strike,1,0,Observed,Observed,Observed,1,1,1
P02441,TOR_20260903_1_PA004,2442,1,0,0,0,0,0,0,0,0,40,0,1,1,2,Ball,0,0,Observed,Observed,Observed,1,1,1
P02442,TOR_20260903_1_PA004,2443,2,1,0,0,0,0,0,0,0,13,0,0,2,2,Ball,0,0,Observed,Observed,Observed,1,1,1
P02443,TOR_20260903_1_PA004,2444,3,2,0,0,0,0,0,0,0,12,0,1,0,1,Called Strike,0,0,Observed,Observed,Observed,1,1,1
P02444,TOR_20260903_1_PA004,2445,4,2,1,0,0,0,0,0,0,13,0,2,0,2,Swinging Strike,0,0,Observed,Observed,Observed,1,1,1
P02445,TOR_20260903_1_PA004,2446,5,2,2,0,0,0,0,0,0,25,0,0,0,0,Foul,0,0,Observed,Observed,Observed,1,1,1
P02446,TOR_20260903_1_PA004,2447,6,2,2,0,0,0,0,0,0,7,0,0,0,0,Foul,0,0,Observed,Observed,Observed,1,1,1
P02447,TOR_20260903_1_PA004,2448,7,2,2,0,0,0,0,0,0,15,0,1,0,1,Ball,0,0,Observed,Observed,Observed,1,1,1
P02448,TOR_20260903_1_PA004,2449,8,3,2,0,0,0,0,0,0,4,0,1,0,1,Swinging Strike,1,0,Observed,Observed,Observed,1,1,1
P02449,TOR_20260903_1_PA005,2450,1,0,0,0,0,0,0,0,0,4,0,0,0,0,Called Strike,0,0,Observed,Observed,Observed,1,1,1
P02450,TOR_20260903_1_PA005,2451,2,0,1,0,0,0,0,0,0,4,0,0,0,0,Foul,0,0,Observed,Observed,Observed,1,1,1
P02451,TOR_20260903_1_PA005,2452,3,0,2,0,0,0,0,0,0,4,0,0,0,0,Ball,0,0,Observed,Observed,Observed,1,1,1
P02452,TOR_20260903_1_PA005,2453,4,1,2,0,0,0,0,0,0,4,0,0,0,0,Ball,0,0,Observed,Observed,Observed,1,1,1
P02453,TOR_20260903_1_PA005,2454,5,2,2,0,0,0,0,0,0,4,0,0,0,0,Foul,0,0,Observed,Observed,Observed,1,1,1
P02454,TOR_20260903_1_PA005,2455,6,2,2,0,0,0,0,0,0,4,0,0,0,0,Ball,0,0,Observed,Observed,Observed,1,1,1
P02455,TOR_20260903_1_PA005,2456,7,3,2,0,0,0,0,0,0,4,0,0,0,0,Ball,1,0,Observed,Observed,Observed,1,1,1
P02456,TOR_20260903_1_PA006,2457,1,0,0,1,0,0,0,1,0,9,0,1,1,2,Called Strike,0,0,Observed,Observed,Observed,1,1,1
P02457,TOR_20260903_1_PA006,2458,2,0,1,1,0,0,0,1,0,11,0,0,1,1,Ball,0,0,Observed,Observed,Observed,1,1,1
P02458,TOR_20260903_1_PA006,2459,3,1,1,1,0,0,0,1,0,16,0,0,0,0,Swinging Strike,0,0,Observed,Observed,Observed,1,1,1
P02459,TOR_20260903_1_PA006,2460,4,1,2,1,0,0,0,1,0,16,0,1,2,3,In Play,1,0,Observed,Observed,Observed,1,1,1
P02460,TOR_20260903_1_PA007,2461,1,0,0,1,0,0,0,1,0,20,0,0,0,0,Called Strike,0,0,Observed,Observed,Observed,1,1,1
P02461,TOR_20260903_1_PA007,2462,2,0,1,1,0,0,0,1,0,14,0,1,1,2,Called Strike,0,0,Observed,Observed,Observed,1,1,1
P02462,TOR_20260903_1_PA007,2463,3,0,2,1,0,0,0,1,0,14,0,0,0,0,Swinging Strike,1,0,Observed,Observed,Observed,1,1,1
P02463,TOR_20260903_1_PA008,2464,1,0,0,0,0,0,0,0,0,11,0,1,0,1,Ball,0,0,Observed,Observed,Observed,1,1,1
P02464,TOR_20260903_1_PA008,2465,2,1,0,0,0,0,0,0,0,14,0,1,1,2,Called Strike,0,0,Observed,Observed,Observed,1,1,1
P02465,TOR_20260903_1_PA008,2466,3,1,1,0,0,0,0,0,0,15,0,0,1,1,Ball,0,0,Observed,Observed,Observed,1,1,1
P02466,TOR_20260903_1_PA008,2467,4,2,1,0,0,0,0,0,0,13,0,0,2,2,Foul,0,0,Observed,Observed,Observed,1,1,1
P02467,TOR_20260903_1_PA008,2468,5,2,2,0,0,0,0,0,0,17,0,0,0,0,Ball,0,0,Observed,Observed,Observed,1,1,1
P02468,TOR_20260903_1_PA008,2469,6,3,2,0,0,0,0,0,0,37,0,1,0,1,In Play,1,0,Observed,Observed,Observed,1,1,1
P02469,TOR_20260903_1_PA009,2470,1,0,0,0,0,0,0,0,0,23,0,0,0,0,Ball,0,0,Observed,Observed,Observed,1,1,1
P02470,TOR_20260903_1_PA009,2471,2,1,0,0,0,0,0,0,0,13,0,0,0,0,In Play,1,0,Observed,Observed,Observed,1,1,1
P02471,TOR_20260903_1_PA010,2472,1,0,0,0,0,0,0,0,0,7,0,1,1,2,Called Strike,0,0,Observed,Observed,Observed,1,1,1
P02472,TOR_20260903_1_PA010,2473,2,0,1,0,0,0,0,0,0,16,1,1,2,4,Called Strike,0,0,Observed,Observed,Observed,1,1,1
P02473,TOR_20260903_1_PA010,2474,3,0,2,0,0,0,0,0,0,15,0,1,2,3,Ball,0,0,Observed,Observed,Observed,1,1,1
P02474,TOR_20260903_1_PA010,2475,4,1,2,0,0,0,0,0,0,21,0,2,1,3,In Play,1,0,Observed,Observed,Observed,1,1,1
P02475,TOR_20260903_1_PA011,2476,1,0,0,0,0,0,0,0,0,17,0,1,2,3,Called Strike,0,0,Observed,Observed,Observed,1,1,1
P02476,TOR_20260903_1_PA011,2477,2,0,1,0,0,0,0,0,0,23,0,0,0,0,Swinging Strike,0,0,Observed,Observed,Observed,1,1,1
P02477,TOR_20260903_1_PA011,2478,3,0,2,0,0,0,0,0,0,14,0,1,1,2,Ball,0,0,Observed,Observed,Observed,1,1,1
P02478,TOR_20260903_1_PA011,2479,4,1,2,0,0,0,0,0,0,20,0,0,0,0,Ball,0,0,Observed,Observed,Observed,1,1,1
P02479,TOR_20260903_1_PA011,2480,5,2,2,0,0,0,0,0,0,11,0,1,0,1,Foul,0,0,Observed,Observed,Observed,1,1,1
P02480,TOR_20260903_1_PA011,2481,6,2,2,0,0,0,0,0,0,17,0,0,0,0,Foul,0,0,Observed,Observed,Observed,1,1,1
P02481,TOR_20260903_1_PA011,2482,7,2,2,0,0,0,0,0,0,11,0,0,0,0,Ball,0,0,Observed,Observed,Observed,1,1,1
P02482,TOR_20260903_1_PA011,2483,8,3,2,0,0,0,0,0,0,19,0,0,0,0,Ball,1,0,Observed,Observed,Observed,1,1,1
P02483,TOR_20260903_1_PA012,2484,1,0,0,1,0,0,0,1,0,4,0,0,0,0,In Play,1,0,Observed,Observed,Observed,1,1,1
P02484,TOR_20260903_1_PA013,2485,1,0,0,0,1,0,1,1,0,4,0,0,0,0,Ball,0,0,Observed,Observed,Observed,1,1,1
P02485,TOR_20260903_1_PA013,2486,2,1,0,0,1,0,1,1,0,4,0,0,0,0,Called Strike,0,0,Observed,Observed,Observed,1,1,1
P02486,TOR_20260903_1_PA013,2487,3,1,1,0,1,0,1,1,0,4,0,0,0,0,In Play,1,0,Observed,Observed,Observed,1,1,1
P02487,TOR_20260903_1_PA014,2488,1,0,0,1,0,0,0,1,0,10,0,0,2,2,Ball,0,0,Observed,Observed,Observed,1,1,1
P02488,TOR_20260903_1_PA014,2489,2,1,0,1,0,0,0,1,0,31,0,1,1,2,Foul,0,0,Observed,Observed,Observed,1,1,1
P02489,TOR_20260903_1_PA014,2490,3,1,1,1,0,0,0,1,0,35,0,1,2,3,Ball,0,0,Observed,Observed,Observed,1,1,1
P02490,TOR_20260903_1_PA014,2491,4,2,1,1,0,0,0,1,0,17,0,3,2,5,Called Strike,0,0,Observed,Observed,Observed,1,1,1
P02491,TOR_20260903_1_PA014,2492,5,2,2,1,0,0,0,1,0,19,0,1,3,4,Foul,0,0,Observed,Observed,Observed,1,1,1
P02492,TOR_20260903_1_PA014,2493,6,2,2,1,0,0,0,1,0,11,0,1,2,3,Swinging Strike,1,0,Observed,Observed,Observed,1,1,1
P02493,TOR_20260903_1_PA015,2494,1,0,0,1,0,0,0,1,0,12,0,0,1,1,Foul,0,0,Observed,Observed,Observed,1,1,1
P02494,TOR_20260903_1_PA015,2495,2,0,1,1,0,0,0,1,0,11,1,1,0,2,Ball,0,0,Observed,Observed,Observed,1,1,1
P02495,TOR_20260903_1_PA015,2496,3,1,1,1,0,0,0,1,0,12,0,1,0,1,Called Strike,0,0,Observed,Observed,Observed,1,1,1
P02496,TOR_20260903_1_PA015,2497,4,1,2,1,0,0,0,1,0,16,1,1,0,2,Ball,0,0,Observed,Observed,Observed,1,1,1
P02497,TOR_20260903_1_PA015,2498,5,2,2,1,0,0,0,1,0,20,0,1,1,2,In Play,1,0,Observed,Observed,Observed,1,1,1
P02498,TOR_20260903_1_PA016,2499,1,0,0,0,0,0,0,0,0,10,0,0,0,0,Ball,0,0,Observed,Observed,Observed,1,1,1
P02499,TOR_20260903_1_PA016,2500,2,1,0,0,0,0,0,0,0,13,0,1,2,3,Ball,0,0,Observed,Observed,Observed,1,1,1
P02500,TOR_20260903_1_PA016,2501,3,2,0,0,0,0,0,0,0,12,0,0,0,0,Ball,0,0,Observed,Observed,Observed,1,1,1
P02501,TOR_20260903_1_PA016,2502,4,3,0,0,0,0,0,0,0,18,0,0,0,0,Ball,1,0,Observed,Observed,Observed,1,1,1
P02502,TOR_20260903_1_PA017,2503,1,0,0,1,0,0,0,1,0,13,0,0,1,1,Ball,0,0,Observed,Observed,Observed,1,1,1
P02503,TOR_20260903_1_PA017,2504,2,1,0,1,0,0,0,1,0,14,0,0,1,1,Called Strike,0,0,Observed,Observed,Observed,1,1,1
P02504,TOR_20260903_1_PA017,2505,3,1,1,1,0,0,0,1,0,16,1,0,1,2,Called Strike,0,0,Observed,Observed,Observed,1,1,1
P02505,TOR_20260903_1_PA017,2506,4,1,2,1,0,0,0,1,0,14,0,0,1,1,Ball,0,0,Observed,Observed,Observed,1,1,1
P02506,TOR_20260903_1_PA017,2507,5,2,2,1,0,0,0,1,0,13,0,0,1,1,Foul,0,0,Observed,Observed,Observed,1,1,1
P02507,TOR_20260903_1_PA017,2508,6,2,2,1,0,0,0,1,0,20,0,0,2,2,Ball,0,0,Observed,Observed,Observed,1,1,1
P02508,TOR_20260903_1_PA017,2509,7,3,2,1,0,0,0,1,0,9,0,0,1,1,Ball,1,0,Observed,Observed,Observed,1,1,1
P02509,TOR_20260903_1_PA018,2510,1,0,0,1,1,0,1,2,0,14,0,0,2,2,In Play,1,0,Observed,Observed,Observed,1,1,1
P02510,TOR_20260903_1_PA019,2511,1,0,0,1,1,1,1,3,0,22,0,1,3,4,Swinging Strike,0,0,Observed,Observed,Observed,1,1,1
P02511,TOR_20260903_1_PA019,2512,2,0,1,1,1,1,1,3,0,22,0,1,1,2,In Play,1,0,Observed,Observed,Observed,1,1,1
P02512,TOR_20260903_1_PA020,2513,1,0,0,0,1,1,1,2,0,11,0,0,1,1,Foul,0,0,Observed,Observed,Observed,1,1,1
P02513,TOR_20260903_1_PA020,2514,2,0,1,0,1,1,1,2,0,16,0,0,1,1,Ball,0,0,Observed,Observed,Observed,1,1,1
P02514,TOR_20260903_1_PA020,2515,3,1,1,0,1,1,1,2,0,14,0,0,2,2,Ball,0,0,Observed,Observed,Observed,1,1,1
P02515,TOR_20260903_1_PA020,2516,4,2,1,0,1,1,1,2,0,8,0,0,1,1,In Play,1,0,Observed,Observed,Observed,1,1,1
P02516,TOR_20260903_1_PA021,2517,1,0,0,0,0,1,1,1,0,4,0,2,1,3,Ball,0,0,Observed,Observed,Observed,1,1,1
P02517,TOR_20260903_1_PA021,2518,2,1,0,0,0,1,1,1,0,12,1,0,3,4,Swinging Strike,0,0,Observed,Observed,Observed,1,1,1
P02518,TOR_20260903_1_PA021,2519,3,1,1,0,0,1,1,1,0,27,0,0,1,1,Foul,0,0,Observed,Observed,Observed,1,1,1
P02519,TOR_20260903_1_PA021,2520,4,1,2,0,0,1,1,1,0,16,0,0,1,1,Ball,0,0,Observed,Observed,Observed,1,1,1
P02520,TOR_20260903_1_PA021,2521,5,2,2,0,0,1,1,1,0,11,0,2,1,3,In Play,1,0,Observed,Observed,Observed,1,1,1
P02521,TOR_20260903_1_PA022,2522,1,0,0,1,0,0,0,1,0,4,0,0,0,0,Ball,0,0,Observed,Observed,Observed,1,1,1
P02522,TOR_20260903_1_PA022,2523,2,1,0,1,0,0,0,1,0,4,0,0,0,0,Ball,0,0,Observed,Observed,Observed,1,1,1
P02523,TOR_20260903_1_PA022,2524,3,2,0,1,0,0,0,1,0,4,0,0,0,0,Foul,0,0,Observed,Observed,Observed,1,1,1
P02524,TOR_20260903_1_PA022,2525,4,2,1,1,0,0,0,1,0,4,0,0,0,0,Ball,0,0,Observed,Observed,Observed,1,1,1
P02525,TOR_20260903_1_PA022,2526,5,3,1,1,0,0,0,1,0,6,0,0,0,0,In Play,1,0,Observed,Observed,Observed,1,1,1
P02526,TOR_20260903_1_PA023,2527,1,0,0,1,1,0,1,2,0,12,0,0,2,2,Ball,0,0,Observed,Observed,Observed,1,1,1
P02527,TOR_20260903_1_PA023,2528,2,1,0,1,1,0,1,2,0,11,0,0,2,2,Ball,0,0,Observed,Observed,Observed,1,1,1
P02528,TOR_20260903_1_PA023,2529,3,2,0,1,1,0,1,2,0,40,0,0,2,2,Called Strike,0,0,Observed,Observed,Observed,1,1,1
P02529,TOR_20260903_1_PA023,2530,4,2,1,1,1,0,1,2,0,17,0,1,1,2,Ball,0,0,Observed,Observed,Observed,1,1,1
P02530,TOR_20260903_1_PA023,2531,5,3,1,1,1,0,1,2,0,18,0,0,3,3,Called Strike,0,0,Observed,Observed,Observed,1,1,1
P02531,TOR_20260903_1_PA023,2532,6,3,2,1,1,0,1,2,0,14,0,0,2,2,Foul,0,0,Observed,Observed,Observed,1,1,1
P02532,TOR_20260903_1_PA023,2533,7,3,2,1,1,0,1,2,0,17,0,1,3,4,Foul,0,0,Observed,Observed,Observed,1,1,1
P02533,TOR_20260903_1_PA023,2534,8,3,2,1,1,0,1,2,0,26,0,0,1,1,Ball,1,0,Observed,Observed,Observed,1,1,1
P02534,TOR_20260903_1_PA024,2535,1,0,0,1,1,1,1,3,0,18,0,0,0,0,Ball,0,0,Observed,Observed,Observed,1,1,1
P02535,TOR_20260903_1_PA024,2536,2,1,0,1,1,1,1,3,0,9,0,0,1,1,Called Strike,0,0,Observed,Observed,Observed,1,1,1
P02536,TOR_20260903_1_PA024,2537,3,1,1,1,1,1,1,3,0,13,1,0,0,1,Foul,0,0,Observed,Observed,Observed,1,1,1
P02537,TOR_20260903_1_PA024,2538,4,1,2,1,1,1,1,3,0,13,0,1,0,1,Swinging Strike,1,0,Observed,Observed,Observed,1,1,1
P02538,TOR_20260903_1_PA025,2539,1,0,0,1,1,1,1,3,0,10,0,1,2,3,Ball,0,0,Observed,Observed,Observed,1,1,1
P02539,TOR_20260903_1_PA025,2540,2,1,0,1,1,1,1,3,0,11,0,1,0,1,In Play,1,0,Observed,Observed,Observed,1,1,1
P02540,TOR_20260903_1_PA026,2541,1,0,0,0,0,0,0,0,0,19,0,1,1,2,Called Strike,0,0,Observed,Observed,Observed,1,1,1
P02541,TOR_20260903_1_PA026,2542,2,0,1,0,0,0,0,0,0,12,0,0,1,1,Foul,0,0,Observed,Observed,Observed,1,1,1
P02542,TOR_20260903_1_PA026,2543,3,0,2,0,0,0,0,0,0,13,0,0,0,0,In Play,1,0,Observed,Observed,Observed,1,1,1
P02543,TOR_20260903_1_PA027,2544,1,0,0,0,0,0,0,0,0,18,0,0,1,1,Called Strike,0,0,Observed,Observed,Observed,1,1,1
P02544,TOR_20260903_1_PA027,2545,2,0,1,0,0,0,0,0,0,11,0,0,0,0,In Play,1,0,Observed,Observed,Observed,1,1,1
P02545,TOR_20260903_1_PA028,2546,1,0,0,1,0,0,0,1,0,17,0,1,3,4,Called Strike,0,0,Observed,Observed,Observed,1,1,1
P02546,TOR_20260903_1_PA028,2547,2,0,1,1,0,0,0,1,0,14,0,1,1,2,Ball,0,0,Observed,Observed,Observed,1,1,1
P02547,TOR_20260903_1_PA028,2548,3,1,1,1,0,0,0,1,0,27,0,1,2,3,Swinging Strike,0,0,Observed,Observed,Observed,1,1,1
P02548,TOR_20260903_1_PA028,2549,4,1,2,1,0,0,0,1,0,4,0,1,2,3,Foul,0,0,Observed,Observed,Observed,1,1,1
P02549,TOR_20260903_1_PA028,2550,5,1,2,1,0,0,0,1,0,14,1,1,3,5,In Play,1,0,Observed,Observed,Observed,1,1,1
P02550,TOR_20260903_1_PA029,2551,1,0,0,1,0,0,0,1,0,17,0,0,1,1,Called Strike,0,0,Observed,Observed,Observed,1,1,1
P02551,TOR_20260903_1_PA029,2552,2,0,1,1,0,0,0,1,0,16,0,0,0,0,In Play,1,0,Observed,Observed,Observed,1,1,1
P02552,TOR_20260903_1_PA030,2553,1,0,0,0,0,0,0,0,0,11,0,0,1,1,Ball,0,0,Observed,Observed,Observed,1,1,1
P02553,TOR_20260903_1_PA030,2554,2,1,0,0,0,0,0,0,0,10,0,1,1,2,Foul,0,0,Observed,Observed,Observed,1,1,1
P02554,TOR_20260903_1_PA030,2555,3,1,1,0,0,0,0,0,0,15,0,0,1,1,Called Strike,0,0,Observed,Observed,Observed,1,1,1
P02555,TOR_20260903_1_PA030,2556,4,1,2,0,0,0,0,0,0,18,0,1,1,2,Ball,0,0,Observed,Observed,Observed,1,1,1
P02556,TOR_20260903_1_PA030,2557,5,2,2,0,0,0,0,0,0,16,0,1,1,2,Ball,0,0,Observed,Observed,Observed,1,1,1
P02557,TOR_20260903_1_PA030,2558,6,3,2,0,0,0,0,0,0,34,0,0,0,0,Ball,1,0,Observed,Observed,Observed,1,1,1
P02558,TOR_20260903_1_PA031,2559,1,0,0,1,0,0,0,1,0,4,0,0,0,0,Called Strike,0,0,Observed,Observed,Observed,1,1,1
P02559,TOR_20260903_1_PA031,2560,2,0,1,1,0,0,0,1,0,11,0,0,0,0,Ball,0,0,Observed,Observed,Observed,1,1,1
P02560,TOR_20260903_1_PA031,2561,3,1,1,1,0,0,0,1,0,9,0,0,0,0,Foul,0,0,Observed,Observed,Observed,1,1,1
P02561,TOR_20260903_1_PA031,2562,4,1,2,1,0,0,0,1,0,4,0,0,0,0,Foul,0,0,Observed,Observed,Observed,1,1,1
P02562,TOR_20260903_1_PA031,2563,5,1,2,1,0,0,0,1,0,10,0,0,0,0,Ball,0,0,Observed,Observed,Observed,1,1,1
P02563,TOR_20260903_1_PA031,2564,6,2,2,1,0,0,0,1,0,4,0,0,0,0,Swinging Strike,1,0,Observed,Observed,Observed,1,1,1
P02564,TOR_20260903_1_PA032,2565,1,0,0,1,0,0,0,1,0,15,0,1,2,3,Swinging Strike,0,0,Observed,Observed,Observed,1,1,1
P02565,TOR_20260903_1_PA032,2566,2,0,1,1,0,0,0,1,0,12,0,1,1,2,Called Strike,0,0,Observed,Observed,Observed,1,1,1
P02566,TOR_20260903_1_PA032,2567,3,0,2,1,0,0,0,1,0,24,0,1,1,2,Foul,0,0,Observed,Observed,Observed,1,1,1
P02567,TOR_20260903_1_PA032,2568,4,0,2,1,0,0,0,1,0,18,0,1,2,3,Swinging Strike,1,0,Observed,Observed,Observed,1,1,1
P02568,TOR_20260903_1_PA033,2569,1,0,0,1,0,0,0,1,0,11,0,0,1,1,Ball,0,0,Observed,Observed,Observed,1,1,1
P02569,TOR_20260903_1_PA033,2570,2,1,0,1,0,0,0,1,0,13,0,0,0,0,Called Strike,0,0,Observed,Observed,Observed,1,1,1
P02570,TOR_20260903_1_PA033,2571,3,1,1,1,0,0,0,1,0,17,1,0,0,1,Swinging Strike,0,0,Observed,Observed,Observed,1,1,1
P02571,TOR_20260903_1_PA033,2572,4,1,2,1,0,0,0,1,0,23,0,0,1,1,Ball,0,0,Observed,Observed,Observed,1,1,1
P02572,TOR_20260903_1_PA033,2573,5,2,2,1,0,0,0,1,0,13,0,1,0,1,In Play,1,0,Observed,Observed,Observed,1,1,1
P02573,TOR_20260903_1_PA034,2574,1,0,0,0,0,0,0,0,0,13,0,0,1,1,Called Strike,0,0,Observed,Observed,Observed,1,1,1
P02574,TOR_20260903_1_PA034,2575,2,0,1,0,0,0,0,0,0,16,0,0,1,1,Ball,0,0,Observed,Observed,Observed,1,1,1
P02575,TOR_20260903_1_PA034,2576,3,1,1,0,0,0,0,0,0,12,0,0,1,1,Foul,0,0,Observed,Observed,Observed,1,1,1
P02576,TOR_20260903_1_PA034,2577,4,1,2,0,0,0,0,0,0,15,0,0,0,0,In Play,1,0,Observed,Observed,Observed,1,1,1
P02577,TOR_20260903_1_PA035,2578,1,0,0,0,0,0,0,0,0,14,0,0,0,0,Ball,0,0,Observed,Observed,Observed,1,1,1
P02578,TOR_20260903_1_PA035,2579,2,1,0,0,0,0,0,0,0,15,0,0,1,1,Ball,0,0,Observed,Observed,Observed,1,1,1
P02579,TOR_20260903_1_PA035,2580,3,2,0,0,0,0,0,0,0,12,0,0,1,1,Foul,0,0,Observed,Observed,Observed,1,1,1
P02580,TOR_20260903_1_PA035,2581,4,2,1,0,0,0,0,0,0,13,0,0,2,2,Ball,0,0,Observed,Observed,Observed,1,1,1
P02581,TOR_20260903_1_PA035,2582,5,3,1,0,0,0,0,0,0,13,0,0,1,1,Ball,1,0,Observed,Observed,Observed,1,1,1
P02582,TOR_20260903_1_PA036,2583,1,0,0,1,0,0,0,1,0,13,0,0,0,0,Called Strike,0,0,Observed,Observed,Observed,1,1,1
P02583,TOR_20260903_1_PA036,2584,2,0,1,1,0,0,0,1,0,12,0,1,0,1,Called Strike,0,0,Observed,Observed,Observed,1,1,1
P02584,TOR_20260903_1_PA036,2585,3,0,2,1,0,0,0,1,0,10,0,0,0,0,Ball,0,0,Observed,Observed,Observed,1,1,1
P02585,TOR_20260903_1_PA036,2586,4,1,2,1,0,0,0,1,0,19,0,0,0,0,Foul,0,0,Observed,Observed,Observed,1,1,1
P02586,TOR_20260903_1_PA036,2587,5,1,2,1,0,0,0,1,0,6,0,0,0,0,Ball,0,0,Observed,Observed,Observed,1,1,1
P02587,TOR_20260903_1_PA036,2588,6,2,2,1,0,0,0,1,0,18,0,0,0,0,Foul,0,0,Observed,Observed,Observed,1,1,1
P02588,TOR_20260903_1_PA036,2589,7,2,2,1,0,0,0,1,0,12,0,0,0,0,Swinging Strike,1,0,Observed,Observed,Observed,1,1,1
P02589,TOR_20260903_1_PA037,2590,1,0,0,1,0,0,0,1,0,16,0,2,1,3,Swinging Strike,0,0,Observed,Observed,Observed,1,1,1
P02590,TOR_20260903_1_PA037,2591,2,0,1,1,0,0,0,1,0,13,0,1,3,4,Ball,0,0,Observed,Observed,Observed,1,1,1
P02591,TOR_20260903_1_PA037,2592,3,1,1,1,0,0,0,1,0,19,1,1,2,4,Called Strike,0,0,Observed,Observed,Observed,1,1,1
P02592,TOR_20260903_1_PA037,2593,4,1,2,1,0,0,0,1,0,16,1,1,1,3,In Play,1,0,Observed,Observed,Observed,1,1,1
P02593,TOR_20260903_1_PA038,2594,1,0,0,0,1,1,1,2,0,10,0,0,1,1,Swinging Strike,0,0,Observed,Observed,Observed,1,1,1
P02594,TOR_20260903_1_PA038,2595,2,0,1,0,1,1,1,2,0,15,0,0,2,2,Foul,0,0,Observed,Observed,Observed,1,1,1
P02595,TOR_20260903_1_PA038,2596,3,0,2,0,1,1,1,2,0,15,0,1,2,3,Foul,0,0,Observed,Observed,Observed,1,1,1
P02596,TOR_20260903_1_PA038,2597,4,0,2,0,1,1,1,2,0,21,0,0,1,1,In Play,1,0,Observed,Observed,Observed,1,1,1
P02597,TOR_20260903_1_PA039,2598,1,0,0,0,0,0,0,0,0,14,0,0,1,1,Ball,0,0,Observed,Observed,Observed,1,1,1
P02598,TOR_20260903_1_PA039,2599,2,1,0,0,0,0,0,0,0,14,1,0,0,1,Ball,0,0,Observed,Observed,Observed,1,1,1
P02599,TOR_20260903_1_PA039,2600,3,2,0,0,0,0,0,0,0,14,0,0,1,1,Called Strike,0,0,Observed,Observed,Observed,1,1,1
P02600,TOR_20260903_1_PA039,2601,4,2,1,0,0,0,0,0,0,18,0,0,1,1,In Play,1,0,Observed,Observed,Observed,1,1,1
P02601,TOR_20260903_1_PA040,2602,1,0,0,0,0,0,0,0,0,4,0,0,0,0,Foul,0,0,Observed,Observed,Observed,1,1,1
P02602,TOR_20260903_1_PA040,2603,2,0,1,0,0,0,0,0,0,5,0,0,0,0,Swinging Strike,0,0,Observed,Observed,Observed,1,1,1
P02603,TOR_20260903_1_PA040,2604,3,0,2,0,0,0,0,0,0,5,0,0,0,0,Ball,0,0,Observed,Observed,Observed,1,1,1
P02604,TOR_20260903_1_PA040,2605,4,1,2,0,0,0,0,0,0,4,0,0,0,0,Foul,0,0,Observed,Observed,Observed,1,1,1
P02605,TOR_20260903_1_PA040,2606,5,1,2,0,0,0,0,0,0,9,0,0,0,0,Ball,0,0,Observed,Observed,Observed,1,1,1
P02606,TOR_20260903_1_PA040,2607,6,2,2,0,0,0,0,0,0,8,0,0,0,0,Swinging Strike,1,0,Observed,Observed,Observed,1,1,1
P02607,TOR_20260903_1_PA041,2608,1,0,0,0,0,0,0,0,0,17,0,0,1,1,Ball,0,0,Observed,Observed,Observed,1,1,1
P02608,TOR_20260903_1_PA041,2609,2,1,0,0,0,0,0,0,0,24,0,1,2,3,Ball,0,0,Observed,Observed,Observed,1,1,1
P02609,TOR_20260903_1_PA041,2610,3,2,0,0,0,0,0,0,0,21,0,3,1,4,Ball,0,0,Observed,Observed,Observed,1,1,1
P02610,TOR_20260903_1_PA041,2611,4,3,0,0,0,0,0,0,0,16,0,2,2,4,Ball,1,0,Observed,Observed,Observed,1,1,1
P02611,TOR_20260903_1_PA042,2612,1,0,0,1,0,0,0,1,0,10,0,1,1,2,Foul,0,0,Observed,Observed,Observed,1,1,1
P02612,TOR_20260903_1_PA042,2613,2,0,1,1,0,0,0,1,0,21,0,2,2,4,In Play,1,0,Observed,Observed,Observed,1,1,1
P02613,TOR_20260903_1_PA043,2614,1,0,0,1,1,0,1,2,0,11,0,1,1,2,Ball,0,0,Observed,Observed,Observed,1,1,1
P02614,TOR_20260903_1_PA043,2615,2,1,0,1,1,0,1,2,0,10,0,2,1,3,Swinging Strike,0,0,Observed,Observed,Observed,1,1,1
P02615,TOR_20260903_1_PA043,2616,3,1,1,1,1,0,1,2,0,22,0,1,0,1,Ball,0,0,Observed,Observed,Observed,1,1,1
P02616,TOR_20260903_1_PA043,2617,4,2,1,1,1,0,1,2,0,14,1,0,1,2,Ball,0,0,Observed,Observed,Observed,1,1,1
P02617,TOR_20260903_1_PA043,2618,5,3,1,1,1,0,1,2,0,25,0,1,1,2,In Play,1,0,Observed,Observed,Observed,1,1,1
P02618,TOR_20260903_1_PA044,2619,1,0,0,1,0,1,1,2,0,10,0,0,0,0,Foul,0,0,Observed,Observed,Observed,1,1,1
P02619,TOR_20260903_1_PA044,2620,2,0,1,1,0,1,1,2,0,15,0,0,1,1,Called Strike,0,0,Observed,Observed,Observed,1,1,1
P02620,TOR_20260903_1_PA044,2621,3,0,2,1,0,1,1,2,0,16,0,1,1,2,Foul,0,0,Observed,Observed,Observed,1,1,1
P02621,TOR_20260903_1_PA044,2622,4,0,2,1,0,1,1,2,0,19,0,0,1,1,Foul,0,0,Observed,Observed,Observed,1,1,1
P02622,TOR_20260903_1_PA044,2623,5,0,2,1,0,1,1,2,0,13,0,1,1,2,Swinging Strike,1,0,Observed,Observed,Observed,1,1,1
P02623,TOR_20260904_1_PA001,2624,1,0,0,0,0,0,0,0,0,12,0,0,1,1,HBP,1,0,Observed,Observed,Observed,1,1,1
P02624,TOR_20260904_1_PA002,2625,1,0,0,1,0,0,0,1,0,14,0,0,3,3,Ball,0,0,Observed,Observed,Observed,1,1,1
P02625,TOR_20260904_1_PA002,2626,2,1,0,1,0,0,0,1,0,13,0,0,0,0,Ball,0,0,Observed,Observed,Observed,1,1,1
P02626,TOR_20260904_1_PA002,2627,3,2,0,1,0,0,0,1,0,20,0,0,0,0,Foul,0,0,Observed,Observed,Observed,1,1,1
P02627,TOR_20260904_1_PA002,2628,4,2,1,1,0,0,0,1,0,15,0,0,0,0,In Play,1,0,Observed,Observed,Observed,1,1,1
P02628,TOR_20260904_1_PA003,2629,1,0,0,1,0,0,0,1,0,17,0,0,1,1,Ball,0,0,Observed,Observed,Observed,1,1,1
P02629,TOR_20260904_1_PA003,2630,2,1,0,1,0,0,0,1,0,15,0,0,3,3,Called Strike,0,0,Observed,Observed,Observed,1,1,1
P02630,TOR_20260904_1_PA003,2631,3,1,1,1,0,0,0,1,0,15,0,1,0,1,In Play,1,0,Observed,Observed,Observed,1,1,1
P02631,TOR_20260904_1_PA004,2632,1,0,0,1,0,0,0,1,0,15,0,1,3,4,Ball,0,0,Observed,Observed,Observed,1,1,1
P02632,TOR_20260904_1_PA004,2633,2,1,0,1,0,0,0,1,0,8,0,2,3,5,In Play,1,0,Observed,Observed,Observed,1,1,1
P02633,TOR_20260904_1_PA005,2634,1,0,0,1,0,1,1,2,0,16,0,0,0,0,Foul,0,0,Observed,Observed,Observed,1,1,1
P02634,TOR_20260904_1_PA005,2635,2,0,1,1,0,1,1,2,0,11,0,0,0,0,Called Strike,0,0,Observed,Observed,Observed,1,1,1
P02635,TOR_20260904_1_PA005,2636,3,0,2,1,0,1,1,2,0,10,0,1,0,1,Foul,0,0,Observed,Observed,Observed,1,1,1
P02636,TOR_20260904_1_PA005,2637,4,0,2,1,0,1,1,2,0,12,0,0,0,0,In Play,1,0,Observed,Observed,Observed,1,1,1
P02637,TOR_20260904_1_PA006,2638,1,0,0,1,1,0,1,2,0,8,0,0,2,2,Ball,0,0,Observed,Observed,Observed,1,1,1
P02638,TOR_20260904_1_PA006,2639,2,1,0,1,1,0,1,2,0,16,0,0,1,1,Ball,0,0,Observed,Observed,Observed,1,1,1
P02639,TOR_20260904_1_PA006,2640,3,2,0,1,1,0,1,2,0,15,1,0,3,4,Foul,0,0,Observed,Observed,Observed,1,1,1
P02640,TOR_20260904_1_PA006,2641,4,2,1,1,1,0,1,2,0,18,0,1,1,2,Foul,0,0,Observed,Observed,Observed,1,1,1
P02641,TOR_20260904_1_PA006,2642,5,2,2,1,1,0,1,2,0,13,0,1,3,4,In Play,1,0,Observed,Observed,Observed,1,1,1
P02642,TOR_20260904_1_PA007,2643,1,0,0,1,0,1,1,2,0,16,0,0,1,1,In Play,1,0,Observed,Observed,Observed,1,1,1
P02643,TOR_20260904_1_PA008,2644,1,0,0,0,1,0,1,1,0,16,0,1,1,2,Ball,0,0,Observed,Observed,Observed,1,1,1
P02644,TOR_20260904_1_PA008,2645,2,1,0,0,1,0,1,1,0,16,0,1,1,2,Foul,0,0,Observed,Observed,Observed,1,1,1
P02645,TOR_20260904_1_PA008,2646,3,1,1,0,1,0,1,1,0,12,1,1,1,3,In Play,1,0,Observed,Observed,Observed,1,1,1
P02646,TOR_20260904_1_PA009,2647,1,0,0,0,0,0,0,0,0,9,0,0,0,0,Ball,0,0,Observed,Observed,Observed,1,1,1
P02647,TOR_20260904_1_PA009,2648,2,1,0,0,0,0,0,0,0,13,0,0,2,2,Called Strike,0,0,Observed,Observed,Observed,1,1,1
P02648,TOR_20260904_1_PA009,2649,3,1,1,0,0,0,0,0,0,20,0,0,2,2,Ball,0,0,Observed,Observed,Observed,1,1,1
P02649,TOR_20260904_1_PA009,2650,4,2,1,0,0,0,0,0,0,11,1,1,1,3,Called Strike,0,0,Observed,Observed,Observed,1,1,1
P02650,TOR_20260904_1_PA009,2651,5,2,2,0,0,0,0,0,0,14,0,0,1,1,Ball,0,0,Observed,Observed,Observed,1,1,1
P02651,TOR_20260904_1_PA009,2652,6,3,2,0,0,0,0,0,0,10,0,0,1,1,In Play,1,0,Observed,Observed,Observed,1,1,1
P02652,TOR_20260904_1_PA010,2653,1,0,0,1,0,0,0,1,0,9,0,0,0,0,Ball,0,0,Observed,Observed,Observed,1,1,1
P02653,TOR_20260904_1_PA010,2654,2,1,0,1,0,0,0,1,0,11,0,0,0,0,Called Strike,0,0,Observed,Observed,Observed,1,1,1
P02654,TOR_20260904_1_PA010,2655,3,1,1,1,0,0,0,1,0,14,0,0,0,0,Called Strike,0,0,Observed,Observed,Observed,1,1,1
P02655,TOR_20260904_1_PA010,2656,4,1,2,1,0,0,0,1,0,11,0,0,0,0,In Play,1,0,Observed,Observed,Observed,1,1,1
P02656,TOR_20260904_1_PA011,2657,1,0,0,0,1,0,1,1,0,11,0,0,1,1,Called Strike,0,0,Observed,Observed,Observed,1,1,1
P02657,TOR_20260904_1_PA011,2658,2,0,1,0,1,0,1,1,0,11,0,0,1,1,In Play,1,0,Observed,Observed,Observed,1,1,1
P02658,TOR_20260904_1_PA012,2659,1,0,0,0,1,0,1,1,0,11,0,0,1,1,In Play,1,0,Observed,Observed,Observed,1,1,1
P02659,TOR_20260904_1_PA013,2660,1,0,0,1,0,1,1,2,0,9,0,0,1,1,Called Strike,0,0,Observed,Observed,Observed,1,1,1
P02660,TOR_20260904_1_PA013,2661,2,0,1,1,0,1,1,2,0,14,0,1,2,3,Foul,0,0,Observed,Observed,Observed,1,1,1
P02661,TOR_20260904_1_PA013,2662,3,0,2,1,0,1,1,2,0,13,1,1,1,3,In Play,1,0,Observed,Observed,Observed,1,1,1
P02662,TOR_20260904_1_PA014,2663,1,0,0,0,1,1,1,2,0,28,0,1,1,2,Ball,0,0,Observed,Observed,Observed,1,1,1
P02663,TOR_20260904_1_PA014,2664,2,1,0,0,1,1,1,2,0,10,0,1,0,1,Ball,0,0,Observed,Observed,Observed,1,1,1
P02664,TOR_20260904_1_PA014,2665,3,2,0,0,1,1,1,2,0,14,0,2,1,3,Called Strike,0,0,Observed,Observed,Observed,1,1,1
P02665,TOR_20260904_1_PA014,2666,4,2,1,0,1,1,1,2,0,15,0,0,0,0,Called Strike,0,0,Observed,Observed,Observed,1,1,1
P02666,TOR_20260904_1_PA014,2667,5,2,2,0,1,1,1,2,0,11,0,0,0,0,In Play,1,0,Observed,Observed,Observed,1,1,1
P02667,TOR_20260904_1_PA015,2668,1,0,0,0,0,0,0,0,0,12,0,0,2,2,Ball,0,0,Observed,Observed,Observed,1,1,1
P02668,TOR_20260904_1_PA015,2669,2,1,0,0,0,0,0,0,0,15,0,0,1,1,Ball,0,0,Observed,Observed,Observed,1,1,1
P02669,TOR_20260904_1_PA015,2670,3,2,0,0,0,0,0,0,0,14,0,0,1,1,Ball,0,0,Observed,Observed,Observed,1,1,1
P02670,TOR_20260904_1_PA015,2671,4,3,0,0,0,0,0,0,0,11,0,0,0,0,Called Strike,0,0,Observed,Observed,Observed,1,1,1
P02671,TOR_20260904_1_PA015,2672,5,3,1,0,0,0,0,0,0,24,0,2,1,3,Ball,1,0,Observed,Observed,Observed,1,1,1
P02672,TOR_20260904_1_PA016,2673,1,0,0,1,0,0,0,1,0,18,0,1,1,2,Foul,0,0,Observed,Observed,Observed,1,1,1
P02673,TOR_20260904_1_PA016,2674,2,0,1,1,0,0,0,1,0,10,0,1,1,2,In Play,1,0,Observed,Observed,Observed,1,1,1
P02674,TOR_20260904_1_PA017,2675,1,0,0,1,0,0,0,1,0,17,1,1,2,4,Called Strike,0,0,Observed,Observed,Observed,1,1,1
P02675,TOR_20260904_1_PA017,2676,2,0,1,1,0,0,0,1,0,14,0,1,2,3,In Play,1,0,Observed,Observed,Observed,1,1,1
P02676,TOR_20260904_1_PA018,2677,1,0,0,1,0,0,0,1,0,14,0,0,0,0,In Play,1,0,Observed,Observed,Observed,1,1,1
P02677,TOR_20260904_1_PA019,2678,1,0,0,0,0,0,0,0,0,8,0,0,1,1,Swinging Strike,0,0,Observed,Observed,Observed,1,1,1
P02678,TOR_20260904_1_PA019,2679,2,0,1,0,0,0,0,0,0,13,0,0,0,0,Ball,0,0,Observed,Observed,Observed,1,1,1
P02679,TOR_20260904_1_PA019,2680,3,1,1,0,0,0,0,0,0,10,0,0,0,0,In Play,1,0,Observed,Observed,Observed,1,1,1
P02680,TOR_20260904_1_PA020,2681,1,0,0,0,0,0,0,0,0,18,0,0,0,0,Ball,0,0,Observed,Observed,Observed,1,1,1
P02681,TOR_20260904_1_PA020,2682,2,1,0,0,0,0,0,0,0,10,0,0,0,0,In Play,1,0,Observed,Observed,Observed,1,1,1
P02682,TOR_20260904_1_PA021,2683,1,0,0,0,0,0,0,0,0,10,0,0,1,1,Foul,0,0,Observed,Observed,Observed,1,1,1
P02683,TOR_20260904_1_PA021,2684,2,0,1,0,0,0,0,0,0,14,0,1,1,2,Swinging Strike,0,0,Observed,Observed,Observed,1,1,1
P02684,TOR_20260904_1_PA021,2685,3,0,2,0,0,0,0,0,0,11,0,0,1,1,Ball,0,0,Observed,Observed,Observed,1,1,1
P02685,TOR_20260904_1_PA021,2686,4,1,2,0,0,0,0,0,0,16,0,0,2,2,Foul,0,0,Observed,Observed,Observed,1,1,1
P02686,TOR_20260904_1_PA021,2687,5,1,2,0,0,0,0,0,0,9,0,0,0,0,In Play,1,0,Observed,Observed,Observed,1,1,1
P02687,TOR_20260904_1_PA022,2688,1,0,0,0,0,0,0,0,0,15,0,1,1,2,Ball,0,0,Observed,Observed,Observed,1,1,1
P02688,TOR_20260904_1_PA022,2689,2,1,0,0,0,0,0,0,0,12,0,0,1,1,Ball,0,0,Observed,Observed,Observed,1,1,1
P02689,TOR_20260904_1_PA022,2690,3,2,0,0,0,0,0,0,0,16,1,1,1,3,Called Strike,0,0,Observed,Observed,Observed,1,1,1
P02690,TOR_20260904_1_PA022,2691,4,2,1,0,0,0,0,0,0,17,0,2,2,4,In Play,1,0,Observed,Observed,Observed,1,1,1
P02691,TOR_20260904_1_PA023,2692,1,0,0,0,0,0,0,0,0,13,0,0,0,0,In Play,1,0,Observed,Observed,Observed,1,1,1
P02692,TOR_20260904_1_PA024,2693,1,0,0,0,0,0,0,0,0,15,0,1,2,3,Ball,0,0,Observed,Observed,Observed,1,1,1
P02693,TOR_20260904_1_PA024,2694,2,1,0,0,0,0,0,0,0,10,0,0,0,0,Called Strike,0,0,Observed,Observed,Observed,1,1,1
P02694,TOR_20260904_1_PA024,2695,3,1,1,0,0,0,0,0,0,16,0,0,0,0,Foul,0,0,Observed,Observed,Observed,1,1,1
P02695,TOR_20260904_1_PA024,2696,4,1,2,0,0,0,0,0,0,16,0,0,1,1,In Play,1,0,Observed,Observed,Observed,1,1,1
P02696,TOR_20260904_1_PA025,2697,1,0,0,0,0,0,0,0,0,9,0,1,0,1,Foul,0,0,Observed,Observed,Observed,1,1,1
P02697,TOR_20260904_1_PA025,2698,2,0,1,0,0,0,0,0,0,13,1,1,2,4,In Play,1,0,Observed,Observed,Observed,1,1,1
P02698,TOR_20260904_1_PA026,2699,1,0,0,1,0,0,0,1,0,25,0,2,1,3,Called Strike,0,0,Observed,Observed,Observed,1,1,1
P02699,TOR_20260904_1_PA026,2700,2,0,1,1,0,0,0,1,0,10,0,1,1,2,Foul,0,0,Observed,Observed,Observed,1,1,1
P02700,TOR_20260904_1_PA026,2701,3,0,2,1,0,0,0,1,0,15,1,1,1,3,Ball,0,0,Observed,Observed,Observed,1,1,1
P02701,TOR_20260904_1_PA026,2702,4,1,2,1,0,0,0,1,0,4,0,1,1,2,Foul,0,0,Observed,Observed,Observed,1,1,1
P02702,TOR_20260904_1_PA026,2703,5,1,2,1,0,0,0,1,0,21,0,1,3,4,Foul,0,0,Observed,Observed,Observed,1,1,1
P02703,TOR_20260904_1_PA026,2704,6,1,2,1,0,0,0,1,0,12,0,1,1,2,Foul,0,0,Observed,Observed,Observed,1,1,1
P02704,TOR_20260904_1_PA026,2705,7,1,2,1,0,0,0,1,0,15,0,1,2,3,Ball,0,0,Observed,Observed,Observed,1,1,1
P02705,TOR_20260904_1_PA026,2706,8,2,2,1,0,0,0,1,0,26,0,1,2,3,In Play,1,0,Observed,Observed,Observed,1,1,1
P02706,TOR_20260904_1_PA027,2707,1,0,0,1,1,0,1,2,0,14,0,0,0,0,In Play,1,0,Observed,Observed,Observed,1,1,1
P02707,TOR_20260904_1_PA028,2708,1,0,0,0,1,0,1,1,0,14,0,0,2,2,Ball,0,0,Observed,Observed,Observed,1,1,1
P02708,TOR_20260904_1_PA028,2709,2,1,0,0,1,0,1,1,0,9,0,0,0,0,Called Strike,0,0,Observed,Observed,Observed,1,1,1
P02709,TOR_20260904_1_PA028,2710,3,1,1,0,1,0,1,1,0,13,0,0,0,0,Ball,0,0,Observed,Observed,Observed,1,1,1
P02710,TOR_20260904_1_PA028,2711,4,2,1,0,1,0,1,1,0,12,0,0,0,0,Ball,0,0,Observed,Observed,Observed,1,1,1
P02711,TOR_20260904_1_PA028,2712,5,3,1,0,1,0,1,1,0,23,0,0,0,0,Ball,1,0,Observed,Observed,Observed,1,1,1
P02712,TOR_20260904_1_PA029,2713,1,0,0,1,1,0,1,2,0,10,0,0,1,1,Ball,0,0,Observed,Observed,Observed,1,1,1
P02713,TOR_20260904_1_PA029,2714,2,1,0,1,1,0,1,2,0,13,0,0,0,0,Ball,0,0,Observed,Observed,Observed,1,1,1
P02714,TOR_20260904_1_PA029,2715,3,2,0,1,1,0,1,2,0,24,0,0,1,1,In Play,1,0,Observed,Observed,Observed,1,1,1
P02715,TOR_20260904_1_PA030,2716,1,0,0,0,1,1,1,2,0,29,0,0,1,1,Ball,0,0,Observed,Observed,Observed,1,1,1
P02716,TOR_20260904_1_PA030,2717,2,1,0,0,1,1,1,2,0,15,0,0,3,3,In Play,1,0,Observed,Observed,Observed,1,1,1
P02717,TOR_20260904_1_PA031,2718,1,0,0,0,1,1,1,2,0,14,0,1,1,2,Called Strike,0,0,Observed,Observed,Observed,1,1,1
P02718,TOR_20260904_1_PA031,2719,2,0,1,0,1,1,1,2,0,26,0,2,2,4,In Play,1,0,Observed,Observed,Observed,1,1,1
P02719,TOR_20260904_1_PA032,2720,1,0,0,0,0,0,0,0,0,9,0,0,0,0,Called Strike,0,0,Observed,Observed,Observed,1,1,1
P02720,TOR_20260904_1_PA032,2721,2,0,1,0,0,0,0,0,0,18,0,1,0,1,Called Strike,0,0,Observed,Observed,Observed,1,1,1
P02721,TOR_20260904_1_PA032,2722,3,0,2,0,0,0,0,0,0,14,0,1,0,1,Swinging Strike,1,0,Observed,Observed,Observed,1,1,1
P02722,TOR_20260904_1_PA033,2723,1,0,0,0,0,0,0,0,0,20,0,0,1,1,Called Strike,0,0,Observed,Observed,Observed,1,1,1
P02723,TOR_20260904_1_PA033,2724,2,0,1,0,0,0,0,0,0,16,0,0,2,2,Foul,0,0,Observed,Observed,Observed,1,1,1
P02724,TOR_20260904_1_PA033,2725,3,0,2,0,0,0,0,0,0,34,0,0,2,2,Ball,0,0,Observed,Observed,Observed,1,1,1
P02725,TOR_20260904_1_PA033,2726,4,1,2,0,0,0,0,0,0,17,0,0,1,1,Swinging Strike,1,0,Observed,Observed,Observed,1,1,1
P02726,TOR_20260904_1_PA034,2727,1,0,0,0,0,0,0,0,0,15,0,0,1,1,In Play,1,0,Observed,Observed,Observed,1,1,1
P02727,TOR_20260904_1_PA035,2728,1,0,0,0,0,0,0,0,0,8,0,1,1,2,Ball,0,0,Observed,Observed,Observed,1,1,1
P02728,TOR_20260904_1_PA035,2729,2,1,0,0,0,0,0,0,0,15,0,1,2,3,In Play,1,0,Observed,Observed,Observed,1,1,1
P02729,TOR_20260904_1_PA036,2730,1,0,0,0,0,0,0,0,0,10,0,0,2,2,Ball,0,0,Observed,Observed,Observed,1,1,1
P02730,TOR_20260904_1_PA036,2731,2,1,0,0,0,0,0,0,0,10,0,0,2,2,Called Strike,0,0,Observed,Observed,Observed,1,1,1
P02731,TOR_20260904_1_PA036,2732,3,1,1,0,0,0,0,0,0,15,0,0,1,1,Ball,0,0,Observed,Observed,Observed,1,1,1
P02732,TOR_20260904_1_PA036,2733,4,2,1,0,0,0,0,0,0,27,0,1,1,2,Ball,0,0,Observed,Observed,Observed,1,1,1
P02733,TOR_20260904_1_PA036,2734,5,3,1,0,0,0,0,0,0,12,0,0,1,1,In Play,1,0,Observed,Observed,Observed,1,1,1
P02734,TOR_20260904_1_PA037,2735,1,0,0,1,0,0,0,1,0,22,0,0,1,1,Ball,0,0,Observed,Observed,Observed,1,1,1
P02735,TOR_20260904_1_PA037,2736,2,1,0,1,0,0,0,1,0,9,0,0,0,0,Foul,0,0,Observed,Observed,Observed,1,1,1
P02736,TOR_20260904_1_PA037,2737,3,1,1,1,0,0,0,1,0,12,0,0,0,0,Swinging Strike,0,0,Observed,Observed,Observed,1,1,1
P02737,TOR_20260904_1_PA037,2738,4,1,2,1,0,0,0,1,0,11,1,0,0,1,Foul,0,0,Observed,Observed,Observed,1,1,1
P02738,TOR_20260904_1_PA037,2739,5,1,2,1,0,0,0,1,0,32,0,0,0,0,Ball,0,0,Observed,Observed,Observed,1,1,1
P02739,TOR_20260904_1_PA037,2740,6,2,2,1,0,0,0,1,0,12,1,0,0,1,Foul,0,0,Observed,Observed,Observed,1,1,1
P02740,TOR_20260904_1_PA037,2741,7,2,2,1,0,0,0,1,0,12,0,0,0,0,Swinging Strike,1,0,Observed,Observed,Observed,1,1,1
P02741,TOR_20260904_1_PA038,2742,1,0,0,0,1,0,1,1,0,13,0,0,1,1,Foul,0,0,Observed,Observed,Observed,1,1,1
P02742,TOR_20260904_1_PA038,2743,2,0,1,0,1,0,1,1,0,17,0,0,0,0,In Play,1,0,Observed,Observed,Observed,1,1,1
P02743,TOR_20260904_1_PA039,2744,1,0,0,0,0,0,0,0,0,6,0,0,0,0,Ball,0,0,Observed,Observed,Observed,1,1,1
P02744,TOR_20260904_1_PA039,2745,2,1,0,0,0,0,0,0,0,4,0,0,0,0,In Play,1,0,Observed,Observed,Observed,1,1,1
P02745,TOR_20260904_1_PA040,2746,1,0,0,0,0,0,0,0,0,15,0,0,1,1,Called Strike,0,0,Observed,Observed,Observed,1,1,1
P02746,TOR_20260904_1_PA040,2747,2,0,1,0,0,0,0,0,0,9,0,0,2,2,Ball,0,0,Observed,Observed,Observed,1,1,1
P02747,TOR_20260904_1_PA040,2748,3,1,1,0,0,0,0,0,0,22,0,1,3,4,In Play,1,0,Observed,Observed,Observed,1,1,1
P02748,TOR_20260904_1_PA041,2749,1,0,0,0,0,0,0,0,0,22,0,1,2,3,Foul,0,0,Observed,Observed,Observed,1,1,1
P02749,TOR_20260904_1_PA041,2750,2,0,1,0,0,0,0,0,0,13,0,0,0,0,Foul,0,0,Observed,Observed,Observed,1,1,1
P02750,TOR_20260904_1_PA041,2751,3,0,2,0,0,0,0,0,0,14,0,1,0,1,Foul,0,0,Observed,Observed,Observed,1,1,1
P02751,TOR_20260904_1_PA041,2752,4,0,2,0,0,0,0,0,0,15,0,2,0,2,Ball,0,0,Observed,Observed,Observed,1,1,1
P02752,TOR_20260904_1_PA041,2753,5,1,2,0,0,0,0,0,0,19,0,2,0,2,Called Strike,1,0,Observed,Observed,Observed,1,1,1
P02753,TOR_20260904_1_PA042,2754,1,0,0,0,0,0,0,0,0,23,0,1,2,3,Ball,0,0,Observed,Observed,Observed,1,1,1
P02754,TOR_20260904_1_PA042,2755,2,1,0,0,0,0,0,0,0,15,0,1,1,2,Ball,0,0,Observed,Observed,Observed,1,1,1
P02755,TOR_20260904_1_PA042,2756,3,2,0,0,0,0,0,0,0,27,0,2,1,3,Ball,0,0,Observed,Observed,Observed,1,1,1
P02756,TOR_20260904_1_PA042,2757,4,3,0,0,0,0,0,0,0,17,0,1,3,4,Ball,1,0,Observed,Observed,Observed,1,1,1
P02757,TOR_20260904_1_PA043,2758,1,0,0,1,0,0,0,1,0,9,0,1,1,2,Ball,0,0,Observed,Observed,Observed,1,1,1
P02758,TOR_20260904_1_PA043,2759,2,1,0,1,0,0,0,1,0,13,0,1,0,1,Foul,0,0,Observed,Observed,Observed,1,1,1
P02759,TOR_20260904_1_PA043,2760,3,1,1,1,0,0,0,1,0,15,0,0,0,0,In Play,1,0,Observed,Observed,Observed,1,1,1
P02760,TOR_20260905_1_PA001,2761,1,0,0,0,0,0,0,0,0,12,0,0,1,1,Ball,0,0,Observed,Observed,Observed,1,1,1
P02761,TOR_20260905_1_PA001,2762,2,1,0,0,0,0,0,0,0,12,0,0,0,0,Called Strike,0,0,Observed,Observed,Observed,1,1,1
P02762,TOR_20260905_1_PA001,2763,3,1,1,0,0,0,0,0,0,10,0,0,1,1,Called Strike,0,0,Observed,Observed,Observed,1,1,1
P02763,TOR_20260905_1_PA001,2764,4,1,2,0,0,0,0,0,0,16,0,0,0,0,Ball,0,0,Observed,Observed,Observed,1,1,1
P02764,TOR_20260905_1_PA001,2765,5,2,2,0,0,0,0,0,0,40,0,0,0,0,Ball,0,0,Observed,Observed,Observed,1,1,1
P02765,TOR_20260905_1_PA001,2766,6,3,2,0,0,0,0,0,0,11,0,0,0,0,In Play,1,0,Observed,Observed,Observed,1,1,1
P02766,TOR_20260905_1_PA002,2767,1,0,0,0,0,0,0,0,0,14,0,0,2,2,Called Strike,0,0,Observed,Observed,Observed,1,1,1
P02767,TOR_20260905_1_PA002,2768,2,0,1,0,0,0,0,0,0,13,0,0,0,0,Ball,0,0,Observed,Observed,Observed,1,1,1
P02768,TOR_20260905_1_PA002,2769,3,1,1,0,0,0,0,0,0,13,0,0,1,1,Ball,0,0,Observed,Observed,Observed,1,1,1
P02769,TOR_20260905_1_PA002,2770,4,2,1,0,0,0,0,0,0,15,0,0,0,0,Swinging Strike,0,0,Observed,Observed,Observed,1,1,1
P02770,TOR_20260905_1_PA002,2771,5,2,2,0,0,0,0,0,0,17,0,0,1,1,Ball,0,0,Observed,Observed,Observed,1,1,1
P02771,TOR_20260905_1_PA002,2772,6,3,2,0,0,0,0,0,0,11,0,0,0,0,In Play,1,0,Observed,Observed,Observed,1,1,1
P02772,TOR_20260905_1_PA003,2773,1,0,0,0,0,0,0,0,0,8,0,1,2,3,Ball,0,0,Observed,Observed,Observed,1,1,1
P02773,TOR_20260905_1_PA003,2774,2,1,0,0,0,0,0,0,0,12,0,0,0,0,In Play,1,0,Observed,Observed,Observed,1,1,1
P02774,TOR_20260905_1_PA004,2775,1,0,0,1,0,0,0,1,0,14,0,0,1,1,Called Strike,0,0,Observed,Observed,Observed,1,1,1
P02775,TOR_20260905_1_PA004,2776,2,0,1,1,0,0,0,1,0,8,0,0,1,1,Ball,0,0,Observed,Observed,Observed,1,1,1
P02776,TOR_20260905_1_PA004,2777,3,1,1,1,0,0,0,1,0,17,1,1,1,3,Called Strike,0,0,Observed,Observed,Observed,1,1,1
P02777,TOR_20260905_1_PA004,2778,4,1,2,1,0,0,0,1,0,20,0,1,2,3,In Play,1,0,Observed,Observed,Observed,1,1,1
P02778,TOR_20260905_1_PA005,2779,1,0,0,0,1,0,1,1,0,24,0,1,3,4,Ball,0,0,Observed,Observed,Observed,1,1,1
P02779,TOR_20260905_1_PA005,2780,2,1,0,0,1,0,1,1,0,20,0,1,1,2,Foul,0,0,Observed,Observed,Observed,1,1,1
P02780,TOR_20260905_1_PA005,2781,3,1,1,0,1,0,1,1,0,11,0,1,1,2,Foul,0,0,Observed,Observed,Observed,1,1,1
P02781,TOR_20260905_1_PA005,2782,4,1,2,0,1,0,1,1,0,17,1,1,1,3,Ball,0,0,Observed,Observed,Observed,1,1,1
P02782,TOR_20260905_1_PA005,2783,5,2,2,0,1,0,1,1,0,14,0,1,1,2,In Play,1,0,Observed,Observed,Observed,1,1,1
P02783,TOR_20260905_1_PA006,2784,1,0,0,1,0,0,0,1,0,10,0,1,0,1,Ball,0,0,Observed,Observed,Observed,1,1,1
P02784,TOR_20260905_1_PA006,2785,2,1,0,1,0,0,0,1,0,18,0,0,0,0,Called Strike,0,0,Observed,Observed,Observed,1,1,1
P02785,TOR_20260905_1_PA006,2786,3,1,1,1,0,0,0,1,0,14,0,1,1,2,Called Strike,0,0,Observed,Observed,Observed,1,1,1
P02786,TOR_20260905_1_PA006,2787,4,1,2,1,0,0,0,1,0,15,0,1,0,1,Foul,0,0,Observed,Observed,Observed,1,1,1
P02787,TOR_20260905_1_PA006,2788,5,1,2,1,0,0,0,1,0,11,0,1,0,1,Ball,0,0,Observed,Observed,Observed,1,1,1
P02788,TOR_20260905_1_PA006,2789,6,2,2,1,0,0,0,1,0,18,0,0,0,0,Foul,0,0,Observed,Observed,Observed,1,1,1
P02789,TOR_20260905_1_PA006,2790,7,2,2,1,0,0,0,1,0,16,0,1,0,1,Foul,0,0,Observed,Observed,Observed,1,1,1
P02790,TOR_20260905_1_PA006,2791,8,2,2,1,0,0,0,1,0,22,1,0,0,1,In Play,1,0,Observed,Observed,Observed,1,1,1
P02791,TOR_20260905_1_PA007,2792,1,0,0,0,1,1,1,2,0,14,0,0,1,1,Called Strike,0,0,Observed,Observed,Observed,1,1,1
P02792,TOR_20260905_1_PA007,2793,2,0,1,0,1,1,1,2,0,20,0,1,1,2,Swinging Strike,0,0,Observed,Observed,Observed,1,1,1
P02793,TOR_20260905_1_PA007,2794,3,0,2,0,1,1,1,2,0,17,0,0,0,0,Ball,0,0,Observed,Observed,Observed,1,1,1
P02794,TOR_20260905_1_PA007,2795,4,1,2,0,1,1,1,2,0,16,0,1,2,3,In Play,1,0,Observed,Observed,Observed,1,1,1
P02795,TOR_20260905_1_PA008,2796,1,0,0,0,0,0,0,0,0,22,0,0,0,0,Called Strike,0,0,Observed,Observed,Observed,1,1,1
P02796,TOR_20260905_1_PA008,2797,2,0,1,0,0,0,0,0,0,16,0,1,1,2,Foul,0,0,Observed,Observed,Observed,1,1,1
P02797,TOR_20260905_1_PA008,2798,3,0,2,0,0,0,0,0,0,15,0,1,0,1,Foul,0,0,Observed,Observed,Observed,1,1,1
P02798,TOR_20260905_1_PA008,2799,4,0,2,0,0,0,0,0,0,13,0,0,0,0,Ball,0,0,Observed,Observed,Observed,1,1,1
P02799,TOR_20260905_1_PA008,2800,5,1,2,0,0,0,0,0,0,13,0,1,1,2,Foul,0,0,Observed,Observed,Observed,1,1,1
P02800,TOR_20260905_1_PA008,2801,6,1,2,0,0,0,0,0,0,29,0,0,1,1,In Play,1,0,Observed,Observed,Observed,1,1,1
P02801,TOR_20260905_1_PA009,2802,1,0,0,1,0,0,0,1,0,13,0,1,2,3,Called Strike,0,0,Observed,Observed,Observed,1,1,1
P02802,TOR_20260905_1_PA009,2803,2,0,1,1,0,0,0,1,0,18,0,0,1,1,Ball,0,0,Observed,Observed,Observed,1,1,1
P02803,TOR_20260905_1_PA009,2804,3,1,1,1,0,0,0,1,0,15,0,0,0,0,Ball,0,0,Observed,Observed,Observed,1,1,1
P02804,TOR_20260905_1_PA009,2805,4,2,1,1,0,0,0,1,0,18,0,1,0,1,Called Strike,0,0,Observed,Observed,Observed,1,1,1
P02805,TOR_20260905_1_PA009,2806,5,2,2,1,0,0,0,1,0,17,0,1,1,2,In Play,1,0,Observed,Observed,Observed,1,1,1
P02806,TOR_20260905_1_PA010,2807,1,0,0,1,0,0,0,1,0,14,0,0,0,0,Ball,0,0,Observed,Observed,Observed,1,1,1
P02807,TOR_20260905_1_PA010,2808,2,1,0,1,0,0,0,1,0,9,0,0,0,0,Ball,0,0,Observed,Observed,Observed,1,1,1
P02808,TOR_20260905_1_PA010,2809,3,2,0,1,0,0,0,1,0,13,0,0,0,0,Ball,0,0,Observed,Observed,Observed,1,1,1
P02809,TOR_20260905_1_PA010,2810,4,3,0,1,0,0,0,1,0,13,0,0,0,0,Called Strike,0,0,Observed,Observed,Observed,1,1,1
P02810,TOR_20260905_1_PA010,2811,5,3,1,1,0,0,0,1,0,23,0,0,0,0,Ball,1,0,Observed,Observed,Observed,1,1,1
P02811,TOR_20260905_1_PA011,2812,1,0,0,1,1,0,1,2,0,16,0,0,0,0,Ball,0,0,Observed,Observed,Observed,1,1,1
P02812,TOR_20260905_1_PA011,2813,2,1,0,1,1,0,1,2,0,10,0,0,0,0,In Play,1,0,Observed,Observed,Observed,1,1,1
P02813,TOR_20260905_1_PA012,2814,1,0,0,1,0,1,1,2,0,11,0,0,1,1,Swinging Strike,0,0,Observed,Observed,Observed,1,1,1
P02814,TOR_20260905_1_PA012,2815,2,0,1,1,0,1,1,2,0,12,0,0,1,1,Called Strike,0,0,Observed,Observed,Observed,1,1,1
P02815,TOR_20260905_1_PA012,2816,3,0,2,1,0,1,1,2,0,20,0,0,0,0,Ball,0,0,Observed,Observed,Observed,1,1,1
P02816,TOR_20260905_1_PA012,2817,4,1,2,1,0,1,1,2,0,21,1,0,0,1,In Play,1,0,Observed,Observed,Observed,1,1,1
P02817,TOR_20260905_1_PA013,2818,1,0,0,0,0,0,0,0,0,11,0,1,3,4,In Play,1,0,Observed,Observed,Observed,1,1,1
P02818,TOR_20260905_1_PA014,2819,1,0,0,0,0,0,0,0,0,17,0,1,2,3,Ball,0,0,Observed,Observed,Observed,1,1,1
P02819,TOR_20260905_1_PA014,2820,2,1,0,0,0,0,0,0,0,14,0,1,2,3,Called Strike,0,0,Observed,Observed,Observed,1,1,1
P02820,TOR_20260905_1_PA014,2821,3,1,1,0,0,0,0,0,0,16,1,1,2,4,In Play,1,0,Observed,Observed,Observed,1,1,1
P02821,TOR_20260905_1_PA015,2822,1,0,0,1,0,0,0,1,0,9,0,0,0,0,Called Strike,0,0,Observed,Observed,Observed,1,1,1
P02822,TOR_20260905_1_PA015,2823,2,0,1,1,0,0,0,1,0,11,0,1,0,1,Ball,0,0,Observed,Observed,Observed,1,1,1
P02823,TOR_20260905_1_PA015,2824,3,1,1,1,0,0,0,1,0,16,0,2,0,2,In Play,1,0,Observed,Observed,Observed,1,1,1
P02824,TOR_20260905_1_PA016,2825,1,0,0,0,0,0,0,0,0,13,0,0,0,0,Foul,0,0,Observed,Observed,Observed,1,1,1
P02825,TOR_20260905_1_PA016,2826,2,0,1,0,0,0,0,0,0,9,0,2,1,3,Swinging Strike,0,0,Observed,Observed,Observed,1,1,1
P02826,TOR_20260905_1_PA016,2827,3,0,2,0,0,0,0,0,0,12,0,1,0,1,Foul,0,0,Observed,Observed,Observed,1,1,1
P02827,TOR_20260905_1_PA016,2828,4,0,2,0,0,0,0,0,0,17,1,1,1,3,Ball,0,0,Observed,Observed,Observed,1,1,1
P02828,TOR_20260905_1_PA016,2829,5,1,2,0,0,0,0,0,0,16,0,2,0,2,Ball,0,0,Observed,Observed,Observed,1,1,1
P02829,TOR_20260905_1_PA016,2830,6,2,2,0,0,0,0,0,0,13,1,0,0,1,Ball,0,0,Observed,Observed,Observed,1,1,1
P02830,TOR_20260905_1_PA016,2831,7,3,2,0,0,0,0,0,0,13,2,0,0,2,Ball,1,0,Observed,Observed,Observed,1,1,1
P02831,TOR_20260905_1_PA017,2832,1,0,0,1,0,0,0,1,0,10,0,1,1,2,Foul,0,0,Observed,Observed,Observed,1,1,1
P02832,TOR_20260905_1_PA017,2833,2,0,1,1,0,0,0,1,0,11,0,1,1,2,In Play,1,0,Observed,Observed,Observed,1,1,1
P02833,TOR_20260905_1_PA018,2834,1,0,0,0,0,0,0,0,0,9,0,0,0,0,Foul,0,0,Observed,Observed,Observed,1,1,1
P02834,TOR_20260905_1_PA018,2835,2,0,1,0,0,0,0,0,0,14,0,0,1,1,In Play,1,0,Observed,Observed,Observed,1,1,1
P02835,TOR_20260905_1_PA019,2836,1,0,0,0,0,0,0,0,0,10,0,0,1,1,Called Strike,0,0,Observed,Observed,Observed,1,1,1
P02836,TOR_20260905_1_PA019,2837,2,0,1,0,0,0,0,0,0,19,0,0,0,0,Called Strike,0,0,Observed,Observed,Observed,1,1,1
P02837,TOR_20260905_1_PA019,2838,3,0,2,0,0,0,0,0,0,19,0,0,0,0,Foul,0,0,Observed,Observed,Observed,1,1,1
P02838,TOR_20260905_1_PA019,2839,4,0,2,0,0,0,0,0,0,15,1,0,0,1,Swinging Strike,1,0,Observed,Observed,Observed,1,1,1
P02839,TOR_20260905_1_PA020,2840,1,0,0,0,0,0,0,0,0,14,0,0,0,0,In Play,1,0,Observed,Observed,Observed,1,1,1
P02840,TOR_20260905_1_PA021,2841,1,0,0,0,0,0,0,0,0,14,0,1,2,3,Ball,0,0,Observed,Observed,Observed,1,1,1
P02841,TOR_20260905_1_PA021,2842,2,1,0,0,0,0,0,0,0,12,0,1,0,1,Ball,0,0,Observed,Observed,Observed,1,1,1
P02842,TOR_20260905_1_PA021,2843,3,2,0,0,0,0,0,0,0,12,0,0,1,1,Called Strike,0,0,Observed,Observed,Observed,1,1,1
P02843,TOR_20260905_1_PA021,2844,4,2,1,0,0,0,0,0,0,11,0,0,1,1,Swinging Strike,0,0,Observed,Observed,Observed,1,1,1
P02844,TOR_20260905_1_PA021,2845,5,2,2,0,0,0,0,0,0,11,0,0,1,1,Foul,0,0,Observed,Observed,Observed,1,1,1
P02845,TOR_20260905_1_PA021,2846,6,2,2,0,0,0,0,0,0,5,0,0,0,0,Ball,0,0,Observed,Observed,Observed,1,1,1
P02846,TOR_20260905_1_PA021,2847,7,3,2,0,0,0,0,0,0,34,0,0,0,0,In Play,1,0,Observed,Observed,Observed,1,1,1
P02847,TOR_20260905_1_PA022,2848,1,0,0,0,0,0,0,0,0,10,0,1,2,3,Called Strike,0,0,Observed,Observed,Observed,1,1,1
P02848,TOR_20260905_1_PA022,2849,2,0,1,0,0,0,0,0,0,8,0,0,2,2,Foul,0,0,Observed,Observed,Observed,1,1,1
P02849,TOR_20260905_1_PA022,2850,3,0,2,0,0,0,0,0,0,18,0,1,1,2,Foul,0,0,Observed,Observed,Observed,1,1,1
P02850,TOR_20260905_1_PA022,2851,4,0,2,0,0,0,0,0,0,17,0,0,3,3,Ball,0,0,Observed,Observed,Observed,1,1,1
P02851,TOR_20260905_1_PA022,2852,5,1,2,0,0,0,0,0,0,18,0,1,1,2,In Play,1,0,Observed,Observed,Observed,1,1,1
P02852,TOR_20260905_1_PA023,2853,1,0,0,0,0,0,0,0,0,16,1,1,1,3,Called Strike,0,0,Observed,Observed,Observed,1,1,1
P02853,TOR_20260905_1_PA023,2854,2,0,1,0,0,0,0,0,0,12,0,1,3,4,Ball,0,0,Observed,Observed,Observed,1,1,1
P02854,TOR_20260905_1_PA023,2855,3,1,1,0,0,0,0,0,0,17,0,1,1,2,Ball,0,0,Observed,Observed,Observed,1,1,1
P02855,TOR_20260905_1_PA023,2856,4,2,1,0,0,0,0,0,0,22,1,1,1,3,In Play,1,0,Observed,Observed,Observed,1,1,1
P02856,TOR_20260905_1_PA024,2857,1,0,0,0,0,0,0,0,0,9,0,0,0,0,Ball,0,0,Observed,Observed,Observed,1,1,1
P02857,TOR_20260905_1_PA024,2858,2,1,0,0,0,0,0,0,0,19,0,1,0,1,Foul,0,0,Observed,Observed,Observed,1,1,1
P02858,TOR_20260905_1_PA024,2859,3,1,1,0,0,0,0,0,0,14,0,1,0,1,Foul,0,0,Observed,Observed,Observed,1,1,1
P02859,TOR_20260905_1_PA024,2860,4,1,2,0,0,0,0,0,0,15,0,1,0,1,In Play,1,0,Observed,Observed,Observed,1,1,1
P02860,TOR_20260905_1_PA025,2861,1,0,0,1,0,0,0,1,0,13,0,0,0,0,Ball,0,0,Observed,Observed,Observed,1,1,1
P02861,TOR_20260905_1_PA025,2862,2,1,0,1,0,0,0,1,0,8,0,0,1,1,Ball,0,0,Observed,Observed,Observed,1,1,1
P02862,TOR_20260905_1_PA025,2863,3,2,0,1,0,0,0,1,0,13,1,0,0,1,Called Strike,0,0,Observed,Observed,Observed,1,1,1
P02863,TOR_20260905_1_PA025,2864,4,2,1,1,0,0,0,1,0,11,0,1,0,1,Swinging Strike,0,0,Observed,Observed,Observed,1,1,1
P02864,TOR_20260905_1_PA025,2865,5,2,2,1,0,0,0,1,0,14,0,0,0,0,In Play,1,0,Observed,Observed,Observed,1,1,1
P02865,TOR_20260905_1_PA026,2866,1,0,0,1,1,0,1,2,0,14,0,1,0,1,Called Strike,0,0,Observed,Observed,Observed,1,1,1
P02866,TOR_20260905_1_PA026,2867,2,0,1,1,1,0,1,2,0,14,0,0,2,2,Foul,0,0,Observed,Observed,Observed,1,1,1
P02867,TOR_20260905_1_PA026,2868,3,0,2,1,1,0,1,2,0,12,1,1,0,2,Swinging Strike,1,0,Observed,Observed,Observed,1,1,1
P02868,TOR_20260905_1_PA027,2869,1,0,0,1,1,0,1,2,0,12,0,0,1,1,Foul,0,0,Observed,Observed,Observed,1,1,1
P02869,TOR_20260905_1_PA027,2870,2,0,1,1,1,0,1,2,0,9,1,0,1,2,Foul,0,0,Observed,Observed,Observed,1,1,1
P02870,TOR_20260905_1_PA027,2871,3,0,2,1,1,0,1,2,0,12,1,0,0,1,Foul,0,0,Observed,Observed,Observed,1,1,1
P02871,TOR_20260905_1_PA027,2872,4,0,2,1,1,0,1,2,0,12,0,0,1,1,Foul,0,0,Observed,Observed,Observed,1,1,1
P02872,TOR_20260905_1_PA027,2873,5,0,2,1,1,0,1,2,0,12,0,0,1,1,Swinging Strike,1,0,Observed,Observed,Observed,1,1,1
P02873,TOR_20260905_1_PA028,2874,1,0,0,1,1,0,1,2,0,19,0,0,1,1,Called Strike,0,0,Observed,Observed,Observed,1,1,1
P02874,TOR_20260905_1_PA028,2875,2,0,1,1,1,0,1,2,0,10,0,0,0,0,In Play,1,0,Observed,Observed,Observed,1,1,1
P02875,TOR_20260905_1_PA029,2876,1,0,0,0,0,0,0,0,0,12,0,0,1,1,Foul,0,0,Observed,Observed,Observed,1,1,1
P02876,TOR_20260905_1_PA029,2877,2,0,1,0,0,0,0,0,0,14,0,0,0,0,Foul,0,0,Observed,Observed,Observed,1,1,1
P02877,TOR_20260905_1_PA029,2878,3,0,2,0,0,0,0,0,0,9,0,0,1,1,Ball,0,0,Observed,Observed,Observed,1,1,1
P02878,TOR_20260905_1_PA029,2879,4,1,2,0,0,0,0,0,0,14,0,0,0,0,Ball,0,0,Observed,Observed,Observed,1,1,1
P02879,TOR_20260905_1_PA029,2880,5,2,2,0,0,0,0,0,0,13,0,0,1,1,Ball,0,0,Observed,Observed,Observed,1,1,1
P02880,TOR_20260905_1_PA029,2881,6,3,2,0,0,0,0,0,0,15,0,0,0,0,Ball,1,0,Observed,Observed,Observed,1,1,1
P02881,TOR_20260905_1_PA030,2882,1,0,0,1,0,0,0,1,0,16,0,0,2,2,Called Strike,0,0,Observed,Observed,Observed,1,1,1
P02882,TOR_20260905_1_PA030,2883,2,0,1,1,0,0,0,1,0,23,0,0,1,1,Ball,0,0,Observed,Observed,Observed,1,1,1
P02883,TOR_20260905_1_PA030,2884,3,1,1,1,0,0,0,1,0,10,0,1,1,2,Foul,0,0,Observed,Observed,Observed,1,1,1
P02884,TOR_20260905_1_PA030,2885,4,1,2,0,1,0,1,1,0,11,0,0,1,1,Called Strike,1,0,Observed,Observed,Observed,1,1,1
P02885,TOR_20260905_1_PA031,2886,1,0,0,0,1,0,1,1,0,15,0,0,1,1,Called Strike,0,0,Observed,Observed,Observed,1,1,1
P02886,TOR_20260905_1_PA031,2887,2,0,1,0,1,0,1,1,0,9,0,0,1,1,Ball,0,0,Observed,Observed,Observed,1,1,1
P02887,TOR_20260905_1_PA031,2888,3,1,1,0,1,0,1,1,0,19,0,1,2,3,In Play,1,0,Observed,Observed,Observed,1,1,1
P02888,TOR_20260905_1_PA032,2889,1,0,0,0,1,0,1,1,0,8,0,1,1,2,Foul,0,0,Observed,Observed,Observed,1,1,1
P02889,TOR_20260905_1_PA032,2890,2,0,1,0,1,0,1,1,0,18,0,1,1,2,Foul,0,0,Observed,Observed,Observed,1,1,1
P02890,TOR_20260905_1_PA032,2891,3,0,2,0,1,0,1,1,0,17,1,1,3,5,In Play,1,0,Observed,Observed,Observed,1,1,1
P02891,TOR_20260905_1_PA033,2892,1,0,0,1,0,1,1,2,0,10,0,0,0,0,In Play,1,0,Observed,Observed,Observed,1,1,1
P02892,TOR_20260905_1_PA034,2893,1,0,0,1,0,1,1,2,0,11,0,0,0,0,Foul,0,0,Observed,Observed,Observed,1,1,1
P02893,TOR_20260905_1_PA034,2894,2,0,1,1,0,1,1,2,0,13,0,1,1,2,Ball,0,0,Observed,Observed,Observed,1,1,1
P02894,TOR_20260905_1_PA034,2895,3,1,1,1,0,1,1,2,0,17,0,0,1,1,Ball,0,0,Observed,Observed,Observed,1,1,1
P02895,TOR_20260905_1_PA034,2896,4,2,1,1,0,1,1,2,0,20,1,0,1,2,Foul,0,0,Observed,Observed,Observed,1,1,1
P02896,TOR_20260905_1_PA034,2897,5,2,2,1,0,1,1,2,0,15,1,1,0,2,In Play,1,0,Observed,Observed,Observed,1,1,1
P02897,TOR_20260905_1_PA035,2898,1,0,0,0,0,0,0,0,0,11,0,0,1,1,Ball,0,0,Observed,Observed,Observed,1,1,1
P02898,TOR_20260905_1_PA035,2899,2,1,0,0,0,0,0,0,0,12,0,1,0,1,Called Strike,0,0,Observed,Observed,Observed,1,1,1
P02899,TOR_20260905_1_PA035,2900,3,1,1,0,0,0,0,0,0,15,0,0,0,0,Ball,0,0,Observed,Observed,Observed,1,1,1
P02900,TOR_20260905_1_PA035,2901,4,2,1,0,0,0,0,0,0,10,0,0,0,0,In Play,1,0,Observed,Observed,Observed,1,1,1
P02901,TOR_20260905_1_PA036,2902,1,0,0,0,0,0,0,0,0,19,0,0,0,0,Foul,0,0,Observed,Observed,Observed,1,1,1
P02902,TOR_20260905_1_PA036,2903,2,0,1,0,0,0,0,0,0,13,0,1,0,1,Ball,0,0,Observed,Observed,Observed,1,1,1
P02903,TOR_20260905_1_PA036,2904,3,1,1,0,0,0,0,0,0,11,0,0,0,0,Ball,0,0,Observed,Observed,Observed,1,1,1
P02904,TOR_20260905_1_PA036,2905,4,2,1,0,0,0,0,0,0,12,0,0,0,0,Foul,0,0,Observed,Observed,Observed,1,1,1
P02905,TOR_20260905_1_PA036,2906,5,2,2,0,0,0,0,0,0,14,0,0,1,1,In Play,1,0,Observed,Observed,Observed,1,1,1
P02906,TOR_20260905_1_PA037,2907,1,0,0,1,0,0,0,1,0,13,0,0,2,2,Called Strike,0,0,Observed,Observed,Observed,1,1,1
P02907,TOR_20260905_1_PA037,2908,2,0,1,1,0,0,0,1,0,13,0,0,0,0,Swinging Strike,0,0,Observed,Observed,Observed,1,1,1
P02908,TOR_20260905_1_PA037,2909,3,0,2,1,0,0,0,1,0,14,0,0,1,1,In Play,1,0,Observed,Observed,Observed,1,1,1
P02909,TOR_20260905_1_PA038,2910,1,0,0,1,0,0,0,1,0,14,0,0,1,1,Called Strike,0,0,Observed,Observed,Observed,1,1,1
P02910,TOR_20260905_1_PA038,2911,2,0,1,1,0,0,0,1,0,13,0,0,0,0,In Play,1,0,Observed,Observed,Observed,1,1,1
P02911,TOR_20260905_1_PA039,2912,1,0,0,0,0,0,0,0,0,8,0,1,1,2,Ball,0,0,Observed,Observed,Observed,1,1,1
P02912,TOR_20260905_1_PA039,2913,2,1,0,0,0,0,0,0,0,24,0,0,0,0,In Play,1,0,Observed,Observed,Observed,1,1,1
P02913,TOR_20260905_1_PA040,2914,1,0,0,0,0,0,0,0,0,14,0,2,1,3,Ball,0,0,Observed,Observed,Observed,1,1,1
P02914,TOR_20260905_1_PA040,2915,2,1,0,0,0,0,0,0,0,30,0,1,1,2,In Play,1,0,Observed,Observed,Observed,1,1,1
P02915,TOR_20260905_1_PA041,2916,1,0,0,0,0,0,0,0,0,13,0,1,2,3,Ball,0,0,Observed,Observed,Observed,1,1,1
P02916,TOR_20260905_1_PA041,2917,2,1,0,0,0,0,0,0,0,19,1,1,1,3,In Play,1,0,Observed,Observed,Observed,1,1,1
P02917,TOR_20260905_1_PA042,2918,1,0,0,1,0,0,0,1,0,9,0,1,1,2,Swinging Strike,0,0,Observed,Observed,Observed,1,1,1
P02918,TOR_20260905_1_PA042,2919,2,0,1,1,0,0,0,1,0,13,0,0,0,0,Swinging Strike,0,0,Observed,Observed,Observed,1,1,1
P02919,TOR_20260905_1_PA042,2920,3,0,2,1,0,0,0,1,0,12,0,1,0,1,In Play,1,0,Observed,Observed,Observed,1,1,1
P02920,TOR_20260906_1_PA001,2921,1,0,0,0,0,0,0,0,0,12,0,0,1,1,Called Strike,0,0,Observed,Observed,Observed,1,1,1
P02921,TOR_20260906_1_PA001,2922,2,0,1,0,0,0,0,0,0,12,0,0,0,0,Ball,0,0,Observed,Observed,Observed,1,1,1
P02922,TOR_20260906_1_PA001,2923,3,1,1,0,0,0,0,0,0,10,0,0,1,1,Called Strike,0,0,Observed,Observed,Observed,1,1,1
P02923,TOR_20260906_1_PA001,2924,4,1,2,0,0,0,0,0,0,16,0,0,0,0,HBP,1,0,Observed,Observed,Observed,1,1,1
P02924,TOR_20260906_1_PA002,2925,1,0,0,1,0,0,0,1,0,15,0,1,1,2,Ball,0,0,Observed,Observed,Observed,1,1,1
P02925,TOR_20260906_1_PA002,2926,2,1,0,1,0,0,0,1,0,16,1,1,1,3,In Play,1,0,Observed,Observed,Observed,1,1,1
P02926,TOR_20260906_1_PA003,2927,1,0,0,0,0,0,0,0,0,14,0,0,1,1,Called Strike,0,0,Observed,Observed,Observed,1,1,1
P02927,TOR_20260906_1_PA003,2928,2,0,1,0,0,0,0,0,0,11,0,1,1,2,Ball,0,0,Observed,Observed,Observed,1,1,1
P02928,TOR_20260906_1_PA003,2929,3,1,1,0,0,0,0,0,0,15,0,0,0,0,In Play,1,0,Observed,Observed,Observed,1,1,1
P02929,TOR_20260906_1_PA004,2930,1,0,0,0,0,0,0,0,0,17,0,2,0,2,Ball,0,0,Observed,Observed,Observed,1,1,1
P02930,TOR_20260906_1_PA004,2931,2,1,0,0,0,0,0,0,0,10,0,0,1,1,Ball,0,0,Observed,Observed,Observed,1,1,1
P02931,TOR_20260906_1_PA004,2932,3,2,0,0,0,0,0,0,0,17,0,1,0,1,Foul,0,0,Observed,Observed,Observed,1,1,1
P02932,TOR_20260906_1_PA004,2933,4,2,1,0,0,0,0,0,0,12,0,3,0,3,Swinging Strike,0,0,Observed,Observed,Observed,1,1,1
P02933,TOR_20260906_1_PA004,2934,5,2,2,0,0,0,0,0,0,17,1,0,0,1,In Play,1,0,Observed,Observed,Observed,1,1,1
P02934,TOR_20260906_1_PA005,2935,1,0,0,0,0,0,0,0,0,16,0,0,0,0,Ball,0,0,Observed,Observed,Observed,1,1,1
P02935,TOR_20260906_1_PA005,2936,2,1,0,0,0,0,0,0,0,12,0,1,0,1,Ball,0,0,Observed,Observed,Observed,1,1,1
P02936,TOR_20260906_1_PA005,2937,3,2,0,0,0,0,0,0,0,10,0,2,0,2,Foul,0,0,Observed,Observed,Observed,1,1,1
P02937,TOR_20260906_1_PA005,2938,4,2,1,0,0,0,0,0,0,13,0,0,0,0,Called Strike,0,0,Observed,Observed,Observed,1,1,1
P02938,TOR_20260906_1_PA005,2939,5,2,2,0,0,0,0,0,0,14,0,0,0,0,Ball,0,0,Observed,Observed,Observed,1,1,1
P02939,TOR_20260906_1_PA005,2940,6,3,2,0,0,0,0,0,0,11,0,1,0,1,Swinging Strike,1,0,Observed,Observed,Observed,1,1,1
P02940,TOR_20260906_1_PA006,2941,1,0,0,0,0,0,0,0,0,4,0,0,0,0,Foul,0,0,Observed,Observed,Observed,1,1,1
P02941,TOR_20260906_1_PA006,2942,2,0,1,0,0,0,0,0,0,4,0,0,0,0,Ball,0,0,Observed,Observed,Observed,1,1,1
P02942,TOR_20260906_1_PA006,2943,3,1,1,0,0,0,0,0,0,4,0,0,0,0,Foul,0,0,Observed,Observed,Observed,1,1,1
P02943,TOR_20260906_1_PA006,2944,4,1,2,0,0,0,0,0,0,4,0,0,0,0,Ball,0,0,Observed,Observed,Observed,1,1,1
P02944,TOR_20260906_1_PA006,2945,5,2,2,0,0,0,0,0,0,4,0,0,0,0,Foul,0,0,Observed,Observed,Observed,1,1,1
P02945,TOR_20260906_1_PA006,2946,6,2,2,0,0,0,0,0,0,4,0,0,0,0,Called Strike,1,0,Observed,Observed,Observed,1,1,1
P02946,TOR_20260906_1_PA007,2947,1,0,0,0,0,0,0,0,0,11,0,0,1,1,Ball,0,0,Observed,Observed,Observed,1,1,1
P02947,TOR_20260906_1_PA007,2948,2,1,0,0,0,0,0,0,0,17,0,0,2,2,Ball,0,0,Observed,Observed,Observed,1,1,1
P02948,TOR_20260906_1_PA007,2949,3,2,0,0,0,0,0,0,0,26,0,2,2,4,In Play,1,0,Observed,Observed,Observed,1,1,1
P02949,TOR_20260906_1_PA008,2950,1,0,0,0,0,0,0,0,0,10,0,0,1,1,Called Strike,0,0,Observed,Observed,Observed,1,1,1
P02950,TOR_20260906_1_PA008,2951,2,0,1,0,0,0,0,0,0,18,0,1,1,2,Ball,0,0,Observed,Observed,Observed,1,1,1
P02951,TOR_20260906_1_PA008,2952,3,1,1,0,0,0,0,0,0,14,1,0,0,1,Swinging Strike,0,0,Observed,Observed,Observed,1,1,1
P02952,TOR_20260906_1_PA008,2953,4,1,2,0,0,0,0,0,0,16,0,0,0,0,Foul,0,0,Observed,Observed,Observed,1,1,1
P02953,TOR_20260906_1_PA008,2954,5,1,2,0,0,0,0,0,0,19,1,1,1,3,Ball,0,0,Observed,Observed,Observed,1,1,1
P02954,TOR_20260906_1_PA008,2955,6,2,2,0,0,0,0,0,0,13,0,0,0,0,In Play,1,0,Observed,Observed,Observed,1,1,1
P02955,TOR_20260906_1_PA009,2956,1,0,0,0,0,0,0,0,0,11,0,1,0,1,Called Strike,0,0,Observed,Observed,Observed,1,1,1
P02956,TOR_20260906_1_PA009,2957,2,0,1,0,0,0,0,0,0,14,0,0,1,1,Ball,0,0,Observed,Observed,Observed,1,1,1
P02957,TOR_20260906_1_PA009,2958,3,1,1,0,0,0,0,0,0,15,0,0,1,1,Ball,0,0,Observed,Observed,Observed,1,1,1
P02958,TOR_20260906_1_PA009,2959,4,2,1,0,0,0,0,0,0,13,0,0,2,2,In Play,1,0,Observed,Observed,Observed,1,1,1
P02959,TOR_20260906_1_PA010,2960,1,0,0,0,0,0,0,0,0,13,0,0,1,1,In Play,1,0,Observed,Observed,Observed,1,1,1
P02960,TOR_20260906_1_PA011,2961,1,0,0,1,0,0,0,1,0,13,0,1,1,2,Ball,0,0,Observed,Observed,Observed,1,1,1
P02961,TOR_20260906_1_PA011,2962,2,1,0,1,0,0,0,1,0,16,0,1,2,3,Ball,0,0,Observed,Observed,Observed,1,1,1
P02962,TOR_20260906_1_PA011,2963,3,2,0,1,0,0,0,1,0,11,0,1,3,4,Ball,0,0,Observed,Observed,Observed,1,1,1
P02963,TOR_20260906_1_PA011,2964,4,3,0,1,0,0,0,1,0,8,0,1,1,2,Called Strike,0,0,Observed,Observed,Observed,1,1,1
P02964,TOR_20260906_1_PA011,2965,5,3,1,1,0,0,0,1,0,10,0,1,2,3,In Play,1,0,Observed,Observed,Observed,1,1,1
P02965,TOR_20260906_1_PA012,2966,1,0,0,1,0,0,0,1,0,17,0,0,2,2,Ball,0,0,Observed,Observed,Observed,1,1,1
P02966,TOR_20260906_1_PA012,2967,2,1,0,1,0,0,0,1,0,20,0,1,0,1,In Play,1,0,Observed,Observed,Observed,1,1,1
P02967,TOR_20260906_1_PA013,2968,1,0,0,0,0,0,0,0,0,40,0,1,1,2,Swinging Strike,0,0,Observed,Observed,Observed,1,1,1
P02968,TOR_20260906_1_PA013,2969,2,0,1,0,0,0,0,0,0,15,1,1,1,3,Foul,0,0,Observed,Observed,Observed,1,1,1
P02969,TOR_20260906_1_PA013,2970,3,0,2,0,0,0,0,0,0,19,0,1,0,1,Foul,0,0,Observed,Observed,Observed,1,1,1
P02970,TOR_20260906_1_PA013,2971,4,0,2,0,0,0,0,0,0,17,0,1,1,2,In Play,1,0,Observed,Observed,Observed,1,1,1
P02971,TOR_20260906_1_PA014,2972,1,0,0,0,0,0,0,0,0,13,0,2,1,3,Swinging Strike,0,0,Observed,Observed,Observed,1,1,1
P02972,TOR_20260906_1_PA014,2973,2,0,1,0,0,0,0,0,0,14,0,0,0,0,Swinging Strike,0,0,Observed,Observed,Observed,1,1,1
P02973,TOR_20260906_1_PA014,2974,3,0,2,0,0,0,0,0,0,12,0,0,0,0,Ball,0,0,Observed,Observed,Observed,1,1,1
P02974,TOR_20260906_1_PA014,2975,4,1,2,0,0,0,0,0,0,14,0,1,0,1,In Play,1,0,Observed,Observed,Observed,1,1,1
P02975,TOR_20260906_1_PA015,2976,1,0,0,0,0,0,0,0,0,4,0,0,0,0,Foul,0,0,Observed,Observed,Observed,1,1,1
P02976,TOR_20260906_1_PA015,2977,2,0,1,0,0,0,0,0,0,8,0,0,0,0,Ball,0,0,Observed,Observed,Observed,1,1,1
P02977,TOR_20260906_1_PA015,2978,3,1,1,0,0,0,0,0,0,5,0,0,0,0,Foul,0,0,Observed,Observed,Observed,1,1,1
P02978,TOR_20260906_1_PA015,2979,4,1,2,0,0,0,0,0,0,4,0,0,0,0,Swinging Strike,1,0,Observed,Observed,Observed,1,1,1
P02979,TOR_20260906_1_PA016,2980,1,0,0,0,0,0,0,0,0,11,0,0,2,2,Called Strike,0,0,Observed,Observed,Observed,1,1,1
P02980,TOR_20260906_1_PA016,2981,2,0,1,0,0,0,0,0,0,34,0,1,1,2,Called Strike,0,0,Observed,Observed,Observed,1,1,1
P02981,TOR_20260906_1_PA016,2982,3,0,2,0,0,0,0,0,0,40,0,0,2,2,Foul,0,0,Observed,Observed,Observed,1,1,1
P02982,TOR_20260906_1_PA016,2983,4,0,2,0,0,0,0,0,0,17,0,3,2,5,Ball,0,0,Observed,Observed,Observed,1,1,1
P02983,TOR_20260906_1_PA016,2984,5,1,2,0,0,0,0,0,0,19,0,1,3,4,Foul,0,0,Observed,Observed,Observed,1,1,1
P02984,TOR_20260906_1_PA016,2985,6,1,2,0,0,0,0,0,0,7,0,0,2,2,Foul,0,0,Observed,Observed,Observed,1,1,1
P02985,TOR_20260906_1_PA016,2986,7,1,2,0,0,0,0,0,0,21,0,1,2,3,Foul,0,0,Observed,Observed,Observed,1,1,1
P02986,TOR_20260906_1_PA016,2987,8,1,2,0,0,0,0,0,0,19,0,2,2,4,In Play,1,0,Observed,Observed,Observed,1,1,1
P02987,TOR_20260906_1_PA017,2988,1,0,0,0,0,0,0,0,0,12,0,0,0,0,In Play,1,0,Observed,Observed,Observed,1,1,1
P02988,TOR_20260906_1_PA018,2989,1,0,0,0,0,0,0,0,0,12,0,0,0,0,Ball,0,0,Observed,Observed,Observed,1,1,1
P02989,TOR_20260906_1_PA018,2990,2,1,0,0,0,0,0,0,0,14,0,1,1,2,Swinging Strike,0,0,Observed,Observed,Observed,1,1,1
P02990,TOR_20260906_1_PA018,2991,3,1,1,0,0,0,0,0,0,15,1,1,1,3,Ball,0,0,Observed,Observed,Observed,1,1,1
P02991,TOR_20260906_1_PA018,2992,4,2,1,0,0,0,0,0,0,17,0,0,1,1,Foul,0,0,Observed,Observed,Observed,1,1,1
P02992,TOR_20260906_1_PA018,2993,5,2,2,0,0,0,0,0,0,14,0,0,1,1,In Play,1,0,Observed,Observed,Observed,1,1,1
P02993,TOR_20260906_1_PA019,2994,1,0,0,0,0,0,0,0,0,11,0,0,1,1,Called Strike,0,0,Observed,Observed,Observed,1,1,1
P02994,TOR_20260906_1_PA019,2995,2,0,1,0,0,0,0,0,0,20,0,0,0,0,Ball,0,0,Observed,Observed,Observed,1,1,1
P02995,TOR_20260906_1_PA019,2996,3,1,1,0,0,0,0,0,0,20,0,0,0,0,Foul,0,0,Observed,Observed,Observed,1,1,1
P02996,TOR_20260906_1_PA019,2997,4,1,2,0,0,0,0,0,0,15,1,0,0,1,In Play,1,0,Observed,Observed,Observed,1,1,1
P02997,TOR_20260906_1_PA020,2998,1,0,0,1,0,0,0,1,0,21,0,1,1,2,Called Strike,0,0,Observed,Observed,Observed,1,1,1
P02998,TOR_20260906_1_PA020,2999,2,0,1,1,0,0,0,1,0,11,0,1,1,2,In Play,1,0,Observed,Observed,Observed,1,1,1
P02999,TOR_20260906_1_PA021,3000,1,0,0,1,0,1,1,2,0,8,0,0,1,1,Ball,0,0,Observed,Observed,Observed,1,1,1
P03000,TOR_20260906_1_PA021,3001,2,1,0,1,0,1,1,2,0,17,0,0,1,1,Ball,0,0,Observed,Observed,Observed,1,1,1
P03001,TOR_20260906_1_PA021,3002,3,2,0,1,0,1,1,2,0,14,0,0,1,1,Ball,0,0,Observed,Observed,Observed,1,1,1
P03002,TOR_20260906_1_PA021,3003,4,3,0,1,0,1,1,2,0,20,0,0,2,2,Called Strike,0,0,Observed,Observed,Observed,1,1,1
P03003,TOR_20260906_1_PA021,3004,5,3,1,1,0,1,1,2,0,11,0,0,1,1,In Play,1,0,Observed,Observed,Observed,1,1,1
P03004,TOR_20260906_1_PA022,3005,1,0,0,0,0,0,0,0,0,14,0,0,0,0,Ball,0,0,Observed,Observed,Observed,1,1,1
P03005,TOR_20260906_1_PA022,3006,2,1,0,0,0,0,0,0,0,19,0,0,0,0,Swinging Strike,0,0,Observed,Observed,Observed,1,1,1
P03006,TOR_20260906_1_PA022,3007,3,1,1,0,0,0,0,0,0,13,0,0,0,0,Ball,0,0,Observed,Observed,Observed,1,1,1
P03007,TOR_20260906_1_PA022,3008,4,2,1,0,0,0,0,0,0,18,0,0,0,0,Foul,0,0,Observed,Observed,Observed,1,1,1
P03008,TOR_20260906_1_PA022,3009,5,2,2,0,0,0,0,0,0,16,0,0,1,1,Ball,0,0,Observed,Observed,Observed,1,1,1
P03009,TOR_20260906_1_PA022,3010,6,3,2,0,0,0,0,0,0,15,0,0,1,1,Ball,1,0,Observed,Observed,Observed,1,1,1
P03010,TOR_20260906_1_PA023,3011,1,0,0,1,0,0,0,1,0,11,0,0,2,2,Ball,0,0,Observed,Observed,Observed,1,1,1
P03011,TOR_20260906_1_PA023,3012,2,1,0,1,0,0,0,1,0,20,0,1,0,1,Ball,0,0,Observed,Observed,Observed,1,1,1
P03012,TOR_20260906_1_PA023,3013,3,2,0,1,0,0,0,1,0,14,0,1,2,3,Called Strike,0,0,Observed,Observed,Observed,1,1,1
P03013,TOR_20260906_1_PA023,3014,4,2,1,1,0,0,0,1,0,12,0,1,0,1,In Play,1,0,Observed,Observed,Observed,1,1,1
P03014,TOR_20260906_1_PA024,3015,1,0,0,0,1,0,1,1,0,14,0,0,1,1,Called Strike,0,0,Observed,Observed,Observed,1,1,1
P03015,TOR_20260906_1_PA024,3016,2,0,1,0,1,0,1,1,0,12,0,0,3,3,Foul,0,0,Observed,Observed,Observed,1,1,1
P03016,TOR_20260906_1_PA024,3017,3,0,2,0,1,0,1,1,0,10,0,0,0,0,Foul,0,0,Observed,Observed,Observed,1,1,1
P03017,TOR_20260906_1_PA024,3018,4,0,2,0,1,0,1,1,0,13,0,0,1,1,Ball,0,0,Observed,Observed,Observed,1,1,1
P03018,TOR_20260906_1_PA024,3019,5,1,2,0,1,0,1,1,0,15,0,0,0,0,In Play,1,0,Observed,Observed,Observed,1,1,1
P03019,TOR_20260906_1_PA025,3020,1,0,0,1,1,0,1,2,0,14,0,0,0,0,Foul,0,0,Observed,Observed,Observed,1,1,1
P03020,TOR_20260906_1_PA025,3021,2,0,1,1,1,0,1,2,0,14,0,0,1,1,Called Strike,0,0,Observed,Observed,Observed,1,1,1
P03021,TOR_20260906_1_PA025,3022,3,0,2,1,1,0,1,2,0,18,0,0,1,1,Ball,0,0,Observed,Observed,Observed,1,1,1
P03022,TOR_20260906_1_PA025,3023,4,1,2,1,1,0,1,2,0,15,0,0,2,2,Foul,0,0,Observed,Observed,Observed,1,1,1
P03023,TOR_20260906_1_PA025,3024,5,1,2,1,1,0,1,2,0,15,0,0,1,1,In Play,1,0,Observed,Observed,Observed,1,1,1
P03024,TOR_20260906_1_PA026,3025,1,0,0,1,1,1,1,3,0,17,0,0,1,1,Swinging Strike,0,0,Observed,Observed,Observed,1,1,1
P03025,TOR_20260906_1_PA026,3026,2,0,1,1,1,1,1,3,0,9,0,0,1,1,In Play,1,0,Observed,Observed,Observed,1,1,1
P03026,TOR_20260906_1_PA027,3027,1,0,0,0,0,0,0,0,0,10,0,0,1,1,Called Strike,0,0,Observed,Observed,Observed,1,1,1
P03027,TOR_20260906_1_PA027,3028,2,0,1,0,0,0,0,0,0,15,0,1,1,2,Ball,0,0,Observed,Observed,Observed,1,1,1
P03028,TOR_20260906_1_PA027,3029,3,1,1,0,0,0,0,0,0,21,0,1,2,3,In Play,1,0,Observed,Observed,Observed,1,1,1
P03029,TOR_20260906_1_PA028,3030,1,0,0,0,0,0,0,0,0,8,0,0,0,0,Called Strike,0,0,Observed,Observed,Observed,1,1,1
P03030,TOR_20260906_1_PA028,3031,2,0,1,0,0,0,0,0,0,12,0,0,0,0,In Play,1,0,Observed,Observed,Observed,1,1,1
P03031,TOR_20260906_1_PA029,3032,1,0,0,1,0,0,0,1,0,17,0,2,2,4,Called Strike,0,0,Observed,Observed,Observed,1,1,1
P03032,TOR_20260906_1_PA029,3033,2,0,1,1,0,0,0,1,0,15,0,1,1,2,Foul,0,0,Observed,Observed,Observed,1,1,1
P03033,TOR_20260906_1_PA029,3034,3,0,2,1,0,0,0,1,0,17,0,1,2,3,Foul,0,0,Observed,Observed,Observed,1,1,1
P03034,TOR_20260906_1_PA029,3035,4,0,2,1,0,0,0,1,0,12,2,1,2,5,Ball,0,0,Observed,Observed,Observed,1,1,1
P03035,TOR_20260906_1_PA029,3036,5,1,2,1,0,0,0,1,0,20,0,1,1,2,Called Strike,1,0,Observed,Observed,Observed,1,1,1
P03036,TOR_20260906_1_PA030,3037,1,0,0,1,0,0,0,1,0,15,0,0,1,1,Called Strike,0,0,Observed,Observed,Observed,1,1,1
P03037,TOR_20260906_1_PA030,3038,2,0,1,1,0,0,0,1,0,10,0,0,1,1,Ball,0,0,Observed,Observed,Observed,1,1,1
P03038,TOR_20260906_1_PA030,3039,3,1,1,1,0,0,0,1,0,25,0,0,1,1,Ball,0,0,Observed,Observed,Observed,1,1,1
P03039,TOR_20260906_1_PA030,3040,4,2,1,1,0,0,0,1,0,33,0,0,3,3,Called Strike,0,0,Observed,Observed,Observed,1,1,1
P03040,TOR_20260906_1_PA030,3041,5,2,2,1,0,0,0,1,0,11,0,0,1,1,Foul,0,0,Observed,Observed,Observed,1,1,1
P03041,TOR_20260906_1_PA030,3042,6,2,2,1,0,0,0,1,0,32,0,1,0,1,Ball,0,0,Observed,Observed,Observed,1,1,1
P03042,TOR_20260906_1_PA030,3043,7,3,2,1,0,0,0,1,0,22,0,0,0,0,Called Strike,1,0,Observed,Observed,Observed,1,1,1
P03043,TOR_20260906_1_PA031,3044,1,0,0,0,0,0,0,0,0,11,0,0,1,1,In Play,1,0,Observed,Observed,Observed,1,1,1
P03044,TOR_20260906_1_PA032,3045,1,0,0,1,0,0,0,1,0,29,0,1,1,2,Ball,0,0,Observed,Observed,Observed,1,1,1
P03045,TOR_20260906_1_PA032,3046,2,1,0,1,0,0,0,1,0,14,0,0,1,1,Ball,0,0,Observed,Observed,Observed,1,1,1
P03046,TOR_20260906_1_PA032,3047,3,2,0,1,0,0,0,1,0,21,1,1,0,2,Called Strike,0,0,Observed,Observed,Observed,1,1,1
P03047,TOR_20260906_1_PA032,3048,4,2,1,1,0,0,0,1,0,15,0,1,0,1,Ball,0,0,Observed,Observed,Observed,1,1,1
P03048,TOR_20260906_1_PA032,3049,5,3,1,1,0,0,0,1,0,14,0,1,0,1,Foul,0,0,Observed,Observed,Observed,1,1,1
P03049,TOR_20260906_1_PA032,3050,6,3,2,1,0,0,0,1,0,26,0,2,1,3,Foul,0,0,Observed,Observed,Observed,1,1,1
P03050,TOR_20260906_1_PA032,3051,7,3,2,1,0,0,0,1,0,16,0,1,0,1,In Play,1,0,Observed,Observed,Observed,1,1,1
P03051,TOR_20260906_1_PA033,3052,1,0,0,0,1,0,1,1,0,15,0,0,2,2,Ball,0,0,Observed,Observed,Observed,1,1,1
P03052,TOR_20260906_1_PA033,3053,2,1,0,0,1,0,1,1,0,12,0,0,1,1,Ball,0,0,Observed,Observed,Observed,1,1,1
P03053,TOR_20260906_1_PA033,3054,3,2,0,0,1,0,1,1,0,14,1,1,1,3,Called Strike,0,0,Observed,Observed,Observed,1,1,1
P03054,TOR_20260906_1_PA033,3055,4,2,1,0,1,0,1,1,0,16,0,1,2,3,Foul,0,0,Observed,Observed,Observed,1,1,1
P03055,TOR_20260906_1_PA033,3056,5,2,2,0,1,0,1,1,0,14,0,1,0,1,In Play,1,0,Observed,Observed,Observed,1,1,1
P03056,TOR_20260906_1_PA034,3057,1,0,0,0,1,0,1,1,0,9,0,0,2,2,Ball,0,0,Observed,Observed,Observed,1,1,1
P03057,TOR_20260906_1_PA034,3058,2,1,0,0,1,0,1,1,0,12,0,0,0,0,In Play,1,0,Observed,Observed,Observed,1,1,1
P03058,TOR_20260907_1_PA001,3059,1,0,0,0,0,0,0,0,0,12,0,0,1,1,Called Strike,0,0,Observed,Observed,Observed,1,1,1
P03059,TOR_20260907_1_PA001,3060,2,0,1,0,0,0,0,0,0,12,0,0,0,0,Ball,0,0,Observed,Observed,Observed,1,1,1
P03060,TOR_20260907_1_PA001,3061,3,1,1,0,0,0,0,0,0,10,0,0,1,1,Ball,0,0,Observed,Observed,Observed,1,1,1
P03061,TOR_20260907_1_PA001,3062,4,2,1,0,0,0,0,0,0,16,0,0,0,0,In Play,1,0,Observed,Observed,Observed,1,1,1
P03062,TOR_20260907_1_PA002,3063,1,0,0,0,0,0,0,0,0,13,0,0,1,1,Ball,0,0,Observed,Observed,Observed,1,1,1
P03063,TOR_20260907_1_PA002,3064,2,1,0,0,0,0,0,0,0,13,0,0,0,0,Foul,0,0,Observed,Observed,Observed,1,1,1
P03064,TOR_20260907_1_PA002,3065,3,1,1,0,0,0,0,0,0,21,0,0,0,0,Called Strike,0,0,Observed,Observed,Observed,1,1,1
P03065,TOR_20260907_1_PA002,3066,4,1,2,0,0,0,0,0,0,15,0,0,1,1,In Play,1,0,Observed,Observed,Observed,1,1,1
P03066,TOR_20260907_1_PA003,3067,1,0,0,0,0,0,0,0,0,14,0,0,1,1,Foul,0,0,Observed,Observed,Observed,1,1,1
P03067,TOR_20260907_1_PA003,3068,2,0,1,0,0,0,0,0,0,10,0,1,3,4,Swinging Strike,0,0,Observed,Observed,Observed,1,1,1
P03068,TOR_20260907_1_PA003,3069,3,0,2,0,0,0,0,0,0,16,0,0,2,2,Ball,0,0,Observed,Observed,Observed,1,1,1
P03069,TOR_20260907_1_PA003,3070,4,1,2,0,0,0,0,0,0,9,0,0,1,1,Foul,0,0,Observed,Observed,Observed,1,1,1
P03070,TOR_20260907_1_PA003,3071,5,1,2,0,0,0,0,0,0,9,0,0,1,1,Ball,0,0,Observed,Observed,Observed,1,1,1
P03071,TOR_20260907_1_PA003,3072,6,2,2,0,0,0,0,0,0,20,1,0,0,1,Swinging Strike,1,0,Observed,Observed,Observed,1,1,1
P03072,TOR_20260907_1_PA004,3073,1,0,0,0,0,0,0,0,0,14,0,0,1,1,Ball,0,0,Observed,Observed,Observed,1,1,1
P03073,TOR_20260907_1_PA004,3074,2,1,0,0,0,0,0,0,0,7,0,0,1,1,In Play,1,0,Observed,Observed,Observed,1,1,1
P03074,TOR_20260907_1_PA005,3075,1,0,0,0,0,0,0,0,0,16,0,0,0,0,Ball,0,0,Observed,Observed,Observed,1,1,1
P03075,TOR_20260907_1_PA005,3076,2,1,0,0,0,0,0,0,0,11,0,0,0,0,Ball,0,0,Observed,Observed,Observed,1,1,1
P03076,TOR_20260907_1_PA005,3077,3,2,0,0,0,0,0,0,0,10,0,1,0,1,Ball,0,0,Observed,Observed,Observed,1,1,1
P03077,TOR_20260907_1_PA005,3078,4,3,0,0,0,0,0,0,0,12,0,0,0,0,Ball,1,0,Observed,Observed,Observed,1,1,1
P03078,TOR_20260907_1_PA006,3079,1,0,0,1,0,0,0,1,0,17,0,1,1,2,Called Strike,0,0,Observed,Observed,Observed,1,1,1
P03079,TOR_20260907_1_PA006,3080,2,0,1,1,0,0,0,1,0,16,0,1,1,2,Foul,0,0,Observed,Observed,Observed,1,1,1
P03080,TOR_20260907_1_PA006,3081,3,0,2,1,0,0,0,1,0,12,1,1,1,3,In Play,1,0,Observed,Observed,Observed,1,1,1
P03081,TOR_20260907_1_PA007,3082,1,0,0,1,1,0,1,2,0,11,0,1,1,2,Ball,0,0,Observed,Observed,Observed,1,1,1
P03082,TOR_20260907_1_PA007,3083,2,1,0,1,1,0,1,2,0,10,0,1,0,1,Foul,0,0,Observed,Observed,Observed,1,1,1
P03083,TOR_20260907_1_PA007,3084,3,1,1,1,1,0,1,2,0,12,0,0,0,0,In Play,1,0,Observed,Observed,Observed,1,1,1
P03084,TOR_20260907_1_PA008,3085,1,0,0,1,1,0,1,2,0,9,0,1,0,1,Called Strike,0,0,Observed,Observed,Observed,1,1,1
P03085,TOR_20260907_1_PA008,3086,2,0,1,1,1,0,1,2,0,11,0,0,1,1,In Play,1,0,Observed,Observed,Observed,1,1,1
P03086,TOR_20260907_1_PA009,3087,1,0,0,0,1,1,1,2,0,9,0,0,1,1,Ball,0,0,Observed,Observed,Observed,1,1,1
P03087,TOR_20260907_1_PA009,3088,2,1,0,0,1,1,1,2,0,10,0,0,1,1,Called Strike,0,0,Observed,Observed,Observed,1,1,1
P03088,TOR_20260907_1_PA009,3089,3,1,1,0,1,1,1,2,0,11,0,0,0,0,Ball,0,0,Observed,Observed,Observed,1,1,1
P03089,TOR_20260907_1_PA009,3090,4,2,1,0,1,1,1,2,0,18,0,0,0,0,Called Strike,0,0,Observed,Observed,Observed,1,1,1
P03090,TOR_20260907_1_PA009,3091,5,2,2,0,1,1,1,2,0,16,0,0,1,1,In Play,1,0,Observed,Observed,Observed,1,1,1
P03091,TOR_20260907_1_PA010,3092,1,0,0,0,0,0,0,0,0,14,0,0,2,2,Called Strike,0,0,Observed,Observed,Observed,1,1,1
P03092,TOR_20260907_1_PA010,3093,2,0,1,0,0,0,0,0,0,13,0,0,0,0,In Play,1,0,Observed,Observed,Observed,1,1,1
P03093,TOR_20260907_1_PA011,3094,1,0,0,0,0,0,0,0,0,10,0,0,1,1,Ball,0,0,Observed,Observed,Observed,1,1,1
P03094,TOR_20260907_1_PA011,3095,2,1,0,0,0,0,0,0,0,10,0,0,1,1,Called Strike,0,0,Observed,Observed,Observed,1,1,1
P03095,TOR_20260907_1_PA011,3096,3,1,1,0,0,0,0,0,0,14,0,0,1,1,Ball,0,0,Observed,Observed,Observed,1,1,1
P03096,TOR_20260907_1_PA011,3097,4,2,1,0,0,0,0,0,0,19,0,0,0,0,Foul,0,0,Observed,Observed,Observed,1,1,1
P03097,TOR_20260907_1_PA011,3098,5,2,2,0,0,0,0,0,0,15,0,0,1,1,Ball,0,0,Observed,Observed,Observed,1,1,1
P03098,TOR_20260907_1_PA011,3099,6,3,2,0,0,0,0,0,0,12,0,0,0,0,In Play,1,0,Observed,Observed,Observed,1,1,1
P03099,TOR_20260907_1_PA012,3100,1,0,0,0,0,0,0,0,0,16,0,0,2,2,Ball,0,0,Observed,Observed,Observed,1,1,1
P03100,TOR_20260907_1_PA012,3101,2,1,0,0,0,0,0,0,0,24,0,0,0,0,Ball,0,0,Observed,Observed,Observed,1,1,1
P03101,TOR_20260907_1_PA012,3102,3,2,0,0,0,0,0,0,0,11,0,1,1,2,Ball,0,0,Observed,Observed,Observed,1,1,1
P03102,TOR_20260907_1_PA012,3103,4,3,0,0,0,0,0,0,0,9,0,0,2,2,In Play,1,0,Observed,Observed,Observed,1,1,1
P03103,TOR_20260907_1_PA013,3104,1,0,0,0,0,0,0,0,0,17,0,0,1,1,Ball,0,0,Observed,Observed,Observed,1,1,1
P03104,TOR_20260907_1_PA013,3105,2,1,0,0,0,0,0,0,0,11,0,0,2,2,Foul,0,0,Observed,Observed,Observed,1,1,1
P03105,TOR_20260907_1_PA013,3106,3,1,1,0,0,0,0,0,0,28,0,1,1,2,In Play,1,0,Observed,Observed,Observed,1,1,1
P03106,TOR_20260907_1_PA014,3107,1,0,0,0,0,0,0,0,0,21,0,1,0,1,Foul,0,0,Observed,Observed,Observed,1,1,1
P03107,TOR_20260907_1_PA014,3108,2,0,1,0,0,0,0,0,0,11,0,3,0,3,Ball,0,0,Observed,Observed,Observed,1,1,1
P03108,TOR_20260907_1_PA014,3109,3,1,1,0,0,0,0,0,0,14,0,0,0,0,In Play,1,0,Observed,Observed,Observed,1,1,1
P03109,TOR_20260907_1_PA015,3110,1,0,0,0,0,0,0,0,0,17,1,1,2,4,Called Strike,0,0,Observed,Observed,Observed,1,1,1
P03110,TOR_20260907_1_PA015,3111,2,0,1,0,0,0,0,0,0,14,0,1,2,3,Called Strike,0,0,Observed,Observed,Observed,1,1,1
P03111,TOR_20260907_1_PA015,3112,3,0,2,0,0,0,0,0,0,17,1,1,1,3,Ball,0,0,Observed,Observed,Observed,1,1,1
P03112,TOR_20260907_1_PA015,3113,4,1,2,0,0,0,0,0,0,14,1,1,2,4,Foul,0,0,Observed,Observed,Observed,1,1,1
P03113,TOR_20260907_1_PA015,3114,5,1,2,0,0,0,0,0,0,20,1,1,2,4,In Play,1,0,Observed,Observed,Observed,1,1,1
P03114,TOR_20260907_1_PA016,3115,1,0,0,0,0,0,0,0,0,10,0,0,0,0,Foul,0,0,Observed,Observed,Observed,1,1,1
P03115,TOR_20260907_1_PA016,3116,2,0,1,0,0,0,0,0,0,10,0,1,1,2,Foul,0,0,Observed,Observed,Observed,1,1,1
P03116,TOR_20260907_1_PA016,3117,3,0,2,0,0,0,0,0,0,11,1,0,0,1,Ball,0,0,Observed,Observed,Observed,1,1,1
P03117,TOR_20260907_1_PA016,3118,4,1,2,0,0,0,0,0,0,17,1,0,0,1,In Play,1,0,Observed,Observed,Observed,1,1,1
P03118,TOR_20260907_1_PA017,3119,1,0,0,0,0,0,0,0,0,13,0,0,0,0,Called Strike,0,0,Observed,Observed,Observed,1,1,1
P03119,TOR_20260907_1_PA017,3120,2,0,1,0,0,0,0,0,0,13,1,1,0,2,Foul,0,0,Observed,Observed,Observed,1,1,1
P03120,TOR_20260907_1_PA017,3121,3,0,2,0,0,0,0,0,0,12,0,1,0,1,Ball,0,0,Observed,Observed,Observed,1,1,1
P03121,TOR_20260907_1_PA017,3122,4,1,2,0,0,0,0,0,0,21,0,1,0,1,In Play,1,0,Observed,Observed,Observed,1,1,1
P03122,TOR_20260907_1_PA018,3123,1,0,0,0,0,0,0,0,0,14,0,1,2,3,Called Strike,0,0,Observed,Observed,Observed,1,1,1
P03123,TOR_20260907_1_PA018,3124,2,0,1,0,0,0,0,0,0,10,0,0,1,1,Ball,0,0,Observed,Observed,Observed,1,1,1
P03124,TOR_20260907_1_PA018,3125,3,1,1,0,0,0,0,0,0,15,0,0,1,1,In Play,1,0,Observed,Observed,Observed,1,1,1
P03125,TOR_20260907_1_PA019,3126,1,0,0,0,0,0,0,0,0,13,0,0,0,0,Ball,0,0,Observed,Observed,Observed,1,1,1
P03126,TOR_20260907_1_PA019,3127,2,1,0,0,0,0,0,0,0,9,0,1,0,1,Foul,0,0,Observed,Observed,Observed,1,1,1
P03127,TOR_20260907_1_PA019,3128,3,1,1,0,0,0,0,0,0,12,0,0,0,0,Called Strike,0,0,Observed,Observed,Observed,1,1,1
P03128,TOR_20260907_1_PA019,3129,4,1,2,0,0,0,0,0,0,18,1,0,0,1,In Play,1,0,Observed,Observed,Observed,1,1,1
P03129,TOR_20260907_1_PA020,3130,1,0,0,0,0,0,0,0,0,10,0,0,0,0,In Play,1,0,Observed,Observed,Observed,1,1,1
P03130,TOR_20260907_1_PA021,3131,1,0,0,0,0,0,0,0,0,9,0,0,1,1,Called Strike,0,0,Observed,Observed,Observed,1,1,1
P03131,TOR_20260907_1_PA021,3132,2,0,1,0,0,0,0,0,0,16,0,0,0,0,In Play,1,0,Observed,Observed,Observed,1,1,1
P03132,TOR_20260907_1_PA022,3133,1,0,0,1,0,0,0,1,0,13,0,1,2,3,Called Strike,0,0,Observed,Observed,Observed,1,1,1
P03133,TOR_20260907_1_PA022,3134,2,0,1,1,0,0,0,1,0,14,0,1,2,3,Ball,0,0,Observed,Observed,Observed,1,1,1
P03134,TOR_20260907_1_PA022,3135,3,1,1,1,0,0,0,1,0,23,0,0,2,2,Ball,0,0,Observed,Observed,Observed,1,1,1
P03135,TOR_20260907_1_PA022,3136,4,2,1,1,0,0,0,1,0,11,0,1,1,2,Foul,0,0,Observed,Observed,Observed,1,1,1
P03136,TOR_20260907_1_PA022,3137,5,2,2,1,0,0,0,1,0,17,0,1,1,2,In Play,1,0,Observed,Observed,Observed,1,1,1
P03137,TOR_20260907_1_PA023,3138,1,0,0,0,0,0,0,0,0,17,0,2,0,2,Called Strike,0,0,Observed,Observed,Observed,1,1,1
P03138,TOR_20260907_1_PA023,3139,2,0,1,0,0,0,0,0,0,11,0,1,1,2,In Play,1,0,Observed,Observed,Observed,1,1,1
P03139,TOR_20260907_1_PA024,3140,1,0,0,0,0,0,0,0,0,18,0,1,2,3,Called Strike,0,0,Observed,Observed,Observed,1,1,1
P03140,TOR_20260907_1_PA024,3141,2,0,1,0,0,0,0,0,0,17,0,1,1,2,Ball,0,0,Observed,Observed,Observed,1,1,1
P03141,TOR_20260907_1_PA024,3142,3,1,1,0,0,0,0,0,0,21,1,1,3,5,Foul,0,0,Observed,Observed,Observed,1,1,1
P03142,TOR_20260907_1_PA024,3143,4,1,2,0,0,0,0,0,0,23,0,1,2,3,In Play,1,0,Observed,Observed,Observed,1,1,1
P03143,TOR_20260907_1_PA025,3144,1,0,0,1,0,0,0,1,0,12,0,0,2,2,Foul,0,0,Observed,Observed,Observed,1,1,1
P03144,TOR_20260907_1_PA025,3145,2,0,1,1,0,0,0,1,0,14,0,1,1,2,Foul,0,0,Observed,Observed,Observed,1,1,1
P03145,TOR_20260907_1_PA025,3146,3,0,2,1,0,0,0,1,0,13,0,1,1,2,Ball,0,0,Observed,Observed,Observed,1,1,1
P03146,TOR_20260907_1_PA025,3147,4,1,2,1,0,0,0,1,0,25,0,0,0,0,Foul,0,0,Observed,Observed,Observed,1,1,1
P03147,TOR_20260907_1_PA025,3148,5,1,2,1,0,0,0,1,0,32,0,0,0,0,In Play,1,0,Observed,Observed,Observed,1,1,1
P03148,TOR_20260907_1_PA026,3149,1,0,0,1,1,0,1,2,0,10,0,0,0,0,Foul,0,0,Observed,Observed,Observed,1,1,1
P03149,TOR_20260907_1_PA026,3150,2,0,1,1,1,0,1,2,0,15,1,0,1,2,Foul,0,0,Observed,Observed,Observed,1,1,1
P03150,TOR_20260907_1_PA026,3151,3,0,2,1,1,0,1,2,0,12,0,0,1,1,In Play,1,0,Observed,Observed,Observed,1,1,1
P03151,TOR_20260907_1_PA027,3152,1,0,0,0,1,1,1,2,0,10,0,0,2,2,Ball,0,0,Observed,Observed,Observed,1,1,1
P03152,TOR_20260907_1_PA027,3153,2,1,0,0,1,1,1,2,0,11,0,0,2,2,Ball,0,0,Observed,Observed,Observed,1,1,1
P03153,TOR_20260907_1_PA027,3154,3,2,0,0,1,1,1,2,0,28,0,3,2,5,In Play,1,0,Observed,Observed,Observed,1,1,1
P03154,TOR_20260907_1_PA028,3155,1,0,0,0,1,0,1,1,0,10,0,0,1,1,Called Strike,0,0,Observed,Observed,Observed,1,1,1
P03155,TOR_20260907_1_PA028,3156,2,0,1,0,1,0,1,1,0,19,0,1,0,1,Swinging Strike,0,0,Observed,Observed,Observed,1,1,1
P03156,TOR_20260907_1_PA028,3157,3,0,2,0,1,0,1,1,0,9,0,0,1,1,Ball,0,0,Observed,Observed,Observed,1,1,1
P03157,TOR_20260907_1_PA028,3158,4,1,2,0,1,0,1,1,0,23,0,0,0,0,Ball,0,0,Observed,Observed,Observed,1,1,1
P03158,TOR_20260907_1_PA028,3159,5,2,2,0,1,0,1,1,0,11,0,0,0,0,Swinging Strike,1,0,Observed,Observed,Observed,1,1,1
P03159,TOR_20260907_1_PA029,3160,1,0,0,0,0,0,0,0,0,13,0,0,1,1,Called Strike,0,0,Observed,Observed,Observed,1,1,1
P03160,TOR_20260907_1_PA029,3161,2,0,1,0,0,0,0,0,0,13,0,0,1,1,Called Strike,0,0,Observed,Observed,Observed,1,1,1
P03161,TOR_20260907_1_PA029,3162,3,0,2,0,0,0,0,0,0,17,0,0,1,1,Foul,0,0,Observed,Observed,Observed,1,1,1
P03162,TOR_20260907_1_PA029,3163,4,0,2,0,0,0,0,0,0,15,0,0,1,1,Ball,0,0,Observed,Observed,Observed,1,1,1
P03163,TOR_20260907_1_PA029,3164,5,1,2,0,0,0,0,0,0,15,0,0,1,1,Swinging Strike,1,0,Observed,Observed,Observed,1,1,1
P03164,TOR_20260907_1_PA030,3165,1,0,0,0,0,0,0,0,0,19,0,0,2,2,Ball,0,0,Observed,Observed,Observed,1,1,1
P03165,TOR_20260907_1_PA030,3166,2,1,0,0,0,0,0,0,0,30,0,0,0,0,Foul,0,0,Observed,Observed,Observed,1,1,1
P03166,TOR_20260907_1_PA030,3167,3,1,1,0,0,0,0,0,0,10,0,1,2,3,Ball,0,0,Observed,Observed,Observed,1,1,1
P03167,TOR_20260907_1_PA030,3168,4,2,1,0,0,0,0,0,0,13,0,0,0,0,In Play,1,0,Observed,Observed,Observed,1,1,1
P03168,TOR_20260907_1_PA031,3169,1,0,0,0,0,0,0,0,0,11,0,1,2,3,Called Strike,0,0,Observed,Observed,Observed,1,1,1
P03169,TOR_20260907_1_PA031,3170,2,0,1,0,0,0,0,0,0,7,0,3,2,5,In Play,1,0,Observed,Observed,Observed,1,1,1
P03170,TOR_20260907_1_PA032,3171,1,0,0,1,0,0,0,1,0,14,0,0,0,0,Ball,0,0,Observed,Observed,Observed,1,1,1
P03171,TOR_20260907_1_PA032,3172,2,1,0,1,0,0,0,1,0,14,0,2,0,2,Swinging Strike,0,0,Observed,Observed,Observed,1,1,1
P03172,TOR_20260907_1_PA032,3173,3,1,1,1,0,0,0,1,0,10,0,0,1,1,Ball,0,0,Observed,Observed,Observed,1,1,1
P03173,TOR_20260907_1_PA032,3174,4,2,1,1,0,0,0,1,0,11,0,0,0,0,Ball,0,0,Observed,Observed,Observed,1,1,1
P03174,TOR_20260907_1_PA032,3175,5,3,1,1,0,0,0,1,0,15,0,0,1,1,Foul,0,0,Observed,Observed,Observed,1,1,1
P03175,TOR_20260907_1_PA032,3176,6,3,2,1,0,0,0,1,0,10,0,1,0,1,Ball,1,0,Observed,Observed,Observed,1,1,1
P03176,TOR_20260907_1_PA033,3177,1,0,0,1,1,0,1,2,0,17,1,2,2,5,Foul,0,0,Observed,Observed,Observed,1,1,1
P03177,TOR_20260907_1_PA033,3178,2,0,1,1,1,0,1,2,0,16,0,1,1,2,Called Strike,0,0,Observed,Observed,Observed,1,1,1
P03178,TOR_20260907_1_PA033,3179,3,0,2,1,1,0,1,2,0,13,0,1,1,2,In Play,1,0,Observed,Observed,Observed,1,1,1
P03179,TOR_20260907_1_PA034,3180,1,0,0,0,0,0,0,0,0,14,0,2,1,3,Called Strike,0,0,Observed,Observed,Observed,1,1,1
P03180,TOR_20260907_1_PA034,3181,2,0,1,0,0,0,0,0,0,12,0,1,1,2,Foul,0,0,Observed,Observed,Observed,1,1,1
P03181,TOR_20260907_1_PA034,3182,3,0,2,0,0,0,0,0,0,11,1,2,1,4,In Play,1,0,Observed,Observed,Observed,1,1,1
P03182,TOR_20260907_1_PA035,3183,1,0,0,0,0,0,0,0,0,18,0,0,1,1,Ball,0,0,Observed,Observed,Observed,1,1,1
P03183,TOR_20260907_1_PA035,3184,2,1,0,0,0,0,0,0,0,10,1,0,0,1,Called Strike,0,0,Observed,Observed,Observed,1,1,1
P03184,TOR_20260907_1_PA035,3185,3,1,1,0,0,0,0,0,0,13,0,0,3,3,In Play,1,0,Observed,Observed,Observed,1,1,1
P03185,TOR_20260907_1_PA036,3186,1,0,0,0,0,0,0,0,0,12,0,0,1,1,Ball,0,0,Observed,Observed,Observed,1,1,1
P03186,TOR_20260907_1_PA036,3187,2,1,0,0,0,0,0,0,0,21,0,1,2,3,Called Strike,0,0,Observed,Observed,Observed,1,1,1
P03187,TOR_20260907_1_PA036,3188,3,1,1,0,0,0,0,0,0,20,0,0,3,3,Called Strike,0,0,Observed,Observed,Observed,1,1,1
P03188,TOR_20260907_1_PA036,3189,4,1,2,0,0,0,0,0,0,19,0,2,2,4,In Play,1,0,Observed,Observed,Observed,1,1,1
P03189,TOR_20260907_1_PA037,3190,1,0,0,0,0,0,0,0,0,13,0,0,0,0,Ball,0,0,Observed,Observed,Observed,1,1,1
P03190,TOR_20260907_1_PA037,3191,2,1,0,0,0,0,0,0,0,12,0,0,0,0,Called Strike,0,0,Observed,Observed,Observed,1,1,1
P03191,TOR_20260907_1_PA037,3192,3,1,1,0,0,0,0,0,0,10,0,0,1,1,Called Strike,0,0,Observed,Observed,Observed,1,1,1
P03192,TOR_20260907_1_PA037,3193,4,1,2,0,0,0,0,0,0,14,0,0,0,0,Ball,0,0,Observed,Observed,Observed,1,1,1
P03193,TOR_20260907_1_PA037,3194,5,2,2,0,0,0,0,0,0,40,0,0,0,0,Ball,0,0,Observed,Observed,Observed,1,1,1
P03194,TOR_20260907_1_PA037,3195,6,3,2,0,0,0,0,0,0,10,0,0,0,0,Foul,0,0,Observed,Observed,Observed,1,1,1
P03195,TOR_20260907_1_PA037,3196,7,3,2,0,0,0,0,0,0,12,0,0,0,0,Foul,0,0,Observed,Observed,Observed,1,1,1
P03196,TOR_20260907_1_PA037,3197,8,3,2,0,0,0,0,0,0,9,0,0,0,0,Ball,1,0,Observed,Observed,Observed,1,1,1
P03197,TOR_20260907_1_PA038,3198,1,0,0,1,0,0,0,1,0,11,0,0,1,1,Called Strike,0,0,Observed,Observed,Observed,1,1,1
P03198,TOR_20260907_1_PA038,3199,2,0,1,1,0,0,0,1,0,10,0,0,1,1,Swinging Strike,0,0,Observed,Observed,Observed,1,1,1
P03199,TOR_20260907_1_PA038,3200,3,0,2,1,0,0,0,1,0,20,0,0,0,0,Foul,0,0,Observed,Observed,Observed,1,1,1
P03200,TOR_20260907_1_PA038,3201,4,0,2,1,0,0,0,1,0,13,0,0,1,1,Swinging Strike,1,0,Observed,Observed,Observed,1,1,1
P03201,TOR_20260908_1_PA001,3202,1,0,0,0,0,0,0,0,0,12,0,0,1,1,Foul,0,0,Observed,Observed,Observed,1,1,1
P03202,TOR_20260908_1_PA001,3203,2,0,1,0,0,0,0,0,0,12,0,0,0,0,Called Strike,0,0,Observed,Observed,Observed,1,1,1
P03203,TOR_20260908_1_PA001,3204,3,0,2,0,0,0,0,0,0,9,0,0,1,1,In Play,1,0,Observed,Observed,Observed,1,1,1
P03204,TOR_20260908_1_PA002,3205,1,0,0,1,0,0,0,1,0,17,0,1,1,2,Foul,0,0,Observed,Observed,Observed,1,1,1
P03205,TOR_20260908_1_PA002,3206,2,0,1,1,0,0,0,1,0,13,2,1,1,4,Called Strike,0,0,Observed,Observed,Observed,1,1,1
P03206,TOR_20260908_1_PA002,3207,3,0,2,1,0,0,0,1,0,17,1,1,1,3,Ball,0,0,Observed,Observed,Observed,1,1,1
P03207,TOR_20260908_1_PA002,3208,4,1,2,1,0,0,0,1,0,24,0,1,1,2,In Play,1,0,Observed,Observed,Observed,1,1,1
P03208,TOR_20260908_1_PA003,3209,1,0,0,1,0,0,0,1,0,21,0,0,1,1,Foul,0,0,Observed,Observed,Observed,1,1,1
P03209,TOR_20260908_1_PA003,3210,2,0,1,1,0,0,0,1,0,12,0,0,1,1,Foul,0,0,Observed,Observed,Observed,1,1,1
P03210,TOR_20260908_1_PA003,3211,3,0,2,1,0,0,0,1,0,15,0,0,0,0,Ball,0,0,Observed,Observed,Observed,1,1,1
P03211,TOR_20260908_1_PA003,3212,4,1,2,1,0,0,0,1,0,17,0,0,1,1,Swinging Strike,1,0,Observed,Observed,Observed,1,1,1
P03212,TOR_20260908_1_PA004,3213,1,0,0,1,0,0,0,1,0,16,0,1,2,3,Ball,0,0,Observed,Observed,Observed,1,1,1
P03213,TOR_20260908_1_PA004,3214,2,1,0,1,0,0,0,1,0,7,0,0,1,1,Called Strike,0,0,Observed,Observed,Observed,1,1,1
P03214,TOR_20260908_1_PA004,3215,3,1,1,1,0,0,0,1,0,18,1,1,1,3,Swinging Strike,0,0,Observed,Observed,Observed,1,1,1
P03215,TOR_20260908_1_PA004,3216,4,1,2,1,0,0,0,1,0,16,0,1,2,3,Foul,0,0,Observed,Observed,Observed,1,1,1
P03216,TOR_20260908_1_PA004,3217,5,1,2,1,0,0,0,1,0,10,0,1,2,3,Called Strike,1,0,Observed,Observed,Observed,1,1,1
P03217,TOR_20260908_1_PA005,3218,1,0,0,0,0,0,0,0,0,11,0,1,3,4,Ball,0,0,Observed,Observed,Observed,1,1,1
P03218,TOR_20260908_1_PA005,3219,2,1,0,0,0,0,0,0,0,23,0,2,2,4,Foul,0,0,Observed,Observed,Observed,1,1,1
P03219,TOR_20260908_1_PA005,3220,3,1,1,0,0,0,0,0,0,16,0,0,2,2,Called Strike,0,0,Observed,Observed,Observed,1,1,1
P03220,TOR_20260908_1_PA005,3221,4,1,2,0,0,0,0,0,0,18,0,0,2,2,Ball,0,0,Observed,Observed,Observed,1,1,1
P03221,TOR_20260908_1_PA005,3222,5,2,2,0,0,0,0,0,0,19,0,1,3,4,In Play,1,0,Observed,Observed,Observed,1,1,1
P03222,TOR_20260908_1_PA006,3223,1,0,0,0,0,0,0,0,0,15,0,1,0,1,Called Strike,0,0,Observed,Observed,Observed,1,1,1
P03223,TOR_20260908_1_PA006,3224,2,0,1,0,0,0,0,0,0,17,0,0,0,0,Ball,0,0,Observed,Observed,Observed,1,1,1
P03224,TOR_20260908_1_PA006,3225,3,1,1,0,0,0,0,0,0,14,0,1,1,2,Ball,0,0,Observed,Observed,Observed,1,1,1
P03225,TOR_20260908_1_PA006,3226,4,2,1,0,0,0,0,0,0,15,0,1,0,1,In Play,1,0,Observed,Observed,Observed,1,1,1
P03226,TOR_20260908_1_PA007,3227,1,0,0,0,0,0,0,0,0,9,0,1,0,1,Ball,0,0,Observed,Observed,Observed,1,1,1
P03227,TOR_20260908_1_PA007,3228,2,1,0,0,0,0,0,0,0,8,0,0,0,0,Ball,0,0,Observed,Observed,Observed,1,1,1
P03228,TOR_20260908_1_PA007,3229,3,2,0,0,0,0,0,0,0,15,0,0,1,1,Called Strike,0,0,Observed,Observed,Observed,1,1,1
P03229,TOR_20260908_1_PA007,3230,4,2,1,0,0,0,0,0,0,11,1,1,0,2,In Play,1,0,Observed,Observed,Observed,1,1,1
P03230,TOR_20260908_1_PA008,3231,1,0,0,1,0,0,0,1,0,4,0,1,0,1,Called Strike,0,0,Observed,Observed,Observed,1,1,1
P03231,TOR_20260908_1_PA008,3232,2,0,1,1,0,0,0,1,0,20,1,0,2,3,Called Strike,0,0,Observed,Observed,Observed,1,1,1
P03232,TOR_20260908_1_PA008,3233,3,0,2,1,0,0,0,1,0,17,0,0,0,0,In Play,1,0,Observed,Observed,Observed,1,1,1
P03233,TOR_20260908_1_PA009,3234,1,0,0,0,0,0,0,0,0,20,0,0,0,0,Called Strike,0,0,Observed,Observed,Observed,1,1,1
P03234,TOR_20260908_1_PA009,3235,2,0,1,0,0,0,0,0,0,14,0,1,1,2,Ball,0,0,Observed,Observed,Observed,1,1,1
P03235,TOR_20260908_1_PA009,3236,3,1,1,0,0,0,0,0,0,14,0,0,0,0,In Play,1,0,Observed,Observed,Observed,1,1,1
P03236,TOR_20260908_1_PA010,3237,1,0,0,0,0,0,0,0,0,14,0,0,2,2,Ball,0,0,Observed,Observed,Observed,1,1,1
P03237,TOR_20260908_1_PA010,3238,2,1,0,0,0,0,0,0,0,14,0,0,0,0,Ball,0,0,Observed,Observed,Observed,1,1,1
P03238,TOR_20260908_1_PA010,3239,3,2,0,0,0,0,0,0,0,14,0,0,0,0,Foul,0,0,Observed,Observed,Observed,1,1,1
P03239,TOR_20260908_1_PA010,3240,4,2,1,0,0,0,0,0,0,15,0,0,0,0,Ball,0,0,Observed,Observed,Observed,1,1,1
P03240,TOR_20260908_1_PA010,3241,5,3,1,0,0,0,0,0,0,18,0,0,0,0,In Play,1,0,Observed,Observed,Observed,1,1,1
P03241,TOR_20260908_1_PA011,3242,1,0,0,0,0,0,0,0,0,13,0,1,1,2,Ball,0,0,Observed,Observed,Observed,1,1,1
P03242,TOR_20260908_1_PA011,3243,2,1,0,0,0,0,0,0,0,16,0,1,2,3,In Play,1,0,Observed,Observed,Observed,1,1,1
P03243,TOR_20260908_1_PA012,3244,1,0,0,0,0,0,0,0,0,16,0,0,1,1,Called Strike,0,0,Observed,Observed,Observed,1,1,1
P03244,TOR_20260908_1_PA012,3245,2,0,1,0,0,0,0,0,0,21,0,1,0,1,In Play,1,0,Observed,Observed,Observed,1,1,1
P03245,TOR_20260908_1_PA013,3246,1,0,0,0,0,0,0,0,0,13,0,0,1,1,Swinging Strike,0,0,Observed,Observed,Observed,1,1,1
P03246,TOR_20260908_1_PA013,3247,2,0,1,0,0,0,0,0,0,12,0,0,2,2,In Play,1,0,Observed,Observed,Observed,1,1,1
P03247,TOR_20260908_1_PA014,3248,1,0,0,0,0,0,0,0,0,34,0,0,3,3,Called Strike,0,0,Observed,Observed,Observed,1,1,1
P03248,TOR_20260908_1_PA014,3249,2,0,1,0,0,0,0,0,0,18,0,1,1,2,Ball,0,0,Observed,Observed,Observed,1,1,1
P03249,TOR_20260908_1_PA014,3250,3,1,1,0,0,0,0,0,0,21,0,1,3,4,Ball,0,0,Observed,Observed,Observed,1,1,1
P03250,TOR_20260908_1_PA014,3251,4,2,1,0,0,0,0,0,0,18,0,1,3,4,In Play,1,0,Observed,Observed,Observed,1,1,1
P03251,TOR_20260908_1_PA015,3252,1,0,0,1,0,0,0,1,0,10,0,1,0,1,Ball,0,0,Observed,Observed,Observed,1,1,1
P03252,TOR_20260908_1_PA015,3253,2,1,0,1,0,0,0,1,0,14,0,0,1,1,Foul,0,0,Observed,Observed,Observed,1,1,1
P03253,TOR_20260908_1_PA015,3254,3,1,1,1,0,0,0,1,0,14,0,0,0,0,Ball,0,0,Observed,Observed,Observed,1,1,1
P03254,TOR_20260908_1_PA015,3255,4,2,1,1,0,0,0,1,0,13,0,1,0,1,In Play,1,0,Observed,Observed,Observed,1,1,1
P03255,TOR_20260908_1_PA016,3256,1,0,0,0,1,0,1,1,0,13,0,0,1,1,Ball,0,0,Observed,Observed,Observed,1,1,1
P03256,TOR_20260908_1_PA016,3257,2,1,0,0,1,0,1,1,0,10,0,0,3,3,Swinging Strike,0,0,Observed,Observed,Observed,1,1,1
P03257,TOR_20260908_1_PA016,3258,3,1,1,0,1,0,1,1,0,19,0,0,1,1,Swinging Strike,0,0,Observed,Observed,Observed,1,1,1
P03258,TOR_20260908_1_PA016,3259,4,1,2,0,1,0,1,1,0,15,0,1,0,1,Foul,0,0,Observed,Observed,Observed,1,1,1
P03259,TOR_20260908_1_PA016,3260,5,1,2,0,1,0,1,1,0,13,0,1,1,2,Foul,0,0,Observed,Observed,Observed,1,1,1
P03260,TOR_20260908_1_PA016,3261,6,1,2,0,1,0,1,1,0,15,0,0,0,0,In Play,1,0,Observed,Observed,Observed,1,1,1
P03261,TOR_20260908_1_PA017,3262,1,0,0,0,0,0,0,0,0,22,0,2,1,3,Ball,0,0,Observed,Observed,Observed,1,1,1
P03262,TOR_20260908_1_PA017,3263,2,1,0,0,0,0,0,0,0,13,2,1,3,6,Swinging Strike,0,0,Observed,Observed,Observed,1,1,1
P03263,TOR_20260908_1_PA017,3264,3,1,1,0,0,0,0,0,0,23,0,1,0,1,Foul,0,0,Observed,Observed,Observed,1,1,1
P03264,TOR_20260908_1_PA017,3265,4,1,2,0,0,0,0,0,0,15,1,3,0,4,Foul,0,0,Observed,Observed,Observed,1,1,1
P03265,TOR_20260908_1_PA017,3266,5,1,2,0,0,0,0,0,0,19,1,1,0,2,Foul,0,0,Observed,Observed,Observed,1,1,1
P03266,TOR_20260908_1_PA017,3267,6,1,2,0,0,0,0,0,0,7,0,0,0,0,Foul,0,0,Observed,Observed,Observed,1,1,1
P03267,TOR_20260908_1_PA017,3268,7,1,2,0,0,0,0,0,0,19,0,0,1,1,Ball,0,0,Observed,Observed,Observed,1,1,1
P03268,TOR_20260908_1_PA017,3269,8,2,2,0,0,0,0,0,0,18,0,1,0,1,Called Strike,1,0,Observed,Observed,Observed,1,1,1
P03269,TOR_20260908_1_PA018,3270,1,0,0,0,0,0,0,0,0,14,0,0,1,1,Ball,0,0,Observed,Observed,Observed,1,1,1
P03270,TOR_20260908_1_PA018,3271,2,1,0,0,0,0,0,0,0,13,0,0,1,1,In Play,1,0,Observed,Observed,Observed,1,1,1
P03271,TOR_20260908_1_PA019,3272,1,0,0,0,0,0,0,0,0,10,0,0,1,1,Ball,0,0,Observed,Observed,Observed,1,1,1
P03272,TOR_20260908_1_PA019,3273,2,1,0,0,0,0,0,0,0,19,0,0,0,0,Ball,0,0,Observed,Observed,Observed,1,1,1
P03273,TOR_20260908_1_PA019,3274,3,2,0,0,0,0,0,0,0,17,0,0,0,0,Foul,0,0,Observed,Observed,Observed,1,1,1
P03274,TOR_20260908_1_PA019,3275,4,2,1,0,0,0,0,0,0,26,1,0,0,1,Ball,0,0,Observed,Observed,Observed,1,1,1
P03275,TOR_20260908_1_PA019,3276,5,3,1,0,0,0,0,0,0,40,0,0,0,0,Foul,0,0,Observed,Observed,Observed,1,1,1
P03276,TOR_20260908_1_PA019,3277,6,3,2,0,0,0,0,0,0,11,0,0,0,0,In Play,1,0,Observed,Observed,Observed,1,1,1
P03277,TOR_20260908_1_PA020,3278,1,0,0,0,0,0,0,0,0,32,0,1,2,3,Ball,0,0,Observed,Observed,Observed,1,1,1
P03278,TOR_20260908_1_PA020,3279,2,1,0,0,0,0,0,0,0,11,0,1,1,2,Ball,0,0,Observed,Observed,Observed,1,1,1
P03279,TOR_20260908_1_PA020,3280,3,2,0,0,0,0,0,0,0,17,0,1,1,2,Called Strike,0,0,Observed,Observed,Observed,1,1,1
P03280,TOR_20260908_1_PA020,3281,4,2,1,0,0,0,0,0,0,4,0,1,2,3,Ball,0,0,Observed,Observed,Observed,1,1,1
P03281,TOR_20260908_1_PA020,3282,5,3,1,0,0,0,0,0,0,11,1,1,3,5,Foul,0,0,Observed,Observed,Observed,1,1,1
P03282,TOR_20260908_1_PA020,3283,6,3,2,0,0,0,0,0,0,16,0,1,1,2,In Play,1,0,Observed,Observed,Observed,1,1,1
P03283,TOR_20260908_1_PA021,3284,1,0,0,1,0,0,0,1,0,13,0,1,2,3,Ball,0,0,Observed,Observed,Observed,1,1,1
P03284,TOR_20260908_1_PA021,3285,2,1,0,1,0,0,0,1,0,12,0,0,0,0,Swinging Strike,0,0,Observed,Observed,Observed,1,1,1
P03285,TOR_20260908_1_PA021,3286,3,1,1,1,0,0,0,1,0,14,0,0,3,3,Swinging Strike,0,0,Observed,Observed,Observed,1,1,1
P03286,TOR_20260908_1_PA021,3287,4,1,2,1,0,0,0,1,0,20,0,0,1,1,In Play,1,0,Observed,Observed,Observed,1,1,1
P03287,TOR_20260908_1_PA022,3288,1,0,0,1,1,0,1,2,0,9,0,0,2,2,Ball,0,0,Observed,Observed,Observed,1,1,1
P03288,TOR_20260908_1_PA022,3289,2,1,0,1,1,0,1,2,0,7,0,0,1,1,Foul,0,0,Observed,Observed,Observed,1,1,1
P03289,TOR_20260908_1_PA022,3290,3,1,1,1,1,0,1,2,0,19,0,0,2,2,Ball,0,0,Observed,Observed,Observed,1,1,1
P03290,TOR_20260908_1_PA022,3291,4,2,1,1,1,0,1,2,0,27,0,1,2,3,Ball,0,0,Observed,Observed,Observed,1,1,1
P03291,TOR_20260908_1_PA022,3292,5,3,1,1,1,0,1,2,0,27,0,1,1,2,Called Strike,0,0,Observed,Observed,Observed,1,1,1
P03292,TOR_20260908_1_PA022,3293,6,3,2,1,1,0,1,2,0,14,0,1,2,3,Foul,0,0,Observed,Observed,Observed,1,1,1
P03293,TOR_20260908_1_PA022,3294,7,3,2,1,1,0,1,2,0,22,0,1,2,3,In Play,1,0,Observed,Observed,Observed,1,1,1
P03294,TOR_20260908_1_PA023,3295,1,0,0,1,0,1,1,2,0,9,0,0,1,1,In Play,1,0,Observed,Observed,Observed,1,1,1
P03295,TOR_20260908_1_PA024,3296,1,0,0,0,0,0,0,0,0,9,0,1,1,2,Called Strike,0,0,Observed,Observed,Observed,1,1,1
P03296,TOR_20260908_1_PA024,3297,2,0,1,0,0,0,0,0,0,17,0,1,0,1,Ball,0,0,Observed,Observed,Observed,1,1,1
P03297,TOR_20260908_1_PA024,3298,3,1,1,0,0,0,0,0,0,14,1,1,1,3,Called Strike,0,0,Observed,Observed,Observed,1,1,1
P03298,TOR_20260908_1_PA024,3299,4,1,2,0,0,0,0,0,0,16,0,1,0,1,Ball,0,0,Observed,Observed,Observed,1,1,1
P03299,TOR_20260908_1_PA024,3300,5,2,2,0,0,0,0,0,0,15,0,1,1,2,In Play,1,0,Observed,Observed,Observed,1,1,1
P03300,TOR_20260908_1_PA025,3301,1,0,0,1,0,0,0,1,0,9,0,0,0,0,Ball,0,0,Observed,Observed,Observed,1,1,1
P03301,TOR_20260908_1_PA025,3302,2,1,0,1,0,0,0,1,0,9,0,0,1,1,Called Strike,0,0,Observed,Observed,Observed,1,1,1
P03302,TOR_20260908_1_PA025,3303,3,1,1,1,0,0,0,1,0,14,0,0,1,1,In Play,1,0,Observed,Observed,Observed,1,1,1
P03303,TOR_20260908_1_PA026,3304,1,0,0,0,0,0,0,0,0,25,0,1,1,2,Foul,0,0,Observed,Observed,Observed,1,1,1
P03304,TOR_20260908_1_PA026,3305,2,0,1,0,0,0,0,0,0,14,0,1,0,1,Ball,0,0,Observed,Observed,Observed,1,1,1
P03305,TOR_20260908_1_PA026,3306,3,1,1,0,0,0,0,0,0,11,0,0,0,0,Foul,0,0,Observed,Observed,Observed,1,1,1
P03306,TOR_20260908_1_PA026,3307,4,1,2,0,0,0,0,0,0,12,0,0,0,0,Ball,0,0,Observed,Observed,Observed,1,1,1
P03307,TOR_20260908_1_PA026,3308,5,2,2,0,0,0,0,0,0,23,0,0,0,0,Foul,0,0,Observed,Observed,Observed,1,1,1
P03308,TOR_20260908_1_PA026,3309,6,2,2,0,0,0,0,0,0,18,0,3,0,3,Ball,0,0,Observed,Observed,Observed,1,1,1
P03309,TOR_20260908_1_PA026,3310,7,3,2,0,0,0,0,0,0,7,0,1,0,1,Foul,0,0,Observed,Observed,Observed,1,1,1
P03310,TOR_20260908_1_PA026,3311,8,3,2,0,0,0,0,0,0,16,0,0,0,0,In Play,1,0,Observed,Observed,Observed,1,1,1
P03311,TOR_20260908_1_PA027,3312,1,0,0,1,0,0,0,1,0,9,0,1,2,3,Called Strike,0,0,Observed,Observed,Observed,1,1,1
P03312,TOR_20260908_1_PA027,3313,2,0,1,1,0,0,0,1,0,11,0,2,0,2,Ball,0,0,Observed,Observed,Observed,1,1,1
P03313,TOR_20260908_1_PA027,3314,3,1,1,1,0,0,0,1,0,16,0,0,0,0,Ball,0,0,Observed,Observed,Observed,1,1,1
P03314,TOR_20260908_1_PA027,3315,4,2,1,0,1,0,1,1,0,12,0,0,0,0,Foul,0,0,Observed,Observed,Observed,1,1,1
P03315,TOR_20260908_1_PA027,3316,5,2,2,0,1,0,1,1,0,35,0,1,1,2,Foul,0,0,Observed,Observed,Observed,1,1,1
P03316,TOR_20260908_1_PA027,3317,6,2,2,0,1,0,1,1,0,20,0,0,1,1,In Play,1,0,Observed,Observed,Observed,1,1,1
P03317,TOR_20260908_1_PA028,3318,1,0,0,0,0,1,1,1,0,22,0,0,1,1,Called Strike,0,0,Observed,Observed,Observed,1,1,1
P03318,TOR_20260908_1_PA028,3319,2,0,1,0,0,1,1,1,0,13,0,0,0,0,Called Strike,0,0,Observed,Observed,Observed,1,1,1
P03319,TOR_20260908_1_PA028,3320,3,0,2,0,0,1,1,1,0,12,0,0,0,0,Ball,0,0,Observed,Observed,Observed,1,1,1
P03320,TOR_20260908_1_PA028,3321,4,1,2,0,0,1,1,1,0,12,0,0,0,0,Swinging Strike,1,0,Observed,Observed,Observed,1,1,1
P03321,TOR_20260908_1_PA029,3322,1,0,0,0,0,1,1,1,0,10,0,1,1,2,In Play,1,0,Observed,Observed,Observed,1,1,1
P03322,TOR_20260908_1_PA030,3323,1,0,0,0,0,0,0,0,0,16,0,0,2,2,Ball,0,0,Observed,Observed,Observed,1,1,1
P03323,TOR_20260908_1_PA030,3324,2,1,0,0,0,0,0,0,0,25,0,0,1,1,Ball,0,0,Observed,Observed,Observed,1,1,1
P03324,TOR_20260908_1_PA030,3325,3,2,0,0,0,0,0,0,0,10,0,0,1,1,In Play,1,0,Observed,Observed,Observed,1,1,1
P03325,TOR_20260908_1_PA031,3326,1,0,0,1,0,0,0,1,0,13,0,0,1,1,Called Strike,0,0,Observed,Observed,Observed,1,1,1
P03326,TOR_20260908_1_PA031,3327,2,0,1,1,0,0,0,1,0,16,0,0,1,1,Called Strike,0,0,Observed,Observed,Observed,1,1,1
P03327,TOR_20260908_1_PA031,3328,3,0,2,1,0,0,0,1,0,26,0,1,3,4,Ball,0,0,Observed,Observed,Observed,1,1,1
P03328,TOR_20260908_1_PA031,3329,4,1,2,1,0,0,0,1,0,27,0,1,3,4,In Play,1,0,Observed,Observed,Observed,1,1,1
P03329,TOR_20260908_1_PA032,3330,1,0,0,1,0,0,0,1,0,14,0,1,2,3,Ball,0,0,Observed,Observed,Observed,1,1,1
P03330,TOR_20260908_1_PA032,3331,2,1,0,1,0,0,0,1,0,35,0,0,1,1,Called Strike,0,0,Observed,Observed,Observed,1,1,1
P03331,TOR_20260908_1_PA032,3332,3,1,1,1,0,0,0,1,0,27,0,2,2,4,Foul,0,0,Observed,Observed,Observed,1,1,1
P03332,TOR_20260908_1_PA032,3333,4,1,2,1,0,0,0,1,0,18,0,3,2,5,Ball,0,0,Observed,Observed,Observed,1,1,1
P03333,TOR_20260908_1_PA032,3334,5,2,2,1,0,0,0,1,0,20,0,1,3,4,Foul,0,0,Observed,Observed,Observed,1,1,1
P03334,TOR_20260908_1_PA032,3335,6,2,2,1,0,0,0,1,0,40,0,0,2,2,Ball,0,0,Observed,Observed,Observed,1,1,1
P03335,TOR_20260908_1_PA032,3336,7,3,2,1,0,0,0,1,0,10,0,1,2,3,Foul,0,0,Observed,Observed,Observed,1,1,1
P03336,TOR_20260908_1_PA032,3337,8,3,2,1,0,0,0,1,0,13,0,0,3,3,Foul,0,0,Observed,Observed,Observed,1,1,1
P03337,TOR_20260908_1_PA032,3338,9,3,2,1,0,0,0,1,0,17,0,3,1,4,Called Strike,1,0,Observed,Observed,Observed,1,1,1
P03338,TOR_20260908_1_PA033,3339,1,0,0,0,0,0,0,0,0,13,0,0,0,0,Called Strike,0,0,Observed,Observed,Observed,1,1,1
P03339,TOR_20260908_1_PA033,3340,2,0,1,0,0,0,0,0,0,20,0,2,0,2,Ball,0,0,Observed,Observed,Observed,1,1,1
P03340,TOR_20260908_1_PA033,3341,3,1,1,0,0,0,0,0,0,10,0,0,1,1,Called Strike,0,0,Observed,Observed,Observed,1,1,1
P03341,TOR_20260908_1_PA033,3342,4,1,2,0,0,0,0,0,0,14,0,0,0,0,Ball,0,0,Observed,Observed,Observed,1,1,1
P03342,TOR_20260908_1_PA033,3343,5,2,2,0,0,0,0,0,0,11,0,1,0,1,In Play,1,0,Observed,Observed,Observed,1,1,1
P03343,TOR_20260908_1_PA034,3344,1,0,0,0,0,0,0,0,0,11,0,0,1,1,Ball,0,0,Observed,Observed,Observed,1,1,1
P03344,TOR_20260908_1_PA034,3345,2,1,0,0,0,0,0,0,0,15,1,0,0,1,Swinging Strike,0,0,Observed,Observed,Observed,1,1,1
P03345,TOR_20260908_1_PA034,3346,3,1,1,0,0,0,0,0,0,17,0,0,1,1,Ball,0,0,Observed,Observed,Observed,1,1,1
P03346,TOR_20260908_1_PA034,3347,4,2,1,0,0,0,0,0,0,20,0,0,1,1,Ball,0,0,Observed,Observed,Observed,1,1,1
P03347,TOR_20260908_1_PA034,3348,5,3,1,0,0,0,0,0,0,13,1,2,2,5,Ball,1,0,Observed,Observed,Observed,1,1,1
P03348,TOR_20260908_1_PA035,3349,1,0,0,1,0,0,0,1,0,40,1,1,1,3,Foul,0,0,Observed,Observed,Observed,1,1,1
P03349,TOR_20260908_1_PA035,3350,2,0,1,1,0,0,0,1,0,23,0,1,1,2,Foul,0,0,Observed,Observed,Observed,1,1,1
P03350,TOR_20260908_1_PA035,3351,3,0,2,1,0,0,0,1,0,25,0,1,2,3,Swinging Strike,1,0,Observed,Observed,Observed,1,1,1
P03351,TOR_20260908_1_PA036,3352,1,0,0,1,0,0,0,1,0,14,0,1,1,2,In Play,1,0,Observed,Observed,Observed,1,1,1
P03352,TOR_20260909_1_PA001,3353,1,0,0,0,0,0,0,0,0,12,0,0,1,1,Called Strike,0,0,Observed,Observed,Observed,1,1,1
P03353,TOR_20260909_1_PA001,3354,2,0,1,0,0,0,0,0,0,13,0,0,0,0,Called Strike,0,0,Observed,Observed,Observed,1,1,1
P03354,TOR_20260909_1_PA001,3355,3,0,2,0,0,0,0,0,0,9,0,0,1,1,Foul,0,0,Observed,Observed,Observed,1,1,1
P03355,TOR_20260909_1_PA001,3356,4,0,2,0,0,0,0,0,0,16,0,0,0,0,In Play,1,0,Observed,Observed,Observed,1,1,1
P03356,TOR_20260909_1_PA002,3357,1,0,0,0,0,0,0,0,0,13,0,0,0,0,Ball,0,0,Observed,Observed,Observed,1,1,1
P03357,TOR_20260909_1_PA002,3358,2,1,0,0,0,0,0,0,0,15,0,0,1,1,Ball,0,0,Observed,Observed,Observed,1,1,1
P03358,TOR_20260909_1_PA002,3359,3,2,0,0,0,0,0,0,0,14,0,0,1,1,Swinging Strike,0,0,Observed,Observed,Observed,1,1,1
P03359,TOR_20260909_1_PA002,3360,4,2,1,0,0,0,0,0,0,10,0,0,3,3,Ball,0,0,Observed,Observed,Observed,1,1,1
P03360,TOR_20260909_1_PA002,3361,5,3,1,0,0,0,0,0,0,12,0,0,0,0,Foul,0,0,Observed,Observed,Observed,1,1,1
P03361,TOR_20260909_1_PA002,3362,6,3,2,0,0,0,0,0,0,15,0,0,2,2,Swinging Strike,1,0,Observed,Observed,Observed,1,1,1
P03362,TOR_20260909_1_PA003,3363,1,0,0,0,0,0,0,0,0,8,0,1,2,3,Called Strike,0,0,Observed,Observed,Observed,1,1,1
P03363,TOR_20260909_1_PA003,3364,2,0,1,0,0,0,0,0,0,10,0,0,0,0,Ball,0,0,Observed,Observed,Observed,1,1,1
P03364,TOR_20260909_1_PA003,3365,3,1,1,0,0,0,0,0,0,15,0,0,3,3,Foul,0,0,Observed,Observed,Observed,1,1,1
P03365,TOR_20260909_1_PA003,3366,4,1,2,0,0,0,0,0,0,22,0,0,1,1,Foul,0,0,Observed,Observed,Observed,1,1,1
P03366,TOR_20260909_1_PA003,3367,5,1,2,0,0,0,0,0,0,9,0,0,1,1,Ball,0,0,Observed,Observed,Observed,1,1,1
P03367,TOR_20260909_1_PA003,3368,6,2,2,0,0,0,0,0,0,15,0,0,0,0,Ball,0,0,Observed,Observed,Observed,1,1,1
P03368,TOR_20260909_1_PA003,3369,7,3,2,0,0,0,0,0,0,25,0,0,0,0,Ball,1,0,Observed,Observed,Observed,1,1,1
P03369,TOR_20260909_1_PA004,3370,1,0,0,1,0,0,0,1,0,10,0,0,2,2,Called Strike,0,0,Observed,Observed,Observed,1,1,1
P03370,TOR_20260909_1_PA004,3371,2,0,1,1,0,0,0,1,0,7,0,0,1,1,In Play,1,0,Observed,Observed,Observed,1,1,1
P03371,TOR_20260909_1_PA005,3372,1,0,0,0,0,0,0,0,0,17,0,0,0,0,Called Strike,0,0,Observed,Observed,Observed,1,1,1
P03372,TOR_20260909_1_PA005,3373,2,0,1,0,0,0,0,0,0,16,0,1,0,1,Swinging Strike,0,0,Observed,Observed,Observed,1,1,1
P03373,TOR_20260909_1_PA005,3374,3,0,2,0,0,0,0,0,0,14,0,3,1,4,Ball,0,0,Observed,Observed,Observed,1,1,1
P03374,TOR_20260909_1_PA005,3375,4,1,2,0,0,0,0,0,0,15,0,2,0,2,Ball,0,0,Observed,Observed,Observed,1,1,1
P03375,TOR_20260909_1_PA005,3376,5,2,2,0,0,0,0,0,0,10,0,1,0,1,Swinging Strike,1,0,Observed,Observed,Observed,1,1,1
P03376,TOR_20260909_1_PA006,3377,1,0,0,0,0,0,0,0,0,9,0,0,1,1,Ball,0,0,Observed,Observed,Observed,1,1,1
P03377,TOR_20260909_1_PA006,3378,2,1,0,0,0,0,0,0,0,10,0,0,1,1,Called Strike,0,0,Observed,Observed,Observed,1,1,1
P03378,TOR_20260909_1_PA006,3379,3,1,1,0,0,0,0,0,0,18,0,0,3,3,Ball,0,0,Observed,Observed,Observed,1,1,1
P03379,TOR_20260909_1_PA006,3380,4,2,1,0,0,0,0,0,0,14,0,1,0,1,In Play,1,0,Observed,Observed,Observed,1,1,1
P03380,TOR_20260909_1_PA007,3381,1,0,0,0,0,0,0,0,0,12,0,1,1,2,Foul,0,0,Observed,Observed,Observed,1,1,1
P03381,TOR_20260909_1_PA007,3382,2,0,1,0,0,0,0,0,0,10,0,1,0,1,Foul,0,0,Observed,Observed,Observed,1,1,1
P03382,TOR_20260909_1_PA007,3383,3,0,2,0,0,0,0,0,0,13,0,1,0,1,Ball,0,0,Observed,Observed,Observed,1,1,1
P03383,TOR_20260909_1_PA007,3384,4,1,2,0,0,0,0,0,0,10,0,0,0,0,Ball,0,0,Observed,Observed,Observed,1,1,1
P03384,TOR_20260909_1_PA007,3385,5,2,2,0,0,0,0,0,0,14,0,1,1,2,Ball,0,0,Observed,Observed,Observed,1,1,1
P03385,TOR_20260909_1_PA007,3386,6,3,2,0,0,0,0,0,0,21,0,0,1,1,Foul,0,0,Observed,Observed,Observed,1,1,1
P03386,TOR_20260909_1_PA007,3387,7,3,2,0,0,0,0,0,0,22,0,1,0,1,Ball,1,0,Observed,Observed,Observed,1,1,1
P03387,TOR_20260909_1_PA008,3388,1,0,0,1,0,0,0,1,0,11,0,1,0,1,Ball,0,0,Observed,Observed,Observed,1,1,1
P03388,TOR_20260909_1_PA008,3389,2,1,0,1,0,0,0,1,0,14,0,1,1,2,Ball,0,0,Observed,Observed,Observed,1,1,1
P03389,TOR_20260909_1_PA008,3390,3,2,0,1,0,0,0,1,0,15,0,0,1,1,Foul,0,0,Observed,Observed,Observed,1,1,1
P03390,TOR_20260909_1_PA008,3391,4,2,1,1,0,0,0,1,0,13,0,0,2,2,Ball,0,0,Observed,Observed,Observed,1,1,1
P03391,TOR_20260909_1_PA008,3392,5,3,1,1,0,0,0,1,0,16,0,0,0,0,In Play,1,0,Observed,Observed,Observed,1,1,1
P03392,TOR_20260909_1_PA009,3393,1,0,0,0,0,0,0,0,0,14,0,0,1,1,Called Strike,0,0,Observed,Observed,Observed,1,1,1
P03393,TOR_20260909_1_PA009,3394,2,0,1,0,0,0,0,0,0,15,0,0,2,2,Ball,0,0,Observed,Observed,Observed,1,1,1
P03394,TOR_20260909_1_PA009,3395,3,1,1,0,0,0,0,0,0,14,0,0,0,0,In Play,1,0,Observed,Observed,Observed,1,1,1
P03395,TOR_20260909_1_PA010,3396,1,0,0,0,0,0,0,0,0,14,0,0,0,0,Ball,0,0,Observed,Observed,Observed,1,1,1
P03396,TOR_20260909_1_PA010,3397,2,1,0,0,0,0,0,0,0,12,0,0,0,0,In Play,1,0,Observed,Observed,Observed,1,1,1
P03397,TOR_20260909_1_PA011,3398,1,0,0,0,0,0,0,0,0,15,0,0,1,1,Called Strike,0,0,Observed,Observed,Observed,1,1,1
P03398,TOR_20260909_1_PA011,3399,2,0,1,0,0,0,0,0,0,15,0,0,1,1,Ball,0,0,Observed,Observed,Observed,1,1,1
P03399,TOR_20260909_1_PA011,3400,3,1,1,0,0,0,0,0,0,15,0,0,1,1,Swinging Strike,0,0,Observed,Observed,Observed,1,1,1
P03400,TOR_20260909_1_PA011,3401,4,1,2,0,0,0,0,0,0,12,0,0,0,0,In Play,1,0,Observed,Observed,Observed,1,1,1
P03401,TOR_20260909_1_PA012,3402,1,0,0,1,0,0,0,1,0,17,0,0,2,2,Ball,0,0,Observed,Observed,Observed,1,1,1
P03402,TOR_20260909_1_PA012,3403,2,1,0,1,0,0,0,1,0,15,0,0,0,0,In Play,1,0,Observed,Observed,Observed,1,1,1
P03403,TOR_20260909_1_PA013,3404,1,0,0,0,0,0,0,0,0,9,0,1,2,3,Called Strike,0,0,Observed,Observed,Observed,1,1,1
P03404,TOR_20260909_1_PA013,3405,2,0,1,0,0,0,0,0,0,20,0,2,2,4,Ball,0,0,Observed,Observed,Observed,1,1,1
P03405,TOR_20260909_1_PA013,3406,3,1,1,0,0,0,0,0,0,11,0,1,2,3,Swinging Strike,0,0,Observed,Observed,Observed,1,1,1
P03406,TOR_20260909_1_PA013,3407,4,1,2,0,0,0,0,0,0,14,0,0,3,3,Ball,0,0,Observed,Observed,Observed,1,1,1
P03407,TOR_20260909_1_PA013,3408,5,2,2,0,0,0,0,0,0,30,0,1,1,2,In Play,1,0,Observed,Observed,Observed,1,1,1
P03408,TOR_20260909_1_PA014,3409,1,0,0,1,0,0,0,1,0,9,0,2,1,3,Ball,0,0,Observed,Observed,Observed,1,1,1
P03409,TOR_20260909_1_PA014,3410,2,1,0,1,0,0,0,1,0,14,0,0,0,0,Called Strike,0,0,Observed,Observed,Observed,1,1,1
P03410,TOR_20260909_1_PA014,3411,3,1,1,1,0,0,0,1,0,14,0,0,0,0,Foul,0,0,Observed,Observed,Observed,1,1,1
P03411,TOR_20260909_1_PA014,3412,4,1,2,1,0,0,0,1,0,11,0,0,0,0,Ball,0,0,Observed,Observed,Observed,1,1,1
P03412,TOR_20260909_1_PA014,3413,5,2,2,1,0,0,0,1,0,14,0,0,1,1,Foul,0,0,Observed,Observed,Observed,1,1,1
P03413,TOR_20260909_1_PA014,3414,6,2,2,1,0,0,0,1,0,17,0,2,0,2,Swinging Strike,1,0,Observed,Observed,Observed,1,1,1
P03414,TOR_20260909_1_PA015,3415,1,0,0,1,0,0,0,1,0,12,0,0,0,0,In Play,1,0,Observed,Observed,Observed,1,1,1
P03415,TOR_20260909_1_PA016,3416,1,0,0,0,1,0,1,1,0,18,0,0,1,1,In Play,1,0,Observed,Observed,Observed,1,1,1
P03416,TOR_20260909_1_PA017,3417,1,0,0,1,0,1,1,2,0,14,0,2,0,2,Foul,0,0,Observed,Observed,Observed,1,1,1
P03417,TOR_20260909_1_PA017,3418,2,0,1,1,0,1,1,2,0,15,0,2,1,3,Swinging Strike,0,0,Observed,Observed,Observed,1,1,1
P03418,TOR_20260909_1_PA017,3419,3,0,2,1,0,1,1,2,0,12,0,0,1,1,Ball,0,0,Observed,Observed,Observed,1,1,1
P03419,TOR_20260909_1_PA017,3420,4,1,2,1,0,1,1,2,0,25,1,0,3,4,Swinging Strike,1,0,Observed,Observed,Observed,1,1,1
P03420,TOR_20260909_1_PA018,3421,1,0,0,0,0,0,0,0,0,14,0,1,1,2,Ball,0,0,Observed,Observed,Observed,1,1,1
P03421,TOR_20260909_1_PA018,3422,2,1,0,0,0,0,0,0,0,10,0,0,1,1,Foul,0,0,Observed,Observed,Observed,1,1,1
P03422,TOR_20260909_1_PA018,3423,3,1,1,0,0,0,0,0,0,15,1,0,0,1,Called Strike,0,0,Observed,Observed,Observed,1,1,1
P03423,TOR_20260909_1_PA018,3424,4,1,2,0,0,0,0,0,0,24,0,0,1,1,Foul,0,0,Observed,Observed,Observed,1,1,1
P03424,TOR_20260909_1_PA018,3425,5,1,2,0,0,0,0,0,0,11,0,0,0,0,Swinging Strike,1,0,Observed,Observed,Observed,1,1,1
P03425,TOR_20260909_1_PA019,3426,1,0,0,0,0,0,0,0,0,11,0,0,1,1,Ball,0,0,Observed,Observed,Observed,1,1,1
P03426,TOR_20260909_1_PA019,3427,2,1,0,0,0,0,0,0,0,21,0,0,0,0,Called Strike,0,0,Observed,Observed,Observed,1,1,1
P03427,TOR_20260909_1_PA019,3428,3,1,1,0,0,0,0,0,0,21,0,0,0,0,In Play,1,0,Observed,Observed,Observed,1,1,1
P03428,TOR_20260909_1_PA020,3429,1,0,0,0,1,0,1,1,0,33,0,1,2,3,Called Strike,0,0,Observed,Observed,Observed,1,1,1
P03429,TOR_20260909_1_PA020,3430,2,0,1,0,1,0,1,1,0,11,0,1,1,2,Called Strike,0,0,Observed,Observed,Observed,1,1,1
P03430,TOR_20260909_1_PA020,3431,3,0,2,0,1,0,1,1,0,17,0,1,1,2,In Play,1,0,Observed,Observed,Observed,1,1,1
P03431,TOR_20260909_1_PA021,3432,1,0,0,1,0,1,1,2,0,8,0,0,1,1,In Play,1,0,Observed,Observed,Observed,1,1,1
P03432,TOR_20260909_1_PA022,3433,1,0,0,0,0,0,0,0,0,10,0,0,2,2,Foul,0,0,Observed,Observed,Observed,1,1,1
P03433,TOR_20260909_1_PA022,3434,2,0,1,0,0,0,0,0,0,9,0,0,1,1,Ball,0,0,Observed,Observed,Observed,1,1,1
P03434,TOR_20260909_1_PA022,3435,3,1,1,0,0,0,0,0,0,18,1,1,1,3,Ball,0,0,Observed,Observed,Observed,1,1,1
P03435,TOR_20260909_1_PA022,3436,4,2,1,0,0,0,0,0,0,27,0,1,2,3,Ball,0,0,Observed,Observed,Observed,1,1,1
P03436,TOR_20260909_1_PA022,3437,5,3,1,0,0,0,0,0,0,10,0,1,2,3,Ball,1,0,Observed,Observed,Observed,1,1,1
P03437,TOR_20260909_1_PA023,3438,1,0,0,1,0,0,0,1,0,18,0,0,0,0,Swinging Strike,0,0,Observed,Observed,Observed,1,1,1
P03438,TOR_20260909_1_PA023,3439,2,0,1,1,0,0,0,1,0,11,0,3,1,4,Called Strike,0,0,Observed,Observed,Observed,1,1,1
P03439,TOR_20260909_1_PA023,3440,3,0,2,1,0,0,0,1,0,10,0,0,0,0,In Play,1,0,Observed,Observed,Observed,1,1,1
P03440,TOR_20260909_1_PA024,3441,1,0,0,0,0,0,0,0,0,21,0,0,1,1,Called Strike,0,0,Observed,Observed,Observed,1,1,1
P03441,TOR_20260909_1_PA024,3442,2,0,1,0,0,0,0,0,0,13,0,1,2,3,Foul,0,0,Observed,Observed,Observed,1,1,1
P03442,TOR_20260909_1_PA024,3443,3,0,2,0,0,0,0,0,0,12,1,0,2,3,In Play,1,0,Observed,Observed,Observed,1,1,1
P03443,TOR_20260909_1_PA025,3444,1,0,0,0,0,0,0,0,0,10,0,2,1,3,Called Strike,0,0,Observed,Observed,Observed,1,1,1
P03444,TOR_20260909_1_PA025,3445,2,0,1,0,0,0,0,0,0,11,0,1,1,2,In Play,1,0,Observed,Observed,Observed,1,1,1
P03445,TOR_20260909_1_PA026,3446,1,0,0,0,0,0,0,0,0,13,0,1,2,3,Ball,0,0,Observed,Observed,Observed,1,1,1
P03446,TOR_20260909_1_PA026,3447,2,1,0,0,0,0,0,0,0,15,0,0,1,1,Called Strike,0,0,Observed,Observed,Observed,1,1,1
P03447,TOR_20260909_1_PA026,3448,3,1,1,0,0,0,0,0,0,16,1,0,0,1,Called Strike,0,0,Observed,Observed,Observed,1,1,1
P03448,TOR_20260909_1_PA026,3449,4,1,2,0,0,0,0,0,0,26,0,0,1,1,Swinging Strike,1,0,Observed,Observed,Observed,1,1,1
P03449,TOR_20260909_1_PA027,3450,1,0,0,0,0,0,0,0,0,17,0,0,1,1,Ball,0,0,Observed,Observed,Observed,1,1,1
P03450,TOR_20260909_1_PA027,3451,2,1,0,0,0,0,0,0,0,11,0,0,1,1,Ball,0,0,Observed,Observed,Observed,1,1,1
P03451,TOR_20260909_1_PA027,3452,3,2,0,0,0,0,0,0,0,28,0,3,2,5,Ball,0,0,Observed,Observed,Observed,1,1,1
P03452,TOR_20260909_1_PA027,3453,4,3,0,0,0,0,0,0,0,18,0,0,1,1,Called Strike,0,0,Observed,Observed,Observed,1,1,1
P03453,TOR_20260909_1_PA027,3454,5,3,1,0,0,0,0,0,0,18,0,2,3,5,Called Strike,0,0,Observed,Observed,Observed,1,1,1
P03454,TOR_20260909_1_PA027,3455,6,3,2,0,0,0,0,0,0,5,0,0,2,2,Foul,0,0,Observed,Observed,Observed,1,1,1
P03455,TOR_20260909_1_PA027,3456,7,3,2,0,0,0,0,0,0,16,0,1,3,4,Swinging Strike,1,0,Observed,Observed,Observed,1,1,1
P03456,TOR_20260909_1_PA028,3457,1,0,0,0,0,0,0,0,0,8,0,0,0,0,In Play,1,0,Observed,Observed,Observed,1,1,1
P03457,TOR_20260909_1_PA029,3458,1,0,0,0,0,0,0,0,0,18,0,0,3,3,Ball,0,0,Observed,Observed,Observed,1,1,1
P03458,TOR_20260909_1_PA029,3459,2,1,0,0,0,0,0,0,0,12,0,0,1,1,Called Strike,0,0,Observed,Observed,Observed,1,1,1
P03459,TOR_20260909_1_PA029,3460,3,1,1,0,0,0,0,0,0,18,0,0,1,1,In Play,1,0,Observed,Observed,Observed,1,1,1
P03460,TOR_20260909_1_PA030,3461,1,0,0,0,0,0,0,0,0,26,0,0,1,1,Called Strike,0,0,Observed,Observed,Observed,1,1,1
P03461,TOR_20260909_1_PA030,3462,2,0,1,0,0,0,0,0,0,24,0,0,0,0,Called Strike,0,0,Observed,Observed,Observed,1,1,1
P03462,TOR_20260909_1_PA030,3463,3,0,2,0,0,0,0,0,0,15,0,0,0,0,Foul,0,0,Observed,Observed,Observed,1,1,1
P03463,TOR_20260909_1_PA030,3464,4,0,2,0,0,0,0,0,0,16,0,0,1,1,Ball,0,0,Observed,Observed,Observed,1,1,1
P03464,TOR_20260909_1_PA030,3465,5,1,2,0,0,0,0,0,0,13,0,0,0,0,Ball,0,0,Observed,Observed,Observed,1,1,1
P03465,TOR_20260909_1_PA030,3466,6,2,2,0,0,0,0,0,0,40,0,0,1,1,In Play,1,0,Observed,Observed,Observed,1,1,1
P03466,TOR_20260909_1_PA031,3467,1,0,0,0,0,0,0,0,0,9,0,1,3,4,Called Strike,0,0,Observed,Observed,Observed,1,1,1
P03467,TOR_20260909_1_PA031,3468,2,0,1,0,0,0,0,0,0,11,0,2,2,4,Ball,0,0,Observed,Observed,Observed,1,1,1
P03468,TOR_20260909_1_PA031,3469,3,1,1,0,0,0,0,0,0,15,0,1,1,2,Ball,0,0,Observed,Observed,Observed,1,1,1
P03469,TOR_20260909_1_PA031,3470,4,2,1,0,0,0,0,0,0,12,0,1,2,3,Foul,0,0,Observed,Observed,Observed,1,1,1
P03470,TOR_20260909_1_PA031,3471,5,2,2,0,0,0,0,0,0,12,0,1,2,3,Ball,0,0,Observed,Observed,Observed,1,1,1
P03471,TOR_20260909_1_PA031,3472,6,3,2,0,0,0,0,0,0,16,0,1,1,2,Swinging Strike,1,0,Observed,Observed,Observed,1,1,1
P03472,TOR_20260909_1_PA032,3473,1,0,0,0,0,0,0,0,0,19,0,1,0,1,Foul,0,0,Observed,Observed,Observed,1,1,1
P03473,TOR_20260909_1_PA032,3474,2,0,1,0,0,0,0,0,0,13,0,0,0,0,Ball,0,0,Observed,Observed,Observed,1,1,1
P03474,TOR_20260909_1_PA032,3475,3,1,1,0,0,0,0,0,0,18,0,1,0,1,Called Strike,0,0,Observed,Observed,Observed,1,1,1
P03475,TOR_20260909_1_PA032,3476,4,1,2,0,0,0,0,0,0,15,0,2,1,3,Ball,0,0,Observed,Observed,Observed,1,1,1
P03476,TOR_20260909_1_PA032,3477,5,2,2,0,0,0,0,0,0,19,0,1,0,1,Ball,0,0,Observed,Observed,Observed,1,1,1
P03477,TOR_20260909_1_PA032,3478,6,3,2,0,0,0,0,0,0,29,0,1,1,2,Foul,0,0,Observed,Observed,Observed,1,1,1
P03478,TOR_20260909_1_PA032,3479,7,3,2,0,0,0,0,0,0,17,0,1,0,1,Swinging Strike,1,0,Observed,Observed,Observed,1,1,1
P03479,TOR_20260909_1_PA033,3480,1,0,0,0,0,0,0,0,0,12,0,0,1,1,Foul,0,0,Observed,Observed,Observed,1,1,1
P03480,TOR_20260909_1_PA033,3481,2,0,1,0,0,0,0,0,0,10,1,0,1,2,In Play,1,0,Observed,Observed,Observed,1,1,1
P03481,TOR_20260909_1_PA034,3482,1,0,0,1,0,0,0,1,0,20,0,2,1,3,In Play,1,0,Observed,Observed,Observed,1,1,1
P03482,TOR_20260911_1_PA001,3483,1,0,0,0,0,0,0,0,0,12,0,0,2,2,Ball,0,0,Observed,Observed,Observed,1,1,1
P03483,TOR_20260911_1_PA001,3484,2,1,0,0,0,0,0,0,0,16,0,1,1,2,Foul,0,0,Observed,Observed,Observed,1,1,1
P03484,TOR_20260911_1_PA001,3485,3,1,1,0,0,0,0,0,0,10,0,0,1,1,Called Strike,0,0,Observed,Observed,Observed,1,1,1
P03485,TOR_20260911_1_PA001,3486,4,1,2,0,0,0,0,0,0,16,0,0,0,0,Swinging Strike,1,0,Observed,Observed,Observed,1,1,1
P03486,TOR_20260911_1_PA002,3487,1,0,0,0,0,0,0,0,0,8,0,0,1,1,In Play,1,0,Observed,Observed,Observed,1,1,1
P03487,TOR_20260911_1_PA003,3488,1,0,0,1,0,0,0,1,1,26,0,0,1,1,Ball,0,0,Observed,Observed,Observed,1,1,1
P03488,TOR_20260911_1_PA003,3489,2,1,0,1,0,0,0,1,0,16,0,0,0,0,Foul,0,0,Observed,Observed,Observed,1,1,1
P03489,TOR_20260911_1_PA003,3490,3,1,1,1,0,0,0,1,0,12,0,1,2,3,Swinging Strike,0,0,Observed,Observed,Observed,1,1,1
P03490,TOR_20260911_1_PA003,3491,4,1,2,1,0,0,0,1,0,13,0,1,0,1,Ball,0,0,Observed,Observed,Observed,1,1,1
P03491,TOR_20260911_1_PA003,3492,5,2,2,1,0,0,0,1,0,11,0,0,1,1,Foul,0,0,Observed,Observed,Observed,1,1,1
P03492,TOR_20260911_1_PA003,3493,6,2,2,1,0,0,0,1,0,32,0,1,0,1,Ball,0,0,Observed,Observed,Observed,1,1,1
P03493,TOR_20260911_1_PA003,3494,7,3,2,1,0,0,0,1,0,25,0,0,0,0,Ball,1,0,Observed,Observed,Observed,1,1,1
P03494,TOR_20260911_1_PA004,3495,1,0,0,1,1,0,1,2,0,25,0,2,3,5,Ball,0,0,Observed,Observed,Observed,1,1,1
P03495,TOR_20260911_1_PA004,3496,2,1,0,1,1,0,1,2,0,7,0,0,1,1,Called Strike,0,0,Observed,Observed,Observed,1,1,1
P03496,TOR_20260911_1_PA004,3497,3,1,1,1,1,0,1,2,0,19,0,0,2,2,Ball,0,0,Observed,Observed,Observed,1,1,1
P03497,TOR_20260911_1_PA004,3498,4,2,1,1,1,0,1,2,0,27,0,1,2,3,Ball,0,0,Observed,Observed,Observed,1,1,1
P03498,TOR_20260911_1_PA004,3499,5,3,1,1,1,0,1,2,0,15,0,1,2,3,Ball,1,0,Observed,Observed,Observed,1,1,1
P03499,TOR_20260911_1_PA005,3500,1,0,0,1,1,1,1,3,0,19,0,1,1,2,Called Strike,0,0,Observed,Observed,Observed,1,1,1
P03500,TOR_20260911_1_PA005,3501,2,0,1,1,1,1,1,3,0,16,0,1,1,2,Foul,0,0,Observed,Observed,Observed,1,1,1
P03501,TOR_20260911_1_PA005,3502,3,0,2,1,1,1,1,3,0,21,0,1,1,2,Ball,0,0,Observed,Observed,Observed,1,1,1
P03502,TOR_20260911_1_PA005,3503,4,1,2,1,1,1,1,3,0,20,0,1,1,2,Called Strike,1,0,Observed,Observed,Observed,1,1,1
P03503,TOR_20260911_1_PA006,3504,1,0,0,0,0,0,0,0,0,13,0,1,0,1,Ball,0,0,Observed,Observed,Observed,1,1,1
P03504,TOR_20260911_1_PA006,3505,2,1,0,0,0,0,0,0,0,15,0,1,0,1,Called Strike,0,0,Observed,Observed,Observed,1,1,1
P03505,TOR_20260911_1_PA006,3506,3,1,1,0,0,0,0,0,0,14,1,1,1,3,Called Strike,0,0,Observed,Observed,Observed,1,1,1
P03506,TOR_20260911_1_PA006,3507,4,1,2,0,0,0,0,0,0,15,0,1,0,1,In Play,1,0,Observed,Observed,Observed,1,1,1
P03507,TOR_20260911_1_PA007,3508,1,0,0,0,0,0,0,0,0,24,0,0,3,3,Called Strike,0,0,Observed,Observed,Observed,1,1,1
P03508,TOR_20260911_1_PA007,3509,2,0,1,0,0,0,0,0,0,13,0,0,2,2,Swinging Strike,0,0,Observed,Observed,Observed,1,1,1
P03509,TOR_20260911_1_PA007,3510,3,0,2,0,0,0,0,0,0,26,0,2,2,4,In Play,1,0,Observed,Observed,Observed,1,1,1
P03510,TOR_20260911_1_PA008,3511,1,0,0,0,0,0,0,0,0,17,0,0,0,0,Called Strike,0,0,Observed,Observed,Observed,1,1,1
P03511,TOR_20260911_1_PA008,3512,2,0,1,0,0,0,0,0,0,14,1,0,2,3,Foul,0,0,Observed,Observed,Observed,1,1,1
P03512,TOR_20260911_1_PA008,3513,3,0,2,0,0,0,0,0,0,19,0,0,0,0,Foul,0,0,Observed,Observed,Observed,1,1,1
P03513,TOR_20260911_1_PA008,3514,4,0,2,0,0,0,0,0,0,19,0,0,0,0,Foul,0,0,Observed,Observed,Observed,1,1,1
P03514,TOR_20260911_1_PA008,3515,5,0,2,0,0,0,0,0,0,19,0,0,0,0,Foul,0,0,Observed,Observed,Observed,1,1,1
P03515,TOR_20260911_1_PA008,3516,6,0,2,0,0,0,0,0,0,13,0,0,0,0,In Play,1,0,Observed,Observed,Observed,1,1,1
P03516,TOR_20260911_1_PA009,3517,1,0,0,0,0,0,0,0,0,9,0,0,1,1,Ball,0,0,Observed,Observed,Observed,1,1,1
P03517,TOR_20260911_1_PA009,3518,2,1,0,0,0,0,0,0,0,10,0,2,1,3,Called Strike,0,0,Observed,Observed,Observed,1,1,1
P03518,TOR_20260911_1_PA009,3519,3,1,1,0,0,0,0,0,0,10,0,0,0,0,Ball,0,0,Observed,Observed,Observed,1,1,1
P03519,TOR_20260911_1_PA009,3520,4,2,1,0,0,0,0,0,0,13,0,1,0,1,In Play,1,0,Observed,Observed,Observed,1,1,1
P03520,TOR_20260911_1_PA010,3521,1,0,0,0,0,0,0,0,0,17,0,0,2,2,Ball,0,0,Observed,Observed,Observed,1,1,1
P03521,TOR_20260911_1_PA010,3522,2,1,0,0,0,0,0,0,0,13,0,0,0,0,Called Strike,0,0,Observed,Observed,Observed,1,1,1
P03522,TOR_20260911_1_PA010,3523,3,1,1,0,0,0,0,0,0,10,0,0,1,1,Called Strike,0,0,Observed,Observed,Observed,1,1,1
P03523,TOR_20260911_1_PA010,3524,4,1,2,0,0,0,0,0,0,14,0,0,0,0,Ball,0,0,Observed,Observed,Observed,1,1,1
P03524,TOR_20260911_1_PA010,3525,5,2,2,0,0,0,0,0,0,23,0,0,0,0,Ball,0,0,Observed,Observed,Observed,1,1,1
P03525,TOR_20260911_1_PA010,3526,6,3,2,0,0,0,0,0,0,11,0,0,0,0,In Play,1,0,Observed,Observed,Observed,1,1,1
P03526,TOR_20260911_1_PA011,3527,1,0,0,1,0,0,0,1,0,12,0,0,1,1,Ball,0,0,Observed,Observed,Observed,1,1,1
P03527,TOR_20260911_1_PA011,3528,2,1,0,1,0,0,0,1,0,13,0,0,0,0,Ball,0,0,Observed,Observed,Observed,1,1,1
P03528,TOR_20260911_1_PA011,3529,3,2,0,1,0,0,0,1,0,16,0,0,1,1,Called Strike,0,0,Observed,Observed,Observed,1,1,1
P03529,TOR_20260911_1_PA011,3530,4,2,1,1,0,0,0,1,0,13,0,0,2,2,Foul,0,0,Observed,Observed,Observed,1,1,1
P03530,TOR_20260911_1_PA011,3531,5,2,2,1,0,0,0,1,0,15,0,0,2,2,Ball,0,0,Observed,Observed,Observed,1,1,1
P03531,TOR_20260911_1_PA011,3532,6,3,2,1,0,0,0,1,0,15,0,0,0,0,In Play,1,0,Observed,Observed,Observed,1,1,1
P03532,TOR_20260911_1_PA012,3533,1,0,0,1,0,1,1,2,0,14,0,0,1,1,Ball,0,0,Observed,Observed,Observed,1,1,1
P03533,TOR_20260911_1_PA012,3534,2,1,0,1,0,1,1,2,0,15,0,1,2,3,Called Strike,0,0,Observed,Observed,Observed,1,1,1
P03534,TOR_20260911_1_PA012,3535,3,1,1,1,0,1,1,2,0,11,0,1,1,2,Called Strike,0,0,Observed,Observed,Observed,1,1,1
P03535,TOR_20260911_1_PA012,3536,4,1,2,1,0,1,1,2,0,17,0,0,1,1,Swinging Strike,1,0,Observed,Observed,Observed,1,1,1
P03536,TOR_20260911_1_PA013,3537,1,0,0,1,0,1,1,2,0,12,0,1,2,3,Foul,0,0,Observed,Observed,Observed,1,1,1
P03537,TOR_20260911_1_PA013,3538,2,0,1,1,0,1,1,2,0,14,0,1,2,3,Ball,0,0,Observed,Observed,Observed,1,1,1
P03538,TOR_20260911_1_PA013,3539,3,1,1,1,0,1,1,2,0,23,0,0,2,2,Ball,0,0,Observed,Observed,Observed,1,1,1
P03539,TOR_20260911_1_PA013,3540,4,2,1,1,0,1,1,2,0,15,0,1,2,3,Ball,0,0,Observed,Observed,Observed,1,1,1
P03540,TOR_20260911_1_PA013,3541,5,3,1,1,0,1,1,2,1,36,0,1,2,3,Ball,1,0,Observed,Observed,Observed,1,1,1
P03541,TOR_20260911_1_PA014,3542,1,0,0,1,1,1,1,3,0,14,0,1,2,3,Foul,0,0,Observed,Observed,Observed,1,1,1
P03542,TOR_20260911_1_PA014,3543,2,0,1,1,1,1,1,3,0,22,0,1,1,2,In Play,1,0,Observed,Observed,Observed,1,1,1
P03543,TOR_20260911_1_PA015,3544,1,0,0,0,0,0,0,0,0,12,0,0,0,0,Ball,0,0,Observed,Observed,Observed,1,1,1
P03544,TOR_20260911_1_PA015,3545,2,1,0,0,0,0,0,0,0,13,0,1,2,3,In Play,1,0,Observed,Observed,Observed,1,1,1
P03545,TOR_20260911_1_PA016,3546,1,0,0,0,0,0,0,0,0,13,0,0,1,1,Called Strike,0,0,Observed,Observed,Observed,1,1,1
P03546,TOR_20260911_1_PA016,3547,2,0,1,0,0,0,0,0,0,14,0,2,2,4,Called Strike,0,0,Observed,Observed,Observed,1,1,1
P03547,TOR_20260911_1_PA016,3548,3,0,2,0,0,0,0,0,0,17,0,0,1,1,Swinging Strike,1,0,Observed,Observed,Observed,1,1,1
P03548,TOR_20260911_1_PA017,3549,1,0,0,0,0,0,0,0,0,9,0,0,1,1,Called Strike,0,0,Observed,Observed,Observed,1,1,1
P03549,TOR_20260911_1_PA017,3550,2,0,1,0,0,0,0,0,0,8,0,0,0,0,Foul,0,0,Observed,Observed,Observed,1,1,1
P03550,TOR_20260911_1_PA017,3551,3,0,2,0,0,0,0,0,0,12,0,1,0,1,Ball,0,0,Observed,Observed,Observed,1,1,1
P03551,TOR_20260911_1_PA017,3552,4,1,2,0,0,0,0,0,0,15,1,1,0,2,Foul,0,0,Observed,Observed,Observed,1,1,1
P03552,TOR_20260911_1_PA017,3553,5,1,2,0,0,0,0,0,0,14,0,0,1,1,In Play,1,0,Observed,Observed,Observed,1,1,1
P03553,TOR_20260911_1_PA018,3554,1,0,0,0,0,0,0,0,0,13,0,0,1,1,Foul,0,0,Observed,Observed,Observed,1,1,1
P03554,TOR_20260911_1_PA018,3555,2,0,1,0,0,0,0,0,0,12,0,0,1,1,In Play,1,0,Observed,Observed,Observed,1,1,1
P03555,TOR_20260911_1_PA019,3556,1,0,0,0,0,0,0,0,0,11,0,0,0,0,Foul,0,0,Observed,Observed,Observed,1,1,1
P03556,TOR_20260911_1_PA019,3557,2,0,1,0,0,0,0,0,0,16,0,0,0,0,Called Strike,0,0,Observed,Observed,Observed,1,1,1
P03557,TOR_20260911_1_PA019,3558,3,0,2,0,0,0,0,0,0,19,0,0,0,0,Foul,0,0,Observed,Observed,Observed,1,1,1
P03558,TOR_20260911_1_PA019,3559,4,0,2,0,0,0,0,0,0,18,0,0,0,0,Ball,0,0,Observed,Observed,Observed,1,1,1
P03559,TOR_20260911_1_PA019,3560,5,1,2,0,0,0,0,0,0,12,0,0,0,0,Ball,0,0,Observed,Observed,Observed,1,1,1
P03560,TOR_20260911_1_PA019,3561,6,2,2,0,0,0,0,0,0,12,0,0,0,0,Foul,0,0,Observed,Observed,Observed,1,1,1
P03561,TOR_20260911_1_PA019,3562,7,2,2,0,0,0,0,0,0,13,0,0,0,0,Foul,0,0,Observed,Observed,Observed,1,1,1
P03562,TOR_20260911_1_PA019,3563,8,2,2,0,0,0,0,0,0,12,0,0,0,0,In Play,1,0,Observed,Observed,Observed,1,1,1
P03563,TOR_20260911_1_PA020,3564,1,0,0,1,0,0,0,1,0,17,0,0,2,2,In Play,1,0,Observed,Observed,Observed,1,1,1
P03564,TOR_20260911_1_PA021,3565,1,0,0,1,0,0,0,1,0,13,0,1,2,3,Ball,0,0,Observed,Observed,Observed,1,1,1
P03565,TOR_20260911_1_PA021,3566,2,1,0,1,0,0,0,1,0,15,0,1,2,3,Called Strike,0,0,Observed,Observed,Observed,1,1,1
P03566,TOR_20260911_1_PA021,3567,3,1,1,1,0,0,0,1,0,10,0,1,0,1,In Play,1,0,Observed,Observed,Observed,1,1,1
P03567,TOR_20260911_1_PA022,3568,1,0,0,0,1,0,1,1,0,16,0,1,2,3,Ball,0,0,Observed,Observed,Observed,1,1,1
P03568,TOR_20260911_1_PA022,3569,2,1,0,0,1,0,1,1,0,15,0,1,3,4,Called Strike,0,0,Observed,Observed,Observed,1,1,1
P03569,TOR_20260911_1_PA022,3570,3,1,1,0,1,0,1,1,0,16,0,1,2,3,Called Strike,0,0,Observed,Observed,Observed,1,1,1
P03570,TOR_20260911_1_PA022,3571,4,1,2,0,1,0,1,1,0,12,0,1,2,3,Foul,0,0,Observed,Observed,Observed,1,1,1
P03571,TOR_20260911_1_PA022,3572,5,1,2,0,1,0,1,1,0,10,0,1,2,3,Called Strike,1,0,Observed,Observed,Observed,1,1,1
P03572,TOR_20260911_1_PA023,3573,1,0,0,0,0,0,0,0,0,21,0,2,0,2,In Play,1,0,Observed,Observed,Observed,1,1,1
P03573,TOR_20260911_1_PA024,3574,1,0,0,1,0,0,0,1,0,12,0,1,0,1,Ball,0,0,Observed,Observed,Observed,1,1,1
P03574,TOR_20260911_1_PA024,3575,2,1,0,1,0,0,0,1,0,14,0,0,1,1,Foul,0,0,Observed,Observed,Observed,1,1,1
P03575,TOR_20260911_1_PA024,3576,3,1,1,1,0,0,0,1,0,14,0,1,1,2,Called Strike,0,0,Observed,Observed,Observed,1,1,1
P03576,TOR_20260911_1_PA024,3577,4,1,2,1,0,0,0,1,0,17,0,0,1,1,Foul,0,0,Observed,Observed,Observed,1,1,1
P03577,TOR_20260911_1_PA024,3578,5,1,2,1,0,0,0,1,0,21,0,2,0,2,In Play,1,0,Observed,Observed,Observed,1,1,1
P03578,TOR_20260911_1_PA025,3579,1,0,0,0,1,1,1,2,0,11,0,0,2,2,Ball,0,0,Observed,Observed,Observed,1,1,1
P03579,TOR_20260911_1_PA025,3580,2,1,0,0,1,1,1,2,0,13,0,0,1,1,Called Strike,0,0,Observed,Observed,Observed,1,1,1
P03580,TOR_20260911_1_PA025,3581,3,1,1,0,1,1,1,2,0,15,1,1,1,3,Foul,0,0,Observed,Observed,Observed,1,1,1
P03581,TOR_20260911_1_PA025,3582,4,1,2,0,1,1,1,2,0,17,0,0,0,0,Ball,0,0,Observed,Observed,Observed,1,1,1
P03582,TOR_20260911_1_PA025,3583,5,2,2,0,1,1,1,2,0,16,0,1,2,3,Foul,0,0,Observed,Observed,Observed,1,1,1
P03583,TOR_20260911_1_PA025,3584,6,2,2,0,1,1,1,2,0,15,0,0,1,1,Foul,0,0,Observed,Observed,Observed,1,1,1
P03584,TOR_20260911_1_PA025,3585,7,2,2,0,1,1,1,2,0,8,0,1,0,1,Ball,0,0,Observed,Observed,Observed,1,1,1
P03585,TOR_20260911_1_PA025,3586,8,3,2,0,1,1,1,2,0,15,0,0,2,2,Swinging Strike,1,0,Observed,Observed,Observed,1,1,1
P03586,TOR_20260911_1_PA026,3587,1,0,0,0,1,1,1,2,0,14,0,0,1,1,Called Strike,0,0,Observed,Observed,Observed,1,1,1
P03587,TOR_20260911_1_PA026,3588,2,0,1,0,1,1,1,2,0,18,0,1,2,3,Ball,0,0,Observed,Observed,Observed,1,1,1
P03588,TOR_20260911_1_PA026,3589,3,1,1,0,1,1,1,2,0,16,0,1,2,3,In Play,1,0,Observed,Observed,Observed,1,1,1
P03589,TOR_20260911_1_PA027,3590,1,0,0,0,0,1,1,1,0,14,0,0,0,0,Ball,0,0,Observed,Observed,Observed,1,1,1
P03590,TOR_20260911_1_PA027,3591,2,1,0,0,0,1,1,1,0,14,0,0,0,0,In Play,1,0,Observed,Observed,Observed,1,1,1
P03591,TOR_20260911_1_PA028,3592,1,0,0,0,0,0,0,0,0,13,0,0,2,2,Ball,0,0,Observed,Observed,Observed,1,1,1
P03592,TOR_20260911_1_PA028,3593,2,1,0,0,0,0,0,0,0,20,0,0,0,0,In Play,1,0,Observed,Observed,Observed,1,1,1
P03593,TOR_20260911_1_PA029,3594,1,0,0,0,0,0,0,0,0,10,0,0,0,0,In Play,1,0,Observed,Observed,Observed,1,1,1
P03594,TOR_20260911_1_PA030,3595,1,0,0,0,0,0,0,0,0,26,0,0,1,1,Called Strike,0,0,Observed,Observed,Observed,1,1,1
P03595,TOR_20260911_1_PA030,3596,2,0,1,0,0,0,0,0,0,11,0,0,0,0,Ball,0,0,Observed,Observed,Observed,1,1,1
P03596,TOR_20260911_1_PA030,3597,3,1,1,0,0,0,0,0,0,13,0,0,1,1,Swinging Strike,0,0,Observed,Observed,Observed,1,1,1
P03597,TOR_20260911_1_PA030,3598,4,1,2,0,0,0,0,0,0,15,0,0,1,1,Swinging Strike,1,0,Observed,Observed,Observed,1,1,1
P03598,TOR_20260911_1_PA031,3599,1,0,0,0,0,0,0,0,0,9,0,1,2,3,Ball,0,0,Observed,Observed,Observed,1,1,1
P03599,TOR_20260911_1_PA031,3600,2,1,0,0,0,0,0,0,0,11,0,1,2,3,Called Strike,0,0,Observed,Observed,Observed,1,1,1
P03600,TOR_20260911_1_PA031,3601,3,1,1,0,0,0,0,0,0,14,1,1,2,4,In Play,1,0,Observed,Observed,Observed,1,1,1
P03601,TOR_20260911_1_PA032,3602,1,0,0,0,0,0,0,0,0,17,0,1,2,3,Ball,0,0,Observed,Observed,Observed,1,1,1
P03602,TOR_20260911_1_PA032,3603,2,1,0,0,0,0,0,0,0,11,0,1,2,3,In Play,1,0,Observed,Observed,Observed,1,1,1
P03603,TOR_20260911_1_PA033,3604,1,0,0,0,0,0,0,0,0,9,0,0,0,0,Called Strike,0,0,Observed,Observed,Observed,1,1,1
P03604,TOR_20260911_1_PA033,3605,2,0,1,0,0,0,0,0,0,14,0,1,0,1,Swinging Strike,0,0,Observed,Observed,Observed,1,1,1
P03605,TOR_20260911_1_PA033,3606,3,0,2,0,0,0,0,0,0,10,0,1,0,1,Ball,0,0,Observed,Observed,Observed,1,1,1
P03606,TOR_20260911_1_PA033,3607,4,1,2,0,0,0,0,0,0,12,0,0,0,0,Swinging Strike,1,0,Observed,Observed,Observed,1,1,1
P03607,TOR_20260911_1_PA034,3608,1,0,0,0,0,0,0,0,0,19,0,0,2,2,Swinging Strike,0,0,Observed,Observed,Observed,1,1,1
P03608,TOR_20260911_1_PA034,3609,2,0,1,0,0,0,0,0,0,17,0,0,1,1,Foul,0,0,Observed,Observed,Observed,1,1,1
P03609,TOR_20260911_1_PA034,3610,3,0,2,0,0,0,0,0,0,16,0,0,0,0,Ball,0,0,Observed,Observed,Observed,1,1,1
P03610,TOR_20260911_1_PA034,3611,4,1,2,0,0,0,0,0,0,16,0,0,1,1,Foul,0,0,Observed,Observed,Observed,1,1,1
P03611,TOR_20260911_1_PA034,3612,5,1,2,0,0,0,0,0,0,18,0,0,1,1,Foul,0,0,Observed,Observed,Observed,1,1,1
P03612,TOR_20260911_1_PA034,3613,6,1,2,0,0,0,0,0,0,15,0,0,2,2,Swinging Strike,1,0,Observed,Observed,Observed,1,1,1
P03613,TOR_20260911_1_PA035,3614,1,0,0,0,0,0,0,0,0,11,0,0,1,1,Ball,0,0,Observed,Observed,Observed,1,1,1
P03614,TOR_20260911_1_PA035,3615,2,1,0,0,0,0,0,0,0,9,0,0,1,1,Foul,0,0,Observed,Observed,Observed,1,1,1
P03615,TOR_20260911_1_PA035,3616,3,1,1,0,0,0,0,0,0,12,0,0,3,3,Foul,0,0,Observed,Observed,Observed,1,1,1
P03616,TOR_20260911_1_PA035,3617,4,1,2,0,0,0,0,0,0,16,0,0,1,1,Ball,0,0,Observed,Observed,Observed,1,1,1
P03617,TOR_20260911_1_PA035,3618,5,2,2,0,0,0,0,0,0,14,1,1,0,2,Foul,0,0,Observed,Observed,Observed,1,1,1
P03618,TOR_20260911_1_PA035,3619,6,2,2,0,0,0,0,0,0,13,0,0,0,0,In Play,1,0,Observed,Observed,Observed,1,1,1
P03619,TOR_20260911_1_PA036,3620,1,0,0,0,0,0,0,0,0,12,0,0,1,1,Ball,0,0,Observed,Observed,Observed,1,1,1
P03620,TOR_20260911_1_PA036,3621,2,1,0,0,0,0,0,0,0,15,0,1,0,1,In Play,1,0,Observed,Observed,Observed,1,1,1
P03621,TOR_20260911_1_PA037,3622,1,0,0,0,1,0,1,1,0,10,0,0,1,1,Called Strike,0,0,Observed,Observed,Observed,1,1,1
P03622,TOR_20260911_1_PA037,3623,2,0,1,0,1,0,1,1,0,9,0,0,1,1,Foul,0,0,Observed,Observed,Observed,1,1,1
P03623,TOR_20260911_1_PA037,3624,3,0,2,0,1,0,1,1,0,9,0,0,1,1,Ball,0,0,Observed,Observed,Observed,1,1,1
P03624,TOR_20260911_1_PA037,3625,4,1,2,0,1,0,1,1,0,18,0,0,0,0,In Play,1,0,Observed,Observed,Observed,1,1,1
P03625,TOR_20260911_1_PA038,3626,1,0,0,0,0,0,0,0,0,12,0,0,2,2,Foul,0,0,Observed,Observed,Observed,1,1,1
P03626,TOR_20260911_1_PA038,3627,2,0,1,0,0,0,0,0,0,13,0,0,0,0,Swinging Strike,0,0,Observed,Observed,Observed,1,1,1
P03627,TOR_20260911_1_PA038,3628,3,0,2,0,0,0,0,0,0,9,0,0,1,1,Ball,0,0,Observed,Observed,Observed,1,1,1
P03628,TOR_20260911_1_PA038,3629,4,1,2,0,0,0,0,0,0,11,0,0,1,1,Foul,0,0,Observed,Observed,Observed,1,1,1
P03629,TOR_20260911_1_PA038,3630,5,1,2,0,0,0,0,0,0,14,0,0,0,0,Ball,0,0,Observed,Observed,Observed,1,1,1
P03630,TOR_20260911_1_PA038,3631,6,2,2,0,0,0,0,0,0,18,0,0,0,0,In Play,1,0,Observed,Observed,Observed,1,1,1
P03631,TOR_20260911_1_PA039,3632,1,0,0,1,0,0,0,1,0,9,0,1,1,2,Called Strike,0,0,Observed,Observed,Observed,1,1,1
P03632,TOR_20260911_1_PA039,3633,2,0,1,1,0,0,0,1,0,11,0,1,0,1,Ball,0,0,Observed,Observed,Observed,1,1,1
P03633,TOR_20260911_1_PA039,3634,3,1,1,1,0,0,0,1,0,25,0,0,1,1,Ball,0,0,Observed,Observed,Observed,1,1,1
P03634,TOR_20260911_1_PA039,3635,4,2,1,1,0,0,0,1,0,11,0,0,1,1,Foul,0,0,Observed,Observed,Observed,1,1,1
P03635,TOR_20260911_1_PA039,3636,5,2,2,1,0,0,0,1,0,11,0,0,1,1,Foul,0,0,Observed,Observed,Observed,1,1,1
P03636,TOR_20260911_1_PA039,3637,6,2,2,1,0,0,0,1,0,19,1,1,1,3,Foul,0,0,Observed,Observed,Observed,1,1,1
P03637,TOR_20260911_1_PA039,3638,7,2,2,1,0,0,0,1,0,32,0,1,0,1,Ball,0,0,Observed,Observed,Observed,1,1,1
P03638,TOR_20260911_1_PA039,3639,8,3,2,1,0,0,0,1,0,23,0,1,1,2,In Play,1,0,Observed,Observed,Observed,1,1,1
P03639,TOR_20260911_1_PA040,3640,1,0,0,1,1,0,1,2,0,14,0,1,2,3,Foul,0,0,Observed,Observed,Observed,1,1,1
P03640,TOR_20260911_1_PA040,3641,2,0,1,1,1,0,1,2,0,15,0,0,1,1,Foul,0,0,Observed,Observed,Observed,1,1,1
P03641,TOR_20260911_1_PA040,3642,3,0,2,1,1,0,1,2,0,14,1,1,2,4,Foul,0,0,Observed,Observed,Observed,1,1,1
P03642,TOR_20260911_1_PA040,3643,4,0,2,1,1,0,1,2,0,26,0,1,3,4,Ball,0,0,Observed,Observed,Observed,1,1,1
P03643,TOR_20260911_1_PA040,3644,5,1,2,1,1,0,1,2,0,17,0,1,2,3,Foul,0,0,Observed,Observed,Observed,1,1,1
P03644,TOR_20260911_1_PA040,3645,6,1,2,1,1,0,1,2,0,18,0,1,2,3,In Play,1,0,Observed,Observed,Observed,1,1,1
P03645,TOR_20260912_1_PA001,3646,1,0,0,0,0,0,0,0,0,12,0,0,2,2,Ball,0,0,Observed,Observed,Observed,1,1,1
P03646,TOR_20260912_1_PA001,3647,2,1,0,0,0,0,0,0,0,12,0,0,0,0,Called Strike,0,0,Observed,Observed,Observed,1,1,1
P03647,TOR_20260912_1_PA001,3648,3,1,1,0,0,0,0,0,0,14,0,0,0,0,Ball,0,0,Observed,Observed,Observed,1,1,1
P03648,TOR_20260912_1_PA001,3649,4,2,1,0,0,0,0,0,0,10,0,0,0,0,Ball,0,0,Observed,Observed,Observed,1,1,1
P03649,TOR_20260912_1_PA001,3650,5,3,1,0,0,0,0,0,0,23,0,0,0,0,Ball,1,0,Observed,Observed,Observed,1,1,1
P03650,TOR_20260912_1_PA002,3651,1,0,0,1,0,0,0,1,0,10,0,0,0,0,Swinging Strike,0,0,Observed,Observed,Observed,1,1,1
P03651,TOR_20260912_1_PA002,3652,2,0,1,1,0,0,0,1,0,14,0,0,3,3,In Play,1,0,Observed,Observed,Observed,1,1,1
P03652,TOR_20260912_1_PA003,3653,1,0,0,0,1,0,1,1,0,9,0,0,1,1,Called Strike,0,0,Observed,Observed,Observed,1,1,1
P03653,TOR_20260912_1_PA003,3654,2,0,1,0,1,0,1,1,0,11,0,0,1,1,In Play,1,0,Observed,Observed,Observed,1,1,1
P03654,TOR_20260912_1_PA004,3655,1,0,0,0,1,0,1,1,0,11,0,0,2,2,Called Strike,0,0,Observed,Observed,Observed,1,1,1
P03655,TOR_20260912_1_PA004,3656,2,0,1,0,1,0,1,1,0,11,0,1,2,3,In Play,1,0,Observed,Observed,Observed,1,1,1
P03656,TOR_20260912_1_PA005,3657,1,0,0,1,0,0,0,1,0,11,0,1,2,3,In Play,1,0,Observed,Observed,Observed,1,1,1
P03657,TOR_20260912_1_PA006,3658,1,0,0,0,0,0,0,0,0,13,0,1,0,1,Ball,0,0,Observed,Observed,Observed,1,1,1
P03658,TOR_20260912_1_PA006,3659,2,1,0,0,0,0,0,0,0,11,0,0,0,0,Ball,0,0,Observed,Observed,Observed,1,1,1
P03659,TOR_20260912_1_PA006,3660,3,2,0,0,0,0,0,0,0,12,0,1,0,1,Called Strike,0,0,Observed,Observed,Observed,1,1,1
P03660,TOR_20260912_1_PA006,3661,4,2,1,0,0,0,0,0,0,11,0,0,0,0,Ball,0,0,Observed,Observed,Observed,1,1,1
P03661,TOR_20260912_1_PA006,3662,5,3,1,0,0,0,0,0,0,10,0,0,0,0,Called Strike,0,0,Observed,Observed,Observed,1,1,1
P03662,TOR_20260912_1_PA006,3663,6,3,2,0,0,0,0,0,0,9,0,1,0,1,Ball,1,0,Observed,Observed,Observed,1,1,1
P03663,TOR_20260912_1_PA007,3664,1,0,0,1,0,0,0,1,0,16,0,2,2,4,Foul,0,0,Observed,Observed,Observed,1,1,1
P03664,TOR_20260912_1_PA007,3665,2,0,1,1,0,0,0,1,0,12,0,1,1,2,Called Strike,0,0,Observed,Observed,Observed,1,1,1
P03665,TOR_20260912_1_PA007,3666,3,0,2,1,0,0,0,1,0,17,0,0,1,1,Swinging Strike,1,0,Observed,Observed,Observed,1,1,1
P03666,TOR_20260912_1_PA008,3667,1,0,0,1,0,0,0,1,0,12,0,0,0,0,In Play,1,0,Observed,Observed,Observed,1,1,1
P03667,TOR_20260912_1_PA009,3668,1,0,0,1,1,0,1,2,0,7,1,0,0,1,Called Strike,0,0,Observed,Observed,Observed,1,1,1
P03668,TOR_20260912_1_PA009,3669,2,0,1,1,1,0,1,2,0,9,1,0,0,1,In Play,1,0,Observed,Observed,Observed,1,1,1
P03669,TOR_20260912_1_PA010,3670,1,0,0,0,0,0,0,0,0,14,0,0,2,2,Foul,0,0,Observed,Observed,Observed,1,1,1
P03670,TOR_20260912_1_PA010,3671,2,0,1,0,0,0,0,0,0,10,0,0,0,0,Ball,0,0,Observed,Observed,Observed,1,1,1
P03671,TOR_20260912_1_PA010,3672,3,1,1,0,0,0,0,0,0,14,0,0,0,0,In Play,1,0,Observed,Observed,Observed,1,1,1
P03672,TOR_20260912_1_PA011,3673,1,0,0,0,0,0,0,0,0,10,0,0,1,1,Ball,0,0,Observed,Observed,Observed,1,1,1
P03673,TOR_20260912_1_PA011,3674,2,1,0,0,0,0,0,0,0,13,0,0,0,0,Foul,0,0,Observed,Observed,Observed,1,1,1
P03674,TOR_20260912_1_PA011,3675,3,1,1,0,0,0,0,0,0,14,0,0,1,1,Ball,0,0,Observed,Observed,Observed,1,1,1
P03675,TOR_20260912_1_PA011,3676,4,2,1,0,0,0,0,0,0,15,0,0,0,0,Swinging Strike,0,0,Observed,Observed,Observed,1,1,1
P03676,TOR_20260912_1_PA011,3677,5,2,2,0,0,0,0,0,0,14,0,0,1,1,In Play,1,0,Observed,Observed,Observed,1,1,1
P03677,TOR_20260912_1_PA012,3678,1,0,0,1,0,0,0,1,0,17,0,0,2,2,Ball,0,0,Observed,Observed,Observed,1,1,1
P03678,TOR_20260912_1_PA012,3679,2,1,0,1,0,0,0,1,0,12,0,0,0,0,Swinging Strike,0,0,Observed,Observed,Observed,1,1,1
P03679,TOR_20260912_1_PA012,3680,3,1,1,1,0,0,0,1,0,12,0,1,2,3,Swinging Strike,0,0,Observed,Observed,Observed,1,1,1
P03680,TOR_20260912_1_PA012,3681,4,1,2,1,0,0,0,1,0,13,0,1,0,1,Ball,0,0,Observed,Observed,Observed,1,1,1
P03681,TOR_20260912_1_PA012,3682,5,2,2,1,0,0,0,1,0,17,0,0,1,1,Swinging Strike,1,0,Observed,Observed,Observed,1,1,1
P03682,TOR_20260912_1_PA013,3683,1,0,0,1,0,0,0,1,0,14,0,1,2,3,In Play,1,0,Observed,Observed,Observed,1,1,1
P03683,TOR_20260912_1_PA014,3684,1,0,0,0,0,0,0,0,0,7,0,1,1,2,Called Strike,0,0,Observed,Observed,Observed,1,1,1
P03684,TOR_20260912_1_PA014,3685,2,0,1,0,0,0,0,0,0,12,1,1,2,4,Ball,0,0,Observed,Observed,Observed,1,1,1
P03685,TOR_20260912_1_PA014,3686,3,1,1,0,0,0,0,0,0,16,1,1,2,4,Foul,0,0,Observed,Observed,Observed,1,1,1
P03686,TOR_20260912_1_PA014,3687,4,1,2,0,0,0,0,0,0,14,1,1,2,4,Foul,0,0,Observed,Observed,Observed,1,1,1
P03687,TOR_20260912_1_PA014,3688,5,1,2,0,0,0,0,0,0,25,0,1,2,3,Ball,0,0,Observed,Observed,Observed,1,1,1
P03688,TOR_20260912_1_PA014,3689,6,2,2,0,0,0,0,0,0,16,0,1,1,2,In Play,1,0,Observed,Observed,Observed,1,1,1
P03689,TOR_20260912_1_PA015,3690,1,0,0,0,0,0,0,0,0,13,0,1,0,1,Ball,0,0,Observed,Observed,Observed,1,1,1
P03690,TOR_20260912_1_PA015,3691,2,1,0,0,0,0,0,0,0,11,0,0,0,0,Ball,0,0,Observed,Observed,Observed,1,1,1
P03691,TOR_20260912_1_PA015,3692,3,2,0,0,0,0,0,0,0,10,0,1,0,1,Ball,0,0,Observed,Observed,Observed,1,1,1
P03692,TOR_20260912_1_PA015,3693,4,3,0,0,0,0,0,0,0,16,0,1,0,1,Called Strike,0,0,Observed,Observed,Observed,1,1,1
P03693,TOR_20260912_1_PA015,3694,5,3,1,0,0,0,0,0,0,15,0,1,0,1,Foul,0,0,Observed,Observed,Observed,1,1,1
P03694,TOR_20260912_1_PA015,3695,6,3,2,0,0,0,0,0,0,17,0,1,1,2,In Play,1,0,Observed,Observed,Observed,1,1,1
P03695,TOR_20260912_1_PA016,3696,1,0,0,1,0,0,0,1,0,10,0,0,2,2,Ball,0,0,Observed,Observed,Observed,1,1,1
P03696,TOR_20260912_1_PA016,3697,2,1,0,1,0,0,0,1,0,17,0,0,1,1,Swinging Strike,0,0,Observed,Observed,Observed,1,1,1
P03697,TOR_20260912_1_PA016,3698,3,1,1,1,0,0,0,1,0,13,0,1,2,3,In Play,1,0,Observed,Observed,Observed,1,1,1
P03698,TOR_20260912_1_PA017,3699,1,0,0,1,1,0,1,2,0,10,0,0,0,0,Foul,0,0,Observed,Observed,Observed,1,1,1
P03699,TOR_20260912_1_PA017,3700,2,0,1,1,1,0,1,2,0,14,0,0,1,1,Foul,0,0,Observed,Observed,Observed,1,1,1
P03700,TOR_20260912_1_PA017,3701,3,0,2,1,1,0,1,2,0,12,0,0,1,1,In Play,1,0,Observed,Observed,Observed,1,1,1
P03701,TOR_20260912_1_PA018,3702,1,0,0,0,0,0,0,0,0,7,1,0,0,1,Swinging Strike,0,0,Observed,Observed,Observed,1,1,1
P03702,TOR_20260912_1_PA018,3703,2,0,1,0,0,0,0,0,0,7,1,0,0,1,Called Strike,0,0,Observed,Observed,Observed,1,1,1
P03703,TOR_20260912_1_PA018,3704,3,0,2,0,0,0,0,0,0,9,1,0,0,1,Swinging Strike,1,0,Observed,Observed,Observed,1,1,1
P03704,TOR_20260912_1_PA019,3705,1,0,0,0,0,0,0,0,0,17,0,0,2,2,Ball,0,0,Observed,Observed,Observed,1,1,1
P03705,TOR_20260912_1_PA019,3706,2,1,0,0,0,0,0,0,0,13,0,0,0,0,Called Strike,0,0,Observed,Observed,Observed,1,1,1
P03706,TOR_20260912_1_PA019,3707,3,1,1,0,0,0,0,0,0,14,0,0,0,0,Swinging Strike,0,0,Observed,Observed,Observed,1,1,1
P03707,TOR_20260912_1_PA019,3708,4,1,2,0,0,0,0,0,0,11,0,0,0,0,Foul,0,0,Observed,Observed,Observed,1,1,1
P03708,TOR_20260912_1_PA019,3709,5,1,2,0,0,0,0,0,0,12,0,0,0,0,Ball,0,0,Observed,Observed,Observed,1,1,1
P03709,TOR_20260912_1_PA019,3710,6,2,2,0,0,0,0,0,0,12,0,0,0,0,Foul,0,0,Observed,Observed,Observed,1,1,1
P03710,TOR_20260912_1_PA019,3711,7,2,2,0,0,0,0,0,0,13,0,0,0,0,Foul,0,0,Observed,Observed,Observed,1,1,1
P03711,TOR_20260912_1_PA019,3712,8,2,2,0,0,0,0,0,0,23,0,0,0,0,Ball,0,0,Observed,Observed,Observed,1,1,1
P03712,TOR_20260912_1_PA019,3713,9,3,2,0,0,0,0,0,0,12,0,0,0,0,Foul,0,0,Observed,Observed,Observed,1,1,1
P03713,TOR_20260912_1_PA019,3714,10,3,2,0,0,0,0,0,0,12,0,0,0,0,Foul,0,0,Observed,Observed,Observed,1,1,1
P03714,TOR_20260912_1_PA019,3715,11,3,2,0,0,0,0,0,0,12,0,0,0,0,In Play,1,0,Observed,Observed,Observed,1,1,1
P03715,TOR_20260912_1_PA020,3716,1,0,0,0,0,0,0,0,0,10,0,0,1,1,Ball,0,0,Observed,Observed,Observed,1,1,1
P03716,TOR_20260912_1_PA020,3717,2,1,0,0,0,0,0,0,0,12,0,0,2,2,Swinging Strike,0,0,Observed,Observed,Observed,1,1,1
P03717,TOR_20260912_1_PA020,3718,3,1,1,0,0,0,0,0,0,21,0,0,0,0,Called Strike,0,0,Observed,Observed,Observed,1,1,1
P03718,TOR_20260912_1_PA020,3719,4,1,2,0,0,0,0,0,0,11,0,0,1,1,Foul,0,0,Observed,Observed,Observed,1,1,1
P03719,TOR_20260912_1_PA020,3720,5,1,2,0,0,0,0,0,0,14,0,0,0,0,Ball,0,0,Observed,Observed,Observed,1,1,1
P03720,TOR_20260912_1_PA020,3721,6,2,2,0,0,0,0,0,0,16,0,0,1,1,Swinging Strike,1,0,Observed,Observed,Observed,1,1,1
P03721,TOR_20260912_1_PA021,3722,1,0,0,0,0,0,0,0,0,11,0,0,1,1,Swinging Strike,0,0,Observed,Observed,Observed,1,1,1
P03722,TOR_20260912_1_PA021,3723,2,0,1,0,0,0,0,0,0,11,0,0,0,0,Ball,0,0,Observed,Observed,Observed,1,1,1
P03723,TOR_20260912_1_PA021,3724,3,1,1,0,0,0,0,0,0,13,0,0,1,1,Swinging Strike,0,0,Observed,Observed,Observed,1,1,1
P03724,TOR_20260912_1_PA021,3725,4,1,2,0,0,0,0,0,0,15,0,0,1,1,Swinging Strike,1,0,Observed,Observed,Observed,1,1,1
P03725,TOR_20260912_1_PA022,3726,1,0,0,0,0,0,0,0,0,15,0,1,1,2,Ball,0,0,Observed,Observed,Observed,1,1,1
P03726,TOR_20260912_1_PA022,3727,2,1,0,0,0,0,0,0,0,11,0,0,2,2,Foul,0,0,Observed,Observed,Observed,1,1,1
P03727,TOR_20260912_1_PA022,3728,3,1,1,0,0,0,0,0,0,18,0,1,2,3,Called Strike,0,0,Observed,Observed,Observed,1,1,1
P03728,TOR_20260912_1_PA022,3729,4,1,2,0,0,0,0,0,0,12,0,1,2,3,Swinging Strike,1,0,Observed,Observed,Observed,1,1,1
P03729,TOR_20260912_1_PA023,3730,1,0,0,0,0,0,0,0,0,11,0,1,2,3,Ball,0,0,Observed,Observed,Observed,1,1,1
P03730,TOR_20260912_1_PA023,3731,2,1,0,0,0,0,0,0,0,12,0,1,0,1,Swinging Strike,0,0,Observed,Observed,Observed,1,1,1
P03731,TOR_20260912_1_PA023,3732,3,1,1,0,0,0,0,0,0,17,0,1,1,2,Ball,0,0,Observed,Observed,Observed,1,1,1
P03732,TOR_20260912_1_PA023,3733,4,2,1,0,0,0,0,0,0,14,0,1,1,2,Foul,0,0,Observed,Observed,Observed,1,1,1
P03733,TOR_20260912_1_PA023,3734,5,2,2,0,0,0,0,0,0,11,0,1,2,3,Foul,0,0,Observed,Observed,Observed,1,1,1
P03734,TOR_20260912_1_PA023,3735,6,2,2,0,0,0,0,0,0,13,0,1,2,3,Ball,0,0,Observed,Observed,Observed,1,1,1
P03735,TOR_20260912_1_PA023,3736,7,3,2,0,0,0,0,0,0,14,1,1,2,4,Foul,0,0,Observed,Observed,Observed,1,1,1
P03736,TOR_20260912_1_PA023,3737,8,3,2,0,0,0,0,0,0,14,1,1,2,4,Foul,0,0,Observed,Observed,Observed,1,1,1
P03737,TOR_20260912_1_PA023,3738,9,3,2,0,0,0,0,0,0,13,1,1,2,4,Swinging Strike,1,0,Observed,Observed,Observed,1,1,1
P03738,TOR_20260912_1_PA024,3739,1,0,0,0,0,0,0,0,0,15,0,1,0,1,In Play,1,0,Observed,Observed,Observed,1,1,1
P03739,TOR_20260912_1_PA025,3740,1,0,0,0,0,0,0,0,0,11,0,0,2,2,Called Strike,0,0,Observed,Observed,Observed,1,1,1
P03740,TOR_20260912_1_PA025,3741,2,0,1,0,0,0,0,0,0,13,0,0,2,2,Swinging Strike,0,0,Observed,Observed,Observed,1,1,1
P03741,TOR_20260912_1_PA025,3742,3,0,2,0,0,0,0,0,0,17,0,0,1,1,HBP,1,0,Observed,Observed,Observed,1,1,1
P03742,TOR_20260912_1_PA026,3743,1,0,0,1,0,0,0,1,0,8,0,0,0,0,Called Strike,0,0,Observed,Observed,Observed,1,1,1
P03743,TOR_20260912_1_PA026,3744,2,0,1,1,0,0,0,1,0,11,1,1,0,2,Ball,0,0,Observed,Observed,Observed,1,1,1
P03744,TOR_20260912_1_PA026,3745,3,1,1,1,0,0,0,1,0,14,0,0,1,1,In Play,1,0,Observed,Observed,Observed,1,1,1
P03745,TOR_20260912_1_PA027,3746,1,0,0,0,1,0,1,1,0,7,1,0,0,1,Ball,0,0,Observed,Observed,Observed,1,1,1
P03746,TOR_20260912_1_PA027,3747,2,1,0,0,1,0,1,1,0,9,1,0,0,1,Ball,0,0,Observed,Observed,Observed,1,1,1
P03747,TOR_20260912_1_PA027,3748,3,2,0,0,1,0,1,1,0,9,1,0,0,1,Ball,0,0,Observed,Observed,Observed,1,1,1
P03748,TOR_20260912_1_PA027,3749,4,3,0,0,1,0,1,1,0,7,1,0,0,1,Called Strike,0,0,Observed,Observed,Observed,1,1,1
P03749,TOR_20260912_1_PA027,3750,5,3,1,0,1,0,1,1,0,9,1,0,0,1,Ball,1,0,Observed,Observed,Observed,1,1,1
P03750,TOR_20260912_1_PA028,3751,1,0,0,1,1,0,1,2,0,19,0,0,1,1,Called Strike,0,0,Observed,Observed,Observed,1,1,1
P03751,TOR_20260912_1_PA028,3752,2,0,1,1,1,0,1,2,0,11,0,0,0,0,Ball,0,0,Observed,Observed,Observed,1,1,1
P03752,TOR_20260912_1_PA028,3753,3,1,1,1,1,0,1,2,0,14,0,0,0,0,Ball,0,0,Observed,Observed,Observed,1,1,1
P03753,TOR_20260912_1_PA028,3754,4,2,1,1,1,0,1,2,0,12,0,0,0,0,Ball,0,0,Observed,Observed,Observed,1,1,1
P03754,TOR_20260912_1_PA028,3755,5,3,1,1,1,0,1,2,0,40,0,0,0,0,Foul,0,0,Observed,Observed,Observed,1,1,1
P03755,TOR_20260912_1_PA028,3756,6,3,2,1,1,0,1,2,0,11,0,0,0,0,Swinging Strike,1,0,Observed,Observed,Observed,1,1,1
P03756,TOR_20260912_1_PA029,3757,1,0,0,1,1,0,1,2,0,14,0,0,1,1,Called Strike,0,0,Observed,Observed,Observed,1,1,1
P03757,TOR_20260912_1_PA029,3758,2,0,1,1,1,0,1,2,0,13,0,0,1,1,Ball,0,0,Observed,Observed,Observed,1,1,1
P03758,TOR_20260912_1_PA029,3759,3,1,1,1,1,0,1,2,0,16,0,0,1,1,Called Strike,0,0,Observed,Observed,Observed,1,1,1
P03759,TOR_20260912_1_PA029,3760,4,1,2,1,1,0,1,2,0,14,1,0,1,2,In Play,1,0,Observed,Observed,Observed,1,1,1
P03760,TOR_20260912_1_PA030,3761,1,0,0,0,0,0,0,0,0,9,0,1,2,3,Ball,0,0,Observed,Observed,Observed,1,1,1
P03761,TOR_20260912_1_PA030,3762,2,1,0,0,0,0,0,0,0,25,0,0,1,1,Ball,0,0,Observed,Observed,Observed,1,1,1
P03762,TOR_20260912_1_PA030,3763,3,2,0,0,0,0,0,0,0,12,0,0,0,0,Called Strike,0,0,Observed,Observed,Observed,1,1,1
P03763,TOR_20260912_1_PA030,3764,4,2,1,0,0,0,0,0,0,15,0,0,1,1,HBP,1,0,Observed,Observed,Observed,1,1,1
P03764,TOR_20260912_1_PA031,3765,1,0,0,1,0,0,0,1,0,13,0,0,1,1,Called Strike,0,0,Observed,Observed,Observed,1,1,1
P03765,TOR_20260912_1_PA031,3766,2,0,1,1,0,0,0,1,0,14,0,1,2,3,Ball,0,0,Observed,Observed,Observed,1,1,1
P03766,TOR_20260912_1_PA031,3767,3,1,1,1,0,0,0,1,0,10,0,1,2,3,In Play,1,0,Observed,Observed,Observed,1,1,1
P03767,TOR_20260912_1_PA032,3768,1,0,0,1,0,0,0,1,0,9,0,1,2,3,Called Strike,0,0,Observed,Observed,Observed,1,1,1
P03768,TOR_20260912_1_PA032,3769,2,0,1,1,0,0,0,1,0,17,1,1,1,3,Ball,0,0,Observed,Observed,Observed,1,1,1
P03769,TOR_20260912_1_PA032,3770,3,1,1,1,0,0,0,1,0,25,1,1,0,2,Ball,0,0,Observed,Observed,Observed,1,1,1
P03770,TOR_20260912_1_PA032,3771,4,2,1,1,0,0,0,1,0,23,1,1,1,3,Ball,0,0,Observed,Observed,Observed,1,1,1
P03771,TOR_20260912_1_PA032,3772,5,3,1,1,0,0,0,1,0,19,0,1,2,3,Called Strike,0,0,Observed,Observed,Observed,1,1,1
P03772,TOR_20260912_1_PA032,3773,6,3,2,1,0,0,0,1,0,14,1,1,2,4,Foul,0,0,Observed,Observed,Observed,1,1,1
P03773,TOR_20260912_1_PA032,3774,7,3,2,1,0,0,0,1,0,26,0,1,2,3,In Play,1,0,Observed,Observed,Observed,1,1,1
P03774,TOR_20260912_1_PA033,3775,1,0,0,1,0,1,1,2,0,10,0,0,0,0,Ball,0,0,Observed,Observed,Observed,1,1,1
P03775,TOR_20260912_1_PA033,3776,2,1,0,1,0,1,1,2,0,16,0,2,0,2,Ball,0,0,Observed,Observed,Observed,1,1,1
P03776,TOR_20260912_1_PA033,3777,3,2,0,1,0,1,1,2,0,18,0,0,0,0,Swinging Strike,0,0,Observed,Observed,Observed,1,1,1
P03777,TOR_20260912_1_PA033,3778,4,2,1,1,0,1,1,2,0,11,0,0,0,0,Ball,0,0,Observed,Observed,Observed,1,1,1
P03778,TOR_20260912_1_PA033,3779,5,3,1,1,0,1,1,2,0,20,0,1,0,1,Ball,1,0,Observed,Observed,Observed,1,1,1
P03779,TOR_20260912_1_PA034,3780,1,0,0,1,1,1,1,3,0,10,0,1,2,3,Ball,0,0,Observed,Observed,Observed,1,1,1
P03780,TOR_20260912_1_PA034,3781,2,1,0,1,1,1,1,3,0,11,0,1,0,1,In Play,1,0,Observed,Observed,Observed,1,1,1
P03781,TOR_20260912_1_PA035,3782,1,0,0,1,1,0,1,2,0,10,0,0,0,0,Foul,0,0,Observed,Observed,Observed,1,1,1
P03782,TOR_20260912_1_PA035,3783,2,0,1,1,1,0,1,2,0,15,1,0,1,2,Foul,0,0,Observed,Observed,Observed,1,1,1
P03783,TOR_20260912_1_PA035,3784,3,0,2,1,1,0,1,2,0,14,0,0,1,1,Swinging Strike,1,0,Observed,Observed,Observed,1,1,1
P03784,TOR_20260912_1_PA036,3785,1,0,0,0,0,0,0,0,0,7,1,0,0,1,Ball,0,0,Observed,Observed,Observed,1,1,1
P03785,TOR_20260912_1_PA036,3786,2,1,0,0,0,0,0,0,0,7,1,0,0,1,Called Strike,0,0,Observed,Observed,Observed,1,1,1
P03786,TOR_20260912_1_PA036,3787,3,1,1,0,0,0,0,0,0,9,1,0,0,1,Ball,0,0,Observed,Observed,Observed,1,1,1
P03787,TOR_20260912_1_PA036,3788,4,2,1,0,0,0,0,0,0,7,1,0,0,1,Called Strike,0,0,Observed,Observed,Observed,1,1,1
P03788,TOR_20260912_1_PA036,3789,5,2,2,0,0,0,0,0,0,9,1,0,0,1,Foul,0,0,Observed,Observed,Observed,1,1,1
P03789,TOR_20260912_1_PA036,3790,6,2,2,0,0,0,0,0,0,9,1,0,0,1,Ball,0,0,Observed,Observed,Observed,1,1,1
P03790,TOR_20260912_1_PA036,3791,7,3,2,0,0,0,0,0,0,9,1,0,0,1,Foul,0,0,Observed,Observed,Observed,1,1,1
P03791,TOR_20260912_1_PA036,3792,8,3,2,0,0,0,0,0,0,9,1,0,0,1,Foul,0,0,Observed,Observed,Observed,1,1,1
P03792,TOR_20260912_1_PA036,3793,9,3,2,0,0,0,0,0,0,9,1,0,0,1,Ball,1,0,Observed,Observed,Observed,1,1,1
P03793,TOR_20260912_1_PA037,3794,1,0,0,1,0,0,0,1,0,13,0,0,2,2,Called Strike,0,0,Observed,Observed,Observed,1,1,1
P03794,TOR_20260912_1_PA037,3795,2,0,1,1,0,0,0,1,0,12,0,1,0,1,Called Strike,0,0,Observed,Observed,Observed,1,1,1
P03795,TOR_20260912_1_PA037,3796,3,0,2,1,0,0,0,1,0,13,0,0,0,0,Called Strike,1,0,Observed,Observed,Observed,1,1,1
P03796,TOR_20260912_1_PA038,3797,1,0,0,1,0,0,0,1,0,16,0,0,0,0,In Play,1,0,Observed,Observed,Observed,1,1,1
P03797,TOR_20260912_1_PA039,3798,1,0,0,1,0,0,0,1,0,9,0,1,1,2,Called Strike,0,0,Observed,Observed,Observed,1,1,1
P03798,TOR_20260912_1_PA039,3799,2,0,1,1,0,0,0,1,0,16,0,0,0,0,In Play,1,0,Observed,Observed,Observed,1,1,1
P03799,TOR_20260913_1_PA001,3800,1,0,0,0,0,0,0,0,0,12,0,0,2,2,Ball,0,0,Observed,Observed,Observed,1,1,1
P03800,TOR_20260913_1_PA001,3801,2,1,0,0,0,0,0,0,0,12,0,0,0,0,Called Strike,0,0,Observed,Observed,Observed,1,1,1
P03801,TOR_20260913_1_PA001,3802,3,1,1,0,0,0,0,0,0,14,0,0,0,0,Ball,0,0,Observed,Observed,Observed,1,1,1
P03802,TOR_20260913_1_PA001,3803,4,2,1,0,0,0,0,0,0,7,0,0,0,0,In Play,1,0,Observed,Observed,Observed,1,1,1
P03803,TOR_20260913_1_PA002,3804,1,0,0,0,0,0,0,0,0,10,0,0,0,0,Swinging Strike,0,0,Observed,Observed,Observed,1,1,1
P03804,TOR_20260913_1_PA002,3805,2,0,1,0,0,0,0,0,0,13,0,0,0,0,Ball,0,0,Observed,Observed,Observed,1,1,1
P03805,TOR_20260913_1_PA002,3806,3,1,1,0,0,0,0,0,0,16,0,0,1,1,In Play,1,0,Observed,Observed,Observed,1,1,1
P03806,TOR_20260913_1_PA003,3807,1,0,0,0,0,0,0,0,0,9,0,0,1,1,Called Strike,0,0,Observed,Observed,Observed,1,1,1
P03807,TOR_20260913_1_PA003,3808,2,0,1,0,0,0,0,0,0,8,1,0,0,1,Foul,0,0,Observed,Observed,Observed,1,1,1
P03808,TOR_20260913_1_PA003,3809,3,0,2,0,0,0,0,0,0,15,0,0,0,0,In Play,1,0,Observed,Observed,Observed,1,1,1
P03809,TOR_20260913_1_PA004,3810,1,0,0,1,0,0,0,1,1,29,0,0,0,0,Called Strike,0,0,Observed,Observed,Observed,1,1,1
P03810,TOR_20260913_1_PA004,3811,2,0,1,1,0,0,0,1,0,16,0,2,0,2,In Play,1,0,Observed,Observed,Observed,1,1,1
P03811,TOR_20260913_1_PA005,3812,1,0,0,0,0,0,0,0,0,8,0,0,2,2,Called Strike,0,0,Observed,Observed,Observed,1,1,1
P03812,TOR_20260913_1_PA005,3813,2,0,1,0,0,0,0,0,0,16,0,0,2,2,In Play,1,0,Observed,Observed,Observed,1,1,1
P03813,TOR_20260913_1_PA006,3814,1,0,0,1,0,0,0,1,0,14,0,0,0,0,Swinging Strike,0,0,Observed,Observed,Observed,1,1,1
P03814,TOR_20260913_1_PA006,3815,2,0,1,1,0,0,0,1,1,32,0,1,1,2,In Play,1,0,Observed,Observed,Observed,1,1,1
P03815,TOR_20260913_1_PA007,3816,1,0,0,1,0,0,0,1,0,12,0,0,2,2,Swinging Strike,0,0,Observed,Observed,Observed,1,1,1
P03816,TOR_20260913_1_PA007,3817,2,0,1,1,0,0,0,1,0,9,0,0,2,2,Foul,0,0,Observed,Observed,Observed,1,1,1
P03817,TOR_20260913_1_PA007,3818,3,0,2,1,0,0,0,1,1,26,1,0,0,1,Foul,0,0,Observed,Observed,Observed,1,1,1
P03818,TOR_20260913_1_PA007,3819,4,0,2,1,0,0,0,1,0,19,0,1,0,1,Foul,0,0,Observed,Observed,Observed,1,1,1
P03819,TOR_20260913_1_PA007,3820,5,0,2,1,0,0,0,1,0,18,1,0,1,2,Ball,0,0,Observed,Observed,Observed,1,1,1
P03820,TOR_20260913_1_PA007,3821,6,1,2,1,0,0,0,1,0,21,1,0,0,1,In Play,1,0,Observed,Observed,Observed,1,1,1
P03821,TOR_20260913_1_PA008,3822,1,0,0,0,1,1,1,2,0,14,0,2,0,2,Foul,0,0,Observed,Observed,Observed,1,1,1
P03822,TOR_20260913_1_PA008,3823,2,0,1,0,1,1,1,2,0,15,0,2,1,3,Swinging Strike,0,0,Observed,Observed,Observed,1,1,1
P03823,TOR_20260913_1_PA008,3824,3,0,2,0,1,1,1,2,0,12,0,0,1,1,Ball,0,0,Observed,Observed,Observed,1,1,1
P03824,TOR_20260913_1_PA008,3825,4,1,2,0,1,1,1,2,0,25,1,0,3,4,Swinging Strike,1,0,Observed,Observed,Observed,1,1,1
P03825,TOR_20260913_1_PA009,3826,1,0,0,0,1,1,1,2,0,20,0,0,1,1,Called Strike,0,0,Observed,Observed,Observed,1,1,1
P03826,TOR_20260913_1_PA009,3827,2,0,1,0,1,1,1,2,0,11,0,0,1,1,Foul,0,0,Observed,Observed,Observed,1,1,1
P03827,TOR_20260913_1_PA009,3828,3,0,2,0,1,1,1,2,0,16,0,0,1,1,In Play,1,0,Observed,Observed,Observed,1,1,1
P03828,TOR_20260913_1_PA010,3829,1,0,0,0,0,0,0,0,0,14,0,0,2,2,Called Strike,0,0,Observed,Observed,Observed,1,1,1
P03829,TOR_20260913_1_PA010,3830,2,0,1,0,0,0,0,0,0,10,0,0,0,0,Ball,0,0,Observed,Observed,Observed,1,1,1
P03830,TOR_20260913_1_PA010,3831,3,1,1,0,0,0,0,0,0,14,0,0,0,0,In Play,1,0,Observed,Observed,Observed,1,1,1
P03831,TOR_20260913_1_PA011,3832,1,0,0,0,0,0,0,0,0,18,0,0,1,1,Called Strike,0,0,Observed,Observed,Observed,1,1,1
P03832,TOR_20260913_1_PA011,3833,2,0,1,0,0,0,0,0,0,10,0,0,1,1,Foul,0,0,Observed,Observed,Observed,1,1,1
P03833,TOR_20260913_1_PA011,3834,3,0,2,0,0,0,0,0,0,11,0,0,1,1,Ball,0,0,Observed,Observed,Observed,1,1,1
P03834,TOR_20260913_1_PA011,3835,4,1,2,0,0,0,0,0,0,11,0,0,1,1,Foul,0,0,Observed,Observed,Observed,1,1,1
P03835,TOR_20260913_1_PA011,3836,5,1,2,0,0,0,0,0,0,16,0,0,1,1,Swinging Strike,1,0,Observed,Observed,Observed,1,1,1
P03836,TOR_20260913_1_PA012,3837,1,0,0,0,0,0,0,0,0,13,0,0,1,1,Ball,0,0,Observed,Observed,Observed,1,1,1
P03837,TOR_20260913_1_PA012,3838,2,1,0,0,0,0,0,0,0,14,0,0,1,1,In Play,1,0,Observed,Observed,Observed,1,1,1
P03838,TOR_20260913_1_PA013,3839,1,0,0,0,1,0,1,1,0,12,0,0,1,1,Called Strike,0,0,Observed,Observed,Observed,1,1,1
P03839,TOR_20260913_1_PA013,3840,2,0,1,0,1,0,1,1,0,12,0,0,0,0,Ball,0,0,Observed,Observed,Observed,1,1,1
P03840,TOR_20260913_1_PA013,3841,3,1,1,0,1,0,1,1,0,10,0,1,0,1,Ball,0,0,Observed,Observed,Observed,1,1,1
P03841,TOR_20260913_1_PA013,3842,4,2,1,0,1,0,1,1,0,14,0,0,1,1,Swinging Strike,0,0,Observed,Observed,Observed,1,1,1
P03842,TOR_20260913_1_PA013,3843,5,2,2,0,1,0,1,1,0,13,1,1,1,3,Ball,0,0,Observed,Observed,Observed,1,1,1
P03843,TOR_20260913_1_PA013,3844,6,3,2,0,1,0,1,1,0,9,0,1,0,1,Ball,1,0,Observed,Observed,Observed,1,1,1
P03844,TOR_20260913_1_PA014,3845,1,0,0,1,1,0,1,2,0,28,0,1,1,2,Ball,0,0,Observed,Observed,Observed,1,1,1
P03845,TOR_20260913_1_PA014,3846,2,1,0,1,1,0,1,2,0,16,0,0,1,1,Ball,0,0,Observed,Observed,Observed,1,1,1
P03846,TOR_20260913_1_PA014,3847,3,2,0,1,1,0,1,2,0,14,0,1,2,3,Ball,0,0,Observed,Observed,Observed,1,1,1
P03847,TOR_20260913_1_PA014,3848,4,3,0,1,1,0,1,2,0,16,0,0,2,2,Called Strike,0,0,Observed,Observed,Observed,1,1,1
P03848,TOR_20260913_1_PA014,3849,5,3,1,1,1,0,1,2,0,16,0,0,0,0,Swinging Strike,0,0,Observed,Observed,Observed,1,1,1
P03849,TOR_20260913_1_PA014,3850,6,3,2,1,1,0,1,2,0,15,0,0,2,2,Swinging Strike,1,0,Observed,Observed,Observed,1,1,1
P03850,TOR_20260913_1_PA015,3851,1,0,0,0,0,0,0,0,0,13,0,0,1,1,Foul,0,0,Observed,Observed,Observed,1,1,1
P03851,TOR_20260913_1_PA015,3852,2,0,1,0,0,0,0,0,0,13,0,0,0,0,Ball,0,0,Observed,Observed,Observed,1,1,1
P03852,TOR_20260913_1_PA015,3853,3,1,1,0,0,0,0,0,0,10,0,0,0,0,Ball,0,0,Observed,Observed,Observed,1,1,1
P03853,TOR_20260913_1_PA015,3854,4,2,1,0,0,0,0,0,0,13,0,1,0,1,In Play,1,0,Observed,Observed,Observed,1,1,1
P03854,TOR_20260913_1_PA016,3855,1,0,0,0,0,0,0,0,0,17,0,0,1,1,Ball,0,0,Observed,Observed,Observed,1,1,1
P03855,TOR_20260913_1_PA016,3856,2,1,0,0,0,0,0,0,0,9,0,1,1,2,Foul,0,0,Observed,Observed,Observed,1,1,1
P03856,TOR_20260913_1_PA016,3857,3,1,1,0,0,0,0,0,0,15,0,0,1,1,In Play,1,0,Observed,Observed,Observed,1,1,1
P03857,TOR_20260913_1_PA017,3858,1,0,0,0,0,0,0,0,0,13,0,1,0,1,Foul,0,0,Observed,Observed,Observed,1,1,1
P03858,TOR_20260913_1_PA017,3859,2,0,1,0,0,0,0,0,0,12,0,0,1,1,Foul,0,0,Observed,Observed,Observed,1,1,1
P03859,TOR_20260913_1_PA017,3860,3,0,2,0,0,0,0,0,0,26,0,0,1,1,Swinging Strike,1,0,Observed,Observed,Observed,1,1,1
P03860,TOR_20260913_1_PA018,3861,1,0,0,0,0,0,0,0,0,7,0,0,0,0,Ball,0,0,Observed,Observed,Observed,1,1,1
P03861,TOR_20260913_1_PA018,3862,2,1,0,0,0,0,0,0,0,14,0,0,1,1,In Play,1,0,Observed,Observed,Observed,1,1,1
P03862,TOR_20260913_1_PA019,3863,1,0,0,0,0,0,0,0,0,9,0,0,0,0,Ball,0,0,Observed,Observed,Observed,1,1,1
P03863,TOR_20260913_1_PA019,3864,2,1,0,0,0,0,0,0,0,16,0,1,1,2,Foul,0,0,Observed,Observed,Observed,1,1,1
P03864,TOR_20260913_1_PA019,3865,3,1,1,0,0,0,0,0,0,11,0,0,0,0,Foul,0,0,Observed,Observed,Observed,1,1,1
P03865,TOR_20260913_1_PA019,3866,4,1,2,0,0,0,0,0,0,11,0,0,0,0,Foul,0,0,Observed,Observed,Observed,1,1,1
P03866,TOR_20260913_1_PA019,3867,5,1,2,0,0,0,0,0,0,11,0,0,0,0,Swinging Strike,1,0,Observed,Observed,Observed,1,1,1
P03867,TOR_20260913_1_PA020,3868,1,0,0,0,0,0,0,0,0,10,0,0,1,1,Ball,0,0,Observed,Observed,Observed,1,1,1
P03868,TOR_20260913_1_PA020,3869,2,1,0,0,0,0,0,0,0,9,0,0,0,0,In Play,1,0,Observed,Observed,Observed,1,1,1
P03869,TOR_20260913_1_PA021,3870,1,0,0,0,0,0,0,0,0,12,0,0,1,1,Ball,0,0,Observed,Observed,Observed,1,1,1
P03870,TOR_20260913_1_PA021,3871,2,1,0,0,0,0,0,0,0,9,0,0,0,0,Ball,0,0,Observed,Observed,Observed,1,1,1
P03871,TOR_20260913_1_PA021,3872,3,2,0,0,0,0,0,0,0,12,0,0,0,0,Called Strike,0,0,Observed,Observed,Observed,1,1,1
P03872,TOR_20260913_1_PA021,3873,4,2,1,0,0,0,0,0,0,11,0,0,1,1,Foul,0,0,Observed,Observed,Observed,1,1,1
P03873,TOR_20260913_1_PA021,3874,5,2,2,0,0,0,0,0,0,20,0,1,0,1,Ball,0,0,Observed,Observed,Observed,1,1,1
P03874,TOR_20260913_1_PA021,3875,6,3,2,0,0,0,0,0,0,40,0,0,1,1,In Play,1,0,Observed,Observed,Observed,1,1,1
P03875,TOR_20260913_1_PA022,3876,1,0,0,0,0,0,0,0,0,13,0,1,2,3,Called Strike,0,0,Observed,Observed,Observed,1,1,1
P03876,TOR_20260913_1_PA022,3877,2,0,1,0,0,0,0,0,0,8,0,0,0,0,Ball,0,0,Observed,Observed,Observed,1,1,1
P03877,TOR_20260913_1_PA022,3878,3,1,1,0,0,0,0,0,0,14,0,0,0,0,Swinging Strike,0,0,Observed,Observed,Observed,1,1,1
P03878,TOR_20260913_1_PA022,3879,4,1,2,0,0,0,0,0,0,8,0,1,0,1,Ball,0,0,Observed,Observed,Observed,1,1,1
P03879,TOR_20260913_1_PA022,3880,5,2,2,0,0,0,0,0,0,15,0,0,0,0,Ball,0,0,Observed,Observed,Observed,1,1,1
P03880,TOR_20260913_1_PA022,3881,6,3,2,0,0,0,0,0,0,11,0,1,0,1,Foul,0,0,Observed,Observed,Observed,1,1,1
P03881,TOR_20260913_1_PA022,3882,7,3,2,0,0,0,0,0,0,14,0,1,0,1,Foul,0,0,Observed,Observed,Observed,1,1,1
P03882,TOR_20260913_1_PA022,3883,8,3,2,0,0,0,0,0,0,14,0,1,0,1,Foul,0,0,Observed,Observed,Observed,1,1,1
P03883,TOR_20260913_1_PA022,3884,9,3,2,0,0,0,0,0,0,15,0,2,0,2,In Play,1,0,Observed,Observed,Observed,1,1,1
P03884,TOR_20260913_1_PA023,3885,1,0,0,0,0,0,0,0,0,7,0,0,0,0,Ball,0,0,Observed,Observed,Observed,1,1,1
P03885,TOR_20260913_1_PA023,3886,2,1,0,0,0,0,0,0,0,13,0,0,1,1,Called Strike,0,0,Observed,Observed,Observed,1,1,1
P03886,TOR_20260913_1_PA023,3887,3,1,1,0,0,0,0,0,0,14,0,0,2,2,In Play,1,0,Observed,Observed,Observed,1,1,1
P03887,TOR_20260913_1_PA024,3888,1,0,0,0,0,0,0,0,0,13,0,0,0,0,In Play,1,0,Observed,Observed,Observed,1,1,1
P03888,TOR_20260913_1_PA025,3889,1,0,0,0,0,0,0,0,0,10,0,0,0,0,Foul,0,0,Observed,Observed,Observed,1,1,1
P03889,TOR_20260913_1_PA025,3890,2,0,1,0,0,0,0,0,0,14,0,1,0,1,In Play,1,0,Observed,Observed,Observed,1,1,1
P03890,TOR_20260913_1_PA026,3891,1,0,0,0,0,0,0,0,0,12,0,0,0,0,Ball,0,0,Observed,Observed,Observed,1,1,1
P03891,TOR_20260913_1_PA026,3892,2,1,0,0,0,0,0,0,0,10,0,0,1,1,Ball,0,0,Observed,Observed,Observed,1,1,1
P03892,TOR_20260913_1_PA026,3893,3,2,0,0,0,0,0,0,0,13,1,1,0,2,Swinging Strike,0,0,Observed,Observed,Observed,1,1,1
P03893,TOR_20260913_1_PA026,3894,4,2,1,0,0,0,0,0,0,13,0,1,1,2,Swinging Strike,0,0,Observed,Observed,Observed,1,1,1
P03894,TOR_20260913_1_PA026,3895,5,2,2,0,0,0,0,0,0,14,0,0,1,1,In Play,1,0,Observed,Observed,Observed,1,1,1
P03895,TOR_20260913_1_PA027,3896,1,0,0,0,0,0,0,0,0,13,0,0,1,1,Called Strike,0,0,Observed,Observed,Observed,1,1,1
P03896,TOR_20260913_1_PA027,3897,2,0,1,0,0,0,0,0,0,14,0,0,0,0,Called Strike,0,0,Observed,Observed,Observed,1,1,1
P03897,TOR_20260913_1_PA027,3898,3,0,2,0,0,0,0,0,0,18,0,0,1,1,In Play,1,0,Observed,Observed,Observed,1,1,1
P03898,TOR_20260913_1_PA028,3899,1,0,0,0,0,0,0,0,0,13,0,0,2,2,Ball,0,0,Observed,Observed,Observed,1,1,1
P03899,TOR_20260913_1_PA028,3900,2,1,0,0,0,0,0,0,0,14,0,0,0,0,Ball,0,0,Observed,Observed,Observed,1,1,1
P03900,TOR_20260913_1_PA028,3901,3,2,0,0,0,0,0,0,0,11,0,0,0,0,Ball,0,0,Observed,Observed,Observed,1,1,1
P03901,TOR_20260913_1_PA028,3902,4,3,0,0,0,0,0,0,0,11,0,0,0,0,Called Strike,0,0,Observed,Observed,Observed,1,1,1
P03902,TOR_20260913_1_PA028,3903,5,3,1,0,0,0,0,0,0,16,0,0,0,0,Called Strike,0,0,Observed,Observed,Observed,1,1,1
P03903,TOR_20260913_1_PA028,3904,6,3,2,0,0,0,0,0,0,10,0,0,0,0,Foul,0,0,Observed,Observed,Observed,1,1,1
P03904,TOR_20260913_1_PA028,3905,7,3,2,0,0,0,0,0,0,12,0,0,0,0,Foul,0,0,Observed,Observed,Observed,1,1,1
P03905,TOR_20260913_1_PA028,3906,8,3,2,0,0,0,0,0,0,12,0,0,0,0,Foul,0,0,Observed,Observed,Observed,1,1,1
P03906,TOR_20260913_1_PA028,3907,9,3,2,0,0,0,0,0,0,12,0,0,0,0,Foul,0,0,Observed,Observed,Observed,1,1,1
P03907,TOR_20260913_1_PA028,3908,10,3,2,0,0,0,0,0,0,23,0,0,0,0,Ball,1,0,Observed,Observed,Observed,1,1,1
P03908,TOR_20260913_1_PA029,3909,1,0,0,1,0,0,0,1,0,12,0,0,1,1,Ball,0,0,Observed,Observed,Observed,1,1,1
P03909,TOR_20260913_1_PA029,3910,2,1,0,1,0,0,0,1,0,13,0,0,0,0,Ball,0,0,Observed,Observed,Observed,1,1,1
P03910,TOR_20260913_1_PA029,3911,3,2,0,1,0,0,0,1,0,12,0,0,1,1,Swinging Strike,0,0,Observed,Observed,Observed,1,1,1
P03911,TOR_20260913_1_PA029,3912,4,2,1,1,0,0,0,1,0,14,0,0,1,1,In Play,1,0,Observed,Observed,Observed,1,1,1
P03912,TOR_20260913_1_PA030,3913,1,0,0,1,0,0,0,1,0,13,0,1,2,3,Ball,0,0,Observed,Observed,Observed,1,1,1
P03913,TOR_20260913_1_PA030,3914,2,1,0,1,0,0,0,1,0,16,0,0,0,0,In Play,1,0,Observed,Observed,Observed,1,1,1
P03914,TOR_20260913_1_PA031,3915,1,0,0,1,1,0,1,2,0,14,0,1,0,1,Foul,0,0,Observed,Observed,Observed,1,1,1
P03915,TOR_20260913_1_PA031,3916,2,0,1,1,1,0,1,2,0,14,0,1,0,1,In Play,1,0,Observed,Observed,Observed,1,1,1
P03916,TOR_20260913_1_PA032,3917,1,0,0,0,0,0,0,0,0,17,0,1,2,3,Ball,0,0,Observed,Observed,Observed,1,1,1
P03917,TOR_20260913_1_PA032,3918,2,1,0,0,0,0,0,0,0,11,0,1,1,2,Ball,0,0,Observed,Observed,Observed,1,1,1
P03918,TOR_20260913_1_PA032,3919,3,2,0,0,0,0,0,0,0,11,0,1,3,4,Ball,0,0,Observed,Observed,Observed,1,1,1
P03919,TOR_20260913_1_PA032,3920,4,3,0,0,0,0,0,0,0,8,0,1,1,2,Called Strike,0,0,Observed,Observed,Observed,1,1,1
P03920,TOR_20260913_1_PA032,3921,5,3,1,0,0,0,0,0,0,13,0,1,2,3,Ball,1,0,Observed,Observed,Observed,1,1,1
P03921,TOR_20260913_1_PA033,3922,1,0,0,1,0,0,0,1,0,9,0,1,2,3,Called Strike,0,0,Observed,Observed,Observed,1,1,1
P03922,TOR_20260913_1_PA033,3923,2,0,1,1,0,0,0,1,0,10,0,1,0,1,Swinging Strike,0,0,Observed,Observed,Observed,1,1,1
P03923,TOR_20260913_1_PA033,3924,3,0,2,1,0,0,0,1,0,15,0,0,0,0,In Play,1,0,Observed,Observed,Observed,1,1,1
P03924,TOR_20260913_1_PA034,3925,1,0,0,1,0,0,0,1,0,10,0,1,1,2,Foul,0,0,Observed,Observed,Observed,1,1,1
P03925,TOR_20260913_1_PA034,3926,2,0,1,1,0,0,0,1,0,21,0,2,2,4,In Play,1,0,Observed,Observed,Observed,1,1,1
P03926,TOR_20260913_1_PA035,3927,1,0,0,1,0,0,0,1,0,12,0,0,1,1,Called Strike,0,0,Observed,Observed,Observed,1,1,1
P03927,TOR_20260913_1_PA035,3928,2,0,1,1,0,0,0,1,0,12,0,0,1,1,Foul,0,0,Observed,Observed,Observed,1,1,1
P03928,TOR_20260913_1_PA035,3929,3,0,2,1,0,0,0,1,0,15,0,1,1,2,Ball,0,0,Observed,Observed,Observed,1,1,1
P03929,TOR_20260913_1_PA035,3930,4,1,2,1,0,0,0,1,0,14,0,0,1,1,Ball,0,0,Observed,Observed,Observed,1,1,1
P03930,TOR_20260913_1_PA035,3931,5,2,2,1,0,0,0,1,0,13,0,0,1,1,Foul,0,0,Observed,Observed,Observed,1,1,1
P03931,TOR_20260913_1_PA035,3932,6,2,2,1,0,0,0,1,0,20,0,0,2,2,Ball,0,0,Observed,Observed,Observed,1,1,1
P03932,TOR_20260913_1_PA035,3933,7,3,2,1,0,0,0,1,0,13,0,0,0,0,Foul,0,0,Observed,Observed,Observed,1,1,1
P03933,TOR_20260913_1_PA035,3934,8,3,2,1,0,0,0,1,0,17,0,0,1,1,In Play,1,0,Observed,Observed,Observed,1,1,1
P03934,TOR_20260913_1_PA036,3935,1,0,0,1,0,1,1,2,0,11,0,0,1,1,Called Strike,0,0,Observed,Observed,Observed,1,1,1
P03935,TOR_20260913_1_PA036,3936,2,0,1,1,0,1,1,2,0,9,0,0,0,0,Swinging Strike,0,0,Observed,Observed,Observed,1,1,1
P03936,TOR_20260913_1_PA036,3937,3,0,2,1,0,1,1,2,0,18,0,1,1,2,Ball,0,0,Observed,Observed,Observed,1,1,1
P03937,TOR_20260913_1_PA036,3938,4,1,2,1,0,1,1,2,0,12,1,1,1,3,Ball,0,0,Observed,Observed,Observed,1,1,1
P03938,TOR_20260913_1_PA036,3939,5,2,2,1,0,1,1,2,0,18,0,0,1,1,Ball,0,0,Observed,Observed,Observed,1,1,1
P03939,TOR_20260913_1_PA036,3940,6,3,2,1,0,1,1,2,0,19,0,1,1,2,Ball,1,0,Observed,Observed,Observed,1,1,1
P03940,TOR_20260913_1_PA037,3941,1,0,0,1,1,1,1,3,0,11,0,0,2,2,Foul,0,0,Observed,Observed,Observed,1,1,1
P03941,TOR_20260913_1_PA037,3942,2,0,1,1,1,1,1,3,0,9,0,0,0,0,Ball,0,0,Observed,Observed,Observed,1,1,1
P03942,TOR_20260913_1_PA037,3943,3,1,1,1,1,1,1,3,0,12,0,0,0,0,Foul,0,0,Observed,Observed,Observed,1,1,1
P03943,TOR_20260913_1_PA037,3944,4,1,2,1,1,1,1,3,0,14,0,0,0,0,Ball,0,0,Observed,Observed,Observed,1,1,1
P03944,TOR_20260913_1_PA037,3945,5,2,2,1,1,1,1,3,1,59,0,0,0,0,Ball,0,0,Observed,Observed,Observed,1,1,1
P03945,TOR_20260913_1_PA037,3946,6,3,2,1,1,1,1,3,0,17,0,0,0,0,Ball,1,0,Observed,Observed,Observed,1,1,1
P03946,TOR_20260913_1_PA038,3947,1,0,0,1,1,1,1,3,0,10,0,0,1,1,Ball,0,0,Observed,Observed,Observed,1,1,1
P03947,TOR_20260913_1_PA038,3948,2,1,0,1,1,1,1,3,0,15,0,0,1,1,Swinging Strike,0,0,Observed,Observed,Observed,1,1,1
P03948,TOR_20260913_1_PA038,3949,3,1,1,1,1,1,1,3,0,16,0,0,0,0,In Play,1,0,Observed,Observed,Observed,1,1,1
P03949,TOR_20260913_1_PA039,3950,1,0,0,0,1,0,1,1,0,17,0,0,1,1,Foul,0,0,Observed,Observed,Observed,1,1,1
P03950,TOR_20260913_1_PA039,3951,2,0,1,0,1,0,1,1,0,10,0,0,0,0,Swinging Strike,0,0,Observed,Observed,Observed,1,1,1
P03951,TOR_20260913_1_PA039,3952,3,0,2,0,1,0,1,1,0,9,0,0,0,0,Ball,0,0,Observed,Observed,Observed,1,1,1
P03952,TOR_20260913_1_PA039,3953,4,1,2,0,1,0,1,1,0,19,0,0,1,1,Ball,0,0,Observed,Observed,Observed,1,1,1
P03953,TOR_20260913_1_PA039,3954,5,2,2,0,1,0,1,1,0,11,0,0,1,1,Called Strike,1,0,Observed,Observed,Observed,1,1,1
P03954,TOR_20260914_1_PA001,3955,1,0,0,0,0,0,0,0,0,12,0,0,2,2,Ball,0,0,Observed,Observed,Observed,1,1,1
P03955,TOR_20260914_1_PA001,3956,2,1,0,0,0,0,0,0,0,12,0,0,0,0,Called Strike,0,0,Observed,Observed,Observed,1,1,1
P03956,TOR_20260914_1_PA001,3957,3,1,1,0,0,0,0,0,0,14,0,0,0,0,Ball,0,0,Observed,Observed,Observed,1,1,1
P03957,TOR_20260914_1_PA001,3958,4,2,1,0,0,0,0,0,0,7,0,0,0,0,In Play,1,0,Observed,Observed,Observed,1,1,1
P03958,TOR_20260914_1_PA002,3959,1,0,0,1,0,0,0,1,0,15,0,0,1,1,Called Strike,0,0,Observed,Observed,Observed,1,1,1
P03959,TOR_20260914_1_PA002,3960,2,0,1,1,0,0,0,1,0,17,0,0,0,0,Ball,0,0,Observed,Observed,Observed,1,1,1
P03960,TOR_20260914_1_PA002,3961,3,1,1,1,0,0,0,1,0,21,0,0,0,0,Called Strike,0,0,Observed,Observed,Observed,1,1,1
P03961,TOR_20260914_1_PA002,3962,4,1,2,1,0,0,0,1,0,15,0,0,2,2,Ball,0,0,Observed,Observed,Observed,1,1,1
P03962,TOR_20260914_1_PA002,3963,5,2,2,1,0,0,0,1,0,15,0,0,2,2,Ball,0,0,Observed,Observed,Observed,1,1,1
P03963,TOR_20260914_1_PA002,3964,6,3,2,1,0,0,0,1,0,15,0,0,2,2,Ball,1,0,Observed,Observed,Observed,1,1,1
P03964,TOR_20260914_1_PA003,3965,1,0,0,1,1,0,1,2,0,13,0,0,2,2,Called Strike,0,0,Observed,Observed,Observed,1,1,1
P03965,TOR_20260914_1_PA003,3966,2,0,1,1,1,0,1,2,0,20,0,1,1,2,Ball,0,0,Observed,Observed,Observed,1,1,1
P03966,TOR_20260914_1_PA003,3967,3,1,1,1,1,0,1,2,0,13,0,0,1,1,Ball,0,0,Observed,Observed,Observed,1,1,1
P03967,TOR_20260914_1_PA003,3968,4,2,1,1,1,0,1,2,0,9,0,0,1,1,Swinging Strike,0,0,Observed,Observed,Observed,1,1,1
P03968,TOR_20260914_1_PA003,3969,5,2,2,1,1,0,1,2,0,32,0,1,0,1,Ball,0,0,Observed,Observed,Observed,1,1,1
P03969,TOR_20260914_1_PA003,3970,6,3,2,1,1,0,1,2,0,37,0,0,1,1,In Play,1,0,Observed,Observed,Observed,1,1,1
P03970,TOR_20260914_1_PA004,3971,1,0,0,1,1,0,1,2,0,25,0,2,3,5,Ball,0,0,Observed,Observed,Observed,1,1,1
P03971,TOR_20260914_1_PA004,3972,2,1,0,1,1,0,1,2,0,7,0,0,1,1,Called Strike,0,0,Observed,Observed,Observed,1,1,1
P03972,TOR_20260914_1_PA004,3973,3,1,1,1,1,0,1,2,0,11,0,1,2,3,Foul,0,0,Observed,Observed,Observed,1,1,1
P03973,TOR_20260914_1_PA004,3974,4,1,2,1,1,0,1,2,0,17,0,1,2,3,Foul,0,0,Observed,Observed,Observed,1,1,1
P03974,TOR_20260914_1_PA004,3975,5,1,2,1,1,0,1,2,0,17,0,1,2,3,Foul,0,0,Observed,Observed,Observed,1,1,1
P03975,TOR_20260914_1_PA004,3976,6,1,2,1,1,0,1,2,0,18,0,1,2,3,In Play,1,0,Observed,Observed,Observed,1,1,1
P03976,TOR_20260914_1_PA005,3977,1,0,0,1,0,1,1,2,0,14,0,1,2,3,Foul,0,0,Observed,Observed,Observed,1,1,1
P03977,TOR_20260914_1_PA005,3978,2,0,1,1,0,1,1,2,0,26,1,1,2,4,Ball,0,0,Observed,Observed,Observed,1,1,1
P03978,TOR_20260914_1_PA005,3979,3,1,1,1,0,1,1,2,0,13,0,1,2,3,Foul,0,0,Observed,Observed,Observed,1,1,1
P03979,TOR_20260914_1_PA005,3980,4,1,2,1,0,1,1,2,0,16,0,1,2,3,In Play,1,0,Observed,Observed,Observed,1,1,1
P03980,TOR_20260914_1_PA006,3981,1,0,0,0,1,0,1,1,0,11,0,0,0,0,Ball,0,0,Observed,Observed,Observed,1,1,1
P03981,TOR_20260914_1_PA006,3982,2,1,0,0,1,0,1,1,0,10,0,1,0,1,In Play,1,0,Observed,Observed,Observed,1,1,1
P03982,TOR_20260914_1_PA007,3983,1,0,0,0,0,0,0,0,0,12,0,0,2,2,Swinging Strike,0,0,Observed,Observed,Observed,1,1,1
P03983,TOR_20260914_1_PA007,3984,2,0,1,0,0,0,0,0,0,11,0,1,0,1,In Play,1,0,Observed,Observed,Observed,1,1,1
P03984,TOR_20260914_1_PA008,3985,1,0,0,1,0,0,0,1,0,16,0,2,2,4,Called Strike,0,0,Observed,Observed,Observed,1,1,1
P03985,TOR_20260914_1_PA008,3986,2,0,1,1,0,0,0,1,0,15,0,1,2,3,Ball,0,0,Observed,Observed,Observed,1,1,1
P03986,TOR_20260914_1_PA008,3987,3,1,1,1,0,0,0,1,0,27,0,2,2,4,Foul,0,0,Observed,Observed,Observed,1,1,1
P03987,TOR_20260914_1_PA008,3988,4,1,2,1,0,0,0,1,0,18,0,3,2,5,Ball,0,0,Observed,Observed,Observed,1,1,1
P03988,TOR_20260914_1_PA008,3989,5,2,2,1,0,0,0,1,0,19,0,1,3,4,Foul,0,0,Observed,Observed,Observed,1,1,1
P03989,TOR_20260914_1_PA008,3990,6,2,2,1,0,0,0,1,0,40,0,0,2,2,Ball,0,0,Observed,Observed,Observed,1,1,1
P03990,TOR_20260914_1_PA008,3991,7,3,2,1,0,0,0,1,0,11,0,1,2,3,Swinging Strike,1,0,Observed,Observed,Observed,1,1,1
P03991,TOR_20260914_1_PA009,3992,1,0,0,1,0,0,0,1,1,32,0,1,1,2,In Play,1,0,Observed,Observed,Observed,1,1,1
P03992,TOR_20260914_1_PA010,3993,1,0,0,1,1,0,1,2,0,19,0,0,1,1,Called Strike,0,0,Observed,Observed,Observed,1,1,1
P03993,TOR_20260914_1_PA010,3994,2,0,1,1,1,0,1,2,0,14,0,0,0,0,Called Strike,0,0,Observed,Observed,Observed,1,1,1
P03994,TOR_20260914_1_PA010,3995,3,0,2,1,1,0,1,2,0,14,0,0,0,0,Ball,0,0,Observed,Observed,Observed,1,1,1
P03995,TOR_20260914_1_PA010,3996,4,1,2,1,1,0,1,2,0,13,0,0,0,0,Called Strike,1,0,Observed,Observed,Observed,1,1,1
P03996,TOR_20260914_1_PA011,3997,1,0,0,1,1,0,1,2,0,16,0,0,0,0,Ball,0,0,Observed,Observed,Observed,1,1,1
P03997,TOR_20260914_1_PA011,3998,2,1,0,1,1,0,1,2,0,13,0,0,0,0,Foul,0,0,Observed,Observed,Observed,1,1,1
P03998,TOR_20260914_1_PA011,3999,3,1,1,1,1,0,1,2,0,15,0,0,2,2,Foul,0,0,Observed,Observed,Observed,1,1,1
P03999,TOR_20260914_1_PA011,4000,4,1,2,1,1,0,1,2,0,15,0,0,2,2,Foul,0,0,Observed,Observed,Observed,1,1,1
P04000,TOR_20260914_1_PA011,4001,5,1,2,1,1,0,1,2,0,15,0,0,2,2,Ball,0,0,Observed,Observed,Observed,1,1,1
P04001,TOR_20260914_1_PA011,4002,6,2,2,1,1,0,1,2,0,15,0,0,2,2,Ball,0,0,Observed,Observed,Observed,1,1,1
P04002,TOR_20260914_1_PA011,4003,7,3,2,1,1,0,1,2,0,17,0,0,2,2,Ball,1,0,Observed,Observed,Observed,1,1,1
P04003,TOR_20260914_1_PA012,4004,1,0,0,1,1,1,1,3,0,14,0,0,1,1,Ball,0,0,Observed,Observed,Observed,1,1,1
P04004,TOR_20260914_1_PA012,4005,2,1,0,1,1,1,1,3,0,15,0,1,2,3,Called Strike,0,0,Observed,Observed,Observed,1,1,1
P04005,TOR_20260914_1_PA012,4006,3,1,1,1,1,1,1,3,0,18,0,0,0,0,In Play,1,0,Observed,Observed,Observed,1,1,1
P04006,TOR_20260914_1_PA013,4007,1,0,0,0,0,0,0,0,0,12,0,1,2,3,Foul,0,0,Observed,Observed,Observed,1,1,1
P04007,TOR_20260914_1_PA013,4008,2,0,1,0,0,0,0,0,0,20,0,2,2,4,Ball,0,0,Observed,Observed,Observed,1,1,1
P04008,TOR_20260914_1_PA013,4009,3,1,1,0,0,0,0,0,0,17,1,1,1,3,Ball,0,0,Observed,Observed,Observed,1,1,1
P04009,TOR_20260914_1_PA013,4010,4,2,1,0,0,0,0,0,0,8,0,1,1,2,Called Strike,0,0,Observed,Observed,Observed,1,1,1
P04010,TOR_20260914_1_PA013,4011,5,2,2,0,0,0,0,0,0,24,0,2,1,3,Ball,0,0,Observed,Observed,Observed,1,1,1
P04011,TOR_20260914_1_PA013,4012,6,3,2,0,0,0,0,0,0,13,0,1,0,1,Foul,0,0,Observed,Observed,Observed,1,1,1
P04012,TOR_20260914_1_PA013,4013,7,3,2,0,0,0,0,0,0,12,0,1,1,2,Ball,1,0,Observed,Observed,Observed,1,1,1
P04013,TOR_20260914_1_PA014,4014,1,0,0,1,0,0,0,1,0,11,0,1,2,3,In Play,1,0,Observed,Observed,Observed,1,1,1
P04014,TOR_20260914_1_PA015,4015,1,0,0,0,1,1,1,2,0,16,0,2,0,2,Foul,0,0,Observed,Observed,Observed,1,1,1
P04015,TOR_20260914_1_PA015,4016,2,0,1,0,1,1,1,2,0,12,0,0,0,0,Ball,0,0,Observed,Observed,Observed,1,1,1
P04016,TOR_20260914_1_PA015,4017,3,1,1,0,1,1,1,2,0,14,0,1,1,2,In Play,1,0,Observed,Observed,Observed,1,1,1
P04017,TOR_20260914_1_PA016,4018,1,0,0,0,1,1,1,2,0,13,0,0,1,1,Ball,0,0,Observed,Observed,Observed,1,1,1
P04018,TOR_20260914_1_PA016,4019,2,1,0,0,1,1,1,2,0,14,0,1,0,1,Called Strike,0,0,Observed,Observed,Observed,1,1,1
P04019,TOR_20260914_1_PA016,4020,3,1,1,0,1,1,1,2,0,14,0,0,0,0,Called Strike,0,0,Observed,Observed,Observed,1,1,1
P04020,TOR_20260914_1_PA016,4021,4,1,2,0,1,1,1,2,0,16,0,0,1,1,Ball,0,0,Observed,Observed,Observed,1,1,1
P04021,TOR_20260914_1_PA016,4022,5,2,2,0,1,1,1,2,0,25,0,1,2,3,Foul,0,0,Observed,Observed,Observed,1,1,1
P04022,TOR_20260914_1_PA016,4023,6,2,2,0,1,1,1,2,0,20,1,0,2,3,Swinging Strike,1,0,Observed,Observed,Observed,1,1,1
P04023,TOR_20260914_1_PA017,4024,1,0,0,0,1,1,1,2,0,10,0,0,2,2,Ball,0,0,Observed,Observed,Observed,1,1,1
P04024,TOR_20260914_1_PA017,4025,2,1,0,0,1,1,1,2,0,11,0,0,2,2,Ball,0,0,Observed,Observed,Observed,1,1,1
P04025,TOR_20260914_1_PA017,4026,3,2,0,0,1,1,1,2,0,28,0,3,2,5,Ball,0,0,Observed,Observed,Observed,1,1,1
P04026,TOR_20260914_1_PA017,4027,4,3,0,0,1,1,1,2,0,17,0,0,1,1,Swinging Strike,0,0,Observed,Observed,Observed,1,1,1
P04027,TOR_20260914_1_PA017,4028,5,3,1,0,1,1,1,2,0,14,0,0,2,2,Foul,0,0,Observed,Observed,Observed,1,1,1
P04028,TOR_20260914_1_PA017,4029,6,3,2,0,1,1,1,2,0,14,0,0,2,2,Foul,0,0,Observed,Observed,Observed,1,1,1
P04029,TOR_20260914_1_PA017,4030,7,3,2,0,1,1,1,2,0,17,0,1,3,4,Foul,0,0,Observed,Observed,Observed,1,1,1
P04030,TOR_20260914_1_PA017,4031,8,3,2,0,1,1,1,2,0,26,0,0,1,1,Ball,1,0,Observed,Observed,Observed,1,1,1
P04031,TOR_20260914_1_PA018,4032,1,0,0,1,1,1,1,3,0,15,0,1,1,2,Foul,0,0,Observed,Observed,Observed,1,1,1
P04032,TOR_20260914_1_PA018,4033,2,0,1,1,1,1,1,3,0,11,0,1,0,1,In Play,1,0,Observed,Observed,Observed,1,1,1
P04033,TOR_20260914_1_PA019,4034,1,0,0,0,0,0,0,0,0,14,0,0,2,2,Called Strike,0,0,Observed,Observed,Observed,1,1,1
P04034,TOR_20260914_1_PA019,4035,2,0,1,0,0,0,0,0,0,10,0,0,0,0,Ball,0,0,Observed,Observed,Observed,1,1,1
P04035,TOR_20260914_1_PA019,4036,3,1,1,0,0,0,0,0,0,11,0,0,0,0,Foul,0,0,Observed,Observed,Observed,1,1,1
P04036,TOR_20260914_1_PA019,4037,4,1,2,0,0,0,0,0,0,11,0,0,0,0,In Play,1,0,Observed,Observed,Observed,1,1,1
P04037,TOR_20260914_1_PA020,4038,1,0,0,0,0,0,0,0,0,11,0,0,0,0,Called Strike,0,0,Observed,Observed,Observed,1,1,1
P04038,TOR_20260914_1_PA020,4039,2,0,1,0,0,0,0,0,0,13,0,0,0,0,Ball,0,0,Observed,Observed,Observed,1,1,1
P04039,TOR_20260914_1_PA020,4040,3,1,1,0,0,0,0,0,0,21,0,0,0,0,Called Strike,0,0,Observed,Observed,Observed,1,1,1
P04040,TOR_20260914_1_PA020,4041,4,1,2,0,0,0,0,0,0,14,0,0,0,0,Ball,0,0,Observed,Observed,Observed,1,1,1
P04041,TOR_20260914_1_PA020,4042,5,2,2,0,0,0,0,0,0,14,0,0,1,1,Foul,0,0,Observed,Observed,Observed,1,1,1
P04042,TOR_20260914_1_PA020,4043,6,2,2,0,0,0,0,0,0,14,0,0,1,1,Foul,0,0,Observed,Observed,Observed,1,1,1
P04043,TOR_20260914_1_PA020,4044,7,2,2,0,0,0,0,0,0,14,0,0,1,1,Foul,0,0,Observed,Observed,Observed,1,1,1
P04044,TOR_20260914_1_PA020,4045,8,2,2,0,0,0,0,0,0,14,0,0,1,1,Foul,0,0,Observed,Observed,Observed,1,1,1
P04045,TOR_20260914_1_PA020,4046,9,2,2,0,0,0,0,0,0,16,1,0,1,2,In Play,1,0,Observed,Observed,Observed,1,1,1
P04046,TOR_20260914_1_PA021,4047,1,0,0,0,0,0,0,0,0,19,0,0,1,1,Ball,0,0,Observed,Observed,Observed,1,1,1
P04047,TOR_20260914_1_PA021,4048,2,1,0,0,0,0,0,0,0,9,0,0,0,0,Ball,0,0,Observed,Observed,Observed,1,1,1
P04048,TOR_20260914_1_PA021,4049,3,2,0,0,0,0,0,0,0,12,0,0,0,0,Called Strike,0,0,Observed,Observed,Observed,1,1,1
P04049,TOR_20260914_1_PA021,4050,4,2,1,0,0,0,0,0,0,19,0,0,2,2,Ball,0,0,Observed,Observed,Observed,1,1,1
P04050,TOR_20260914_1_PA021,4051,5,3,1,0,0,0,0,0,0,15,0,0,1,1,Swinging Strike,0,0,Observed,Observed,Observed,1,1,1
P04051,TOR_20260914_1_PA021,4052,6,3,2,0,0,0,0,0,0,25,0,0,0,0,Ball,1,0,Observed,Observed,Observed,1,1,1
P04052,TOR_20260914_1_PA022,4053,1,0,0,1,0,0,0,1,0,14,0,1,2,3,Called Strike,0,0,Observed,Observed,Observed,1,1,1
P04053,TOR_20260914_1_PA022,4054,2,0,1,1,0,0,0,1,0,14,0,1,2,3,Ball,0,0,Observed,Observed,Observed,1,1,1
P04054,TOR_20260914_1_PA022,4055,3,1,1,1,0,0,0,1,0,23,0,0,2,2,Ball,0,0,Observed,Observed,Observed,1,1,1
P04055,TOR_20260914_1_PA022,4056,4,2,1,1,0,0,0,1,0,15,0,1,2,3,Called Strike,0,0,Observed,Observed,Observed,1,1,1
P04056,TOR_20260914_1_PA022,4057,5,2,2,1,0,0,0,1,0,17,0,1,1,2,In Play,1,0,Observed,Observed,Observed,1,1,1
P04057,TOR_20260914_1_PA023,4058,1,0,0,0,0,0,0,0,0,11,0,1,2,3,Ball,0,0,Observed,Observed,Observed,1,1,1
P04058,TOR_20260914_1_PA023,4059,2,1,0,0,0,0,0,0,0,14,1,1,2,4,Foul,0,0,Observed,Observed,Observed,1,1,1
P04059,TOR_20260914_1_PA023,4060,3,1,1,0,0,0,0,0,0,17,0,1,1,2,Ball,0,0,Observed,Observed,Observed,1,1,1
P04060,TOR_20260914_1_PA023,4061,4,2,1,0,0,0,0,0,0,14,0,1,1,2,Foul,0,0,Observed,Observed,Observed,1,1,1
P04061,TOR_20260914_1_PA023,4062,5,2,2,0,0,0,0,0,0,11,0,1,2,3,Foul,0,0,Observed,Observed,Observed,1,1,1
P04062,TOR_20260914_1_PA023,4063,6,2,2,0,0,0,0,0,0,13,0,1,2,3,Ball,0,0,Observed,Observed,Observed,1,1,1
P04063,TOR_20260914_1_PA023,4064,7,3,2,0,0,0,0,0,0,14,1,1,2,4,Foul,0,0,Observed,Observed,Observed,1,1,1
P04064,TOR_20260914_1_PA023,4065,8,3,2,0,0,0,0,0,0,13,1,1,2,4,Swinging Strike,1,0,Observed,Observed,Observed,1,1,1
P04065,TOR_20260914_1_PA024,4066,1,0,0,0,0,0,0,0,0,13,0,1,2,3,Called Strike,0,0,Observed,Observed,Observed,1,1,1
P04066,TOR_20260914_1_PA024,4067,2,0,1,0,0,0,0,0,0,13,0,1,0,1,Called Strike,0,0,Observed,Observed,Observed,1,1,1
P04067,TOR_20260914_1_PA024,4068,3,0,2,0,0,0,0,0,0,12,1,1,1,3,Ball,0,0,Observed,Observed,Observed,1,1,1
P04068,TOR_20260914_1_PA024,4069,4,1,2,0,0,0,0,0,0,8,0,1,0,1,Ball,0,0,Observed,Observed,Observed,1,1,1
P04069,TOR_20260914_1_PA024,4070,5,2,2,0,0,0,0,0,0,15,0,1,0,1,Foul,0,0,Observed,Observed,Observed,1,1,1
P04070,TOR_20260914_1_PA024,4071,6,2,2,0,0,0,0,0,0,16,0,0,1,1,Swinging Strike,1,0,Observed,Observed,Observed,1,1,1
P04071,TOR_20260914_1_PA025,4072,1,0,0,0,0,0,0,0,0,12,0,0,2,2,Swinging Strike,0,0,Observed,Observed,Observed,1,1,1
P04072,TOR_20260914_1_PA025,4073,2,0,1,0,0,0,0,0,0,15,0,0,0,0,Called Strike,0,0,Observed,Observed,Observed,1,1,1
P04073,TOR_20260914_1_PA025,4074,3,0,2,0,0,0,0,0,0,12,0,1,0,1,Ball,0,0,Observed,Observed,Observed,1,1,1
P04074,TOR_20260914_1_PA025,4075,4,1,2,0,0,0,0,0,0,21,0,1,0,1,In Play,1,0,Observed,Observed,Observed,1,1,1
P04075,TOR_20260914_1_PA026,4076,1,0,0,0,0,0,0,0,0,13,0,0,1,1,Called Strike,0,0,Observed,Observed,Observed,1,1,1
P04076,TOR_20260914_1_PA026,4077,2,0,1,0,0,0,0,0,0,14,0,0,1,1,Ball,0,0,Observed,Observed,Observed,1,1,1
P04077,TOR_20260914_1_PA026,4078,3,1,1,0,0,0,0,0,0,13,0,0,0,0,Ball,0,0,Observed,Observed,Observed,1,1,1
P04078,TOR_20260914_1_PA026,4079,4,2,1,0,0,0,0,0,0,27,0,1,1,2,Ball,0,0,Observed,Observed,Observed,1,1,1
P04079,TOR_20260914_1_PA026,4080,5,3,1,0,0,0,0,0,0,12,0,0,0,0,Called Strike,0,0,Observed,Observed,Observed,1,1,1
P04080,TOR_20260914_1_PA026,4081,6,3,2,0,0,0,0,0,0,12,0,0,0,0,Foul,0,0,Observed,Observed,Observed,1,1,1
P04081,TOR_20260914_1_PA026,4082,7,3,2,0,0,0,0,0,0,11,0,0,0,0,In Play,1,0,Observed,Observed,Observed,1,1,1
P04082,TOR_20260914_1_PA027,4083,1,0,0,0,0,0,0,0,0,13,0,0,1,1,Ball,0,0,Observed,Observed,Observed,1,1,1
P04083,TOR_20260914_1_PA027,4084,2,1,0,0,0,0,0,0,0,14,0,0,1,1,Called Strike,0,0,Observed,Observed,Observed,1,1,1
P04084,TOR_20260914_1_PA027,4085,3,1,1,0,0,0,0,0,0,14,0,1,0,1,In Play,1,0,Observed,Observed,Observed,1,1,1
P04085,TOR_20260914_1_PA028,4086,1,0,0,0,0,0,0,0,0,8,0,0,0,0,In Play,1,0,Observed,Observed,Observed,1,1,1
P04086,TOR_20260914_1_PA029,4087,1,0,0,0,0,0,0,0,0,11,0,0,1,1,Swinging Strike,0,0,Observed,Observed,Observed,1,1,1
P04087,TOR_20260914_1_PA029,4088,2,0,1,0,0,0,0,0,0,13,0,0,1,1,Called Strike,0,0,Observed,Observed,Observed,1,1,1
P04088,TOR_20260914_1_PA029,4089,3,0,2,0,0,0,0,0,0,9,0,0,1,1,Ball,0,0,Observed,Observed,Observed,1,1,1
P04089,TOR_20260914_1_PA029,4090,4,1,2,0,0,0,0,0,0,14,0,0,0,0,Ball,0,0,Observed,Observed,Observed,1,1,1
P04090,TOR_20260914_1_PA029,4091,5,2,2,0,0,0,0,0,0,15,0,0,0,0,Foul,0,0,Observed,Observed,Observed,1,1,1
P04091,TOR_20260914_1_PA029,4092,6,2,2,0,0,0,0,0,0,18,0,0,0,0,In Play,1,0,Observed,Observed,Observed,1,1,1
P04092,TOR_20260914_1_PA030,4093,1,0,0,1,0,0,0,1,0,16,0,0,0,0,In Play,1,0,Observed,Observed,Observed,1,1,1
P04093,TOR_20260914_1_PA031,4094,1,0,0,1,0,0,0,1,0,13,0,1,2,3,Ball,0,0,Observed,Observed,Observed,1,1,1
P04094,TOR_20260914_1_PA031,4095,2,1,0,1,0,0,0,1,0,14,0,1,2,3,Ball,0,0,Observed,Observed,Observed,1,1,1
P04095,TOR_20260914_1_PA031,4096,3,2,0,1,0,0,0,1,0,17,0,1,0,1,Ball,0,0,Observed,Observed,Observed,1,1,1
P04096,TOR_20260914_1_PA031,4097,4,3,0,1,0,0,0,1,0,15,0,1,2,3,Called Strike,0,0,Observed,Observed,Observed,1,1,1
P04097,TOR_20260914_1_PA031,4098,5,3,1,1,0,0,0,1,0,17,0,1,1,2,In Play,1,0,Observed,Observed,Observed,1,1,1
P04098,TOR_20260914_1_PA032,4099,1,0,0,1,1,0,1,2,0,19,0,1,1,2,Called Strike,0,0,Observed,Observed,Observed,1,1,1
P04099,TOR_20260914_1_PA032,4100,2,0,1,1,1,0,1,2,0,17,0,1,2,3,Ball,0,0,Observed,Observed,Observed,1,1,1
P04100,TOR_20260914_1_PA032,4101,3,1,1,1,1,0,1,2,0,25,1,1,0,2,Ball,0,0,Observed,Observed,Observed,1,1,1
P04101,TOR_20260914_1_PA032,4102,4,2,1,1,1,0,1,2,1,34,1,1,2,4,Foul,0,0,Observed,Observed,Observed,1,1,1
P04102,TOR_20260914_1_PA032,4103,5,2,2,1,1,0,1,2,0,18,1,1,1,3,Ball,0,0,Observed,Observed,Observed,1,1,1
P04103,TOR_20260914_1_PA032,4104,6,3,2,1,1,0,1,2,0,14,1,1,2,4,Foul,0,0,Observed,Observed,Observed,1,1,1
P04104,TOR_20260914_1_PA032,4105,7,3,2,1,1,0,1,2,0,14,1,1,2,4,Foul,0,0,Observed,Observed,Observed,1,1,1
P04105,TOR_20260914_1_PA032,4106,8,3,2,1,1,0,1,2,0,20,0,1,2,3,In Play,1,0,Observed,Observed,Observed,1,1,1
P04106,TOR_20260914_1_PA033,4107,1,0,0,1,1,0,1,2,0,12,0,0,1,1,Called Strike,0,0,Observed,Observed,Observed,1,1,1
P04107,TOR_20260914_1_PA033,4108,2,0,1,1,1,0,1,2,0,12,0,2,0,2,Foul,0,0,Observed,Observed,Observed,1,1,1
P04108,TOR_20260914_1_PA033,4109,3,0,2,1,1,0,1,2,0,12,0,2,0,2,Foul,0,0,Observed,Observed,Observed,1,1,1
P04109,TOR_20260914_1_PA033,4110,4,0,2,1,1,0,1,2,0,26,0,1,0,1,In Play,1,0,Observed,Observed,Observed,1,1,1
P04110,TOR_20260914_1_PA034,4111,1,0,0,0,0,0,0,0,0,13,0,1,1,2,Ball,0,0,Observed,Observed,Observed,1,1,1
P04111,TOR_20260914_1_PA034,4112,2,1,0,0,0,0,0,0,0,10,1,0,0,1,Called Strike,0,0,Observed,Observed,Observed,1,1,1
P04112,TOR_20260914_1_PA034,4113,3,1,1,0,0,0,0,0,0,14,1,0,0,1,Swinging Strike,0,0,Observed,Observed,Observed,1,1,1
P04113,TOR_20260914_1_PA034,4114,4,1,2,0,0,0,0,0,0,13,1,0,1,2,Swinging Strike,1,0,Observed,Observed,Observed,1,1,1
P04114,TOR_20260914_1_PA035,4115,1,0,0,0,0,0,0,0,0,13,0,0,1,1,Called Strike,0,0,Observed,Observed,Observed,1,1,1
P04115,TOR_20260914_1_PA035,4116,2,0,1,0,0,0,0,0,0,13,0,1,0,1,Ball,0,0,Observed,Observed,Observed,1,1,1
P04116,TOR_20260914_1_PA035,4117,3,1,1,0,0,0,0,0,0,11,0,0,0,0,Ball,0,0,Observed,Observed,Observed,1,1,1
P04117,TOR_20260914_1_PA035,4118,4,2,1,0,0,0,0,0,0,12,0,0,0,0,Called Strike,0,0,Observed,Observed,Observed,1,1,1
P04118,TOR_20260914_1_PA035,4119,5,2,2,0,0,0,0,0,0,14,0,0,1,1,In Play,1,0,Observed,Observed,Observed,1,1,1
P04119,TOR_20260914_1_PA036,4120,1,0,0,0,0,0,0,0,0,13,0,0,1,1,Called Strike,0,0,Observed,Observed,Observed,1,1,1
P04120,TOR_20260914_1_PA036,4121,2,0,1,0,0,0,0,0,0,15,0,1,0,1,In Play,1,0,Observed,Observed,Observed,1,1,1
P04121,TOR_20260914_1_PA037,4122,1,0,0,0,0,0,0,0,0,8,0,0,2,2,Ball,0,0,Observed,Observed,Observed,1,1,1
P04122,TOR_20260914_1_PA037,4123,2,1,0,0,0,0,0,0,0,9,0,0,0,0,Foul,0,0,Observed,Observed,Observed,1,1,1
P04123,TOR_20260914_1_PA037,4124,3,1,1,0,0,0,0,0,0,11,0,0,0,0,Foul,0,0,Observed,Observed,Observed,1,1,1
P04124,TOR_20260914_1_PA037,4125,4,1,2,0,0,0,0,0,0,18,1,0,0,1,In Play,1,0,Observed,Observed,Observed,1,1,1
P04125,TOR_20260914_1_PA038,4126,1,0,0,0,0,0,0,0,0,13,0,0,1,1,Ball,0,0,Observed,Observed,Observed,1,1,1
P04126,TOR_20260914_1_PA038,4127,2,1,0,0,0,0,0,0,0,10,0,1,2,3,Ball,0,0,Observed,Observed,Observed,1,1,1
P04127,TOR_20260914_1_PA038,4128,3,2,0,0,0,0,0,0,0,9,0,0,1,1,Ball,0,0,Observed,Observed,Observed,1,1,1
P04128,TOR_20260914_1_PA038,4129,4,3,0,0,0,0,0,0,0,23,0,0,1,1,Called Strike,0,0,Observed,Observed,Observed,1,1,1
P04129,TOR_20260914_1_PA038,4130,5,3,1,0,0,0,0,0,0,14,0,0,0,0,Ball,1,0,Observed,Observed,Observed,1,1,1
P04130,TOR_20260914_1_PA039,4131,1,0,0,1,0,0,0,1,0,9,0,1,1,2,Called Strike,0,0,Observed,Observed,Observed,1,1,1
P04131,TOR_20260914_1_PA039,4132,2,0,1,1,0,0,0,1,0,16,0,1,1,2,Swinging Strike,0,0,Observed,Observed,Observed,1,1,1
P04132,TOR_20260914_1_PA039,4133,3,0,2,1,0,0,0,1,0,15,0,0,0,0,Foul,0,0,Observed,Observed,Observed,1,1,1
P04133,TOR_20260914_1_PA039,4134,4,0,2,1,0,0,0,1,0,22,0,0,0,0,Called Strike,1,0,Observed,Observed,Observed,1,1,1
P04134,TOR_20260914_1_PA040,4135,1,0,0,1,0,0,0,1,0,13,0,1,2,3,Ball,0,0,Observed,Observed,Observed,1,1,1
P04135,TOR_20260914_1_PA040,4136,2,1,0,1,0,0,0,1,0,11,0,1,2,3,Foul,0,0,Observed,Observed,Observed,1,1,1
P04136,TOR_20260914_1_PA040,4137,3,1,1,1,0,0,0,1,0,18,1,1,1,3,Swinging Strike,0,0,Observed,Observed,Observed,1,1,1
P04137,TOR_20260914_1_PA040,4138,4,1,2,1,0,0,0,1,0,27,0,1,3,4,In Play,1,0,Observed,Observed,Observed,1,1,1
P04138,TOR_20260915_1_PA001,4139,1,0,0,0,0,0,0,0,0,14,0,0,2,2,Foul,0,0,Observed,Observed,Observed,1,1,1
P04139,TOR_20260915_1_PA001,4140,2,0,1,0,0,0,0,0,0,12,0,0,0,0,Called Strike,0,0,Observed,Observed,Observed,1,1,1
P04140,TOR_20260915_1_PA001,4141,3,0,2,0,0,0,0,0,0,9,0,0,1,1,In Play,1,0,Observed,Observed,Observed,1,1,1
P04141,TOR_20260915_1_PA002,4142,1,0,0,0,0,0,0,0,0,12,0,0,1,1,Ball,0,0,Observed,Observed,Observed,1,1,1
P04142,TOR_20260915_1_PA002,4143,2,1,0,0,0,0,0,0,0,14,0,0,0,0,Ball,0,0,Observed,Observed,Observed,1,1,1
P04143,TOR_20260915_1_PA002,4144,3,2,0,0,0,0,0,0,0,16,0,0,1,1,Called Strike,0,0,Observed,Observed,Observed,1,1,1
P04144,TOR_20260915_1_PA002,4145,4,2,1,0,0,0,0,0,0,14,0,0,1,1,Ball,0,0,Observed,Observed,Observed,1,1,1
P04145,TOR_20260915_1_PA002,4146,5,3,1,0,0,0,0,0,0,14,0,0,1,1,In Play,1,0,Observed,Observed,Observed,1,1,1
P04146,TOR_20260915_1_PA003,4147,1,0,0,0,0,0,0,0,0,12,0,1,1,2,In Play,1,0,Observed,Observed,Observed,1,1,1
P04147,TOR_20260915_1_PA004,4148,1,0,0,0,0,0,0,0,0,12,0,1,2,3,Called Strike,0,0,Observed,Observed,Observed,1,1,1
P04148,TOR_20260915_1_PA004,4149,2,0,1,0,0,0,0,0,0,7,0,0,1,1,In Play,1,0,Observed,Observed,Observed,1,1,1
P04149,TOR_20260915_1_PA005,4150,1,0,0,0,0,0,0,0,0,7,0,1,1,2,Called Strike,0,0,Observed,Observed,Observed,1,1,1
P04150,TOR_20260915_1_PA005,4151,2,0,1,0,0,0,0,0,0,13,1,1,2,4,Foul,0,0,Observed,Observed,Observed,1,1,1
P04151,TOR_20260915_1_PA005,4152,3,0,2,0,0,0,0,0,0,15,0,1,2,3,Ball,0,0,Observed,Observed,Observed,1,1,1
P04152,TOR_20260915_1_PA005,4153,4,1,2,0,0,0,0,0,0,21,1,1,2,4,Swinging Strike,1,0,Observed,Observed,Observed,1,1,1
P04153,TOR_20260915_1_PA006,4154,1,0,0,0,0,0,0,0,0,10,0,1,1,2,Called Strike,0,0,Observed,Observed,Observed,1,1,1
P04154,TOR_20260915_1_PA006,4155,2,0,1,0,0,0,0,0,0,10,0,1,1,2,Ball,0,0,Observed,Observed,Observed,1,1,1
P04155,TOR_20260915_1_PA006,4156,3,1,1,0,0,0,0,0,0,14,0,0,0,0,In Play,1,0,Observed,Observed,Observed,1,1,1
P04156,TOR_20260915_1_PA007,4157,1,0,0,1,0,0,0,1,0,12,0,0,2,2,Swinging Strike,0,0,Observed,Observed,Observed,1,1,1
P04157,TOR_20260915_1_PA007,4158,2,0,1,1,0,0,0,1,0,9,0,0,2,2,Foul,0,0,Observed,Observed,Observed,1,1,1
P04158,TOR_20260915_1_PA007,4159,3,0,2,1,0,0,0,1,1,26,1,0,0,1,Foul,0,0,Observed,Observed,Observed,1,1,1
P04159,TOR_20260915_1_PA007,4160,4,0,2,1,0,0,0,1,0,19,0,1,0,1,Foul,0,0,Observed,Observed,Observed,1,1,1
P04160,TOR_20260915_1_PA007,4161,5,0,2,1,0,0,0,1,0,18,1,0,1,2,Ball,0,0,Observed,Observed,Observed,1,1,1
P04161,TOR_20260915_1_PA007,4162,6,1,2,1,0,0,0,1,0,21,1,0,0,1,In Play,1,0,Observed,Observed,Observed,1,1,1
P04162,TOR_20260915_1_PA008,4163,1,0,0,0,0,0,0,0,0,13,0,0,1,1,Called Strike,0,0,Observed,Observed,Observed,1,1,1
P04163,TOR_20260915_1_PA008,4164,2,0,1,0,0,0,0,0,0,16,0,0,2,2,Foul,0,0,Observed,Observed,Observed,1,1,1
P04164,TOR_20260915_1_PA008,4165,3,0,2,0,0,0,0,0,0,40,0,0,2,2,Foul,0,0,Observed,Observed,Observed,1,1,1
P04165,TOR_20260915_1_PA008,4166,4,0,2,0,0,0,0,0,0,40,0,0,2,2,Foul,0,0,Observed,Observed,Observed,1,1,1
P04166,TOR_20260915_1_PA008,4167,5,0,2,0,0,0,0,0,0,17,0,3,2,5,Ball,0,0,Observed,Observed,Observed,1,1,1
P04167,TOR_20260915_1_PA008,4168,6,1,2,0,0,0,0,0,0,17,0,3,1,4,Called Strike,1,0,Observed,Observed,Observed,1,1,1
P04168,TOR_20260915_1_PA009,4169,1,0,0,0,0,0,0,0,0,9,0,0,1,1,Ball,0,0,Observed,Observed,Observed,1,1,1
P04169,TOR_20260915_1_PA009,4170,2,1,0,0,0,0,0,0,0,13,0,1,1,2,Ball,0,0,Observed,Observed,Observed,1,1,1
P04170,TOR_20260915_1_PA009,4171,3,2,0,0,0,0,0,0,0,12,0,0,0,0,Ball,0,0,Observed,Observed,Observed,1,1,1
P04171,TOR_20260915_1_PA009,4172,4,3,0,0,0,0,0,0,0,28,0,0,1,1,Ball,1,0,Observed,Observed,Observed,1,1,1
P04172,TOR_20260915_1_PA010,4173,1,0,0,1,0,0,0,1,0,14,0,0,2,2,Called Strike,0,0,Observed,Observed,Observed,1,1,1
P04173,TOR_20260915_1_PA010,4174,2,0,1,1,0,0,0,1,0,11,0,0,0,0,Ball,0,0,Observed,Observed,Observed,1,1,1
P04174,TOR_20260915_1_PA010,4175,3,1,1,1,0,0,0,1,0,21,0,0,0,0,Foul,0,0,Observed,Observed,Observed,1,1,1
P04175,TOR_20260915_1_PA010,4176,4,1,2,1,0,0,0,1,0,13,0,0,0,0,Called Strike,1,0,Observed,Observed,Observed,1,1,1
P04176,TOR_20260915_1_PA011,4177,1,0,0,1,0,0,0,1,0,11,0,0,1,1,Foul,0,0,Observed,Observed,Observed,1,1,1
P04177,TOR_20260915_1_PA011,4178,2,0,1,1,0,0,0,1,0,17,0,0,0,0,Ball,0,0,Observed,Observed,Observed,1,1,1
P04178,TOR_20260915_1_PA011,4179,3,1,1,1,0,0,0,1,0,18,0,0,0,0,Ball,0,0,Observed,Observed,Observed,1,1,1
P04179,TOR_20260915_1_PA011,4180,4,2,1,1,0,0,0,1,0,17,0,0,0,0,Ball,0,0,Observed,Observed,Observed,1,1,1
P04180,TOR_20260915_1_PA011,4181,5,3,1,1,0,0,0,1,0,15,0,0,2,2,Ball,1,0,Observed,Observed,Observed,1,1,1
P04181,TOR_20260915_1_PA012,4182,1,0,0,1,1,0,1,2,0,11,0,0,1,1,Swinging Strike,0,0,Observed,Observed,Observed,1,1,1
P04182,TOR_20260915_1_PA012,4183,2,0,1,1,1,0,1,2,0,20,0,1,1,2,Ball,0,0,Observed,Observed,Observed,1,1,1
P04183,TOR_20260915_1_PA012,4184,3,1,1,1,1,0,1,2,0,12,0,1,2,3,Swinging Strike,0,0,Observed,Observed,Observed,1,1,1
P04184,TOR_20260915_1_PA012,4185,4,1,2,1,1,0,1,2,0,13,0,1,0,1,Ball,0,0,Observed,Observed,Observed,1,1,1
P04185,TOR_20260915_1_PA012,4186,5,2,2,1,1,0,1,2,0,32,0,1,0,1,Ball,0,0,Observed,Observed,Observed,1,1,1
P04186,TOR_20260915_1_PA012,4187,6,3,2,1,1,0,1,2,0,25,0,0,0,0,Ball,1,0,Observed,Observed,Observed,1,1,1
P04187,TOR_20260915_1_PA013,4188,1,0,0,1,1,1,1,3,0,20,0,0,2,2,Called Strike,0,0,Observed,Observed,Observed,1,1,1
P04188,TOR_20260915_1_PA013,4189,2,0,1,1,1,1,1,3,0,14,0,1,2,3,Called Strike,0,0,Observed,Observed,Observed,1,1,1
P04189,TOR_20260915_1_PA013,4190,3,0,2,1,1,1,1,3,0,13,1,1,1,3,In Play,1,0,Observed,Observed,Observed,1,1,1
P04190,TOR_20260915_1_PA014,4191,1,0,0,0,0,0,0,0,0,7,0,1,1,2,Called Strike,0,0,Observed,Observed,Observed,1,1,1
P04191,TOR_20260915_1_PA014,4192,2,0,1,0,0,0,0,0,0,16,0,1,2,3,In Play,1,0,Observed,Observed,Observed,1,1,1
P04192,TOR_20260915_1_PA015,4193,1,0,0,0,0,0,0,0,0,12,0,0,0,0,Ball,0,0,Observed,Observed,Observed,1,1,1
P04193,TOR_20260915_1_PA015,4194,2,1,0,0,0,0,0,0,0,15,0,1,0,1,Called Strike,0,0,Observed,Observed,Observed,1,1,1
P04194,TOR_20260915_1_PA015,4195,3,1,1,0,0,0,0,0,0,12,0,1,0,1,Ball,0,0,Observed,Observed,Observed,1,1,1
P04195,TOR_20260915_1_PA015,4196,4,2,1,0,0,0,0,0,0,11,0,0,0,0,Ball,0,0,Observed,Observed,Observed,1,1,1
P04196,TOR_20260915_1_PA015,4197,5,3,1,0,0,0,0,0,0,15,0,2,0,2,Swinging Strike,0,0,Observed,Observed,Observed,1,1,1
P04197,TOR_20260915_1_PA015,4198,6,3,2,0,0,0,0,0,0,11,0,1,0,1,Foul,0,0,Observed,Observed,Observed,1,1,1
P04198,TOR_20260915_1_PA015,4199,7,3,2,0,0,0,0,0,0,14,0,1,0,1,Foul,0,0,Observed,Observed,Observed,1,1,1
P04199,TOR_20260915_1_PA015,4200,8,3,2,0,0,0,0,0,0,16,0,0,1,1,Swinging Strike,1,0,Observed,Observed,Observed,1,1,1
P04200,TOR_20260915_1_PA016,4201,1,0,0,0,0,0,0,0,0,17,0,0,1,1,Ball,0,0,Observed,Observed,Observed,1,1,1
P04201,TOR_20260915_1_PA016,4202,2,1,0,0,0,0,0,0,0,9,0,1,1,2,Foul,0,0,Observed,Observed,Observed,1,1,1
P04202,TOR_20260915_1_PA016,4203,3,1,1,0,0,0,0,0,0,14,1,0,0,1,Swinging Strike,0,0,Observed,Observed,Observed,1,1,1
P04203,TOR_20260915_1_PA016,4204,4,1,2,0,0,0,0,0,0,16,0,0,1,1,Ball,0,0,Observed,Observed,Observed,1,1,1
P04204,TOR_20260915_1_PA016,4205,5,2,2,0,0,0,0,0,0,14,0,0,1,1,In Play,1,0,Observed,Observed,Observed,1,1,1
P04205,TOR_20260915_1_PA017,4206,1,0,0,0,0,0,0,0,0,17,0,0,1,1,Ball,0,0,Observed,Observed,Observed,1,1,1
P04206,TOR_20260915_1_PA017,4207,2,1,0,0,0,0,0,0,0,11,0,0,1,1,Ball,0,0,Observed,Observed,Observed,1,1,1
P04207,TOR_20260915_1_PA017,4208,3,2,0,0,0,0,0,0,0,17,0,0,1,1,Swinging Strike,0,0,Observed,Observed,Observed,1,1,1
P04208,TOR_20260915_1_PA017,4209,4,2,1,0,0,0,0,0,0,19,0,1,3,4,Foul,0,0,Observed,Observed,Observed,1,1,1
P04209,TOR_20260915_1_PA017,4210,5,2,2,0,0,0,0,0,0,13,0,1,2,3,In Play,1,0,Observed,Observed,Observed,1,1,1
P04210,TOR_20260915_1_PA018,4211,1,0,0,0,0,0,0,0,0,12,0,1,1,2,Called Strike,0,0,Observed,Observed,Observed,1,1,1
P04211,TOR_20260915_1_PA018,4212,2,0,1,0,0,0,0,0,0,10,0,1,1,2,Foul,0,0,Observed,Observed,Observed,1,1,1
P04212,TOR_20260915_1_PA018,4213,3,0,2,0,0,0,0,0,0,15,0,0,1,1,In Play,1,0,Observed,Observed,Observed,1,1,1
P04213,TOR_20260915_1_PA019,4214,1,0,0,0,0,0,0,0,0,8,0,0,2,2,Called Strike,0,0,Observed,Observed,Observed,1,1,1
P04214,TOR_20260915_1_PA019,4215,2,0,1,0,0,0,0,0,0,19,0,0,0,0,Foul,0,0,Observed,Observed,Observed,1,1,1
P04215,TOR_20260915_1_PA019,4216,3,0,2,0,0,0,0,0,0,19,0,0,0,0,Foul,0,0,Observed,Observed,Observed,1,1,1
P04216,TOR_20260915_1_PA019,4217,4,0,2,0,0,0,0,0,0,18,0,0,0,0,Ball,0,0,Observed,Observed,Observed,1,1,1
P04217,TOR_20260915_1_PA019,4218,5,1,2,0,0,0,0,0,0,18,0,0,0,0,Foul,0,0,Observed,Observed,Observed,1,1,1
P04218,TOR_20260915_1_PA019,4219,6,1,2,0,0,0,0,0,0,12,0,0,0,0,Ball,0,0,Observed,Observed,Observed,1,1,1
P04219,TOR_20260915_1_PA019,4220,7,2,2,0,0,0,0,0,0,23,0,0,0,0,Ball,0,0,Observed,Observed,Observed,1,1,1
P04220,TOR_20260915_1_PA019,4221,8,3,2,0,0,0,0,0,0,12,0,0,0,0,Foul,0,0,Observed,Observed,Observed,1,1,1
P04221,TOR_20260915_1_PA019,4222,9,3,2,0,0,0,0,0,0,12,0,0,0,0,Foul,0,0,Observed,Observed,Observed,1,1,1
P04222,TOR_20260915_1_PA019,4223,10,3,2,0,0,0,0,0,0,12,0,0,0,0,Foul,0,0,Observed,Observed,Observed,1,1,1
P04223,TOR_20260915_1_PA019,4224,11,3,2,0,0,0,0,0,0,12,0,0,0,0,In Play,1,0,Observed,Observed,Observed,1,1,1
P04224,TOR_20260915_1_PA020,4225,1,0,0,1,0,0,0,1,0,11,0,0,1,1,Foul,0,0,Observed,Observed,Observed,1,1,1
P04225,TOR_20260915_1_PA020,4226,2,0,1,1,0,0,0,1,0,14,0,0,3,3,In Play,1,0,Observed,Observed,Observed,1,1,1
P04226,TOR_20260915_1_PA021,4227,1,0,0,0,0,0,0,0,0,26,0,0,1,1,Called Strike,0,0,Observed,Observed,Observed,1,1,1
P04227,TOR_20260915_1_PA021,4228,2,0,1,0,0,0,0,0,0,24,0,0,0,0,Called Strike,0,0,Observed,Observed,Observed,1,1,1
P04228,TOR_20260915_1_PA021,4229,3,0,2,0,0,0,0,0,0,9,0,0,0,0,Ball,0,0,Observed,Observed,Observed,1,1,1
P04229,TOR_20260915_1_PA021,4230,4,1,2,0,0,0,0,0,0,18,0,0,1,1,Ball,0,0,Observed,Observed,Observed,1,1,1
P04230,TOR_20260915_1_PA021,4231,5,2,2,0,0,0,0,0,0,12,0,0,1,1,In Play,1,0,Observed,Observed,Observed,1,1,1
P04231,TOR_20260915_1_PA022,4232,1,0,0,0,0,0,0,0,0,20,0,1,1,2,In Play,1,0,Observed,Observed,Observed,1,1,1
P04232,TOR_20260915_1_PA023,4233,1,0,0,0,0,0,0,0,0,18,0,1,2,3,Called Strike,0,0,Observed,Observed,Observed,1,1,1
P04233,TOR_20260915_1_PA023,4234,2,0,1,0,0,0,0,0,0,13,1,1,2,4,Foul,0,0,Observed,Observed,Observed,1,1,1
P04234,TOR_20260915_1_PA023,4235,3,0,2,0,0,0,0,0,0,11,0,1,2,3,In Play,1,0,Observed,Observed,Observed,1,1,1
P04235,TOR_20260915_1_PA024,4236,1,0,0,1,0,0,0,1,0,12,0,1,0,1,Ball,0,0,Observed,Observed,Observed,1,1,1
P04236,TOR_20260915_1_PA024,4237,2,1,0,1,0,0,0,1,0,12,0,2,0,2,Called Strike,0,0,Observed,Observed,Observed,1,1,1
P04237,TOR_20260915_1_PA024,4238,3,1,1,1,0,0,0,1,0,14,0,0,0,0,Ball,0,0,Observed,Observed,Observed,1,1,1
P04238,TOR_20260915_1_PA024,4239,4,2,1,1,0,0,0,1,0,21,0,2,0,2,In Play,1,0,Observed,Observed,Observed,1,1,1
P04239,TOR_20260915_1_PA025,4240,1,0,0,0,0,0,0,0,0,17,0,0,1,1,Called Strike,0,0,Observed,Observed,Observed,1,1,1
P04240,TOR_20260915_1_PA025,4241,2,0,1,0,0,0,0,0,0,9,1,0,1,2,Foul,0,0,Observed,Observed,Observed,1,1,1
P04241,TOR_20260915_1_PA025,4242,3,0,2,0,0,0,0,0,0,12,0,1,0,1,Ball,0,0,Observed,Observed,Observed,1,1,1
P04242,TOR_20260915_1_PA025,4243,4,1,2,0,0,0,0,0,0,13,1,0,1,2,Swinging Strike,1,0,Observed,Observed,Observed,1,1,1
P04243,TOR_20260915_1_PA026,4244,1,0,0,0,0,0,0,0,0,11,0,0,2,2,Called Strike,0,0,Observed,Observed,Observed,1,1,1
P04244,TOR_20260915_1_PA026,4245,2,0,1,0,0,0,0,0,0,13,0,0,2,2,Swinging Strike,0,0,Observed,Observed,Observed,1,1,1
P04245,TOR_20260915_1_PA026,4246,3,0,2,0,0,0,0,0,0,22,0,1,1,2,In Play,1,0,Observed,Observed,Observed,1,1,1
P04246,TOR_20260915_1_PA027,4247,1,0,0,0,0,0,0,0,0,12,0,1,1,2,Foul,0,0,Observed,Observed,Observed,1,1,1
P04247,TOR_20260915_1_PA027,4248,2,0,1,0,0,0,0,0,0,10,0,1,1,2,In Play,1,0,Observed,Observed,Observed,1,1,1
P04248,TOR_20260915_1_PA028,4249,1,0,0,0,0,0,0,0,0,16,0,0,0,0,Foul,0,0,Observed,Observed,Observed,1,1,1
P04249,TOR_20260915_1_PA028,4250,2,0,1,0,0,0,0,0,0,19,0,0,0,0,Ball,0,0,Observed,Observed,Observed,1,1,1
P04250,TOR_20260915_1_PA028,4251,3,1,1,0,0,0,0,0,0,9,0,0,2,2,Called Strike,0,0,Observed,Observed,Observed,1,1,1
P04251,TOR_20260915_1_PA028,4252,4,1,2,0,0,0,0,0,0,11,0,0,0,0,Foul,0,0,Observed,Observed,Observed,1,1,1
P04252,TOR_20260915_1_PA028,4253,5,1,2,0,0,0,0,0,0,18,1,0,0,1,In Play,1,0,Observed,Observed,Observed,1,1,1
P04253,TOR_20260915_1_PA029,4254,1,0,0,1,0,0,0,1,0,11,0,0,1,1,Called Strike,0,0,Observed,Observed,Observed,1,1,1
P04254,TOR_20260915_1_PA029,4255,2,0,1,1,0,0,0,1,0,13,0,0,1,1,Called Strike,0,0,Observed,Observed,Observed,1,1,1
P04255,TOR_20260915_1_PA029,4256,3,0,2,1,0,0,0,1,0,20,0,0,0,0,Foul,0,0,Observed,Observed,Observed,1,1,1
P04256,TOR_20260915_1_PA029,4257,4,0,2,1,0,0,0,1,1,41,0,0,1,1,Ball,0,0,Observed,Observed,Observed,1,1,1
P04257,TOR_20260915_1_PA029,4258,5,1,2,1,0,0,0,1,0,14,0,0,0,0,In Play,1,0,Observed,Observed,Observed,1,1,1
P04258,TOR_20260915_1_PA030,4259,1,0,0,1,1,0,1,2,0,10,0,0,1,1,Swinging Strike,0,0,Observed,Observed,Observed,1,1,1
P04259,TOR_20260915_1_PA030,4260,2,0,1,1,1,0,1,2,0,20,0,1,1,2,Ball,0,0,Observed,Observed,Observed,1,1,1
P04260,TOR_20260915_1_PA030,4261,3,1,1,1,1,0,1,2,0,10,0,1,0,1,In Play,1,0,Observed,Observed,Observed,1,1,1
P04261,TOR_20260915_1_PA031,4262,1,0,0,0,1,1,1,2,0,14,0,1,1,2,Called Strike,0,0,Observed,Observed,Observed,1,1,1
P04262,TOR_20260915_1_PA031,4263,2,0,1,0,1,1,1,2,0,16,0,1,2,3,Foul,0,0,Observed,Observed,Observed,1,1,1
P04263,TOR_20260915_1_PA031,4264,3,0,2,0,1,1,1,2,0,14,1,1,2,4,Foul,0,0,Observed,Observed,Observed,1,1,1
P04264,TOR_20260915_1_PA031,4265,4,0,2,0,1,1,1,2,0,26,0,1,3,4,Ball,0,0,Observed,Observed,Observed,1,1,1
P04265,TOR_20260915_1_PA031,4266,5,1,2,0,1,1,1,2,0,16,0,1,2,3,In Play,1,0,Observed,Observed,Observed,1,1,1
P04266,TOR_20260915_1_PA032,4267,1,0,0,1,1,0,1,2,0,13,0,1,0,1,Ball,0,0,Observed,Observed,Observed,1,1,1
P04267,TOR_20260915_1_PA032,4268,2,1,0,1,1,0,1,2,0,10,0,0,2,2,Called Strike,0,0,Observed,Observed,Observed,1,1,1
P04268,TOR_20260915_1_PA032,4269,3,1,1,1,1,0,1,2,0,14,1,0,1,2,Called Strike,0,0,Observed,Observed,Observed,1,1,1
P04269,TOR_20260915_1_PA032,4270,4,1,2,1,1,0,1,2,0,15,0,0,1,1,In Play,1,0,Observed,Observed,Observed,1,1,1
P04270,TOR_20260915_1_PA033,4271,1,0,0,0,0,0,0,0,0,18,0,1,0,1,Ball,0,0,Observed,Observed,Observed,1,1,1
P04271,TOR_20260915_1_PA033,4272,2,1,0,0,0,0,0,0,0,13,0,0,0,0,Called Strike,0,0,Observed,Observed,Observed,1,1,1
P04272,TOR_20260915_1_PA033,4273,3,1,1,0,0,0,0,0,0,14,1,1,1,3,Swinging Strike,0,0,Observed,Observed,Observed,1,1,1
P04273,TOR_20260915_1_PA033,4274,4,1,2,0,0,0,0,0,0,11,0,0,0,0,In Play,1,0,Observed,Observed,Observed,1,1,1
P04274,TOR_20260915_1_PA034,4275,1,0,0,0,0,0,0,0,0,13,0,0,1,1,Ball,0,0,Observed,Observed,Observed,1,1,1
P04275,TOR_20260915_1_PA034,4276,2,1,0,0,0,0,0,0,0,10,0,1,2,3,Ball,0,0,Observed,Observed,Observed,1,1,1
P04276,TOR_20260915_1_PA034,4277,3,2,0,0,0,0,0,0,0,13,1,1,0,2,Swinging Strike,0,0,Observed,Observed,Observed,1,1,1
P04277,TOR_20260915_1_PA034,4278,4,2,1,0,0,0,0,0,0,9,0,0,0,0,Foul,0,0,Observed,Observed,Observed,1,1,1
P04278,TOR_20260915_1_PA034,4279,5,2,2,0,0,0,0,0,0,14,1,1,0,2,Foul,0,0,Observed,Observed,Observed,1,1,1
P04279,TOR_20260915_1_PA034,4280,6,2,2,0,0,0,0,0,0,9,1,0,0,1,Ball,0,0,Observed,Observed,Observed,1,1,1
P04280,TOR_20260915_1_PA034,4281,7,3,2,0,0,0,0,0,0,9,1,0,0,1,Foul,0,0,Observed,Observed,Observed,1,1,1
P04281,TOR_20260915_1_PA034,4282,8,3,2,0,0,0,0,0,0,13,1,1,2,4,Swinging Strike,1,0,Observed,Observed,Observed,1,1,1
P04282,TOR_20260915_1_PA035,4283,1,0,0,0,0,0,0,0,0,15,0,0,1,1,In Play,1,0,Observed,Observed,Observed,1,1,1
P04283,TOR_20260915_1_PA036,4284,1,0,0,1,0,0,0,1,0,9,0,1,1,2,Ball,0,0,Observed,Observed,Observed,1,1,1
P04284,TOR_20260915_1_PA036,4285,2,1,0,1,0,0,0,1,0,12,0,0,1,1,In Play,1,0,Observed,Observed,Observed,1,1,1
P04285,TOR_20260916_1_PA001,4286,1,0,0,0,0,0,0,0,0,13,0,0,2,2,Called Strike,0,0,Observed,Observed,Observed,1,1,1
P04286,TOR_20260916_1_PA001,4287,2,0,1,0,0,0,0,0,0,12,0,0,0,0,In Play,1,0,Observed,Observed,Observed,1,1,1
P04287,TOR_20260916_1_PA002,4288,1,0,0,1,0,0,0,1,0,17,0,1,1,2,Foul,0,0,Observed,Observed,Observed,1,1,1
P04288,TOR_20260916_1_PA002,4289,2,0,1,1,0,0,0,1,0,13,2,1,1,4,Called Strike,0,0,Observed,Observed,Observed,1,1,1
P04289,TOR_20260916_1_PA002,4290,3,0,2,1,0,0,0,1,0,17,1,1,1,3,Ball,0,0,Observed,Observed,Observed,1,1,1
P04290,TOR_20260916_1_PA002,4291,4,1,2,1,0,0,0,1,0,13,0,1,2,3,Foul,0,0,Observed,Observed,Observed,1,1,1
P04291,TOR_20260916_1_PA002,4292,5,1,2,1,0,0,0,1,0,16,0,2,2,4,Ball,0,0,Observed,Observed,Observed,1,1,1
P04292,TOR_20260916_1_PA002,4293,6,2,2,1,0,0,0,1,0,16,1,1,2,4,Foul,0,0,Observed,Observed,Observed,1,1,1
P04293,TOR_20260916_1_PA002,4294,7,2,2,1,0,0,0,1,0,14,1,1,2,4,In Play,1,0,Observed,Observed,Observed,1,1,1
P04294,TOR_20260916_1_PA003,4295,1,0,0,1,0,0,0,1,0,11,0,0,1,1,Foul,0,0,Observed,Observed,Observed,1,1,1
P04295,TOR_20260916_1_PA003,4296,2,0,1,1,0,0,0,1,0,12,0,0,1,1,Foul,0,0,Observed,Observed,Observed,1,1,1
P04296,TOR_20260916_1_PA003,4297,3,0,2,1,0,0,0,1,0,18,0,1,0,1,In Play,1,0,Observed,Observed,Observed,1,1,1
P04297,TOR_20260916_1_PA004,4298,1,0,0,1,1,0,1,2,0,16,0,0,0,0,Ball,0,0,Observed,Observed,Observed,1,1,1
P04298,TOR_20260916_1_PA004,4299,2,1,0,1,1,0,1,2,0,16,0,0,1,1,Ball,0,0,Observed,Observed,Observed,1,1,1
P04299,TOR_20260916_1_PA004,4300,3,2,0,1,1,0,1,2,0,16,0,0,1,1,Called Strike,0,0,Observed,Observed,Observed,1,1,1
P04300,TOR_20260916_1_PA004,4301,4,2,1,1,1,0,1,2,0,12,0,0,1,1,Called Strike,0,0,Observed,Observed,Observed,1,1,1
P04301,TOR_20260916_1_PA004,4302,5,2,2,1,1,0,1,2,0,15,0,1,1,2,Swinging Strike,1,0,Observed,Observed,Observed,1,1,1
P04302,TOR_20260916_1_PA005,4303,1,0,0,1,1,0,1,2,0,25,0,0,0,0,Swinging Strike,0,0,Observed,Observed,Observed,1,1,1
P04303,TOR_20260916_1_PA005,4304,2,0,1,1,1,0,1,2,0,16,0,0,1,1,Swinging Strike,0,0,Observed,Observed,Observed,1,1,1
P04304,TOR_20260916_1_PA005,4305,3,0,2,1,1,0,1,2,0,17,0,1,0,1,Ball,0,0,Observed,Observed,Observed,1,1,1
P04305,TOR_20260916_1_PA005,4306,4,1,2,1,1,0,1,2,0,15,0,1,0,1,Ball,0,0,Observed,Observed,Observed,1,1,1
P04306,TOR_20260916_1_PA005,4307,5,2,2,1,1,0,1,2,0,10,0,0,0,0,Called Strike,1,0,Observed,Observed,Observed,1,1,1
P04307,TOR_20260916_1_PA006,4308,1,0,0,0,0,0,0,0,0,11,0,1,3,4,Ball,0,0,Observed,Observed,Observed,1,1,1
P04308,TOR_20260916_1_PA006,4309,2,1,0,0,0,0,0,0,0,17,0,0,2,2,Ball,0,0,Observed,Observed,Observed,1,1,1
P04309,TOR_20260916_1_PA006,4310,3,2,0,0,0,0,0,0,0,16,0,0,2,2,Called Strike,0,0,Observed,Observed,Observed,1,1,1
P04310,TOR_20260916_1_PA006,4311,4,2,1,0,0,0,0,0,0,19,0,1,3,4,Foul,0,0,Observed,Observed,Observed,1,1,1
P04311,TOR_20260916_1_PA006,4312,5,2,2,0,0,0,0,0,0,19,0,1,3,4,In Play,1,0,Observed,Observed,Observed,1,1,1
P04312,TOR_20260916_1_PA007,4313,1,0,0,0,0,0,0,0,0,9,0,0,1,1,Ball,0,0,Observed,Observed,Observed,1,1,1
P04313,TOR_20260916_1_PA007,4314,2,1,0,0,0,0,0,0,0,10,0,1,0,1,Foul,0,0,Observed,Observed,Observed,1,1,1
P04314,TOR_20260916_1_PA007,4315,3,1,1,0,0,0,0,0,0,10,0,0,0,0,Ball,0,0,Observed,Observed,Observed,1,1,1
P04315,TOR_20260916_1_PA007,4316,4,2,1,0,0,0,0,0,0,13,0,1,0,1,In Play,1,0,Observed,Observed,Observed,1,1,1
P04316,TOR_20260916_1_PA008,4317,1,0,0,0,0,0,0,0,0,16,0,0,1,1,In Play,1,0,Observed,Observed,Observed,1,1,1
P04317,TOR_20260916_1_PA009,4318,1,0,0,1,0,0,0,1,0,21,0,0,1,1,Ball,0,0,Observed,Observed,Observed,1,1,1
P04318,TOR_20260916_1_PA009,4319,2,1,0,1,0,0,0,1,0,13,0,0,0,0,Ball,0,0,Observed,Observed,Observed,1,1,1
P04319,TOR_20260916_1_PA009,4320,3,2,0,1,0,0,0,1,0,16,0,0,1,1,Called Strike,0,0,Observed,Observed,Observed,1,1,1
P04320,TOR_20260916_1_PA009,4321,4,2,1,1,0,0,0,1,0,16,0,0,1,1,Foul,0,0,Observed,Observed,Observed,1,1,1
P04321,TOR_20260916_1_PA009,4322,5,2,2,1,0,0,0,1,0,14,0,0,1,1,Ball,0,0,Observed,Observed,Observed,1,1,1
P04322,TOR_20260916_1_PA009,4323,6,3,2,1,0,0,0,1,0,17,0,1,1,2,In Play,1,0,Observed,Observed,Observed,1,1,1
P04323,TOR_20260916_1_PA010,4324,1,0,0,1,0,1,1,2,0,12,0,0,1,1,Ball,0,0,Observed,Observed,Observed,1,1,1
P04324,TOR_20260916_1_PA010,4325,2,1,0,1,0,1,1,2,0,13,0,0,0,0,Called Strike,0,0,Observed,Observed,Observed,1,1,1
P04325,TOR_20260916_1_PA010,4326,3,1,1,1,0,1,1,2,0,13,0,0,0,0,Swinging Strike,0,0,Observed,Observed,Observed,1,1,1
P04326,TOR_20260916_1_PA010,4327,4,1,2,1,0,1,1,2,0,14,0,0,0,0,Ball,0,0,Observed,Observed,Observed,1,1,1
P04327,TOR_20260916_1_PA010,4328,5,2,2,1,0,1,1,2,0,15,0,0,0,0,Foul,0,0,Observed,Observed,Observed,1,1,1
P04328,TOR_20260916_1_PA010,4329,6,2,2,1,0,1,1,2,0,12,1,0,0,1,Foul,0,0,Observed,Observed,Observed,1,1,1
P04329,TOR_20260916_1_PA010,4330,7,2,2,1,0,1,1,2,0,13,0,0,0,0,Foul,0,0,Observed,Observed,Observed,1,1,1
P04330,TOR_20260916_1_PA010,4331,8,2,2,1,0,1,1,2,0,13,0,0,0,0,Foul,0,0,Observed,Observed,Observed,1,1,1
P04331,TOR_20260916_1_PA010,4332,9,2,2,1,0,1,1,2,0,13,0,0,0,0,Called Strike,1,0,Observed,Observed,Observed,1,1,1
P04332,TOR_20260916_1_PA011,4333,1,0,0,0,0,0,0,0,0,13,0,1,1,2,Ball,0,0,Observed,Observed,Observed,1,1,1
P04333,TOR_20260916_1_PA011,4334,2,1,0,0,0,0,0,0,0,14,1,1,2,4,Foul,0,0,Observed,Observed,Observed,1,1,1
P04334,TOR_20260916_1_PA011,4335,3,1,1,0,0,0,0,0,0,15,0,1,2,3,Swinging Strike,0,0,Observed,Observed,Observed,1,1,1
P04335,TOR_20260916_1_PA011,4336,4,1,2,0,0,0,0,0,0,4,0,1,2,3,Swinging Strike,1,0,Observed,Observed,Observed,1,1,1
P04336,TOR_20260916_1_PA012,4337,1,0,0,0,0,0,0,0,0,13,0,0,1,1,Ball,0,0,Observed,Observed,Observed,1,1,1
P04337,TOR_20260916_1_PA012,4338,2,1,0,0,0,0,0,0,0,9,0,0,0,0,Ball,0,0,Observed,Observed,Observed,1,1,1
P04338,TOR_20260916_1_PA012,4339,3,2,0,0,0,0,0,0,0,11,0,1,1,2,Ball,0,0,Observed,Observed,Observed,1,1,1
P04339,TOR_20260916_1_PA012,4340,4,3,0,0,0,0,0,0,0,25,0,0,0,0,Ball,1,0,Observed,Observed,Observed,1,1,1
P04340,TOR_20260916_1_PA013,4341,1,0,0,1,0,0,0,1,0,11,0,0,1,1,Foul,0,0,Observed,Observed,Observed,1,1,1
P04341,TOR_20260916_1_PA013,4342,2,0,1,1,0,0,0,1,0,17,0,0,0,0,Ball,0,0,Observed,Observed,Observed,1,1,1
P04342,TOR_20260916_1_PA013,4343,3,1,1,1,0,0,0,1,0,18,0,0,0,0,Ball,0,0,Observed,Observed,Observed,1,1,1
P04343,TOR_20260916_1_PA013,4344,4,2,1,1,0,0,0,1,0,15,0,0,0,0,In Play,1,0,Observed,Observed,Observed,1,1,1
P04344,TOR_20260916_1_PA014,4345,1,0,0,0,0,0,0,0,0,13,0,1,2,3,Called Strike,0,0,Observed,Observed,Observed,1,1,1
P04345,TOR_20260916_1_PA014,4346,2,0,1,0,0,0,0,0,0,14,0,0,0,0,Swinging Strike,0,0,Observed,Observed,Observed,1,1,1
P04346,TOR_20260916_1_PA014,4347,3,0,2,0,0,0,0,0,0,12,1,1,1,3,Ball,0,0,Observed,Observed,Observed,1,1,1
P04347,TOR_20260916_1_PA014,4348,4,1,2,0,0,0,0,0,0,16,0,1,0,1,Foul,0,0,Observed,Observed,Observed,1,1,1
P04348,TOR_20260916_1_PA014,4349,5,1,2,0,0,0,0,0,0,14,0,0,0,0,Ball,0,0,Observed,Observed,Observed,1,1,1
P04349,TOR_20260916_1_PA014,4350,6,2,2,0,0,0,0,0,0,15,0,1,0,1,Foul,0,0,Observed,Observed,Observed,1,1,1
P04350,TOR_20260916_1_PA014,4351,7,2,2,0,0,0,0,0,0,15,0,0,0,0,Ball,0,0,Observed,Observed,Observed,1,1,1
P04351,TOR_20260916_1_PA014,4352,8,3,2,0,0,0,0,0,0,9,0,1,0,1,Ball,1,0,Observed,Observed,Observed,1,1,1
P04352,TOR_20260916_1_PA015,4353,1,0,0,1,0,0,0,1,0,16,0,2,2,4,Called Strike,0,0,Observed,Observed,Observed,1,1,1
P04353,TOR_20260916_1_PA015,4354,2,0,1,1,0,0,0,1,0,16,0,2,2,4,Foul,0,0,Observed,Observed,Observed,1,1,1
P04354,TOR_20260916_1_PA015,4355,3,0,2,1,0,0,0,1,0,14,0,1,2,3,Ball,0,0,Observed,Observed,Observed,1,1,1
P04355,TOR_20260916_1_PA015,4356,4,1,2,1,0,0,0,1,0,27,0,2,2,4,Foul,0,0,Observed,Observed,Observed,1,1,1
P04356,TOR_20260916_1_PA015,4357,5,1,2,1,0,0,0,1,0,13,0,1,2,3,In Play,1,0,Observed,Observed,Observed,1,1,1
P04357,TOR_20260916_1_PA016,4358,1,0,0,0,1,1,1,2,0,14,0,0,0,0,Ball,0,0,Observed,Observed,Observed,1,1,1
P04358,TOR_20260916_1_PA016,4359,2,1,0,0,1,1,1,2,0,10,0,2,1,3,Called Strike,0,0,Observed,Observed,Observed,1,1,1
P04359,TOR_20260916_1_PA016,4360,3,1,1,0,1,1,1,2,0,13,0,0,0,0,In Play,1,0,Observed,Observed,Observed,1,1,1
P04360,TOR_20260916_1_PA017,4361,1,0,0,0,1,0,1,1,0,14,0,0,1,1,Ball,0,0,Observed,Observed,Observed,1,1,1
P04361,TOR_20260916_1_PA017,4362,2,1,0,0,1,0,1,1,0,10,0,0,1,1,Ball,0,0,Observed,Observed,Observed,1,1,1
P04362,TOR_20260916_1_PA017,4363,3,2,0,0,1,0,1,1,0,16,1,0,0,1,Called Strike,0,0,Observed,Observed,Observed,1,1,1
P04363,TOR_20260916_1_PA017,4364,4,2,1,0,1,0,1,1,0,16,0,0,1,1,Called Strike,0,0,Observed,Observed,Observed,1,1,1
P04364,TOR_20260916_1_PA017,4365,5,2,2,0,1,0,1,1,0,17,0,0,0,0,Ball,0,0,Observed,Observed,Observed,1,1,1
P04365,TOR_20260916_1_PA017,4366,6,3,2,0,1,0,1,1,0,37,0,1,0,1,In Play,1,0,Observed,Observed,Observed,1,1,1
P04366,TOR_20260916_1_PA018,4367,1,0,0,0,1,0,1,1,0,9,0,0,0,0,Called Strike,0,0,Observed,Observed,Observed,1,1,1
P04367,TOR_20260916_1_PA018,4368,2,0,1,0,1,0,1,1,0,17,1,0,0,1,Ball,0,0,Observed,Observed,Observed,1,1,1
P04368,TOR_20260916_1_PA018,4369,3,1,1,0,1,0,1,1,0,15,0,0,1,1,Called Strike,0,0,Observed,Observed,Observed,1,1,1
P04369,TOR_20260916_1_PA018,4370,4,1,2,0,1,0,1,1,0,11,0,0,1,1,Ball,0,0,Observed,Observed,Observed,1,1,1
P04370,TOR_20260916_1_PA018,4371,5,2,2,0,1,0,1,1,0,21,0,0,1,1,In Play,1,0,Observed,Observed,Observed,1,1,1
P04371,TOR_20260916_1_PA019,4372,1,0,0,0,0,0,0,0,0,8,0,0,2,2,Called Strike,0,0,Observed,Observed,Observed,1,1,1
P04372,TOR_20260916_1_PA019,4373,2,0,1,0,0,0,0,0,0,12,0,0,0,0,Ball,0,0,Observed,Observed,Observed,1,1,1
P04373,TOR_20260916_1_PA019,4374,3,1,1,0,0,0,0,0,0,12,0,0,0,0,Ball,0,0,Observed,Observed,Observed,1,1,1
P04374,TOR_20260916_1_PA019,4375,4,2,1,0,0,0,0,0,0,11,0,0,0,0,In Play,1,0,Observed,Observed,Observed,1,1,1
P04375,TOR_20260916_1_PA020,4376,1,0,0,1,0,0,0,1,0,11,0,1,2,3,In Play,1,0,Observed,Observed,Observed,1,1,1
P04376,TOR_20260916_1_PA021,4377,1,0,0,1,1,0,1,2,0,13,0,0,2,2,Called Strike,0,0,Observed,Observed,Observed,1,1,1
P04377,TOR_20260916_1_PA021,4378,2,0,1,1,1,0,1,2,0,20,0,1,1,2,Ball,0,0,Observed,Observed,Observed,1,1,1
P04378,TOR_20260916_1_PA021,4379,3,1,1,1,1,0,1,2,0,10,0,1,1,2,Foul,0,0,Observed,Observed,Observed,1,1,1
P04379,TOR_20260916_1_PA021,4380,4,1,2,1,1,0,1,2,0,20,0,0,1,1,In Play,1,0,Observed,Observed,Observed,1,1,1
P04380,TOR_20260916_1_PA022,4381,1,0,0,1,0,1,1,2,0,17,0,0,2,2,In Play,1,0,Observed,Observed,Observed,1,1,1
P04381,TOR_20260916_1_PA023,4382,1,0,0,1,1,0,1,2,0,13,0,0,0,0,Ball,0,0,Observed,Observed,Observed,1,1,1
P04382,TOR_20260916_1_PA023,4383,2,1,0,1,1,0,1,2,0,14,0,1,0,1,In Play,1,0,Observed,Observed,Observed,1,1,1
P04383,TOR_20260916_1_PA024,4384,1,0,0,0,0,0,0,0,0,21,0,1,2,3,In Play,1,0,Observed,Observed,Observed,1,1,1
P04384,TOR_20260916_1_PA025,4385,1,0,0,0,0,0,0,0,0,13,0,0,1,1,Ball,0,0,Observed,Observed,Observed,1,1,1
P04385,TOR_20260916_1_PA025,4386,2,1,0,0,0,0,0,0,0,13,0,1,2,3,Ball,0,0,Observed,Observed,Observed,1,1,1
P04386,TOR_20260916_1_PA025,4387,3,2,0,0,0,0,0,0,0,12,0,0,0,0,Ball,0,0,Observed,Observed,Observed,1,1,1
P04387,TOR_20260916_1_PA025,4388,4,3,0,0,0,0,0,0,0,13,0,1,0,1,Called Strike,0,0,Observed,Observed,Observed,1,1,1
P04388,TOR_20260916_1_PA025,4389,5,3,1,0,0,0,0,0,0,16,0,0,0,0,In Play,1,0,Observed,Observed,Observed,1,1,1
P04389,TOR_20260916_1_PA026,4390,1,0,0,1,0,0,0,1,0,16,0,0,1,1,In Play,1,0,Observed,Observed,Observed,1,1,1
P04390,TOR_20260916_1_PA027,4391,1,0,0,0,1,0,1,1,0,9,0,0,0,0,Called Strike,0,0,Observed,Observed,Observed,1,1,1
P04391,TOR_20260916_1_PA027,4392,2,0,1,0,1,0,1,1,0,14,0,1,0,1,In Play,1,0,Observed,Observed,Observed,1,1,1
P04392,TOR_20260916_1_PA028,4393,1,0,0,1,1,0,1,2,0,19,0,0,1,1,Called Strike,0,0,Observed,Observed,Observed,1,1,1
P04393,TOR_20260916_1_PA028,4394,2,0,1,1,1,0,1,2,0,10,0,0,0,0,In Play,1,0,Observed,Observed,Observed,1,1,1
P04394,TOR_20260916_1_PA029,4395,1,0,0,1,0,1,1,2,0,21,0,2,2,4,Called Strike,0,0,Observed,Observed,Observed,1,1,1
P04395,TOR_20260916_1_PA029,4396,2,0,1,1,0,1,1,2,0,11,1,1,2,4,In Play,1,0,Observed,Observed,Observed,1,1,1
P04396,TOR_20260916_1_PA030,4397,1,0,0,1,1,0,1,2,0,13,0,1,2,3,Ball,0,0,Observed,Observed,Observed,1,1,1
P04397,TOR_20260916_1_PA030,4398,2,1,0,1,1,0,1,2,0,12,0,0,0,0,Swinging Strike,0,0,Observed,Observed,Observed,1,1,1
P04398,TOR_20260916_1_PA030,4399,3,1,1,1,1,0,1,2,0,10,0,1,0,1,In Play,1,0,Observed,Observed,Observed,1,1,1
P04399,TOR_20260916_1_PA031,4400,1,0,0,0,0,0,0,0,0,12,0,0,1,1,Called Strike,0,0,Observed,Observed,Observed,1,1,1
P04400,TOR_20260916_1_PA031,4401,2,0,1,0,0,0,0,0,0,11,0,0,1,1,In Play,1,0,Observed,Observed,Observed,1,1,1
P04401,TOR_20260916_1_PA032,4402,1,0,0,0,0,0,0,0,0,16,0,0,0,0,Swinging Strike,0,0,Observed,Observed,Observed,1,1,1
P04402,TOR_20260916_1_PA032,4403,2,0,1,0,0,0,0,0,0,14,0,1,0,1,Swinging Strike,0,0,Observed,Observed,Observed,1,1,1
P04403,TOR_20260916_1_PA032,4404,3,0,2,0,0,0,0,0,0,14,0,1,0,1,Foul,0,0,Observed,Observed,Observed,1,1,1
P04404,TOR_20260916_1_PA032,4405,4,0,2,0,0,0,0,0,0,14,0,1,0,1,Foul,0,0,Observed,Observed,Observed,1,1,1
P04405,TOR_20260916_1_PA032,4406,5,0,2,0,0,0,0,0,0,13,0,0,0,0,In Play,1,0,Observed,Observed,Observed,1,1,1
P04406,TOR_20260916_1_PA033,4407,1,0,0,0,0,0,0,0,0,11,0,0,2,2,Called Strike,0,0,Observed,Observed,Observed,1,1,1
P04407,TOR_20260916_1_PA033,4408,2,0,1,0,0,0,0,0,0,16,0,0,1,1,Ball,0,0,Observed,Observed,Observed,1,1,1
P04408,TOR_20260916_1_PA033,4409,3,1,1,0,0,0,0,0,0,17,0,1,2,3,Ball,0,0,Observed,Observed,Observed,1,1,1
P04409,TOR_20260916_1_PA033,4410,4,2,1,0,0,0,0,0,0,19,0,2,2,4,In Play,1,0,Observed,Observed,Observed,1,1,1
P04410,TOR_20260916_1_PA034,4411,1,0,0,0,0,0,0,0,0,9,0,0,1,1,Ball,0,0,Observed,Observed,Observed,1,1,1
P04411,TOR_20260916_1_PA034,4412,2,1,0,0,0,0,0,0,0,15,0,1,0,1,In Play,1,0,Observed,Observed,Observed,1,1,1
P04412,TOR_20260916_1_PA035,4413,1,0,0,0,0,0,0,0,0,14,0,0,0,0,Ball,0,0,Observed,Observed,Observed,1,1,1
P04413,TOR_20260916_1_PA035,4414,2,1,0,0,0,0,0,0,0,14,0,1,1,2,Swinging Strike,0,0,Observed,Observed,Observed,1,1,1
P04414,TOR_20260916_1_PA035,4415,3,1,1,0,0,0,0,0,0,15,1,1,1,3,Ball,0,0,Observed,Observed,Observed,1,1,1
P04415,TOR_20260916_1_PA035,4416,4,2,1,0,0,0,0,0,0,13,0,0,2,2,Ball,0,0,Observed,Observed,Observed,1,1,1
P04416,TOR_20260916_1_PA035,4417,5,3,1,0,0,0,0,0,0,19,0,1,2,3,Swinging Strike,0,0,Observed,Observed,Observed,1,1,1
P04417,TOR_20260916_1_PA035,4418,6,3,2,0,0,0,0,0,0,11,0,0,0,0,Ball,1,0,Observed,Observed,Observed,1,1,1
P04418,TOR_20260916_1_PA036,4419,1,0,0,1,0,0,0,1,0,13,0,1,2,3,Called Strike,0,0,Observed,Observed,Observed,1,1,1
P04419,TOR_20260916_1_PA036,4420,2,0,1,1,0,0,0,1,0,18,0,0,1,1,Ball,0,0,Observed,Observed,Observed,1,1,1
P04420,TOR_20260916_1_PA036,4421,3,1,1,1,0,0,0,1,0,15,0,0,0,0,Ball,0,0,Observed,Observed,Observed,1,1,1
P04421,TOR_20260916_1_PA036,4422,4,2,1,1,0,0,0,1,0,12,0,0,0,0,Foul,0,0,Observed,Observed,Observed,1,1,1
P04422,TOR_20260916_1_PA036,4423,5,2,2,1,0,0,0,1,0,17,0,1,1,2,In Play,1,0,Observed,Observed,Observed,1,1,1
P04423,TOR_20260918_1_PA001,4424,1,0,0,0,0,0,0,0,0,12,0,0,1,1,Called Strike,0,0,Observed,Observed,Observed,1,1,1
P04424,TOR_20260918_1_PA001,4425,2,0,1,0,0,0,0,0,0,12,0,0,0,0,Ball,0,0,Observed,Observed,Observed,1,1,1
P04425,TOR_20260918_1_PA001,4426,3,1,1,0,0,0,0,0,0,10,0,0,1,1,Ball,0,0,Observed,Observed,Observed,1,1,1
P04426,TOR_20260918_1_PA001,4427,4,2,1,0,0,0,0,0,0,16,0,0,0,0,In Play,1,0,Observed,Observed,Observed,1,1,1
P04427,TOR_20260918_1_PA002,4428,1,0,0,0,0,0,0,0,0,10,0,1,2,3,Ball,0,0,Observed,Observed,Observed,1,1,1
P04428,TOR_20260918_1_PA002,4429,2,1,0,0,0,0,0,0,0,14,1,1,2,4,Foul,0,0,Observed,Observed,Observed,1,1,1
P04429,TOR_20260918_1_PA002,4430,3,1,1,0,0,0,0,0,0,14,0,1,1,2,Ball,0,0,Observed,Observed,Observed,1,1,1
P04430,TOR_20260918_1_PA002,4431,4,2,1,0,0,0,0,0,0,14,0,1,1,2,Foul,0,0,Observed,Observed,Observed,1,1,1
P04431,TOR_20260918_1_PA002,4432,5,2,2,0,0,0,0,0,0,20,1,1,2,4,In Play,1,0,Observed,Observed,Observed,1,1,1
P04432,TOR_20260918_1_PA003,4433,1,0,0,0,0,0,0,0,0,11,0,0,1,1,Swinging Strike,0,0,Observed,Observed,Observed,1,1,1
P04433,TOR_20260918_1_PA003,4434,2,0,1,0,0,0,0,0,0,8,1,0,0,1,Foul,0,0,Observed,Observed,Observed,1,1,1
P04434,TOR_20260918_1_PA003,4435,3,0,2,0,0,0,0,0,0,15,0,0,1,1,Swinging Strike,1,0,Observed,Observed,Observed,1,1,1
P04435,TOR_20260918_1_PA004,4436,1,0,0,0,0,0,0,0,0,10,0,0,2,2,Ball,0,0,Observed,Observed,Observed,1,1,1
P04436,TOR_20260918_1_PA004,4437,2,1,0,0,0,0,0,0,0,15,0,0,0,0,In Play,1,0,Observed,Observed,Observed,1,1,1
P04437,TOR_20260918_1_PA005,4438,1,0,0,0,0,0,0,0,0,12,0,1,2,3,Foul,0,0,Observed,Observed,Observed,1,1,1
P04438,TOR_20260918_1_PA005,4439,2,0,1,0,0,0,0,0,0,13,0,0,2,2,Swinging Strike,0,0,Observed,Observed,Observed,1,1,1
P04439,TOR_20260918_1_PA005,4440,3,0,2,0,0,0,0,0,0,14,0,1,0,1,Ball,0,0,Observed,Observed,Observed,1,1,1
P04440,TOR_20260918_1_PA005,4441,4,1,2,0,0,0,0,0,0,16,1,1,2,4,In Play,1,0,Observed,Observed,Observed,1,1,1
P04441,TOR_20260918_1_PA006,4442,1,0,0,1,0,0,0,1,0,16,0,2,0,2,In Play,1,0,Observed,Observed,Observed,1,1,1
P04442,TOR_20260918_1_PA007,4443,1,0,0,1,1,0,1,2,0,16,0,2,2,4,Foul,0,0,Observed,Observed,Observed,1,1,1
P04443,TOR_20260918_1_PA007,4444,2,0,1,1,1,0,1,2,0,15,0,1,2,3,Ball,0,0,Observed,Observed,Observed,1,1,1
P04444,TOR_20260918_1_PA007,4445,3,1,1,1,1,0,1,2,0,17,0,0,1,1,Swinging Strike,0,0,Observed,Observed,Observed,1,1,1
P04445,TOR_20260918_1_PA007,4446,4,1,2,1,1,0,1,2,0,18,0,3,2,5,Ball,0,0,Observed,Observed,Observed,1,1,1
P04446,TOR_20260918_1_PA007,4447,5,2,2,1,1,0,1,2,0,19,0,1,3,4,Foul,0,0,Observed,Observed,Observed,1,1,1
P04447,TOR_20260918_1_PA007,4448,6,2,2,1,1,0,1,2,0,13,0,1,2,3,In Play,1,0,Observed,Observed,Observed,1,1,1
P04448,TOR_20260918_1_PA008,4449,1,0,0,1,1,0,1,2,0,12,0,1,0,1,Called Strike,0,0,Observed,Observed,Observed,1,1,1
P04449,TOR_20260918_1_PA008,4450,2,0,1,1,1,0,1,2,0,10,0,1,0,1,Swinging Strike,0,0,Observed,Observed,Observed,1,1,1
P04450,TOR_20260918_1_PA008,4451,3,0,2,1,1,0,1,2,0,12,1,1,0,2,Swinging Strike,1,0,Observed,Observed,Observed,1,1,1
P04451,TOR_20260918_1_PA009,4452,1,0,0,0,0,0,0,0,0,13,0,0,1,1,Ball,0,0,Observed,Observed,Observed,1,1,1
P04452,TOR_20260918_1_PA009,4453,2,1,0,0,0,0,0,0,0,16,0,0,1,1,Ball,0,0,Observed,Observed,Observed,1,1,1
P04453,TOR_20260918_1_PA009,4454,3,2,0,0,0,0,0,0,0,15,0,0,1,1,Called Strike,0,0,Observed,Observed,Observed,1,1,1
P04454,TOR_20260918_1_PA009,4455,4,2,1,0,0,0,0,0,0,15,0,0,1,1,Ball,0,0,Observed,Observed,Observed,1,1,1
P04455,TOR_20260918_1_PA009,4456,5,3,1,0,0,0,0,0,0,12,0,0,0,0,Foul,0,0,Observed,Observed,Observed,1,1,1
P04456,TOR_20260918_1_PA009,4457,6,3,2,0,0,0,0,0,0,10,0,0,1,1,In Play,1,0,Observed,Observed,Observed,1,1,1
P04457,TOR_20260918_1_PA010,4458,1,0,0,0,0,0,0,0,0,14,0,0,2,2,Foul,0,0,Observed,Observed,Observed,1,1,1
P04458,TOR_20260918_1_PA010,4459,2,0,1,0,0,0,0,0,0,10,0,0,0,0,Ball,0,0,Observed,Observed,Observed,1,1,1
P04459,TOR_20260918_1_PA010,4460,3,1,1,0,0,0,0,0,0,13,0,0,0,0,In Play,1,0,Observed,Observed,Observed,1,1,1
P04460,TOR_20260918_1_PA011,4461,1,0,0,0,0,0,0,0,0,13,0,1,1,2,Ball,0,0,Observed,Observed,Observed,1,1,1
P04461,TOR_20260918_1_PA011,4462,2,1,0,0,0,0,0,0,0,14,0,1,2,3,Called Strike,0,0,Observed,Observed,Observed,1,1,1
P04462,TOR_20260918_1_PA011,4463,3,1,1,0,0,0,0,0,0,16,1,1,2,4,Foul,0,0,Observed,Observed,Observed,1,1,1
P04463,TOR_20260918_1_PA011,4464,4,1,2,0,0,0,0,0,0,14,1,1,2,4,Foul,0,0,Observed,Observed,Observed,1,1,1
P04464,TOR_20260918_1_PA011,4465,5,1,2,0,0,0,0,0,0,20,1,1,2,4,In Play,1,0,Observed,Observed,Observed,1,1,1
P04465,TOR_20260918_1_PA012,4466,1,0,0,0,0,0,0,0,0,17,0,1,2,3,Called Strike,0,0,Observed,Observed,Observed,1,1,1
P04466,TOR_20260918_1_PA012,4467,2,0,1,0,0,0,0,0,0,14,1,0,0,1,In Play,1,0,Observed,Observed,Observed,1,1,1
P04467,TOR_20260918_1_PA013,4468,1,0,0,0,0,0,0,0,0,18,0,0,0,0,Ball,0,0,Observed,Observed,Observed,1,1,1
P04468,TOR_20260918_1_PA013,4469,2,1,0,0,0,0,0,0,0,10,0,0,1,1,Called Strike,0,0,Observed,Observed,Observed,1,1,1
P04469,TOR_20260918_1_PA013,4470,3,1,1,0,0,0,0,0,0,10,0,0,1,1,Foul,0,0,Observed,Observed,Observed,1,1,1
P04470,TOR_20260918_1_PA013,4471,4,1,2,0,0,0,0,0,0,15,0,0,0,0,In Play,1,0,Observed,Observed,Observed,1,1,1
P04471,TOR_20260918_1_PA014,4472,1,0,0,0,0,0,0,0,0,9,0,1,2,3,Called Strike,0,0,Observed,Observed,Observed,1,1,1
P04472,TOR_20260918_1_PA014,4473,2,0,1,0,0,0,0,0,0,20,0,2,2,4,Ball,0,0,Observed,Observed,Observed,1,1,1
P04473,TOR_20260918_1_PA014,4474,3,1,1,0,0,0,0,0,0,14,0,1,2,3,Ball,0,0,Observed,Observed,Observed,1,1,1
P04474,TOR_20260918_1_PA014,4475,4,2,1,0,0,0,0,0,0,15,0,1,2,3,Foul,0,0,Observed,Observed,Observed,1,1,1
P04475,TOR_20260918_1_PA014,4476,5,2,2,0,0,0,0,0,0,14,0,1,2,3,Foul,0,0,Observed,Observed,Observed,1,1,1
P04476,TOR_20260918_1_PA014,4477,6,2,2,0,0,0,0,0,0,13,0,1,2,3,Foul,0,0,Observed,Observed,Observed,1,1,1
P04477,TOR_20260918_1_PA014,4478,7,2,2,0,0,0,0,0,0,12,0,0,2,2,Foul,0,0,Observed,Observed,Observed,1,1,1
P04478,TOR_20260918_1_PA014,4479,8,2,2,0,0,0,0,0,0,17,0,1,2,3,In Play,1,0,Observed,Observed,Observed,1,1,1
P04479,TOR_20260918_1_PA015,4480,1,0,0,0,0,0,0,0,0,27,0,0,0,0,Ball,0,0,Observed,Observed,Observed,1,1,1
P04480,TOR_20260918_1_PA015,4481,2,1,0,0,0,0,0,0,0,10,0,2,1,3,Called Strike,0,0,Observed,Observed,Observed,1,1,1
P04481,TOR_20260918_1_PA015,4482,3,1,1,0,0,0,0,0,0,10,0,1,0,1,Foul,0,0,Observed,Observed,Observed,1,1,1
P04482,TOR_20260918_1_PA015,4483,4,1,2,0,0,0,0,0,0,8,0,1,0,1,Ball,0,0,Observed,Observed,Observed,1,1,1
P04483,TOR_20260918_1_PA015,4484,5,2,2,0,0,0,0,0,0,15,0,1,0,1,Foul,0,0,Observed,Observed,Observed,1,1,1
P04484,TOR_20260918_1_PA015,4485,6,2,2,0,0,0,0,0,0,15,0,0,0,0,Ball,0,0,Observed,Observed,Observed,1,1,1
P04485,TOR_20260918_1_PA015,4486,7,3,2,0,0,0,0,0,0,14,0,1,0,1,Foul,0,0,Observed,Observed,Observed,1,1,1
P04486,TOR_20260918_1_PA015,4487,8,3,2,0,0,0,0,0,0,9,0,1,0,1,Ball,1,0,Observed,Observed,Observed,1,1,1
P04487,TOR_20260918_1_PA016,4488,1,0,0,1,0,0,0,1,0,10,0,0,2,2,Ball,0,0,Observed,Observed,Observed,1,1,1
P04488,TOR_20260918_1_PA016,4489,2,1,0,1,0,0,0,1,0,11,0,0,2,2,Ball,0,0,Observed,Observed,Observed,1,1,1
P04489,TOR_20260918_1_PA016,4490,3,2,0,1,0,0,0,1,0,28,0,3,2,5,Ball,0,0,Observed,Observed,Observed,1,1,1
P04490,TOR_20260918_1_PA016,4491,4,3,0,1,0,0,0,1,0,18,0,0,1,1,Called Strike,0,0,Observed,Observed,Observed,1,1,1
P04491,TOR_20260918_1_PA016,4492,5,3,1,1,0,0,0,1,0,18,0,0,3,3,Called Strike,0,0,Observed,Observed,Observed,1,1,1
P04492,TOR_20260918_1_PA016,4493,6,3,2,1,0,0,0,1,0,40,0,0,2,2,Ball,1,0,Observed,Observed,Observed,1,1,1
P04493,TOR_20260918_1_PA017,4494,1,0,0,1,1,0,1,2,0,22,0,1,1,2,Ball,0,0,Observed,Observed,Observed,1,1,1
P04494,TOR_20260918_1_PA017,4495,2,1,0,1,1,0,1,2,0,13,0,0,2,2,Ball,0,0,Observed,Observed,Observed,1,1,1
P04495,TOR_20260918_1_PA017,4496,3,2,0,1,1,0,1,2,0,13,0,1,1,2,Called Strike,0,0,Observed,Observed,Observed,1,1,1
P04496,TOR_20260918_1_PA017,4497,4,2,1,1,1,0,1,2,0,14,1,0,1,2,Ball,0,0,Observed,Observed,Observed,1,1,1
P04497,TOR_20260918_1_PA017,4498,5,3,1,1,1,0,1,2,0,25,0,1,1,2,In Play,1,0,Observed,Observed,Observed,1,1,1
P04498,TOR_20260918_1_PA018,4499,1,0,0,1,1,0,1,2,0,13,0,1,0,1,Ball,0,0,Observed,Observed,Observed,1,1,1
P04499,TOR_20260918_1_PA018,4500,2,1,0,1,1,0,1,2,0,14,0,0,0,0,In Play,1,0,Observed,Observed,Observed,1,1,1
P04500,TOR_20260918_1_PA019,4501,1,0,0,0,1,1,1,2,0,11,0,0,2,2,Foul,0,0,Observed,Observed,Observed,1,1,1
P04501,TOR_20260918_1_PA019,4502,2,0,1,0,1,1,1,2,0,9,0,0,1,1,Foul,0,0,Observed,Observed,Observed,1,1,1
P04502,TOR_20260918_1_PA019,4503,3,0,2,0,1,1,1,2,0,13,0,0,0,0,Called Strike,1,0,Observed,Observed,Observed,1,1,1
P04503,TOR_20260918_1_PA020,4504,1,0,0,0,1,1,1,2,0,9,0,0,0,0,Foul,0,0,Observed,Observed,Observed,1,1,1
P04504,TOR_20260918_1_PA020,4505,2,0,1,0,1,1,1,2,0,9,0,0,0,0,Foul,0,0,Observed,Observed,Observed,1,1,1
P04505,TOR_20260918_1_PA020,4506,3,0,2,0,1,1,1,2,0,9,0,0,0,0,Foul,0,0,Observed,Observed,Observed,1,1,1
P04506,TOR_20260918_1_PA020,4507,4,0,2,0,1,1,1,2,0,9,1,0,0,1,Ball,0,0,Observed,Observed,Observed,1,1,1
P04507,TOR_20260918_1_PA020,4508,5,1,2,0,1,1,1,2,0,9,1,0,0,1,Ball,0,0,Observed,Observed,Observed,1,1,1
P04508,TOR_20260918_1_PA020,4509,6,2,2,0,1,1,1,2,0,9,1,0,0,1,Ball,0,0,Observed,Observed,Observed,1,1,1
P04509,TOR_20260918_1_PA020,4510,7,3,2,0,1,1,1,2,0,13,1,1,2,4,In Play,1,0,Observed,Observed,Observed,1,1,1
P04510,TOR_20260918_1_PA021,4511,1,0,0,0,0,0,0,0,0,12,0,0,1,1,Ball,0,0,Observed,Observed,Observed,1,1,1
P04511,TOR_20260918_1_PA021,4512,2,1,0,0,0,0,0,0,0,8,0,0,0,0,Foul,0,0,Observed,Observed,Observed,1,1,1
P04512,TOR_20260918_1_PA021,4513,3,1,1,0,0,0,0,0,0,13,1,1,2,4,In Play,1,0,Observed,Observed,Observed,1,1,1
P04513,TOR_20260918_1_PA022,4514,1,0,0,1,0,0,0,1,0,12,0,0,1,1,Ball,0,0,Observed,Observed,Observed,1,1,1
P04514,TOR_20260918_1_PA022,4515,2,1,0,1,0,0,0,1,0,14,0,0,3,3,In Play,1,0,Observed,Observed,Observed,1,1,1
P04515,TOR_20260918_1_PA023,4516,1,0,0,1,0,0,0,1,0,13,0,1,2,3,Ball,0,0,Observed,Observed,Observed,1,1,1
P04516,TOR_20260918_1_PA023,4517,2,1,0,1,0,0,0,1,0,7,0,0,1,1,Called Strike,0,0,Observed,Observed,Observed,1,1,1
P04517,TOR_20260918_1_PA023,4518,3,1,1,1,0,0,0,1,0,13,0,1,1,2,Foul,0,0,Observed,Observed,Observed,1,1,1
P04518,TOR_20260918_1_PA023,4519,4,1,2,1,0,0,0,1,0,10,1,1,2,4,Ball,0,0,Observed,Observed,Observed,1,1,1
P04519,TOR_20260918_1_PA023,4520,5,2,2,1,0,0,0,1,0,11,0,1,1,2,Ball,0,0,Observed,Observed,Observed,1,1,1
P04520,TOR_20260918_1_PA023,4521,6,3,2,1,0,0,0,1,0,14,0,1,2,3,Foul,0,0,Observed,Observed,Observed,1,1,1
P04521,TOR_20260918_1_PA023,4522,7,3,2,1,0,0,0,1,0,14,0,1,2,3,Foul,0,0,Observed,Observed,Observed,1,1,1
P04522,TOR_20260918_1_PA023,4523,8,3,2,1,0,0,0,1,0,15,0,1,2,3,Swinging Strike,1,0,Observed,Observed,Observed,1,1,1
P04523,TOR_20260918_1_PA024,4524,1,0,0,1,0,0,0,1,0,16,0,1,0,1,Called Strike,0,0,Observed,Observed,Observed,1,1,1
P04524,TOR_20260918_1_PA024,4525,2,0,1,1,0,0,0,1,0,11,0,1,0,1,Ball,0,0,Observed,Observed,Observed,1,1,1
P04525,TOR_20260918_1_PA024,4526,3,1,1,1,0,0,0,1,0,16,1,1,0,2,Foul,0,0,Observed,Observed,Observed,1,1,1
P04526,TOR_20260918_1_PA024,4527,4,1,2,1,0,0,0,1,0,17,0,2,0,2,Swinging Strike,1,0,Observed,Observed,Observed,1,1,1
P04527,TOR_20260918_1_PA025,4528,1,0,0,0,0,0,0,0,0,20,0,0,1,1,Called Strike,0,0,Observed,Observed,Observed,1,1,1
P04528,TOR_20260918_1_PA025,4529,2,0,1,0,0,0,0,0,0,13,0,0,2,2,Swinging Strike,0,0,Observed,Observed,Observed,1,1,1
P04529,TOR_20260918_1_PA025,4530,3,0,2,0,0,0,0,0,0,17,0,0,1,1,Swinging Strike,1,0,Observed,Observed,Observed,1,1,1
P04530,TOR_20260918_1_PA026,4531,1,0,0,0,0,0,0,0,0,9,0,1,2,3,Ball,0,0,Observed,Observed,Observed,1,1,1
P04531,TOR_20260918_1_PA026,4532,2,1,0,0,0,0,0,0,0,13,0,1,2,3,Ball,0,0,Observed,Observed,Observed,1,1,1
P04532,TOR_20260918_1_PA026,4533,3,2,0,0,0,0,0,0,0,15,0,0,0,0,In Play,1,0,Observed,Observed,Observed,1,1,1
P04533,TOR_20260918_1_PA027,4534,1,0,0,0,0,0,0,0,0,10,0,0,1,1,In Play,1,0,Observed,Observed,Observed,1,1,1
P04534,TOR_20260918_1_PA028,4535,1,0,0,1,0,0,0,1,0,13,0,0,2,2,Called Strike,0,0,Observed,Observed,Observed,1,1,1
P04535,TOR_20260918_1_PA028,4536,2,0,1,1,0,0,0,1,0,13,0,0,0,0,Swinging Strike,0,0,Observed,Observed,Observed,1,1,1
P04536,TOR_20260918_1_PA028,4537,3,0,2,1,0,0,0,1,0,14,0,0,1,1,In Play,1,0,Observed,Observed,Observed,1,1,1
P04537,TOR_20260918_1_PA029,4538,1,0,0,0,0,0,0,0,0,5,0,0,0,0,Swinging Strike,0,0,Observed,Observed,Observed,1,1,1
P04538,TOR_20260918_1_PA029,4539,2,0,1,0,0,0,0,0,0,4,0,0,0,0,In Play,1,0,Observed,Observed,Observed,1,1,1
P04539,TOR_20260918_1_PA030,4540,1,0,0,0,0,0,0,0,0,11,0,0,1,1,Swinging Strike,0,0,Observed,Observed,Observed,1,1,1
P04540,TOR_20260918_1_PA030,4541,2,0,1,0,0,0,0,0,0,24,0,0,0,0,In Play,1,0,Observed,Observed,Observed,1,1,1
P04541,TOR_20260918_1_PA031,4542,1,0,0,0,0,0,0,0,0,12,0,0,1,1,Foul,0,0,Observed,Observed,Observed,1,1,1
P04542,TOR_20260918_1_PA031,4543,2,0,1,0,0,0,0,0,0,15,0,0,0,0,Ball,0,0,Observed,Observed,Observed,1,1,1
P04543,TOR_20260918_1_PA031,4544,3,1,1,0,0,0,0,0,0,17,0,0,1,1,Swinging Strike,0,0,Observed,Observed,Observed,1,1,1
P04544,TOR_20260918_1_PA031,4545,4,1,2,0,0,0,0,0,0,14,0,0,0,0,Ball,0,0,Observed,Observed,Observed,1,1,1
P04545,TOR_20260918_1_PA031,4546,5,2,2,0,0,0,0,0,0,23,0,0,1,1,Called Strike,1,0,Observed,Observed,Observed,1,1,1
P04546,TOR_20260918_1_PA032,4547,1,0,0,0,0,0,0,0,0,14,0,2,1,3,Ball,0,0,Observed,Observed,Observed,1,1,1
P04547,TOR_20260918_1_PA032,4548,2,1,0,0,0,0,0,0,0,11,0,1,2,3,Foul,0,0,Observed,Observed,Observed,1,1,1
P04548,TOR_20260918_1_PA032,4549,3,1,1,0,0,0,0,0,0,22,0,1,3,4,In Play,1,0,Observed,Observed,Observed,1,1,1
P04549,TOR_20260918_1_PA033,4550,1,0,0,0,0,0,0,0,0,13,0,0,0,0,Called Strike,0,0,Observed,Observed,Observed,1,1,1
P04550,TOR_20260918_1_PA033,4551,2,0,1,0,0,0,0,0,0,14,0,1,0,1,Swinging Strike,0,0,Observed,Observed,Observed,1,1,1
P04551,TOR_20260918_1_PA033,4552,3,0,2,0,0,0,0,0,0,15,0,0,0,0,Ball,0,0,Observed,Observed,Observed,1,1,1
P04552,TOR_20260918_1_PA033,4553,4,1,2,0,0,0,0,0,0,11,0,0,0,0,In Play,1,0,Observed,Observed,Observed,1,1,1
P04553,TOR_20260918_1_PA034,4554,1,0,0,0,0,0,0,0,0,12,0,0,1,1,Ball,0,0,Observed,Observed,Observed,1,1,1
P04554,TOR_20260918_1_PA034,4555,2,1,0,0,0,0,0,0,0,15,0,1,1,2,Ball,0,0,Observed,Observed,Observed,1,1,1
P04555,TOR_20260918_1_PA034,4556,3,2,0,0,0,0,0,0,0,40,0,0,2,2,Foul,0,0,Observed,Observed,Observed,1,1,1
P04556,TOR_20260918_1_PA034,4557,4,2,1,0,0,0,0,0,0,17,0,0,1,1,Swinging Strike,0,0,Observed,Observed,Observed,1,1,1
P04557,TOR_20260918_1_PA034,4558,5,2,2,0,0,0,0,0,0,19,0,0,1,1,Ball,0,0,Observed,Observed,Observed,1,1,1
P04558,TOR_20260918_1_PA034,4559,6,3,2,0,0,0,0,0,0,19,0,2,2,4,In Play,1,0,Observed,Observed,Observed,1,1,1
P04559,TOR_20260919_1_PA001,4560,1,0,0,0,0,0,0,0,0,15,0,0,0,0,Ball,0,0,Observed,Observed,Observed,1,1,1
P04560,TOR_20260919_1_PA001,4561,2,1,0,0,0,0,0,0,0,14,0,0,0,0,Foul,0,0,Observed,Observed,Observed,1,1,1
P04561,TOR_20260919_1_PA001,4562,3,1,1,0,0,0,0,0,0,15,0,0,0,0,Ball,0,0,Observed,Observed,Observed,1,1,1
P04562,TOR_20260919_1_PA001,4563,4,2,1,0,0,0,0,0,0,15,0,0,0,0,Ball,0,0,Observed,Observed,Observed,1,1,1
P04563,TOR_20260919_1_PA001,4564,5,3,1,0,0,0,0,0,0,14,0,0,0,0,Swinging Strike,0,0,Observed,Observed,Observed,1,1,1
P04564,TOR_20260919_1_PA001,4565,6,3,2,0,0,0,0,0,0,14,0,0,0,0,Foul,0,0,Observed,Observed,Observed,1,1,1
P04565,TOR_20260919_1_PA001,4566,7,3,2,0,0,0,0,0,0,14,0,0,0,0,In Play,1,0,Observed,Observed,Observed,1,1,1
P04566,TOR_20260919_1_PA002,4567,1,0,0,0,0,0,0,0,0,16,0,0,1,1,Ball,0,0,Observed,Observed,Observed,1,1,1
P04567,TOR_20260919_1_PA002,4568,2,1,0,0,0,0,0,0,0,17,0,0,1,1,In Play,1,0,Observed,Observed,Observed,1,1,1
P04568,TOR_20260919_1_PA003,4569,1,0,0,0,0,0,0,0,0,16,0,1,2,3,Ball,0,0,Observed,Observed,Observed,1,1,1
P04569,TOR_20260919_1_PA003,4570,2,1,0,0,0,0,0,0,0,17,0,1,2,3,In Play,1,0,Observed,Observed,Observed,1,1,1
P04570,TOR_20260919_1_PA004,4571,1,0,0,0,0,0,0,0,0,14,0,0,1,1,In Play,1,0,Observed,Observed,Observed,1,1,1
P04571,TOR_20260919_1_PA005,4572,1,0,0,0,0,0,0,0,0,15,0,1,2,3,Called Strike,0,0,Observed,Observed,Observed,1,1,1
P04572,TOR_20260919_1_PA005,4573,2,0,1,0,0,0,0,0,0,16,0,1,2,3,Ball,0,0,Observed,Observed,Observed,1,1,1
P04573,TOR_20260919_1_PA005,4574,3,1,1,0,0,0,0,0,0,15,0,1,2,3,Foul,0,0,Observed,Observed,Observed,1,1,1
P04574,TOR_20260919_1_PA005,4575,4,1,2,0,0,0,0,0,0,16,0,1,2,3,In Play,1,0,Observed,Observed,Observed,1,1,1
P04575,TOR_20260919_1_PA006,4576,1,0,0,0,0,0,0,0,0,13,0,1,0,1,Called Strike,0,0,Observed,Observed,Observed,1,1,1
P04576,TOR_20260919_1_PA006,4577,2,0,1,0,0,0,0,0,0,14,0,1,0,1,Ball,0,0,Observed,Observed,Observed,1,1,1
P04577,TOR_20260919_1_PA006,4578,3,1,1,0,0,0,0,0,0,14,0,1,0,1,Ball,0,0,Observed,Observed,Observed,1,1,1
P04578,TOR_20260919_1_PA006,4579,4,2,1,0,0,0,0,0,0,13,0,1,0,1,Called Strike,0,0,Observed,Observed,Observed,1,1,1
P04579,TOR_20260919_1_PA006,4580,5,2,2,0,0,0,0,0,0,15,0,1,0,1,Foul,0,0,Observed,Observed,Observed,1,1,1
P04580,TOR_20260919_1_PA006,4581,6,2,2,0,0,0,0,0,0,15,0,1,0,1,In Play,1,0,Observed,Observed,Observed,1,1,1
P04581,TOR_20260919_1_PA007,4582,1,0,0,0,0,0,0,0,0,18,0,1,2,3,Called Strike,0,0,Observed,Observed,Observed,1,1,1
P04582,TOR_20260919_1_PA007,4583,2,0,1,0,0,0,0,0,0,18,0,1,2,3,Called Strike,0,0,Observed,Observed,Observed,1,1,1
P04583,TOR_20260919_1_PA007,4584,3,0,2,0,0,0,0,0,0,18,0,1,2,3,Ball,0,0,Observed,Observed,Observed,1,1,1
P04584,TOR_20260919_1_PA007,4585,4,1,2,0,0,0,0,0,0,20,0,1,2,3,Foul,0,0,Observed,Observed,Observed,1,1,1
P04585,TOR_20260919_1_PA007,4586,5,1,2,0,0,0,0,0,0,18,0,1,2,3,Ball,0,0,Observed,Observed,Observed,1,1,1
P04586,TOR_20260919_1_PA007,4587,6,2,2,0,0,0,0,0,0,20,0,1,2,3,Foul,0,0,Observed,Observed,Observed,1,1,1
P04587,TOR_20260919_1_PA007,4588,7,2,2,0,0,0,0,0,1,16,0,0,2,2,Swinging Strike,1,0,Observed,Observed,Observed,1,1,1
P04588,TOR_20260919_1_PA008,4589,1,0,0,0,0,0,0,0,0,13,0,0,1,1,Called Strike,0,0,Observed,Observed,Observed,1,1,1
P04589,TOR_20260919_1_PA008,4590,2,0,1,0,0,0,0,0,0,14,0,0,1,1,Foul,0,0,Observed,Observed,Observed,1,1,1
P04590,TOR_20260919_1_PA008,4591,3,0,2,0,0,0,0,0,0,14,0,0,1,1,Foul,0,0,Observed,Observed,Observed,1,1,1
P04591,TOR_20260919_1_PA008,4592,4,0,2,0,0,0,0,0,0,14,0,0,1,1,In Play,1,0,Observed,Observed,Observed,1,1,1
P04592,TOR_20260919_1_PA009,4593,1,0,0,0,0,0,0,0,0,15,0,0,1,1,Ball,0,0,Observed,Observed,Observed,1,1,1
P04593,TOR_20260919_1_PA009,4594,2,1,0,0,0,0,0,0,0,15,0,0,1,1,In Play,1,0,Observed,Observed,Observed,1,1,1
P04594,TOR_20260919_1_PA010,4595,1,0,0,0,0,0,0,0,0,14,0,0,0,0,Foul,0,0,Observed,Observed,Observed,1,1,1
P04595,TOR_20260919_1_PA010,4596,2,0,1,0,0,0,0,0,0,14,0,0,0,0,In Play,1,0,Observed,Observed,Observed,1,1,1
P04596,TOR_20260919_1_PA011,4597,1,0,0,0,0,0,0,0,0,16,0,0,1,1,Ball,0,0,Observed,Observed,Observed,1,1,1
P04597,TOR_20260919_1_PA011,4598,2,1,0,0,0,0,0,0,0,15,0,0,1,1,Called Strike,0,0,Observed,Observed,Observed,1,1,1
P04598,TOR_20260919_1_PA011,4599,3,1,1,0,0,0,0,0,0,16,0,0,1,1,Ball,0,0,Observed,Observed,Observed,1,1,1
P04599,TOR_20260919_1_PA011,4600,4,2,1,0,0,0,0,0,0,16,0,0,1,1,Ball,0,0,Observed,Observed,Observed,1,1,1
P04600,TOR_20260919_1_PA011,4601,5,3,1,0,0,0,0,0,0,14,0,0,1,1,Swinging Strike,0,0,Observed,Observed,Observed,1,1,1
P04601,TOR_20260919_1_PA011,4602,6,3,2,0,0,0,0,0,0,14,0,0,1,1,Foul,0,0,Observed,Observed,Observed,1,1,1
P04602,TOR_20260919_1_PA011,4603,7,3,2,0,0,0,0,0,0,16,0,0,1,1,Ball,1,0,Observed,Observed,Observed,1,1,1
P04603,TOR_20260919_1_PA012,4604,1,0,0,1,0,0,0,1,0,14,0,1,2,3,Called Strike,0,0,Observed,Observed,Observed,1,1,1
P04604,TOR_20260919_1_PA012,4605,2,0,1,1,0,0,0,1,0,14,0,1,2,3,Foul,0,0,Observed,Observed,Observed,1,1,1
P04605,TOR_20260919_1_PA012,4606,3,0,2,1,0,0,0,1,0,17,0,1,2,3,In Play,1,0,Observed,Observed,Observed,1,1,1
P04606,TOR_20260919_1_PA013,4607,1,0,0,1,0,0,0,1,0,14,0,0,1,1,Ball,0,0,Observed,Observed,Observed,1,1,1
P04607,TOR_20260919_1_PA013,4608,2,1,0,1,0,0,0,1,0,14,0,0,1,1,Ball,0,0,Observed,Observed,Observed,1,1,1
P04608,TOR_20260919_1_PA013,4609,3,2,0,1,0,0,0,1,0,13,0,0,1,1,Foul,0,0,Observed,Observed,Observed,1,1,1
P04609,TOR_20260919_1_PA013,4610,4,2,1,1,0,0,0,1,0,14,0,0,1,1,Called Strike,0,0,Observed,Observed,Observed,1,1,1
P04610,TOR_20260919_1_PA013,4611,5,2,2,1,0,0,0,1,0,13,0,0,1,1,Foul,0,0,Observed,Observed,Observed,1,1,1
P04611,TOR_20260919_1_PA013,4612,6,2,2,1,0,0,0,1,0,14,0,0,1,1,In Play,1,0,Observed,Observed,Observed,1,1,1
P04612,TOR_20260919_1_PA014,4613,1,0,0,0,0,0,0,0,0,16,0,1,2,3,Ball,0,0,Observed,Observed,Observed,1,1,1
P04613,TOR_20260919_1_PA014,4614,2,1,0,0,0,0,0,0,0,15,0,1,2,3,Foul,0,0,Observed,Observed,Observed,1,1,1
P04614,TOR_20260919_1_PA014,4615,3,1,1,0,0,0,0,0,0,16,0,1,2,3,Ball,0,0,Observed,Observed,Observed,1,1,1
P04615,TOR_20260919_1_PA014,4616,4,2,1,0,0,0,0,0,0,16,0,1,2,3,Ball,0,0,Observed,Observed,Observed,1,1,1
P04616,TOR_20260919_1_PA014,4617,5,3,1,0,0,0,0,0,0,16,0,1,2,3,In Play,1,0,Observed,Observed,Observed,1,1,1
P04617,TOR_20260919_1_PA015,4618,1,0,0,0,0,0,0,0,0,13,0,1,0,1,Called Strike,0,0,Observed,Observed,Observed,1,1,1
P04618,TOR_20260919_1_PA015,4619,2,0,1,0,0,0,0,0,0,14,0,1,0,1,Ball,0,0,Observed,Observed,Observed,1,1,1
P04619,TOR_20260919_1_PA015,4620,3,1,1,0,0,0,0,0,0,15,0,1,0,1,Foul,0,0,Observed,Observed,Observed,1,1,1
P04620,TOR_20260919_1_PA015,4621,4,1,2,0,0,0,0,0,0,14,0,1,0,1,Ball,0,0,Observed,Observed,Observed,1,1,1
P04621,TOR_20260919_1_PA015,4622,5,2,2,0,0,0,0,0,0,15,0,1,0,1,In Play,1,0,Observed,Observed,Observed,1,1,1
P04622,TOR_20260919_1_PA016,4623,1,0,0,0,0,0,0,0,0,15,0,0,0,0,In Play,1,0,Observed,Observed,Observed,1,1,1
P04623,TOR_20260919_1_PA017,4624,1,0,0,0,0,0,0,0,0,13,0,0,1,1,Called Strike,0,0,Observed,Observed,Observed,1,1,1
P04624,TOR_20260919_1_PA017,4625,2,0,1,0,0,0,0,0,0,14,0,0,1,1,Ball,0,0,Observed,Observed,Observed,1,1,1
P04625,TOR_20260919_1_PA017,4626,3,1,1,0,0,0,0,0,0,14,0,0,1,1,Foul,0,0,Observed,Observed,Observed,1,1,1
P04626,TOR_20260919_1_PA017,4627,4,1,2,0,0,0,0,0,0,15,0,1,2,3,HBP,1,0,Observed,Observed,Observed,1,1,1
P04627,TOR_20260919_1_PA018,4628,1,0,0,1,0,0,0,1,0,14,0,0,1,1,Called Strike,0,0,Observed,Observed,Observed,1,1,1
P04628,TOR_20260919_1_PA018,4629,2,0,1,1,0,0,0,1,0,14,0,0,1,1,Called Strike,0,0,Observed,Observed,Observed,1,1,1
P04629,TOR_20260919_1_PA018,4630,3,0,2,1,0,0,0,1,0,15,0,0,1,1,In Play,1,0,Observed,Observed,Observed,1,1,1
P04630,TOR_20260919_1_PA019,4631,1,0,0,1,0,0,0,1,0,15,0,0,0,0,Ball,0,0,Observed,Observed,Observed,1,1,1
P04631,TOR_20260919_1_PA019,4632,2,1,0,1,0,0,0,1,0,15,0,0,0,0,Ball,0,0,Observed,Observed,Observed,1,1,1
P04632,TOR_20260919_1_PA019,4633,3,2,0,1,0,0,0,1,0,14,0,0,0,0,Foul,0,0,Observed,Observed,Observed,1,1,1
P04633,TOR_20260919_1_PA019,4634,4,2,1,1,0,0,0,1,0,14,0,0,0,0,Swinging Strike,0,0,Observed,Observed,Observed,1,1,1
P04634,TOR_20260919_1_PA019,4635,5,2,2,1,0,0,0,1,0,14,0,0,0,0,In Play,1,0,Observed,Observed,Observed,1,1,1
P04635,TOR_20260919_1_PA020,4636,1,0,0,1,1,0,1,2,0,15,0,0,1,1,Called Strike,0,0,Observed,Observed,Observed,1,1,1
P04636,TOR_20260919_1_PA020,4637,2,0,1,1,1,0,1,2,0,14,0,0,1,1,Foul,0,0,Observed,Observed,Observed,1,1,1
P04637,TOR_20260919_1_PA020,4638,3,0,2,1,1,0,1,2,0,17,0,0,1,1,In Play,1,0,Observed,Observed,Observed,1,1,1
P04638,TOR_20260919_1_PA021,4639,1,0,0,1,1,0,1,2,0,14,0,1,2,3,Called Strike,0,0,Observed,Observed,Observed,1,1,1
P04639,TOR_20260919_1_PA021,4640,2,0,1,1,1,0,1,2,0,17,0,1,2,3,In Play,1,0,Observed,Observed,Observed,1,1,1
P04640,TOR_20260919_1_PA022,4641,1,0,0,1,1,0,1,2,0,14,0,0,1,1,Ball,0,0,Observed,Observed,Observed,1,1,1
P04641,TOR_20260919_1_PA022,4642,2,1,0,1,1,0,1,2,0,14,0,0,1,1,Called Strike,0,0,Observed,Observed,Observed,1,1,1
P04642,TOR_20260919_1_PA022,4643,3,1,1,1,1,0,1,2,0,14,0,0,1,1,Swinging Strike,0,0,Observed,Observed,Observed,1,1,1
P04643,TOR_20260919_1_PA022,4644,4,1,2,1,1,0,1,2,0,14,0,0,1,1,Ball,0,0,Observed,Observed,Observed,1,1,1
P04644,TOR_20260919_1_PA022,4645,5,2,2,1,1,0,1,2,0,14,0,0,1,1,Swinging Strike,1,0,Observed,Observed,Observed,1,1,1
P04645,TOR_20260919_1_PA023,4646,1,0,0,0,0,0,0,0,0,13,1,1,2,4,In Play,1,0,Observed,Observed,Observed,1,1,1
P04646,TOR_20260919_1_PA024,4647,1,0,0,0,0,0,0,0,0,13,0,1,0,1,Called Strike,0,0,Observed,Observed,Observed,1,1,1
P04647,TOR_20260919_1_PA024,4648,2,0,1,0,0,0,0,0,0,15,0,1,0,1,Foul,0,0,Observed,Observed,Observed,1,1,1
P04648,TOR_20260919_1_PA024,4649,3,0,2,0,0,0,0,0,0,15,0,1,0,1,Foul,0,0,Observed,Observed,Observed,1,1,1
P04649,TOR_20260919_1_PA024,4650,4,0,2,0,0,0,0,0,0,15,0,1,0,1,In Play,1,0,Observed,Observed,Observed,1,1,1
P04650,TOR_20260919_1_PA025,4651,1,0,0,1,0,0,0,1,0,13,0,1,1,2,Called Strike,0,0,Observed,Observed,Observed,1,1,1
P04651,TOR_20260919_1_PA025,4652,2,0,1,1,0,0,0,1,0,14,0,1,1,2,Foul,0,0,Observed,Observed,Observed,1,1,1
P04652,TOR_20260919_1_PA025,4653,3,0,2,1,0,0,0,1,0,15,0,0,0,0,In Play,1,0,Observed,Observed,Observed,1,1,1
P04653,TOR_20260919_1_PA026,4654,1,0,0,0,0,0,0,0,0,15,0,0,1,1,Swinging Strike,0,0,Observed,Observed,Observed,1,1,1
P04654,TOR_20260919_1_PA026,4655,2,0,1,0,0,0,0,0,0,14,0,0,1,1,Foul,0,0,Observed,Observed,Observed,1,1,1
P04655,TOR_20260919_1_PA026,4656,3,0,2,0,0,0,0,0,0,14,0,0,1,1,Ball,0,0,Observed,Observed,Observed,1,1,1
P04656,TOR_20260919_1_PA026,4657,4,1,2,0,0,0,0,0,0,14,0,0,1,1,In Play,1,0,Observed,Observed,Observed,1,1,1
P04657,TOR_20260919_1_PA027,4658,1,0,0,0,0,0,0,0,0,13,0,0,0,0,Swinging Strike,0,0,Observed,Observed,Observed,1,1,1
P04658,TOR_20260919_1_PA027,4659,2,0,1,0,0,0,0,0,0,15,0,0,1,1,Ball,0,0,Observed,Observed,Observed,1,1,1
P04659,TOR_20260919_1_PA027,4660,3,1,1,0,0,0,0,0,0,15,0,0,1,1,Foul,0,0,Observed,Observed,Observed,1,1,1
P04660,TOR_20260919_1_PA027,4661,4,1,2,0,0,0,0,0,0,15,0,0,1,1,Ball,0,0,Observed,Observed,Observed,1,1,1
P04661,TOR_20260919_1_PA027,4662,5,2,2,0,0,0,0,0,0,15,0,0,1,1,Foul,0,0,Observed,Observed,Observed,1,1,1
P04662,TOR_20260919_1_PA027,4663,6,2,2,0,0,0,0,0,0,15,0,0,1,1,Ball,0,0,Observed,Observed,Observed,1,1,1
P04663,TOR_20260919_1_PA027,4664,7,3,2,0,0,0,0,0,0,15,0,0,1,1,Foul,0,0,Observed,Observed,Observed,1,1,1
P04664,TOR_20260919_1_PA027,4665,8,3,2,0,0,0,0,0,0,13,0,0,0,0,Swinging Strike,1,0,Observed,Observed,Observed,1,1,1
P04665,TOR_20260919_1_PA028,4666,1,0,0,0,0,0,0,0,0,14,0,0,0,0,Foul,0,0,Observed,Observed,Observed,1,1,1
P04666,TOR_20260919_1_PA028,4667,2,0,1,0,0,0,0,0,0,13,0,0,0,0,Called Strike,0,0,Observed,Observed,Observed,1,1,1
P04667,TOR_20260919_1_PA028,4668,3,0,2,0,0,0,0,0,0,14,0,0,0,0,In Play,1,0,Observed,Observed,Observed,1,1,1
P04668,TOR_20260919_1_PA029,4669,1,0,0,0,0,0,0,0,0,17,0,0,1,1,In Play,1,0,Observed,Observed,Observed,1,1,1
P04669,TOR_20260919_1_PA030,4670,1,0,0,1,0,0,0,1,0,14,0,1,2,3,Foul,0,0,Observed,Observed,Observed,1,1,1
P04670,TOR_20260919_1_PA030,4671,2,0,1,1,0,0,0,1,0,14,0,1,2,3,Swinging Strike,0,0,Observed,Observed,Observed,1,1,1
P04671,TOR_20260919_1_PA030,4672,3,0,2,1,0,0,0,1,0,16,0,1,2,3,Ball,0,0,Observed,Observed,Observed,1,1,1
P04672,TOR_20260919_1_PA030,4673,4,1,2,1,0,0,0,1,0,16,0,1,2,3,Ball,0,0,Observed,Observed,Observed,1,1,1
P04673,TOR_20260919_1_PA030,4674,5,2,2,1,0,0,0,1,0,17,0,1,2,3,In Play,1,0,Observed,Observed,Observed,1,1,1
P04674,TOR_20260919_1_PA031,4675,1,0,0,1,0,1,1,2,0,14,0,0,1,1,Swinging Strike,0,0,Observed,Observed,Observed,1,1,1
P04675,TOR_20260919_1_PA031,4676,2,0,1,1,0,1,1,2,0,14,0,0,1,1,In Play,1,0,Observed,Observed,Observed,1,1,1
P04676,TOR_20260919_1_PA032,4677,1,0,0,0,0,0,0,0,0,10,1,0,1,2,Ball,0,0,Observed,Observed,Observed,1,1,1
P04677,TOR_20260919_1_PA032,4678,2,1,0,0,0,0,0,0,0,10,1,0,0,1,Called Strike,0,0,Observed,Observed,Observed,1,1,1
P04678,TOR_20260919_1_PA032,4679,3,1,1,0,0,0,0,0,0,10,0,0,0,0,Foul,0,0,Observed,Observed,Observed,1,1,1
P04679,TOR_20260919_1_PA032,4680,4,1,2,0,0,0,0,0,0,10,0,0,0,0,Foul,0,0,Observed,Observed,Observed,1,1,1
P04680,TOR_20260919_1_PA032,4681,5,1,2,0,0,0,0,0,0,13,1,1,1,3,Swinging Strike,1,0,Observed,Observed,Observed,1,1,1
P04681,TOR_20260919_1_PA033,4682,1,0,0,0,0,0,0,0,0,14,0,1,0,1,Ball,0,0,Observed,Observed,Observed,1,1,1
P04682,TOR_20260919_1_PA033,4683,2,1,0,0,0,0,0,0,0,15,0,1,0,1,In Play,1,0,Observed,Observed,Observed,1,1,1
P04683,TOR_20260919_1_PA034,4684,1,0,0,0,0,0,0,0,1,14,0,1,0,1,Swinging Strike,0,0,Observed,Observed,Observed,1,1,1
P04684,TOR_20260919_1_PA034,4685,2,0,1,0,0,0,0,0,0,15,0,0,0,0,In Play,1,0,Observed,Observed,Observed,1,1,1
P04685,TOR_20260920_1_PA001,4686,1,0,0,0,0,0,0,0,0,14,0,0,0,0,Foul,0,0,Observed,Observed,Observed,1,1,1
P04686,TOR_20260920_1_PA001,4687,2,0,1,0,0,0,0,0,0,15,0,0,0,0,Ball,0,0,Observed,Observed,Observed,1,1,1
P04687,TOR_20260920_1_PA001,4688,3,1,1,0,0,0,0,0,0,14,0,0,0,0,Swinging Strike,0,0,Observed,Observed,Observed,1,1,1
P04688,TOR_20260920_1_PA001,4689,4,1,2,0,0,0,0,0,0,15,0,0,0,0,Ball,0,0,Observed,Observed,Observed,1,1,1
P04689,TOR_20260920_1_PA001,4690,5,2,2,0,0,0,0,0,0,15,0,0,0,0,Ball,0,0,Observed,Observed,Observed,1,1,1
P04690,TOR_20260920_1_PA001,4691,6,3,2,0,0,0,0,0,0,15,0,0,0,0,Ball,1,0,Observed,Observed,Observed,1,1,1
P04691,TOR_20260920_1_PA002,4692,1,0,0,1,0,0,0,1,0,14,0,0,1,1,Swinging Strike,0,0,Observed,Observed,Observed,1,1,1
P04692,TOR_20260920_1_PA002,4693,2,0,1,1,0,0,0,1,0,17,0,0,1,1,In Play,1,0,Observed,Observed,Observed,1,1,1
P04693,TOR_20260920_1_PA003,4694,1,0,0,1,0,1,1,2,0,15,0,1,2,3,Foul,0,0,Observed,Observed,Observed,1,1,1
P04694,TOR_20260920_1_PA003,4695,2,0,1,1,0,1,1,2,0,16,0,1,2,3,In Play,1,0,Observed,Observed,Observed,1,1,1
P04695,TOR_20260920_1_PA004,4696,1,0,0,1,0,0,0,1,0,14,0,1,0,1,Ball,0,0,Observed,Observed,Observed,1,1,1
P04696,TOR_20260920_1_PA004,4697,2,1,0,1,0,0,0,1,0,15,0,1,0,1,Swinging Strike,0,0,Observed,Observed,Observed,1,1,1
P04697,TOR_20260920_1_PA004,4698,3,1,1,1,0,0,0,1,0,15,0,1,0,1,In Play,1,0,Observed,Observed,Observed,1,1,1
P04698,TOR_20260920_1_PA005,4699,1,0,0,1,0,0,0,1,0,4,0,0,0,0,Foul,0,0,Observed,Observed,Observed,1,1,1
P04699,TOR_20260920_1_PA005,4700,2,0,1,1,0,0,0,1,0,4,0,0,0,0,Called Strike,0,0,Observed,Observed,Observed,1,1,1
P04700,TOR_20260920_1_PA005,4701,3,0,2,1,0,0,0,1,0,5,0,0,0,0,HBP,1,0,Observed,Observed,Observed,1,1,1
P04701,TOR_20260920_1_PA006,4702,1,0,0,1,1,0,1,2,0,18,0,1,2,3,Called Strike,0,0,Observed,Observed,Observed,1,1,1
P04702,TOR_20260920_1_PA006,4703,2,0,1,1,1,0,1,2,0,16,0,0,2,2,Swinging Strike,0,0,Observed,Observed,Observed,1,1,1
P04703,TOR_20260920_1_PA006,4704,3,0,2,1,1,0,1,2,0,16,0,0,2,2,Swinging Strike,1,0,Observed,Observed,Observed,1,1,1
P04704,TOR_20260920_1_PA007,4705,1,0,0,0,0,0,0,0,0,14,0,0,1,1,In Play,1,0,Observed,Observed,Observed,1,1,1
P04705,TOR_20260920_1_PA008,4706,1,0,0,0,0,0,0,0,0,14,0,0,1,1,Ball,0,0,Observed,Observed,Observed,1,1,1
P04706,TOR_20260920_1_PA008,4707,2,1,0,0,0,0,0,0,0,14,0,0,1,1,Called Strike,0,0,Observed,Observed,Observed,1,1,1
P04707,TOR_20260920_1_PA008,4708,3,1,1,0,0,0,0,0,0,16,0,1,1,2,Swinging Strike,0,0,Observed,Observed,Observed,1,1,1
P04708,TOR_20260920_1_PA008,4709,4,1,2,0,0,0,0,0,0,14,0,0,1,1,Ball,0,0,Observed,Observed,Observed,1,1,1
P04709,TOR_20260920_1_PA008,4710,5,2,2,0,0,0,0,0,0,14,0,0,1,1,Ball,0,0,Observed,Observed,Observed,1,1,1
P04710,TOR_20260920_1_PA008,4711,6,3,2,0,0,0,0,0,0,14,0,0,1,1,Ball,1,0,Observed,Observed,Observed,1,1,1
P04711,TOR_20260920_1_PA009,4712,1,0,0,1,0,0,0,1,0,14,0,1,1,2,Foul,0,0,Observed,Observed,Observed,1,1,1
P04712,TOR_20260920_1_PA009,4713,2,0,1,1,0,0,0,1,0,14,0,0,1,1,Ball,0,0,Observed,Observed,Observed,1,1,1
P04713,TOR_20260920_1_PA009,4714,3,1,1,1,0,0,0,1,0,15,0,0,0,0,In Play,1,0,Observed,Observed,Observed,1,1,1
P04714,TOR_20260920_1_PA010,4715,1,0,0,1,0,0,0,1,0,13,0,0,0,0,Called Strike,0,0,Observed,Observed,Observed,1,1,1
P04715,TOR_20260920_1_PA010,4716,2,0,1,1,0,0,0,1,0,15,0,0,0,0,Ball,0,0,Observed,Observed,Observed,1,1,1
P04716,TOR_20260920_1_PA010,4717,3,1,1,1,0,0,0,1,0,14,0,0,0,0,In Play,1,0,Observed,Observed,Observed,1,1,1
P04717,TOR_20260920_1_PA011,4718,1,0,0,0,0,0,0,0,0,16,0,0,1,1,Ball,0,0,Observed,Observed,Observed,1,1,1
P04718,TOR_20260920_1_PA011,4719,2,1,0,0,0,0,0,0,0,14,0,0,1,1,Foul,0,0,Observed,Observed,Observed,1,1,1
P04719,TOR_20260920_1_PA011,4720,3,1,1,0,0,0,0,0,0,15,0,0,1,1,Called Strike,0,0,Observed,Observed,Observed,1,1,1
P04720,TOR_20260920_1_PA011,4721,4,1,2,0,0,0,0,0,0,14,0,0,1,1,Foul,0,0,Observed,Observed,Observed,1,1,1
P04721,TOR_20260920_1_PA011,4722,5,1,2,0,0,0,0,0,0,17,0,0,1,1,In Play,1,0,Observed,Observed,Observed,1,1,1
P04722,TOR_20260920_1_PA012,4723,1,0,0,0,0,0,0,0,0,15,0,1,2,3,Called Strike,0,0,Observed,Observed,Observed,1,1,1
P04723,TOR_20260920_1_PA012,4724,2,0,1,0,0,0,0,0,0,16,0,1,2,3,Ball,0,0,Observed,Observed,Observed,1,1,1
P04724,TOR_20260920_1_PA012,4725,3,1,1,0,0,0,0,0,0,16,0,1,2,3,Ball,0,0,Observed,Observed,Observed,1,1,1
P04725,TOR_20260920_1_PA012,4726,4,2,1,0,0,0,0,0,0,17,0,1,1,2,Swinging Strike,0,0,Observed,Observed,Observed,1,1,1
P04726,TOR_20260920_1_PA012,4727,5,2,2,0,0,0,0,0,0,16,0,1,2,3,In Play,1,0,Observed,Observed,Observed,1,1,1
P04727,TOR_20260920_1_PA013,4728,1,0,0,1,0,0,0,1,0,15,0,1,0,1,In Play,1,0,Observed,Observed,Observed,1,1,1
P04728,TOR_20260920_1_PA014,4729,1,0,0,1,0,0,0,1,0,5,0,0,0,0,Ball,0,0,Observed,Observed,Observed,1,1,1
P04729,TOR_20260920_1_PA014,4730,2,1,0,1,0,0,0,1,0,4,0,0,0,0,Foul,0,0,Observed,Observed,Observed,1,1,1
P04730,TOR_20260920_1_PA014,4731,3,1,1,1,0,0,0,1,0,4,0,0,0,0,Foul,0,0,Observed,Observed,Observed,1,1,1
P04731,TOR_20260920_1_PA014,4732,4,1,2,1,0,0,0,1,0,4,0,0,0,0,Foul,0,0,Observed,Observed,Observed,1,1,1
P04732,TOR_20260920_1_PA014,4733,5,1,2,1,0,0,0,1,0,4,0,0,0,0,In Play,1,0,Observed,Observed,Observed,1,1,1
P04733,TOR_20260920_1_PA015,4734,1,0,0,0,1,0,1,1,0,20,0,1,2,3,Foul,0,0,Observed,Observed,Observed,1,1,1
P04734,TOR_20260920_1_PA015,4735,2,0,1,0,1,0,1,1,0,16,0,0,2,2,Swinging Strike,0,0,Observed,Observed,Observed,1,1,1
P04735,TOR_20260920_1_PA015,4736,3,0,2,0,1,0,1,1,0,18,0,1,2,3,In Play,1,0,Observed,Observed,Observed,1,1,1
P04736,TOR_20260920_1_PA016,4737,1,0,0,0,0,0,0,0,0,14,0,0,1,1,Ball,0,0,Observed,Observed,Observed,1,1,1
P04737,TOR_20260920_1_PA016,4738,2,1,0,0,0,0,0,0,0,13,0,0,1,1,Called Strike,0,0,Observed,Observed,Observed,1,1,1
P04738,TOR_20260920_1_PA016,4739,3,1,1,0,0,0,0,0,0,14,0,0,1,1,Foul,0,0,Observed,Observed,Observed,1,1,1
P04739,TOR_20260920_1_PA016,4740,4,1,2,0,0,0,0,0,0,15,0,0,1,1,Swinging Strike,1,0,Observed,Observed,Observed,1,1,1
P04740,TOR_20260920_1_PA017,4741,1,0,0,0,0,0,0,0,0,14,0,0,1,1,Ball,0,0,Observed,Observed,Observed,1,1,1
P04741,TOR_20260920_1_PA017,4742,2,1,0,0,0,0,0,0,0,18,0,0,1,1,In Play,1,0,Observed,Observed,Observed,1,1,1
P04742,TOR_20260920_1_PA018,4743,1,0,0,0,0,0,0,0,0,15,0,0,0,0,In Play,1,0,Observed,Observed,Observed,1,1,1
P04743,TOR_20260920_1_PA019,4744,1,0,0,0,0,0,0,0,0,13,0,0,0,0,Called Strike,0,0,Observed,Observed,Observed,1,1,1
P04744,TOR_20260920_1_PA019,4745,2,0,1,0,0,0,0,0,0,13,0,0,0,0,Called Strike,0,0,Observed,Observed,Observed,1,1,1
P04745,TOR_20260920_1_PA019,4746,3,0,2,0,0,0,0,0,0,14,0,0,0,0,Foul,0,0,Observed,Observed,Observed,1,1,1
P04746,TOR_20260920_1_PA019,4747,4,0,2,0,0,0,0,0,0,15,0,0,0,0,Ball,0,0,Observed,Observed,Observed,1,1,1
P04747,TOR_20260920_1_PA019,4748,5,1,2,0,0,0,0,0,0,15,0,0,0,0,Ball,0,0,Observed,Observed,Observed,1,1,1
P04748,TOR_20260920_1_PA019,4749,6,2,2,0,0,0,0,0,0,15,0,0,0,0,Ball,0,0,Observed,Observed,Observed,1,1,1
P04749,TOR_20260920_1_PA019,4750,7,3,2,0,0,0,0,0,0,14,0,0,0,0,Foul,0,0,Observed,Observed,Observed,1,1,1
P04750,TOR_20260920_1_PA019,4751,8,3,2,0,0,0,0,0,0,14,0,0,0,0,Foul,0,0,Observed,Observed,Observed,1,1,1
P04751,TOR_20260920_1_PA019,4752,9,3,2,0,0,0,0,0,0,14,0,0,0,0,Foul,0,0,Observed,Observed,Observed,1,1,1
P04752,TOR_20260920_1_PA019,4753,10,3,2,0,0,0,0,0,0,15,0,0,0,0,Ball,1,0,Observed,Observed,Observed,1,1,1
P04753,TOR_20260920_1_PA020,4754,1,0,0,1,0,0,0,1,0,15,0,0,1,1,Foul,0,0,Observed,Observed,Observed,1,1,1
P04754,TOR_20260920_1_PA020,4755,2,0,1,1,0,0,0,1,0,15,0,0,1,1,Ball,0,0,Observed,Observed,Observed,1,1,1
P04755,TOR_20260920_1_PA020,4756,3,1,1,1,0,0,0,1,0,13,0,0,0,0,Swinging Strike,0,0,Observed,Observed,Observed,1,1,1
P04756,TOR_20260920_1_PA020,4757,4,1,2,1,0,0,0,1,0,15,0,0,1,1,In Play,1,0,Observed,Observed,Observed,1,1,1
P04757,TOR_20260920_1_PA021,4758,1,0,0,1,1,0,1,2,0,16,0,1,2,3,Ball,0,0,Observed,Observed,Observed,1,1,1
P04758,TOR_20260920_1_PA021,4759,2,1,0,1,1,0,1,2,0,16,0,1,2,3,In Play,1,0,Observed,Observed,Observed,1,1,1
P04759,TOR_20260920_1_PA022,4760,1,0,0,1,0,1,1,2,0,14,0,1,0,1,Ball,0,0,Observed,Observed,Observed,1,1,1
P04760,TOR_20260920_1_PA022,4761,2,1,0,1,0,1,1,2,0,15,0,1,0,1,In Play,1,0,Observed,Observed,Observed,1,1,1
P04761,TOR_20260920_1_PA023,4762,1,0,0,1,0,1,1,2,0,5,0,0,0,0,Ball,0,0,Observed,Observed,Observed,1,1,1
P04762,TOR_20260920_1_PA023,4763,2,1,0,1,0,1,1,2,0,5,0,0,0,0,Swinging Strike,0,0,Observed,Observed,Observed,1,1,1
P04763,TOR_20260920_1_PA023,4764,3,1,1,1,0,1,1,2,0,5,0,0,0,0,Swinging Strike,0,0,Observed,Observed,Observed,1,1,1
P04764,TOR_20260920_1_PA023,4765,4,1,2,1,0,1,1,2,0,5,0,0,0,0,Ball,0,0,Observed,Observed,Observed,1,1,1
P04765,TOR_20260920_1_PA023,4766,5,2,2,1,0,1,1,2,0,5,0,0,0,0,Ball,0,0,Observed,Observed,Observed,1,1,1
P04766,TOR_20260920_1_PA023,4767,6,3,2,1,0,1,1,2,0,5,0,0,0,0,Ball,1,0,Observed,Observed,Observed,1,1,1
P04767,TOR_20260920_1_PA024,4768,1,0,0,1,1,1,1,3,0,14,0,0,1,1,In Play,1,0,Observed,Observed,Observed,1,1,1
P04768,TOR_20260920_1_PA025,4769,1,0,0,0,0,0,0,0,0,13,0,0,1,1,Called Strike,0,0,Observed,Observed,Observed,1,1,1
P04769,TOR_20260920_1_PA025,4770,2,0,1,0,0,0,0,0,0,14,0,0,1,1,In Play,1,0,Observed,Observed,Observed,1,1,1
P04770,TOR_20260920_1_PA026,4771,1,0,0,0,0,0,0,0,0,14,0,0,1,1,Ball,0,0,Observed,Observed,Observed,1,1,1
P04771,TOR_20260920_1_PA026,4772,2,1,0,0,0,0,0,0,0,14,0,0,1,1,Ball,0,0,Observed,Observed,Observed,1,1,1
P04772,TOR_20260920_1_PA026,4773,3,2,0,0,0,0,0,0,0,15,0,0,1,1,Foul,0,0,Observed,Observed,Observed,1,1,1
P04773,TOR_20260920_1_PA026,4774,4,2,1,0,0,0,0,0,0,15,0,0,1,1,Foul,0,0,Observed,Observed,Observed,1,1,1
P04774,TOR_20260920_1_PA026,4775,5,2,2,0,0,0,0,0,0,14,0,0,1,1,Ball,0,0,Observed,Observed,Observed,1,1,1
P04775,TOR_20260920_1_PA026,4776,6,3,2,0,0,0,0,0,0,15,0,0,1,1,Foul,0,0,Observed,Observed,Observed,1,1,1
P04776,TOR_20260920_1_PA026,4777,7,3,2,0,0,0,0,0,0,18,0,0,1,1,In Play,1,0,Observed,Observed,Observed,1,1,1
P04777,TOR_20260920_1_PA027,4778,1,0,0,1,0,0,0,1,0,15,0,0,0,0,In Play,1,0,Observed,Observed,Observed,1,1,1
P04778,TOR_20260920_1_PA028,4779,1,0,0,0,0,0,0,0,0,13,0,0,0,0,Called Strike,0,0,Observed,Observed,Observed,1,1,1
P04779,TOR_20260920_1_PA028,4780,2,0,1,0,0,0,0,0,0,14,0,0,0,0,Foul,0,0,Observed,Observed,Observed,1,1,1
P04780,TOR_20260920_1_PA028,4781,3,0,2,0,0,0,0,0,0,15,0,0,0,0,Ball,0,0,Observed,Observed,Observed,1,1,1
P04781,TOR_20260920_1_PA028,4782,4,1,2,0,0,0,0,0,0,15,0,0,0,0,Ball,0,0,Observed,Observed,Observed,1,1,1
P04782,TOR_20260920_1_PA028,4783,5,2,2,0,0,0,0,0,0,14,0,0,0,0,In Play,1,0,Observed,Observed,Observed,1,1,1
P04783,TOR_20260920_1_PA029,4784,1,0,0,0,1,0,1,1,0,15,0,0,1,1,Ball,0,0,Observed,Observed,Observed,1,1,1
P04784,TOR_20260920_1_PA029,4785,2,1,0,0,1,0,1,1,0,15,0,0,1,1,Ball,0,0,Observed,Observed,Observed,1,1,1
P04785,TOR_20260920_1_PA029,4786,3,2,0,0,1,0,1,1,0,14,0,0,1,1,Called Strike,0,0,Observed,Observed,Observed,1,1,1
P04786,TOR_20260920_1_PA029,4787,4,2,1,0,1,0,1,1,0,15,0,0,1,1,Ball,0,0,Observed,Observed,Observed,1,1,1
P04787,TOR_20260920_1_PA029,4788,5,3,1,0,1,0,1,1,0,15,0,0,1,1,Ball,1,0,Observed,Observed,Observed,1,1,1
P04788,TOR_20260920_1_PA030,4789,1,0,0,1,1,0,1,2,0,15,0,1,2,3,Foul,0,0,Observed,Observed,Observed,1,1,1
P04789,TOR_20260920_1_PA030,4790,2,0,1,1,1,0,1,2,0,15,0,1,2,3,Foul,0,0,Observed,Observed,Observed,1,1,1
P04790,TOR_20260920_1_PA030,4791,3,0,2,1,1,0,1,2,0,16,0,1,2,3,In Play,1,0,Observed,Observed,Observed,1,1,1
P04791,TOR_20260920_1_PA031,4792,1,0,0,1,1,0,1,2,0,15,0,1,0,1,Swinging Strike,0,0,Observed,Observed,Observed,1,1,1
P04792,TOR_20260920_1_PA031,4793,2,0,1,1,1,0,1,2,0,13,0,1,0,1,Called Strike,0,0,Observed,Observed,Observed,1,1,1
P04793,TOR_20260920_1_PA031,4794,3,0,2,1,1,0,1,2,0,14,0,1,0,1,Ball,0,0,Observed,Observed,Observed,1,1,1
P04794,TOR_20260920_1_PA031,4795,4,1,2,1,1,0,1,2,0,15,0,1,0,1,Swinging Strike,1,0,Observed,Observed,Observed,1,1,1
P04795,TOR_20260920_1_PA032,4796,1,0,0,1,1,0,1,2,0,4,0,0,0,0,In Play,1,0,Observed,Observed,Observed,1,1,1
P04796,TOR_20260920_1_PA033,4797,1,0,0,0,1,1,1,2,0,14,0,0,1,1,Ball,0,0,Observed,Observed,Observed,1,1,1
P04797,TOR_20260920_1_PA033,4798,2,1,0,0,1,1,1,2,1,15,0,0,1,1,Foul,0,0,Observed,Observed,Observed,1,1,1
P04798,TOR_20260920_1_PA033,4799,3,1,1,0,1,1,1,2,0,15,0,0,1,1,Foul,0,0,Observed,Observed,Observed,1,1,1
P04799,TOR_20260920_1_PA033,4800,4,1,2,0,1,1,1,2,0,14,0,0,1,1,In Play,1,0,Observed,Observed,Observed,1,1,1
P04800,TOR_20260920_1_PA034,4801,1,0,0,0,1,0,1,1,0,13,0,0,1,1,Called Strike,0,0,Observed,Observed,Observed,1,1,1
P04801,TOR_20260920_1_PA034,4802,2,0,1,0,1,0,1,1,0,14,0,0,1,1,In Play,1,0,Observed,Observed,Observed,1,1,1
P04802,TOR_20260920_1_PA035,4803,1,0,0,1,0,0,0,1,0,18,0,0,1,1,In Play,1,0,Observed,Observed,Observed,1,1,1
P04803,TOR_20260920_1_PA036,4804,1,0,0,0,0,0,0,0,1,14,0,1,0,1,Swinging Strike,0,0,Observed,Observed,Observed,1,1,1
P04804,TOR_20260920_1_PA036,4805,2,0,1,0,0,0,0,0,0,15,0,0,0,0,In Play,1,0,Observed,Observed,Observed,1,1,1
P04805,TOR_20260920_1_PA037,4806,1,0,0,0,1,0,1,1,0,15,0,0,0,0,Ball,0,0,Observed,Observed,Observed,1,1,1
P04806,TOR_20260920_1_PA037,4807,2,1,0,0,1,0,1,1,0,14,0,0,0,0,Swinging Strike,0,0,Observed,Observed,Observed,1,1,1
P04807,TOR_20260920_1_PA037,4808,3,1,1,0,1,0,1,1,0,13,0,0,0,0,Called Strike,0,0,Observed,Observed,Observed,1,1,1
P04808,TOR_20260920_1_PA037,4809,4,1,2,0,1,0,1,1,0,15,0,0,0,0,Ball,0,0,Observed,Observed,Observed,1,1,1
P04809,TOR_20260920_1_PA037,4810,5,2,2,0,1,0,1,1,0,14,0,0,0,0,Foul,0,0,Observed,Observed,Observed,1,1,1
P04810,TOR_20260920_1_PA037,4811,6,2,2,0,1,0,1,1,0,14,0,0,0,0,Swinging Strike,1,0,Observed,Observed,Observed,1,1,1
P04811,TOR_20260920_1_PA038,4812,1,0,0,0,1,0,1,1,0,15,0,0,1,1,Ball,0,0,Observed,Observed,Observed,1,1,1
P04812,TOR_20260920_1_PA038,4813,2,1,0,0,1,0,1,1,0,15,0,0,1,1,In Play,1,0,Observed,Observed,Observed,1,1,1
P04813,TOR_20260920_1_PA039,4814,1,0,0,0,1,0,1,1,0,16,0,1,2,3,Ball,0,0,Observed,Observed,Observed,1,1,1
P04814,TOR_20260920_1_PA039,4815,2,1,0,0,1,0,1,1,0,16,0,1,2,3,Ball,0,0,Observed,Observed,Observed,1,1,1
P04815,TOR_20260920_1_PA039,4816,3,2,0,0,1,0,1,1,0,15,0,1,2,3,Called Strike,0,0,Observed,Observed,Observed,1,1,1
P04816,TOR_20260920_1_PA039,4817,4,2,1,0,1,0,1,1,0,16,0,1,2,3,Ball,0,0,Observed,Observed,Observed,1,1,1
P04817,TOR_20260920_1_PA039,4818,5,3,1,0,1,0,1,1,0,16,0,1,2,3,Ball,1,0,Observed,Observed,Observed,1,1,1
P04818,TOR_20260920_1_PA040,4819,1,0,0,1,1,0,1,2,0,13,0,1,0,1,Called Strike,0,0,Observed,Observed,Observed,1,1,1
P04819,TOR_20260920_1_PA040,4820,2,0,1,1,1,0,1,2,0,14,0,1,0,1,Ball,0,0,Observed,Observed,Observed,1,1,1
P04820,TOR_20260920_1_PA040,4821,3,1,1,1,1,0,1,2,0,15,0,1,0,1,In Play,1,0,Observed,Observed,Observed,1,1,1
P04821,TOR_20260920_1_PA041,4822,1,0,0,0,0,0,0,0,0,14,0,0,1,1,Ball,0,0,Observed,Observed,Observed,1,1,1
P04822,TOR_20260920_1_PA041,4823,2,1,0,0,0,0,0,0,0,14,0,0,1,1,Called Strike,0,0,Observed,Observed,Observed,1,1,1
P04823,TOR_20260920_1_PA041,4824,3,1,1,0,0,0,0,0,0,14,0,0,1,1,Ball,0,0,Observed,Observed,Observed,1,1,1
P04824,TOR_20260920_1_PA041,4825,4,2,1,0,0,0,0,0,0,14,0,0,1,1,Called Strike,0,0,Observed,Observed,Observed,1,1,1
P04825,TOR_20260920_1_PA041,4826,5,2,2,0,0,0,0,0,0,13,0,0,1,1,Foul,0,0,Observed,Observed,Observed,1,1,1
P04826,TOR_20260920_1_PA041,4827,6,2,2,0,0,0,0,0,0,14,0,0,1,1,Swinging Strike,1,0,Observed,Observed,Observed,1,1,1
P04827,TOR_20260920_1_PA042,4828,1,0,0,0,0,0,0,0,0,14,0,0,1,1,Ball,0,0,Observed,Observed,Observed,1,1,1
P04828,TOR_20260920_1_PA042,4829,2,1,0,0,0,0,0,0,0,15,0,0,1,1,Foul,0,0,Observed,Observed,Observed,1,1,1
P04829,TOR_20260920_1_PA042,4830,3,1,1,0,0,0,0,0,0,14,0,0,1,1,Ball,0,0,Observed,Observed,Observed,1,1,1
P04830,TOR_20260920_1_PA042,4831,4,2,1,0,0,0,0,0,0,13,0,0,1,1,Called Strike,0,0,Observed,Observed,Observed,1,1,1
P04831,TOR_20260920_1_PA042,4832,5,2,2,0,0,0,0,0,0,14,0,0,1,1,In Play,1,0,Observed,Observed,Observed,1,1,1
P04832,TOR_20260920_1_PA043,4833,1,0,0,0,0,0,0,0,0,13,0,0,1,1,Called Strike,0,0,Observed,Observed,Observed,1,1,1
P04833,TOR_20260920_1_PA043,4834,2,0,1,0,0,0,0,0,0,14,0,0,1,1,In Play,1,0,Observed,Observed,Observed,1,1,1
P04834,TOR_20260921_1_PA001,4835,1,0,0,0,0,0,0,0,0,13,0,0,1,1,Called Strike,0,0,Observed,Observed,Observed,1,1,1
P04835,TOR_20260921_1_PA001,4836,2,0,1,0,0,0,0,0,0,13,0,0,0,0,Called Strike,0,0,Observed,Observed,Observed,1,1,1
P04836,TOR_20260921_1_PA001,4837,3,0,2,0,0,0,0,0,0,13,0,0,0,0,Ball,0,0,Observed,Observed,Observed,1,1,1
P04837,TOR_20260921_1_PA001,4838,4,1,2,0,0,0,0,0,0,15,0,0,0,0,Ball,0,0,Observed,Observed,Observed,1,1,1
P04838,TOR_20260921_1_PA001,4839,5,2,2,0,0,0,0,0,0,13,0,0,0,0,Foul,0,0,Observed,Observed,Observed,1,1,1
P04839,TOR_20260921_1_PA001,4840,6,2,2,0,0,0,0,0,0,13,0,0,0,0,Foul,0,0,Observed,Observed,Observed,1,1,1
P04840,TOR_20260921_1_PA001,4841,7,2,2,0,0,0,0,0,0,15,0,0,0,0,Ball,0,0,Observed,Observed,Observed,1,1,1
P04841,TOR_20260921_1_PA001,4842,8,3,2,0,0,0,0,0,0,15,0,0,0,0,Ball,1,0,Observed,Observed,Observed,1,1,1
P04842,TOR_20260921_1_PA002,4843,1,0,0,1,0,0,0,1,0,13,0,1,2,3,Called Strike,0,0,Observed,Observed,Observed,1,1,1
P04843,TOR_20260921_1_PA002,4844,2,0,1,1,0,0,0,1,0,12,0,1,2,3,Called Strike,0,0,Observed,Observed,Observed,1,1,1
P04844,TOR_20260921_1_PA002,4845,3,0,2,1,0,0,0,1,0,17,0,1,2,3,Ball,0,0,Observed,Observed,Observed,1,1,1
P04845,TOR_20260921_1_PA002,4846,4,1,2,1,0,0,0,1,0,15,0,1,2,3,Ball,0,0,Observed,Observed,Observed,1,1,1
P04846,TOR_20260921_1_PA002,4847,5,2,2,1,0,0,0,1,0,15,0,1,2,3,Ball,0,0,Observed,Observed,Observed,1,1,1
P04847,TOR_20260921_1_PA002,4848,6,3,2,1,0,0,0,1,0,15,0,1,2,3,Ball,1,0,Observed,Observed,Observed,1,1,1
P04848,TOR_20260921_1_PA003,4849,1,0,0,1,1,0,1,2,0,15,0,1,2,3,Called Strike,0,0,Observed,Observed,Observed,1,1,1
P04849,TOR_20260921_1_PA003,4850,2,0,1,1,1,0,1,2,0,15,0,1,2,3,In Play,1,0,Observed,Observed,Observed,1,1,1
P04850,TOR_20260921_1_PA004,4851,1,0,0,1,1,0,1,2,0,14,0,0,1,1,In Play,1,0,Observed,Observed,Observed,1,1,1
P04851,TOR_20260921_1_PA005,4852,1,0,0,1,0,1,1,2,0,4,0,0,0,0,In Play,1,0,Observed,Observed,Observed,1,1,1
P04852,TOR_20260921_1_PA006,4853,1,0,0,1,0,0,0,1,0,13,0,1,0,1,Called Strike,0,0,Observed,Observed,Observed,1,1,1
P04853,TOR_20260921_1_PA006,4854,2,0,1,1,0,0,0,1,0,13,0,1,0,1,Ball,0,0,Observed,Observed,Observed,1,1,1
P04854,TOR_20260921_1_PA006,4855,3,1,1,1,0,0,0,1,0,14,0,1,0,1,Ball,0,0,Observed,Observed,Observed,1,1,1
P04855,TOR_20260921_1_PA006,4856,4,2,1,1,0,0,0,1,0,15,0,1,0,1,Foul,0,0,Observed,Observed,Observed,1,1,1
P04856,TOR_20260921_1_PA006,4857,5,2,2,1,0,0,0,1,0,14,0,1,0,1,Ball,0,0,Observed,Observed,Observed,1,1,1
P04857,TOR_20260921_1_PA006,4858,6,3,2,1,0,0,0,1,0,15,0,1,0,1,In Play,1,0,Observed,Observed,Observed,1,1,1
P04858,TOR_20260921_1_PA007,4859,1,0,0,1,1,0,1,2,1,16,0,0,2,2,Swinging Strike,0,0,Observed,Observed,Observed,1,1,1
P04859,TOR_20260921_1_PA007,4860,2,0,1,1,1,0,1,2,0,16,0,1,2,3,Foul,0,0,Observed,Observed,Observed,1,1,1
P04860,TOR_20260921_1_PA007,4861,3,0,2,1,1,0,1,2,0,24,0,2,2,4,Ball,0,0,Observed,Observed,Observed,1,1,1
P04861,TOR_20260921_1_PA007,4862,4,1,2,1,1,0,1,2,0,19,0,1,2,3,In Play,1,0,Observed,Observed,Observed,1,1,1
P04862,TOR_20260921_1_PA008,4863,1,0,0,1,1,0,1,2,0,12,0,0,1,1,In Play,1,0,Observed,Observed,Observed,1,1,1
P04863,TOR_20260921_1_PA009,4864,1,0,0,0,0,0,0,0,0,12,0,0,1,1,Ball,0,0,Observed,Observed,Observed,1,1,1
P04864,TOR_20260921_1_PA009,4865,2,1,0,0,0,0,0,0,0,13,0,1,1,2,Ball,0,0,Observed,Observed,Observed,1,1,1
P04865,TOR_20260921_1_PA009,4866,3,2,0,0,0,0,0,0,0,15,0,0,0,0,In Play,1,0,Observed,Observed,Observed,1,1,1
P04866,TOR_20260921_1_PA010,4867,1,0,0,0,0,0,0,0,0,13,0,0,1,1,Called Strike,0,0,Observed,Observed,Observed,1,1,1
P04867,TOR_20260921_1_PA010,4868,2,0,1,0,0,0,0,0,0,12,0,0,0,0,Ball,0,0,Observed,Observed,Observed,1,1,1
P04868,TOR_20260921_1_PA010,4869,3,1,1,0,0,0,0,0,0,13,0,0,0,0,Foul,0,0,Observed,Observed,Observed,1,1,1
P04869,TOR_20260921_1_PA010,4870,4,1,2,0,0,0,0,0,0,13,0,0,0,0,Foul,0,0,Observed,Observed,Observed,1,1,1
P04870,TOR_20260921_1_PA010,4871,5,1,2,0,0,0,0,0,0,15,0,0,0,0,Ball,0,0,Observed,Observed,Observed,1,1,1
P04871,TOR_20260921_1_PA010,4872,6,2,2,0,0,0,0,0,0,13,0,0,0,0,Foul,0,0,Observed,Observed,Observed,1,1,1
P04872,TOR_20260921_1_PA010,4873,7,2,2,0,0,0,0,0,0,15,0,0,0,0,Ball,0,0,Observed,Observed,Observed,1,1,1
P04873,TOR_20260921_1_PA010,4874,8,3,2,0,0,0,0,0,0,13,0,0,0,0,Foul,0,0,Observed,Observed,Observed,1,1,1
P04874,TOR_20260921_1_PA010,4875,9,3,2,0,0,0,0,0,0,14,0,0,0,0,In Play,1,0,Observed,Observed,Observed,1,1,1
P04875,TOR_20260921_1_PA011,4876,1,0,0,0,0,0,0,0,0,13,0,1,2,3,In Play,1,0,Observed,Observed,Observed,1,1,1
P04876,TOR_20260921_1_PA012,4877,1,0,0,0,0,0,0,0,0,14,0,1,2,3,Ball,0,0,Observed,Observed,Observed,1,1,1
P04877,TOR_20260921_1_PA012,4878,2,1,0,0,0,0,0,0,0,14,0,1,1,2,Called Strike,0,0,Observed,Observed,Observed,1,1,1
P04878,TOR_20260921_1_PA012,4879,3,1,1,0,0,0,0,0,0,16,0,1,1,2,Ball,0,0,Observed,Observed,Observed,1,1,1
P04879,TOR_20260921_1_PA012,4880,4,2,1,0,0,0,0,0,0,16,0,1,2,3,Ball,0,0,Observed,Observed,Observed,1,1,1
P04880,TOR_20260921_1_PA012,4881,5,3,1,0,0,0,0,0,0,16,0,1,2,3,Ball,1,0,Observed,Observed,Observed,1,1,1
P04881,TOR_20260921_1_PA013,4882,1,0,0,1,0,0,0,1,0,12,0,0,1,1,Foul,0,0,Observed,Observed,Observed,1,1,1
P04882,TOR_20260921_1_PA013,4883,2,0,1,1,0,0,0,1,0,14,0,0,1,1,In Play,1,0,Observed,Observed,Observed,1,1,1
P04883,TOR_20260921_1_PA014,4884,1,0,0,1,1,0,1,2,0,4,0,0,0,0,Foul,0,0,Observed,Observed,Observed,1,1,1
P04884,TOR_20260921_1_PA014,4885,2,0,1,1,1,0,1,2,0,5,0,0,0,0,Ball,0,0,Observed,Observed,Observed,1,1,1
P04885,TOR_20260921_1_PA014,4886,3,1,1,1,1,0,1,2,0,4,0,0,0,0,In Play,1,0,Observed,Observed,Observed,1,1,1
P04886,TOR_20260921_1_PA015,4887,1,0,0,1,0,1,1,2,0,14,0,1,0,1,In Play,1,0,Observed,Observed,Observed,1,1,1
P04887,TOR_20260921_1_PA016,4888,1,0,0,0,0,0,0,0,0,19,0,1,2,3,Foul,0,0,Observed,Observed,Observed,1,1,1
P04888,TOR_20260921_1_PA016,4889,2,0,1,0,0,0,0,0,0,15,0,0,2,2,Ball,0,0,Observed,Observed,Observed,1,1,1
P04889,TOR_20260921_1_PA016,4890,3,1,1,0,0,0,0,0,0,24,0,2,2,4,Ball,0,0,Observed,Observed,Observed,1,1,1
P04890,TOR_20260921_1_PA016,4891,4,2,1,0,0,0,0,0,0,18,0,1,2,3,Called Strike,0,0,Observed,Observed,Observed,1,1,1
P04891,TOR_20260921_1_PA016,4892,5,2,2,0,0,0,0,0,0,19,0,1,2,3,In Play,1,0,Observed,Observed,Observed,1,1,1
P04892,TOR_20260921_1_PA017,4893,1,0,0,0,0,0,0,0,0,13,0,0,1,1,Ball,0,0,Observed,Observed,Observed,1,1,1
P04893,TOR_20260921_1_PA017,4894,2,1,0,0,0,0,0,0,0,13,0,0,0,0,Called Strike,0,0,Observed,Observed,Observed,1,1,1
P04894,TOR_20260921_1_PA017,4895,3,1,1,0,0,0,0,0,0,14,0,0,1,1,In Play,1,0,Observed,Observed,Observed,1,1,1
P04895,TOR_20260921_1_PA018,4896,1,0,0,0,0,0,0,0,0,12,0,0,1,1,Ball,0,0,Observed,Observed,Observed,1,1,1
P04896,TOR_20260921_1_PA018,4897,2,1,0,0,0,0,0,0,0,13,0,1,1,2,Foul,0,0,Observed,Observed,Observed,1,1,1
P04897,TOR_20260921_1_PA018,4898,3,1,1,0,0,0,0,0,0,14,0,1,1,2,Foul,0,0,Observed,Observed,Observed,1,1,1
P04898,TOR_20260921_1_PA018,4899,4,1,2,0,0,0,0,0,0,15,0,0,0,0,In Play,1,0,Observed,Observed,Observed,1,1,1
P04899,TOR_20260921_1_PA019,4900,1,0,0,0,0,0,0,0,0,12,0,0,1,1,Foul,0,0,Observed,Observed,Observed,1,1,1
P04900,TOR_20260921_1_PA019,4901,2,0,1,0,0,0,0,0,0,14,0,0,1,1,Called Strike,0,0,Observed,Observed,Observed,1,1,1
P04901,TOR_20260921_1_PA019,4902,3,0,2,0,0,0,0,0,0,15,0,0,1,1,In Play,1,0,Observed,Observed,Observed,1,1,1
P04902,TOR_20260921_1_PA020,4903,1,0,0,0,0,0,0,0,0,13,0,1,2,3,Ball,0,0,Observed,Observed,Observed,1,1,1
P04903,TOR_20260921_1_PA020,4904,2,1,0,0,0,0,0,0,0,12,0,1,2,3,Called Strike,0,0,Observed,Observed,Observed,1,1,1
P04904,TOR_20260921_1_PA020,4905,3,1,1,0,0,0,0,0,0,17,0,1,2,3,Ball,0,0,Observed,Observed,Observed,1,1,1
P04905,TOR_20260921_1_PA020,4906,4,2,1,0,0,0,0,0,0,14,0,1,2,3,Foul,0,0,Observed,Observed,Observed,1,1,1
P04906,TOR_20260921_1_PA020,4907,5,2,2,0,0,0,0,0,0,17,0,1,2,3,In Play,1,0,Observed,Observed,Observed,1,1,1
P04907,TOR_20260921_1_PA021,4908,1,0,0,0,0,0,0,0,0,12,0,1,2,3,In Play,1,0,Observed,Observed,Observed,1,1,1
P04908,TOR_20260921_1_PA022,4909,1,0,0,0,0,0,0,0,0,13,0,0,1,1,Ball,0,0,Observed,Observed,Observed,1,1,1
P04909,TOR_20260921_1_PA022,4910,2,1,0,0,0,0,0,0,0,13,0,0,1,1,Ball,0,0,Observed,Observed,Observed,1,1,1
P04910,TOR_20260921_1_PA022,4911,3,2,0,0,0,0,0,0,0,16,0,0,1,1,In Play,1,0,Observed,Observed,Observed,1,1,1
P04911,TOR_20260921_1_PA023,4912,1,0,0,0,0,0,0,0,0,5,0,0,0,0,Swinging Strike,0,0,Observed,Observed,Observed,1,1,1
P04912,TOR_20260921_1_PA023,4913,2,0,1,0,0,0,0,0,0,4,0,0,0,0,Called Strike,0,0,Observed,Observed,Observed,1,1,1
P04913,TOR_20260921_1_PA023,4914,3,0,2,0,0,0,0,0,0,5,0,0,0,0,Ball,0,0,Observed,Observed,Observed,1,1,1
P04914,TOR_20260921_1_PA023,4915,4,1,2,0,0,0,0,0,0,5,0,0,0,0,Swinging Strike,1,0,Observed,Observed,Observed,1,1,1
P04915,TOR_20260921_1_PA024,4916,1,0,0,0,0,0,0,0,0,13,0,1,0,1,Ball,0,0,Observed,Observed,Observed,1,1,1
P04916,TOR_20260921_1_PA024,4917,2,1,0,0,0,0,0,0,0,14,0,1,0,1,Swinging Strike,0,0,Observed,Observed,Observed,1,1,1
P04917,TOR_20260921_1_PA024,4918,3,1,1,0,0,0,0,0,0,14,0,1,0,1,In Play,1,0,Observed,Observed,Observed,1,1,1
P04918,TOR_20260921_1_PA025,4919,1,0,0,0,0,0,0,0,0,19,0,1,2,3,Foul,0,0,Observed,Observed,Observed,1,1,1
P04919,TOR_20260921_1_PA025,4920,2,0,1,0,0,0,0,0,0,15,0,0,2,2,Ball,0,0,Observed,Observed,Observed,1,1,1
P04920,TOR_20260921_1_PA025,4921,3,1,1,0,0,0,0,0,0,24,0,2,2,4,Ball,0,0,Observed,Observed,Observed,1,1,1
P04921,TOR_20260921_1_PA025,4922,4,2,1,0,0,0,0,0,0,18,0,1,2,3,Called Strike,0,0,Observed,Observed,Observed,1,1,1
P04922,TOR_20260921_1_PA025,4923,5,2,2,0,0,0,0,0,0,19,0,1,2,3,Foul,0,0,Observed,Observed,Observed,1,1,1
P04923,TOR_20260921_1_PA025,4924,6,2,2,0,0,0,0,0,0,18,0,1,2,3,Called Strike,1,0,Observed,Observed,Observed,1,1,1
P04924,TOR_20260921_1_PA026,4925,1,0,0,0,0,0,0,0,0,12,0,0,1,1,In Play,1,0,Observed,Observed,Observed,1,1,1
P04925,TOR_20260921_1_PA027,4926,1,0,0,1,0,0,0,1,0,13,0,1,1,2,Called Strike,0,0,Observed,Observed,Observed,1,1,1
P04926,TOR_20260921_1_PA027,4927,2,0,1,1,0,0,0,1,0,13,0,1,1,2,In Play,1,0,Observed,Observed,Observed,1,1,1
P04927,TOR_20260921_1_PA028,4928,1,0,0,0,1,0,1,1,0,12,0,0,0,0,In Play,1,0,Observed,Observed,Observed,1,1,1
P04928,TOR_20260921_1_PA029,4929,1,0,0,0,0,0,0,0,0,13,0,1,2,3,Called Strike,0,0,Observed,Observed,Observed,1,1,1
P04929,TOR_20260921_1_PA029,4930,2,0,1,0,0,0,0,0,0,12,0,1,2,3,Foul,0,0,Observed,Observed,Observed,1,1,1
P04930,TOR_20260921_1_PA029,4931,3,0,2,0,0,0,0,0,0,14,0,1,2,3,Foul,0,0,Observed,Observed,Observed,1,1,1
P04931,TOR_20260921_1_PA029,4932,4,0,2,0,0,0,0,0,0,15,0,1,2,3,Ball,0,0,Observed,Observed,Observed,1,1,1
P04932,TOR_20260921_1_PA029,4933,5,1,2,0,0,0,0,0,0,14,0,1,2,3,Foul,0,0,Observed,Observed,Observed,1,1,1
P04933,TOR_20260921_1_PA029,4934,6,1,2,0,0,0,0,0,0,15,0,1,2,3,Ball,0,0,Observed,Observed,Observed,1,1,1
P04934,TOR_20260921_1_PA029,4935,7,2,2,0,0,0,0,0,0,15,0,1,2,3,Ball,0,0,Observed,Observed,Observed,1,1,1
P04935,TOR_20260921_1_PA029,4936,8,3,2,0,0,0,0,0,0,14,0,1,2,3,Foul,0,0,Observed,Observed,Observed,1,1,1
P04936,TOR_20260921_1_PA029,4937,9,3,2,0,0,0,0,0,0,17,0,1,2,3,In Play,1,0,Observed,Observed,Observed,1,1,1
P04937,TOR_20260921_1_PA030,4938,1,0,0,1,0,0,0,1,0,15,0,1,2,3,Called Strike,0,0,Observed,Observed,Observed,1,1,1
P04938,TOR_20260921_1_PA030,4939,2,0,1,1,0,0,0,1,0,15,0,1,2,3,In Play,1,0,Observed,Observed,Observed,1,1,1
P04939,TOR_20260921_1_PA031,4940,1,0,0,0,1,0,1,1,0,13,0,0,1,1,Called Strike,0,0,Observed,Observed,Observed,1,1,1
P04940,TOR_20260921_1_PA031,4941,2,0,1,0,1,0,1,1,0,13,0,0,1,1,Ball,0,0,Observed,Observed,Observed,1,1,1
P04941,TOR_20260921_1_PA031,4942,3,1,1,0,1,0,1,1,0,16,0,0,1,1,Called Strike,0,0,Observed,Observed,Observed,1,1,1
P04942,TOR_20260921_1_PA031,4943,4,1,2,0,1,0,1,1,0,15,0,0,1,1,Ball,0,0,Observed,Observed,Observed,1,1,1
P04943,TOR_20260921_1_PA031,4944,5,2,2,0,1,0,1,1,0,14,0,0,1,1,Foul,0,0,Observed,Observed,Observed,1,1,1
P04944,TOR_20260921_1_PA031,4945,6,2,2,0,1,0,1,1,0,14,0,0,1,1,Called Strike,1,0,Observed,Observed,Observed,1,1,1
P04945,TOR_20260921_1_PA032,4946,1,0,0,0,0,0,0,0,0,5,0,0,0,0,Ball,0,0,Observed,Observed,Observed,1,1,1
P04946,TOR_20260921_1_PA032,4947,2,1,0,0,0,0,0,0,0,4,0,0,0,0,Called Strike,0,0,Observed,Observed,Observed,1,1,1
P04947,TOR_20260921_1_PA032,4948,3,1,1,0,0,0,0,0,0,5,0,0,0,0,Ball,0,0,Observed,Observed,Observed,1,1,1
P04948,TOR_20260921_1_PA032,4949,4,2,1,0,0,0,0,0,0,5,0,0,0,0,Swinging Strike,0,0,Observed,Observed,Observed,1,1,1
P04949,TOR_20260921_1_PA032,4950,5,2,2,0,0,0,0,0,0,4,0,0,0,0,Foul,0,0,Observed,Observed,Observed,1,1,1
P04950,TOR_20260921_1_PA032,4951,6,2,2,0,0,0,0,0,0,5,0,0,0,0,Swinging Strike,1,0,Observed,Observed,Observed,1,1,1
P04951,TOR_20260921_1_PA033,4952,1,0,0,0,0,0,0,0,0,13,0,1,0,1,Called Strike,0,0,Observed,Observed,Observed,1,1,1
P04952,TOR_20260921_1_PA033,4953,2,0,1,0,0,0,0,0,0,13,0,1,0,1,Called Strike,0,0,Observed,Observed,Observed,1,1,1
P04953,TOR_20260921_1_PA033,4954,3,0,2,0,0,0,0,0,0,14,0,1,0,1,Foul,0,0,Observed,Observed,Observed,1,1,1
P04954,TOR_20260921_1_PA033,4955,4,0,2,0,0,0,0,0,0,15,0,1,0,1,Swinging Strike,1,0,Observed,Observed,Observed,1,1,1
P04955,TOR_20260921_1_PA034,4956,1,0,0,0,0,0,0,0,0,12,0,0,2,2,Ball,0,0,Observed,Observed,Observed,1,1,1
P04956,TOR_20260921_1_PA034,4957,2,1,0,0,0,0,0,0,0,15,0,0,2,2,Ball,0,0,Observed,Observed,Observed,1,1,1
P04957,TOR_20260921_1_PA034,4958,3,2,0,0,0,0,0,0,0,24,0,2,2,4,Ball,0,0,Observed,Observed,Observed,1,1,1
P04958,TOR_20260921_1_PA034,4959,4,3,0,0,0,0,0,0,0,18,0,1,2,3,Called Strike,0,0,Observed,Observed,Observed,1,1,1
P04959,TOR_20260921_1_PA034,4960,5,3,1,0,0,0,0,0,0,18,0,1,2,3,Called Strike,0,0,Observed,Observed,Observed,1,1,1
P04960,TOR_20260921_1_PA034,4961,6,3,2,0,0,0,0,0,0,19,0,1,2,3,Foul,0,0,Observed,Observed,Observed,1,1,1
P04961,TOR_20260921_1_PA034,4962,7,3,2,0,0,0,0,0,0,19,0,1,2,3,In Play,1,0,Observed,Observed,Observed,1,1,1
P04962,TOR_20260923_1_PA001,4963,1,0,0,0,0,0,0,0,0,14,0,1,2,3,Ball,0,0,Observed,Observed,Observed,1,1,1
P04963,TOR_20260923_1_PA001,4964,2,1,0,0,0,0,0,0,0,14,0,1,2,3,Foul,0,0,Observed,Observed,Observed,1,1,1
P04964,TOR_20260923_1_PA001,4965,3,1,1,0,0,0,0,0,0,16,0,1,1,2,Ball,0,0,Observed,Observed,Observed,1,1,1
P04965,TOR_20260923_1_PA001,4966,4,2,1,0,0,0,0,0,0,14,1,1,2,4,Foul,0,0,Observed,Observed,Observed,1,1,1
P04966,TOR_20260923_1_PA001,4967,5,2,2,0,0,0,0,0,0,16,0,1,2,3,In Play,1,0,Observed,Observed,Observed,1,1,1
P04967,TOR_20260923_1_PA002,4968,1,0,0,0,0,0,0,0,0,14,0,0,1,1,Called Strike,0,0,Observed,Observed,Observed,1,1,1
P04968,TOR_20260923_1_PA002,4969,2,0,1,0,0,0,0,0,0,14,0,0,0,0,Foul,0,0,Observed,Observed,Observed,1,1,1
P04969,TOR_20260923_1_PA002,4970,3,0,2,0,0,0,0,0,0,15,0,1,2,3,Foul,0,0,Observed,Observed,Observed,1,1,1
P04970,TOR_20260923_1_PA002,4971,4,0,2,0,0,0,0,0,0,16,0,0,0,0,Ball,0,0,Observed,Observed,Observed,1,1,1
P04971,TOR_20260923_1_PA002,4972,5,1,2,0,0,0,0,0,0,16,0,0,0,0,Ball,0,0,Observed,Observed,Observed,1,1,1
P04972,TOR_20260923_1_PA002,4973,6,2,2,0,0,0,0,0,0,19,0,0,1,1,In Play,1,0,Observed,Observed,Observed,1,1,1
P04973,TOR_20260923_1_PA003,4974,1,0,0,0,1,0,1,1,0,13,0,1,0,1,Called Strike,0,0,Observed,Observed,Observed,1,1,1
P04974,TOR_20260923_1_PA003,4975,2,0,1,0,1,0,1,1,0,13,0,1,0,1,Ball,0,0,Observed,Observed,Observed,1,1,1
P04975,TOR_20260923_1_PA003,4976,3,1,1,0,1,0,1,1,0,14,0,1,0,1,Swinging Strike,0,0,Observed,Observed,Observed,1,1,1
P04976,TOR_20260923_1_PA003,4977,4,1,2,0,1,0,1,1,0,14,0,1,0,1,Ball,0,0,Observed,Observed,Observed,1,1,1
P04977,TOR_20260923_1_PA003,4978,5,2,2,0,1,0,1,1,0,15,0,1,0,1,In Play,1,0,Observed,Observed,Observed,1,1,1
P04978,TOR_20260923_1_PA004,4979,1,0,0,0,1,0,1,1,0,13,0,0,1,1,Ball,0,0,Observed,Observed,Observed,1,1,1
P04979,TOR_20260923_1_PA004,4980,2,1,0,0,1,0,1,1,0,13,0,0,1,1,Swinging Strike,0,0,Observed,Observed,Observed,1,1,1
P04980,TOR_20260923_1_PA004,4981,3,1,1,0,1,0,1,1,1,14,0,0,1,1,Swinging Strike,0,0,Observed,Observed,Observed,1,1,1
P04981,TOR_20260923_1_PA004,4982,4,1,2,0,1,0,1,1,0,14,0,0,1,1,Foul,0,0,Observed,Observed,Observed,1,1,1
P04982,TOR_20260923_1_PA004,4983,5,1,2,0,1,0,1,1,0,14,0,0,1,1,Foul,0,0,Observed,Observed,Observed,1,1,1
P04983,TOR_20260923_1_PA004,4984,6,1,2,0,1,0,1,1,0,15,0,0,1,1,Ball,0,0,Observed,Observed,Observed,1,1,1
P04984,TOR_20260923_1_PA004,4985,7,2,2,0,1,0,1,1,0,14,0,0,1,1,In Play,1,0,Observed,Observed,Observed,1,1,1
P04985,TOR_20260923_1_PA005,4986,1,0,0,0,0,0,0,0,0,16,0,0,2,2,Called Strike,0,0,Observed,Observed,Observed,1,1,1
P04986,TOR_20260923_1_PA005,4987,2,0,1,0,0,0,0,0,0,16,0,1,2,3,Foul,0,0,Observed,Observed,Observed,1,1,1
P04987,TOR_20260923_1_PA005,4988,3,0,2,0,0,0,0,0,0,24,0,2,2,4,Ball,0,0,Observed,Observed,Observed,1,1,1
P04988,TOR_20260923_1_PA005,4989,4,1,2,0,0,0,0,0,0,19,0,1,2,3,Foul,0,0,Observed,Observed,Observed,1,1,1
P04989,TOR_20260923_1_PA005,4990,5,1,2,0,0,0,0,0,0,18,0,1,2,3,Ball,0,0,Observed,Observed,Observed,1,1,1
P04990,TOR_20260923_1_PA005,4991,6,2,2,0,0,0,0,0,0,19,0,1,2,3,Foul,0,0,Observed,Observed,Observed,1,1,1
P04991,TOR_20260923_1_PA005,4992,7,2,2,0,0,0,0,0,1,17,0,1,2,3,Swinging Strike,1,0,Observed,Observed,Observed,1,1,1
P04992,TOR_20260923_1_PA006,4993,1,0,0,0,0,0,0,0,0,12,0,0,1,1,In Play,1,0,Observed,Observed,Observed,1,1,1
P04993,TOR_20260923_1_PA007,4994,1,0,0,0,1,0,1,1,0,16,0,0,1,1,In Play,1,0,Observed,Observed,Observed,1,1,1
P04994,TOR_20260923_1_PA008,4995,1,0,0,0,0,1,1,1,0,13,0,0,1,1,Called Strike,0,0,Observed,Observed,Observed,1,1,1
P04995,TOR_20260923_1_PA008,4996,2,0,1,0,0,1,1,1,0,14,0,0,1,1,Called Strike,0,0,Observed,Observed,Observed,1,1,1
P04996,TOR_20260923_1_PA008,4997,3,0,2,0,0,1,1,1,0,15,0,0,0,0,Ball,0,0,Observed,Observed,Observed,1,1,1
P04997,TOR_20260923_1_PA008,4998,4,1,2,0,0,1,1,1,0,15,0,0,1,1,Foul,0,0,Observed,Observed,Observed,1,1,1
P04998,TOR_20260923_1_PA008,4999,5,1,2,0,0,1,1,1,0,15,0,0,1,1,Foul,0,0,Observed,Observed,Observed,1,1,1
P04999,TOR_20260923_1_PA008,5000,6,1,2,0,0,1,1,1,0,16,0,0,1,1,Ball,0,0,Observed,Observed,Observed,1,1,1
P05000,TOR_20260923_1_PA008,5001,7,2,2,0,0,1,1,1,0,15,0,0,1,1,Foul,0,0,Observed,Observed,Observed,1,1,1
P05001,TOR_20260923_1_PA008,5002,8,2,2,0,0,1,1,1,0,15,0,0,1,1,In Play,1,0,Observed,Observed,Observed,1,1,1
P05002,TOR_20260923_1_PA009,5003,1,0,0,0,0,0,0,0,0,13,0,1,1,2,Called Strike,0,0,Observed,Observed,Observed,1,1,1
P05003,TOR_20260923_1_PA009,5004,2,0,1,0,0,0,0,0,0,13,0,1,1,2,Ball,0,0,Observed,Observed,Observed,1,1,1
P05004,TOR_20260923_1_PA009,5005,3,1,1,0,0,0,0,0,0,15,0,0,0,0,In Play,1,0,Observed,Observed,Observed,1,1,1
P05005,TOR_20260923_1_PA010,5006,1,0,0,0,1,0,1,1,0,12,0,1,2,3,In Play,1,0,Observed,Observed,Observed,1,1,1
P05006,TOR_20260923_1_PA011,5007,1,0,0,1,0,0,0,1,0,15,0,0,1,1,Foul,0,0,Observed,Observed,Observed,1,1,1
P05007,TOR_20260923_1_PA011,5008,2,0,1,1,0,0,0,1,0,15,0,0,1,1,Called Strike,0,0,Observed,Observed,Observed,1,1,1
P05008,TOR_20260923_1_PA011,5009,3,0,2,1,0,0,0,1,0,15,0,1,2,3,Foul,0,0,Observed,Observed,Observed,1,1,1
P05009,TOR_20260923_1_PA011,5010,4,0,2,1,0,0,0,1,0,19,0,0,1,1,In Play,1,0,Observed,Observed,Observed,1,1,1
P05010,TOR_20260923_1_PA012,5011,1,0,0,1,0,0,0,1,0,16,0,1,0,1,Foul,0,0,Observed,Observed,Observed,1,1,1
P05011,TOR_20260923_1_PA012,5012,2,0,1,1,0,0,0,1,0,14,0,1,0,1,In Play,1,0,Observed,Observed,Observed,1,1,1
P05012,TOR_20260923_1_PA013,5013,1,0,0,0,0,0,0,0,0,13,0,0,1,1,Ball,0,0,Observed,Observed,Observed,1,1,1
P05013,TOR_20260923_1_PA013,5014,2,1,0,0,0,0,0,0,0,13,0,0,1,1,Ball,0,0,Observed,Observed,Observed,1,1,1
P05014,TOR_20260923_1_PA013,5015,3,2,0,0,0,0,0,0,0,16,0,0,1,1,Called Strike,0,0,Observed,Observed,Observed,1,1,1
P05015,TOR_20260923_1_PA013,5016,4,2,1,0,0,0,0,0,0,14,0,0,1,1,Foul,0,0,Observed,Observed,Observed,1,1,1
P05016,TOR_20260923_1_PA013,5017,5,2,2,0,0,0,0,0,0,14,0,0,1,1,Foul,0,0,Observed,Observed,Observed,1,1,1
P05017,TOR_20260923_1_PA013,5018,6,2,2,0,0,0,0,0,0,14,0,0,1,1,Foul,0,0,Observed,Observed,Observed,1,1,1
P05018,TOR_20260923_1_PA013,5019,7,2,2,0,0,0,0,0,0,15,0,0,1,1,Ball,0,0,Observed,Observed,Observed,1,1,1
P05019,TOR_20260923_1_PA013,5020,8,3,2,0,0,0,0,0,0,15,0,0,1,1,Swinging Strike,1,0,Observed,Observed,Observed,1,1,1
P05020,TOR_20260923_1_PA014,5021,1,0,0,0,0,0,0,0,0,16,0,0,2,2,Called Strike,0,0,Observed,Observed,Observed,1,1,1
P05021,TOR_20260923_1_PA014,5022,2,0,1,0,0,0,0,0,0,15,0,0,2,2,Ball,0,0,Observed,Observed,Observed,1,1,1
P05022,TOR_20260923_1_PA014,5023,3,1,1,0,0,0,0,0,0,27,0,1,2,3,Foul,0,0,Observed,Observed,Observed,1,1,1
P05023,TOR_20260923_1_PA014,5024,4,1,2,0,0,0,0,0,0,18,0,1,2,3,Ball,0,0,Observed,Observed,Observed,1,1,1
P05024,TOR_20260923_1_PA014,5025,5,2,2,0,0,0,0,0,0,19,0,1,2,3,In Play,1,0,Observed,Observed,Observed,1,1,1
P05025,TOR_20260923_1_PA015,5026,1,0,0,0,0,0,0,0,0,13,0,0,1,1,Ball,0,0,Observed,Observed,Observed,1,1,1
P05026,TOR_20260923_1_PA015,5027,2,1,0,0,0,0,0,0,0,13,0,0,1,1,Foul,0,0,Observed,Observed,Observed,1,1,1
P05027,TOR_20260923_1_PA015,5028,3,1,1,0,0,0,0,0,0,16,0,0,1,1,Ball,0,0,Observed,Observed,Observed,1,1,1
P05028,TOR_20260923_1_PA015,5029,4,2,1,0,0,0,0,0,0,14,0,0,1,1,In Play,1,0,Observed,Observed,Observed,1,1,1
P05029,TOR_20260923_1_PA016,5030,1,0,0,0,0,0,0,0,0,13,0,0,1,1,Called Strike,0,0,Observed,Observed,Observed,1,1,1
P05030,TOR_20260923_1_PA016,5031,2,0,1,0,0,0,0,0,0,14,0,0,1,1,Ball,0,0,Observed,Observed,Observed,1,1,1
P05031,TOR_20260923_1_PA016,5032,3,1,1,0,0,0,0,0,0,15,0,0,0,0,Ball,0,0,Observed,Observed,Observed,1,1,1
P05032,TOR_20260923_1_PA016,5033,4,2,1,0,0,0,0,0,0,15,0,0,1,1,In Play,1,0,Observed,Observed,Observed,1,1,1
P05033,TOR_20260923_1_PA017,5034,1,0,0,0,0,0,0,0,0,12,0,1,1,2,Foul,0,0,Observed,Observed,Observed,1,1,1
P05034,TOR_20260923_1_PA017,5035,2,0,1,0,0,0,0,0,0,13,0,1,1,2,Ball,0,0,Observed,Observed,Observed,1,1,1
P05035,TOR_20260923_1_PA017,5036,3,1,1,0,0,0,0,0,0,15,0,0,0,0,In Play,1,0,Observed,Observed,Observed,1,1,1
P05036,TOR_20260923_1_PA018,5037,1,0,0,1,0,0,0,1,0,15,0,1,2,3,Foul,0,0,Observed,Observed,Observed,1,1,1
P05037,TOR_20260923_1_PA018,5038,2,0,1,1,0,0,0,1,0,15,0,1,2,3,In Play,1,0,Observed,Observed,Observed,1,1,1
P05038,TOR_20260923_1_PA019,5039,1,0,0,1,1,0,1,2,0,14,0,0,1,1,Ball,0,0,Observed,Observed,Observed,1,1,1
P05039,TOR_20260923_1_PA019,5040,2,1,0,1,1,0,1,2,0,13,0,0,1,1,Ball,0,0,Observed,Observed,Observed,1,1,1
P05040,TOR_20260923_1_PA019,5041,3,2,0,1,1,0,1,2,0,12,0,0,1,1,Called Strike,0,0,Observed,Observed,Observed,1,1,1
P05041,TOR_20260923_1_PA019,5042,4,2,1,1,1,0,1,2,0,19,0,0,1,1,In Play,1,0,Observed,Observed,Observed,1,1,1
P05042,TOR_20260923_1_PA020,5043,1,0,0,0,0,0,0,0,0,13,0,1,0,1,Ball,0,0,Observed,Observed,Observed,1,1,1
P05043,TOR_20260923_1_PA020,5044,2,1,0,0,0,0,0,0,0,13,0,1,0,1,Called Strike,0,0,Observed,Observed,Observed,1,1,1
P05044,TOR_20260923_1_PA020,5045,3,1,1,0,0,0,0,0,0,14,0,1,0,1,Ball,0,0,Observed,Observed,Observed,1,1,1
P05045,TOR_20260923_1_PA020,5046,4,2,1,0,0,0,0,0,0,15,0,1,0,1,Foul,0,0,Observed,Observed,Observed,1,1,1
P05046,TOR_20260923_1_PA020,5047,5,2,2,0,0,0,0,0,0,14,0,1,0,1,Ball,0,0,Observed,Observed,Observed,1,1,1
P05047,TOR_20260923_1_PA020,5048,6,3,2,0,0,0,0,0,0,14,0,1,0,1,Ball,1,0,Observed,Observed,Observed,1,1,1
P05048,TOR_20260923_1_PA021,5049,1,0,0,1,0,0,0,1,0,13,0,0,1,1,Called Strike,0,0,Observed,Observed,Observed,1,1,1
P05049,TOR_20260923_1_PA021,5050,2,0,1,1,0,0,0,1,0,14,0,0,1,1,In Play,1,0,Observed,Observed,Observed,1,1,1
P05050,TOR_20260923_1_PA022,5051,1,0,0,1,1,0,1,2,0,10,1,0,1,2,In Play,1,0,Observed,Observed,Observed,1,1,1
P05051,TOR_20260923_1_PA023,5052,1,0,0,0,1,1,1,2,0,10,0,0,1,1,Foul,0,0,Observed,Observed,Observed,1,1,1
P05052,TOR_20260923_1_PA023,5053,2,0,1,0,1,1,1,2,0,13,0,1,1,2,Ball,0,0,Observed,Observed,Observed,1,1,1
P05053,TOR_20260923_1_PA023,5054,3,1,1,0,1,1,1,2,0,15,1,0,1,2,Swinging Strike,0,0,Observed,Observed,Observed,1,1,1
P05054,TOR_20260923_1_PA023,5055,4,1,2,0,1,1,1,2,0,15,0,1,0,1,Foul,0,0,Observed,Observed,Observed,1,1,1
P05055,TOR_20260923_1_PA023,5056,5,1,2,0,1,1,1,2,0,16,0,0,1,1,Swinging Strike,1,0,Observed,Observed,Observed,1,1,1
P05056,TOR_20260923_1_PA024,5057,1,0,0,0,1,1,1,2,0,16,0,0,1,1,In Play,1,0,Observed,Observed,Observed,1,1,1
P05057,TOR_20260923_1_PA025,5058,1,0,0,1,0,0,0,1,0,12,0,0,1,1,Foul,0,0,Observed,Observed,Observed,1,1,1
P05058,TOR_20260923_1_PA025,5059,2,0,1,1,0,0,0,1,0,14,0,0,1,1,Ball,0,0,Observed,Observed,Observed,1,1,1
P05059,TOR_20260923_1_PA025,5060,3,1,1,1,0,0,0,1,0,15,0,0,0,0,Ball,0,0,Observed,Observed,Observed,1,1,1
P05060,TOR_20260923_1_PA025,5061,4,2,1,1,0,0,0,1,0,16,0,0,1,1,Ball,0,0,Observed,Observed,Observed,1,1,1
P05061,TOR_20260923_1_PA025,5062,5,3,1,1,0,0,0,1,0,15,0,0,1,1,In Play,1,0,Observed,Observed,Observed,1,1,1
P05062,TOR_20260923_1_PA026,5063,1,0,0,1,1,0,1,2,0,12,0,0,1,1,Ball,0,0,Observed,Observed,Observed,1,1,1
P05063,TOR_20260923_1_PA026,5064,2,1,0,1,1,0,1,2,0,13,0,1,1,2,In Play,1,0,Observed,Observed,Observed,1,1,1
P05064,TOR_20260923_1_PA027,5065,1,0,0,0,0,0,0,0,0,15,0,1,2,3,Called Strike,0,0,Observed,Observed,Observed,1,1,1
P05065,TOR_20260923_1_PA027,5066,2,0,1,0,0,0,0,0,0,16,0,1,2,3,Ball,0,0,Observed,Observed,Observed,1,1,1
P05066,TOR_20260923_1_PA027,5067,3,1,1,0,0,0,0,0,0,16,1,1,2,4,Foul,0,0,Observed,Observed,Observed,1,1,1
P05067,TOR_20260923_1_PA027,5068,4,1,2,0,0,0,0,0,0,14,1,1,2,4,Foul,0,0,Observed,Observed,Observed,1,1,1
P05068,TOR_20260923_1_PA027,5069,5,1,2,0,0,0,0,0,0,16,0,1,2,3,In Play,1,0,Observed,Observed,Observed,1,1,1
P05069,TOR_20260923_1_PA028,5070,1,0,0,0,0,0,0,0,0,13,0,1,0,1,Called Strike,0,0,Observed,Observed,Observed,1,1,1
P05070,TOR_20260923_1_PA028,5071,2,0,1,0,0,0,0,0,0,14,0,1,0,1,In Play,1,0,Observed,Observed,Observed,1,1,1
P05071,TOR_20260923_1_PA029,5072,1,0,0,0,0,0,0,0,0,13,0,0,1,1,Ball,0,0,Observed,Observed,Observed,1,1,1
P05072,TOR_20260923_1_PA029,5073,2,1,0,0,0,0,0,0,0,13,0,0,1,1,Swinging Strike,0,0,Observed,Observed,Observed,1,1,1
P05073,TOR_20260923_1_PA029,5074,3,1,1,0,0,0,0,0,0,14,0,0,1,1,Ball,0,0,Observed,Observed,Observed,1,1,1
P05074,TOR_20260923_1_PA029,5075,4,2,1,0,0,0,0,0,0,14,0,0,1,1,In Play,1,0,Observed,Observed,Observed,1,1,1
P05075,TOR_20260923_1_PA030,5076,1,0,0,0,0,0,0,0,0,5,0,0,0,0,Ball,0,0,Observed,Observed,Observed,1,1,1
P05076,TOR_20260923_1_PA030,5077,2,1,0,0,0,0,0,0,0,4,0,0,0,0,In Play,1,0,Observed,Observed,Observed,1,1,1
P05077,TOR_20260923_1_PA031,5078,1,0,0,0,0,0,0,0,0,14,0,1,1,2,Swinging Strike,0,0,Observed,Observed,Observed,1,1,1
P05078,TOR_20260923_1_PA031,5079,2,0,1,0,0,0,0,0,0,14,0,0,1,1,Ball,0,0,Observed,Observed,Observed,1,1,1
P05079,TOR_20260923_1_PA031,5080,3,1,1,0,0,0,0,0,0,15,0,0,1,1,Ball,0,0,Observed,Observed,Observed,1,1,1
P05080,TOR_20260923_1_PA031,5081,4,2,1,0,0,0,0,0,0,17,0,0,1,1,In Play,1,0,Observed,Observed,Observed,1,1,1
P05081,TOR_20260923_1_PA032,5082,1,0,0,1,0,0,0,1,0,13,0,1,2,3,In Play,1,0,Observed,Observed,Observed,1,1,1
P05082,TOR_20260923_1_PA033,5083,1,0,0,1,0,0,0,1,0,13,0,1,1,2,Called Strike,0,0,Observed,Observed,Observed,1,1,1
P05083,TOR_20260923_1_PA033,5084,2,0,1,1,0,0,0,1,0,13,0,1,1,2,In Play,1,0,Observed,Observed,Observed,1,1,1
P05084,TOR_20260923_1_PA034,5085,1,0,0,1,0,0,0,1,0,14,0,1,2,3,Ball,0,0,Observed,Observed,Observed,1,1,1
P05085,TOR_20260923_1_PA034,5086,2,1,0,1,0,0,0,1,0,14,0,1,1,2,Called Strike,0,0,Observed,Observed,Observed,1,1,1
P05086,TOR_20260923_1_PA034,5087,3,1,1,1,0,0,0,1,0,16,0,1,1,2,Ball,0,0,Observed,Observed,Observed,1,1,1
P05087,TOR_20260923_1_PA034,5088,4,2,1,1,0,0,0,1,0,14,1,1,2,4,Foul,0,0,Observed,Observed,Observed,1,1,1
P05088,TOR_20260923_1_PA034,5089,5,2,2,1,0,0,0,1,0,14,1,1,2,4,Foul,0,0,Observed,Observed,Observed,1,1,1
P05089,TOR_20260923_1_PA034,5090,6,2,2,1,0,0,0,1,0,17,0,1,2,3,Swinging Strike,1,0,Observed,Observed,Observed,1,1,1
P05090,TOR_20260923_2_PA001,5091,1,0,0,0,0,0,0,0,0,15,0,1,2,3,Called Strike,0,0,Observed,Observed,Observed,1,1,1
P05091,TOR_20260923_2_PA001,5092,2,0,1,0,0,0,0,0,0,16,0,1,2,3,Ball,0,0,Observed,Observed,Observed,1,1,1
P05092,TOR_20260923_2_PA001,5093,3,1,1,0,0,0,0,0,0,16,1,1,2,4,Foul,0,0,Observed,Observed,Observed,1,1,1
P05093,TOR_20260923_2_PA001,5094,4,1,2,0,0,0,0,0,0,14,1,1,2,4,Foul,0,0,Observed,Observed,Observed,1,1,1
P05094,TOR_20260923_2_PA001,5095,5,1,2,0,0,0,0,0,0,14,1,1,2,4,Foul,0,0,Observed,Observed,Observed,1,1,1
P05095,TOR_20260923_2_PA001,5096,6,1,2,0,0,0,0,0,0,16,0,1,2,3,In Play,1,0,Observed,Observed,Observed,1,1,1
P05096,TOR_20260923_2_PA002,5097,1,0,0,0,0,0,0,0,0,16,0,0,2,2,Called Strike,0,0,Observed,Observed,Observed,1,1,1
P05097,TOR_20260923_2_PA002,5098,2,0,1,0,0,0,0,0,0,15,0,0,2,2,Ball,0,0,Observed,Observed,Observed,1,1,1
P05098,TOR_20260923_2_PA002,5099,3,1,1,0,0,0,0,0,0,24,0,2,2,4,Ball,0,0,Observed,Observed,Observed,1,1,1
P05099,TOR_20260923_2_PA002,5100,4,2,1,0,0,0,0,0,1,17,0,1,2,3,Swinging Strike,0,0,Observed,Observed,Observed,1,1,1
P05100,TOR_20260923_2_PA002,5101,5,2,2,0,0,0,0,0,0,19,0,1,2,3,Foul,0,0,Observed,Observed,Observed,1,1,1
P05101,TOR_20260923_2_PA002,5102,6,2,2,0,0,0,0,0,0,19,0,1,2,3,Foul,0,0,Observed,Observed,Observed,1,1,1
P05102,TOR_20260923_2_PA002,5103,7,2,2,0,0,0,0,0,0,19,0,1,2,3,In Play,1,0,Observed,Observed,Observed,1,1,1
P05103,TOR_20260923_2_PA003,5104,1,0,0,0,0,0,0,0,0,13,0,1,2,3,Called Strike,0,0,Observed,Observed,Observed,1,1,1
P05104,TOR_20260923_2_PA003,5105,2,0,1,0,0,0,0,0,0,14,0,1,2,3,Ball,0,0,Observed,Observed,Observed,1,1,1
P05105,TOR_20260923_2_PA003,5106,3,1,1,0,0,0,0,0,0,16,0,1,2,3,Called Strike,0,0,Observed,Observed,Observed,1,1,1
P05106,TOR_20260923_2_PA003,5107,4,1,2,0,0,0,0,0,0,15,0,1,2,3,Ball,0,0,Observed,Observed,Observed,1,1,1
P05107,TOR_20260923_2_PA003,5108,5,2,2,0,0,0,0,0,0,15,0,1,1,2,Swinging Strike,1,0,Observed,Observed,Observed,1,1,1
P05108,TOR_20260923_2_PA004,5109,1,0,0,0,0,0,0,0,0,13,0,1,0,1,Called Strike,0,0,Observed,Observed,Observed,1,1,1
P05109,TOR_20260923_2_PA004,5110,2,0,1,0,0,0,0,0,0,13,0,1,0,1,Called Strike,0,0,Observed,Observed,Observed,1,1,1
P05110,TOR_20260923_2_PA004,5111,3,0,2,0,0,0,0,0,0,14,0,1,0,1,Foul,0,0,Observed,Observed,Observed,1,1,1
P05111,TOR_20260923_2_PA004,5112,4,0,2,0,0,0,0,0,0,14,0,1,0,1,Ball,0,0,Observed,Observed,Observed,1,1,1
P05112,TOR_20260923_2_PA004,5113,5,1,2,0,0,0,0,0,0,15,0,1,0,1,Swinging Strike,1,0,Observed,Observed,Observed,1,1,1
P05113,TOR_20260923_2_PA005,5114,1,0,0,0,0,0,0,0,0,4,0,0,0,0,Foul,0,0,Observed,Observed,Observed,1,1,1
P05114,TOR_20260923_2_PA005,5115,2,0,1,0,0,0,0,0,0,4,0,0,0,0,Foul,0,0,Observed,Observed,Observed,1,1,1
P05115,TOR_20260923_2_PA005,5116,3,0,2,0,0,0,0,0,0,4,0,0,0,0,Foul,0,0,Observed,Observed,Observed,1,1,1
P05116,TOR_20260923_2_PA005,5117,4,0,2,0,0,0,0,0,0,4,0,0,0,0,In Play,1,0,Observed,Observed,Observed,1,1,1
P05117,TOR_20260923_2_PA006,5118,1,0,0,0,0,0,0,0,0,9,1,0,1,2,Ball,0,0,Observed,Observed,Observed,1,1,1
P05118,TOR_20260923_2_PA006,5119,2,1,0,0,0,0,0,0,0,9,1,0,1,2,Ball,0,0,Observed,Observed,Observed,1,1,1
P05119,TOR_20260923_2_PA006,5120,3,2,0,0,0,0,0,0,0,9,1,0,1,2,Ball,0,0,Observed,Observed,Observed,1,1,1
P05120,TOR_20260923_2_PA006,5121,4,3,0,0,0,0,0,0,0,9,1,0,0,1,Called Strike,0,0,Observed,Observed,Observed,1,1,1
P05121,TOR_20260923_2_PA006,5122,5,3,1,0,0,0,0,0,0,9,1,0,1,2,Ball,1,0,Observed,Observed,Observed,1,1,1
P05122,TOR_20260923_2_PA007,5123,1,0,0,1,0,0,0,1,0,14,0,0,1,1,Called Strike,0,0,Observed,Observed,Observed,1,1,1
P05123,TOR_20260923_2_PA007,5124,2,0,1,1,0,0,0,1,0,14,0,0,1,1,Ball,0,0,Observed,Observed,Observed,1,1,1
P05124,TOR_20260923_2_PA007,5125,3,1,1,1,0,0,0,1,0,15,0,0,1,1,Foul,0,0,Observed,Observed,Observed,1,1,1
P05125,TOR_20260923_2_PA007,5126,4,1,2,1,0,0,0,1,0,13,0,0,1,1,Called Strike,1,0,Observed,Observed,Observed,1,1,1
P05126,TOR_20260923_2_PA008,5127,1,0,0,0,0,0,0,0,0,13,0,0,1,1,Called Strike,0,0,Observed,Observed,Observed,1,1,1
P05127,TOR_20260923_2_PA008,5128,2,0,1,0,0,0,0,0,0,14,0,0,1,1,In Play,1,0,Observed,Observed,Observed,1,1,1
P05128,TOR_20260923_2_PA009,5129,1,0,0,1,0,0,0,1,0,12,0,0,1,1,Ball,0,0,Observed,Observed,Observed,1,1,1
P05129,TOR_20260923_2_PA009,5130,2,1,0,1,0,0,0,1,0,13,0,1,1,2,Ball,0,0,Observed,Observed,Observed,1,1,1
P05130,TOR_20260923_2_PA009,5131,3,2,0,1,0,0,0,1,0,13,0,0,0,0,Ball,0,0,Observed,Observed,Observed,1,1,1
P05131,TOR_20260923_2_PA009,5132,4,3,0,1,0,0,0,1,0,13,0,1,1,2,Called Strike,0,0,Observed,Observed,Observed,1,1,1
P05132,TOR_20260923_2_PA009,5133,5,3,1,1,0,0,0,1,0,13,0,1,1,2,Called Strike,0,0,Observed,Observed,Observed,1,1,1
P05133,TOR_20260923_2_PA009,5134,6,3,2,1,0,0,0,1,0,15,0,0,0,0,In Play,1,0,Observed,Observed,Observed,1,1,1
P05134,TOR_20260923_2_PA010,5135,1,0,0,0,0,0,0,0,0,15,0,1,2,3,Foul,0,0,Observed,Observed,Observed,1,1,1
P05135,TOR_20260923_2_PA010,5136,2,0,1,0,0,0,0,0,0,16,0,1,2,3,Ball,0,0,Observed,Observed,Observed,1,1,1
P05136,TOR_20260923_2_PA010,5137,3,1,1,0,0,0,0,0,0,15,1,1,2,4,In Play,1,0,Observed,Observed,Observed,1,1,1
P05137,TOR_20260923_2_PA011,5138,1,0,0,1,0,0,0,1,0,16,0,0,2,2,Called Strike,0,0,Observed,Observed,Observed,1,1,1
P05138,TOR_20260923_2_PA011,5139,2,0,1,1,0,0,0,1,0,18,0,1,1,2,Called Strike,0,0,Observed,Observed,Observed,1,1,1
P05139,TOR_20260923_2_PA011,5140,3,0,2,1,0,0,0,1,0,27,0,1,2,3,Foul,0,0,Observed,Observed,Observed,1,1,1
P05140,TOR_20260923_2_PA011,5141,4,0,2,1,0,0,0,1,0,19,0,1,2,3,Foul,0,0,Observed,Observed,Observed,1,1,1
P05141,TOR_20260923_2_PA011,5142,5,0,2,1,0,0,0,1,0,19,0,1,2,3,Foul,0,0,Observed,Observed,Observed,1,1,1
P05142,TOR_20260923_2_PA011,5143,6,0,2,1,0,0,0,1,0,19,0,1,2,3,In Play,1,0,Observed,Observed,Observed,1,1,1
P05143,TOR_20260923_2_PA012,5144,1,0,0,0,0,0,0,0,0,12,0,1,2,3,Foul,0,0,Observed,Observed,Observed,1,1,1
P05144,TOR_20260923_2_PA012,5145,2,0,1,0,0,0,0,0,0,14,0,1,2,3,Ball,0,0,Observed,Observed,Observed,1,1,1
P05145,TOR_20260923_2_PA012,5146,3,1,1,0,0,0,0,0,0,17,0,1,2,3,Ball,0,0,Observed,Observed,Observed,1,1,1
P05146,TOR_20260923_2_PA012,5147,4,2,1,0,0,0,0,0,0,15,0,1,2,3,Called Strike,0,0,Observed,Observed,Observed,1,1,1
P05147,TOR_20260923_2_PA012,5148,5,2,2,0,0,0,0,0,0,15,0,1,2,3,Called Strike,1,0,Observed,Observed,Observed,1,1,1
P05148,TOR_20260923_2_PA013,5149,1,0,0,0,0,0,0,0,0,13,0,1,0,1,Ball,0,0,Observed,Observed,Observed,1,1,1
P05149,TOR_20260923_2_PA013,5150,2,1,0,0,0,0,0,0,0,14,0,1,0,1,In Play,1,0,Observed,Observed,Observed,1,1,1
P05150,TOR_20260923_2_PA014,5151,1,0,0,0,0,0,0,0,0,4,0,0,0,0,Foul,0,0,Observed,Observed,Observed,1,1,1
P05151,TOR_20260923_2_PA014,5152,2,0,1,0,0,0,0,0,0,4,0,0,0,0,In Play,1,0,Observed,Observed,Observed,1,1,1
P05152,TOR_20260923_2_PA015,5153,1,0,0,0,0,0,0,0,0,10,1,0,1,2,In Play,1,0,Observed,Observed,Observed,1,1,1
P05153,TOR_20260923_2_PA016,5154,1,0,0,0,0,0,0,0,0,14,0,0,1,1,Called Strike,0,0,Observed,Observed,Observed,1,1,1
P05154,TOR_20260923_2_PA016,5155,2,0,1,0,0,0,0,0,1,15,0,0,1,1,Foul,0,0,Observed,Observed,Observed,1,1,1
P05155,TOR_20260923_2_PA016,5156,3,0,2,0,0,0,0,0,0,14,0,0,1,1,In Play,1,0,Observed,Observed,Observed,1,1,1
P05156,TOR_20260923_2_PA017,5157,1,0,0,0,0,0,0,0,0,12,0,0,1,1,Foul,0,0,Observed,Observed,Observed,1,1,1
P05157,TOR_20260923_2_PA017,5158,2,0,1,0,0,0,0,0,0,14,0,0,1,1,Ball,0,0,Observed,Observed,Observed,1,1,1
P05158,TOR_20260923_2_PA017,5159,3,1,1,0,0,0,0,0,0,15,0,0,1,1,Foul,0,0,Observed,Observed,Observed,1,1,1
P05159,TOR_20260923_2_PA017,5160,4,1,2,0,0,0,0,0,0,12,0,0,0,0,Called Strike,1,0,Observed,Observed,Observed,1,1,1
P05160,TOR_20260923_2_PA018,5161,1,0,0,0,0,0,0,0,0,13,0,1,1,2,Called Strike,0,0,Observed,Observed,Observed,1,1,1
P05161,TOR_20260923_2_PA018,5162,2,0,1,0,0,0,0,0,0,13,0,1,1,2,Foul,0,0,Observed,Observed,Observed,1,1,1
P05162,TOR_20260923_2_PA018,5163,3,0,2,0,0,0,0,0,0,14,0,1,0,1,Swinging Strike,1,0,Observed,Observed,Observed,1,1,1
P05163,TOR_20260923_2_PA019,5164,1,0,0,0,0,0,0,0,0,14,0,1,2,3,Ball,0,0,Observed,Observed,Observed,1,1,1
P05164,TOR_20260923_2_PA019,5165,2,1,0,0,0,0,0,0,0,15,0,1,2,3,In Play,1,0,Observed,Observed,Observed,1,1,1
P05165,TOR_20260923_2_PA020,5166,1,0,0,0,0,0,0,0,0,16,0,0,2,2,Called Strike,0,0,Observed,Observed,Observed,1,1,1
P05166,TOR_20260923_2_PA020,5167,2,0,1,0,0,0,0,0,0,16,0,1,2,3,Foul,0,0,Observed,Observed,Observed,1,1,1
P05167,TOR_20260923_2_PA020,5168,3,0,2,0,0,0,0,0,0,17,0,0,1,1,Swinging Strike,1,0,Observed,Observed,Observed,1,1,1
P05168,TOR_20260923_2_PA021,5169,1,0,0,0,0,0,0,0,0,13,0,1,2,3,Called Strike,0,0,Observed,Observed,Observed,1,1,1
P05169,TOR_20260923_2_PA021,5170,2,0,1,0,0,0,0,0,0,12,0,1,2,3,Called Strike,0,0,Observed,Observed,Observed,1,1,1
P05170,TOR_20260923_2_PA021,5171,3,0,2,0,0,0,0,0,0,17,0,1,2,3,Ball,0,0,Observed,Observed,Observed,1,1,1
P05171,TOR_20260923_2_PA021,5172,4,1,2,0,0,0,0,0,0,14,0,1,2,3,Foul,0,0,Observed,Observed,Observed,1,1,1
P05172,TOR_20260923_2_PA021,5173,5,1,2,0,0,0,0,0,0,17,0,1,2,3,In Play,1,0,Observed,Observed,Observed,1,1,1
P05173,TOR_20260923_2_PA022,5174,1,0,0,1,0,0,0,1,0,13,0,1,0,1,Ball,0,0,Observed,Observed,Observed,1,1,1
P05174,TOR_20260923_2_PA022,5175,2,1,0,1,0,0,0,1,0,14,0,1,0,1,In Play,1,0,Observed,Observed,Observed,1,1,1
P05175,TOR_20260923_2_PA023,5176,1,0,0,0,0,0,0,0,0,4,0,0,0,0,Called Strike,0,0,Observed,Observed,Observed,1,1,1
P05176,TOR_20260923_2_PA023,5177,2,0,1,0,0,0,0,0,0,5,0,0,0,0,Ball,0,0,Observed,Observed,Observed,1,1,1
P05177,TOR_20260923_2_PA023,5178,3,1,1,0,0,0,0,0,0,5,0,0,0,0,Swinging Strike,0,0,Observed,Observed,Observed,1,1,1
P05178,TOR_20260923_2_PA023,5179,4,1,2,0,0,0,0,0,0,4,0,0,0,0,In Play,1,0,Observed,Observed,Observed,1,1,1
P05179,TOR_20260923_2_PA024,5180,1,0,0,1,0,0,0,1,0,9,1,0,1,2,Ball,0,0,Observed,Observed,Observed,1,1,1
P05180,TOR_20260923_2_PA024,5181,2,1,0,1,0,0,0,1,0,9,1,0,1,2,Ball,0,0,Observed,Observed,Observed,1,1,1
P05181,TOR_20260923_2_PA024,5182,3,2,0,1,0,0,0,1,0,9,1,0,1,2,Ball,0,0,Observed,Observed,Observed,1,1,1
P05182,TOR_20260923_2_PA024,5183,4,3,0,1,0,0,0,1,0,9,1,0,1,2,Ball,1,0,Observed,Observed,Observed,1,1,1
P05183,TOR_20260923_2_PA025,5184,1,0,0,1,1,0,1,2,0,12,0,0,1,1,Ball,0,0,Observed,Observed,Observed,1,1,1
P05184,TOR_20260923_2_PA025,5185,2,1,0,1,1,0,1,2,0,14,0,0,1,1,Ball,0,0,Observed,Observed,Observed,1,1,1
P05185,TOR_20260923_2_PA025,5186,3,2,0,1,1,0,1,2,0,13,0,0,1,1,Called Strike,0,0,Observed,Observed,Observed,1,1,1
P05186,TOR_20260923_2_PA025,5187,4,2,1,1,1,0,1,2,0,12,0,1,1,2,Ball,0,0,Observed,Observed,Observed,1,1,1
P05187,TOR_20260923_2_PA025,5188,5,3,1,1,1,0,1,2,0,12,0,1,1,2,Ball,1,0,Observed,Observed,Observed,1,1,1
P05188,TOR_20260923_2_PA026,5189,1,0,0,1,1,1,1,3,0,13,0,0,1,1,Called Strike,0,0,Observed,Observed,Observed,1,1,1
P05189,TOR_20260923_2_PA026,5190,2,0,1,1,1,1,1,3,0,10,0,0,1,1,Foul,0,0,Observed,Observed,Observed,1,1,1
P05190,TOR_20260923_2_PA026,5191,3,0,2,1,1,1,1,3,0,15,0,0,0,0,Ball,0,0,Observed,Observed,Observed,1,1,1
P05191,TOR_20260923_2_PA026,5192,4,1,2,1,1,1,1,3,0,15,0,0,1,1,Foul,0,0,Observed,Observed,Observed,1,1,1
P05192,TOR_20260923_2_PA026,5193,5,1,2,1,1,1,1,3,0,12,0,0,0,0,Called Strike,1,0,Observed,Observed,Observed,1,1,1
P05193,TOR_20260923_2_PA027,5194,1,0,0,0,0,0,0,0,0,12,0,0,1,1,Ball,0,0,Observed,Observed,Observed,1,1,1
P05194,TOR_20260923_2_PA027,5195,2,1,0,0,0,0,0,0,0,13,0,1,1,2,In Play,1,0,Observed,Observed,Observed,1,1,1
P05195,TOR_20260923_2_PA028,5196,1,0,0,0,0,0,0,0,0,15,0,1,2,3,Called Strike,0,0,Observed,Observed,Observed,1,1,1
P05196,TOR_20260923_2_PA028,5197,2,0,1,0,0,0,0,0,0,16,0,1,2,3,Ball,0,0,Observed,Observed,Observed,1,1,1
P05197,TOR_20260923_2_PA028,5198,3,1,1,0,0,0,0,0,0,16,0,1,2,3,Swinging Strike,0,0,Observed,Observed,Observed,1,1,1
P05198,TOR_20260923_2_PA028,5199,4,1,2,0,0,0,0,0,0,14,1,1,2,4,Foul,0,0,Observed,Observed,Observed,1,1,1
P05199,TOR_20260923_2_PA028,5200,5,1,2,0,0,0,0,0,0,16,0,1,2,3,In Play,1,0,Observed,Observed,Observed,1,1,1
P05200,TOR_20260923_2_PA029,5201,1,0,0,1,0,0,0,1,0,12,0,0,2,2,Ball,0,0,Observed,Observed,Observed,1,1,1
P05201,TOR_20260923_2_PA029,5202,2,1,0,1,0,0,0,1,0,19,0,1,2,3,In Play,1,0,Observed,Observed,Observed,1,1,1
P05202,TOR_20260923_2_PA030,5203,1,0,0,0,1,0,1,1,0,13,0,1,2,3,Called Strike,0,0,Observed,Observed,Observed,1,1,1
P05203,TOR_20260923_2_PA030,5204,2,0,1,0,1,0,1,1,0,12,0,1,2,3,Foul,0,0,Observed,Observed,Observed,1,1,1
P05204,TOR_20260923_2_PA030,5205,3,0,2,0,1,0,1,1,0,17,0,1,2,3,Ball,0,0,Observed,Observed,Observed,1,1,1
P05205,TOR_20260923_2_PA030,5206,4,1,2,0,1,0,1,1,0,15,0,1,2,3,Ball,0,0,Observed,Observed,Observed,1,1,1
P05206,TOR_20260923_2_PA030,5207,5,2,2,0,1,0,1,1,0,14,0,1,2,3,Foul,0,0,Observed,Observed,Observed,1,1,1
P05207,TOR_20260923_2_PA030,5208,6,2,2,0,1,0,1,1,0,15,0,1,2,3,Ball,0,0,Observed,Observed,Observed,1,1,1
P05208,TOR_20260923_2_PA030,5209,7,3,2,0,1,0,1,1,0,17,0,1,2,3,In Play,1,0,Observed,Observed,Observed,1,1,1
P05209,TOR_20260923_2_PA031,5210,1,0,0,0,0,0,0,0,0,13,0,1,0,1,Called Strike,0,0,Observed,Observed,Observed,1,1,1
P05210,TOR_20260923_2_PA031,5211,2,0,1,0,0,0,0,0,0,14,0,1,0,1,Swinging Strike,0,0,Observed,Observed,Observed,1,1,1
P05211,TOR_20260923_2_PA031,5212,3,0,2,0,0,0,0,0,0,14,0,1,0,1,Swinging Strike,1,0,Observed,Observed,Observed,1,1,1
P05212,TOR_20260923_2_PA032,5213,1,0,0,0,0,0,0,0,0,4,0,0,0,0,Foul,0,0,Observed,Observed,Observed,1,1,1
P05213,TOR_20260923_2_PA032,5214,2,0,1,0,0,0,0,0,0,5,0,0,0,0,Ball,0,0,Observed,Observed,Observed,1,1,1
P05214,TOR_20260923_2_PA032,5215,3,1,1,0,0,0,0,0,0,4,0,0,0,0,Foul,0,0,Observed,Observed,Observed,1,1,1
P05215,TOR_20260923_2_PA032,5216,4,1,2,0,0,0,0,0,0,4,0,0,0,0,In Play,1,0,Observed,Observed,Observed,1,1,1
P05216,TOR_20260923_2_PA033,5217,1,0,0,1,0,0,0,1,0,10,1,0,1,2,Swinging Strike,0,0,Observed,Observed,Observed,1,1,1
P05217,TOR_20260923_2_PA033,5218,2,0,1,1,0,0,0,1,0,10,1,0,1,2,Swinging Strike,0,0,Observed,Observed,Observed,1,1,1
P05218,TOR_20260923_2_PA033,5219,3,0,2,1,0,0,0,1,0,9,1,0,1,2,Ball,0,0,Observed,Observed,Observed,1,1,1
P05219,TOR_20260923_2_PA033,5220,4,1,2,1,0,0,0,1,0,9,1,0,1,2,Ball,0,0,Observed,Observed,Observed,1,1,1
P05220,TOR_20260923_2_PA033,5221,5,2,2,1,0,0,0,1,0,9,1,0,0,1,In Play,1,0,Observed,Observed,Observed,1,1,1
P05221,TOR_20260923_2_PA034,5222,1,0,0,0,0,0,0,0,0,14,0,0,1,1,Called Strike,0,0,Observed,Observed,Observed,1,1,1
P05222,TOR_20260923_2_PA034,5223,2,0,1,0,0,0,0,0,0,15,0,0,1,1,Swinging Strike,0,0,Observed,Observed,Observed,1,1,1
P05223,TOR_20260923_2_PA034,5224,3,0,2,0,0,0,0,0,0,14,0,0,1,1,In Play,1,0,Observed,Observed,Observed,1,1,1
P05224,TOR_20260925_1_PA001,5225,1,0,0,0,0,0,0,0,0,12,0,0,1,1,Ball,0,0,Observed,Observed,Observed,1,1,1
P05225,TOR_20260925_1_PA001,5226,2,1,0,0,0,0,0,0,0,14,0,0,1,1,Ball,0,0,Observed,Observed,Observed,1,1,1
P05226,TOR_20260925_1_PA001,5227,3,2,0,0,0,0,0,0,0,13,0,0,1,1,Called Strike,0,0,Observed,Observed,Observed,1,1,1
P05227,TOR_20260925_1_PA001,5228,4,2,1,0,0,0,0,0,0,12,0,1,1,2,Ball,0,0,Observed,Observed,Observed,1,1,1
P05228,TOR_20260925_1_PA001,5229,5,3,1,0,0,0,0,0,0,14,0,0,1,1,In Play,1,0,Observed,Observed,Observed,1,1,1
P05229,TOR_20260925_1_PA002,5230,1,0,0,0,1,0,1,1,0,13,0,1,2,3,Ball,0,0,Observed,Observed,Observed,1,1,1
P05230,TOR_20260925_1_PA002,5231,2,1,0,0,1,0,1,1,0,13,0,1,2,3,In Play,1,0,Observed,Observed,Observed,1,1,1
P05231,TOR_20260925_1_PA003,5232,1,0,0,0,1,0,1,1,0,14,0,0,1,1,Ball,0,0,Observed,Observed,Observed,1,1,1
P05232,TOR_20260925_1_PA003,5233,2,1,0,0,1,0,1,1,0,14,0,0,0,0,Foul,0,0,Observed,Observed,Observed,1,1,1
P05233,TOR_20260925_1_PA003,5234,3,1,1,0,1,0,1,1,0,14,0,1,0,1,In Play,1,0,Observed,Observed,Observed,1,1,1
P05234,TOR_20260925_1_PA004,5235,1,0,0,0,0,1,1,1,0,13,0,0,1,1,Called Strike,0,0,Observed,Observed,Observed,1,1,1
P05235,TOR_20260925_1_PA004,5236,2,0,1,0,0,1,1,1,0,13,0,0,1,1,Ball,0,0,Observed,Observed,Observed,1,1,1
P05236,TOR_20260925_1_PA004,5237,3,1,1,0,0,1,1,1,0,14,0,0,1,1,Ball,0,0,Observed,Observed,Observed,1,1,1
P05237,TOR_20260925_1_PA004,5238,4,2,1,0,0,1,1,1,0,15,0,0,1,1,Ball,0,0,Observed,Observed,Observed,1,1,1
P05238,TOR_20260925_1_PA004,5239,5,3,1,0,0,1,1,1,0,14,0,0,1,1,In Play,1,0,Observed,Observed,Observed,1,1,1
P05239,TOR_20260925_1_PA005,5240,1,0,0,0,0,1,1,1,0,13,0,1,0,1,Ball,0,0,Observed,Observed,Observed,1,1,1
P05240,TOR_20260925_1_PA005,5241,2,1,0,0,0,1,1,1,0,13,0,1,0,1,Ball,0,0,Observed,Observed,Observed,1,1,1
P05241,TOR_20260925_1_PA005,5242,3,2,0,0,0,1,1,1,0,14,0,1,0,1,In Play,1,0,Observed,Observed,Observed,1,1,1
P05242,TOR_20260925_1_PA006,5243,1,0,0,0,1,0,1,1,0,14,0,1,2,3,Ball,0,0,Observed,Observed,Observed,1,1,1
P05243,TOR_20260925_1_PA006,5244,2,1,0,0,1,0,1,1,0,14,0,1,1,2,Called Strike,0,0,Observed,Observed,Observed,1,1,1
P05244,TOR_20260925_1_PA006,5245,3,1,1,0,1,0,1,1,0,16,0,1,2,3,Swinging Strike,0,0,Observed,Observed,Observed,1,1,1
P05245,TOR_20260925_1_PA006,5246,4,1,2,0,1,0,1,1,0,16,0,1,2,3,In Play,1,0,Observed,Observed,Observed,1,1,1
P05246,TOR_20260925_1_PA007,5247,1,0,0,0,0,0,0,0,0,9,1,0,1,2,Ball,0,0,Observed,Observed,Observed,1,1,1
P05247,TOR_20260925_1_PA007,5248,2,1,0,0,0,0,0,0,0,10,1,0,1,2,Swinging Strike,0,0,Observed,Observed,Observed,1,1,1
P05248,TOR_20260925_1_PA007,5249,3,1,1,0,0,0,0,0,0,9,1,0,1,2,HBP,1,0,Observed,Observed,Observed,1,1,1
P05249,TOR_20260925_1_PA008,5250,1,0,0,1,0,0,0,1,0,15,0,1,1,2,In Play,1,0,Observed,Observed,Observed,1,1,1
P05250,TOR_20260925_1_PA009,5251,1,0,0,1,0,0,0,1,0,13,0,0,1,1,Ball,0,0,Observed,Observed,Observed,1,1,1
P05251,TOR_20260925_1_PA009,5252,2,1,0,1,0,0,0,1,0,14,0,0,1,1,Called Strike,0,0,Observed,Observed,Observed,1,1,1
P05252,TOR_20260925_1_PA009,5253,3,1,1,1,0,0,0,1,0,15,0,0,0,0,Ball,0,0,Observed,Observed,Observed,1,1,1
P05253,TOR_20260925_1_PA009,5254,4,2,1,1,0,0,0,1,0,15,0,0,1,1,Foul,0,0,Observed,Observed,Observed,1,1,1
P05254,TOR_20260925_1_PA009,5255,5,2,2,1,0,0,0,1,0,15,0,0,1,1,In Play,1,0,Observed,Observed,Observed,1,1,1
P05255,TOR_20260925_1_PA010,5256,1,0,0,1,1,0,1,2,0,12,0,0,1,1,Ball,0,0,Observed,Observed,Observed,1,1,1
P05256,TOR_20260925_1_PA010,5257,2,1,0,1,1,0,1,2,0,14,0,0,1,1,Ball,0,0,Observed,Observed,Observed,1,1,1
P05257,TOR_20260925_1_PA010,5258,3,2,0,1,1,0,1,2,0,15,0,0,1,1,Foul,0,0,Observed,Observed,Observed,1,1,1
P05258,TOR_20260925_1_PA010,5259,4,2,1,1,1,0,1,2,0,12,0,1,1,2,Ball,0,0,Observed,Observed,Observed,1,1,1
P05259,TOR_20260925_1_PA010,5260,5,3,1,1,1,0,1,2,0,14,0,0,1,1,In Play,1,0,Observed,Observed,Observed,1,1,1
P05260,TOR_20260925_1_PA011,5261,1,0,0,1,1,1,1,3,0,14,0,1,2,3,Swinging Strike,0,0,Observed,Observed,Observed,1,1,1
P05261,TOR_20260925_1_PA011,5262,2,0,1,1,1,1,1,3,0,13,0,1,2,3,In Play,1,0,Observed,Observed,Observed,1,1,1
P05262,TOR_20260925_1_PA012,5263,1,0,0,0,0,0,0,0,0,14,0,0,1,1,Ball,0,0,Observed,Observed,Observed,1,1,1
P05263,TOR_20260925_1_PA012,5264,2,1,0,0,0,0,0,0,0,15,0,0,1,1,Called Strike,0,0,Observed,Observed,Observed,1,1,1
P05264,TOR_20260925_1_PA012,5265,3,1,1,0,0,0,0,0,0,14,0,1,0,1,In Play,1,0,Observed,Observed,Observed,1,1,1
P05265,TOR_20260925_1_PA013,5266,1,0,0,0,0,0,0,0,0,13,0,0,1,1,Called Strike,0,0,Observed,Observed,Observed,1,1,1
P05266,TOR_20260925_1_PA013,5267,2,0,1,0,0,0,0,0,0,13,0,0,1,1,Called Strike,0,0,Observed,Observed,Observed,1,1,1
P05267,TOR_20260925_1_PA013,5268,3,0,2,0,0,0,0,0,0,14,0,0,1,1,Swinging Strike,1,0,Observed,Observed,Observed,1,1,1
P05268,TOR_20260925_1_PA014,5269,1,0,0,0,0,0,0,0,0,13,0,1,0,1,Ball,0,0,Observed,Observed,Observed,1,1,1
P05269,TOR_20260925_1_PA014,5270,2,1,0,0,0,0,0,0,0,13,0,1,0,1,Called Strike,0,0,Observed,Observed,Observed,1,1,1
P05270,TOR_20260925_1_PA014,5271,3,1,1,0,0,0,0,0,0,14,0,1,0,1,Ball,0,0,Observed,Observed,Observed,1,1,1
P05271,TOR_20260925_1_PA014,5272,4,2,1,0,0,0,0,0,0,13,0,1,0,1,Called Strike,0,0,Observed,Observed,Observed,1,1,1
P05272,TOR_20260925_1_PA014,5273,5,2,2,0,0,0,0,0,0,15,0,1,0,1,Foul,0,0,Observed,Observed,Observed,1,1,1
P05273,TOR_20260925_1_PA014,5274,6,2,2,0,0,0,0,0,0,14,0,1,0,1,Ball,0,0,Observed,Observed,Observed,1,1,1
P05274,TOR_20260925_1_PA014,5275,7,3,2,0,0,0,0,0,0,14,0,1,0,1,Ball,1,0,Observed,Observed,Observed,1,1,1
P05275,TOR_20260925_1_PA015,5276,1,0,0,1,0,0,0,1,0,15,0,1,2,3,Called Strike,0,0,Observed,Observed,Observed,1,1,1
P05276,TOR_20260925_1_PA015,5277,2,0,1,1,0,0,0,1,0,16,0,1,2,3,Ball,0,0,Observed,Observed,Observed,1,1,1
P05277,TOR_20260925_1_PA015,5278,3,1,1,1,0,0,0,1,0,16,0,1,2,3,Called Strike,0,0,Observed,Observed,Observed,1,1,1
P05278,TOR_20260925_1_PA015,5279,4,1,2,1,0,0,0,1,0,14,1,1,2,4,Foul,0,0,Observed,Observed,Observed,1,1,1
P05279,TOR_20260925_1_PA015,5280,5,1,2,1,0,0,0,1,0,16,0,1,2,3,In Play,1,0,Observed,Observed,Observed,1,1,1
P05280,TOR_20260925_1_PA016,5281,1,0,0,0,1,1,1,2,0,10,1,0,1,2,Called Strike,0,0,Observed,Observed,Observed,1,1,1
P05281,TOR_20260925_1_PA016,5282,2,0,1,0,1,1,1,2,0,10,1,0,1,2,Swinging Strike,0,0,Observed,Observed,Observed,1,1,1
P05282,TOR_20260925_1_PA016,5283,3,0,2,0,1,1,1,2,0,9,1,0,1,2,Ball,0,0,Observed,Observed,Observed,1,1,1
P05283,TOR_20260925_1_PA016,5284,4,1,2,0,1,1,1,2,0,9,1,0,0,1,Ball,0,0,Observed,Observed,Observed,1,1,1
P05284,TOR_20260925_1_PA016,5285,5,2,2,0,1,1,1,2,0,9,0,0,0,0,Foul,0,0,Observed,Observed,Observed,1,1,1
P05285,TOR_20260925_1_PA016,5286,6,2,2,0,1,1,1,2,0,9,1,0,0,1,Ball,0,0,Observed,Observed,Observed,1,1,1
P05286,TOR_20260925_1_PA016,5287,7,3,2,0,1,1,1,2,0,9,0,0,0,0,Foul,0,0,Observed,Observed,Observed,1,1,1
P05287,TOR_20260925_1_PA016,5288,8,3,2,0,1,1,1,2,0,9,1,0,1,2,HBP,1,0,Observed,Observed,Observed,1,1,1
P05288,TOR_20260925_1_PA017,5289,1,0,0,1,1,1,1,3,0,13,0,1,1,2,Called Strike,0,0,Observed,Observed,Observed,1,1,1
P05289,TOR_20260925_1_PA017,5290,2,0,1,1,1,1,1,3,0,13,0,1,1,2,In Play,1,0,Observed,Observed,Observed,1,1,1
P05290,TOR_20260925_1_PA018,5291,1,0,0,0,0,0,0,0,0,13,0,0,1,1,Ball,0,0,Observed,Observed,Observed,1,1,1
P05291,TOR_20260925_1_PA018,5292,2,1,0,0,0,0,0,0,0,14,0,0,1,1,In Play,1,0,Observed,Observed,Observed,1,1,1
P05292,TOR_20260925_1_PA019,5293,1,0,0,1,0,0,0,1,0,14,0,0,1,1,Called Strike,0,0,Observed,Observed,Observed,1,1,1
P05293,TOR_20260925_1_PA019,5294,2,0,1,1,0,0,0,1,0,15,0,0,1,1,Swinging Strike,0,0,Observed,Observed,Observed,1,1,1
P05294,TOR_20260925_1_PA019,5295,3,0,2,1,0,0,0,1,0,14,0,0,1,1,Ball,0,0,Observed,Observed,Observed,1,1,1
P05295,TOR_20260925_1_PA019,5296,4,1,2,1,0,0,0,1,0,16,0,0,1,1,Foul,0,0,Observed,Observed,Observed,1,1,1
P05296,TOR_20260925_1_PA019,5297,5,1,2,1,0,0,0,1,0,15,0,0,1,1,Swinging Strike,1,0,Observed,Observed,Observed,1,1,1
P05297,TOR_20260925_1_PA020,5298,1,0,0,1,0,0,0,1,0,13,0,1,2,3,Called Strike,0,0,Observed,Observed,Observed,1,1,1
P05298,TOR_20260925_1_PA020,5299,2,0,1,1,0,0,0,1,0,12,0,1,2,3,Called Strike,0,0,Observed,Observed,Observed,1,1,1
P05299,TOR_20260925_1_PA020,5300,3,0,2,1,0,0,0,1,0,14,0,1,2,3,Foul,0,0,Observed,Observed,Observed,1,1,1
P05300,TOR_20260925_1_PA020,5301,4,0,2,1,0,0,0,1,0,15,0,1,2,3,Ball,0,0,Observed,Observed,Observed,1,1,1
P05301,TOR_20260925_1_PA020,5302,5,1,2,1,0,0,0,1,0,17,0,1,2,3,In Play,1,0,Observed,Observed,Observed,1,1,1
P05302,TOR_20260925_1_PA021,5303,1,0,0,0,0,0,0,0,0,14,0,0,1,1,Called Strike,0,0,Observed,Observed,Observed,1,1,1
P05303,TOR_20260925_1_PA021,5304,2,0,1,0,0,0,0,0,0,12,0,0,1,1,Swinging Strike,0,0,Observed,Observed,Observed,1,1,1
P05304,TOR_20260925_1_PA021,5305,3,0,2,0,0,0,0,0,0,14,0,0,1,1,Ball,0,0,Observed,Observed,Observed,1,1,1
P05305,TOR_20260925_1_PA021,5306,4,1,2,0,0,0,0,0,0,21,0,0,1,1,Called Strike,1,0,Observed,Observed,Observed,1,1,1
P05306,TOR_20260925_1_PA022,5307,1,0,0,0,0,0,0,0,0,13,0,0,1,1,Ball,0,0,Observed,Observed,Observed,1,1,1
P05307,TOR_20260925_1_PA022,5308,2,1,0,0,0,0,0,0,0,13,0,0,1,1,Swinging Strike,0,0,Observed,Observed,Observed,1,1,1
P05308,TOR_20260925_1_PA022,5309,3,1,1,0,0,0,0,0,0,14,0,0,1,1,Ball,0,0,Observed,Observed,Observed,1,1,1
P05309,TOR_20260925_1_PA022,5310,4,2,1,0,0,0,0,0,0,14,0,0,1,1,In Play,1,0,Observed,Observed,Observed,1,1,1
P05310,TOR_20260925_1_PA023,5311,1,0,0,0,0,0,0,0,0,13,0,1,0,1,Called Strike,0,0,Observed,Observed,Observed,1,1,1
P05311,TOR_20260925_1_PA023,5312,2,0,1,0,0,0,0,0,0,13,0,1,0,1,Ball,0,0,Observed,Observed,Observed,1,1,1
P05312,TOR_20260925_1_PA023,5313,3,1,1,0,0,0,0,0,0,14,0,1,0,1,Ball,0,0,Observed,Observed,Observed,1,1,1
P05313,TOR_20260925_1_PA023,5314,4,2,1,0,0,0,0,0,0,15,0,1,0,1,In Play,1,0,Observed,Observed,Observed,1,1,1
P05314,TOR_20260925_1_PA024,5315,1,0,0,0,0,0,0,0,0,14,0,1,2,3,HBP,1,0,Observed,Observed,Observed,1,1,1
P05315,TOR_20260925_1_PA025,5316,1,0,0,1,0,0,0,1,0,9,1,0,1,2,Ball,0,0,Observed,Observed,Observed,1,1,1
P05316,TOR_20260925_1_PA025,5317,2,1,0,1,0,0,0,1,0,10,1,0,1,2,Called Strike,0,0,Observed,Observed,Observed,1,1,1
P05317,TOR_20260925_1_PA025,5318,3,1,1,1,0,0,0,1,0,9,1,0,1,2,Called Strike,0,0,Observed,Observed,Observed,1,1,1
P05318,TOR_20260925_1_PA025,5319,4,1,2,1,0,0,0,1,0,9,1,0,1,2,Swinging Strike,1,0,Observed,Observed,Observed,1,1,1
P05319,TOR_20260925_1_PA026,5320,1,0,0,1,0,0,0,1,0,12,0,0,1,1,Ball,0,0,Observed,Observed,Observed,1,1,1
P05320,TOR_20260925_1_PA026,5321,2,1,0,1,0,0,0,1,0,13,0,1,1,2,In Play,1,0,Observed,Observed,Observed,1,1,1
P05321,TOR_20260925_1_PA027,5322,1,0,0,1,0,0,0,1,0,12,0,0,2,2,Ball,0,0,Observed,Observed,Observed,1,1,1
P05322,TOR_20260925_1_PA027,5323,2,1,0,1,0,0,0,1,0,15,0,0,2,2,Ball,0,0,Observed,Observed,Observed,1,1,1
P05323,TOR_20260925_1_PA027,5324,3,2,0,1,0,0,0,1,0,24,0,2,2,4,Ball,0,0,Observed,Observed,Observed,1,1,1
P05324,TOR_20260925_1_PA027,5325,4,3,0,1,0,0,0,1,0,18,0,1,2,3,Called Strike,0,0,Observed,Observed,Observed,1,1,1
P05325,TOR_20260925_1_PA027,5326,5,3,1,1,0,0,0,1,0,19,0,1,2,3,In Play,1,0,Observed,Observed,Observed,1,1,1
P05326,TOR_20260925_1_PA028,5327,1,0,0,0,0,0,0,0,0,13,0,0,1,1,Ball,0,0,Observed,Observed,Observed,1,1,1
P05327,TOR_20260925_1_PA028,5328,2,1,0,0,0,0,0,0,0,13,0,1,1,2,Ball,0,0,Observed,Observed,Observed,1,1,1
P05328,TOR_20260925_1_PA028,5329,3,2,0,0,0,0,0,0,0,16,0,0,1,1,Ball,0,0,Observed,Observed,Observed,1,1,1
P05329,TOR_20260925_1_PA028,5330,4,3,0,0,0,0,0,0,0,16,1,0,1,2,Ball,1,0,Observed,Observed,Observed,1,1,1
P05330,TOR_20260925_1_PA029,5331,1,0,0,1,0,0,0,1,0,13,0,1,2,3,Ball,0,0,Observed,Observed,Observed,1,1,1
P05331,TOR_20260925_1_PA029,5332,2,1,0,1,0,0,0,1,0,12,0,1,2,3,Called Strike,0,0,Observed,Observed,Observed,1,1,1
P05332,TOR_20260925_1_PA029,5333,3,1,1,1,0,0,0,1,0,14,0,1,2,3,Foul,0,0,Observed,Observed,Observed,1,1,1
P05333,TOR_20260925_1_PA029,5334,4,1,2,1,0,0,0,1,0,15,0,1,2,3,Ball,0,0,Observed,Observed,Observed,1,1,1
P05334,TOR_20260925_1_PA029,5335,5,2,2,1,0,0,0,1,0,14,0,1,2,3,Foul,0,0,Observed,Observed,Observed,1,1,1
P05335,TOR_20260925_1_PA029,5336,6,2,2,1,0,0,0,1,0,15,0,1,2,3,Ball,0,0,Observed,Observed,Observed,1,1,1
P05336,TOR_20260925_1_PA029,5337,7,3,2,1,0,0,0,1,0,15,0,1,2,3,Ball,1,0,Observed,Observed,Observed,1,1,1
P05337,TOR_20260925_1_PA030,5338,1,0,0,1,1,0,1,2,0,14,0,0,1,1,Called Strike,0,0,Observed,Observed,Observed,1,1,1
P05338,TOR_20260925_1_PA030,5339,2,0,1,1,1,0,1,2,0,15,0,0,1,1,Called Strike,0,0,Observed,Observed,Observed,1,1,1
P05339,TOR_20260925_1_PA030,5340,3,0,2,1,1,0,1,2,0,14,0,1,0,1,In Play,1,0,Observed,Observed,Observed,1,1,1
P05340,TOR_20260925_1_PA031,5341,1,0,0,1,0,1,1,2,0,13,0,0,1,1,Ball,0,0,Observed,Observed,Observed,1,1,1
P05341,TOR_20260925_1_PA031,5342,2,1,0,1,0,1,1,2,0,14,0,0,1,1,In Play,1,0,Observed,Observed,Observed,1,1,1
P05342,TOR_20260925_1_PA032,5343,1,0,0,1,1,1,1,3,0,14,0,1,0,1,In Play,1,0,Observed,Observed,Observed,1,1,1
P05343,TOR_20260925_1_PA033,5344,1,0,0,0,1,1,1,2,0,15,0,1,2,3,Called Strike,0,0,Observed,Observed,Observed,1,1,1
P05344,TOR_20260925_1_PA033,5345,2,0,1,0,1,1,1,2,0,14,0,1,1,2,Called Strike,0,0,Observed,Observed,Observed,1,1,1
P05345,TOR_20260925_1_PA033,5346,3,0,2,0,1,1,1,2,0,16,1,1,2,4,Foul,0,0,Observed,Observed,Observed,1,1,1
P05346,TOR_20260925_1_PA033,5347,4,0,2,0,1,1,1,2,0,14,1,1,2,4,Foul,0,0,Observed,Observed,Observed,1,1,1
P05347,TOR_20260925_1_PA033,5348,5,0,2,0,1,1,1,2,0,14,1,1,2,4,Foul,0,0,Observed,Observed,Observed,1,1,1
P05348,TOR_20260925_1_PA033,5349,6,0,2,0,1,1,1,2,0,16,0,1,2,3,In Play,1,0,Observed,Observed,Observed,1,1,1
P05349,TOR_20260925_1_PA034,5350,1,0,0,1,0,1,1,2,0,12,0,0,1,1,Ball,0,0,Observed,Observed,Observed,1,1,1
P05350,TOR_20260925_1_PA034,5351,2,1,0,1,0,1,1,2,0,12,0,0,0,0,Ball,0,0,Observed,Observed,Observed,1,1,1
P05351,TOR_20260925_1_PA034,5352,3,2,0,1,0,1,1,2,0,13,0,0,0,0,Foul,0,0,Observed,Observed,Observed,1,1,1
P05352,TOR_20260925_1_PA034,5353,4,2,1,1,0,1,1,2,0,14,0,0,0,0,In Play,1,0,Observed,Observed,Observed,1,1,1
P05353,TOR_20260925_1_PA035,5354,1,0,0,1,0,1,1,2,0,12,0,0,1,1,Ball,0,0,Observed,Observed,Observed,1,1,1
P05354,TOR_20260925_1_PA035,5355,2,1,0,1,0,1,1,2,0,13,0,1,1,2,Ball,0,0,Observed,Observed,Observed,1,1,1
P05355,TOR_20260925_1_PA035,5356,3,2,0,1,0,1,1,2,0,15,0,0,0,0,In Play,1,0,Observed,Observed,Observed,1,1,1
P05356,TOR_20260925_1_PA036,5357,1,0,0,1,1,0,1,2,0,16,0,0,2,2,Called Strike,0,0,Observed,Observed,Observed,1,1,1
P05357,TOR_20260925_1_PA036,5358,2,0,1,1,1,0,1,2,0,15,0,0,2,2,Ball,0,0,Observed,Observed,Observed,1,1,1
P05358,TOR_20260925_1_PA036,5359,3,1,1,1,1,0,1,2,0,24,0,2,2,4,Ball,0,0,Observed,Observed,Observed,1,1,1
P05359,TOR_20260925_1_PA036,5360,4,2,1,1,1,0,1,2,0,18,0,1,2,3,Called Strike,0,0,Observed,Observed,Observed,1,1,1
P05360,TOR_20260925_1_PA036,5361,5,2,2,1,1,0,1,2,1,17,0,1,2,3,Swinging Strike,1,0,Observed,Observed,Observed,1,1,1
P05361,TOR_20260925_1_PA037,5362,1,0,0,0,0,0,0,0,0,10,0,0,1,1,Foul,0,0,Observed,Observed,Observed,1,1,1
P05362,TOR_20260925_1_PA037,5363,2,0,1,0,0,0,0,0,0,13,0,0,1,1,Foul,0,0,Observed,Observed,Observed,1,1,1
P05363,TOR_20260925_1_PA037,5364,3,0,2,0,0,0,0,0,1,14,0,0,1,1,Foul,0,0,Observed,Observed,Observed,1,1,1
P05364,TOR_20260925_1_PA037,5365,4,0,2,0,0,0,0,0,0,16,0,0,1,1,Swinging Strike,1,0,Observed,Observed,Observed,1,1,1
P05365,TOR_20260925_1_PA038,5366,1,0,0,0,0,0,0,0,0,14,0,1,2,3,Swinging Strike,0,0,Observed,Observed,Observed,1,1,1
P05366,TOR_20260925_1_PA038,5367,2,0,1,0,0,0,0,0,0,14,0,1,2,3,Ball,0,0,Observed,Observed,Observed,1,1,1
P05367,TOR_20260925_1_PA038,5368,3,1,1,0,0,0,0,0,0,14,0,1,2,3,Swinging Strike,0,0,Observed,Observed,Observed,1,1,1
P05368,TOR_20260925_1_PA038,5369,4,1,2,0,0,0,0,0,0,15,0,1,2,3,Ball,0,0,Observed,Observed,Observed,1,1,1
P05369,TOR_20260925_1_PA038,5370,5,2,2,0,0,0,0,0,0,15,0,1,2,3,Ball,0,0,Observed,Observed,Observed,1,1,1
P05370,TOR_20260925_1_PA038,5371,6,3,2,0,0,0,0,0,0,14,0,1,2,3,Foul,0,0,Observed,Observed,Observed,1,1,1
P05371,TOR_20260925_1_PA038,5372,7,3,2,0,0,0,0,0,0,15,0,1,2,3,Ball,1,0,Observed,Observed,Observed,1,1,1
P05372,TOR_20260925_1_PA039,5373,1,0,0,1,0,0,0,1,0,14,0,0,1,1,Ball,0,0,Observed,Observed,Observed,1,1,1
P05373,TOR_20260925_1_PA039,5374,2,1,0,1,0,0,0,1,0,15,0,0,1,1,In Play,1,0,Observed,Observed,Observed,1,1,1
P05374,TOR_20260925_1_PA040,5375,1,0,0,0,1,0,1,1,0,12,0,0,1,1,Foul,0,0,Observed,Observed,Observed,1,1,1
P05375,TOR_20260925_1_PA040,5376,2,0,1,0,1,0,1,1,0,14,0,0,1,1,In Play,1,0,Observed,Observed,Observed,1,1,1
P05376,TOR_20260927_1_PA001,5377,1,0,0,0,0,0,0,0,0,12,0,0,1,1,Ball,0,0,Observed,Observed,Observed,1,1,1
P05377,TOR_20260927_1_PA001,5378,2,1,0,0,0,0,0,0,0,12,0,0,0,0,Ball,0,0,Observed,Observed,Observed,1,1,1
P05378,TOR_20260927_1_PA001,5379,3,2,0,0,0,0,0,0,0,13,0,0,0,0,Ball,0,0,Observed,Observed,Observed,1,1,1
P05379,TOR_20260927_1_PA001,5380,4,3,0,0,0,0,0,0,0,15,0,0,0,0,Ball,1,0,Observed,Observed,Observed,1,1,1
P05380,TOR_20260927_1_PA002,5381,1,0,0,1,0,0,0,1,0,14,0,1,2,3,Ball,0,0,Observed,Observed,Observed,1,1,1
P05381,TOR_20260927_1_PA002,5382,2,1,0,1,0,0,0,1,0,16,0,1,2,3,Ball,0,0,Observed,Observed,Observed,1,1,1
P05382,TOR_20260927_1_PA002,5383,3,2,0,1,0,0,0,1,0,16,0,1,1,2,Ball,0,0,Observed,Observed,Observed,1,1,1
P05383,TOR_20260927_1_PA002,5384,4,3,0,1,0,0,0,1,0,16,0,1,2,3,Ball,1,0,Observed,Observed,Observed,1,1,1
P05384,TOR_20260927_1_PA003,5385,1,0,0,1,1,0,1,2,0,14,0,0,1,1,Called Strike,0,0,Observed,Observed,Observed,1,1,1
P05385,TOR_20260927_1_PA003,5386,2,0,1,1,1,0,1,2,0,15,0,0,1,1,Called Strike,0,0,Observed,Observed,Observed,1,1,1
P05386,TOR_20260927_1_PA003,5387,3,0,2,1,1,0,1,2,0,13,0,0,2,2,Swinging Strike,1,0,Observed,Observed,Observed,1,1,1
P05387,TOR_20260927_1_PA004,5388,1,0,0,1,1,0,1,2,0,12,0,1,2,3,Foul,0,0,Observed,Observed,Observed,1,1,1
P05388,TOR_20260927_1_PA004,5389,2,0,1,1,1,0,1,2,0,12,0,1,2,3,Foul,0,0,Observed,Observed,Observed,1,1,1
P05389,TOR_20260927_1_PA004,5390,3,0,2,1,1,0,1,2,0,14,0,1,2,3,Foul,0,0,Observed,Observed,Observed,1,1,1
P05390,TOR_20260927_1_PA004,5391,4,0,2,1,1,0,1,2,0,14,0,1,2,3,Foul,0,0,Observed,Observed,Observed,1,1,1
P05391,TOR_20260927_1_PA004,5392,5,0,2,1,1,0,1,2,0,17,0,1,2,3,In Play,1,0,Observed,Observed,Observed,1,1,1
P05392,TOR_20260927_1_PA005,5393,1,0,0,0,0,0,0,0,0,13,0,1,0,1,Called Strike,0,0,Observed,Observed,Observed,1,1,1
P05393,TOR_20260927_1_PA005,5394,2,0,1,0,0,0,0,0,0,14,0,1,0,1,Swinging Strike,0,0,Observed,Observed,Observed,1,1,1
P05394,TOR_20260927_1_PA005,5395,3,0,2,0,0,0,0,0,0,14,0,1,0,1,Foul,0,0,Observed,Observed,Observed,1,1,1
P05395,TOR_20260927_1_PA005,5396,4,0,2,0,0,0,0,0,0,14,0,1,0,1,Ball,0,0,Observed,Observed,Observed,1,1,1
P05396,TOR_20260927_1_PA005,5397,5,1,2,0,0,0,0,0,0,14,0,1,0,1,Ball,0,0,Observed,Observed,Observed,1,1,1
P05397,TOR_20260927_1_PA005,5398,6,2,2,0,0,0,0,0,0,14,0,1,0,1,Ball,0,0,Observed,Observed,Observed,1,1,1
P05398,TOR_20260927_1_PA005,5399,7,3,2,0,0,0,0,0,0,15,0,1,0,1,Foul,0,0,Observed,Observed,Observed,1,1,1
P05399,TOR_20260927_1_PA005,5400,8,3,2,0,0,0,0,0,0,15,0,1,0,1,In Play,1,0,Observed,Observed,Observed,1,1,1
P05400,TOR_20260927_1_PA006,5401,1,0,0,0,0,0,0,0,0,4,0,0,0,0,In Play,1,0,Observed,Observed,Observed,1,1,1
P05401,TOR_20260927_1_PA007,5402,1,0,0,1,0,0,0,1,0,16,0,0,2,2,Called Strike,0,0,Observed,Observed,Observed,1,1,1
P05402,TOR_20260927_1_PA007,5403,2,0,1,1,0,0,0,1,0,15,0,0,2,2,Ball,0,0,Observed,Observed,Observed,1,1,1
P05403,TOR_20260927_1_PA007,5404,3,1,1,1,0,0,0,1,0,20,0,2,2,4,In Play,1,0,Observed,Observed,Observed,1,1,1
P05404,TOR_20260927_1_PA008,5405,1,0,0,1,0,0,0,1,0,12,0,0,1,1,In Play,1,0,Observed,Observed,Observed,1,1,1
P05405,TOR_20260927_1_PA009,5406,1,0,0,0,0,0,0,0,0,13,0,1,1,2,Called Strike,0,0,Observed,Observed,Observed,1,1,1
P05406,TOR_20260927_1_PA009,5407,2,0,1,0,0,0,0,0,0,13,0,1,1,2,Ball,0,0,Observed,Observed,Observed,1,1,1
P05407,TOR_20260927_1_PA009,5408,3,1,1,0,0,0,0,0,0,14,0,1,1,2,Foul,0,0,Observed,Observed,Observed,1,1,1
P05408,TOR_20260927_1_PA009,5409,4,1,2,0,0,0,0,0,0,16,0,0,1,1,Ball,0,0,Observed,Observed,Observed,1,1,1
P05409,TOR_20260927_1_PA009,5410,5,2,2,0,0,0,0,0,0,16,0,0,1,1,Ball,0,0,Observed,Observed,Observed,1,1,1
P05410,TOR_20260927_1_PA009,5411,6,3,2,0,0,0,0,0,0,13,0,1,1,2,Called Strike,1,0,Observed,Observed,Observed,1,1,1
P05411,TOR_20260927_1_PA010,5412,1,0,0,0,0,0,0,0,1,12,0,0,1,1,In Play,1,0,Observed,Observed,Observed,1,1,1
P05412,TOR_20260927_1_PA011,5413,1,0,0,0,1,0,1,1,0,12,0,1,2,3,In Play,1,0,Observed,Observed,Observed,1,1,1
P05413,TOR_20260927_1_PA012,5414,1,0,0,0,0,1,1,1,0,12,0,0,1,1,In Play,1,0,Observed,Observed,Observed,1,1,1
P05414,TOR_20260927_1_PA013,5415,1,0,0,0,0,0,0,0,0,13,0,1,2,3,In Play,1,0,Observed,Observed,Observed,1,1,1
P05415,TOR_20260927_1_PA014,5416,1,0,0,0,0,0,0,0,0,13,0,1,0,1,Called Strike,0,0,Observed,Observed,Observed,1,1,1
P05416,TOR_20260927_1_PA014,5417,2,0,1,0,0,0,0,0,0,13,0,1,0,1,Ball,0,0,Observed,Observed,Observed,1,1,1
P05417,TOR_20260927_1_PA014,5418,3,1,1,0,0,0,0,0,0,14,0,1,1,2,Called Strike,0,0,Observed,Observed,Observed,1,1,1
P05418,TOR_20260927_1_PA014,5419,4,1,2,0,0,0,0,0,0,14,0,1,0,1,Ball,0,0,Observed,Observed,Observed,1,1,1
P05419,TOR_20260927_1_PA014,5420,5,2,2,0,0,0,0,0,0,15,0,1,0,1,Foul,0,0,Observed,Observed,Observed,1,1,1
P05420,TOR_20260927_1_PA014,5421,6,2,2,0,0,0,0,0,0,14,0,1,0,1,Ball,0,0,Observed,Observed,Observed,1,1,1
P05421,TOR_20260927_1_PA014,5422,7,3,2,0,0,0,0,0,0,15,0,1,0,1,In Play,1,0,Observed,Observed,Observed,1,1,1
P05422,TOR_20260927_1_PA015,5423,1,0,0,0,0,0,0,0,0,4,0,0,0,0,Called Strike,0,0,Observed,Observed,Observed,1,1,1
P05423,TOR_20260927_1_PA015,5424,2,0,1,0,0,0,0,0,0,4,0,0,0,0,Foul,0,0,Observed,Observed,Observed,1,1,1
P05424,TOR_20260927_1_PA015,5425,3,0,2,0,0,0,0,0,0,5,0,0,0,0,Ball,0,0,Observed,Observed,Observed,1,1,1
P05425,TOR_20260927_1_PA015,5426,4,1,2,0,0,0,0,0,0,5,0,0,0,0,Ball,0,0,Observed,Observed,Observed,1,1,1
P05426,TOR_20260927_1_PA015,5427,5,2,2,0,0,0,0,0,0,5,0,0,0,0,Ball,0,0,Observed,Observed,Observed,1,1,1
P05427,TOR_20260927_1_PA015,5428,6,3,2,0,0,0,0,0,0,4,0,0,0,0,Foul,0,0,Observed,Observed,Observed,1,1,1
P05428,TOR_20260927_1_PA015,5429,7,3,2,0,0,0,0,0,0,4,0,0,0,0,Foul,0,0,Observed,Observed,Observed,1,1,1
P05429,TOR_20260927_1_PA015,5430,8,3,2,0,0,0,0,0,0,4,0,0,0,0,In Play,1,0,Observed,Observed,Observed,1,1,1
P05430,TOR_20260927_1_PA016,5431,1,0,0,0,0,0,0,0,0,12,0,0,2,2,Ball,0,0,Observed,Observed,Observed,1,1,1
P05431,TOR_20260927_1_PA016,5432,2,1,0,0,0,0,0,0,0,15,0,0,2,2,Ball,0,0,Observed,Observed,Observed,1,1,1
P05432,TOR_20260927_1_PA016,5433,3,2,0,0,0,0,0,0,0,24,0,2,2,4,Ball,0,0,Observed,Observed,Observed,1,1,1
P05433,TOR_20260927_1_PA016,5434,4,3,0,0,0,0,0,0,0,18,0,1,2,3,Called Strike,0,0,Observed,Observed,Observed,1,1,1
P05434,TOR_20260927_1_PA016,5435,5,3,1,0,0,0,0,0,0,19,0,1,2,3,Foul,0,0,Observed,Observed,Observed,1,1,1
P05435,TOR_20260927_1_PA016,5436,6,3,2,0,0,0,0,0,0,19,0,1,2,3,In Play,1,0,Observed,Observed,Observed,1,1,1
P05436,TOR_20260927_1_PA017,5437,1,0,0,0,0,0,0,0,0,13,0,0,1,1,Ball,0,0,Observed,Observed,Observed,1,1,1
P05437,TOR_20260927_1_PA017,5438,2,1,0,0,0,0,0,0,0,13,0,0,0,0,Called Strike,0,0,Observed,Observed,Observed,1,1,1
P05438,TOR_20260927_1_PA017,5439,3,1,1,0,0,0,0,0,0,14,0,0,1,1,In Play,1,0,Observed,Observed,Observed,1,1,1
P05439,TOR_20260927_1_PA018,5440,1,0,0,1,0,0,0,1,0,12,0,0,1,1,Ball,0,0,Observed,Observed,Observed,1,1,1
P05440,TOR_20260927_1_PA018,5441,2,1,0,1,0,0,0,1,0,10,0,1,0,1,Swinging Strike,0,0,Observed,Observed,Observed,1,1,1
P05441,TOR_20260927_1_PA018,5442,3,1,1,1,0,0,0,1,0,14,0,1,1,2,Foul,0,0,Observed,Observed,Observed,1,1,1
P05442,TOR_20260927_1_PA018,5443,4,1,2,1,0,0,0,1,0,16,0,0,1,1,Ball,0,0,Observed,Observed,Observed,1,1,1
P05443,TOR_20260927_1_PA018,5444,5,2,2,1,0,0,0,1,0,16,0,0,1,1,Ball,0,0,Observed,Observed,Observed,1,1,1
P05444,TOR_20260927_1_PA018,5445,6,3,2,1,0,0,0,1,0,16,0,0,1,1,Ball,1,0,Observed,Observed,Observed,1,1,1
P05445,TOR_20260927_1_PA019,5446,1,0,0,1,1,0,1,2,0,12,0,0,1,1,Ball,0,0,Observed,Observed,Observed,1,1,1
P05446,TOR_20260927_1_PA019,5447,2,1,0,1,1,0,1,2,0,14,0,0,0,0,Foul,0,0,Observed,Observed,Observed,1,1,1
P05447,TOR_20260927_1_PA019,5448,3,1,1,1,1,0,1,2,0,13,0,0,0,0,Ball,0,0,Observed,Observed,Observed,1,1,1
P05448,TOR_20260927_1_PA019,5449,4,2,1,1,1,0,1,2,0,14,0,0,0,0,In Play,1,0,Observed,Observed,Observed,1,1,1
P05449,TOR_20260927_1_PA020,5450,1,0,0,0,0,0,0,0,0,14,0,1,2,3,Ball,0,0,Observed,Observed,Observed,1,1,1
P05450,TOR_20260927_1_PA020,5451,2,1,0,0,0,0,0,0,0,14,0,1,2,3,Foul,0,0,Observed,Observed,Observed,1,1,1
P05451,TOR_20260927_1_PA020,5452,3,1,1,0,0,0,0,0,0,15,1,1,2,4,In Play,1,0,Observed,Observed,Observed,1,1,1
P05452,TOR_20260927_1_PA021,5453,1,0,0,0,0,0,0,0,0,12,0,0,1,1,In Play,1,0,Observed,Observed,Observed,1,1,1
P05453,TOR_20260927_1_PA022,5454,1,0,0,0,0,0,0,0,0,13,0,1,2,3,Called Strike,0,0,Observed,Observed,Observed,1,1,1
P05454,TOR_20260927_1_PA022,5455,2,0,1,0,0,0,0,0,0,12,0,1,2,3,Called Strike,0,0,Observed,Observed,Observed,1,1,1
P05455,TOR_20260927_1_PA022,5456,3,0,2,0,0,0,0,0,0,14,0,1,2,3,Foul,0,0,Observed,Observed,Observed,1,1,1
P05456,TOR_20260927_1_PA022,5457,4,0,2,0,0,0,0,0,0,17,0,1,2,3,In Play,1,0,Observed,Observed,Observed,1,1,1
P05457,TOR_20260927_1_PA023,5458,1,0,0,0,0,0,0,0,0,13,0,1,0,1,Ball,0,0,Observed,Observed,Observed,1,1,1
P05458,TOR_20260927_1_PA023,5459,2,1,0,0,0,0,0,0,0,13,0,1,0,1,Ball,0,0,Observed,Observed,Observed,1,1,1
P05459,TOR_20260927_1_PA023,5460,3,2,0,0,0,0,0,0,0,14,0,1,0,1,Ball,0,0,Observed,Observed,Observed,1,1,1
P05460,TOR_20260927_1_PA023,5461,4,3,0,0,0,0,0,0,0,14,0,1,0,1,Ball,1,0,Observed,Observed,Observed,1,1,1
P05461,TOR_20260927_1_PA024,5462,1,0,0,1,0,0,0,1,0,4,0,0,0,0,Called Strike,0,0,Observed,Observed,Observed,1,1,1
P05462,TOR_20260927_1_PA024,5463,2,0,1,1,0,0,0,1,0,5,0,0,0,0,Ball,0,0,Observed,Observed,Observed,1,1,1
P05463,TOR_20260927_1_PA024,5464,3,1,1,1,0,0,0,1,0,4,0,0,0,0,Foul,0,0,Observed,Observed,Observed,1,1,1
P05464,TOR_20260927_1_PA024,5465,4,1,2,1,0,0,0,1,0,5,0,0,0,0,Ball,0,0,Observed,Observed,Observed,1,1,1
P05465,TOR_20260927_1_PA024,5466,5,2,2,1,0,0,0,1,0,4,0,0,0,0,Called Strike,1,0,Observed,Observed,Observed,1,1,1
P05466,TOR_20260927_1_PA025,5467,1,0,0,1,0,0,0,1,0,12,0,0,2,2,Ball,0,0,Observed,Observed,Observed,1,1,1
P05467,TOR_20260927_1_PA025,5468,2,1,0,1,0,0,0,1,0,16,0,1,2,3,Foul,0,0,Observed,Observed,Observed,1,1,1
P05468,TOR_20260927_1_PA025,5469,3,1,1,1,0,0,0,1,0,27,0,1,2,3,Foul,0,0,Observed,Observed,Observed,1,1,1
P05469,TOR_20260927_1_PA025,5470,4,1,2,1,0,0,0,1,0,19,0,1,2,3,In Play,1,0,Observed,Observed,Observed,1,1,1
P05470,TOR_20260927_1_PA026,5471,1,0,0,0,1,1,1,2,0,13,0,0,1,1,Ball,0,0,Observed,Observed,Observed,1,1,1
P05471,TOR_20260927_1_PA026,5472,2,1,0,0,1,1,1,2,0,13,0,0,1,1,Foul,0,0,Observed,Observed,Observed,1,1,1
P05472,TOR_20260927_1_PA026,5473,3,1,1,0,1,1,1,2,0,16,0,0,1,1,Ball,0,0,Observed,Observed,Observed,1,1,1
P05473,TOR_20260927_1_PA026,5474,4,2,1,0,1,1,1,2,0,15,0,1,0,1,Foul,0,0,Observed,Observed,Observed,1,1,1
P05474,TOR_20260927_1_PA026,5475,5,2,2,0,1,1,1,2,0,15,0,1,0,1,Foul,0,0,Observed,Observed,Observed,1,1,1
P05475,TOR_20260927_1_PA026,5476,6,2,2,0,1,1,1,2,0,14,0,0,1,1,In Play,1,0,Observed,Observed,Observed,1,1,1
P05476,TOR_20260927_1_PA027,5477,1,0,0,0,0,1,1,1,0,12,0,0,1,1,Ball,0,0,Observed,Observed,Observed,1,1,1
P05477,TOR_20260927_1_PA027,5478,2,1,0,0,0,1,1,1,0,13,0,1,1,2,In Play,1,0,Observed,Observed,Observed,1,1,1
P05478,TOR_20260927_1_PA028,5479,1,0,0,0,0,0,0,0,0,13,0,0,1,1,Called Strike,0,0,Observed,Observed,Observed,1,1,1
P05479,TOR_20260927_1_PA028,5480,2,0,1,0,0,0,0,0,0,13,0,0,0,0,Called Strike,0,0,Observed,Observed,Observed,1,1,1
P05480,TOR_20260927_1_PA028,5481,3,0,2,0,0,0,0,0,0,13,0,0,0,0,Ball,0,0,Observed,Observed,Observed,1,1,1
P05481,TOR_20260927_1_PA028,5482,4,1,2,0,0,0,0,0,0,15,0,0,0,0,Ball,0,0,Observed,Observed,Observed,1,1,1
P05482,TOR_20260927_1_PA028,5483,5,2,2,0,0,0,0,0,0,14,0,0,0,0,In Play,1,0,Observed,Observed,Observed,1,1,1
P05483,TOR_20260927_1_PA029,5484,1,0,0,1,0,0,0,1,0,12,0,1,2,3,In Play,1,0,Observed,Observed,Observed,1,1,1
P05484,TOR_20260927_1_PA030,5485,1,0,0,0,1,0,1,1,0,14,0,0,1,1,Called Strike,0,0,Observed,Observed,Observed,1,1,1
P05485,TOR_20260927_1_PA030,5486,2,0,1,0,1,0,1,1,0,14,0,0,0,0,Foul,0,0,Observed,Observed,Observed,1,1,1
P05486,TOR_20260927_1_PA030,5487,3,0,2,0,1,0,1,1,0,13,0,0,2,2,Swinging Strike,1,0,Observed,Observed,Observed,1,1,1
P05487,TOR_20260927_1_PA031,5488,1,0,0,0,1,0,1,1,0,13,0,1,2,3,Called Strike,0,0,Observed,Observed,Observed,1,1,1
P05488,TOR_20260927_1_PA031,5489,2,0,1,0,1,0,1,1,0,13,0,1,2,3,In Play,1,0,Observed,Observed,Observed,1,1,1
P05489,TOR_20260927_1_PA032,5490,1,0,0,0,0,0,0,0,0,13,0,1,0,1,Ball,0,0,Observed,Observed,Observed,1,1,1
P05490,TOR_20260927_1_PA032,5491,2,1,0,0,0,0,0,0,0,14,0,1,0,1,Swinging Strike,0,0,Observed,Observed,Observed,1,1,1
P05491,TOR_20260927_1_PA032,5492,3,1,1,0,0,0,0,0,0,14,0,1,0,1,Ball,0,0,Observed,Observed,Observed,1,1,1
P05492,TOR_20260927_1_PA032,5493,4,2,1,0,0,0,0,0,0,13,0,1,0,1,Called Strike,0,0,Observed,Observed,Observed,1,1,1
P05493,TOR_20260927_1_PA032,5494,5,2,2,0,0,0,0,0,0,15,0,1,0,1,Swinging Strike,1,0,Observed,Observed,Observed,1,1,1
P05494,TOR_20260927_1_PA033,5495,1,0,0,0,0,0,0,0,0,4,0,0,0,0,Called Strike,0,0,Observed,Observed,Observed,1,1,1
P05495,TOR_20260927_1_PA033,5496,2,0,1,0,0,0,0,0,0,5,0,0,0,0,Ball,0,0,Observed,Observed,Observed,1,1,1
P05496,TOR_20260927_1_PA033,5497,3,1,1,0,0,0,0,0,0,4,0,0,0,0,In Play,1,0,Observed,Observed,Observed,1,1,1
P05497,TOR_20260927_1_PA034,5498,1,0,0,0,0,0,0,0,0,16,0,0,2,2,Called Strike,0,0,Observed,Observed,Observed,1,1,1
P05498,TOR_20260927_1_PA034,5499,2,0,1,0,0,0,0,0,0,19,0,1,2,3,In Play,1,0,Observed,Observed,Observed,1,1,1
P05499,TOR_20260927_2_PA001,5500,1,0,0,0,0,0,0,0,0,13,0,0,1,1,Ball,0,0,Observed,Observed,Observed,1,1,1
P05500,TOR_20260927_2_PA001,5501,2,1,0,0,0,0,0,0,0,13,0,0,1,1,Swinging Strike,0,0,Observed,Observed,Observed,1,1,1
P05501,TOR_20260927_2_PA001,5502,3,1,1,0,0,0,0,0,0,16,0,0,1,1,Called Strike,0,0,Observed,Observed,Observed,1,1,1
P05502,TOR_20260927_2_PA001,5503,4,1,2,0,0,0,0,0,0,15,0,0,1,1,Swinging Strike,1,0,Observed,Observed,Observed,1,1,1
P05503,TOR_20260927_2_PA002,5504,1,0,0,0,0,0,0,0,0,12,0,0,1,1,Ball,0,0,Observed,Observed,Observed,1,1,1
P05504,TOR_20260927_2_PA002,5505,2,1,0,0,0,0,0,0,0,13,0,0,0,0,Called Strike,0,0,Observed,Observed,Observed,1,1,1
P05505,TOR_20260927_2_PA002,5506,3,1,1,0,0,0,0,0,0,12,0,0,1,1,Called Strike,0,0,Observed,Observed,Observed,1,1,1
P05506,TOR_20260927_2_PA002,5507,4,1,2,0,0,0,0,0,0,15,0,0,0,0,Ball,0,0,Observed,Observed,Observed,1,1,1
P05507,TOR_20260927_2_PA002,5508,5,2,2,0,0,0,0,0,0,13,0,0,0,0,Foul,0,0,Observed,Observed,Observed,1,1,1
P05508,TOR_20260927_2_PA002,5509,6,2,2,0,0,0,0,0,0,15,0,0,0,0,Ball,0,0,Observed,Observed,Observed,1,1,1
P05509,TOR_20260927_2_PA002,5510,7,3,2,0,0,0,0,0,0,14,0,0,0,0,In Play,1,0,Observed,Observed,Observed,1,1,1
P05510,TOR_20260927_2_PA003,5511,1,0,0,1,0,0,0,1,0,13,0,1,0,1,Ball,0,0,Observed,Observed,Observed,1,1,1
P05511,TOR_20260927_2_PA003,5512,2,1,0,1,0,0,0,1,0,13,0,1,0,1,Ball,0,0,Observed,Observed,Observed,1,1,1
P05512,TOR_20260927_2_PA003,5513,3,2,0,1,0,0,0,1,0,14,0,1,0,1,Ball,0,0,Observed,Observed,Observed,1,1,1
P05513,TOR_20260927_2_PA003,5514,4,3,0,1,0,0,0,1,0,15,0,1,0,1,Foul,0,0,Observed,Observed,Observed,1,1,1
P05514,TOR_20260927_2_PA003,5515,5,3,1,1,0,0,0,1,0,13,0,1,0,1,Called Strike,0,0,Observed,Observed,Observed,1,1,1
P05515,TOR_20260927_2_PA003,5516,6,3,2,1,0,0,0,1,0,15,0,1,0,1,Foul,0,0,Observed,Observed,Observed,1,1,1
P05516,TOR_20260927_2_PA003,5517,7,3,2,1,0,0,0,1,0,13,0,1,0,1,Called Strike,1,0,Observed,Observed,Observed,1,1,1
P05517,TOR_20260927_2_PA004,5518,1,0,0,1,0,0,0,1,0,14,0,0,1,1,Called Strike,0,0,Observed,Observed,Observed,1,1,1
P05518,TOR_20260927_2_PA004,5519,2,0,1,1,0,0,0,1,0,14,0,0,1,1,Ball,0,0,Observed,Observed,Observed,1,1,1
P05519,TOR_20260927_2_PA004,5520,3,1,1,1,0,0,0,1,0,15,0,0,1,1,Foul,0,0,Observed,Observed,Observed,1,1,1
P05520,TOR_20260927_2_PA004,5521,4,1,2,1,0,0,0,1,0,14,0,0,1,1,In Play,1,0,Observed,Observed,Observed,1,1,1
P05521,TOR_20260927_2_PA005,5522,1,0,0,0,0,0,0,0,0,9,1,0,1,2,Ball,0,0,Observed,Observed,Observed,1,1,1
P05522,TOR_20260927_2_PA005,5523,2,1,0,0,0,0,0,0,0,9,1,0,1,2,Ball,0,0,Observed,Observed,Observed,1,1,1
P05523,TOR_20260927_2_PA005,5524,3,2,0,0,0,0,0,0,0,9,1,0,1,2,Called Strike,0,0,Observed,Observed,Observed,1,1,1
P05524,TOR_20260927_2_PA005,5525,4,2,1,0,0,0,0,0,0,10,1,0,1,2,Swinging Strike,0,0,Observed,Observed,Observed,1,1,1
P05525,TOR_20260927_2_PA005,5526,5,2,2,0,0,0,0,0,0,9,0,0,0,0,Foul,0,0,Observed,Observed,Observed,1,1,1
P05526,TOR_20260927_2_PA005,5527,6,2,2,0,0,0,0,0,0,9,1,0,0,1,Ball,0,0,Observed,Observed,Observed,1,1,1
P05527,TOR_20260927_2_PA005,5528,7,3,2,0,0,0,0,0,0,9,1,0,0,1,Ball,1,0,Observed,Observed,Observed,1,1,1
P05528,TOR_20260927_2_PA006,5529,1,0,0,1,0,0,0,1,0,14,0,0,1,1,Ball,0,0,Observed,Observed,Observed,1,1,1
P05529,TOR_20260927_2_PA006,5530,2,1,0,1,0,0,0,1,0,14,0,0,1,1,Ball,0,0,Observed,Observed,Observed,1,1,1
P05530,TOR_20260927_2_PA006,5531,3,2,0,1,0,0,0,1,0,16,0,0,1,1,In Play,1,0,Observed,Observed,Observed,1,1,1
P05531,TOR_20260927_2_PA007,5532,1,0,0,0,0,0,0,0,0,13,0,0,1,1,Ball,0,0,Observed,Observed,Observed,1,1,1
P05532,TOR_20260927_2_PA007,5533,2,1,0,0,0,0,0,0,0,14,0,0,1,1,Called Strike,0,0,Observed,Observed,Observed,1,1,1
P05533,TOR_20260927_2_PA007,5534,3,1,1,0,0,0,0,0,0,15,0,0,0,0,Ball,0,0,Observed,Observed,Observed,1,1,1
P05534,TOR_20260927_2_PA007,5535,4,2,1,0,0,0,0,0,0,16,0,0,1,1,Ball,0,0,Observed,Observed,Observed,1,1,1
P05535,TOR_20260927_2_PA007,5536,5,3,1,0,0,0,0,0,0,15,0,0,1,1,Foul,0,0,Observed,Observed,Observed,1,1,1
P05536,TOR_20260927_2_PA007,5537,6,3,2,0,0,0,0,0,0,15,0,0,1,1,In Play,1,0,Observed,Observed,Observed,1,1,1
P05537,TOR_20260927_2_PA008,5538,1,0,0,0,0,0,0,0,0,13,0,0,1,1,Called Strike,0,0,Observed,Observed,Observed,1,1,1
P05538,TOR_20260927_2_PA008,5539,2,0,1,0,0,0,0,0,0,13,0,1,1,2,Ball,0,0,Observed,Observed,Observed,1,1,1
P05539,TOR_20260927_2_PA008,5540,3,1,1,0,0,0,0,0,1,14,0,0,1,1,Foul,0,0,Observed,Observed,Observed,1,1,1
P05540,TOR_20260927_2_PA008,5541,4,1,2,0,0,0,0,0,0,14,0,0,1,1,In Play,1,0,Observed,Observed,Observed,1,1,1
P05541,TOR_20260927_2_PA009,5542,1,0,0,0,0,0,0,0,0,12,0,1,1,2,Foul,0,0,Observed,Observed,Observed,1,1,1
P05542,TOR_20260927_2_PA009,5543,2,0,1,0,0,0,0,0,0,13,0,1,1,2,In Play,1,0,Observed,Observed,Observed,1,1,1
P05543,TOR_20260927_2_PA010,5544,1,0,0,0,0,0,0,0,0,13,0,0,1,1,Ball,0,0,Observed,Observed,Observed,1,1,1
P05544,TOR_20260927_2_PA010,5545,2,1,0,0,0,0,0,0,0,13,0,0,1,1,Ball,0,0,Observed,Observed,Observed,1,1,1
P05545,TOR_20260927_2_PA010,5546,3,2,0,0,0,0,0,0,0,14,0,0,1,1,Swinging Strike,0,0,Observed,Observed,Observed,1,1,1
P05546,TOR_20260927_2_PA010,5547,4,2,1,0,0,0,0,0,0,14,0,0,1,1,Foul,0,0,Observed,Observed,Observed,1,1,1
P05547,TOR_20260927_2_PA010,5548,5,2,2,0,0,0,0,0,0,14,0,0,1,1,Foul,0,0,Observed,Observed,Observed,1,1,1
P05548,TOR_20260927_2_PA010,5549,6,2,2,0,0,0,0,0,0,14,0,0,1,1,In Play,1,0,Observed,Observed,Observed,1,1,1
P05549,TOR_20260927_2_PA011,5550,1,0,0,0,1,0,1,1,0,14,0,0,1,1,Foul,0,0,Observed,Observed,Observed,1,1,1
P05550,TOR_20260927_2_PA011,5551,2,0,1,0,1,0,1,1,0,12,0,0,0,0,In Play,1,0,Observed,Observed,Observed,1,1,1
P05551,TOR_20260927_2_PA012,5552,1,0,0,1,0,1,1,2,0,13,0,1,0,1,Ball,0,0,Observed,Observed,Observed,1,1,1
P05552,TOR_20260927_2_PA012,5553,2,1,0,1,0,1,1,2,0,13,0,1,0,1,Ball,0,0,Observed,Observed,Observed,1,1,1
P05553,TOR_20260927_2_PA012,5554,3,2,0,1,0,1,1,2,0,14,0,1,0,1,Ball,0,0,Observed,Observed,Observed,1,1,1
P05554,TOR_20260927_2_PA012,5555,4,3,0,1,0,1,1,2,0,14,0,1,0,1,Ball,1,0,Observed,Observed,Observed,1,1,1
P05555,TOR_20260927_2_PA013,5556,1,0,0,1,1,1,1,3,0,12,0,0,1,1,Ball,0,0,Observed,Observed,Observed,1,1,1
P05556,TOR_20260927_2_PA013,5557,2,1,0,1,1,1,1,3,0,14,0,0,1,1,Ball,0,0,Observed,Observed,Observed,1,1,1
P05557,TOR_20260927_2_PA013,5558,3,2,0,1,1,1,1,3,0,14,0,0,1,1,In Play,1,0,Observed,Observed,Observed,1,1,1
P05558,TOR_20260927_2_PA014,5559,1,0,0,1,1,0,1,2,0,10,1,0,1,2,Called Strike,0,0,Observed,Observed,Observed,1,1,1
P05559,TOR_20260927_2_PA014,5560,2,0,1,1,1,0,1,2,0,9,1,0,1,2,Ball,0,0,Observed,Observed,Observed,1,1,1
P05560,TOR_20260927_2_PA014,5561,3,1,1,1,1,0,1,2,0,9,1,0,1,2,Ball,0,0,Observed,Observed,Observed,1,1,1
P05561,TOR_20260927_2_PA014,5562,4,2,1,1,1,0,1,2,0,9,1,0,0,1,Called Strike,0,0,Observed,Observed,Observed,1,1,1
P05562,TOR_20260927_2_PA014,5563,5,2,2,1,1,0,1,2,0,9,1,0,0,1,Ball,0,0,Observed,Observed,Observed,1,1,1
P05563,TOR_20260927_2_PA014,5564,6,3,2,1,1,0,1,2,0,9,0,0,0,0,Foul,0,0,Observed,Observed,Observed,1,1,1
P05564,TOR_20260927_2_PA014,5565,7,3,2,1,1,0,1,2,0,9,0,0,0,0,Foul,0,0,Observed,Observed,Observed,1,1,1
P05565,TOR_20260927_2_PA014,5566,8,3,2,1,1,0,1,2,0,9,1,0,0,1,In Play,1,0,Observed,Observed,Observed,1,1,1
P05566,TOR_20260927_2_PA015,5567,1,0,0,0,1,1,1,2,0,14,0,0,1,1,Ball,0,0,Observed,Observed,Observed,1,1,1
P05567,TOR_20260927_2_PA015,5568,2,1,0,0,1,1,1,2,0,14,0,0,1,1,Ball,0,0,Observed,Observed,Observed,1,1,1
P05568,TOR_20260927_2_PA015,5569,3,2,0,0,1,1,1,2,0,15,0,0,1,1,Ball,0,0,Observed,Observed,Observed,1,1,1
P05569,TOR_20260927_2_PA015,5570,4,3,0,0,1,1,1,2,0,14,0,0,1,1,Ball,1,0,Observed,Observed,Observed,1,1,1
P05570,TOR_20260927_2_PA016,5571,1,0,0,1,1,1,1,3,0,13,0,0,1,1,Called Strike,0,0,Observed,Observed,Observed,1,1,1
P05571,TOR_20260927_2_PA016,5572,2,0,1,1,1,1,1,3,0,14,0,0,1,1,Ball,0,0,Observed,Observed,Observed,1,1,1
P05572,TOR_20260927_2_PA016,5573,3,1,1,1,1,1,1,3,0,15,0,0,1,1,Called Strike,0,0,Observed,Observed,Observed,1,1,1
P05573,TOR_20260927_2_PA016,5574,4,1,2,1,1,1,1,3,0,16,0,0,1,1,Ball,0,0,Observed,Observed,Observed,1,1,1
P05574,TOR_20260927_2_PA016,5575,5,2,2,1,1,1,1,3,0,14,0,0,1,1,Swinging Strike,1,0,Observed,Observed,Observed,1,1,1
P05575,TOR_20260927_2_PA017,5576,1,0,0,0,0,0,0,0,0,13,0,0,1,1,Called Strike,0,0,Observed,Observed,Observed,1,1,1
P05576,TOR_20260927_2_PA017,5577,2,0,1,0,0,0,0,0,0,13,0,0,1,1,Foul,0,0,Observed,Observed,Observed,1,1,1
P05577,TOR_20260927_2_PA017,5578,3,0,2,0,0,0,0,0,0,14,0,0,1,1,HBP,1,0,Observed,Observed,Observed,1,1,1
P05578,TOR_20260927_2_PA018,5579,1,0,0,1,0,0,0,1,0,15,0,1,1,2,In Play,1,0,Observed,Observed,Observed,1,1,1
P05579,TOR_20260927_2_PA019,5580,1,0,0,0,0,0,0,0,0,5,0,0,0,0,Ball,0,0,Observed,Observed,Observed,1,1,1
P05580,TOR_20260927_2_PA019,5581,2,1,0,0,0,0,0,0,0,5,0,0,0,0,Ball,0,0,Observed,Observed,Observed,1,1,1
P05581,TOR_20260927_2_PA019,5582,3,2,0,0,0,0,0,0,0,5,0,0,0,0,Ball,0,0,Observed,Observed,Observed,1,1,1
P05582,TOR_20260927_2_PA019,5583,4,3,0,0,0,0,0,0,0,4,0,0,0,0,Called Strike,0,0,Observed,Observed,Observed,1,1,1
P05583,TOR_20260927_2_PA019,5584,5,3,1,0,0,0,0,0,0,4,0,0,0,0,Foul,0,0,Observed,Observed,Observed,1,1,1
P05584,TOR_20260927_2_PA019,5585,6,3,2,0,0,0,0,0,0,5,0,0,0,0,Swinging Strike,1,0,Observed,Observed,Observed,1,1,1
P05585,TOR_20260927_2_PA020,5586,1,0,0,0,0,0,0,0,0,12,0,0,1,1,Ball,0,0,Observed,Observed,Observed,1,1,1
P05586,TOR_20260927_2_PA020,5587,2,1,0,0,0,0,0,0,0,13,0,0,0,0,Called Strike,0,0,Observed,Observed,Observed,1,1,1
P05587,TOR_20260927_2_PA020,5588,3,1,1,0,0,0,0,0,0,12,0,0,1,1,Called Strike,0,0,Observed,Observed,Observed,1,1,1
P05588,TOR_20260927_2_PA020,5589,4,1,2,0,0,0,0,0,0,15,0,0,0,0,Called Strike,1,0,Observed,Observed,Observed,1,1,1
P05589,TOR_20260927_2_PA021,5590,1,0,0,0,0,0,0,0,0,13,0,1,0,1,Ball,0,0,Observed,Observed,Observed,1,1,1
P05590,TOR_20260927_2_PA021,5591,2,1,0,0,0,0,0,0,0,13,0,1,0,1,Called Strike,0,0,Observed,Observed,Observed,1,1,1
P05591,TOR_20260927_2_PA021,5592,3,1,1,0,0,0,0,0,0,14,0,1,0,1,Swinging Strike,0,0,Observed,Observed,Observed,1,1,1
P05592,TOR_20260927_2_PA021,5593,4,1,2,0,0,0,0,0,0,14,0,1,0,1,Ball,0,0,Observed,Observed,Observed,1,1,1
P05593,TOR_20260927_2_PA021,5594,5,2,2,0,0,0,0,0,0,15,0,1,0,1,Foul,0,0,Observed,Observed,Observed,1,1,1
P05594,TOR_20260927_2_PA021,5595,6,2,2,0,0,0,0,0,0,14,0,1,0,1,Ball,0,0,Observed,Observed,Observed,1,1,1
P05595,TOR_20260927_2_PA021,5596,7,3,2,0,0,0,0,0,0,15,0,1,0,1,Swinging Strike,1,0,Observed,Observed,Observed,1,1,1
P05596,TOR_20260927_2_PA022,5597,1,0,0,0,0,0,0,0,0,12,0,0,1,1,Ball,0,0,Observed,Observed,Observed,1,1,1
P05597,TOR_20260927_2_PA022,5598,2,1,0,0,0,0,0,0,0,14,0,0,1,1,Ball,0,0,Observed,Observed,Observed,1,1,1
P05598,TOR_20260927_2_PA022,5599,3,2,0,0,0,0,0,0,0,14,0,0,1,1,In Play,1,0,Observed,Observed,Observed,1,1,1
P05599,TOR_20260927_2_PA023,5600,1,0,0,0,0,0,0,0,0,10,1,0,1,2,Swinging Strike,0,0,Observed,Observed,Observed,1,1,1
P05600,TOR_20260927_2_PA023,5601,2,0,1,0,0,0,0,0,0,10,1,0,1,2,Called Strike,0,0,Observed,Observed,Observed,1,1,1
P05601,TOR_20260927_2_PA023,5602,3,0,2,0,0,0,0,0,0,9,1,0,1,2,Ball,0,0,Observed,Observed,Observed,1,1,1
P05602,TOR_20260927_2_PA023,5603,4,1,2,0,0,0,0,0,0,9,1,0,0,1,Called Strike,1,0,Observed,Observed,Observed,1,1,1
P05603,TOR_20260927_2_PA024,5604,1,0,0,0,0,0,0,0,0,12,0,0,1,1,Called Strike,0,0,Observed,Observed,Observed,1,1,1
P05604,TOR_20260927_2_PA024,5605,2,0,1,0,0,0,0,0,0,14,0,0,1,1,Ball,0,0,Observed,Observed,Observed,1,1,1
P05605,TOR_20260927_2_PA024,5606,3,1,1,0,0,0,0,0,0,16,0,0,1,1,Foul,0,0,Observed,Observed,Observed,1,1,1
P05606,TOR_20260927_2_PA024,5607,4,1,2,0,0,0,0,0,0,19,0,1,2,3,Swinging Strike,1,0,Observed,Observed,Observed,1,1,1
P05607,TOR_20260927_2_PA025,5608,1,0,0,0,0,0,0,0,0,13,0,0,1,1,Called Strike,0,0,Observed,Observed,Observed,1,1,1
P05608,TOR_20260927_2_PA025,5609,2,0,1,0,0,0,0,0,0,10,0,0,1,1,Foul,0,0,Observed,Observed,Observed,1,1,1
P05609,TOR_20260927_2_PA025,5610,3,0,2,0,0,0,0,0,0,15,0,0,0,0,Ball,0,0,Observed,Observed,Observed,1,1,1
P05610,TOR_20260927_2_PA025,5611,4,1,2,0,0,0,0,0,0,15,0,0,1,1,Foul,0,0,Observed,Observed,Observed,1,1,1
P05611,TOR_20260927_2_PA025,5612,5,1,2,0,0,0,0,0,0,15,0,0,1,1,In Play,1,0,Observed,Observed,Observed,1,1,1
P05612,TOR_20260927_2_PA026,5613,1,0,0,0,0,0,0,0,0,13,0,0,1,1,Ball,0,0,Observed,Observed,Observed,1,1,1
P05613,TOR_20260927_2_PA026,5614,2,1,0,0,0,0,0,0,0,13,0,1,1,2,Ball,0,0,Observed,Observed,Observed,1,1,1
P05614,TOR_20260927_2_PA026,5615,3,2,0,0,0,0,0,0,0,14,0,0,1,1,In Play,1,0,Observed,Observed,Observed,1,1,1
P05615,TOR_20260927_2_PA027,5616,1,0,0,0,0,0,0,0,0,12,0,1,1,2,Foul,0,0,Observed,Observed,Observed,1,1,1
P05616,TOR_20260927_2_PA027,5617,2,0,1,0,0,0,0,0,0,13,0,1,1,2,Ball,0,0,Observed,Observed,Observed,1,1,1
P05617,TOR_20260927_2_PA027,5618,3,1,1,0,0,0,0,0,0,15,0,0,0,0,In Play,1,0,Observed,Observed,Observed,1,1,1
P05618,TOR_20260927_2_PA028,5619,1,0,0,0,0,0,0,0,0,5,0,0,0,0,Swinging Strike,0,0,Observed,Observed,Observed,1,1,1
P05619,TOR_20260927_2_PA028,5620,2,0,1,0,0,0,0,0,0,4,0,0,0,0,Foul,0,0,Observed,Observed,Observed,1,1,1
P05620,TOR_20260927_2_PA028,5621,3,0,2,0,0,0,0,0,0,4,0,0,0,0,Called Strike,1,0,Observed,Observed,Observed,1,1,1
P05621,TOR_20260927_2_PA029,5622,1,0,0,0,0,0,0,0,0,12,0,0,1,1,In Play,1,0,Observed,Observed,Observed,1,1,1
P05622,TOR_20260927_2_PA030,5623,1,0,0,0,0,0,0,0,0,12,0,0,2,2,Ball,0,0,Observed,Observed,Observed,1,1,1
P05623,TOR_20260927_2_PA030,5624,2,1,0,0,0,0,0,0,0,16,0,1,2,3,Foul,0,0,Observed,Observed,Observed,1,1,1
P05624,TOR_20260927_2_PA030,5625,3,1,1,0,0,0,0,0,0,27,0,1,2,3,Foul,0,0,Observed,Observed,Observed,1,1,1
P05625,TOR_20260927_2_PA030,5626,4,1,2,0,0,0,0,0,0,19,0,1,2,3,Foul,0,0,Observed,Observed,Observed,1,1,1
P05626,TOR_20260927_2_PA030,5627,5,1,2,0,0,0,0,0,0,19,0,1,2,3,Foul,0,0,Observed,Observed,Observed,1,1,1
P05627,TOR_20260927_2_PA030,5628,6,1,2,0,0,0,0,0,0,18,0,1,2,3,Ball,0,0,Observed,Observed,Observed,1,1,1
P05628,TOR_20260927_2_PA030,5629,7,2,2,0,0,0,0,0,0,18,0,1,2,3,Ball,0,0,Observed,Observed,Observed,1,1,1
P05629,TOR_20260927_2_PA030,5630,8,3,2,0,0,0,0,0,0,19,0,1,2,3,In Play,1,0,Observed,Observed,Observed,1,1,1
P05630,TOR_20260927_2_PA031,5631,1,0,0,0,0,0,0,0,0,12,0,0,1,1,Ball,0,0,Observed,Observed,Observed,1,1,1
P05631,TOR_20260927_2_PA031,5632,2,1,0,0,0,0,0,0,0,16,0,0,1,1,In Play,1,0,Observed,Observed,Observed,1,1,1
P05632,TOR_20260927_2_PA032,5633,1,0,0,0,0,0,0,0,0,9,0,0,0,0,Foul,0,0,Observed,Observed,Observed,1,1,1
P05633,TOR_20260927_2_PA032,5634,2,0,1,0,0,0,0,0,0,9,0,0,0,0,Foul,0,0,Observed,Observed,Observed,1,1,1
P05634,TOR_20260927_2_PA032,5635,3,0,2,0,0,0,0,0,0,9,1,0,1,2,In Play,1,0,Observed,Observed,Observed,1,1,1
