pa_id,game_id,batter_id,inning,first_source_row,last_source_row,pitch_count,pa_result,pa_group,strikeout,hit_any,walk,hbp,pa_sequence_valid,outcome_inferred,outcome_comment_corrected,risp_start,disrupted_first_pitch,disrupted_any,disrupted_pitches,routine_n,routine_mean_secs,routine_sd_secs,tic_n,tics_mean,outcome_model_eligible
TOR_20260814_1_PA001,TOR_20260814_1,B004,1,2,3,2,Groundout,Batted_Out,0,0,0,0,1,0,0,0,0,0,0,2,4,0,2,0,1
TOR_20260814_1_PA002,TOR_20260814_1,B014,1,4,9,6,Walk,Walk,0,0,1,0,1,1,0,0,0,0,0,6,10.666666666666666,3.444802848737017,6,2,0
TOR_20260814_1_PA003,TOR_20260814_1,B009,2,10,12,3,Groundout,Batted_Out,0,0,0,0,1,0,0,0,0,0,0,3,15.666666666666666,1.1547005383792517,3,0,1
TOR_20260814_1_PA004,TOR_20260814_1,B001,2,13,18,6,Walk,Walk,0,0,1,0,1,0,0,0,0,0,0,6,13,6.387487769068525,6,1.6666666666666667,1
TOR_20260814_1_PA005,TOR_20260814_1,B002,2,19,20,2,Hit,Hit,0,1,0,0,1,0,0,0,0,0,0,2,7.5,0.7071067811865476,2,2,1
TOR_20260814_1_PA006,TOR_20260814_1,B012,2,21,25,5,Strikeout,Strikeout,1,0,0,0,1,0,0,1,0,0,0,5,14.6,3.4351128074635335,5,1.2,1
TOR_20260814_1_PA007,TOR_20260814_1,B010,2,26,27,2,Groundout,Batted_Out,0,0,0,0,1,0,0,1,0,0,0,2,8,1.4142135623730951,2,1,1
TOR_20260814_1_PA008,TOR_20260814_1,B008,3,28,29,2,Flyout,Batted_Out,0,0,0,0,1,0,0,0,0,0,0,2,6.5,0.7071067811865476,2,0,1
TOR_20260814_1_PA009,TOR_20260814_1,B004,3,30,33,4,Strikeout,Strikeout,1,0,0,0,1,0,0,0,0,0,0,4,13.25,2.362907813126304,4,0.5,1
TOR_20260814_1_PA010,TOR_20260814_1,B014,3,34,34,1,Flyout,Batted_Out,0,0,0,0,1,0,0,0,0,0,0,1,14,,1,1,1
TOR_20260814_1_PA011,TOR_20260814_1,B017,4,35,39,5,Flyout,Batted_Out,0,0,0,0,1,0,0,0,0,0,0,5,9.6,1.51657508881031,5,0.2,1
TOR_20260814_1_PA012,TOR_20260814_1,B009,4,40,43,4,Strikeout,Strikeout,1,0,0,0,1,0,0,0,0,0,0,4,11.75,0.9574271077563381,4,0.75,1
TOR_20260814_1_PA013,TOR_20260814_1,B001,4,44,49,6,Groundout,Batted_Out,0,0,0,0,1,0,0,0,0,0,0,6,14.666666666666666,5.391351098441528,6,2,1
TOR_20260814_1_PA014,TOR_20260814_1,B002,5,50,51,2,Flyout,Batted_Out,0,0,0,0,1,0,0,0,0,0,0,2,10,0,2,1,1
TOR_20260814_1_PA015,TOR_20260814_1,B012,5,52,56,5,Hit,Hit,0,1,0,0,1,0,0,0,0,0,0,5,10,2.345207879911715,5,1.4,1
TOR_20260814_1_PA016,TOR_20260814_1,B010,5,57,60,4,Strikeout,Strikeout,1,0,0,0,1,0,0,0,0,1,1,4,16.5,9.03696114115064,4,2,1
TOR_20260814_1_PA017,TOR_20260814_1,B008,5,61,62,2,Groundout,Batted_Out,0,0,0,0,1,0,0,0,0,0,0,2,12.5,0.7071067811865476,2,1,1
TOR_20260814_1_PA018,TOR_20260814_1,B004,6,63,64,2,Hit,Hit,0,1,0,0,1,0,0,0,0,0,0,2,12.5,2.1213203435596424,2,0,1
TOR_20260814_1_PA019,TOR_20260814_1,B014,6,65,68,4,Fielder's Choice,Fielders_Choice,0,0,0,0,1,0,0,0,1,1,1,4,15.75,2.6299556396765835,4,2.25,1
TOR_20260814_1_PA020,TOR_20260814_1,B017,6,69,74,6,Hit,Hit,0,1,0,0,1,0,0,0,0,1,1,6,25.833333333333332,31.965085119027396,6,0.6666666666666666,1
TOR_20260814_1_PA021,TOR_20260814_1,B009,6,75,79,5,Fielder's Choice,Fielders_Choice,0,0,0,0,1,0,0,1,0,0,0,5,15,3.605551275463989,5,1.2,1
TOR_20260814_1_PA022,TOR_20260814_1,B001,6,80,80,1,Hit,Hit,0,1,0,0,1,0,0,1,0,0,0,1,11,,1,2,1
TOR_20260814_1_PA023,TOR_20260814_1,B002,6,81,87,7,Strikeout,Strikeout,1,0,0,0,1,0,0,0,0,0,0,7,13,4.163331998932265,7,0.8571428571428571,1
TOR_20260814_1_PA024,TOR_20260814_1,B012,7,88,95,8,Groundout,Batted_Out,0,0,0,0,1,0,0,0,0,0,0,8,13.625,2.38671920665766,8,1.375,1
TOR_20260814_1_PA025,TOR_20260814_1,B010,7,96,99,4,Strikeout,Strikeout,1,0,0,0,1,0,0,0,1,1,1,4,39.5,47.73189010853576,4,1,1
TOR_20260814_1_PA026,TOR_20260814_1,B008,7,100,101,2,Hit,Hit,0,1,0,0,1,0,0,0,0,0,0,2,9,1.4142135623730951,2,1,1
TOR_20260814_1_PA027,TOR_20260814_1,B004,7,102,103,2,Hit,Hit,0,1,0,0,1,0,0,0,0,0,0,2,11,0,2,0,1
TOR_20260814_1_PA028,TOR_20260814_1,B014,7,104,109,6,Flyout,Batted_Out,0,0,0,0,1,0,0,1,0,1,1,6,35.166666666666664,38.63375035725456,6,2.3333333333333335,1
TOR_20260814_1_PA029,TOR_20260814_1,B005,8,110,115,6,Strikeout,Strikeout,1,0,0,0,1,0,0,0,0,0,0,6,15.333333333333334,2.943920288775949,6,0.8333333333333334,1
TOR_20260814_1_PA030,TOR_20260814_1,B009,8,116,118,3,Strikeout,Strikeout,1,0,0,0,1,0,0,0,0,0,0,3,14.333333333333334,7.571877794400365,3,1,1
TOR_20260814_1_PA031,TOR_20260814_1,B001,8,119,120,2,Home Run,Hit,0,1,0,0,1,0,1,0,0,0,0,2,12,2.8284271247461903,2,1,1
TOR_20260814_1_PA032,TOR_20260814_1,B002,8,121,121,1,Groundout,Batted_Out,0,0,0,0,1,0,0,0,0,0,0,1,9,,1,1,1
TOR_20260815_1_PA001,TOR_20260815_1,B004,1,122,125,4,Hit,Hit,0,1,0,0,1,0,0,0,0,0,0,4,7,0.816496580927726,4,0,1
TOR_20260815_1_PA002,TOR_20260815_1,B014,1,126,127,2,Groundout,Batted_Out,0,0,0,0,1,0,0,0,0,0,0,2,7,0,2,1.5,1
TOR_20260815_1_PA003,TOR_20260815_1,B001,1,128,131,4,Groundout,Batted_Out,0,0,0,0,1,0,0,1,0,1,1,4,22.5,12.396235987858034,4,2.5,1
TOR_20260815_1_PA004,TOR_20260815_1,B010,1,132,136,5,Walk,Walk,0,0,1,0,1,0,0,1,0,0,0,5,18,2.1213203435596424,5,1.6,1
TOR_20260815_1_PA005,TOR_20260815_1,B012,1,137,140,4,Strikeout,Strikeout,1,0,0,0,1,0,0,1,0,0,0,4,21.5,2.3804761428476167,4,1.5,1
TOR_20260815_1_PA006,TOR_20260815_1,B002,2,141,144,4,Flyout,Batted_Out,0,0,0,0,1,0,0,0,0,0,0,4,15.75,7.41057802513857,4,2,1
TOR_20260815_1_PA007,TOR_20260815_1,B003,2,145,149,5,Strikeout,Strikeout,1,0,0,0,1,0,0,0,0,0,0,5,19.4,4.827007354458868,5,2.2,1
TOR_20260815_1_PA008,TOR_20260815_1,B011,2,150,154,5,Strikeout,Strikeout,1,0,0,0,1,0,0,0,0,0,0,5,22,3.5355339059327378,5,3.2,1
TOR_20260815_1_PA009,TOR_20260815_1,B005,3,155,156,2,Flyout,Batted_Out,0,0,0,0,1,0,0,0,0,0,0,2,14.5,3.5355339059327378,2,2.5,1
TOR_20260815_1_PA010,TOR_20260815_1,B004,3,157,162,6,Walk,Walk,0,0,1,0,1,0,0,0,0,0,0,6,11.799999999999999,2.85657137141714,6,0.3333333333333333,1
TOR_20260815_1_PA011,TOR_20260815_1,B014,3,163,167,5,Hit,Hit,0,1,0,0,1,0,0,0,1,1,1,5,26.6,10.714476188783099,5,2.4,1
TOR_20260815_1_PA012,TOR_20260815_1,B001,3,168,171,4,Hit,Hit,0,1,0,0,1,0,0,1,0,0,0,4,21,3.6514837167011076,4,3.25,1
TOR_20260815_1_PA013,TOR_20260815_1,B010,3,172,175,4,Strikeout,Strikeout,1,0,0,0,1,0,0,1,0,0,0,4,21.75,3.593976442141304,4,2,1
TOR_20260815_1_PA014,TOR_20260815_1,B012,3,176,180,5,Flyout,Batted_Out,0,0,0,0,1,0,0,1,0,0,0,5,16.2,2.8635642126552705,5,1,1
TOR_20260815_1_PA015,TOR_20260815_1,B002,4,181,184,4,Flyout,Batted_Out,0,0,0,0,1,0,0,0,0,0,0,4,14.5,0.5773502691896257,4,1.25,1
TOR_20260815_1_PA016,TOR_20260815_1,B003,4,185,190,6,Strikeout,Strikeout,1,0,0,0,1,0,0,0,0,0,0,6,13.833333333333334,4.622409184253019,6,1.5,1
TOR_20260815_1_PA017,TOR_20260815_1,B011,4,191,196,6,Strikeout,Strikeout,1,0,0,0,1,0,0,0,0,1,1,6,19.333333333333332,8.382521498133285,6,1.3333333333333333,1
TOR_20260815_1_PA018,TOR_20260815_1,B005,5,197,200,4,Strikeout,Strikeout,1,0,0,0,1,0,0,0,0,0,0,4,11.5,3.1091263510296048,4,0.75,1
TOR_20260815_1_PA019,TOR_20260815_1,B004,5,201,203,3,Groundout,Batted_Out,0,0,0,0,1,0,0,0,0,0,0,3,13.666666666666666,4.041451884327381,3,0.6666666666666666,1
TOR_20260815_1_PA020,TOR_20260815_1,B014,5,204,204,1,Groundout,Batted_Out,0,0,0,0,1,0,0,0,0,0,0,1,21,,1,2,1
TOR_20260815_1_PA021,TOR_20260815_1,B001,6,205,209,5,Groundout,Batted_Out,0,0,0,0,1,0,0,0,0,0,0,5,17.6,7.469939758793239,5,2.8,1
TOR_20260815_1_PA022,TOR_20260815_1,B010,6,210,215,6,Walk,Walk,0,0,1,0,1,0,0,0,0,0,0,6,16.666666666666668,4.0824829046386295,6,1.5,1
TOR_20260815_1_PA023,TOR_20260815_1,B012,6,216,219,4,Hit,Hit,0,1,0,0,1,0,0,0,0,0,0,4,14.75,4.272001872658765,4,1.75,1
TOR_20260815_1_PA024,TOR_20260815_1,B002,6,220,223,4,Strikeout,Strikeout,1,0,0,0,1,0,0,1,0,0,0,4,16.5,5.259911279353167,4,1.25,1
TOR_20260815_1_PA025,TOR_20260815_1,B003,6,224,231,8,Groundout,Batted_Out,0,0,0,0,1,0,0,1,0,0,0,8,19.25,3.654742515847438,8,1.75,1
TOR_20260815_1_PA026,TOR_20260815_1,B008,7,232,232,1,Hit,Hit,0,1,0,0,1,0,0,0,0,0,0,1,13,,1,0,1
TOR_20260815_1_PA027,TOR_20260815_1,B005,7,233,236,4,Hit,Hit,0,1,0,0,1,0,0,0,0,0,0,4,12.75,3.8622100754188224,4,2,1
TOR_20260815_1_PA028,TOR_20260815_1,B004,7,237,238,2,Hit,Hit,0,1,0,0,1,0,0,1,0,0,0,2,13.5,2.1213203435596424,2,0,1
TOR_20260815_1_PA029,TOR_20260815_1,B014,7,239,239,1,Groundout,Batted_Out,0,0,0,0,1,0,0,1,0,0,0,1,18,,1,2,1
TOR_20260815_1_PA030,TOR_20260815_1,B013,7,240,247,8,Strikeout,Strikeout,1,0,0,0,1,0,0,1,0,0,0,8,16.875,4.940720016932176,8,1.75,1
TOR_20260815_1_PA031,TOR_20260815_1,B012,7,248,251,4,Flyout,Batted_Out,0,0,0,0,1,0,0,1,0,0,0,4,16.75,0.5,4,2,1
TOR_20260815_1_PA032,TOR_20260815_1,B002,8,252,254,3,Hit,Hit,0,1,0,0,1,0,0,0,0,0,0,3,14.333333333333334,0.5773502691896257,3,2.3333333333333335,1
TOR_20260815_1_PA033,TOR_20260815_1,B003,8,255,263,9,HBP,HBP,0,0,0,1,1,0,0,0,0,0,0,9,16.666666666666668,3.9999999999999996,9,1.3333333333333333,1
TOR_20260815_1_PA034,TOR_20260815_1,B008,8,264,267,4,Hit,Hit,0,1,0,0,1,0,0,1,0,0,0,4,10.25,0.9574271077563381,4,0.25,1
TOR_20260815_1_PA035,TOR_20260815_1,B005,8,268,273,6,Hit,Hit,0,1,0,0,1,0,0,1,0,0,0,6,14.5,3.6193922141707713,6,2.1666666666666665,1
TOR_20260815_1_PA036,TOR_20260815_1,B004,8,274,277,4,Flyout,Batted_Out,0,0,0,0,1,0,0,1,0,0,0,4,11,1.4142135623730951,4,0,1
TOR_20260815_1_PA037,TOR_20260815_1,B014,8,278,278,1,Groundout,Batted_Out,0,0,0,0,1,0,0,1,0,0,0,1,10,,1,3,1
TOR_20260815_1_PA038,TOR_20260815_1,B013,8,279,279,1,Groundout,Batted_Out,0,0,0,0,1,0,0,1,0,0,0,1,17,,1,1,1
TOR_20260816_1_PA001,TOR_20260816_1,B004,1,280,281,2,Groundout,Batted_Out,0,0,0,0,1,0,0,0,0,0,0,2,10.5,0.7071067811865476,2,0,1
TOR_20260816_1_PA002,TOR_20260816_1,B005,1,282,283,2,Flyout,Batted_Out,0,0,0,0,1,0,0,0,0,0,0,2,16.5,0.7071067811865476,2,1.5,1
TOR_20260816_1_PA003,TOR_20260816_1,B001,1,284,288,5,Flyout,Batted_Out,0,0,0,0,1,0,0,0,0,0,0,5,14.4,1.816590212458495,5,3.2,1
TOR_20260816_1_PA004,TOR_20260816_1,B009,2,289,290,2,Groundout,Batted_Out,0,0,0,0,1,0,0,0,0,0,0,2,14.5,0.7071067811865476,2,0,1
TOR_20260816_1_PA005,TOR_20260816_1,B008,2,291,295,5,Flyout,Batted_Out,0,0,0,0,1,0,0,0,0,0,0,5,15.6,3.2093613071762426,5,1.6,1
TOR_20260816_1_PA006,TOR_20260816_1,B012,2,296,301,6,Flyout,Batted_Out,0,0,0,0,1,0,0,0,0,0,0,6,13.333333333333334,2.875181153713043,6,1.6666666666666667,1
TOR_20260816_1_PA007,TOR_20260816_1,B007,3,302,306,5,Strikeout,Strikeout,1,0,0,0,1,0,0,0,0,0,0,5,15,3.9370039370059056,5,3.6,1
TOR_20260816_1_PA008,TOR_20260816_1,B002,3,307,311,5,Strikeout,Strikeout,1,0,0,0,1,0,0,0,0,0,0,5,14.8,1.9235384061671346,5,1,1
TOR_20260816_1_PA009,TOR_20260816_1,B013,3,312,312,1,Flyout,Batted_Out,0,0,0,0,1,0,0,0,0,0,0,1,22,,1,1,1
TOR_20260816_1_PA010,TOR_20260816_1,B004,4,313,317,5,Strikeout,Strikeout,1,0,0,0,1,0,0,0,0,0,0,5,13,3.1622776601683795,5,0,1
TOR_20260816_1_PA011,TOR_20260816_1,B005,4,318,319,2,Hit,Hit,0,1,0,0,1,0,0,0,0,0,0,2,12.5,2.1213203435596424,2,2,1
TOR_20260816_1_PA012,TOR_20260816_1,B001,4,320,321,2,Hit,Hit,0,1,0,0,1,0,0,0,0,0,0,2,17,1.4142135623730951,2,3,1
TOR_20260816_1_PA013,TOR_20260816_1,B009,4,322,323,2,Groundout,Batted_Out,0,0,0,0,1,0,0,1,0,0,0,2,10,0,2,1,1
TOR_20260816_1_PA014,TOR_20260816_1,B008,5,324,326,3,Groundout,Batted_Out,0,0,0,0,1,0,0,0,0,0,0,3,13.333333333333334,1.5275252316519468,3,1,1
TOR_20260816_1_PA015,TOR_20260816_1,B012,5,327,328,2,Hit,Hit,0,1,0,0,1,0,0,0,0,0,0,2,13,0,2,3,1
TOR_20260816_1_PA016,TOR_20260816_1,B007,5,329,331,3,Hit,Hit,0,1,0,0,1,0,0,1,0,0,0,3,18,3.605551275463989,3,3,1
TOR_20260816_1_PA017,TOR_20260816_1,B002,5,332,337,6,Groundout,Batted_Out,0,0,0,0,1,0,0,1,0,0,0,6,19.5,3.331666249791536,6,2.1666666666666665,1
TOR_20260816_1_PA018,TOR_20260816_1,B013,6,338,344,7,Walk,Walk,0,0,1,0,1,0,0,0,0,0,0,7,17.428571428571427,3.309438162646486,7,1,1
TOR_20260816_1_PA019,TOR_20260816_1,B004,6,345,346,2,Fielder's Choice,Fielders_Choice,0,0,0,0,1,0,0,0,0,0,0,2,20.5,0.7071067811865476,2,0,1
TOR_20260816_1_PA020,TOR_20260816_1,B005,6,347,349,3,Hit,Hit,0,1,0,0,1,0,0,0,0,1,1,3,20,10.392304845413264,3,2.6666666666666665,1
TOR_20260816_1_PA021,TOR_20260816_1,B001,6,350,354,5,Groundout,Batted_Out,0,0,0,0,1,0,0,1,0,0,0,5,14.4,2.1908902300206643,5,2.6,1
TOR_20260816_1_PA022,TOR_20260816_1,B009,7,355,357,3,Groundout,Batted_Out,0,0,0,0,1,0,0,0,0,0,0,3,11.333333333333334,4.163331998932265,3,1.6666666666666667,1
TOR_20260816_1_PA023,TOR_20260816_1,B008,7,358,361,4,Groundout,Batted_Out,0,0,0,0,1,0,0,0,0,0,0,4,9.75,0.9574271077563381,4,0.25,1
TOR_20260816_1_PA024,TOR_20260816_1,B012,7,362,365,4,Strikeout,Strikeout,1,0,0,0,1,0,0,0,0,0,0,4,11.75,2.8722813232690143,4,0,1
TOR_20260816_1_PA025,TOR_20260816_1,B007,8,366,371,6,Groundout,Batted_Out,0,0,0,0,1,0,0,0,0,0,0,6,15.166666666666666,2.857738033247041,6,0.5,1
TOR_20260816_1_PA026,TOR_20260816_1,B002,8,372,374,3,Hit,Hit,0,1,0,0,1,0,0,0,0,0,0,3,14.666666666666666,5.507570547286102,3,2,1
TOR_20260816_1_PA027,TOR_20260816_1,B014,8,375,377,3,Flyout,Batted_Out,0,0,0,0,1,0,0,0,0,0,0,3,18,1,3,2.3333333333333335,1
TOR_20260816_1_PA028,TOR_20260816_1,B004,8,378,384,7,Strikeout,Strikeout,1,0,0,0,1,0,0,0,0,0,0,7,12.571428571428571,1.902379462422684,7,0,1
TOR_20260816_1_PA029,TOR_20260816_1,B011,9,385,387,3,Hit,Hit,0,1,0,0,1,0,0,0,0,0,0,3,19.666666666666668,2.081665999466133,3,1.3333333333333333,1
TOR_20260816_1_PA030,TOR_20260816_1,B001,9,388,392,5,Walk,Walk,0,0,1,0,1,0,0,0,0,0,0,5,14.6,1.6733200530681511,5,3,1
TOR_20260816_1_PA031,TOR_20260816_1,B009,9,393,396,4,Flyout,Batted_Out,0,0,0,0,1,0,0,1,0,0,0,4,12.75,2.217355782608345,4,1,1
TOR_20260816_1_PA032,TOR_20260816_1,B008,9,397,401,5,Flyout,Batted_Out,0,0,0,0,1,0,0,1,0,0,0,5,11.8,1.9235384061671343,5,0.4,1
TOR_20260816_1_PA033,TOR_20260816_1,B012,9,402,402,1,Groundout,Batted_Out,0,0,0,0,1,0,0,1,0,0,0,1,13,,1,1,1
TOR_20260816_1_PA034,TOR_20260816_1,B007,10,403,403,1,Groundout,Batted_Out,0,0,0,0,1,0,0,1,0,0,0,1,22,,1,3,1
TOR_20260816_1_PA035,TOR_20260816_1,B002,10,404,405,2,Hit,Hit,0,1,0,0,1,0,0,1,0,0,0,2,12,2.8284271247461903,2,1,1
TOR_20260816_1_PA036,TOR_20260816_1,B014,10,406,409,4,Flyout,Batted_Out,0,0,0,0,1,0,0,0,0,0,0,4,17,2.160246899469287,4,2.5,1
TOR_20260816_1_PA037,TOR_20260816_1,B004,10,410,413,4,Groundout,Batted_Out,0,0,0,0,1,0,0,0,0,0,0,4,12.25,1.5,4,0,1
TOR_20260818_1_PA001,TOR_20260818_1,B004,1,414,416,3,Strikeout,Strikeout,1,0,0,0,1,0,0,0,0,0,0,3,14.333333333333334,1.1547005383792517,3,0,1
TOR_20260818_1_PA002,TOR_20260818_1,B014,1,417,418,2,Flyout,Batted_Out,0,0,0,0,1,0,0,0,0,0,0,2,11,1.4142135623730951,2,3,1
TOR_20260818_1_PA003,TOR_20260818_1,B001,1,419,425,7,Hit,Hit,0,1,0,0,1,0,0,0,0,0,0,7,14,3.0550504633038935,7,3.142857142857143,1
TOR_20260818_1_PA004,TOR_20260818_1,B009,1,426,428,3,Hit,Hit,0,1,0,0,1,0,0,1,0,0,0,3,20,0,3,0.6666666666666666,1
TOR_20260818_1_PA005,TOR_20260818_1,B010,1,429,431,3,Hit,Hit,0,1,0,0,1,0,0,0,0,0,0,3,16.666666666666668,1.1547005383792515,3,1,1
TOR_20260818_1_PA006,TOR_20260818_1,B012,1,432,433,2,Flyout,Batted_Out,0,0,0,0,1,0,0,1,0,0,0,2,17.5,0.7071067811865476,2,3,1
TOR_20260818_1_PA007,TOR_20260818_1,B002,2,434,435,2,Hit,Hit,0,1,0,0,1,0,0,0,0,0,0,2,11.5,0.7071067811865476,2,1,1
TOR_20260818_1_PA008,TOR_20260818_1,B008,2,436,437,2,Fielder's Choice,Fielders_Choice,0,0,0,0,1,0,0,0,0,1,1,2,23,12.727922061357855,2,2,1
TOR_20260818_1_PA009,TOR_20260818_1,B011,2,438,442,5,Strikeout,Strikeout,1,0,0,0,1,0,0,0,0,0,0,5,16.8,2.7748873851023212,5,4.2,1
TOR_20260818_1_PA010,TOR_20260818_1,B004,2,443,446,4,Groundout,Batted_Out,0,0,0,0,1,0,0,0,1,1,1,4,24.5,11.789826122551595,4,0,1
TOR_20260818_1_PA011,TOR_20260818_1,B014,3,447,453,7,Walk,Walk,0,0,1,0,1,0,0,0,0,0,0,7,16.428571428571427,4.429339411136565,7,3.4285714285714284,1
TOR_20260818_1_PA012,TOR_20260818_1,B001,3,454,460,7,Hit,Hit,0,1,0,0,1,0,0,0,0,0,0,7,15,3.366501646120693,7,3,1
TOR_20260818_1_PA013,TOR_20260818_1,B009,3,461,463,3,Hit,Hit,0,1,0,0,1,0,0,0,0,0,0,3,15.333333333333334,0.5773502691896257,3,2,1
TOR_20260818_1_PA014,TOR_20260818_1,B010,3,464,467,4,Strikeout,Strikeout,1,0,0,0,1,0,0,0,0,0,0,4,17.5,2.3804761428476167,4,1.5,1
TOR_20260818_1_PA015,TOR_20260818_1,B012,3,468,472,5,Strikeout,Strikeout,1,0,0,0,1,0,0,0,0,0,0,5,13.2,1.6431676725154982,5,0.4,1
TOR_20260818_1_PA016,TOR_20260818_1,B002,3,473,473,1,Flyout,Batted_Out,0,0,0,0,1,0,0,1,0,0,0,1,13,,1,3,1
TOR_20260818_1_PA017,TOR_20260818_1,B008,4,474,477,4,Hit,Hit,0,1,0,0,1,0,0,0,0,0,0,4,15,1.8257418583505538,4,1.25,1
TOR_20260818_1_PA018,TOR_20260818_1,B011,4,478,480,3,Flyout,Batted_Out,0,0,0,0,1,0,0,0,0,0,0,3,13.333333333333334,1.5275252316519468,3,3,1
TOR_20260818_1_PA019,TOR_20260818_1,B004,4,481,481,1,Hit,Hit,0,1,0,0,1,0,0,0,1,1,1,1,32,,1,0,1
TOR_20260818_1_PA020,TOR_20260818_1,B014,4,482,487,6,Strikeout,Strikeout,1,0,0,0,1,0,0,1,0,1,1,6,18.333333333333332,9.458682078739441,6,2.1666666666666665,1
TOR_20260818_1_PA021,TOR_20260818_1,B001,4,488,489,2,Hit,Hit,0,1,0,0,1,0,0,1,0,0,0,2,15,1.4142135623730951,2,3,1
TOR_20260818_1_PA022,TOR_20260818_1,B009,4,490,495,6,Walk,Walk,0,0,1,0,1,0,0,1,0,0,0,6,15,2.5298221281347035,6,0.3333333333333333,1
TOR_20260818_1_PA023,TOR_20260818_1,B010,4,496,497,2,Groundout,Batted_Out,0,0,0,0,1,0,0,1,0,0,0,2,12.5,2.1213203435596424,2,1.5,1
TOR_20260818_1_PA024,TOR_20260818_1,B012,5,498,501,4,Hit,Hit,0,1,0,0,1,0,0,0,0,0,0,4,10.25,1.8929694486000912,4,0.5,1
TOR_20260818_1_PA025,TOR_20260818_1,B002,5,502,504,3,Groundout,Batted_Out,0,0,0,0,1,0,0,0,0,0,0,3,10,1,3,1,1
TOR_20260818_1_PA026,TOR_20260818_1,B008,5,505,506,2,Hit,Hit,0,1,0,0,1,0,0,0,0,0,0,2,8.5,0.7071067811865476,2,0,1
TOR_20260818_1_PA027,TOR_20260818_1,B011,5,507,507,1,Groundout,Batted_Out,0,0,0,0,1,0,0,0,0,0,0,1,10,,1,3,1
TOR_20260818_1_PA028,TOR_20260818_1,B004,5,508,510,3,Hit,Hit,0,1,0,0,1,0,0,1,0,0,0,3,10,1,3,0,1
TOR_20260818_1_PA029,TOR_20260818_1,B014,5,511,512,2,Groundout,Batted_Out,0,0,0,0,1,0,0,0,0,0,0,2,11,4.242640687119285,2,3,1
TOR_20260818_1_PA030,TOR_20260818_1,B001,6,513,516,4,Groundout,Batted_Out,0,0,0,0,1,0,0,0,0,0,0,4,9.75,1.5,4,2.5,1
TOR_20260818_1_PA031,TOR_20260818_1,B009,6,517,520,4,Strikeout,Strikeout,1,0,0,0,1,0,0,0,0,0,0,4,14,1.8257418583505538,4,0,1
TOR_20260818_1_PA032,TOR_20260818_1,B010,6,521,527,7,Walk,Walk,0,0,1,0,1,0,0,0,0,0,0,7,18.142857142857142,2.0354009783964297,7,1.1428571428571428,1
TOR_20260818_1_PA033,TOR_20260818_1,B012,6,528,531,4,Flyout,Batted_Out,0,0,0,0,1,0,0,0,0,0,0,4,20,3.366501646120693,4,1.25,1
TOR_20260818_1_PA034,TOR_20260818_1,B002,7,532,534,3,Flyout,Batted_Out,0,0,0,0,1,0,0,0,0,0,0,3,12.666666666666666,1.5275252316519468,3,1.3333333333333333,1
TOR_20260818_1_PA035,TOR_20260818_1,B008,7,535,536,2,Hit,Hit,0,1,0,0,1,0,0,0,0,0,0,2,15.5,0.7071067811865476,2,1,1
TOR_20260818_1_PA036,TOR_20260818_1,B011,7,537,538,2,Hit,Hit,0,1,0,0,1,0,0,0,0,0,0,2,19,1.4142135623730951,2,3,1
TOR_20260818_1_PA037,TOR_20260818_1,B004,7,539,540,2,Groundout,Batted_Out,0,0,0,0,1,0,0,0,0,0,0,2,19.5,0.7071067811865476,2,0,1
TOR_20260818_1_PA038,TOR_20260818_1,B014,7,541,545,5,Strikeout,Strikeout,1,0,0,0,1,0,0,0,0,0,0,5,16.4,0.8944271909999159,5,2.6,1
TOR_20260818_1_PA039,TOR_20260818_1,B001,8,546,547,2,Groundout,Batted_Out,0,0,0,0,1,0,0,0,0,0,0,2,14.5,0.7071067811865476,2,2,1
TOR_20260818_1_PA040,TOR_20260818_1,B009,8,548,550,3,Hit,Hit,0,1,0,0,1,0,0,0,0,0,0,3,15.333333333333334,1.1547005383792517,3,0,1
TOR_20260818_1_PA041,TOR_20260818_1,B013,8,551,551,1,Hit,Hit,0,1,0,0,1,0,0,1,0,0,0,1,14,,1,1,1
TOR_20260818_1_PA042,TOR_20260818_1,B012,8,552,554,3,Fielder's Choice,Fielders_Choice,0,0,0,0,1,0,0,1,0,0,0,3,17.333333333333332,7.571877794400365,3,1.3333333333333333,1
TOR_20260818_1_PA043,TOR_20260818_1,B002,8,555,556,2,Groundout,Batted_Out,0,0,0,0,1,0,0,1,0,0,0,2,20,0,2,2,1
TOR_20260818_1_PA044,TOR_20260818_1,B008,9,557,559,3,Groundout,Batted_Out,0,0,0,0,1,0,0,0,0,0,0,3,18.333333333333332,1.5275252316519468,3,0.3333333333333333,1
TOR_20260818_1_PA045,TOR_20260818_1,B011,9,560,560,1,Hit,Hit,0,1,0,0,1,0,0,0,0,0,0,1,21,,1,3,1
TOR_20260818_1_PA046,TOR_20260818_1,B004,9,561,562,2,Fielder's Choice,Fielders_Choice,0,0,0,0,1,0,0,0,0,0,0,2,18.5,2.1213203435596424,2,1,1
TOR_20260818_1_PA047,TOR_20260818_1,B014,9,563,565,3,Hit,Hit,0,1,0,0,1,0,0,0,0,0,0,3,19.333333333333332,3.2145502536643185,3,3.3333333333333335,1
TOR_20260818_1_PA048,TOR_20260818_1,B001,9,566,570,5,Groundout,Batted_Out,0,0,0,0,1,0,0,1,0,1,1,5,19.8,10.497618777608567,5,3,1
TOR_20260819_1_PA001,TOR_20260819_1,B004,1,571,571,1,Groundout,Batted_Out,0,0,0,0,1,0,0,0,0,0,0,1,10,,1,0,1
TOR_20260819_1_PA002,TOR_20260819_1,B014,1,572,575,4,Strikeout,Strikeout,1,0,0,0,1,0,0,0,0,0,0,4,13.75,1.5,4,3,1
TOR_20260819_1_PA003,TOR_20260819_1,B001,1,576,576,1,Groundout,Batted_Out,0,0,0,0,1,0,0,0,0,0,0,1,13,,1,3,1
TOR_20260819_1_PA004,TOR_20260819_1,B012,2,577,582,6,Groundout,Batted_Out,0,0,0,0,1,0,0,0,0,0,0,6,14.666666666666666,2.1602468994692865,6,0,1
TOR_20260819_1_PA005,TOR_20260819_1,B002,2,583,583,1,Flyout,Batted_Out,0,0,0,0,1,0,0,0,0,0,0,1,11,,1,2,1
TOR_20260819_1_PA006,TOR_20260819_1,B010,2,584,586,3,Strikeout,Strikeout,1,0,0,0,1,0,0,0,0,0,0,3,15.333333333333334,0.5773502691896257,3,1,1
TOR_20260819_1_PA007,TOR_20260819_1,B011,3,587,591,5,Flyout,Batted_Out,0,0,0,0,1,0,0,0,0,0,0,5,13.2,1.4832396974191326,5,2.8,1
TOR_20260819_1_PA008,TOR_20260819_1,B003,3,592,596,5,Strikeout,Strikeout,1,0,0,0,1,0,0,0,0,0,0,5,13.6,2.8809720581775866,5,1,1
TOR_20260819_1_PA009,TOR_20260819_1,B005,3,597,599,3,Hit,Hit,0,1,0,0,1,0,0,0,0,0,0,3,12.333333333333334,3.055050463303893,3,1,1
TOR_20260819_1_PA010,TOR_20260819_1,B004,3,600,603,4,Groundout,Batted_Out,0,0,0,0,1,0,0,0,0,0,0,4,17,4.242640687119285,4,0,1
TOR_20260819_1_PA011,TOR_20260819_1,B014,4,604,608,5,Strikeout,Strikeout,1,0,0,0,1,0,0,0,0,0,0,5,12.8,1.3038404810405297,5,1.8,1
TOR_20260819_1_PA012,TOR_20260819_1,B001,4,609,615,7,Home Run,Hit,0,1,0,0,1,0,0,0,0,1,1,7,16,6.928203230275509,7,3,1
TOR_20260819_1_PA013,TOR_20260819_1,B012,4,616,620,5,Walk,Walk,0,0,1,0,1,0,0,0,0,0,0,5,14.2,1.4832396974191326,5,0.6,1
TOR_20260819_1_PA014,TOR_20260819_1,B002,4,621,627,7,Groundout,Batted_Out,0,0,0,0,1,0,0,0,0,1,1,7,17.571428571428573,4.7559486560567095,7,1.7142857142857142,1
TOR_20260819_1_PA015,TOR_20260819_1,B010,5,628,631,4,Strikeout,Strikeout,1,0,0,0,1,0,0,0,0,0,0,4,12.25,2.217355782608345,4,0.75,1
TOR_20260819_1_PA016,TOR_20260819_1,B011,5,632,634,3,Hit,Hit,0,1,0,0,1,0,0,0,0,0,0,3,13.333333333333334,2.081665999466133,3,3.6666666666666665,1
TOR_20260819_1_PA017,TOR_20260819_1,B003,5,635,637,3,Hit,Hit,0,1,0,0,1,0,0,0,0,0,0,3,14.333333333333334,2.081665999466133,3,1,1
TOR_20260819_1_PA018,TOR_20260819_1,B005,5,638,639,2,Hit,Hit,0,1,0,0,1,0,0,1,0,0,0,2,16,2.8284271247461903,2,1,1
TOR_20260819_1_PA019,TOR_20260819_1,B013,5,640,643,4,Walk,Walk,0,0,1,0,1,0,0,1,0,0,0,4,13.75,1.5,4,0.75,1
TOR_20260819_1_PA020,TOR_20260819_1,B014,5,644,644,1,Flyout,Batted_Out,0,0,0,0,1,0,0,1,0,0,0,1,12,,1,3,1
TOR_20260819_1_PA021,TOR_20260819_1,B001,5,645,647,3,Hit,Hit,0,1,0,0,1,0,0,1,0,1,1,3,21.666666666666668,11.239810200058244,3,3.3333333333333335,1
TOR_20260819_1_PA022,TOR_20260819_1,B012,5,648,649,2,Hit,Hit,0,1,0,0,1,0,0,1,0,0,0,2,12,2.8284271247461903,2,0.5,1
TOR_20260819_1_PA023,TOR_20260819_1,B002,5,650,655,6,Flyout,Batted_Out,0,0,0,0,1,0,0,1,0,0,0,6,13.666666666666666,1.96638416050035,6,1.3333333333333333,1
TOR_20260819_1_PA024,TOR_20260819_1,B007,6,656,656,1,Hit,Hit,0,1,0,0,1,0,0,0,0,0,0,1,12,,1,3,1
TOR_20260819_1_PA025,TOR_20260819_1,B011,6,657,659,3,Fielder's Choice,Fielders_Choice,0,0,0,0,1,0,0,0,0,0,0,3,13.666666666666666,3.7859388972001824,3,3,1
TOR_20260819_1_PA026,TOR_20260819_1,B003,6,660,660,1,Flyout,Batted_Out,0,0,0,0,1,0,0,0,0,0,0,1,16,,1,1,1
TOR_20260819_1_PA027,TOR_20260819_1,B005,6,661,662,2,Hit,Hit,0,1,0,0,1,0,0,0,0,0,0,2,15,1.4142135623730951,2,0,1
TOR_20260819_1_PA028,TOR_20260819_1,B013,6,663,668,6,Groundout,Batted_Out,0,0,0,0,1,0,0,1,0,0,0,6,17.333333333333332,3.32665998663324,6,1,1
TOR_20260819_1_PA029,TOR_20260819_1,B014,7,669,672,4,Flyout,Batted_Out,0,0,0,0,1,0,0,0,0,0,0,4,15,0.816496580927726,4,2.5,1
TOR_20260819_1_PA030,TOR_20260819_1,B001,7,673,676,4,Flyout,Batted_Out,0,0,0,0,1,0,0,0,0,0,0,4,14.75,1.707825127659933,4,3,1
TOR_20260819_1_PA031,TOR_20260819_1,B012,7,677,681,5,Strikeout,Strikeout,1,0,0,0,1,0,0,0,0,0,0,5,14.4,1.6733200530681511,5,0.8,1
TOR_20260819_1_PA032,TOR_20260819_1,B002,8,682,689,8,Flyout,Batted_Out,0,0,0,0,1,0,0,0,0,0,0,8,15.375,2.1998376563477846,8,0.875,1
TOR_20260819_1_PA033,TOR_20260819_1,B007,8,690,691,2,Flyout,Batted_Out,0,0,0,0,1,0,0,0,0,0,0,2,19,4.242640687119285,2,3.5,1
TOR_20260819_1_PA034,TOR_20260819_1,B011,8,692,697,6,Walk,Walk,0,0,1,0,1,0,0,0,0,0,0,6,16.5,2.258317958127243,6,2.6666666666666665,1
TOR_20260819_1_PA035,TOR_20260819_1,B003,8,698,701,4,Flyout,Batted_Out,0,0,0,0,1,0,0,0,0,0,0,4,16,1.1547005383792515,4,1,1
TOR_20260819_1_PA036,TOR_20260819_1,B005,9,702,705,4,Hit,Hit,0,1,0,0,1,0,0,0,0,0,0,4,14,1.632993161855452,4,1.25,1
TOR_20260819_1_PA037,TOR_20260819_1,B009,9,706,709,4,Flyout,Batted_Out,0,0,0,0,1,0,0,0,0,0,0,4,13.75,1.5,4,0.5,1
TOR_20260819_1_PA038,TOR_20260819_1,B014,9,710,714,5,Strikeout,Strikeout,1,0,0,0,1,0,0,0,0,0,0,5,15.4,1.1401754250991378,5,2.6,1
TOR_20260819_1_PA039,TOR_20260819_1,B001,9,715,719,5,Flyout,Batted_Out,0,0,0,0,1,0,0,0,0,0,0,5,14.8,1.4832396974191324,5,3,1
TOR_20260820_1_PA001,TOR_20260820_1,B005,1,720,722,3,Strikeout,Strikeout,1,0,0,0,1,0,0,0,0,0,0,3,14.333333333333334,4.618802153517006,3,0,1
TOR_20260820_1_PA002,TOR_20260820_1,B007,1,723,725,3,Strikeout,Strikeout,1,0,0,0,1,0,0,0,0,0,0,3,14.666666666666666,3.055050463303893,3,3,1
TOR_20260820_1_PA003,TOR_20260820_1,B001,1,726,736,11,Hit,Hit,0,1,0,0,1,0,0,0,0,0,0,11,13.363636363636363,1.5015143870590966,11,1.7272727272727273,1
TOR_20260820_1_PA004,TOR_20260820_1,B009,1,737,737,1,Flyout,Batted_Out,0,0,0,0,1,0,0,0,0,0,0,1,11,,1,1,1
TOR_20260820_1_PA005,TOR_20260820_1,B012,2,738,739,2,Home Run,Hit,0,1,0,0,1,0,0,0,0,0,0,2,13.5,3.5355339059327378,2,0.5,1
TOR_20260820_1_PA006,TOR_20260820_1,B002,2,740,740,1,Hit,Hit,0,1,0,0,1,0,0,0,0,0,0,1,10,,1,0,1
TOR_20260820_1_PA007,TOR_20260820_1,B008,2,741,746,6,Strikeout,Strikeout,1,0,0,0,1,0,0,0,0,1,1,6,16.666666666666668,9.003702941938204,6,1.5,1
TOR_20260820_1_PA008,TOR_20260820_1,B013,2,747,747,1,Flyout,Batted_Out,0,0,0,0,1,0,0,1,0,0,0,1,11,,1,1,1
TOR_20260820_1_PA009,TOR_20260820_1,B014,2,748,752,5,Groundout,Batted_Out,0,0,0,0,1,0,0,1,0,0,0,5,12,1,5,2.6,1
TOR_20260820_1_PA010,TOR_20260820_1,B005,3,753,756,4,Strikeout,Strikeout,1,0,0,0,1,0,0,0,0,0,0,4,11,1.1547005383792515,4,2,1
TOR_20260820_1_PA011,TOR_20260820_1,B007,3,757,761,5,Flyout,Batted_Out,0,0,0,0,1,0,0,0,0,0,0,5,11.8,1.3038404810405297,5,0.4,1
TOR_20260820_1_PA012,TOR_20260820_1,B001,3,762,767,6,Flyout,Batted_Out,0,0,0,0,1,0,0,0,0,0,0,6,15.666666666666666,2.804757862395017,6,2.1666666666666665,1
TOR_20260820_1_PA013,TOR_20260820_1,B009,4,768,770,3,Strikeout,Strikeout,1,0,0,0,1,0,0,0,0,0,0,3,12.333333333333334,2.081665999466133,3,0,1
TOR_20260820_1_PA014,TOR_20260820_1,B012,4,771,771,1,Hit,Hit,0,1,0,0,1,0,0,0,0,0,0,1,11,,1,0,1
TOR_20260820_1_PA015,TOR_20260820_1,B002,4,772,775,4,Groundout,Batted_Out,0,0,0,0,1,0,0,1,0,0,0,4,14.75,4.112987559751022,4,2.75,1
TOR_20260820_1_PA016,TOR_20260820_1,B008,4,776,781,6,Walk,Walk,0,0,1,0,1,0,0,1,0,0,0,6,16.166666666666668,1.329160135825126,6,0.3333333333333333,1
TOR_20260820_1_PA017,TOR_20260820_1,B013,4,782,787,6,Strikeout,Strikeout,1,0,0,0,1,0,0,1,0,0,0,6,14.333333333333334,2.065591117977289,6,1.1666666666666667,1
TOR_20260820_1_PA018,TOR_20260820_1,B014,5,788,789,2,Home Run,Hit,0,1,0,0,1,0,0,0,0,0,0,2,12,4.242640687119285,2,3,1
TOR_20260820_1_PA019,TOR_20260820_1,B005,5,790,796,7,Strikeout,Strikeout,1,0,0,0,1,0,0,0,0,0,0,7,14.714285714285714,2.984084768360628,7,0.2857142857142857,1
TOR_20260820_1_PA020,TOR_20260820_1,B007,5,797,801,5,Home Run,Hit,0,1,0,0,1,0,0,0,0,0,0,5,13.2,2.280350850198276,5,0.8,1
TOR_20260820_1_PA021,TOR_20260820_1,B001,5,802,804,3,Groundout,Batted_Out,0,0,0,0,1,0,0,0,0,0,0,3,15.666666666666666,2.8867513459481287,3,3,1
TOR_20260820_1_PA022,TOR_20260820_1,B009,5,805,807,3,Strikeout,Strikeout,1,0,0,0,1,0,0,0,0,0,0,3,15.333333333333334,1.5275252316519468,3,0.3333333333333333,1
TOR_20260820_1_PA023,TOR_20260820_1,B012,6,808,811,4,Strikeout,Strikeout,1,0,0,0,1,0,0,0,0,0,0,4,15,2.8284271247461903,4,0.5,1
TOR_20260820_1_PA024,TOR_20260820_1,B003,6,812,813,2,Hit,Hit,0,1,0,0,1,0,0,0,0,0,0,2,13,4.242640687119285,2,1.5,1
TOR_20260820_1_PA025,TOR_20260820_1,B008,6,814,815,2,Flyout,Batted_Out,0,0,0,0,1,0,0,1,0,0,0,2,15.5,0.7071067811865476,2,0.5,1
TOR_20260820_1_PA026,TOR_20260820_1,B013,6,816,822,7,Strikeout,Strikeout,1,0,0,0,1,0,0,1,0,0,0,7,14.714285714285714,1.6035674514745464,7,0.7142857142857143,1
TOR_20260820_1_PA027,TOR_20260820_1,B014,7,823,829,7,Strikeout,Strikeout,1,0,0,0,1,0,0,0,0,0,0,7,12.428571428571429,2.760262237369417,7,2.857142857142857,1
TOR_20260820_1_PA028,TOR_20260820_1,B005,7,830,830,1,Hit,Hit,0,1,0,0,1,0,0,0,0,0,0,1,16,,1,2,1
TOR_20260820_1_PA029,TOR_20260820_1,B007,7,831,836,6,Hit,Hit,0,1,0,0,1,0,0,0,1,1,2,6,23.833333333333332,13.302881893284125,6,2.5,1
TOR_20260820_1_PA030,TOR_20260820_1,B009,7,837,843,7,Hit,Hit,0,1,0,0,0,0,0,1,0,0,0,7,14.285714285714286,2.4299715851758235,7,0.2857142857142857,0
TOR_20260820_1_PA031,TOR_20260820_1,B012,7,844,850,7,Groundout,Batted_Out,0,0,0,0,1,0,0,1,0,0,0,7,15.571428571428571,2.63673679998231,7,0.5714285714285714,1
TOR_20260820_1_PA032,TOR_20260820_1,B003,8,851,854,4,Walk,Walk,0,0,1,0,1,0,0,0,0,1,1,4,17.25,4.5,4,1,1
TOR_20260820_1_PA033,TOR_20260820_1,B008,8,855,858,4,Hit,Hit,0,1,0,0,1,0,0,0,0,0,0,4,15,0.816496580927726,4,0.75,1
TOR_20260820_1_PA034,TOR_20260820_1,B013,8,859,860,2,Fielder's Choice,Fielders_Choice,0,0,0,0,1,0,0,1,0,0,0,2,15,5.656854249492381,2,1,1
TOR_20260820_1_PA035,TOR_20260820_1,B014,8,861,867,7,Fielder's Choice,Fielders_Choice,0,0,0,0,1,0,0,1,0,0,0,7,17,2.449489742783178,7,3.142857142857143,1
TOR_20260820_1_PA036,TOR_20260820_1,B005,8,868,869,2,Groundout,Batted_Out,0,0,0,0,1,0,0,1,0,0,0,2,17,1.4142135623730951,2,0.5,1
TOR_20260820_1_PA037,TOR_20260820_1,B007,9,870,874,5,Strikeout,Strikeout,1,0,0,0,1,0,0,0,0,0,0,5,12.8,1.6431676725154982,5,1.4,1
TOR_20260820_1_PA038,TOR_20260820_1,B001,9,875,875,1,Flyout,Batted_Out,0,0,0,0,1,0,0,0,0,0,0,1,17,,1,3,1
TOR_20260820_1_PA039,TOR_20260820_1,B009,9,876,878,3,Hit,Hit,0,1,0,0,1,0,0,0,0,0,0,3,15.333333333333334,4.509249752822894,3,0.6666666666666666,1
TOR_20260820_1_PA040,TOR_20260820_1,B012,9,879,881,3,Flyout,Batted_Out,0,0,0,0,1,0,0,0,0,0,0,3,15,0,3,0.6666666666666666,1
TOR_20260821_1_PA001,TOR_20260821_1,B004,1,882,885,4,Hit,Hit,0,1,0,0,1,0,0,0,0,0,0,4,17.25,0.9574271077563381,4,0,1
TOR_20260821_1_PA002,TOR_20260821_1,B014,1,886,886,1,Groundout,Batted_Out,0,0,0,0,1,0,0,0,0,0,0,1,15,,1,3,1
TOR_20260821_1_PA003,TOR_20260821_1,B001,1,887,890,4,Walk,Walk,0,0,1,0,1,0,0,0,0,0,0,4,14.75,0.9574271077563381,4,3,1
TOR_20260821_1_PA004,TOR_20260821_1,B010,1,891,891,1,Hit,Hit,0,1,0,0,1,0,0,0,0,0,0,1,16,,1,1,1
TOR_20260821_1_PA005,TOR_20260821_1,B008,1,892,894,3,Groundout,Batted_Out,0,0,0,0,1,0,0,1,0,0,0,3,18.333333333333332,2.3094010767585034,3,1.3333333333333333,1
TOR_20260821_1_PA006,TOR_20260821_1,B012,2,895,898,4,Flyout,Batted_Out,0,0,0,0,1,0,0,0,0,0,0,4,13,0.816496580927726,4,0.75,1
TOR_20260821_1_PA007,TOR_20260821_1,B003,2,899,899,1,Flyout,Batted_Out,0,0,0,0,1,0,0,0,0,0,0,1,16,,1,1,1
TOR_20260821_1_PA008,TOR_20260821_1,B005,2,900,900,1,Groundout,Batted_Out,0,0,0,0,1,0,0,0,0,0,0,1,15,,1,0,1
TOR_20260821_1_PA009,TOR_20260821_1,B013,3,901,905,5,Walk,Walk,0,0,1,0,1,0,0,0,0,0,0,5,14.6,2.073644135332772,5,1,1
TOR_20260821_1_PA010,TOR_20260821_1,B004,3,906,911,6,Groundout,Batted_Out,0,0,0,0,1,0,0,0,0,0,0,6,15.833333333333334,3.488074922742725,6,0,1
TOR_20260821_1_PA011,TOR_20260821_1,B014,3,912,916,5,Flyout,Batted_Out,0,0,0,0,1,0,0,1,0,0,0,5,13.8,0.8366600265340756,5,3.2,1
TOR_20260821_1_PA012,TOR_20260821_1,B001,3,917,922,6,Walk,Walk,0,0,1,0,1,0,0,1,0,0,0,6,16.666666666666668,2.1602468994692865,6,3,1
TOR_20260821_1_PA013,TOR_20260821_1,B010,3,923,926,4,Strikeout,Strikeout,1,0,0,0,1,0,0,1,0,0,0,4,19.75,5.560275772537426,4,2.25,1
TOR_20260821_1_PA014,TOR_20260821_1,B008,4,927,932,6,Hit,Hit,0,1,0,0,1,0,0,0,0,0,0,6,14,3.0983866769659336,6,1.3333333333333333,1
TOR_20260821_1_PA015,TOR_20260821_1,B012,4,933,940,8,Hit,Hit,0,1,0,0,1,0,0,0,0,0,0,8,14.875,2.100170061141308,8,1.125,1
TOR_20260821_1_PA016,TOR_20260821_1,B003,4,941,942,2,Groundout,Batted_Out,0,0,0,0,1,0,0,1,0,0,0,2,16.5,0.7071067811865476,2,2,1
TOR_20260821_1_PA017,TOR_20260821_1,B005,4,943,945,3,Strikeout,Strikeout,1,0,0,0,1,0,0,1,0,0,0,3,20,4.58257569495584,3,1,1
TOR_20260821_1_PA018,TOR_20260821_1,B013,4,946,953,8,Flyout,Batted_Out,0,0,0,0,1,0,0,1,0,1,1,8,20.375,6.885543862739841,8,1,1
TOR_20260821_1_PA019,TOR_20260821_1,B004,5,954,955,2,Hit,Hit,0,1,0,0,1,0,0,0,0,0,0,2,16.5,3.5355339059327378,2,0,1
TOR_20260821_1_PA020,TOR_20260821_1,B014,5,956,959,4,Flyout,Batted_Out,0,0,0,0,1,0,0,1,0,0,0,4,19.25,4.9916597106239795,4,3,1
TOR_20260821_1_PA021,TOR_20260821_1,B001,5,960,963,4,Hit,Hit,0,1,0,0,1,0,0,1,0,0,0,4,14.75,1.8929694486000912,4,3,1
TOR_20260821_1_PA022,TOR_20260821_1,B010,5,964,966,3,Groundout,Batted_Out,0,0,0,0,1,0,0,0,0,0,0,3,16,1.7320508075688772,3,1.6666666666666667,1
TOR_20260821_1_PA023,TOR_20260821_1,B008,6,967,970,4,Strikeout,Strikeout,1,0,0,0,1,0,0,0,0,0,0,4,12.75,1.2583057392117916,4,1,1
TOR_20260821_1_PA024,TOR_20260821_1,B012,6,971,973,3,Flyout,Batted_Out,0,0,0,0,1,0,0,0,0,0,0,3,14,3,3,1.3333333333333333,1
TOR_20260821_1_PA025,TOR_20260821_1,B003,6,974,977,4,Strikeout,Strikeout,1,0,0,0,1,0,0,0,0,0,0,4,12.5,0.5773502691896257,4,1.75,1
TOR_20260821_1_PA026,TOR_20260821_1,B005,7,978,981,4,Strikeout,Strikeout,1,0,0,0,1,0,0,0,0,0,0,4,12.75,1.2583057392117916,4,0.75,1
TOR_20260821_1_PA027,TOR_20260821_1,B013,7,982,983,2,Flyout,Batted_Out,0,0,0,0,1,0,0,0,0,0,0,2,14,2.8284271247461903,2,0.5,1
TOR_20260821_1_PA028,TOR_20260821_1,B004,7,984,989,6,Hit,Hit,0,1,0,0,1,0,0,0,0,0,0,6,15.5,3.271085446759225,6,0,1
TOR_20260821_1_PA029,TOR_20260821_1,B009,7,990,996,7,Strikeout,Strikeout,1,0,0,0,1,0,0,1,0,0,0,7,14.285714285714286,2.690370836538197,7,1,1
TOR_20260821_1_PA030,TOR_20260821_1,B001,8,997,1001,5,Strikeout,Strikeout,1,0,0,0,1,0,0,0,0,0,0,5,13.4,1.51657508881031,5,1,1
TOR_20260821_1_PA031,TOR_20260821_1,B010,8,1002,1002,1,Hit,Hit,0,1,0,0,1,0,0,0,0,0,0,1,14,,1,1,1
TOR_20260821_1_PA032,TOR_20260821_1,B008,8,1003,1005,3,Flyout,Batted_Out,0,0,0,0,1,0,0,1,0,0,0,3,15,1,3,1,1
TOR_20260821_1_PA033,TOR_20260821_1,B012,8,1006,1012,7,Flyout,Batted_Out,0,0,0,0,1,0,0,1,0,0,0,7,15.857142857142858,2.734262327610589,7,1.4285714285714286,1
TOR_20260821_1_PA034,TOR_20260821_1,B003,9,1013,1018,6,Hit,Hit,0,1,0,0,1,0,0,0,0,0,0,6,13.5,2.588435821108957,6,1,1
TOR_20260821_1_PA035,TOR_20260821_1,B005,9,1019,1019,1,Flyout,Batted_Out,0,0,0,0,1,0,0,1,0,0,0,1,10,,1,1,1
TOR_20260821_1_PA036,TOR_20260821_1,B013,9,1020,1024,5,Groundout,Batted_Out,0,0,0,0,1,0,0,1,0,0,0,5,15.2,3.7682887362833544,5,1,1
TOR_20260821_1_PA037,TOR_20260821_1,B004,9,1025,1028,4,Strikeout,Strikeout,1,0,0,0,1,0,0,1,0,0,0,4,12.25,2.217355782608345,4,0,1
TOR_20260822_1_PA001,TOR_20260822_1,B004,1,1029,1036,8,Hit,Hit,0,1,0,0,1,0,0,0,0,0,0,8,12.625,2.1339098923270936,8,0,1
TOR_20260822_1_PA002,TOR_20260822_1,B017,1,1037,1038,2,Fielder's Choice,Fielders_Choice,0,0,0,0,1,0,0,0,0,0,0,2,15,1.4142135623730951,2,2,1
TOR_20260822_1_PA003,TOR_20260822_1,B001,1,1039,1043,5,Hit,Hit,0,1,0,0,1,0,0,0,0,1,1,5,20.6,14.415269681833914,5,2.8,1
TOR_20260822_1_PA004,TOR_20260822_1,B009,1,1044,1046,3,Hit,Hit,0,1,0,0,1,0,0,1,0,0,0,3,16,1,3,1,1
TOR_20260822_1_PA005,TOR_20260822_1,B012,1,1047,1051,5,Strikeout,Strikeout,1,0,0,0,1,0,0,1,0,0,0,5,15.4,2.1908902300206643,5,0.8,1
TOR_20260822_1_PA006,TOR_20260822_1,B008,1,1052,1053,2,Groundout,Batted_Out,0,0,0,0,1,0,0,1,0,0,0,2,11.5,0.7071067811865476,2,1,1
TOR_20260822_1_PA007,TOR_20260822_1,B007,2,1054,1060,7,Flyout,Batted_Out,0,0,0,0,1,0,0,0,0,0,0,7,12.285714285714286,1.9760470401187071,7,1,1
TOR_20260822_1_PA008,TOR_20260822_1,B005,2,1061,1065,5,Strikeout,Strikeout,1,0,0,0,1,0,0,0,0,0,0,5,14.2,2.16794833886788,5,0,1
TOR_20260822_1_PA009,TOR_20260822_1,B013,2,1066,1069,4,Flyout,Batted_Out,0,0,0,0,1,0,0,0,0,0,0,4,13.75,1.707825127659933,4,0,1
TOR_20260822_1_PA010,TOR_20260822_1,B004,3,1070,1072,3,Hit,Hit,0,1,0,0,1,0,0,0,0,0,0,3,11.666666666666666,1.5275252316519468,3,0,1
TOR_20260822_1_PA011,TOR_20260822_1,B017,3,1073,1076,4,Hit,Hit,0,1,0,0,1,0,0,0,0,1,1,4,23,16,4,2.5,1
TOR_20260822_1_PA012,TOR_20260822_1,B001,3,1077,1078,2,Groundout,Batted_Out,0,0,0,0,1,0,0,1,0,0,0,2,18.5,2.1213203435596424,2,2.5,1
TOR_20260822_1_PA013,TOR_20260822_1,B009,3,1079,1080,2,Groundout,Batted_Out,0,0,0,0,1,0,0,1,0,0,0,2,20.5,3.5355339059327378,2,0,1
TOR_20260822_1_PA014,TOR_20260822_1,B012,4,1081,1085,5,Hit,Hit,0,1,0,0,1,0,0,0,0,0,0,5,14.4,2.5099800796022267,5,0.8,1
TOR_20260822_1_PA015,TOR_20260822_1,B008,4,1086,1087,2,Hit,Hit,0,1,0,0,1,0,0,1,0,0,0,2,18.5,0.7071067811865476,2,2,1
TOR_20260822_1_PA016,TOR_20260822_1,B007,4,1088,1094,7,Strikeout,Strikeout,1,0,0,0,1,0,0,1,0,0,0,7,15,2,7,0.42857142857142855,1
TOR_20260822_1_PA017,TOR_20260822_1,B005,4,1095,1098,4,Hit,Hit,0,1,0,0,1,0,0,1,0,0,0,4,17.25,2.6299556396765835,4,1.25,1
TOR_20260822_1_PA018,TOR_20260822_1,B013,4,1099,1103,5,Flyout,Batted_Out,0,0,0,0,1,0,0,1,0,0,0,5,18,5.612486080160912,5,1.2,1
TOR_20260822_1_PA019,TOR_20260822_1,B004,4,1104,1109,6,Walk,Walk,0,0,1,0,1,0,0,1,0,1,1,6,21.666666666666668,18.348478592697177,6,0.16666666666666666,1
TOR_20260822_1_PA020,TOR_20260822_1,B017,4,1110,1113,4,Groundout,Batted_Out,0,0,0,0,1,0,0,1,0,0,0,4,15.25,2.9860788111948193,4,1,1
TOR_20260822_1_PA021,TOR_20260822_1,B001,5,1114,1119,6,Walk,Walk,0,0,1,0,1,0,0,0,0,0,0,6,13.666666666666666,2.943920288775949,6,2.3333333333333335,1
TOR_20260822_1_PA022,TOR_20260822_1,B009,5,1120,1124,5,Hit,Hit,0,1,0,0,1,0,0,0,0,0,0,5,15.6,2.792848008753788,5,0.2,1
TOR_20260822_1_PA023,TOR_20260822_1,B012,5,1125,1125,1,Flyout,Batted_Out,0,0,0,0,1,0,0,1,0,0,0,1,31,,1,1,1
TOR_20260822_1_PA024,TOR_20260822_1,B008,5,1126,1128,3,Flyout,Batted_Out,0,0,0,0,1,0,0,1,0,0,0,3,12.333333333333334,2.5166114784235836,3,1.3333333333333333,1
TOR_20260822_1_PA025,TOR_20260822_1,B014,5,1129,1132,4,Hit,Hit,0,1,0,0,1,0,0,1,0,0,0,4,17.75,5.560275772537426,4,3.5,1
TOR_20260822_1_PA026,TOR_20260822_1,B005,5,1133,1137,5,Flyout,Batted_Out,0,0,0,0,1,0,0,1,0,0,0,5,15.2,3.8340579025361627,5,0.6,1
TOR_20260822_1_PA027,TOR_20260822_1,B013,6,1138,1138,1,Hit,Hit,0,1,0,0,1,0,0,0,0,0,0,1,12,,1,0,1
TOR_20260822_1_PA028,TOR_20260822_1,B004,6,1139,1139,1,Groundout,Batted_Out,0,0,0,0,1,0,0,1,0,0,0,1,14,,1,0,1
TOR_20260822_1_PA029,TOR_20260822_1,B017,6,1140,1141,2,Flyout,Batted_Out,0,0,0,0,1,0,0,1,0,0,0,2,19.5,3.5355339059327378,2,2,1
TOR_20260822_1_PA030,TOR_20260822_1,B001,6,1142,1144,3,Groundout,Batted_Out,0,0,0,0,1,0,0,1,0,0,0,3,15,1,3,3,1
TOR_20260822_1_PA031,TOR_20260822_1,B009,7,1145,1149,5,Hit,Hit,0,1,0,0,1,0,0,0,0,0,0,5,14.2,1.4832396974191324,5,0,1
TOR_20260822_1_PA032,TOR_20260822_1,B012,7,1150,1153,4,Flyout,Batted_Out,0,0,0,0,1,0,0,0,0,0,0,4,16.25,3.8622100754188224,4,0.5,1
TOR_20260822_1_PA033,TOR_20260822_1,B008,7,1154,1159,6,Flyout,Batted_Out,0,0,0,0,1,0,0,0,0,1,1,6,18.666666666666668,6.947421584060281,6,0.6666666666666666,1
TOR_20260822_1_PA034,TOR_20260822_1,B014,8,1160,1164,5,Home Run,Hit,0,1,0,0,1,0,0,0,0,1,1,5,17.2,7.791020472312981,5,3.8,1
TOR_20260822_1_PA035,TOR_20260822_1,B005,8,1165,1168,4,Strikeout,Strikeout,1,0,0,0,1,0,0,0,0,0,0,4,17,5.354126134736337,4,0.25,1
TOR_20260822_1_PA036,TOR_20260822_1,B013,8,1169,1170,2,Hit,Hit,0,1,0,0,1,0,0,0,0,0,0,2,12.5,2.1213203435596424,2,0,1
TOR_20260822_1_PA037,TOR_20260822_1,B004,8,1171,1171,1,Fielder's Choice,Fielders_Choice,0,0,0,0,1,0,0,0,0,0,0,1,25,,1,0,1
TOR_20260822_1_PA038,TOR_20260822_1,B017,8,1172,1178,7,Hit,Hit,0,1,0,0,1,0,0,0,1,1,2,7,24.142857142857142,10.318730080595698,7,2.2857142857142856,1
TOR_20260822_1_PA039,TOR_20260822_1,B001,8,1179,1179,1,Groundout,Batted_Out,0,0,0,0,1,0,0,1,0,0,0,1,10,,1,3,1
TOR_20260822_1_PA040,TOR_20260822_1,B009,9,1180,1185,6,Flyout,Batted_Out,0,0,0,0,1,0,0,0,0,0,0,6,15.666666666666666,1.2110601416389968,6,0,1
TOR_20260822_1_PA041,TOR_20260822_1,B012,9,1186,1191,6,Strikeout,Strikeout,1,0,0,0,1,0,0,0,0,0,0,6,15.833333333333334,3.5449494589721118,6,1.5,1
TOR_20260822_1_PA042,TOR_20260822_1,B008,9,1192,1193,2,Hit,Hit,0,1,0,0,1,0,0,0,0,0,0,2,15.5,0.7071067811865476,2,1.5,1
TOR_20260822_1_PA043,TOR_20260822_1,B014,9,1194,1199,6,Strikeout,Strikeout,1,0,0,0,1,0,0,1,0,0,0,6,20,3.22490309931942,6,3.5,1
TOR_20260823_1_PA001,TOR_20260823_1,B004,1,1200,1203,4,Strikeout,Strikeout,1,0,0,0,1,0,0,0,0,0,0,4,16,4.396968652757639,4,0.25,1
TOR_20260823_1_PA002,TOR_20260823_1,B017,1,1204,1206,3,Flyout,Batted_Out,0,0,0,0,1,0,0,0,0,0,0,3,15,5.5677643628300215,3,1,1
TOR_20260823_1_PA003,TOR_20260823_1,B001,1,1207,1208,2,Groundout,Batted_Out,0,0,0,0,1,0,0,0,0,0,0,2,12.5,0.7071067811865476,2,3,1
TOR_20260823_1_PA004,TOR_20260823_1,B009,2,1209,1215,7,Flyout,Batted_Out,0,0,0,0,1,0,0,0,0,0,0,7,14,2.3804761428476167,7,1.1428571428571428,1
TOR_20260823_1_PA005,TOR_20260823_1,B012,2,1216,1221,6,Flyout,Batted_Out,0,0,0,0,1,0,0,0,0,1,1,6,15.333333333333334,5.08592829940284,6,1.1666666666666667,1
TOR_20260823_1_PA006,TOR_20260823_1,B008,2,1222,1223,2,Flyout,Batted_Out,0,0,0,0,1,0,0,0,0,0,0,2,12.5,0.7071067811865476,2,1,1
TOR_20260823_1_PA007,TOR_20260823_1,B007,3,1224,1226,3,Lineout,Batted_Out,0,0,0,0,1,0,0,0,0,0,0,3,13.333333333333334,2.0816659994661326,3,3,1
TOR_20260823_1_PA008,TOR_20260823_1,B005,3,1227,1230,4,Walk,Walk,0,0,1,0,1,0,0,0,0,0,0,4,14.25,3.5,4,0.75,1
TOR_20260823_1_PA009,TOR_20260823_1,B013,3,1231,1234,4,Hit,Hit,0,1,0,0,1,0,0,0,0,0,0,4,14.25,2.0615528128088303,4,1,1
TOR_20260823_1_PA010,TOR_20260823_1,B004,3,1235,1240,6,Flyout,Batted_Out,0,0,0,0,1,0,0,1,0,0,0,6,17.833333333333332,4.9966655548141965,6,0.16666666666666666,1
TOR_20260823_1_PA011,TOR_20260823_1,B017,3,1241,1244,4,Groundout,Batted_Out,0,0,0,0,1,0,0,1,0,0,0,4,19,2.160246899469287,4,2.5,1
TOR_20260823_1_PA012,TOR_20260823_1,B001,4,1245,1251,7,Strikeout,Strikeout,1,0,0,0,1,0,0,0,0,0,0,7,16.285714285714285,4.386125310350268,7,2.857142857142857,1
TOR_20260823_1_PA013,TOR_20260823_1,B009,4,1252,1255,4,Hit,Hit,0,1,0,0,1,0,0,0,0,0,0,4,11.5,2.3804761428476167,4,0.5,1
TOR_20260823_1_PA014,TOR_20260823_1,B012,4,1256,1260,5,Walk,Walk,0,0,1,0,1,0,0,1,0,0,0,5,17.2,1.6431676725154984,5,1,1
TOR_20260823_1_PA015,TOR_20260823_1,B008,4,1261,1263,3,Hit,Hit,0,1,0,0,1,0,0,1,0,0,0,3,18.666666666666668,3.0550504633038935,3,0.6666666666666666,1
TOR_20260823_1_PA016,TOR_20260823_1,B007,4,1264,1270,7,Flyout,Batted_Out,0,0,0,0,1,0,0,1,0,0,0,7,17.714285714285715,4.8892496259407645,7,2.7142857142857144,1
TOR_20260823_1_PA017,TOR_20260823_1,B005,4,1271,1275,5,Groundout,Batted_Out,0,0,0,0,1,0,0,1,0,1,1,5,22.4,7.092249290598858,5,1.6,1
TOR_20260823_1_PA018,TOR_20260823_1,B013,5,1276,1278,3,Groundout,Batted_Out,0,0,0,0,1,0,0,0,0,0,0,3,15.333333333333334,1.1547005383792517,3,0.3333333333333333,1
TOR_20260823_1_PA019,TOR_20260823_1,B004,5,1279,1281,3,Groundout,Batted_Out,0,0,0,0,1,0,0,0,0,0,0,3,15.666666666666666,3.7859388972001824,3,0.3333333333333333,1
TOR_20260823_1_PA020,TOR_20260823_1,B017,5,1282,1284,3,Groundout,Batted_Out,0,0,0,0,1,0,0,0,0,0,0,3,13.666666666666666,0.5773502691896257,3,1,1
TOR_20260823_1_PA021,TOR_20260823_1,B001,6,1285,1290,6,Flyout,Batted_Out,0,0,0,0,1,0,0,0,0,0,0,6,14.166666666666666,1.3291601358251257,6,2.1666666666666665,1
TOR_20260823_1_PA022,TOR_20260823_1,B009,6,1291,1295,5,Groundout,Batted_Out,0,0,0,0,1,0,0,0,0,0,0,5,14.2,1.0954451150103324,5,0.2,1
TOR_20260823_1_PA023,TOR_20260823_1,B012,6,1296,1300,5,Flyout,Batted_Out,0,0,0,0,1,0,0,0,0,0,0,5,13.4,2.701851217221259,5,1,1
TOR_20260823_1_PA024,TOR_20260823_1,B008,7,1301,1302,2,Flyout,Batted_Out,0,0,0,0,1,0,0,0,0,0,0,2,15,2.8284271247461903,2,1.5,1
TOR_20260823_1_PA025,TOR_20260823_1,B007,7,1303,1304,2,Flyout,Batted_Out,0,0,0,0,1,0,0,0,0,0,0,2,14,0,2,3,1
TOR_20260823_1_PA026,TOR_20260823_1,B005,7,1305,1308,4,Flyout,Batted_Out,0,0,0,0,1,0,0,0,0,0,0,4,15,0.816496580927726,4,0.5,1
TOR_20260823_1_PA027,TOR_20260823_1,B013,8,1309,1312,4,Hit,Hit,0,1,0,0,1,0,0,0,0,0,0,4,16.25,2.6299556396765835,4,1,1
TOR_20260823_1_PA028,TOR_20260823_1,B004,8,1313,1317,5,Strikeout,Strikeout,1,0,0,0,1,0,0,1,0,0,0,5,15,2.345207879911715,5,0.4,1
TOR_20260823_1_PA029,TOR_20260823_1,B017,8,1318,1322,5,Groundout,Batted_Out,0,0,0,0,1,0,0,1,0,0,0,5,15,2.9154759474226504,5,0.8,1
TOR_20260823_1_PA030,TOR_20260823_1,B001,8,1323,1326,4,Hit,Hit,0,1,0,0,1,0,0,1,0,0,0,4,17.25,2.0615528128088303,4,2.75,1
TOR_20260823_1_PA031,TOR_20260823_1,B009,8,1327,1328,2,Flyout,Batted_Out,0,0,0,0,1,0,0,0,0,0,0,2,13.5,2.1213203435596424,2,0.5,1
TOR_20260823_1_PA032,TOR_20260823_1,B012,9,1329,1332,4,Hit,Hit,0,1,0,0,1,0,0,0,0,0,0,4,13,1.8257418583505538,4,0.75,1
TOR_20260823_1_PA033,TOR_20260823_1,B008,9,1333,1334,2,Flyout,Batted_Out,0,0,0,0,1,0,0,1,0,0,0,2,16.5,2.1213203435596424,2,1,1
TOR_20260823_1_PA034,TOR_20260823_1,B007,9,1335,1338,4,Strikeout,Strikeout,1,0,0,0,1,0,0,1,0,0,0,4,17.5,2.516611478423583,4,2.5,1
TOR_20260823_1_PA035,TOR_20260823_1,B005,9,1339,1343,5,Strikeout,Strikeout,1,0,0,0,1,0,0,1,0,0,0,5,13.6,2.3021728866442674,5,0.6,1
TOR_20260825_1_PA001,TOR_20260825_1,B004,1,1344,1350,7,Hit,Hit,0,1,0,0,1,0,0,0,0,0,0,7,13.285714285714286,3.946064947695181,7,0,1
TOR_20260825_1_PA002,TOR_20260825_1,B014,1,1351,1356,6,Hit,Hit,0,1,0,0,1,0,0,0,0,0,0,6,15.166666666666666,1.4719601443879744,6,3.8333333333333335,1
TOR_20260825_1_PA003,TOR_20260825_1,B017,1,1357,1358,2,Flyout,Batted_Out,0,0,0,0,1,0,0,1,0,0,0,2,12,1.4142135623730951,2,1,1
TOR_20260825_1_PA004,TOR_20260825_1,B012,1,1359,1364,6,Walk,Walk,0,0,1,0,1,0,0,1,0,0,0,6,12.833333333333334,2.401388487243717,6,0.3333333333333333,1
TOR_20260825_1_PA005,TOR_20260825_1,B010,1,1365,1366,2,Flyout,Batted_Out,0,0,0,0,1,0,0,1,0,0,0,2,14.5,0.7071067811865476,2,0.5,1
TOR_20260825_1_PA006,TOR_20260825_1,B008,1,1367,1370,4,Strikeout,Strikeout,1,0,0,0,1,0,0,1,0,0,0,4,16.75,1.8929694486000912,4,1.5,1
TOR_20260825_1_PA007,TOR_20260825_1,B002,2,1371,1371,1,Hit,Hit,0,1,0,0,1,0,0,0,0,0,0,1,16,,1,1,1
TOR_20260825_1_PA008,TOR_20260825_1,B003,2,1372,1375,4,Groundout,Batted_Out,0,0,0,0,1,0,0,1,0,0,0,4,15.5,3.696845502136472,4,2,1
TOR_20260825_1_PA009,TOR_20260825_1,B013,2,1376,1381,6,Strikeout,Strikeout,1,0,0,0,1,0,0,1,0,0,0,6,17.5,3.082207001484488,6,1,1
TOR_20260825_1_PA010,TOR_20260825_1,B004,2,1382,1386,5,Strikeout,Strikeout,1,0,0,0,1,0,0,1,0,0,0,5,13,3.8078865529319543,5,0.2,1
TOR_20260825_1_PA011,TOR_20260825_1,B014,3,1387,1388,2,Groundout,Batted_Out,0,0,0,0,1,0,0,1,0,0,0,2,11.5,0.7071067811865476,2,3.5,1
TOR_20260825_1_PA012,TOR_20260825_1,B017,3,1389,1390,2,Flyout,Batted_Out,0,0,0,0,1,0,0,0,0,0,0,2,12.5,2.1213203435596424,2,1.5,1
TOR_20260825_1_PA013,TOR_20260825_1,B012,3,1391,1396,6,Strikeout,Strikeout,1,0,0,0,1,0,0,0,0,0,0,6,12.5,2.588435821108957,6,0.16666666666666666,1
TOR_20260825_1_PA014,TOR_20260825_1,B010,4,1397,1402,6,Strikeout,Strikeout,1,0,0,0,1,0,0,0,0,0,0,6,12.333333333333334,3.3862466931200785,6,0.16666666666666666,1
TOR_20260825_1_PA015,TOR_20260825_1,B008,4,1403,1407,5,Hit,Hit,0,1,0,0,1,0,0,0,0,0,0,5,16.8,6.3796551630946325,5,0.6,1
TOR_20260825_1_PA016,TOR_20260825_1,B002,4,1408,1409,2,Hit,Hit,0,1,0,0,1,0,0,0,0,0,0,2,15,5.656854249492381,2,1.5,1
TOR_20260825_1_PA017,TOR_20260825_1,B003,4,1410,1414,5,Groundout,Batted_Out,0,0,0,0,1,0,0,1,0,0,0,5,14.6,3.361547262794322,5,1.2,1
TOR_20260825_1_PA018,TOR_20260825_1,B013,5,1415,1420,6,Flyout,Batted_Out,0,0,0,0,1,0,0,0,0,0,0,6,12.833333333333334,1.4719601443879746,6,0.16666666666666666,1
TOR_20260825_1_PA019,TOR_20260825_1,B004,5,1421,1424,4,Hit,Hit,0,1,0,0,1,0,0,0,0,0,0,4,14.25,5.852349955359813,4,0,1
TOR_20260825_1_PA020,TOR_20260825_1,B014,5,1425,1430,6,Groundout,Batted_Out,0,0,0,0,1,0,0,1,0,0,0,6,16.666666666666668,5.645056834671079,6,3.5,1
TOR_20260825_1_PA021,TOR_20260825_1,B017,5,1431,1431,1,Flyout,Batted_Out,0,0,0,0,1,0,0,1,0,0,0,1,20,,1,3,1
TOR_20260825_1_PA022,TOR_20260825_1,B012,6,1432,1437,6,Strikeout,Strikeout,1,0,0,0,1,0,0,0,0,0,0,6,14.666666666666666,1.505545305418162,6,0.5,1
TOR_20260825_1_PA023,TOR_20260825_1,B010,6,1438,1442,5,Groundout,Batted_Out,0,0,0,0,1,0,0,0,0,0,0,5,12.4,1.1401754250991378,5,1.2,1
TOR_20260825_1_PA024,TOR_20260825_1,B008,6,1443,1444,2,Flyout,Batted_Out,0,0,0,0,1,0,0,0,0,0,0,2,15,1.4142135623730951,2,1,1
TOR_20260825_1_PA025,TOR_20260825_1,B002,7,1445,1449,5,HBP,HBP,0,0,0,1,1,0,0,0,0,0,0,5,13,1.8708286933869707,5,1.2,1
TOR_20260825_1_PA026,TOR_20260825_1,B001,7,1450,1453,4,Groundout,Batted_Out,0,0,0,0,1,0,0,0,0,0,0,4,15.75,5.909032633745278,4,3.5,1
TOR_20260825_1_PA027,TOR_20260825_1,B009,7,1454,1454,1,Groundout,Batted_Out,0,0,0,0,1,0,0,0,0,0,0,1,16,,1,0,1
TOR_20260825_1_PA028,TOR_20260825_1,B004,8,1455,1459,5,Strikeout,Strikeout,1,0,0,0,1,0,0,0,0,0,0,5,17.2,1.3038404810405297,5,0,1
TOR_20260825_1_PA029,TOR_20260825_1,B014,8,1460,1464,5,Walk,Walk,0,0,1,0,1,0,0,0,0,0,0,5,14,1.8708286933869707,5,3.2,1
TOR_20260825_1_PA030,TOR_20260825_1,B017,8,1465,1469,5,Hit,Hit,0,1,0,0,1,0,0,0,0,0,0,5,14,5.338539126015656,5,1,1
TOR_20260825_1_PA031,TOR_20260825_1,B012,8,1470,1471,2,Flyout,Batted_Out,0,0,0,0,1,0,0,1,0,0,0,2,13,1.4142135623730951,2,0.5,1
TOR_20260825_1_PA032,TOR_20260825_1,B010,8,1472,1473,2,HBP,HBP,0,0,0,1,1,0,0,1,0,0,0,2,13,1.4142135623730951,2,2.5,1
TOR_20260825_1_PA033,TOR_20260825_1,B008,8,1474,1479,6,Flyout,Batted_Out,0,0,0,0,1,0,0,1,0,0,0,6,11.5,1.760681686165901,6,1.1666666666666667,1
TOR_20260825_1_PA034,TOR_20260825_1,B002,9,1480,1480,1,Groundout,Batted_Out,0,0,0,0,1,0,0,0,0,0,0,1,11,,1,1,1
TOR_20260825_1_PA035,TOR_20260825_1,B001,9,1481,1485,5,Groundout,Batted_Out,0,0,0,0,1,0,0,0,0,0,0,5,15.4,5.176871642217914,5,3,1
TOR_20260825_1_PA036,TOR_20260825_1,B007,9,1486,1487,2,Hit,Hit,0,1,0,0,1,0,0,0,0,0,0,2,10,2.8284271247461903,2,3,1
TOR_20260825_1_PA037,TOR_20260825_1,B004,9,1488,1489,2,Hit,Hit,0,1,0,0,1,0,0,0,0,0,0,2,10,0,2,1.5,1
TOR_20260825_1_PA038,TOR_20260825_1,B014,9,1490,1491,2,Hit,Hit,0,1,0,0,1,0,0,1,0,0,0,2,10.5,0.7071067811865476,2,3.5,1
TOR_20260826_1_PA001,TOR_20260826_1,B004,1,1492,1497,6,Strikeout,Strikeout,1,0,0,0,1,0,0,0,0,0,0,6,12.166666666666666,3.188521078284832,6,0.3333333333333333,1
TOR_20260826_1_PA002,TOR_20260826_1,B017,1,1498,1502,5,Hit,Hit,0,1,0,0,1,0,0,0,0,0,0,5,10.8,2.6832815729997477,5,0.4,1
TOR_20260826_1_PA003,TOR_20260826_1,B001,1,1503,1508,6,Flyout,Batted_Out,0,0,0,0,1,0,0,0,0,0,0,6,14.666666666666666,2.065591117977289,6,2.8333333333333335,1
TOR_20260826_1_PA004,TOR_20260826_1,B009,1,1509,1511,3,Strikeout,Strikeout,1,0,0,0,1,0,0,0,0,0,0,3,14.666666666666666,0.5773502691896257,3,0.6666666666666666,1
TOR_20260826_1_PA005,TOR_20260826_1,B010,2,1512,1513,2,Hit,Hit,0,1,0,0,1,0,0,0,0,0,0,2,11,2.8284271247461903,2,2.5,1
TOR_20260826_1_PA006,TOR_20260826_1,B012,2,1514,1516,3,Groundout,Batted_Out,0,0,0,0,1,0,0,1,0,0,0,3,12.333333333333334,1.1547005383792517,3,0.6666666666666666,1
TOR_20260826_1_PA007,TOR_20260826_1,B014,2,1517,1518,2,Flyout,Batted_Out,0,0,0,0,1,0,0,1,0,0,0,2,12,1.4142135623730951,2,3,1
TOR_20260826_1_PA008,TOR_20260826_1,B008,2,1519,1524,6,Strikeout,Strikeout,1,0,0,0,1,0,0,1,0,0,0,6,15.833333333333334,2.228601953392904,6,1.6666666666666667,1
TOR_20260826_1_PA009,TOR_20260826_1,B002,3,1525,1528,4,Groundout,Batted_Out,0,0,0,0,1,0,0,0,0,0,0,4,13.5,5.32290647422377,4,0,1
TOR_20260826_1_PA010,TOR_20260826_1,B004,3,1529,1530,2,Hit,Hit,0,1,0,0,1,0,0,0,0,0,0,2,11.5,0.7071067811865476,2,1,1
TOR_20260826_1_PA011,TOR_20260826_1,B017,3,1531,1532,2,Flyout,Batted_Out,0,0,0,0,1,0,0,0,0,0,0,2,11,2.8284271247461903,2,0.5,1
TOR_20260826_1_PA012,TOR_20260826_1,B001,3,1533,1534,2,Flyout,Batted_Out,0,0,0,0,1,0,0,0,0,0,0,2,11.5,3.5355339059327378,2,3.5,1
TOR_20260826_1_PA013,TOR_20260826_1,B009,4,1535,1537,3,Hit,Hit,0,1,0,0,1,0,0,0,0,0,0,3,9.666666666666666,1.5275252316519468,3,1,1
TOR_20260826_1_PA014,TOR_20260826_1,B010,4,1538,1542,5,Hit,Hit,0,1,0,0,1,0,0,0,0,0,0,5,14.6,1.816590212458495,5,1.2,1
TOR_20260826_1_PA015,TOR_20260826_1,B012,4,1543,1548,6,Fielder's Choice,Fielders_Choice,0,0,0,0,1,0,0,1,0,0,0,6,12.833333333333334,2.401388487243717,6,0.3333333333333333,1
TOR_20260826_1_PA016,TOR_20260826_1,B014,4,1549,1550,2,Home Run,Hit,0,1,0,0,1,0,0,1,0,0,0,2,12,4.242640687119285,2,3,1
TOR_20260826_1_PA017,TOR_20260826_1,B008,4,1551,1551,1,Flyout,Batted_Out,0,0,0,0,1,0,0,0,0,0,0,1,11,,1,2,1
TOR_20260826_1_PA018,TOR_20260826_1,B002,4,1552,1555,4,Flyout,Batted_Out,0,0,0,0,1,0,0,0,0,0,0,4,9.75,2.9860788111948193,4,1,1
TOR_20260826_1_PA019,TOR_20260826_1,B004,5,1556,1559,4,Groundout,Batted_Out,0,0,0,0,1,0,0,0,0,0,0,4,10.75,1.8929694486000912,4,0.5,1
TOR_20260826_1_PA020,TOR_20260826_1,B017,5,1560,1564,5,Groundout,Batted_Out,0,0,0,0,1,0,0,0,0,0,0,5,10.6,1.9493588689617927,5,0.2,1
TOR_20260826_1_PA021,TOR_20260826_1,B001,5,1565,1566,2,Groundout,Batted_Out,0,0,0,0,1,0,0,0,0,0,0,2,9.5,0.7071067811865476,2,2.5,1
TOR_20260826_1_PA022,TOR_20260826_1,B009,6,1567,1568,2,Groundout,Batted_Out,0,0,0,0,1,0,0,0,0,0,0,2,9,0,2,0.5,1
TOR_20260826_1_PA023,TOR_20260826_1,B010,6,1569,1571,3,Strikeout,Strikeout,1,0,0,0,1,0,0,0,0,0,0,3,11,1,3,1,1
TOR_20260826_1_PA024,TOR_20260826_1,B012,6,1572,1577,6,Walk,Walk,0,0,1,0,1,0,0,0,0,0,0,6,10.333333333333334,2.9439202887759492,6,0.3333333333333333,1
TOR_20260826_1_PA025,TOR_20260826_1,B014,6,1578,1583,6,Strikeout,Strikeout,1,0,0,0,1,0,0,0,0,0,0,6,16.666666666666668,3.011090610836324,6,3.1666666666666665,1
TOR_20260826_1_PA026,TOR_20260826_1,B008,7,1584,1586,3,Groundout,Batted_Out,0,0,0,0,1,0,0,0,0,0,0,3,13.666666666666666,1.5275252316519468,3,1,1
TOR_20260826_1_PA027,TOR_20260826_1,B002,7,1587,1588,2,Groundout,Batted_Out,0,0,0,0,1,0,0,0,0,0,0,2,16,1.4142135623730951,2,1,1
TOR_20260826_1_PA028,TOR_20260826_1,B004,7,1589,1594,6,Flyout,Batted_Out,0,0,0,0,1,0,0,0,0,1,1,6,14.666666666666666,5.046450898073483,6,0.5,1
TOR_20260826_1_PA029,TOR_20260826_1,B017,8,1595,1595,1,Groundout,Batted_Out,0,0,0,0,1,0,0,0,0,0,0,1,10,,1,1,1
TOR_20260826_1_PA030,TOR_20260826_1,B001,8,1596,1598,3,Flyout,Batted_Out,0,0,0,0,1,0,0,0,0,0,0,3,11.333333333333334,2.5166114784235836,3,3.3333333333333335,1
TOR_20260826_1_PA031,TOR_20260826_1,B009,8,1599,1600,2,Flyout,Batted_Out,0,0,0,0,1,0,0,0,0,0,0,2,13,1.4142135623730951,2,0.5,1
TOR_20260827_1_PA001,TOR_20260827_1,B005,1,1601,1603,3,Hit,Hit,0,1,0,0,1,0,0,0,0,0,0,3,8,1,3,2,1
TOR_20260827_1_PA002,TOR_20260827_1,B017,1,1604,1607,4,Strikeout,Strikeout,1,0,0,0,1,0,0,0,0,0,0,4,16.75,6.551081335677848,4,2,1
TOR_20260827_1_PA003,TOR_20260827_1,B001,1,1608,1611,4,Flyout,Batted_Out,0,0,0,0,1,0,0,0,0,0,0,4,17.75,7.365459931328117,4,3,1
TOR_20260827_1_PA004,TOR_20260827_1,B009,1,1612,1618,7,Walk,Walk,0,0,1,0,1,0,0,0,0,1,1,7,16.571428571428573,6.579187965525403,7,1.5714285714285714,1
TOR_20260827_1_PA005,TOR_20260827_1,B012,1,1619,1619,1,Flyout,Batted_Out,0,0,0,0,1,0,0,1,0,0,0,1,20,,1,3,1
TOR_20260827_1_PA006,TOR_20260827_1,B008,2,1620,1622,3,Flyout,Batted_Out,0,0,0,0,1,0,0,0,0,0,0,3,10.333333333333334,1.5275252316519468,3,1.6666666666666667,1
TOR_20260827_1_PA007,TOR_20260827_1,B007,2,1623,1627,5,Strikeout,Strikeout,1,0,0,0,1,0,0,0,0,0,0,5,9.8,0.8366600265340756,5,3,1
TOR_20260827_1_PA008,TOR_20260827_1,B013,2,1628,1633,6,Double,Hit,0,1,0,0,1,0,0,0,0,0,0,6,12.166666666666666,5.49241901776136,6,1.1666666666666667,1
TOR_20260827_1_PA009,TOR_20260827_1,B014,2,1634,1635,2,Flyout,Batted_Out,0,0,0,0,1,0,0,1,0,0,0,2,12,1.4142135623730951,2,3.5,1
TOR_20260827_1_PA010,TOR_20260827_1,B005,3,1636,1639,4,Groundout,Batted_Out,0,0,0,0,1,0,0,0,0,0,0,4,11.25,5.315072906367325,4,2.25,1
TOR_20260827_1_PA011,TOR_20260827_1,B017,3,1640,1645,6,Walk,Walk,0,0,1,0,1,0,0,0,0,0,0,6,14.5,3.391164991562634,6,0.6666666666666666,1
TOR_20260827_1_PA012,TOR_20260827_1,B001,3,1646,1647,2,Lineout,Batted_Out,0,0,0,0,1,0,0,0,0,0,0,2,13,1.4142135623730951,2,3,1
TOR_20260827_1_PA013,TOR_20260827_1,B009,4,1648,1648,1,Groundout,Batted_Out,0,0,0,0,1,0,0,0,0,0,0,1,12,,1,2,1
TOR_20260827_1_PA014,TOR_20260827_1,B001,4,1649,1650,2,Groundout,Batted_Out,0,0,0,0,1,0,0,0,0,0,0,2,10,1.4142135623730951,2,0.5,1
TOR_20260827_1_PA015,TOR_20260827_1,B008,4,1651,1653,3,Groundout,Batted_Out,0,0,0,0,1,0,0,0,0,0,0,3,12,4.358898943540674,3,1.3333333333333333,1
TOR_20260827_1_PA016,TOR_20260827_1,B007,5,1654,1654,1,Flyout,Batted_Out,0,0,0,0,1,0,0,0,0,0,0,1,9,,1,3,1
TOR_20260827_1_PA017,TOR_20260827_1,B013,5,1655,1657,3,Strikeout,Strikeout,1,0,0,0,1,0,0,0,0,0,0,3,9.333333333333334,1.5275252316519468,3,0.6666666666666666,1
TOR_20260827_1_PA018,TOR_20260827_1,B014,5,1658,1661,4,Groundout,Batted_Out,0,0,0,0,1,0,0,0,0,0,0,4,13.75,2.0615528128088303,4,3,1
TOR_20260827_1_PA019,TOR_20260827_1,B005,6,1662,1665,4,Flyout,Batted_Out,0,0,0,0,1,0,0,0,0,0,0,4,10.75,2.362907813126304,4,2,1
TOR_20260827_1_PA020,TOR_20260827_1,B017,6,1666,1668,3,Groundout,Batted_Out,0,0,0,0,1,0,0,0,0,0,0,3,10,2.6457513110645907,3,2.3333333333333335,1
TOR_20260827_1_PA021,TOR_20260827_1,B001,6,1669,1671,3,Hit,Hit,0,1,0,0,1,0,0,0,0,0,0,3,13.333333333333334,4.041451884327381,3,3,1
TOR_20260827_1_PA022,TOR_20260827_1,B009,6,1672,1672,1,Home Run,Hit,0,1,0,0,1,0,0,0,0,0,0,1,17,,1,2,1
TOR_20260827_1_PA023,TOR_20260827_1,B012,6,1673,1676,4,Double,Hit,0,1,0,0,1,0,0,0,0,0,0,4,9.5,1.2909944487358056,4,0.75,1
TOR_20260827_1_PA024,TOR_20260827_1,B008,6,1677,1679,3,Hit,Hit,0,1,0,0,1,0,0,1,0,0,0,3,12.333333333333334,3.055050463303893,3,1.3333333333333333,1
TOR_20260827_1_PA025,TOR_20260827_1,B007,6,1680,1681,2,Groundout,Batted_Out,0,0,0,0,1,0,0,1,0,0,0,2,9,0,2,3,1
TOR_20260827_1_PA026,TOR_20260827_1,B013,7,1682,1688,7,Walk,Walk,0,0,1,0,1,0,0,0,0,1,1,7,14.285714285714286,6.369570517030844,7,0,1
TOR_20260827_1_PA027,TOR_20260827_1,B014,7,1689,1691,3,Hit,Hit,0,1,0,0,1,0,0,0,0,0,0,3,9.333333333333334,0.5773502691896257,3,3.6666666666666665,1
TOR_20260827_1_PA028,TOR_20260827_1,B005,7,1692,1693,2,Groundout,Batted_Out,0,0,0,0,1,0,0,1,0,0,0,2,10,1.4142135623730951,2,2,1
TOR_20260827_1_PA029,TOR_20260827_1,B017,7,1694,1696,3,Groundout,Batted_Out,0,0,0,0,1,0,0,1,0,0,0,3,15,5.5677643628300215,3,1,1
TOR_20260827_1_PA030,TOR_20260827_1,B001,9,1697,1700,4,Groundout,Batted_Out,0,0,0,0,1,0,0,0,0,0,0,4,10.5,0.5773502691896257,4,3,1
TOR_20260827_1_PA031,TOR_20260827_1,B009,9,1701,1702,2,Hit,Hit,0,1,0,0,1,0,0,0,0,0,0,2,13,1.4142135623730951,2,1,1
TOR_20260827_1_PA032,TOR_20260827_1,B012,9,1703,1705,3,Groundout,Batted_Out,0,0,0,0,1,0,0,0,0,0,0,3,11.666666666666666,2.5166114784235836,3,0.6666666666666666,1
TOR_20260827_1_PA033,TOR_20260827_1,B008,9,1706,1708,3,Groundout,Batted_Out,0,0,0,0,1,0,0,0,0,0,0,3,11,2.6457513110645907,3,1.3333333333333333,1
TOR_20260827_1_PA034,TOR_20260827_1,B007,9,1709,1713,5,Flyout,Batted_Out,0,0,0,0,1,0,0,0,0,0,0,5,11.8,3.1144823004794873,5,1.8,1
TOR_20260827_1_PA035,TOR_20260827_1,B013,9,1714,1717,4,Groundout,Batted_Out,0,0,0,0,1,0,0,0,0,1,1,4,13,0.816496580927726,4,0,1
TOR_20260828_1_PA001,TOR_20260828_1,B004,1,1718,1719,2,Hit,Hit,0,1,0,0,1,0,0,0,0,0,0,2,12,0,2,1,1
TOR_20260828_1_PA002,TOR_20260828_1,B014,1,1720,1722,3,Groundout,Batted_Out,0,0,0,0,1,0,0,0,0,0,0,3,14.666666666666666,1.1547005383792517,3,3.3333333333333335,1
TOR_20260828_1_PA003,TOR_20260828_1,B017,1,1723,1723,1,Hit,Hit,0,1,0,0,1,0,0,1,0,0,0,1,12,,1,1,1
TOR_20260828_1_PA004,TOR_20260828_1,B009,1,1724,1726,3,Hit,Hit,0,1,0,0,1,0,0,1,0,0,0,3,14.333333333333334,3.055050463303893,3,1,1
TOR_20260828_1_PA005,TOR_20260828_1,B010,1,1727,1731,5,HBP,HBP,0,0,0,1,1,0,0,1,0,0,0,5,14.4,2.9664793948382653,5,1,1
TOR_20260828_1_PA006,TOR_20260828_1,B012,1,1732,1735,4,Flyout,Batted_Out,0,0,0,0,1,0,0,1,0,0,0,4,11.75,0.9574271077563381,4,1.5,1
TOR_20260828_1_PA007,TOR_20260828_1,B002,1,1736,1736,1,Hit,Hit,0,1,0,0,1,0,0,1,0,0,0,1,12,,1,1,1
TOR_20260828_1_PA008,TOR_20260828_1,B008,1,1737,1737,1,Groundout,Batted_Out,0,0,0,0,1,0,0,1,0,0,0,1,14,,1,2,1
TOR_20260828_1_PA009,TOR_20260828_1,B003,2,1738,1740,3,Flyout,Batted_Out,0,0,0,0,1,0,0,0,0,0,0,3,12.333333333333334,0.5773502691896257,3,2,1
TOR_20260828_1_PA010,TOR_20260828_1,B004,2,1741,1743,3,Hit,Hit,0,1,0,0,1,0,0,0,0,0,0,3,12.666666666666666,1.5275252316519468,3,0.6666666666666666,1
TOR_20260828_1_PA011,TOR_20260828_1,B014,2,1744,1744,1,Groundout,Batted_Out,0,0,0,0,1,0,0,0,0,0,0,1,11,,1,3,1
TOR_20260828_1_PA012,TOR_20260828_1,B017,3,1745,1745,1,Flyout,Batted_Out,0,0,0,0,1,0,0,0,0,0,0,1,12,,1,2,1
TOR_20260828_1_PA013,TOR_20260828_1,B009,3,1746,1747,2,Hit,Hit,0,1,0,0,1,0,0,0,0,0,0,2,14,5.656854249492381,2,1,1
TOR_20260828_1_PA014,TOR_20260828_1,B010,3,1748,1750,3,Flyout,Batted_Out,0,0,0,0,1,0,0,1,0,0,0,3,13.333333333333334,0.5773502691896257,3,1.3333333333333333,1
TOR_20260828_1_PA015,TOR_20260828_1,B012,3,1751,1753,3,Flyout,Batted_Out,0,0,0,0,1,0,0,1,0,0,0,3,13,1.7320508075688772,3,1.6666666666666667,1
TOR_20260828_1_PA016,TOR_20260828_1,B002,4,1754,1755,2,Flyout,Batted_Out,0,0,0,0,1,0,0,0,0,0,0,2,13,1.4142135623730951,2,1.5,1
TOR_20260828_1_PA017,TOR_20260828_1,B008,4,1756,1757,2,Groundout,Batted_Out,0,0,0,0,1,0,0,0,0,0,0,2,14,2.8284271247461903,2,1.5,1
TOR_20260828_1_PA018,TOR_20260828_1,B003,4,1758,1761,4,Groundout,Batted_Out,0,0,0,0,1,0,0,0,0,0,0,4,13.5,2.0816659994661326,4,1.5,1
TOR_20260828_1_PA019,TOR_20260828_1,B004,5,1762,1764,3,Strikeout,Strikeout,1,0,0,0,1,0,0,0,0,0,0,3,15.333333333333334,4.041451884327381,3,0.6666666666666666,1
TOR_20260828_1_PA020,TOR_20260828_1,B014,5,1765,1767,3,Home Run,Hit,0,1,0,0,1,0,0,0,0,0,0,3,11.333333333333334,0.5773502691896257,3,3,1
TOR_20260828_1_PA021,TOR_20260828_1,B017,5,1768,1772,5,Groundout,Batted_Out,0,0,0,0,1,0,0,0,0,0,0,5,13.2,2.7748873851023217,5,0.8,1
TOR_20260828_1_PA022,TOR_20260828_1,B009,5,1773,1777,5,Home Run,Hit,0,1,0,0,1,0,0,0,0,0,0,5,12.6,2.8809720581775866,5,1,1
TOR_20260828_1_PA023,TOR_20260828_1,B010,5,1778,1782,5,Groundout,Batted_Out,0,0,0,0,1,0,0,0,0,0,0,5,12.8,2.6832815729997477,5,1.4,1
TOR_20260828_1_PA024,TOR_20260828_1,B012,6,1783,1787,5,Home Run,Hit,0,1,0,0,1,0,0,0,0,0,0,5,14.4,1.51657508881031,5,0.8,1
TOR_20260828_1_PA025,TOR_20260828_1,B002,6,1788,1789,2,Groundout,Batted_Out,0,0,0,0,1,0,0,0,0,0,0,2,14,0,2,1.5,1
TOR_20260828_1_PA026,TOR_20260828_1,B008,6,1790,1796,7,Flyout,Batted_Out,0,0,0,0,1,0,0,0,0,0,0,7,14.571428571428571,2.935821455580639,7,1.2857142857142858,1
TOR_20260828_1_PA027,TOR_20260828_1,B003,6,1797,1805,9,Walk,Walk,0,0,1,0,1,0,0,0,0,0,0,9,14.88888888888889,3.140240613569462,9,0.8888888888888888,1
TOR_20260828_1_PA028,TOR_20260828_1,B004,6,1806,1806,1,Groundout,Batted_Out,0,0,0,0,1,0,0,0,0,0,0,1,11,,1,2,1
TOR_20260828_1_PA029,TOR_20260828_1,B014,8,1807,1814,8,Walk,Walk,0,0,1,0,1,0,0,0,0,0,0,8,11.5,6.324555320336759,8,3.25,1
TOR_20260828_1_PA030,TOR_20260828_1,B017,8,1815,1817,3,Flyout,Batted_Out,0,0,0,0,1,0,0,0,0,0,0,3,10,1,3,1.3333333333333333,1
TOR_20260828_1_PA031,TOR_20260828_1,B009,8,1818,1821,4,Hit,Hit,0,1,0,0,1,0,0,0,0,1,1,4,19.75,14.221462653327892,4,1,1
TOR_20260828_1_PA032,TOR_20260828_1,B013,8,1822,1824,3,Hit,Hit,0,1,0,0,1,0,0,1,0,0,0,3,15,0,3,1,1
TOR_20260828_1_PA033,TOR_20260828_1,B012,8,1825,1825,1,Hit,Hit,0,1,0,0,1,0,0,1,0,0,0,1,14,,1,1,1
TOR_20260828_1_PA034,TOR_20260828_1,B002,8,1826,1830,5,Strikeout,Strikeout,1,0,0,0,1,0,0,1,0,0,0,5,14,0,5,1,1
TOR_20260828_1_PA035,TOR_20260828_1,B008,8,1831,1836,6,Strikeout,Strikeout,1,0,0,0,1,0,0,1,0,0,0,6,14,0,6,0,1
TOR_20260828_1_PA036,TOR_20260828_1,B003,8,1837,1837,1,Groundout,Batted_Out,0,0,0,0,1,0,0,0,0,0,0,1,14,,1,2,1
TOR_20260828_1_PA037,TOR_20260828_1,B004,8,1838,1844,7,Groundout,Batted_Out,0,0,0,0,1,0,0,0,0,0,0,7,11.285714285714286,3.352326839390103,7,0.5714285714285714,1
TOR_20260828_1_PA038,TOR_20260828_1,B014,8,1845,1851,7,Groundout,Batted_Out,0,0,0,0,1,0,0,0,0,0,0,7,13.714285714285714,1.7994708216848745,7,3.2857142857142856,1
TOR_20260829_1_PA001,TOR_20260829_1,B004,1,1852,1856,5,Strikeout,Strikeout,1,0,0,0,1,0,0,0,0,0,0,5,13.4,2.792848008753788,5,0.2,1
TOR_20260829_1_PA002,TOR_20260829_1,B001,1,1857,1860,4,Groundout,Batted_Out,0,0,0,0,1,0,0,0,0,0,0,4,11.5,2.0816659994661326,4,0,1
TOR_20260829_1_PA003,TOR_20260829_1,B017,1,1861,1864,4,Flyout,Batted_Out,0,0,0,0,1,0,0,0,0,0,0,4,15.25,3.593976442141304,4,1,1
TOR_20260829_1_PA004,TOR_20260829_1,B009,2,1865,1867,3,Flyout,Batted_Out,0,0,0,0,1,0,0,0,0,0,0,3,13.666666666666666,2.081665999466133,3,0.6666666666666666,1
TOR_20260829_1_PA005,TOR_20260829_1,B012,2,1868,1873,6,Walk,Walk,0,0,1,0,1,0,0,0,0,0,0,6,10.166666666666666,1.602081978759722,6,0.6666666666666666,1
TOR_20260829_1_PA006,TOR_20260829_1,B005,2,1874,1878,5,Flyout,Batted_Out,0,0,0,0,1,0,0,0,0,0,0,5,12.2,2.280350850198276,5,0.4,1
TOR_20260829_1_PA007,TOR_20260829_1,B008,2,1879,1887,9,Flyout,Batted_Out,0,0,0,0,1,0,0,0,0,0,0,9,14.11111111111111,3.0595932917809696,9,1.7777777777777777,1
TOR_20260829_1_PA008,TOR_20260829_1,B007,3,1888,1891,4,Groundout,Batted_Out,0,0,0,0,1,0,0,0,0,0,0,4,11,1.8257418583505538,4,1.5,1
TOR_20260829_1_PA009,TOR_20260829_1,B013,3,1892,1892,1,Hit,Hit,0,1,0,0,1,0,0,0,0,0,0,1,12,,1,0,1
TOR_20260829_1_PA010,TOR_20260829_1,B004,3,1893,1898,6,Flyout,Batted_Out,0,0,0,0,1,0,0,0,0,1,2,6,20.166666666666668,12.843935014888025,6,0.3333333333333333,1
TOR_20260829_1_PA011,TOR_20260829_1,B001,3,1899,1904,6,Strikeout,Strikeout,1,0,0,0,1,0,0,0,0,1,1,6,16.5,9.772410142846033,6,3.1666666666666665,1
TOR_20260829_1_PA012,TOR_20260829_1,B017,4,1905,1907,3,Groundout,Batted_Out,0,0,0,0,1,0,0,0,0,0,0,3,14,5,3,0.3333333333333333,1
TOR_20260829_1_PA013,TOR_20260829_1,B009,4,1908,1908,1,Hit,Hit,0,1,0,0,1,0,0,0,0,0,0,1,8,,1,1,1
TOR_20260829_1_PA014,TOR_20260829_1,B012,4,1909,1915,7,Walk,Walk,0,0,1,0,1,0,0,1,0,0,0,7,12.714285714285714,1.889822365046136,7,1,1
TOR_20260829_1_PA015,TOR_20260829_1,B005,4,1916,1918,3,Flyout,Batted_Out,0,0,0,0,1,0,0,1,0,0,0,3,11.333333333333334,2.3094010767585034,3,1.3333333333333333,1
TOR_20260829_1_PA016,TOR_20260829_1,B008,4,1919,1921,3,Flyout,Batted_Out,0,0,0,0,1,0,0,1,0,0,0,3,13.333333333333334,1.5275252316519468,3,1.6666666666666667,1
TOR_20260829_1_PA017,TOR_20260829_1,B007,5,1922,1924,3,Strikeout,Strikeout,1,0,0,0,1,0,0,0,0,0,0,3,10.333333333333334,1.1547005383792517,3,3,1
TOR_20260829_1_PA018,TOR_20260829_1,B013,5,1925,1931,7,Hit,Hit,0,1,0,0,1,0,0,0,0,0,0,7,10.571428571428571,3.3094381626464866,7,0.14285714285714285,1
TOR_20260829_1_PA019,TOR_20260829_1,B004,5,1932,1936,5,Walk,Walk,0,0,1,0,1,0,0,0,0,0,0,5,13.8,4.54972526643093,5,0.4,1
TOR_20260829_1_PA020,TOR_20260829_1,B001,5,1937,1942,6,Strikeout,Strikeout,1,0,0,0,1,0,0,1,0,0,0,6,12.833333333333334,2.316606713852541,6,3.1666666666666665,1
TOR_20260829_1_PA021,TOR_20260829_1,B017,5,1943,1948,6,Walk,Walk,0,0,1,0,1,0,0,1,0,0,0,6,15,3.40587727318528,6,1.3333333333333333,1
TOR_20260829_1_PA022,TOR_20260829_1,B009,5,1949,1954,6,Walk,Walk,0,0,1,0,1,0,0,1,0,1,1,6,11.166666666666666,1.4719601443879744,6,0.6666666666666666,1
TOR_20260829_1_PA023,TOR_20260829_1,B012,5,1955,1959,5,Flyout,Batted_Out,0,0,0,0,1,0,0,1,1,1,1,5,12.6,0.8944271909999157,5,0.8,1
TOR_20260829_1_PA024,TOR_20260829_1,B005,6,1960,1965,6,Walk,Walk,0,0,1,0,1,0,0,0,0,0,0,6,10,2.5298221281347035,6,1.5,1
TOR_20260829_1_PA025,TOR_20260829_1,B008,6,1966,1966,1,Flyout,Batted_Out,0,0,0,0,1,0,0,0,0,0,0,1,9,,1,2,1
TOR_20260829_1_PA026,TOR_20260829_1,B007,6,1967,1968,2,Groundout,Batted_Out,0,0,0,0,1,0,0,0,0,0,0,2,10,1.4142135623730951,2,3,1
TOR_20260829_1_PA027,TOR_20260829_1,B013,6,1969,1976,8,Walk,Walk,0,0,1,0,1,0,0,1,0,1,1,8,13.875,8.356990230596521,8,1,1
TOR_20260829_1_PA028,TOR_20260829_1,B004,6,1977,1980,4,Hit,Hit,0,1,0,0,1,0,0,1,0,0,0,4,9.75,1.2583057392117916,4,0.5,1
TOR_20260829_1_PA029,TOR_20260829_1,B001,6,1981,1985,5,Hit,Hit,0,1,0,0,1,0,0,1,0,0,0,5,12.6,2.3021728866442674,5,3,1
TOR_20260829_1_PA030,TOR_20260829_1,B017,6,1986,1988,3,Lineout,Batted_Out,0,0,0,0,1,0,0,1,1,1,1,3,12.333333333333334,3.511884584284246,3,1,1
TOR_20260829_1_PA031,TOR_20260829_1,B009,7,1989,1990,2,Groundout,Batted_Out,0,0,0,0,1,0,0,0,0,0,0,2,11.5,0.7071067811865476,2,1,1
TOR_20260829_1_PA032,TOR_20260829_1,B012,7,1991,1994,4,Strikeout,Strikeout,1,0,0,0,1,0,0,0,0,0,0,4,10,1.4142135623730951,4,0.25,1
TOR_20260829_1_PA033,TOR_20260829_1,B010,7,1995,1998,4,Groundout,Batted_Out,0,0,0,0,1,0,0,0,0,0,0,4,12.5,3.872983346207417,4,1.75,1
TOR_20260829_1_PA034,TOR_20260829_1,B008,8,1999,2003,5,Strikeout,Strikeout,1,0,0,0,1,0,0,0,0,0,0,5,9.6,2.1908902300206643,5,1.2,1
TOR_20260829_1_PA035,TOR_20260829_1,B014,8,2004,2005,2,Groundout,Batted_Out,0,0,0,0,1,0,0,0,0,0,0,2,10,1.4142135623730951,2,3,1
TOR_20260829_1_PA036,TOR_20260829_1,B013,8,2006,2006,1,Groundout,Batted_Out,0,0,0,0,1,0,0,0,0,0,0,1,11,,1,0,1
TOR_20260830_1_PA001,TOR_20260830_1,B004,1,2007,2012,6,Walk,Walk,0,0,1,0,1,0,0,0,0,0,0,6,15.833333333333334,3.65604522218567,6,0.3333333333333333,1
TOR_20260830_1_PA002,TOR_20260830_1,B017,1,2013,2015,3,Flyout,Batted_Out,0,0,0,0,1,0,0,0,1,1,1,3,20,5.291502622129181,3,0.6666666666666666,1
TOR_20260830_1_PA003,TOR_20260830_1,B001,1,2016,2018,3,Home Run,Hit,0,1,0,0,1,0,0,0,0,0,0,3,15.666666666666666,4.725815626252608,3,3,1
TOR_20260830_1_PA004,TOR_20260830_1,B009,1,2019,2023,5,Strikeout,Strikeout,1,0,0,0,1,0,0,0,0,0,0,5,13.6,1.6733200530681511,5,0.8,1
TOR_20260830_1_PA005,TOR_20260830_1,B014,1,2024,2031,8,Hit,Hit,0,1,0,0,1,0,0,0,0,0,0,8,16.625,3.2486260832190936,8,3.375,1
TOR_20260830_1_PA006,TOR_20260830_1,B012,1,2032,2038,7,Groundout,Batted_Out,0,0,0,0,1,0,0,0,1,1,1,7,18.142857142857142,6.20291790016525,7,1,1
TOR_20260830_1_PA007,TOR_20260830_1,B002,2,2039,2044,6,Strikeout,Strikeout,1,0,0,0,1,0,0,0,0,0,0,6,17.5,2.8106938645110393,6,2.5,1
TOR_20260830_1_PA008,TOR_20260830_1,B005,2,2045,2046,2,Groundout,Batted_Out,0,0,0,0,1,0,0,0,0,0,0,2,14,2.8284271247461903,2,2,1
TOR_20260830_1_PA009,TOR_20260830_1,B013,2,2047,2048,2,Flyout,Batted_Out,0,0,0,0,1,0,0,0,0,0,0,2,17,4.242640687119285,2,0,1
TOR_20260830_1_PA010,TOR_20260830_1,B004,3,2049,2052,4,Strikeout,Strikeout,1,0,0,0,1,0,0,0,0,0,0,4,15.75,3.4034296427770228,4,0.5,1
TOR_20260830_1_PA011,TOR_20260830_1,B017,3,2053,2057,5,Flyout,Batted_Out,0,0,0,0,1,0,0,0,0,0,0,5,17,2.5495097567963922,5,1.6,1
TOR_20260830_1_PA012,TOR_20260830_1,B001,3,2058,2061,4,Hit,Hit,0,1,0,0,1,0,0,0,0,0,0,4,16.25,3.8622100754188224,4,3.75,1
TOR_20260830_1_PA013,TOR_20260830_1,B009,3,2062,2062,1,Hit,Hit,0,1,0,0,1,0,0,0,0,0,0,1,13,,1,1,1
TOR_20260830_1_PA014,TOR_20260830_1,B014,3,2063,2068,6,Groundout,Batted_Out,0,0,0,0,1,0,0,1,0,1,1,6,21.666666666666668,6.65331997326648,6,3.6666666666666665,1
TOR_20260830_1_PA015,TOR_20260830_1,B012,4,2069,2069,1,Groundout,Batted_Out,0,0,0,0,1,0,0,0,0,0,0,1,10,,1,0,1
TOR_20260830_1_PA016,TOR_20260830_1,B002,4,2070,2072,3,Groundout,Batted_Out,0,0,0,0,1,0,0,0,0,0,0,3,15.666666666666666,1.1547005383792517,3,0.6666666666666666,1
TOR_20260830_1_PA017,TOR_20260830_1,B005,4,2073,2075,3,Flyout,Batted_Out,0,0,0,0,1,0,0,0,0,0,0,3,13.666666666666666,1.5275252316519468,3,2,1
TOR_20260830_1_PA018,TOR_20260830_1,B013,5,2076,2078,3,Hit,Hit,0,1,0,0,1,0,0,0,0,0,0,3,15.666666666666666,2.081665999466133,3,1.3333333333333333,1
TOR_20260830_1_PA019,TOR_20260830_1,B004,5,2079,2079,1,Groundout,Batted_Out,0,0,0,0,1,0,0,0,0,0,0,1,12,,1,0,1
TOR_20260830_1_PA020,TOR_20260830_1,B017,5,2080,2086,7,Hit,Hit,0,1,0,0,1,0,0,1,0,1,1,7,18.428571428571427,4.720774754816659,7,1,1
TOR_20260830_1_PA021,TOR_20260830_1,B001,5,2087,2089,3,Flyout,Batted_Out,0,0,0,0,1,0,0,1,0,0,0,3,13.333333333333334,3.214550253664318,3,3,1
TOR_20260830_1_PA022,TOR_20260830_1,B009,5,2090,2093,4,Strikeout,Strikeout,1,0,0,0,1,0,0,1,0,0,0,4,15.25,2.753785273643051,4,0.75,1
TOR_20260830_1_PA023,TOR_20260830_1,B014,6,2094,2098,5,Strikeout,Strikeout,1,0,0,0,1,0,0,0,0,0,0,5,14.8,1.6431676725154984,5,3.8,1
TOR_20260830_1_PA024,TOR_20260830_1,B012,6,2099,2099,1,Home Run,Hit,0,1,0,0,1,0,0,0,0,0,0,1,15,,1,1,1
TOR_20260830_1_PA025,TOR_20260830_1,B002,6,2100,2103,4,Flyout,Batted_Out,0,0,0,0,1,0,0,0,0,0,0,4,13.25,0.9574271077563381,4,2.25,1
TOR_20260830_1_PA026,TOR_20260830_1,B005,6,2104,2107,4,Flyout,Batted_Out,0,0,0,0,1,0,0,0,0,0,0,4,12,0.816496580927726,4,2,1
TOR_20260830_1_PA027,TOR_20260830_1,B013,7,2108,2109,2,Flyout,Batted_Out,0,0,0,0,1,0,0,0,0,0,0,2,12.5,0.7071067811865476,2,1,1
TOR_20260830_1_PA028,TOR_20260830_1,B004,7,2110,2114,5,Walk,Walk,0,0,1,0,1,0,0,0,0,0,0,5,12,1.4142135623730951,5,0.4,1
TOR_20260830_1_PA029,TOR_20260830_1,B017,7,2115,2119,5,Groundout,Batted_Out,0,0,0,0,1,0,0,0,0,0,0,5,13.8,1.6431676725154982,5,0.8,1
TOR_20260830_1_PA030,TOR_20260830_1,B001,7,2120,2123,4,Flyout,Batted_Out,0,0,0,0,1,0,0,1,0,0,0,4,14.25,1.2583057392117916,4,3.25,1
TOR_20260830_1_PA031,TOR_20260830_1,B009,8,2124,2128,5,Hit,Hit,0,1,0,0,1,0,0,0,0,0,0,5,14,1.224744871391589,5,0.8,1
TOR_20260830_1_PA032,TOR_20260830_1,B014,8,2129,2130,2,HBP,HBP,0,0,0,1,1,0,0,1,0,0,0,2,14,0,2,3,1
TOR_20260830_1_PA033,TOR_20260830_1,B012,8,2131,2134,4,Walk,Walk,0,0,1,0,1,0,0,1,0,0,0,4,14,0.816496580927726,4,1,1
TOR_20260830_1_PA034,TOR_20260830_1,B002,8,2135,2135,1,Hit,Hit,0,1,0,0,1,0,0,1,0,0,0,1,12,,1,1,1
TOR_20260830_1_PA035,TOR_20260830_1,B008,8,2136,2137,2,Groundout,Batted_Out,0,0,0,0,1,0,0,1,0,0,0,2,13,0,2,2,1
TOR_20260830_1_PA036,TOR_20260830_1,B013,8,2138,2142,5,Walk,Walk,0,0,1,0,1,0,0,1,0,0,0,5,14.8,1.6431676725154984,5,0.8,1
TOR_20260830_1_PA037,TOR_20260830_1,B004,8,2143,2147,5,Hit,Hit,0,1,0,0,1,0,0,1,0,0,0,5,14.2,2.7748873851023217,5,0.2,1
TOR_20260830_1_PA038,TOR_20260830_1,B017,8,2148,2152,5,Flyout,Batted_Out,0,0,0,0,1,0,0,1,0,0,0,5,15,2.345207879911715,5,0.8,1
TOR_20260901_1_PA001,TOR_20260901_1,B004,1,2153,2156,4,Strikeout,Strikeout,1,0,0,0,1,0,0,0,0,0,0,4,12.75,2.5,4,0.5,1
TOR_20260901_1_PA002,TOR_20260901_1,B001,1,2157,2162,6,Strikeout,Strikeout,1,0,0,0,1,0,0,0,0,0,0,6,15.333333333333334,5.240865068542279,6,3,1
TOR_20260901_1_PA003,TOR_20260901_1,B017,1,2163,2164,2,Lineout,Batted_Out,0,0,0,0,1,0,0,0,0,0,0,2,8.5,2.1213203435596424,2,1.5,1
TOR_20260901_1_PA004,TOR_20260901_1,B009,2,2165,2168,4,Groundout,Batted_Out,0,0,0,0,1,0,0,0,0,0,0,4,11,1.8257418583505538,4,1.5,1
TOR_20260901_1_PA005,TOR_20260901_1,B014,2,2169,2171,3,Strikeout,Strikeout,1,0,0,0,1,0,0,0,0,0,0,3,18,3.605551275463989,3,3.3333333333333335,1
TOR_20260901_1_PA006,TOR_20260901_1,B012,2,2172,2176,5,Strikeout,Strikeout,1,0,0,0,1,0,0,0,0,0,0,5,14.4,2.073644135332772,5,1.4,1
TOR_20260901_1_PA007,TOR_20260901_1,B002,3,2177,2179,3,HBP,HBP,0,0,0,1,1,0,0,0,0,0,0,3,12.666666666666666,5.507570547286102,3,1.6666666666666667,1
TOR_20260901_1_PA008,TOR_20260901_1,B008,3,2180,2182,3,Lineout,Batted_Out,0,0,0,0,1,0,0,0,0,0,0,3,11.666666666666666,1.5275252316519468,3,1.6666666666666667,1
TOR_20260901_1_PA009,TOR_20260901_1,B013,3,2183,2185,3,Flyout,Batted_Out,0,0,0,0,1,0,0,0,0,0,0,3,15,5.291502622129181,3,0.3333333333333333,1
TOR_20260901_1_PA010,TOR_20260901_1,B004,3,2186,2192,7,Strikeout,Strikeout,1,0,0,0,1,0,0,0,0,0,0,7,14.428571428571429,2.5071326821120348,7,0.2857142857142857,1
TOR_20260901_1_PA011,TOR_20260901_1,B001,4,2193,2193,1,Hit,Hit,0,1,0,0,1,0,0,0,0,0,0,1,20,,1,2,1
TOR_20260901_1_PA012,TOR_20260901_1,B017,4,2194,2199,6,Fielder's Choice,Fielders_Choice,0,0,0,0,1,0,0,0,0,0,0,6,18,10.639548862616309,6,1.3333333333333333,1
TOR_20260901_1_PA013,TOR_20260901_1,B009,4,2200,2203,4,Strikeout,Strikeout,1,0,0,0,1,0,0,0,0,0,0,4,15,2.160246899469287,4,1,1
TOR_20260901_1_PA014,TOR_20260901_1,B014,4,2204,2204,1,Groundout,Batted_Out,0,0,0,0,1,0,0,0,0,0,0,1,16,,1,4,1
TOR_20260901_1_PA015,TOR_20260901_1,B012,5,2205,2205,1,Hit,Hit,0,1,0,0,1,0,0,0,0,0,0,1,11,,1,3,1
TOR_20260901_1_PA016,TOR_20260901_1,B002,5,2206,2208,3,Strikeout,Strikeout,1,0,0,0,1,0,0,0,0,0,0,3,13.666666666666666,4.163331998932265,3,2.3333333333333335,1
TOR_20260901_1_PA017,TOR_20260901_1,B008,5,2209,2214,6,Walk,Walk,0,0,1,0,1,0,0,0,0,0,0,6,14.333333333333334,4.226897995772629,6,1,1
TOR_20260901_1_PA018,TOR_20260901_1,B013,5,2215,2219,5,Strikeout,Strikeout,1,0,0,0,1,0,0,1,0,0,0,5,14.4,2.8809720581775866,5,1.2,1
TOR_20260901_1_PA019,TOR_20260901_1,B004,5,2220,2223,4,Groundout,Batted_Out,0,0,0,0,1,0,0,1,0,0,0,4,13,3.7416573867739413,4,0.25,1
TOR_20260901_1_PA020,TOR_20260901_1,B001,6,2224,2228,5,Strikeout,Strikeout,1,0,0,0,1,0,0,0,0,0,0,5,12.8,2.280350850198276,5,2.6,1
TOR_20260901_1_PA021,TOR_20260901_1,B017,6,2229,2232,4,Flyout,Batted_Out,0,0,0,0,1,0,0,0,0,0,0,4,16,4.242640687119285,4,0.75,1
TOR_20260901_1_PA022,TOR_20260901_1,B009,6,2233,2236,4,Strikeout,Strikeout,1,0,0,0,1,0,0,0,0,0,0,4,12,3.366501646120693,4,1,1
TOR_20260901_1_PA023,TOR_20260901_1,B014,7,2237,2240,4,Strikeout,Strikeout,1,0,0,0,1,0,0,0,0,0,0,4,12.5,6.3508529610858835,4,3,1
TOR_20260901_1_PA024,TOR_20260901_1,B012,7,2241,2245,5,Strikeout,Strikeout,1,0,0,0,1,0,0,0,0,0,0,5,14.8,5.263078946776307,5,1.8,1
TOR_20260901_1_PA025,TOR_20260901_1,B002,7,2246,2248,3,Strikeout,Strikeout,1,0,0,0,1,0,0,0,0,0,0,3,10.333333333333334,2.3094010767585034,3,1.3333333333333333,1
TOR_20260901_1_PA026,TOR_20260901_1,B008,8,2249,2251,3,Flyout,Batted_Out,0,0,0,0,1,0,0,0,0,0,0,3,12.666666666666666,2.081665999466133,3,1.3333333333333333,1
TOR_20260901_1_PA027,TOR_20260901_1,B010,8,2252,2256,5,Strikeout,Strikeout,1,0,0,0,1,0,0,0,0,0,0,5,14,4.06201920231798,5,0.2,1
TOR_20260901_1_PA028,TOR_20260901_1,B004,8,2257,2257,1,Groundout,Batted_Out,0,0,0,0,1,0,0,0,0,0,0,1,8,,1,0,1
TOR_20260901_1_PA029,TOR_20260901_1,B001,9,2258,2265,8,Groundout,Batted_Out,0,0,0,0,1,0,0,0,0,0,0,8,18.875,6.706872807586473,8,2.75,1
TOR_20260901_1_PA030,TOR_20260901_1,B017,9,2266,2268,3,Hit,Hit,0,1,0,0,1,0,0,0,0,0,0,3,14,2.6457513110645907,3,1,1
TOR_20260901_1_PA031,TOR_20260901_1,B009,9,2269,2273,5,Flyout,Batted_Out,0,0,0,0,1,0,0,0,0,0,0,5,13.6,3.646916505762094,5,0.2,1
TOR_20260901_1_PA032,TOR_20260901_1,B014,9,2274,2275,2,Flyout,Batted_Out,0,0,0,0,1,0,0,0,0,0,0,2,18,7.0710678118654755,2,3.5,1
TOR_20260902_1_PA001,TOR_20260902_1,B004,1,2276,2276,1,Hit,Hit,0,1,0,0,1,0,0,0,0,0,0,1,12,,1,1,1
TOR_20260902_1_PA002,TOR_20260902_1,B009,1,2277,2277,1,Flyout,Batted_Out,0,0,0,0,1,0,0,0,0,0,0,1,14,,1,3,1
TOR_20260902_1_PA003,TOR_20260902_1,B017,1,2278,2279,2,Double,Hit,0,1,0,0,1,0,0,0,0,0,0,2,15,7.0710678118654755,2,2,1
TOR_20260902_1_PA004,TOR_20260902_1,B001,1,2280,2285,6,Strikeout,Strikeout,1,0,0,0,1,0,0,1,0,0,0,6,15.333333333333334,5.5377492419453835,6,3,1
TOR_20260902_1_PA005,TOR_20260902_1,B012,1,2286,2288,3,Lineout,Batted_Out,0,0,0,0,1,0,0,1,0,0,0,3,12.333333333333334,3.214550253664318,3,0.3333333333333333,1
TOR_20260902_1_PA006,TOR_20260902_1,B014,2,2289,2291,3,Groundout,Batted_Out,0,0,0,0,1,0,0,0,0,0,0,3,18.666666666666668,4.041451884327381,3,3,1
TOR_20260902_1_PA007,TOR_20260902_1,B008,2,2292,2292,1,Hit,Hit,0,1,0,0,1,0,0,0,0,0,0,1,10,,1,1,1
TOR_20260902_1_PA008,TOR_20260902_1,B002,2,2293,2297,5,Hit,Hit,0,1,0,0,1,0,0,0,0,0,0,5,14,1.8708286933869707,5,1.4,1
TOR_20260902_1_PA009,TOR_20260902_1,B013,2,2298,2304,7,Walk,Walk,0,0,1,0,1,0,0,1,0,0,0,7,14.714285714285714,4.386125310350268,7,1.2857142857142858,1
TOR_20260902_1_PA010,TOR_20260902_1,B004,2,2305,2307,3,Fielder's Choice,Fielders_Choice,0,0,0,0,1,0,0,1,0,0,0,3,11.333333333333334,2.5166114784235836,3,0,1
TOR_20260902_1_PA011,TOR_20260902_1,B009,2,2308,2311,4,Fielder's Choice,Fielders_Choice,0,0,0,0,1,0,0,1,0,0,0,4,11.5,3,4,1,1
TOR_20260902_1_PA012,TOR_20260902_1,B017,2,2312,2313,2,Home Run,Hit,0,1,0,0,1,0,0,1,0,0,0,2,12.5,2.1213203435596424,2,0.5,1
TOR_20260902_1_PA013,TOR_20260902_1,B001,2,2314,2318,5,Groundout,Batted_Out,0,0,0,0,1,0,0,0,0,0,0,5,15,3.7416573867739413,5,2.4,1
TOR_20260902_1_PA014,TOR_20260902_1,B012,3,2319,2323,5,Strikeout,Strikeout,1,0,0,0,1,0,0,0,0,0,0,5,13.4,2.9664793948382653,5,0.8,1
TOR_20260902_1_PA015,TOR_20260902_1,B014,3,2324,2326,3,Hit,Hit,0,1,0,0,1,0,0,0,0,0,0,3,16.666666666666668,8.020806277010642,3,3.3333333333333335,1
TOR_20260902_1_PA016,TOR_20260902_1,B008,3,2327,2330,4,Fielder's Choice,Fielders_Choice,0,0,0,0,1,0,0,0,0,0,0,4,13.25,3.593976442141304,4,1.5,1
TOR_20260902_1_PA017,TOR_20260902_1,B002,3,2331,2337,7,Hit,Hit,0,1,0,0,1,0,0,0,0,0,0,7,14.285714285714286,3.903600291794133,7,2,1
TOR_20260902_1_PA018,TOR_20260902_1,B013,3,2338,2340,3,Double,Hit,0,1,0,0,1,0,0,1,0,0,0,3,13.333333333333334,2.8867513459481287,3,1.6666666666666667,1
TOR_20260902_1_PA019,TOR_20260902_1,B004,3,2341,2346,6,Flyout,Batted_Out,0,0,0,0,1,0,0,1,0,0,0,6,12.833333333333334,3.970726214015097,6,0.16666666666666666,1
TOR_20260902_1_PA020,TOR_20260902_1,B009,4,2347,2349,3,Strikeout,Strikeout,1,0,0,0,1,0,0,0,0,0,0,3,11.666666666666666,1.5275252316519468,3,0,1
TOR_20260902_1_PA021,TOR_20260902_1,B017,4,2350,2351,2,Flyout,Batted_Out,0,0,0,0,1,0,0,0,0,0,0,2,11.5,3.5355339059327378,2,1,1
TOR_20260902_1_PA022,TOR_20260902_1,B001,4,2352,2356,5,Strikeout,Strikeout,1,0,0,0,1,0,0,0,0,0,0,5,12.2,2.949576240750525,5,2.8,1
TOR_20260902_1_PA023,TOR_20260902_1,B012,5,2357,2362,6,Strikeout,Strikeout,1,0,0,0,1,0,0,0,0,0,0,6,15.166666666666666,6.2742861479746574,6,0.8333333333333334,1
TOR_20260902_1_PA024,TOR_20260902_1,B014,5,2363,2363,1,Groundout,Batted_Out,0,0,0,0,1,0,0,0,0,0,0,1,10,,1,4,1
TOR_20260902_1_PA025,TOR_20260902_1,B008,5,2364,2366,3,Groundout,Batted_Out,0,0,0,0,1,0,0,0,0,0,0,3,16.333333333333332,1.5275252316519468,3,0.6666666666666666,1
TOR_20260902_1_PA026,TOR_20260902_1,B002,6,2367,2372,6,Strikeout,Strikeout,1,0,0,0,1,0,0,0,0,0,0,6,12.333333333333334,3.1411250638372654,6,1.6666666666666667,1
TOR_20260902_1_PA027,TOR_20260902_1,B013,6,2373,2373,1,Hit,Hit,0,1,0,0,1,0,0,0,0,0,0,1,10,,1,1,1
TOR_20260902_1_PA028,TOR_20260902_1,B004,6,2374,2378,5,Walk,Walk,0,0,1,0,1,0,0,0,0,0,0,5,17,4.301162633521313,5,0.4,1
TOR_20260902_1_PA029,TOR_20260902_1,B009,6,2379,2382,4,Double,Hit,0,1,0,0,1,0,0,1,0,0,0,4,14.5,1.7320508075688772,4,1.25,1
TOR_20260902_1_PA030,TOR_20260902_1,B017,6,2383,2385,3,Hit,Hit,0,1,0,0,1,0,0,1,0,0,0,3,13,2,3,1.3333333333333333,1
TOR_20260902_1_PA031,TOR_20260902_1,B001,6,2386,2386,1,Groundout,Batted_Out,0,0,0,0,1,0,0,1,0,0,0,1,11,,1,3,1
TOR_20260902_1_PA032,TOR_20260902_1,B012,7,2387,2389,3,Strikeout,Strikeout,1,0,0,0,1,0,0,0,0,0,0,3,13.333333333333334,3.055050463303893,3,0.6666666666666666,1
TOR_20260902_1_PA033,TOR_20260902_1,B014,7,2390,2394,5,Strikeout,Strikeout,1,0,0,0,1,0,0,0,0,0,0,5,20.6,7.436396977031283,5,3.2,1
TOR_20260902_1_PA034,TOR_20260902_1,B008,7,2395,2396,2,Lineout,Batted_Out,0,0,0,0,1,0,0,0,0,0,0,2,10.5,2.1213203435596424,2,2.5,1
TOR_20260902_1_PA035,TOR_20260902_1,B011,8,2397,2398,2,Home Run,Hit,0,1,0,0,1,0,0,0,0,0,0,2,20.5,7.7781745930520225,2,1.5,1
TOR_20260902_1_PA036,TOR_20260902_1,B013,8,2399,2403,5,Lineout,Batted_Out,0,0,0,0,1,0,0,0,0,0,0,5,15.6,7.231873892705818,5,0.6,1
TOR_20260902_1_PA037,TOR_20260902_1,B004,8,2404,2406,3,Flyout,Batted_Out,0,0,0,0,1,0,0,0,0,0,0,3,11.666666666666666,2.8867513459481287,3,1,1
TOR_20260902_1_PA038,TOR_20260902_1,B010,8,2407,2408,2,Flyout,Batted_Out,0,0,0,0,1,0,0,0,0,0,0,2,9.5,7.7781745930520225,2,3,1
TOR_20260902_1_PA039,TOR_20260902_1,B016,9,2409,2411,3,Hit,Hit,0,1,0,0,1,0,0,0,0,0,0,0,,,0,,1
TOR_20260902_1_PA040,TOR_20260902_1,B001,9,2412,2417,6,Groundout,Batted_Out,0,0,0,0,1,0,0,0,0,0,0,6,12,3.1622776601683795,6,2.6666666666666665,1
TOR_20260902_1_PA041,TOR_20260902_1,B005,9,2418,2421,4,Hit,Hit,0,1,0,0,1,0,0,1,0,0,0,4,11.5,3.5118845842842465,4,1.5,1
TOR_20260902_1_PA042,TOR_20260902_1,B014,9,2422,2424,3,Hit,Hit,0,1,0,0,1,0,0,1,0,0,0,3,12.666666666666666,2.5166114784235836,3,3,1
TOR_20260902_1_PA043,TOR_20260902_1,B008,9,2425,2426,2,Flyout,Batted_Out,0,0,0,0,1,0,0,1,0,0,0,2,14.5,6.363961030678928,2,1.5,1
TOR_20260902_1_PA044,TOR_20260902_1,B011,9,2427,2428,2,Flyout,Batted_Out,0,0,0,0,1,0,0,1,0,0,0,2,22,8.48528137423857,2,2,1
TOR_20260903_1_PA001,TOR_20260903_1,B004,1,2429,2433,5,Hit,Hit,0,1,0,0,1,0,0,0,0,0,0,5,18,12.489995996796797,5,0.4,1
TOR_20260903_1_PA002,TOR_20260903_1,B014,1,2434,2437,4,Groundout,Batted_Out,0,0,0,0,1,0,0,0,0,0,0,4,20.5,5.916079783099616,4,2.5,1
TOR_20260903_1_PA003,TOR_20260903_1,B017,1,2438,2441,4,Strikeout,Strikeout,1,0,0,0,1,0,0,0,0,0,0,4,14.5,4.203173404306164,4,1.25,1
TOR_20260903_1_PA004,TOR_20260903_1,B010,2,2442,2449,8,Strikeout,Strikeout,1,0,0,0,1,0,0,0,0,0,0,8,16.125,11.444743022765643,8,1.125,1
TOR_20260903_1_PA005,TOR_20260903_1,B016,2,2450,2456,7,Walk,Walk,0,0,1,0,1,0,0,0,0,0,0,7,4,0,7,0,1
TOR_20260903_1_PA006,TOR_20260903_1,B002,2,2457,2460,4,Flyout,Batted_Out,0,0,0,0,1,0,0,0,0,0,0,4,13,3.559026084010437,4,1.5,1
TOR_20260903_1_PA007,TOR_20260903_1,B008,2,2461,2463,3,Strikeout,Strikeout,1,0,0,0,1,0,0,0,0,0,0,3,16,3.4641016151377544,3,0.6666666666666666,1
TOR_20260903_1_PA008,TOR_20260903_1,B003,3,2464,2469,6,Flyout,Batted_Out,0,0,0,0,1,0,0,0,0,0,0,6,17.833333333333332,9.600347215943112,6,1.1666666666666667,1
TOR_20260903_1_PA009,TOR_20260903_1,B004,3,2470,2471,2,Groundout,Batted_Out,0,0,0,0,1,0,0,0,0,0,0,2,18,7.0710678118654755,2,0,1
TOR_20260903_1_PA010,TOR_20260903_1,B014,3,2472,2475,4,Groundout,Batted_Out,0,0,0,0,1,0,0,0,0,0,0,4,14.75,5.795112883571237,4,3,1
TOR_20260903_1_PA011,TOR_20260903_1,B017,4,2476,2483,8,Walk,Walk,0,0,1,0,1,0,0,0,0,0,0,8,16.5,4.27617987059879,8,0.75,1
TOR_20260903_1_PA012,TOR_20260903_1,B010,4,2484,2484,1,Groundout,Batted_Out,0,0,0,0,1,0,0,0,0,0,0,1,4,,1,0,1
TOR_20260903_1_PA013,TOR_20260903_1,B016,4,2485,2487,3,Hit,Hit,0,1,0,0,1,0,0,1,0,0,0,3,4,0,3,0,1
TOR_20260903_1_PA014,TOR_20260903_1,B011,4,2488,2493,6,Strikeout,Strikeout,1,0,0,0,1,0,0,0,0,0,0,6,20.5,10.348912986396204,6,3.1666666666666665,1
TOR_20260903_1_PA015,TOR_20260903_1,B002,4,2494,2498,5,Groundout,Batted_Out,0,0,0,0,1,0,0,0,0,0,0,5,14.2,3.7682887362833544,5,1.6,1
TOR_20260903_1_PA016,TOR_20260903_1,B008,5,2499,2502,4,Walk,Walk,0,0,1,0,1,0,0,0,0,0,0,4,13.25,3.4034296427770228,4,0.75,1
TOR_20260903_1_PA017,TOR_20260903_1,B003,5,2503,2509,7,Walk,Walk,0,0,1,0,1,0,0,0,0,0,0,7,14.142857142857142,3.338091841585121,7,1.2857142857142858,1
TOR_20260903_1_PA018,TOR_20260903_1,B004,5,2510,2510,1,Hit,Hit,0,1,0,0,1,0,0,1,0,0,0,1,14,,1,2,1
TOR_20260903_1_PA019,TOR_20260903_1,B014,5,2511,2512,2,Double,Hit,0,1,0,0,1,0,0,1,0,0,0,2,22,0,2,3,1
TOR_20260903_1_PA020,TOR_20260903_1,B017,5,2513,2516,4,Flyout,Batted_Out,0,0,0,0,1,0,0,1,0,0,0,4,12.25,3.5,4,1.25,1
TOR_20260903_1_PA021,TOR_20260903_1,B010,5,2517,2521,5,Hit,Hit,0,1,0,0,1,0,0,1,0,0,0,5,14,8.455767262643882,5,2.4,1
TOR_20260903_1_PA022,TOR_20260903_1,B016,5,2522,2526,5,Hit,Hit,0,1,0,0,1,0,0,0,0,0,0,5,4.4,0.8944271909999159,5,0,1
TOR_20260903_1_PA023,TOR_20260903_1,B011,5,2527,2534,8,Walk,Walk,0,0,1,0,1,0,0,1,0,0,0,8,19.375,9.530964574180606,8,2.25,1
TOR_20260903_1_PA024,TOR_20260903_1,B002,5,2535,2538,4,Strikeout,Strikeout,1,0,0,0,1,0,0,1,0,0,0,4,13.25,3.685557397915997,4,0.75,1
TOR_20260903_1_PA025,TOR_20260903_1,B008,5,2539,2540,2,Flyout,Batted_Out,0,0,0,0,1,0,0,1,0,0,0,2,10.5,0.7071067811865476,2,2,1
TOR_20260903_1_PA026,TOR_20260903_1,B003,6,2541,2543,3,Groundout,Batted_Out,0,0,0,0,1,0,0,0,0,0,0,3,14.666666666666666,3.7859388972001824,3,1,1
TOR_20260903_1_PA027,TOR_20260903_1,B004,6,2544,2545,2,Hit,Hit,0,1,0,0,1,0,0,0,0,0,0,2,14.5,4.949747468305833,2,0.5,1
TOR_20260903_1_PA028,TOR_20260903_1,B014,6,2546,2550,5,Lineout,Batted_Out,0,0,0,0,1,0,0,0,0,0,0,5,15.2,8.228000972289685,5,3.4,1
TOR_20260903_1_PA029,TOR_20260903_1,B017,6,2551,2552,2,Groundout,Batted_Out,0,0,0,0,1,0,0,0,0,0,0,2,16.5,0.7071067811865476,2,0.5,1
TOR_20260903_1_PA030,TOR_20260903_1,B013,7,2553,2558,6,Walk,Walk,0,0,1,0,1,0,0,0,0,0,0,6,17.333333333333332,8.71014733897577,6,1.3333333333333333,1
TOR_20260903_1_PA031,TOR_20260903_1,B016,7,2559,2564,6,Strikeout,Strikeout,1,0,0,0,1,0,0,0,0,0,0,6,7,3.3466401061363023,6,0,1
TOR_20260903_1_PA032,TOR_20260903_1,B011,7,2565,2568,4,Strikeout,Strikeout,1,0,0,0,1,0,0,0,0,0,0,4,17.25,5.123475382979799,4,2.5,1
TOR_20260903_1_PA033,TOR_20260903_1,B002,7,2569,2573,5,Groundout,Batted_Out,0,0,0,0,1,0,0,0,0,0,0,5,15.4,4.774934554525329,5,0.8,1
TOR_20260903_1_PA034,TOR_20260903_1,B008,8,2574,2577,4,Groundout,Batted_Out,0,0,0,0,1,0,0,0,0,0,0,4,14,1.8257418583505538,4,0.75,1
TOR_20260903_1_PA035,TOR_20260903_1,B003,8,2578,2582,5,Walk,Walk,0,0,1,0,1,0,0,0,0,0,0,5,13.4,1.1401754250991378,5,1,1
TOR_20260903_1_PA036,TOR_20260903_1,B004,8,2583,2589,7,Strikeout,Strikeout,1,0,0,0,1,0,0,0,0,0,0,7,12.857142857142858,4.488079449258574,7,0.14285714285714285,1
TOR_20260903_1_PA037,TOR_20260903_1,B014,8,2590,2593,4,Double,Hit,0,1,0,0,1,0,0,0,0,0,0,4,16,2.449489742783178,4,3.5,1
TOR_20260903_1_PA038,TOR_20260903_1,B017,8,2594,2597,4,Groundout,Batted_Out,0,0,0,0,1,0,0,1,0,0,0,4,15.25,4.5,4,1.75,1
TOR_20260903_1_PA039,TOR_20260903_1,B013,9,2598,2601,4,Groundout,Batted_Out,0,0,0,0,1,0,0,0,0,0,0,4,15,2,4,1,1
TOR_20260903_1_PA040,TOR_20260903_1,B016,9,2602,2607,6,Strikeout,Strikeout,1,0,0,0,1,0,0,0,0,0,0,6,5.833333333333333,2.136976056643281,6,0,1
TOR_20260903_1_PA041,TOR_20260903_1,B011,9,2608,2611,4,Walk,Walk,0,0,1,0,1,0,0,0,0,0,0,4,19.5,3.696845502136472,4,3,1
TOR_20260903_1_PA042,TOR_20260903_1,B002,9,2612,2613,2,Hit,Hit,0,1,0,0,1,0,0,0,0,0,0,2,15.5,7.7781745930520225,2,3,1
TOR_20260903_1_PA043,TOR_20260903_1,B008,9,2614,2618,5,Hit,Hit,0,1,0,0,1,0,0,1,0,0,0,5,16.4,6.730527468185536,5,2,1
TOR_20260903_1_PA044,TOR_20260903_1,B003,9,2619,2623,5,Strikeout,Strikeout,1,0,0,0,1,0,0,1,0,0,0,5,14.6,3.361547262794322,5,1.2,1
TOR_20260904_1_PA001,TOR_20260904_1,B004,1,2624,2624,1,HBP,HBP,0,0,0,1,1,0,0,0,0,0,0,1,12,,1,1,1
TOR_20260904_1_PA002,TOR_20260904_1,B009,1,2625,2628,4,Flyout,Batted_Out,0,0,0,0,1,0,0,0,0,0,0,4,15.5,3.1091263510296048,4,0.75,1
TOR_20260904_1_PA003,TOR_20260904_1,B017,1,2629,2631,3,Hit,Hit,0,1,0,0,1,0,0,0,0,0,0,3,15.666666666666666,1.1547005383792517,3,1.6666666666666667,1
TOR_20260904_1_PA004,TOR_20260904_1,B001,1,2632,2633,2,Hit,Hit,0,1,0,0,1,0,0,0,0,0,0,2,11.5,4.949747468305833,2,4.5,1
TOR_20260904_1_PA005,TOR_20260904_1,B012,1,2634,2637,4,Hit,Hit,0,1,0,0,1,0,0,1,0,0,0,4,12.25,2.6299556396765835,4,0.25,1
TOR_20260904_1_PA006,TOR_20260904_1,B005,1,2638,2642,5,Fielder's Choice,Fielders_Choice,0,0,0,0,1,0,0,1,0,0,0,5,14,3.8078865529319543,5,2.6,1
TOR_20260904_1_PA007,TOR_20260904_1,B008,1,2643,2643,1,Double,Hit,0,1,0,0,1,0,0,1,0,0,0,1,16,,1,1,1
TOR_20260904_1_PA008,TOR_20260904_1,B014,1,2644,2646,3,Groundout,Batted_Out,0,0,0,0,1,0,0,1,0,0,0,3,14.666666666666666,2.3094010767585034,3,2.3333333333333335,1
TOR_20260904_1_PA009,TOR_20260904_1,B013,2,2647,2652,6,Hit,Hit,0,1,0,0,1,0,0,0,0,0,0,6,12.833333333333334,3.9707262140150976,6,1.5,1
TOR_20260904_1_PA010,TOR_20260904_1,B004,2,2653,2656,4,Groundout,Batted_Out,0,0,0,0,1,0,0,0,0,0,0,4,11.25,2.0615528128088303,4,0,1
TOR_20260904_1_PA011,TOR_20260904_1,B009,2,2657,2658,2,Groundout,Batted_Out,0,0,0,0,1,0,0,1,0,0,0,2,11,0,2,1,1
TOR_20260904_1_PA012,TOR_20260904_1,B017,2,2659,2659,1,Hit,Hit,0,1,0,0,1,0,0,1,0,0,0,1,11,,1,1,1
TOR_20260904_1_PA013,TOR_20260904_1,B001,2,2660,2662,3,Double,Hit,0,1,0,0,1,0,0,1,0,0,0,3,12,2.6457513110645907,3,2.3333333333333335,1
TOR_20260904_1_PA014,TOR_20260904_1,B012,2,2663,2667,5,Groundout,Batted_Out,0,0,0,0,1,0,0,1,0,0,0,5,15.6,7.231873892705818,5,1.2,1
TOR_20260904_1_PA015,TOR_20260904_1,B005,3,2668,2672,5,Walk,Walk,0,0,1,0,1,0,0,0,0,0,0,5,15.2,5.167204273105526,5,1.4,1
TOR_20260904_1_PA016,TOR_20260904_1,B008,3,2673,2674,2,Flyout,Batted_Out,0,0,0,0,1,0,0,0,0,0,0,2,14,5.656854249492381,2,2,1
TOR_20260904_1_PA017,TOR_20260904_1,B014,3,2675,2676,2,Fielder's Choice,Fielders_Choice,0,0,0,0,1,0,0,0,0,0,0,2,15.5,2.1213203435596424,2,3.5,1
TOR_20260904_1_PA018,TOR_20260904_1,B013,3,2677,2677,1,Flyout,Batted_Out,0,0,0,0,1,0,0,0,0,0,0,1,14,,1,0,1
TOR_20260904_1_PA019,TOR_20260904_1,B004,4,2678,2680,3,Groundout,Batted_Out,0,0,0,0,1,0,0,0,0,0,0,3,10.333333333333334,2.516611478423583,3,0.3333333333333333,1
TOR_20260904_1_PA020,TOR_20260904_1,B009,4,2681,2682,2,Groundout,Batted_Out,0,0,0,0,1,0,0,0,0,0,0,2,14,5.656854249492381,2,0,1
TOR_20260904_1_PA021,TOR_20260904_1,B017,4,2683,2687,5,Flyout,Batted_Out,0,0,0,0,1,0,0,0,0,0,0,5,12,2.9154759474226504,5,1.2,1
TOR_20260904_1_PA022,TOR_20260904_1,B001,5,2688,2691,4,Lineout,Batted_Out,0,0,0,0,1,0,0,0,0,0,0,4,15,2.160246899469287,4,2.5,1
TOR_20260904_1_PA023,TOR_20260904_1,B012,5,2692,2692,1,Flyout,Batted_Out,0,0,0,0,1,0,0,0,0,0,0,1,13,,1,0,1
TOR_20260904_1_PA024,TOR_20260904_1,B005,5,2693,2696,4,Flyout,Batted_Out,0,0,0,0,1,0,0,0,0,0,0,4,14.25,2.8722813232690143,4,1,1
TOR_20260904_1_PA025,TOR_20260904_1,B008,6,2697,2698,2,Hit,Hit,0,1,0,0,1,0,0,0,0,0,0,2,11,2.8284271247461903,2,2.5,1
TOR_20260904_1_PA026,TOR_20260904_1,B014,6,2699,2706,8,Hit,Hit,0,1,0,0,1,0,0,0,0,0,0,8,16,7.596991885890475,8,2.75,1
TOR_20260904_1_PA027,TOR_20260904_1,B013,6,2707,2707,1,Groundout,Batted_Out,0,0,0,0,1,0,0,1,0,0,0,1,14,,1,0,1
TOR_20260904_1_PA028,TOR_20260904_1,B004,6,2708,2712,5,Walk,Walk,0,0,1,0,1,0,0,1,0,0,0,5,14.2,5.263078946776307,5,0.4,1
TOR_20260904_1_PA029,TOR_20260904_1,B009,6,2713,2715,3,Double,Hit,0,1,0,0,1,0,0,1,0,0,0,3,15.666666666666666,7.371114795831994,3,0.6666666666666666,1
TOR_20260904_1_PA030,TOR_20260904_1,B017,6,2716,2717,2,Lineout,Batted_Out,0,0,0,0,1,0,0,1,0,0,0,2,22,9.899494936611665,2,2,1
TOR_20260904_1_PA031,TOR_20260904_1,B001,6,2718,2719,2,Groundout,Batted_Out,0,0,0,0,1,0,0,1,0,0,0,2,20,8.48528137423857,2,3,1
TOR_20260904_1_PA032,TOR_20260904_1,B012,7,2720,2722,3,Strikeout,Strikeout,1,0,0,0,1,0,0,0,0,0,0,3,13.666666666666666,4.509249752822894,3,0.6666666666666666,1
TOR_20260904_1_PA033,TOR_20260904_1,B011,7,2723,2726,4,Strikeout,Strikeout,1,0,0,0,1,0,0,0,0,0,0,4,21.75,8.341662504161466,4,1.5,1
TOR_20260904_1_PA034,TOR_20260904_1,B005,7,2727,2727,1,Flyout,Batted_Out,0,0,0,0,1,0,0,0,0,0,0,1,15,,1,1,1
TOR_20260904_1_PA035,TOR_20260904_1,B014,8,2728,2729,2,Flyout,Batted_Out,0,0,0,0,1,0,0,0,0,0,0,2,11.5,4.949747468305833,2,2.5,1
TOR_20260904_1_PA036,TOR_20260904_1,B013,8,2730,2734,5,Hit,Hit,0,1,0,0,1,0,0,0,0,0,0,5,14.8,7.120393247567159,5,1.6,1
TOR_20260904_1_PA037,TOR_20260904_1,B004,8,2735,2741,7,Strikeout,Strikeout,1,0,0,0,1,0,0,0,0,0,0,7,15.714285714285714,8.300889223737531,7,0.42857142857142855,1
TOR_20260904_1_PA038,TOR_20260904_1,B009,8,2742,2743,2,Lineout,Batted_Out,0,0,0,0,1,0,0,1,0,0,0,2,15,2.8284271247461903,2,0.5,1
TOR_20260904_1_PA039,TOR_20260904_1,B016,9,2744,2745,2,Home Run,Hit,0,1,0,0,1,0,0,0,0,0,0,2,5,1.4142135623730951,2,0,1
TOR_20260904_1_PA040,TOR_20260904_1,B001,9,2746,2748,3,Flyout,Batted_Out,0,0,0,0,1,0,0,0,0,0,0,3,15.333333333333334,6.506407098647712,3,2.3333333333333335,1
TOR_20260904_1_PA041,TOR_20260904_1,B012,9,2749,2753,5,Strikeout,Strikeout,1,0,0,0,1,0,0,0,0,0,0,5,16.6,3.7815340802378072,5,1.6,1
TOR_20260904_1_PA042,TOR_20260904_1,B011,9,2754,2757,4,Walk,Walk,0,0,1,0,1,0,0,0,0,0,0,4,20.5,5.507570547286102,4,3,1
TOR_20260904_1_PA043,TOR_20260904_1,B008,9,2758,2760,3,Lineout,Batted_Out,0,0,0,0,1,0,0,0,0,0,0,3,12.333333333333334,3.055050463303893,3,1,1
TOR_20260905_1_PA001,TOR_20260905_1,B004,1,2761,2766,6,Hit,Hit,0,1,0,0,1,0,0,0,0,0,0,6,16.833333333333332,11.531117320826574,6,0.3333333333333333,1
TOR_20260905_1_PA002,TOR_20260905_1,B009,1,2767,2772,6,Flyout,Batted_Out,0,0,0,0,1,0,0,0,0,0,0,6,13.833333333333334,2.0412414523193148,6,0.6666666666666666,1
TOR_20260905_1_PA003,TOR_20260905_1,B017,1,2773,2774,2,Hit,Hit,0,1,0,0,1,0,0,0,0,0,0,2,10,2.8284271247461903,2,1.5,1
TOR_20260905_1_PA004,TOR_20260905_1,B001,1,2775,2778,4,Hit,Hit,0,1,0,0,1,0,0,0,0,0,0,4,14.75,5.123475382979799,4,2,1
TOR_20260905_1_PA005,TOR_20260905_1,B014,1,2779,2783,5,Hit,Hit,0,1,0,0,1,0,0,1,0,0,0,5,17.2,5.06951674225463,5,2.6,1
TOR_20260905_1_PA006,TOR_20260905_1,B012,1,2784,2791,8,Double,Hit,0,1,0,0,1,0,0,0,0,0,0,8,15.5,3.927922024247863,8,0.875,1
TOR_20260905_1_PA007,TOR_20260905_1,B002,1,2792,2795,4,Groundout,Batted_Out,0,0,0,0,1,0,0,1,0,0,0,4,16.75,2.5,4,1.5,1
TOR_20260905_1_PA008,TOR_20260905_1,B008,2,2796,2801,6,Hit,Hit,0,1,0,0,1,0,0,0,0,0,0,6,18,6.324555320336759,6,1,1
TOR_20260905_1_PA009,TOR_20260905_1,B013,2,2802,2806,5,Flyout,Batted_Out,0,0,0,0,1,0,0,0,0,0,0,5,16.2,2.16794833886788,5,1.4,1
TOR_20260905_1_PA010,TOR_20260905_1,B004,2,2807,2811,5,Walk,Walk,0,0,1,0,1,0,0,0,0,0,0,5,14.4,5.176871642217914,5,0,1
TOR_20260905_1_PA011,TOR_20260905_1,B009,2,2812,2813,2,Flyout,Batted_Out,0,0,0,0,1,0,0,1,0,0,0,2,13,4.242640687119285,2,0,1
TOR_20260905_1_PA012,TOR_20260905_1,B017,2,2814,2817,4,Flyout,Batted_Out,0,0,0,0,1,0,0,1,0,0,0,4,16,5.228129047119374,4,0.75,1
TOR_20260905_1_PA013,TOR_20260905_1,B001,3,2818,2818,1,Groundout,Batted_Out,0,0,0,0,1,0,0,0,0,0,0,1,11,,1,4,1
TOR_20260905_1_PA014,TOR_20260905_1,B014,3,2819,2821,3,Hit,Hit,0,1,0,0,1,0,0,0,0,0,0,3,15.666666666666666,1.5275252316519468,3,3.3333333333333335,1
TOR_20260905_1_PA015,TOR_20260905_1,B012,3,2822,2824,3,Double,Hit,0,1,0,0,1,0,0,0,0,0,0,3,12,3.605551275463989,3,1,1
TOR_20260905_1_PA016,TOR_20260905_1,B002,3,2825,2831,7,Walk,Walk,0,0,1,0,1,0,0,0,0,0,0,7,13.285714285714286,2.627691364061218,7,1.7142857142857142,1
TOR_20260905_1_PA017,TOR_20260905_1,B008,3,2832,2833,2,Flyout,Batted_Out,0,0,0,0,1,0,0,0,0,0,0,2,10.5,0.7071067811865476,2,2,1
TOR_20260905_1_PA018,TOR_20260905_1,B013,4,2834,2835,2,Flyout,Batted_Out,0,0,0,0,1,0,0,0,0,0,0,2,11.5,3.5355339059327378,2,0.5,1
TOR_20260905_1_PA019,TOR_20260905_1,B004,4,2836,2839,4,Strikeout,Strikeout,1,0,0,0,1,0,0,0,0,0,0,4,15.75,4.272001872658765,4,0.5,1
TOR_20260905_1_PA020,TOR_20260905_1,B009,4,2840,2840,1,Groundout,Batted_Out,0,0,0,0,1,0,0,0,0,0,0,1,14,,1,0,1
TOR_20260905_1_PA021,TOR_20260905_1,B017,5,2841,2847,7,Lineout,Batted_Out,0,0,0,0,1,0,0,0,0,0,0,7,14.142857142857142,9.191092996819828,7,1,1
TOR_20260905_1_PA022,TOR_20260905_1,B001,5,2848,2852,5,Groundout,Batted_Out,0,0,0,0,1,0,0,0,0,0,0,5,14.2,4.816637831516918,5,2.4,1
TOR_20260905_1_PA023,TOR_20260905_1,B014,5,2853,2856,4,Flyout,Batted_Out,0,0,0,0,1,0,0,0,0,0,0,4,16.75,4.112987559751022,4,3,1
TOR_20260905_1_PA024,TOR_20260905_1,B012,6,2857,2860,4,Hit,Hit,0,1,0,0,1,0,0,0,0,0,0,4,14.25,4.112987559751022,4,0.75,1
TOR_20260905_1_PA025,TOR_20260905_1,B002,6,2861,2865,5,Hit,Hit,0,1,0,0,1,0,0,0,0,0,0,5,11.8,2.3874672772626644,5,0.6,1
TOR_20260905_1_PA026,TOR_20260905_1,B008,6,2866,2868,3,Strikeout,Strikeout,1,0,0,0,1,0,0,1,0,0,0,3,13.333333333333334,1.1547005383792517,3,1.6666666666666667,1
TOR_20260905_1_PA027,TOR_20260905_1,B013,6,2869,2873,5,Strikeout,Strikeout,1,0,0,0,1,0,0,1,0,0,0,5,11.4,1.3416407864998738,5,1.2,1
TOR_20260905_1_PA028,TOR_20260905_1,B004,6,2874,2875,2,Groundout,Batted_Out,0,0,0,0,1,0,0,1,0,0,0,2,14.5,6.363961030678928,2,0.5,1
TOR_20260905_1_PA029,TOR_20260905_1,B009,7,2876,2881,6,Walk,Walk,0,0,1,0,1,0,0,0,0,0,0,6,12.833333333333334,2.136976056643281,6,0.5,1
TOR_20260905_1_PA030,TOR_20260905_1,B017,7,2882,2885,4,Strikeout,Strikeout,1,0,0,0,1,0,0,0,0,0,0,4,15,5.94418483337567,4,1.5,1
TOR_20260905_1_PA031,TOR_20260905_1,B001,7,2886,2888,3,Groundout,Batted_Out,0,0,0,0,1,0,0,1,0,0,0,3,14.333333333333334,5.033222956847166,3,1.6666666666666667,1
TOR_20260905_1_PA032,TOR_20260905_1,B014,7,2889,2891,3,Hit,Hit,0,1,0,0,1,0,0,1,0,0,0,3,14.333333333333334,5.507570547286102,3,3,1
TOR_20260905_1_PA033,TOR_20260905_1,B012,7,2892,2892,1,Hit,Hit,0,1,0,0,1,0,0,1,0,0,0,1,10,,1,0,1
TOR_20260905_1_PA034,TOR_20260905_1,B002,7,2893,2897,5,Flyout,Batted_Out,0,0,0,0,1,0,0,1,0,0,0,5,15.2,3.492849839314596,5,1.4,1
TOR_20260905_1_PA035,TOR_20260905_1,B008,8,2898,2901,4,Groundout,Batted_Out,0,0,0,0,1,0,0,0,0,0,0,4,12,2.160246899469287,4,0.5,1
TOR_20260905_1_PA036,TOR_20260905_1,B013,8,2902,2906,5,Hit,Hit,0,1,0,0,1,0,0,0,0,0,0,5,13.8,3.1144823004794873,5,0.4,1
TOR_20260905_1_PA037,TOR_20260905_1,B004,8,2907,2909,3,Lineout,Batted_Out,0,0,0,0,1,0,0,0,0,0,0,3,13.333333333333334,0.5773502691896257,3,1,1
TOR_20260905_1_PA038,TOR_20260905_1,B009,8,2910,2911,2,Flyout,Batted_Out,0,0,0,0,1,0,0,0,0,0,0,2,13.5,0.7071067811865476,2,0.5,1
TOR_20260905_1_PA039,TOR_20260905_1,B017,9,2912,2913,2,Groundout,Batted_Out,0,0,0,0,1,0,0,0,0,0,0,2,16,11.313708498984761,2,1,1
TOR_20260905_1_PA040,TOR_20260905_1,B001,9,2914,2915,2,Groundout,Batted_Out,0,0,0,0,1,0,0,0,0,0,0,2,22,11.313708498984761,2,2.5,1
TOR_20260905_1_PA041,TOR_20260905_1,B014,9,2916,2917,2,Hit,Hit,0,1,0,0,1,0,0,0,0,0,0,2,16,4.242640687119285,2,3,1
TOR_20260905_1_PA042,TOR_20260905_1,B012,9,2918,2920,3,Groundout,Batted_Out,0,0,0,0,1,0,0,0,0,0,0,3,11.333333333333334,2.0816659994661326,3,1,1
TOR_20260906_1_PA001,TOR_20260906_1,B004,1,2921,2924,4,HBP,HBP,0,0,0,1,1,0,0,0,0,0,0,4,12.5,2.516611478423583,4,0.5,1
TOR_20260906_1_PA002,TOR_20260906_1,B014,1,2925,2926,2,Groundout,Batted_Out,0,0,0,0,1,0,0,0,0,0,0,2,15.5,0.7071067811865476,2,2.5,1
TOR_20260906_1_PA003,TOR_20260906_1,B017,1,2927,2929,3,Groundout,Batted_Out,0,0,0,0,1,0,0,0,0,0,0,3,13.333333333333334,2.081665999466133,3,1,1
TOR_20260906_1_PA004,TOR_20260906_1,B010,2,2930,2934,5,Groundout,Batted_Out,0,0,0,0,1,0,0,0,0,0,0,5,14.6,3.361547262794322,5,1.6,1
TOR_20260906_1_PA005,TOR_20260906_1,B012,2,2935,2940,6,Strikeout,Strikeout,1,0,0,0,1,0,0,0,0,0,0,6,12.666666666666666,2.1602468994692865,6,0.6666666666666666,1
TOR_20260906_1_PA006,TOR_20260906_1,B016,2,2941,2946,6,Strikeout,Strikeout,1,0,0,0,1,0,0,0,0,0,0,6,4,0,6,0,1
TOR_20260906_1_PA007,TOR_20260906_1,B011,3,2947,2949,3,Flyout,Batted_Out,0,0,0,0,1,0,0,0,0,0,0,3,18,7.54983443527075,3,2.3333333333333335,1
TOR_20260906_1_PA008,TOR_20260906_1,B002,3,2950,2955,6,Lineout,Batted_Out,0,0,0,0,1,0,0,0,0,0,0,6,15,3.3466401061363023,6,1.1666666666666667,1
TOR_20260906_1_PA009,TOR_20260906_1,B003,3,2956,2959,4,Groundout,Batted_Out,0,0,0,0,1,0,0,0,0,0,0,4,13.25,1.707825127659933,4,1.25,1
TOR_20260906_1_PA010,TOR_20260906_1,B004,4,2960,2960,1,Hit,Hit,0,1,0,0,1,0,0,0,0,0,0,1,13,,1,1,1
TOR_20260906_1_PA011,TOR_20260906_1,B014,4,2961,2965,5,Flyout,Batted_Out,0,0,0,0,1,0,0,0,0,0,0,5,11.6,3.0495901363953815,5,2.8,1
TOR_20260906_1_PA012,TOR_20260906_1,B017,4,2966,2967,2,Groundout,Batted_Out,0,0,0,0,1,0,0,0,0,0,0,2,18.5,2.1213203435596424,2,1.5,1
TOR_20260906_1_PA013,TOR_20260906_1,B010,5,2968,2971,4,Flyout,Batted_Out,0,0,0,0,1,0,0,0,0,0,0,4,22.75,11.615363389350618,4,2,1
TOR_20260906_1_PA014,TOR_20260906_1,B012,5,2972,2975,4,Flyout,Batted_Out,0,0,0,0,1,0,0,0,0,0,0,4,13.25,0.9574271077563381,4,1,1
TOR_20260906_1_PA015,TOR_20260906_1,B016,5,2976,2979,4,Strikeout,Strikeout,1,0,0,0,1,0,0,0,0,0,0,4,5.25,1.8929694486000912,4,0,1
TOR_20260906_1_PA016,TOR_20260906_1,B011,6,2980,2987,8,Home Run,Hit,0,1,0,0,1,0,0,0,0,0,0,8,21,11.019463300386795,8,3,1
TOR_20260906_1_PA017,TOR_20260906_1,B002,6,2988,2988,1,Groundout,Batted_Out,0,0,0,0,1,0,0,0,0,0,0,1,12,,1,0,1
TOR_20260906_1_PA018,TOR_20260906_1,B003,6,2989,2993,5,Groundout,Batted_Out,0,0,0,0,1,0,0,0,0,0,0,5,14.4,1.816590212458495,5,1.4,1
TOR_20260906_1_PA019,TOR_20260906_1,B004,6,2994,2997,4,Hit,Hit,0,1,0,0,1,0,0,0,0,0,0,4,16.5,4.358898943540674,4,0.5,1
TOR_20260906_1_PA020,TOR_20260906_1,B014,6,2998,2999,2,Hit,Hit,0,1,0,0,1,0,0,0,0,0,0,2,16,7.0710678118654755,2,2,1
TOR_20260906_1_PA021,TOR_20260906_1,B017,6,3000,3004,5,Groundout,Batted_Out,0,0,0,0,1,0,0,1,0,0,0,5,14,4.743416490252569,5,1.2,1
TOR_20260906_1_PA022,TOR_20260906_1,B013,7,3005,3010,6,Walk,Walk,0,0,1,0,1,0,0,0,0,0,0,6,15.833333333333334,2.3166067138525404,6,0.3333333333333333,1
TOR_20260906_1_PA023,TOR_20260906_1,B012,7,3011,3014,4,Groundout,Batted_Out,0,0,0,0,1,0,0,0,0,0,0,4,14.25,4.031128874149275,4,1.75,1
TOR_20260906_1_PA024,TOR_20260906_1,B005,7,3015,3019,5,Hit,Hit,0,1,0,0,1,0,0,1,0,0,0,5,12.8,1.9235384061671346,5,1,1
TOR_20260906_1_PA025,TOR_20260906_1,B009,7,3020,3024,5,Hit,Hit,0,1,0,0,1,0,0,1,0,0,0,5,15.2,1.6431676725154982,5,1,1
TOR_20260906_1_PA026,TOR_20260906_1,B002,7,3025,3026,2,Flyout,Batted_Out,0,0,0,0,1,0,0,1,0,0,0,2,13,5.656854249492381,2,1,1
TOR_20260906_1_PA027,TOR_20260906_1,B003,8,3027,3029,3,Groundout,Batted_Out,0,0,0,0,1,0,0,0,0,0,0,3,15.333333333333334,5.507570547286102,3,2,1
TOR_20260906_1_PA028,TOR_20260906_1,B004,8,3030,3031,2,Hit,Hit,0,1,0,0,1,0,0,0,0,0,0,2,10,2.8284271247461903,2,0,1
TOR_20260906_1_PA029,TOR_20260906_1,B014,8,3032,3036,5,Strikeout,Strikeout,1,0,0,0,1,0,0,0,0,0,0,5,16.2,2.949576240750525,5,3.2,1
TOR_20260906_1_PA030,TOR_20260906_1,B017,8,3037,3043,7,Strikeout,Strikeout,1,0,0,0,1,0,0,0,0,0,0,7,21.142857142857142,9.47678868655009,7,1.1428571428571428,1
TOR_20260906_1_PA031,TOR_20260906_1,B013,9,3044,3044,1,Hit,Hit,0,1,0,0,1,0,0,0,0,0,0,1,11,,1,1,1
TOR_20260906_1_PA032,TOR_20260906_1,B012,9,3045,3051,7,Groundout,Batted_Out,0,0,0,0,1,0,0,0,0,0,0,7,19.285714285714285,6.156684327197709,7,1.5714285714285714,1
TOR_20260906_1_PA033,TOR_20260906_1,B005,9,3052,3056,5,Groundout,Batted_Out,0,0,0,0,1,0,0,1,0,0,0,5,14.2,1.4832396974191326,5,2,1
TOR_20260906_1_PA034,TOR_20260906_1,B008,9,3057,3058,2,Flyout,Batted_Out,0,0,0,0,1,0,0,1,0,0,0,2,10.5,2.1213203435596424,2,1,1
TOR_20260907_1_PA001,TOR_20260907_1,B004,1,3059,3062,4,Groundout,Batted_Out,0,0,0,0,1,0,0,0,0,0,0,4,12.5,2.516611478423583,4,0.5,1
TOR_20260907_1_PA002,TOR_20260907_1,B009,1,3063,3066,4,Flyout,Batted_Out,0,0,0,0,1,0,0,0,0,0,0,4,15.5,3.7859388972001824,4,0.5,1
TOR_20260907_1_PA003,TOR_20260907_1,B017,1,3067,3072,6,Strikeout,Strikeout,1,0,0,0,1,0,0,0,0,0,0,6,13,4.47213595499958,6,1.6666666666666667,1
TOR_20260907_1_PA004,TOR_20260907_1,B001,2,3073,3074,2,Home Run,Hit,0,1,0,0,1,0,0,0,0,0,0,2,10.5,4.949747468305833,2,1,1
TOR_20260907_1_PA005,TOR_20260907_1,B012,2,3075,3078,4,Walk,Walk,0,0,1,0,1,0,0,0,0,0,0,4,12.25,2.6299556396765835,4,0.25,1
TOR_20260907_1_PA006,TOR_20260907_1,B014,2,3079,3081,3,Hit,Hit,0,1,0,0,1,0,0,0,0,0,0,3,15,2.6457513110645907,3,2.3333333333333335,1
TOR_20260907_1_PA007,TOR_20260907_1,B008,2,3082,3084,3,Flyout,Batted_Out,0,0,0,0,1,0,0,1,0,0,0,3,11,1,3,1,1
TOR_20260907_1_PA008,TOR_20260907_1,B002,2,3085,3086,2,Groundout,Batted_Out,0,0,0,0,1,0,0,1,0,0,0,2,10,1.4142135623730951,2,1,1
TOR_20260907_1_PA009,TOR_20260907_1,B013,2,3087,3091,5,Flyout,Batted_Out,0,0,0,0,1,0,0,1,0,0,0,5,12.8,3.96232255123179,5,0.6,1
TOR_20260907_1_PA010,TOR_20260907_1,B004,3,3092,3093,2,Flyout,Batted_Out,0,0,0,0,1,0,0,0,0,0,0,2,13.5,0.7071067811865476,2,1,1
TOR_20260907_1_PA011,TOR_20260907_1,B009,3,3094,3099,6,Flyout,Batted_Out,0,0,0,0,1,0,0,0,0,0,0,6,13.333333333333334,3.444802848737017,6,0.6666666666666666,1
TOR_20260907_1_PA012,TOR_20260907_1,B017,3,3100,3103,4,Groundout,Batted_Out,0,0,0,0,1,0,0,0,0,0,0,4,15,6.683312551921141,4,1.5,1
TOR_20260907_1_PA013,TOR_20260907_1,B001,4,3104,3106,3,Flyout,Batted_Out,0,0,0,0,1,0,0,0,0,0,0,3,18.666666666666668,8.621678104251709,3,1.6666666666666667,1
TOR_20260907_1_PA014,TOR_20260907_1,B012,4,3107,3109,3,Flyout,Batted_Out,0,0,0,0,1,0,0,0,0,0,0,3,15.333333333333334,5.131601439446884,3,1.3333333333333333,1
TOR_20260907_1_PA015,TOR_20260907_1,B014,4,3110,3114,5,Groundout,Batted_Out,0,0,0,0,1,0,0,0,0,0,0,5,16.4,2.5099800796022267,5,3.6,1
TOR_20260907_1_PA016,TOR_20260907_1,B008,5,3115,3118,4,Flyout,Batted_Out,0,0,0,0,1,0,0,0,0,0,0,4,12,3.366501646120693,4,1,1
TOR_20260907_1_PA017,TOR_20260907_1,B002,5,3119,3122,4,Groundout,Batted_Out,0,0,0,0,1,0,0,0,0,0,0,4,14.75,4.193248541803041,4,1,1
TOR_20260907_1_PA018,TOR_20260907_1,B013,5,3123,3125,3,Flyout,Batted_Out,0,0,0,0,1,0,0,0,0,0,0,3,13,2.6457513110645907,3,1.6666666666666667,1
TOR_20260907_1_PA019,TOR_20260907_1,B004,6,3126,3129,4,Flyout,Batted_Out,0,0,0,0,1,0,0,0,0,0,0,4,13,3.7416573867739413,4,0.5,1
TOR_20260907_1_PA020,TOR_20260907_1,B009,6,3130,3130,1,Groundout,Batted_Out,0,0,0,0,1,0,0,0,0,0,0,1,10,,1,0,1
TOR_20260907_1_PA021,TOR_20260907_1,B017,6,3131,3132,2,Hit,Hit,0,1,0,0,1,0,0,0,0,0,0,2,12.5,4.949747468305833,2,0.5,1
TOR_20260907_1_PA022,TOR_20260907_1,B001,6,3133,3137,5,Flyout,Batted_Out,0,0,0,0,1,0,0,0,0,0,0,5,15.6,4.669047011971501,5,2.4,1
TOR_20260907_1_PA023,TOR_20260907_1,B012,7,3138,3139,2,Home Run,Hit,0,1,0,0,1,0,0,0,0,0,0,2,14,4.242640687119285,2,2,1
TOR_20260907_1_PA024,TOR_20260907_1,B014,7,3140,3143,4,Hit,Hit,0,1,0,0,1,0,0,0,0,0,0,4,19.75,2.753785273643051,4,3.25,1
TOR_20260907_1_PA025,TOR_20260907_1,B008,7,3144,3148,5,Hit,Hit,0,1,0,0,1,0,0,0,0,0,0,5,19.2,8.87130204648675,5,1.2,1
TOR_20260907_1_PA026,TOR_20260907_1,B002,7,3149,3151,3,Double,Hit,0,1,0,0,1,0,0,1,0,0,0,3,12.333333333333334,2.516611478423583,3,1,1
TOR_20260907_1_PA027,TOR_20260907_1,B011,7,3152,3154,3,Flyout,Batted_Out,0,0,0,0,1,0,0,1,0,0,0,3,16.333333333333332,10.115993936995679,3,3,1
TOR_20260907_1_PA028,TOR_20260907_1,B004,7,3155,3159,5,Strikeout,Strikeout,1,0,0,0,1,0,0,1,0,0,0,5,14.4,6.2289646009589745,5,0.6,1
TOR_20260907_1_PA029,TOR_20260907_1,B009,8,3160,3164,5,Strikeout,Strikeout,1,0,0,0,1,0,0,0,0,0,0,5,14.6,1.6733200530681511,5,1,1
TOR_20260907_1_PA030,TOR_20260907_1,B017,8,3165,3168,4,Groundout,Batted_Out,0,0,0,0,1,0,0,0,0,0,0,4,18,8.831760866327848,4,1.25,1
TOR_20260907_1_PA031,TOR_20260907_1,B001,8,3169,3170,2,Hit,Hit,0,1,0,0,1,0,0,0,0,0,0,2,9,2.8284271247461903,2,4,1
TOR_20260907_1_PA032,TOR_20260907_1,B012,8,3171,3176,6,Walk,Walk,0,0,1,0,1,0,0,0,0,0,0,6,12.333333333333334,2.250925735484551,6,0.8333333333333334,1
TOR_20260907_1_PA033,TOR_20260907_1,B014,8,3177,3179,3,Fielder's Choice,Fielders_Choice,0,0,0,0,1,0,0,1,0,0,0,3,15.333333333333334,2.081665999466133,3,3,1
TOR_20260907_1_PA034,TOR_20260907_1,B008,9,3180,3182,3,Flyout,Batted_Out,0,0,0,0,1,0,0,0,0,0,0,3,12.333333333333334,1.5275252316519468,3,3,1
TOR_20260907_1_PA035,TOR_20260907_1,B002,9,3183,3185,3,Home Run,Hit,0,1,0,0,1,0,0,0,0,0,0,3,13.666666666666666,4.041451884327381,3,1.6666666666666667,1
TOR_20260907_1_PA036,TOR_20260907_1,B011,9,3186,3189,4,Groundout,Batted_Out,0,0,0,0,1,0,0,0,0,0,0,4,18,4.08248290463863,4,2.75,1
TOR_20260907_1_PA037,TOR_20260907_1,B004,9,3190,3197,8,Walk,Walk,0,0,1,0,1,0,0,0,0,0,0,8,15,10.2399776785471,8,0.125,1
TOR_20260907_1_PA038,TOR_20260907_1,B009,9,3198,3201,4,Strikeout,Strikeout,1,0,0,0,1,0,0,0,0,0,0,4,13.5,4.509249752822894,4,0.75,1
TOR_20260908_1_PA001,TOR_20260908_1,B004,1,3202,3204,3,Hit,Hit,0,1,0,0,1,0,0,0,0,0,0,3,11,1.7320508075688772,3,0.6666666666666666,1
TOR_20260908_1_PA002,TOR_20260908_1,B014,1,3205,3208,4,Fielder's Choice,Fielders_Choice,0,0,0,0,1,0,0,0,0,0,0,4,17.75,4.573474244670748,4,2.75,1
TOR_20260908_1_PA003,TOR_20260908_1,B017,1,3209,3212,4,Strikeout,Strikeout,1,0,0,0,1,0,0,0,0,0,0,4,16.25,3.774917217635375,4,0.75,1
TOR_20260908_1_PA004,TOR_20260908_1,B001,1,3213,3217,5,Strikeout,Strikeout,1,0,0,0,1,0,0,0,0,0,0,5,13.4,4.6690470119715,5,2.6,1
TOR_20260908_1_PA005,TOR_20260908_1,B011,2,3218,3222,5,Home Run,Hit,0,1,0,0,1,0,0,0,0,0,0,5,17.4,4.393176527297759,5,3.2,1
TOR_20260908_1_PA006,TOR_20260908_1,B012,2,3223,3226,4,Home Run,Hit,0,1,0,0,1,0,0,0,0,0,0,4,15.25,1.2583057392117916,4,1,1
TOR_20260908_1_PA007,TOR_20260908_1,B002,2,3227,3230,4,Hit,Hit,0,1,0,0,1,0,0,0,0,0,0,4,10.75,3.095695936834452,4,1,1
TOR_20260908_1_PA008,TOR_20260908_1,B010,2,3231,3233,3,Groundout,Batted_Out,0,0,0,0,1,0,0,0,0,0,0,3,13.666666666666666,8.504900548115382,3,1.3333333333333333,1
TOR_20260908_1_PA009,TOR_20260908_1,B008,2,3234,3236,3,Flyout,Batted_Out,0,0,0,0,1,0,0,0,0,0,0,3,16,3.4641016151377544,3,0.6666666666666666,1
TOR_20260908_1_PA010,TOR_20260908_1,B004,3,3237,3241,5,Lineout,Batted_Out,0,0,0,0,1,0,0,0,0,0,0,5,15,1.7320508075688772,5,0.4,1
TOR_20260908_1_PA011,TOR_20260908_1,B014,3,3242,3243,2,Groundout,Batted_Out,0,0,0,0,1,0,0,0,0,0,0,2,14.5,2.1213203435596424,2,2.5,1
TOR_20260908_1_PA012,TOR_20260908_1,B017,3,3244,3245,2,Lineout,Batted_Out,0,0,0,0,1,0,0,0,0,0,0,2,18.5,3.5355339059327378,2,1,1
TOR_20260908_1_PA013,TOR_20260908_1,B001,4,3246,3247,2,Flyout,Batted_Out,0,0,0,0,1,0,0,0,0,0,0,2,12.5,0.7071067811865476,2,1.5,1
TOR_20260908_1_PA014,TOR_20260908_1,B011,4,3248,3251,4,Hit,Hit,0,1,0,0,1,0,0,0,0,0,0,4,22.75,7.632168761236874,4,3.25,1
TOR_20260908_1_PA015,TOR_20260908_1,B012,4,3252,3255,4,Groundout,Batted_Out,0,0,0,0,1,0,0,0,0,0,0,4,12.75,1.8929694486000912,4,0.75,1
TOR_20260908_1_PA016,TOR_20260908_1,B002,4,3256,3261,6,Groundout,Batted_Out,0,0,0,0,1,0,0,1,0,0,0,6,14.166666666666666,2.9944392908634274,6,1.3333333333333333,1
TOR_20260908_1_PA017,TOR_20260908_1,B010,5,3262,3269,8,Strikeout,Strikeout,1,0,0,0,1,0,0,0,0,0,0,8,17,5.209880722517277,8,2.25,1
TOR_20260908_1_PA018,TOR_20260908_1,B008,5,3270,3271,2,Flyout,Batted_Out,0,0,0,0,1,0,0,0,0,0,0,2,13.5,0.7071067811865476,2,1,1
TOR_20260908_1_PA019,TOR_20260908_1,B004,5,3272,3277,6,Groundout,Batted_Out,0,0,0,0,1,0,0,0,0,0,0,6,20.5,11.184811129384348,6,0.3333333333333333,1
TOR_20260908_1_PA020,TOR_20260908_1,B014,6,3278,3283,6,Hit,Hit,0,1,0,0,1,0,0,0,0,0,0,6,15.166666666666666,9.453394452082632,6,2.8333333333333335,1
TOR_20260908_1_PA021,TOR_20260908_1,B017,6,3284,3287,4,Hit,Hit,0,1,0,0,1,0,0,0,0,0,0,4,14.75,3.593976442141304,4,1.75,1
TOR_20260908_1_PA022,TOR_20260908_1,B001,6,3288,3294,7,Hit,Hit,0,1,0,0,1,0,0,1,0,0,0,7,17.857142857142858,8.13282590142302,7,2.2857142857142856,1
TOR_20260908_1_PA023,TOR_20260908_1,B011,6,3295,3295,1,Groundout,Batted_Out,0,0,0,0,1,0,0,1,0,0,0,1,9,,1,1,1
TOR_20260908_1_PA024,TOR_20260908_1,B012,6,3296,3300,5,Hit,Hit,0,1,0,0,1,0,0,0,0,0,0,5,14.2,3.1144823004794873,5,1.8,1
TOR_20260908_1_PA025,TOR_20260908_1,B002,6,3301,3303,3,Groundout,Batted_Out,0,0,0,0,1,0,0,0,0,0,0,3,10.666666666666666,2.8867513459481287,3,0.6666666666666666,1
TOR_20260908_1_PA026,TOR_20260908_1,B010,7,3304,3311,8,Hit,Hit,0,1,0,0,1,0,0,0,0,0,0,8,15.75,6.08863109175031,8,0.875,1
TOR_20260908_1_PA027,TOR_20260908_1,B008,7,3312,3317,6,Flyout,Batted_Out,0,0,0,0,1,0,0,0,0,0,0,6,17.166666666666668,9.579491983746667,6,1.3333333333333333,1
TOR_20260908_1_PA028,TOR_20260908_1,B004,7,3318,3321,4,Strikeout,Strikeout,1,0,0,0,1,0,0,1,0,0,0,4,14.75,4.856267428111155,4,0.25,1
TOR_20260908_1_PA029,TOR_20260908_1,B014,7,3322,3322,1,Groundout,Batted_Out,0,0,0,0,1,0,0,1,0,0,0,1,10,,1,2,1
TOR_20260908_1_PA030,TOR_20260908_1,B017,8,3323,3325,3,Hit,Hit,0,1,0,0,1,0,0,0,0,0,0,3,17,7.54983443527075,3,1.3333333333333333,1
TOR_20260908_1_PA031,TOR_20260908_1,B001,8,3326,3329,4,Lineout,Batted_Out,0,0,0,0,1,0,0,0,0,0,0,4,20.5,7.047458170621991,4,2.5,1
TOR_20260908_1_PA032,TOR_20260908_1,B011,8,3330,3338,9,Strikeout,Strikeout,1,0,0,0,1,0,0,0,0,0,0,9,21.555555555555557,10.309111396128078,9,3.2222222222222223,1
TOR_20260908_1_PA033,TOR_20260908_1,B012,9,3339,3343,5,Flyout,Batted_Out,0,0,0,0,1,0,0,0,0,0,0,5,13.6,3.9115214431215892,5,0.8,1
TOR_20260908_1_PA034,TOR_20260908_1,B002,9,3344,3348,5,Walk,Walk,0,0,1,0,1,0,0,0,0,0,0,5,15.2,3.492849839314596,5,1.8,1
TOR_20260908_1_PA035,TOR_20260908_1,B010,9,3349,3351,3,Strikeout,Strikeout,1,0,0,0,1,0,0,0,0,0,0,3,29.333333333333332,9.291573243177568,3,2.6666666666666665,1
TOR_20260908_1_PA036,TOR_20260908_1,B008,9,3352,3352,1,Fielder's Choice,Fielders_Choice,0,0,0,0,1,0,0,0,0,0,0,1,14,,1,2,1
TOR_20260909_1_PA001,TOR_20260909_1,B004,1,3353,3356,4,Groundout,Batted_Out,0,0,0,0,1,0,0,0,0,0,0,4,12.5,2.886751345948129,4,0.5,1
TOR_20260909_1_PA002,TOR_20260909_1,B005,1,3357,3362,6,Strikeout,Strikeout,1,0,0,0,1,0,0,0,0,0,0,6,13.166666666666666,1.9407902170679516,6,1.1666666666666667,1
TOR_20260909_1_PA003,TOR_20260909_1,B017,1,3363,3369,7,Walk,Walk,0,0,1,0,1,0,0,0,0,0,0,7,14.857142857142858,6.56832224718437,7,1.1428571428571428,1
TOR_20260909_1_PA004,TOR_20260909_1,B001,1,3370,3371,2,Lineout,Batted_Out,0,0,0,0,1,0,0,0,0,0,0,2,8.5,2.1213203435596424,2,1.5,1
TOR_20260909_1_PA005,TOR_20260909_1,B012,2,3372,3376,5,Strikeout,Strikeout,1,0,0,0,1,0,0,0,0,0,0,5,14.4,2.701851217221259,5,1.6,1
TOR_20260909_1_PA006,TOR_20260909_1,B002,2,3377,3380,4,Groundout,Batted_Out,0,0,0,0,1,0,0,0,0,0,0,4,12.75,4.112987559751022,4,1.5,1
TOR_20260909_1_PA007,TOR_20260909_1,B008,2,3381,3387,7,Walk,Walk,0,0,1,0,1,0,0,0,0,0,0,7,14.571428571428571,4.961758520831865,7,1.1428571428571428,1
TOR_20260909_1_PA008,TOR_20260909_1,B003,2,3388,3392,5,Flyout,Batted_Out,0,0,0,0,1,0,0,0,0,0,0,5,13.8,1.9235384061671346,5,1.2,1
TOR_20260909_1_PA009,TOR_20260909_1,B013,3,3393,3395,3,Flyout,Batted_Out,0,0,0,0,1,0,0,0,0,0,0,3,14.333333333333334,0.5773502691896257,3,1,1
TOR_20260909_1_PA010,TOR_20260909_1,B004,3,3396,3397,2,Lineout,Batted_Out,0,0,0,0,1,0,0,0,0,0,0,2,13,1.4142135623730951,2,0,1
TOR_20260909_1_PA011,TOR_20260909_1,B005,3,3398,3401,4,Hit,Hit,0,1,0,0,1,0,0,0,0,0,0,4,14.25,1.5,4,0.75,1
TOR_20260909_1_PA012,TOR_20260909_1,B017,3,3402,3403,2,Groundout,Batted_Out,0,0,0,0,1,0,0,0,0,0,0,2,16,1.4142135623730951,2,1,1
TOR_20260909_1_PA013,TOR_20260909_1,B001,4,3404,3408,5,Hit,Hit,0,1,0,0,1,0,0,0,0,0,0,5,16.8,8.46758525200662,5,3,1
TOR_20260909_1_PA014,TOR_20260909_1,B012,4,3409,3414,6,Strikeout,Strikeout,1,0,0,0,1,0,0,0,0,0,0,6,13.166666666666666,2.786873995477131,6,1,1
TOR_20260909_1_PA015,TOR_20260909_1,B002,4,3415,3415,1,Groundout,Batted_Out,0,0,0,0,1,0,0,0,0,0,0,1,12,,1,0,1
TOR_20260909_1_PA016,TOR_20260909_1,B008,4,3416,3416,1,Hit,Hit,0,1,0,0,1,0,0,1,0,0,0,1,18,,1,1,1
TOR_20260909_1_PA017,TOR_20260909_1,B003,4,3417,3420,4,Strikeout,Strikeout,1,0,0,0,1,0,0,1,0,0,0,4,16.5,5.802298395176403,4,2.5,1
TOR_20260909_1_PA018,TOR_20260909_1,B013,5,3421,3425,5,Strikeout,Strikeout,1,0,0,0,1,0,0,0,0,0,0,5,14.8,5.540758070878027,5,1,1
TOR_20260909_1_PA019,TOR_20260909_1,B004,5,3426,3428,3,Double,Hit,0,1,0,0,1,0,0,0,0,0,0,3,17.666666666666668,5.773502691896257,3,0.3333333333333333,1
TOR_20260909_1_PA020,TOR_20260909_1,B014,5,3429,3431,3,Hit,Hit,0,1,0,0,1,0,0,1,0,0,0,3,20.333333333333332,11.372481406154654,3,2.3333333333333335,1
TOR_20260909_1_PA021,TOR_20260909_1,B017,5,3432,3432,1,Groundout,Batted_Out,0,0,0,0,1,0,0,1,0,0,0,1,8,,1,1,1
TOR_20260909_1_PA022,TOR_20260909_1,B001,6,3433,3437,5,Walk,Walk,0,0,1,0,1,0,0,0,0,0,0,5,14.8,7.726577508832744,5,2.4,1
TOR_20260909_1_PA023,TOR_20260909_1,B012,6,3438,3440,3,Groundout,Batted_Out,0,0,0,0,1,0,0,0,0,0,0,3,13,4.358898943540674,3,1.3333333333333333,1
TOR_20260909_1_PA024,TOR_20260909_1,B002,6,3441,3443,3,Groundout,Batted_Out,0,0,0,0,1,0,0,0,0,0,0,3,15.333333333333334,4.932882862316248,3,2.3333333333333335,1
TOR_20260909_1_PA025,TOR_20260909_1,B008,7,3444,3445,2,Groundout,Batted_Out,0,0,0,0,1,0,0,0,0,0,0,2,10.5,0.7071067811865476,2,2.5,1
TOR_20260909_1_PA026,TOR_20260909_1,B003,7,3446,3449,4,Strikeout,Strikeout,1,0,0,0,1,0,0,0,0,0,0,4,17.5,5.802298395176403,4,1.5,1
TOR_20260909_1_PA027,TOR_20260909_1,B011,7,3450,3456,7,Strikeout,Strikeout,1,0,0,0,1,0,0,0,0,0,0,7,16.142857142857142,7.057586259446201,7,2.7142857142857144,1
TOR_20260909_1_PA028,TOR_20260909_1,B004,8,3457,3457,1,Groundout,Batted_Out,0,0,0,0,1,0,0,0,0,0,0,1,8,,1,0,1
TOR_20260909_1_PA029,TOR_20260909_1,B009,8,3458,3460,3,Flyout,Batted_Out,0,0,0,0,1,0,0,0,0,0,0,3,16,3.4641016151377544,3,1.6666666666666667,1
TOR_20260909_1_PA030,TOR_20260909_1,B017,8,3461,3466,6,Flyout,Batted_Out,0,0,0,0,1,0,0,0,0,0,0,6,22.333333333333332,10.092901796146966,6,0.5,1
TOR_20260909_1_PA031,TOR_20260909_1,B001,9,3467,3472,6,Strikeout,Strikeout,1,0,0,0,1,0,0,0,0,0,0,6,12.5,2.588435821108957,6,3,1
TOR_20260909_1_PA032,TOR_20260909_1,B012,9,3473,3479,7,Strikeout,Strikeout,1,0,0,0,1,0,0,0,0,0,0,7,18.571428571428573,5.094347941825426,7,1.2857142857142858,1
TOR_20260909_1_PA033,TOR_20260909_1,B002,9,3480,3481,2,Hit,Hit,0,1,0,0,1,0,0,0,0,0,0,2,11,1.4142135623730951,2,1.5,1
TOR_20260909_1_PA034,TOR_20260909_1,B008,9,3482,3482,1,Flyout,Batted_Out,0,0,0,0,1,0,0,0,0,0,0,1,20,,1,3,1
TOR_20260911_1_PA001,TOR_20260911_1,B004,1,3483,3486,4,Strikeout,Strikeout,1,0,0,0,1,0,0,0,0,0,0,4,13.5,3,4,1.25,1
TOR_20260911_1_PA002,TOR_20260911_1,B009,1,3487,3487,1,Hit,Hit,0,1,0,0,1,0,0,0,0,0,0,1,8,,1,1,1
TOR_20260911_1_PA003,TOR_20260911_1,B017,1,3488,3494,7,Walk,Walk,0,0,1,0,1,0,0,0,1,1,1,7,19.285714285714285,8.28078671210825,7,1,1
TOR_20260911_1_PA004,TOR_20260911_1,B001,1,3495,3499,5,Walk,Walk,0,0,1,0,1,0,0,1,0,0,0,5,18.6,8.049844718999243,5,2.8,1
TOR_20260911_1_PA005,TOR_20260911_1,B014,1,3500,3503,4,Strikeout,Strikeout,1,0,0,0,1,0,0,1,0,0,0,4,19,2.160246899469287,4,2,1
TOR_20260911_1_PA006,TOR_20260911_1,B012,2,3504,3507,4,Groundout,Batted_Out,0,0,0,0,1,0,0,0,0,0,0,4,14.25,0.9574271077563381,4,1.5,1
TOR_20260911_1_PA007,TOR_20260911_1,B011,2,3508,3510,3,Groundout,Batted_Out,0,0,0,0,1,0,0,0,0,0,0,3,21,7,3,3,1
TOR_20260911_1_PA008,TOR_20260911_1,B002,2,3511,3516,6,Lineout,Batted_Out,0,0,0,0,1,0,0,0,0,0,0,6,16.833333333333332,2.714160398109638,6,0.5,1
TOR_20260911_1_PA009,TOR_20260911_1,B008,3,3517,3520,4,Flyout,Batted_Out,0,0,0,0,1,0,0,0,0,0,0,4,10.5,1.7320508075688772,4,1.25,1
TOR_20260911_1_PA010,TOR_20260911_1,B004,3,3521,3526,6,Hit,Hit,0,1,0,0,1,0,0,0,0,0,0,6,14.666666666666666,4.760952285695233,6,0.5,1
TOR_20260911_1_PA011,TOR_20260911_1,B009,3,3527,3532,6,Hit,Hit,0,1,0,0,1,0,0,0,0,0,0,6,14,1.5491933384829668,6,1,1
TOR_20260911_1_PA012,TOR_20260911_1,B017,3,3533,3536,4,Strikeout,Strikeout,1,0,0,0,1,0,0,1,0,0,0,4,14.25,2.5,4,1.75,1
TOR_20260911_1_PA013,TOR_20260911_1,B001,3,3537,3541,5,Walk,Walk,0,0,1,0,1,0,0,1,0,1,1,5,20,9.874208829065749,5,2.8,1
TOR_20260911_1_PA014,TOR_20260911_1,B014,3,3542,3543,2,Flyout,Batted_Out,0,0,0,0,1,0,0,1,0,0,0,2,18,5.656854249492381,2,2.5,1
TOR_20260911_1_PA015,TOR_20260911_1,B012,4,3544,3545,2,Home Run,Hit,0,1,0,0,1,0,0,0,0,0,0,2,12.5,0.7071067811865476,2,1.5,1
TOR_20260911_1_PA016,TOR_20260911_1,B011,4,3546,3548,3,Strikeout,Strikeout,1,0,0,0,1,0,0,0,0,0,0,3,14.666666666666666,2.081665999466133,3,2,1
TOR_20260911_1_PA017,TOR_20260911_1,B002,4,3549,3553,5,Flyout,Batted_Out,0,0,0,0,1,0,0,0,0,0,0,5,11.6,3.0495901363953815,5,1,1
TOR_20260911_1_PA018,TOR_20260911_1,B008,4,3554,3555,2,Flyout,Batted_Out,0,0,0,0,1,0,0,0,0,0,0,2,12.5,0.7071067811865476,2,1,1
TOR_20260911_1_PA019,TOR_20260911_1,B004,6,3556,3563,8,Hit,Hit,0,1,0,0,1,0,0,0,0,0,0,8,14.125,3.090885217631258,8,0,1
TOR_20260911_1_PA020,TOR_20260911_1,B009,6,3564,3564,1,Lineout,Batted_Out,0,0,0,0,1,0,0,0,0,0,0,1,17,,1,2,1
TOR_20260911_1_PA021,TOR_20260911_1,B017,6,3565,3567,3,Groundout,Batted_Out,0,0,0,0,1,0,0,0,0,0,0,3,12.666666666666666,2.5166114784235836,3,2.3333333333333335,1
TOR_20260911_1_PA022,TOR_20260911_1,B001,6,3568,3572,5,Strikeout,Strikeout,1,0,0,0,1,0,0,1,0,0,0,5,13.8,2.6832815729997477,5,3.2,1
TOR_20260911_1_PA023,TOR_20260911_1,B014,6,3573,3573,1,Hit,Hit,0,1,0,0,1,0,0,0,0,0,0,1,21,,1,2,1
TOR_20260911_1_PA024,TOR_20260911_1,B012,6,3574,3578,5,Hit,Hit,0,1,0,0,1,0,0,0,0,0,0,5,15.6,3.5071355833500366,5,1.4,1
TOR_20260911_1_PA025,TOR_20260911_1,B005,6,3579,3586,8,Strikeout,Strikeout,1,0,0,0,1,0,0,1,0,0,0,8,13.75,2.9640705601780613,8,1.625,1
TOR_20260911_1_PA026,TOR_20260911_1,B002,6,3587,3589,3,Groundout,Batted_Out,0,0,0,0,1,0,0,1,0,0,0,3,16,2,3,2.3333333333333335,1
TOR_20260911_1_PA027,TOR_20260911_1,B008,6,3590,3591,2,Lineout,Batted_Out,0,0,0,0,1,0,0,1,0,0,0,2,14,0,2,0,1
TOR_20260911_1_PA028,TOR_20260911_1,B004,7,3592,3593,2,Groundout,Batted_Out,0,0,0,0,1,0,0,0,0,0,0,2,16.5,4.949747468305833,2,1,1
TOR_20260911_1_PA029,TOR_20260911_1,B009,7,3594,3594,1,Groundout,Batted_Out,0,0,0,0,1,0,0,0,0,0,0,1,10,,1,0,1
TOR_20260911_1_PA030,TOR_20260911_1,B017,7,3595,3598,4,Strikeout,Strikeout,1,0,0,0,1,0,0,0,0,0,0,4,16.25,6.701989754294367,4,0.75,1
TOR_20260911_1_PA031,TOR_20260911_1,B001,8,3599,3601,3,Groundout,Batted_Out,0,0,0,0,1,0,0,0,0,0,0,3,11.333333333333334,2.5166114784235836,3,3.3333333333333335,1
TOR_20260911_1_PA032,TOR_20260911_1,B014,8,3602,3603,2,Lineout,Batted_Out,0,0,0,0,1,0,0,0,0,0,0,2,14,4.242640687119285,2,3,1
TOR_20260911_1_PA033,TOR_20260911_1,B012,8,3604,3607,4,Strikeout,Strikeout,1,0,0,0,1,0,0,0,0,0,0,4,11.25,2.217355782608345,4,0.5,1
TOR_20260911_1_PA034,TOR_20260911_1,B005,9,3608,3613,6,Strikeout,Strikeout,1,0,0,0,1,0,0,0,0,0,0,6,16.833333333333332,1.4719601443879746,6,1.1666666666666667,1
TOR_20260911_1_PA035,TOR_20260911_1,B002,9,3614,3619,6,Lineout,Batted_Out,0,0,0,0,1,0,0,0,0,0,0,6,12.5,2.4289915602982237,6,1.3333333333333333,1
TOR_20260911_1_PA036,TOR_20260911_1,B008,9,3620,3621,2,Hit,Hit,0,1,0,0,1,0,0,0,0,0,0,2,13.5,2.1213203435596424,2,1,1
TOR_20260911_1_PA037,TOR_20260911_1,B004,9,3622,3625,4,Home Run,Hit,0,1,0,0,1,0,0,1,0,0,0,4,11.5,4.358898943540674,4,0.75,1
TOR_20260911_1_PA038,TOR_20260911_1,B009,9,3626,3631,6,Hit,Hit,0,1,0,0,1,0,0,0,0,0,0,6,12.833333333333334,3.0605010483034745,6,0.6666666666666666,1
TOR_20260911_1_PA039,TOR_20260911_1,B017,9,3632,3639,8,Hit,Hit,0,1,0,0,1,0,0,0,0,0,0,8,17.625,8.4335638967165,8,1.5,1
TOR_20260911_1_PA040,TOR_20260911_1,B001,9,3640,3645,6,Fielder's Choice,Fielders_Choice,0,0,0,0,1,0,0,1,0,0,0,6,17.333333333333332,4.546060565661952,6,3,1
TOR_20260912_1_PA001,TOR_20260912_1,B004,1,3646,3650,5,Walk,Walk,0,0,1,0,1,0,0,0,0,0,0,5,14.2,5.118593556827891,5,0.4,1
TOR_20260912_1_PA002,TOR_20260912_1,B009,1,3651,3652,2,Groundout,Batted_Out,0,0,0,0,1,0,0,0,0,0,0,2,12,2.8284271247461903,2,1.5,1
TOR_20260912_1_PA003,TOR_20260912_1,B017,1,3653,3654,2,Hit,Hit,0,1,0,0,1,0,0,1,0,0,0,2,10,1.4142135623730951,2,1,1
TOR_20260912_1_PA004,TOR_20260912_1,B001,1,3655,3656,2,Hit,Hit,0,1,0,0,1,0,0,1,0,0,0,2,11,0,2,2.5,1
TOR_20260912_1_PA005,TOR_20260912_1,B014,1,3657,3657,1,Groundout,Batted_Out,0,0,0,0,1,0,0,0,0,0,0,1,11,,1,3,1
TOR_20260912_1_PA006,TOR_20260912_1,B012,2,3658,3663,6,Walk,Walk,0,0,1,0,1,0,0,0,0,0,0,6,11,1.4142135623730951,6,0.5,1
TOR_20260912_1_PA007,TOR_20260912_1,B011,2,3664,3666,3,Strikeout,Strikeout,1,0,0,0,1,0,0,0,0,0,0,3,15,2.6457513110645907,3,2.3333333333333335,1
TOR_20260912_1_PA008,TOR_20260912_1,B002,2,3667,3667,1,Hit,Hit,0,1,0,0,1,0,0,0,0,0,0,1,12,,1,0,1
TOR_20260912_1_PA009,TOR_20260912_1,B015,2,3668,3669,2,Groundout,Batted_Out,0,0,0,0,1,0,0,1,0,0,0,2,8,1.4142135623730951,2,1,1
TOR_20260912_1_PA010,TOR_20260912_1,B004,3,3670,3672,3,Home Run,Hit,0,1,0,0,1,0,0,0,0,0,0,3,12.666666666666666,2.3094010767585034,3,0.6666666666666666,1
TOR_20260912_1_PA011,TOR_20260912_1,B009,3,3673,3677,5,Hit,Hit,0,1,0,0,1,0,0,0,0,0,0,5,13.2,1.9235384061671343,5,0.6,1
TOR_20260912_1_PA012,TOR_20260912_1,B017,3,3678,3682,5,Strikeout,Strikeout,1,0,0,0,1,0,0,0,0,0,0,5,14.2,2.588435821108957,5,1.4,1
TOR_20260912_1_PA013,TOR_20260912_1,B001,3,3683,3683,1,Home Run,Hit,0,1,0,0,1,0,0,0,0,0,0,1,14,,1,3,1
TOR_20260912_1_PA014,TOR_20260912_1,B014,3,3684,3689,6,Lineout,Batted_Out,0,0,0,0,1,0,0,0,0,0,0,6,15,5.932958789676531,6,3.1666666666666665,1
TOR_20260912_1_PA015,TOR_20260912_1,B012,3,3690,3695,6,Hit,Hit,0,1,0,0,1,0,0,0,0,0,0,6,13.666666666666666,2.804757862395017,6,1,1
TOR_20260912_1_PA016,TOR_20260912_1,B011,3,3696,3698,3,Hit,Hit,0,1,0,0,1,0,0,0,0,0,0,3,13.333333333333334,3.511884584284246,3,2,1
TOR_20260912_1_PA017,TOR_20260912_1,B002,3,3699,3701,3,Lineout,Batted_Out,0,0,0,0,1,0,0,1,0,0,0,3,12,2,3,0.6666666666666666,1
TOR_20260912_1_PA018,TOR_20260912_1,B015,4,3702,3704,3,Strikeout,Strikeout,1,0,0,0,1,0,0,0,0,0,0,3,7.666666666666667,1.1547005383792517,3,1,1
TOR_20260912_1_PA019,TOR_20260912_1,B004,4,3705,3715,11,Flyout,Batted_Out,0,0,0,0,1,0,0,0,0,0,0,11,13.727272727272727,3.4667249412351446,11,0.18181818181818182,1
TOR_20260912_1_PA020,TOR_20260912_1,B009,4,3716,3721,6,Strikeout,Strikeout,1,0,0,0,1,0,0,0,0,0,0,6,14,4.049691346263317,6,0.8333333333333334,1
TOR_20260912_1_PA021,TOR_20260912_1,B017,5,3722,3725,4,Strikeout,Strikeout,1,0,0,0,1,0,0,0,0,0,0,4,12.5,1.9148542155126762,4,0.75,1
TOR_20260912_1_PA022,TOR_20260912_1,B001,5,3726,3729,4,Strikeout,Strikeout,1,0,0,0,1,0,0,0,0,0,0,4,14,3.1622776601683795,4,2.5,1
TOR_20260912_1_PA023,TOR_20260912_1,B014,5,3730,3738,9,Strikeout,Strikeout,1,0,0,0,1,0,0,0,0,0,0,9,13.222222222222221,1.855921454276674,9,2.888888888888889,1
TOR_20260912_1_PA024,TOR_20260912_1,B012,6,3739,3739,1,Flyout,Batted_Out,0,0,0,0,1,0,0,0,0,0,0,1,15,,1,1,1
TOR_20260912_1_PA025,TOR_20260912_1,B011,6,3740,3742,3,HBP,HBP,0,0,0,1,1,0,0,0,0,0,0,3,13.666666666666666,3.055050463303893,3,1.6666666666666667,1
TOR_20260912_1_PA026,TOR_20260912_1,B002,6,3743,3745,3,Hit,Hit,0,1,0,0,1,0,0,0,0,0,0,3,11,3,3,1,1
TOR_20260912_1_PA027,TOR_20260912_1,B015,6,3746,3750,5,Walk,Walk,0,0,1,0,1,0,0,1,0,0,0,5,8.2,1.0954451150103324,5,1,1
TOR_20260912_1_PA028,TOR_20260912_1,B004,6,3751,3756,6,Strikeout,Strikeout,1,0,0,0,1,0,0,1,0,0,0,6,17.833333333333332,11.267948645013727,6,0.16666666666666666,1
TOR_20260912_1_PA029,TOR_20260912_1,B009,6,3757,3760,4,Hit,Hit,0,1,0,0,1,0,0,1,0,0,0,4,14.25,1.2583057392117916,4,1.25,1
TOR_20260912_1_PA030,TOR_20260912_1,B017,7,3761,3764,4,HBP,HBP,0,0,0,1,1,0,0,0,0,0,0,4,15.25,6.946221994724902,4,1.25,1
TOR_20260912_1_PA031,TOR_20260912_1,B001,7,3765,3767,3,Flyout,Batted_Out,0,0,0,0,1,0,0,0,0,0,0,3,12.333333333333334,2.081665999466133,3,2.3333333333333335,1
TOR_20260912_1_PA032,TOR_20260912_1,B014,7,3768,3774,7,Hit,Hit,0,1,0,0,1,0,0,0,0,0,0,7,19,6.191391873668904,7,3,1
TOR_20260912_1_PA033,TOR_20260912_1,B012,7,3775,3779,5,Walk,Walk,0,0,1,0,1,0,0,1,0,0,0,5,15,4.358898943540674,5,0.6,1
TOR_20260912_1_PA034,TOR_20260912_1,B008,7,3780,3781,2,Flyout,Batted_Out,0,0,0,0,1,0,0,1,0,0,0,2,10.5,0.7071067811865476,2,2,1
TOR_20260912_1_PA035,TOR_20260912_1,B002,7,3782,3784,3,Strikeout,Strikeout,1,0,0,0,1,0,0,1,0,0,0,3,13,2.6457513110645907,3,1,1
TOR_20260912_1_PA036,TOR_20260912_1,B015,8,3785,3793,9,Walk,Walk,0,0,1,0,1,0,0,0,0,0,0,9,8.333333333333334,1,9,1,1
TOR_20260912_1_PA037,TOR_20260912_1,B004,8,3794,3796,3,Strikeout,Strikeout,1,0,0,0,1,0,0,0,0,0,0,3,12.666666666666666,0.5773502691896257,3,1,1
TOR_20260912_1_PA038,TOR_20260912_1,B009,8,3797,3797,1,Flyout,Batted_Out,0,0,0,0,1,0,0,0,0,0,0,1,16,,1,0,1
TOR_20260912_1_PA039,TOR_20260912_1,B017,8,3798,3799,2,Groundout,Batted_Out,0,0,0,0,1,0,0,0,0,0,0,2,12.5,4.949747468305833,2,1,1
TOR_20260913_1_PA001,TOR_20260913_1,B004,1,3800,3803,4,Groundout,Batted_Out,0,0,0,0,1,0,0,0,0,0,0,4,11.25,2.9860788111948193,4,0.5,1
TOR_20260913_1_PA002,TOR_20260913_1,B009,1,3804,3806,3,Lineout,Batted_Out,0,0,0,0,1,0,0,0,0,0,0,3,13,3,3,0.3333333333333333,1
TOR_20260913_1_PA003,TOR_20260913_1,B017,1,3807,3809,3,Hit,Hit,0,1,0,0,1,0,0,0,0,0,0,3,10.666666666666666,3.7859388972001824,3,0.6666666666666666,1
TOR_20260913_1_PA004,TOR_20260913_1,B012,1,3810,3811,2,Flyout,Batted_Out,0,0,0,0,1,0,0,0,1,1,1,2,22.5,9.192388155425117,2,1,1
TOR_20260913_1_PA005,TOR_20260913_1,B005,2,3812,3813,2,Hit,Hit,0,1,0,0,1,0,0,0,0,0,0,2,12,5.656854249492381,2,2,1
TOR_20260913_1_PA006,TOR_20260913_1,B008,2,3814,3815,2,Flyout,Batted_Out,0,0,0,0,1,0,0,0,0,1,1,2,23,12.727922061357855,2,1,1
TOR_20260913_1_PA007,TOR_20260913_1,B002,2,3816,3821,6,Hit,Hit,0,1,0,0,1,0,0,0,0,1,1,6,17.5,6.156297588648554,6,1.5,1
TOR_20260913_1_PA008,TOR_20260913_1,B003,2,3822,3825,4,Strikeout,Strikeout,1,0,0,0,1,0,0,1,0,0,0,4,16.5,5.802298395176403,4,2.5,1
TOR_20260913_1_PA009,TOR_20260913_1,B013,2,3826,3828,3,Lineout,Batted_Out,0,0,0,0,1,0,0,1,0,0,0,3,15.666666666666666,4.509249752822894,3,1,1
TOR_20260913_1_PA010,TOR_20260913_1,B004,3,3829,3831,3,Lineout,Batted_Out,0,0,0,0,1,0,0,0,0,0,0,3,12.666666666666666,2.3094010767585034,3,0.6666666666666666,1
TOR_20260913_1_PA011,TOR_20260913_1,B009,3,3832,3836,5,Strikeout,Strikeout,1,0,0,0,1,0,0,0,0,0,0,5,13.2,3.5637059362410923,5,1,1
TOR_20260913_1_PA012,TOR_20260913_1,B017,3,3837,3838,2,Hit,Hit,0,1,0,0,1,0,0,0,0,0,0,2,13.5,0.7071067811865476,2,1,1
TOR_20260913_1_PA013,TOR_20260913_1,B012,3,3839,3844,6,Walk,Walk,0,0,1,0,1,0,0,1,0,0,0,6,11.666666666666666,1.8618986725025255,6,1.1666666666666667,1
TOR_20260913_1_PA014,TOR_20260913_1,B005,3,3845,3850,6,Strikeout,Strikeout,1,0,0,0,1,0,0,1,0,0,0,6,17.5,5.205766033928148,6,1.6666666666666667,1
TOR_20260913_1_PA015,TOR_20260913_1,B008,4,3851,3854,4,Lineout,Batted_Out,0,0,0,0,1,0,0,0,0,0,0,4,12.25,1.5,4,0.5,1
TOR_20260913_1_PA016,TOR_20260913_1,B002,4,3855,3857,3,Flyout,Batted_Out,0,0,0,0,1,0,0,0,0,0,0,3,13.666666666666666,4.163331998932265,3,1.3333333333333333,1
TOR_20260913_1_PA017,TOR_20260913_1,B003,4,3858,3860,3,Strikeout,Strikeout,1,0,0,0,1,0,0,0,0,0,0,3,17,7.810249675906654,3,1,1
TOR_20260913_1_PA018,TOR_20260913_1,B013,5,3861,3862,2,Flyout,Batted_Out,0,0,0,0,1,0,0,0,0,0,0,2,10.5,4.949747468305833,2,0.5,1
TOR_20260913_1_PA019,TOR_20260913_1,B004,5,3863,3867,5,Strikeout,Strikeout,1,0,0,0,1,0,0,0,0,0,0,5,11.6,2.6076809620810595,5,0.4,1
TOR_20260913_1_PA020,TOR_20260913_1,B009,5,3868,3869,2,Home Run,Hit,0,1,0,0,1,0,0,0,0,0,0,2,9.5,0.7071067811865476,2,0.5,1
TOR_20260913_1_PA021,TOR_20260913_1,B017,5,3870,3875,6,Home Run,Hit,0,1,0,0,1,0,0,0,0,0,0,6,17.333333333333332,11.724617975297388,6,0.6666666666666666,1
TOR_20260913_1_PA022,TOR_20260913_1,B012,5,3876,3884,9,Home Run,Hit,0,1,0,0,1,0,0,0,0,0,0,9,12.444444444444445,2.788866755113585,9,1,1
TOR_20260913_1_PA023,TOR_20260913_1,B005,5,3885,3887,3,Groundout,Batted_Out,0,0,0,0,1,0,0,0,0,0,0,3,11.333333333333334,3.7859388972001824,3,1,1
TOR_20260913_1_PA024,TOR_20260913_1,B008,6,3888,3888,1,Flyout,Batted_Out,0,0,0,0,1,0,0,0,0,0,0,1,13,,1,0,1
TOR_20260913_1_PA025,TOR_20260913_1,B002,6,3889,3890,2,Flyout,Batted_Out,0,0,0,0,1,0,0,0,0,0,0,2,12,2.8284271247461903,2,0.5,1
TOR_20260913_1_PA026,TOR_20260913_1,B003,6,3891,3895,5,Groundout,Batted_Out,0,0,0,0,1,0,0,0,0,0,0,5,12.4,1.51657508881031,5,1.2,1
TOR_20260913_1_PA027,TOR_20260913_1,B013,7,3896,3898,3,Flyout,Batted_Out,0,0,0,0,1,0,0,0,0,0,0,3,15,2.6457513110645907,3,0.6666666666666666,1
TOR_20260913_1_PA028,TOR_20260913_1,B004,7,3899,3908,10,Walk,Walk,0,0,1,0,1,0,0,0,0,0,0,10,13.4,3.777124126457412,10,0.2,1
TOR_20260913_1_PA029,TOR_20260913_1,B009,7,3909,3912,4,Flyout,Batted_Out,0,0,0,0,1,0,0,0,0,0,0,4,12.75,0.9574271077563381,4,0.75,1
TOR_20260913_1_PA030,TOR_20260913_1,B017,7,3913,3914,2,Hit,Hit,0,1,0,0,1,0,0,0,0,0,0,2,14.5,2.1213203435596424,2,1.5,1
TOR_20260913_1_PA031,TOR_20260913_1,B012,7,3915,3916,2,Flyout,Batted_Out,0,0,0,0,1,0,0,1,0,0,0,2,14,0,2,1,1
TOR_20260913_1_PA032,TOR_20260913_1,B014,8,3917,3921,5,Walk,Walk,0,0,1,0,1,0,0,0,0,0,0,5,12,3.3166247903554,5,2.8,1
TOR_20260913_1_PA033,TOR_20260913_1,B008,8,3922,3924,3,Flyout,Batted_Out,0,0,0,0,1,0,0,0,0,0,0,3,11.333333333333334,3.214550253664318,3,1.3333333333333333,1
TOR_20260913_1_PA034,TOR_20260913_1,B002,8,3925,3926,2,Flyout,Batted_Out,0,0,0,0,1,0,0,0,0,0,0,2,15.5,7.7781745930520225,2,3,1
TOR_20260913_1_PA035,TOR_20260913_1,B003,8,3927,3934,8,Hit,Hit,0,1,0,0,1,0,0,0,0,0,0,8,14.5,2.7774602993176543,8,1.125,1
TOR_20260913_1_PA036,TOR_20260913_1,B013,8,3935,3940,6,Walk,Walk,0,0,1,0,1,0,0,1,0,0,0,6,14.5,4.324349662087931,6,1.5,1
TOR_20260913_1_PA037,TOR_20260913_1,B004,8,3941,3946,6,Walk,Walk,0,0,1,0,1,0,0,1,0,1,1,6,20.333333333333332,19.13809464567115,6,0.3333333333333333,1
TOR_20260913_1_PA038,TOR_20260913_1,B009,8,3947,3949,3,Hit,Hit,0,1,0,0,1,0,0,1,0,0,0,3,13.666666666666666,3.214550253664318,3,0.6666666666666666,1
TOR_20260913_1_PA039,TOR_20260913_1,B017,8,3950,3954,5,Strikeout,Strikeout,1,0,0,0,1,0,0,1,0,0,0,5,13.2,4.494441010848846,5,0.6,1
TOR_20260914_1_PA001,TOR_20260914_1,B004,1,3955,3958,4,Hit,Hit,0,1,0,0,1,0,0,0,0,0,0,4,11.25,2.9860788111948193,4,0.5,1
TOR_20260914_1_PA002,TOR_20260914_1,B009,1,3959,3964,6,Walk,Walk,0,0,1,0,1,0,0,0,0,0,0,6,16.333333333333332,2.4221202832779936,6,1.1666666666666667,1
TOR_20260914_1_PA003,TOR_20260914_1,B017,1,3965,3970,6,Groundout,Batted_Out,0,0,0,0,1,0,0,1,0,0,0,6,20.666666666666668,11.395905697515518,6,1.3333333333333333,1
TOR_20260914_1_PA004,TOR_20260914_1,B001,1,3971,3976,6,Hit,Hit,0,1,0,0,1,0,0,1,0,0,0,6,15.833333333333334,6.210206652492867,6,3,1
TOR_20260914_1_PA005,TOR_20260914_1,B014,1,3977,3980,4,Groundout,Batted_Out,0,0,0,0,1,0,0,1,0,0,0,4,17.25,5.9651767227244274,4,3.25,1
TOR_20260914_1_PA006,TOR_20260914_1,B012,1,3981,3982,2,Flyout,Batted_Out,0,0,0,0,1,0,0,1,0,0,0,2,10.5,0.7071067811865476,2,0.5,1
TOR_20260914_1_PA007,TOR_20260914_1,B002,2,3983,3984,2,Hit,Hit,0,1,0,0,1,0,0,0,0,0,0,2,11.5,0.7071067811865476,2,1.5,1
TOR_20260914_1_PA008,TOR_20260914_1,B011,2,3985,3991,7,Strikeout,Strikeout,1,0,0,0,1,0,0,0,0,0,0,7,20.857142857142858,9.754120008635178,7,3.5714285714285716,1
TOR_20260914_1_PA009,TOR_20260914_1,B008,2,3992,3992,1,Hit,Hit,0,1,0,0,1,0,0,0,1,1,1,1,32,,1,2,1
TOR_20260914_1_PA010,TOR_20260914_1,B004,2,3993,3996,4,Strikeout,Strikeout,1,0,0,0,1,0,0,1,0,0,0,4,15,2.70801280154532,4,0.25,1
TOR_20260914_1_PA011,TOR_20260914_1,B009,2,3997,4003,7,Walk,Walk,0,0,1,0,1,0,0,1,0,0,0,7,15.142857142857142,1.2149857925879117,7,1.4285714285714286,1
TOR_20260914_1_PA012,TOR_20260914_1,B017,2,4004,4006,3,Groundout,Batted_Out,0,0,0,0,1,0,0,1,0,0,0,3,15.666666666666666,2.081665999466133,3,1.3333333333333333,1
TOR_20260914_1_PA013,TOR_20260914_1,B001,3,4007,4013,7,Walk,Walk,0,0,1,0,1,0,0,0,0,0,0,7,15.142857142857142,5.490251100164468,7,2.5714285714285716,1
TOR_20260914_1_PA014,TOR_20260914_1,B014,3,4014,4014,1,Hit,Hit,0,1,0,0,1,0,0,0,0,0,0,1,11,,1,3,1
TOR_20260914_1_PA015,TOR_20260914_1,B012,3,4015,4017,3,Groundout,Batted_Out,0,0,0,0,1,0,0,1,0,0,0,3,14,2,3,1.3333333333333333,1
TOR_20260914_1_PA016,TOR_20260914_1,B002,3,4018,4023,6,Strikeout,Strikeout,1,0,0,0,1,0,0,1,0,0,0,6,17,4.6475800154489,6,1.5,1
TOR_20260914_1_PA017,TOR_20260914_1,B011,3,4024,4031,8,Walk,Walk,0,0,1,0,1,0,0,1,0,0,0,8,17.125,6.599512969043355,8,2.375,1
TOR_20260914_1_PA018,TOR_20260914_1,B008,3,4032,4033,2,Fielder's Choice,Fielders_Choice,0,0,0,0,1,0,0,1,0,0,0,2,13,2.8284271247461903,2,1.5,1
TOR_20260914_1_PA019,TOR_20260914_1,B004,4,4034,4037,4,Groundout,Batted_Out,0,0,0,0,1,0,0,0,0,0,0,4,11.5,1.7320508075688772,4,0.5,1
TOR_20260914_1_PA020,TOR_20260914_1,B009,4,4038,4046,9,Flyout,Batted_Out,0,0,0,0,1,0,0,0,0,0,0,9,14.555555555555555,2.743679605525721,9,0.6666666666666666,1
TOR_20260914_1_PA021,TOR_20260914_1,B017,4,4047,4052,6,Walk,Walk,0,0,1,0,1,0,0,0,0,0,0,6,16.5,5.718391382198319,6,0.6666666666666666,1
TOR_20260914_1_PA022,TOR_20260914_1,B001,4,4053,4057,5,Fielder's Choice,Fielders_Choice,0,0,0,0,1,0,0,0,0,0,0,5,16.6,3.7815340802378072,5,2.6,1
TOR_20260914_1_PA023,TOR_20260914_1,B014,5,4058,4065,8,Strikeout,Strikeout,1,0,0,0,1,0,0,0,0,0,0,8,13.375,1.9226098333849673,8,3.125,1
TOR_20260914_1_PA024,TOR_20260914_1,B012,5,4066,4071,6,Strikeout,Strikeout,1,0,0,0,1,0,0,0,0,0,0,6,12.833333333333334,2.786873995477131,6,1.6666666666666667,1
TOR_20260914_1_PA025,TOR_20260914_1,B002,5,4072,4075,4,Groundout,Batted_Out,0,0,0,0,1,0,0,0,0,0,0,4,15,4.242640687119285,4,1,1
TOR_20260914_1_PA026,TOR_20260914_1,B013,6,4076,4082,7,Lineout,Batted_Out,0,0,0,0,1,0,0,0,0,0,0,7,14.571428571428571,5.563486402641868,7,0.5714285714285714,1
TOR_20260914_1_PA027,TOR_20260914_1,B008,6,4083,4085,3,Flyout,Batted_Out,0,0,0,0,1,0,0,0,0,0,0,3,13.666666666666666,0.5773502691896257,3,1,1
TOR_20260914_1_PA028,TOR_20260914_1,B004,6,4086,4086,1,Groundout,Batted_Out,0,0,0,0,1,0,0,0,0,0,0,1,8,,1,0,1
TOR_20260914_1_PA029,TOR_20260914_1,B009,7,4087,4092,6,Hit,Hit,0,1,0,0,1,0,0,0,0,0,0,6,13.333333333333334,3.1411250638372654,6,0.5,1
TOR_20260914_1_PA030,TOR_20260914_1,B017,7,4093,4093,1,Flyout,Batted_Out,0,0,0,0,1,0,0,0,0,0,0,1,16,,1,0,1
TOR_20260914_1_PA031,TOR_20260914_1,B001,7,4094,4098,5,Hit,Hit,0,1,0,0,1,0,0,0,0,0,0,5,15.2,1.7888543819998317,5,2.4,1
TOR_20260914_1_PA032,TOR_20260914_1,B014,7,4099,4106,8,Flyout,Batted_Out,0,0,0,0,1,0,0,1,0,1,1,8,20.125,6.62112420320641,8,3.125,1
TOR_20260914_1_PA033,TOR_20260914_1,B012,7,4107,4110,4,Home Run,Hit,0,1,0,0,1,0,0,1,0,0,0,4,15.5,7,4,1.5,1
TOR_20260914_1_PA034,TOR_20260914_1,B002,7,4111,4114,4,Strikeout,Strikeout,1,0,0,0,1,0,0,0,0,0,0,4,12.5,1.7320508075688772,4,1.5,1
TOR_20260914_1_PA035,TOR_20260914_1,B013,8,4115,4119,5,Groundout,Batted_Out,0,0,0,0,1,0,0,0,0,0,0,5,12.6,1.140175425099138,5,0.6,1
TOR_20260914_1_PA036,TOR_20260914_1,B008,8,4120,4121,2,Flyout,Batted_Out,0,0,0,0,1,0,0,0,0,0,0,2,14,1.4142135623730951,2,1,1
TOR_20260914_1_PA037,TOR_20260914_1,B004,8,4122,4125,4,Groundout,Batted_Out,0,0,0,0,1,0,0,0,0,0,0,4,11.5,4.509249752822894,4,0.75,1
TOR_20260914_1_PA038,TOR_20260914_1,B009,9,4126,4130,5,Walk,Walk,0,0,1,0,1,0,0,0,0,0,0,5,13.8,5.540758070878027,5,1.2,1
TOR_20260914_1_PA039,TOR_20260914_1,B017,9,4131,4134,4,Strikeout,Strikeout,1,0,0,0,1,0,0,0,0,0,0,4,15.5,5.32290647422377,4,1,1
TOR_20260914_1_PA040,TOR_20260914_1,B001,9,4135,4138,4,Groundout,Batted_Out,0,0,0,0,1,0,0,0,0,0,0,4,17.25,7.135591542869215,4,3.25,1
TOR_20260915_1_PA001,TOR_20260915_1,B004,1,4139,4141,3,Flyout,Batted_Out,0,0,0,0,1,0,0,0,0,0,0,3,11.666666666666666,2.5166114784235836,3,1,1
TOR_20260915_1_PA002,TOR_20260915_1,B009,1,4142,4146,5,Groundout,Batted_Out,0,0,0,0,1,0,0,0,0,0,0,5,14,1.4142135623730951,5,0.8,1
TOR_20260915_1_PA003,TOR_20260915_1,B017,1,4147,4147,1,Flyout,Batted_Out,0,0,0,0,1,0,0,0,0,0,0,1,12,,1,2,1
TOR_20260915_1_PA004,TOR_20260915_1,B001,2,4148,4149,2,Groundout,Batted_Out,0,0,0,0,1,0,0,0,0,0,0,2,9.5,3.5355339059327378,2,2,1
TOR_20260915_1_PA005,TOR_20260915_1,B014,2,4150,4153,4,Strikeout,Strikeout,1,0,0,0,1,0,0,0,0,0,0,4,14,5.773502691896258,4,3.25,1
TOR_20260915_1_PA006,TOR_20260915_1,B012,2,4154,4156,3,Hit,Hit,0,1,0,0,1,0,0,0,0,0,0,3,11.333333333333334,2.3094010767585034,3,1.3333333333333333,1
TOR_20260915_1_PA007,TOR_20260915_1,B002,2,4157,4162,6,Flyout,Batted_Out,0,0,0,0,1,0,0,0,0,1,1,6,17.5,6.156297588648554,6,1.5,1
TOR_20260915_1_PA008,TOR_20260915_1,B011,3,4163,4168,6,Strikeout,Strikeout,1,0,0,0,1,0,0,0,0,0,0,6,23.833333333333332,12.608198390994119,6,2.6666666666666665,1
TOR_20260915_1_PA009,TOR_20260915_1,B008,3,4169,4172,4,Walk,Walk,0,0,1,0,1,0,0,0,0,0,0,4,15.5,8.504900548115382,4,1,1
TOR_20260915_1_PA010,TOR_20260915_1,B004,3,4173,4176,4,Strikeout,Strikeout,1,0,0,0,1,0,0,0,0,0,0,4,14.75,4.349329450233296,4,0.5,1
TOR_20260915_1_PA011,TOR_20260915_1,B009,3,4177,4181,5,Walk,Walk,0,0,1,0,1,0,0,0,0,0,0,5,15.6,2.792848008753788,5,0.6,1
TOR_20260915_1_PA012,TOR_20260915_1,B017,3,4182,4187,6,Walk,Walk,0,0,1,0,1,0,0,1,0,0,0,6,18.833333333333332,8.424171571535487,6,1.3333333333333333,1
TOR_20260915_1_PA013,TOR_20260915_1,B001,3,4188,4190,3,Groundout,Batted_Out,0,0,0,0,1,0,0,1,0,0,0,3,15.666666666666666,3.7859388972001824,3,2.6666666666666665,1
TOR_20260915_1_PA014,TOR_20260915_1,B014,4,4191,4192,2,Groundout,Batted_Out,0,0,0,0,1,0,0,0,0,0,0,2,11.5,6.363961030678928,2,2.5,1
TOR_20260915_1_PA015,TOR_20260915_1,B012,4,4193,4200,8,Strikeout,Strikeout,1,0,0,0,1,0,0,0,0,0,0,8,13.25,1.9820624179302297,8,0.875,1
TOR_20260915_1_PA016,TOR_20260915_1,B002,4,4201,4205,5,Flyout,Batted_Out,0,0,0,0,1,0,0,0,0,0,0,5,14,3.082207001484488,5,1.2,1
TOR_20260915_1_PA017,TOR_20260915_1,B011,5,4206,4210,5,Groundout,Batted_Out,0,0,0,0,1,0,0,0,0,0,0,5,15.4,3.286335345030997,5,2,1
TOR_20260915_1_PA018,TOR_20260915_1,B008,5,4211,4213,3,Flyout,Batted_Out,0,0,0,0,1,0,0,0,0,0,0,3,12.333333333333334,2.5166114784235836,3,1.6666666666666667,1
TOR_20260915_1_PA019,TOR_20260915_1,B004,5,4214,4224,11,Hit,Hit,0,1,0,0,1,0,0,0,0,0,0,11,15,4.560701700396552,11,0.18181818181818182,1
TOR_20260915_1_PA020,TOR_20260915_1,B009,5,4225,4226,2,Groundout,Batted_Out,0,0,0,0,1,0,0,0,0,0,0,2,12.5,2.1213203435596424,2,2,1
TOR_20260915_1_PA021,TOR_20260915_1,B017,6,4227,4231,5,Groundout,Batted_Out,0,0,0,0,1,0,0,0,0,0,0,5,17.8,7.362064927722384,5,0.6,1
TOR_20260915_1_PA022,TOR_20260915_1,B001,6,4232,4232,1,Groundout,Batted_Out,0,0,0,0,1,0,0,0,0,0,0,1,20,,1,2,1
TOR_20260915_1_PA023,TOR_20260915_1,B014,6,4233,4235,3,Hit,Hit,0,1,0,0,1,0,0,0,0,0,0,3,14,3.605551275463989,3,3.3333333333333335,1
TOR_20260915_1_PA024,TOR_20260915_1,B012,6,4236,4239,4,Flyout,Batted_Out,0,0,0,0,1,0,0,0,0,0,0,4,14.75,4.272001872658765,4,1.25,1
TOR_20260915_1_PA025,TOR_20260915_1,B002,7,4240,4243,4,Strikeout,Strikeout,1,0,0,0,1,0,0,0,0,0,0,4,12.75,3.304037933599835,4,1.5,1
TOR_20260915_1_PA026,TOR_20260915_1,B011,7,4244,4246,3,Lineout,Batted_Out,0,0,0,0,1,0,0,0,0,0,0,3,15.333333333333334,5.859465277082315,3,2,1
TOR_20260915_1_PA027,TOR_20260915_1,B008,7,4247,4248,2,Groundout,Batted_Out,0,0,0,0,1,0,0,0,0,0,0,2,11,1.4142135623730951,2,2,1
TOR_20260915_1_PA028,TOR_20260915_1,B004,8,4249,4253,5,Hit,Hit,0,1,0,0,1,0,0,0,0,0,0,5,14.6,4.39317652729776,5,0.6,1
TOR_20260915_1_PA029,TOR_20260915_1,B009,8,4254,4258,5,Hit,Hit,0,1,0,0,1,0,0,0,0,1,1,5,19.8,12.316655390161731,5,0.6,1
TOR_20260915_1_PA030,TOR_20260915_1,B017,8,4259,4261,3,Lineout,Batted_Out,0,0,0,0,1,0,0,1,0,0,0,3,13.333333333333334,5.773502691896257,3,1.3333333333333333,1
TOR_20260915_1_PA031,TOR_20260915_1,B001,8,4262,4266,5,Hit,Hit,0,1,0,0,1,0,0,1,0,0,0,5,17.2,5.019960159204453,5,3.2,1
TOR_20260915_1_PA032,TOR_20260915_1,B013,8,4267,4270,4,Groundout,Batted_Out,0,0,0,0,1,0,0,1,0,0,0,4,13,2.160246899469287,4,1.5,1
TOR_20260915_1_PA033,TOR_20260915_1,B012,9,4271,4274,4,Groundout,Batted_Out,0,0,0,0,1,0,0,0,0,0,0,4,14,2.943920288775949,4,1,1
TOR_20260915_1_PA034,TOR_20260915_1,B006,9,4275,4282,8,Strikeout,Strikeout,1,0,0,0,1,0,0,0,0,0,0,8,11.25,2.187627547301936,8,1.75,1
TOR_20260915_1_PA035,TOR_20260915_1,B005,9,4283,4283,1,Hit,Hit,0,1,0,0,1,0,0,0,0,0,0,1,15,,1,1,1
TOR_20260915_1_PA036,TOR_20260915_1,B008,9,4284,4285,2,Flyout,Batted_Out,0,0,0,0,1,0,0,0,0,0,0,2,10.5,2.1213203435596424,2,1.5,1
TOR_20260916_1_PA001,TOR_20260916_1,B004,1,4286,4287,2,Hit,Hit,0,1,0,0,1,0,0,0,0,0,0,2,12.5,0.7071067811865476,2,1,1
TOR_20260916_1_PA002,TOR_20260916_1,B014,1,4288,4294,7,Flyout,Batted_Out,0,0,0,0,1,0,0,0,0,0,0,7,15.142857142857142,1.7728105208558365,7,3.4285714285714284,1
TOR_20260916_1_PA003,TOR_20260916_1,B017,1,4295,4297,3,Hit,Hit,0,1,0,0,1,0,0,0,0,0,0,3,13.666666666666666,3.7859388972001824,3,1,1
TOR_20260916_1_PA004,TOR_20260916_1,B009,1,4298,4302,5,Strikeout,Strikeout,1,0,0,0,1,0,0,1,0,0,0,5,15,1.7320508075688772,5,1,1
TOR_20260916_1_PA005,TOR_20260916_1,B012,1,4303,4307,5,Strikeout,Strikeout,1,0,0,0,1,0,0,1,0,0,0,5,16.6,5.412947441089743,5,0.6,1
TOR_20260916_1_PA006,TOR_20260916_1,B011,2,4308,4312,5,Lineout,Batted_Out,0,0,0,0,1,0,0,0,0,0,0,5,16.4,3.286335345030997,5,3.2,1
TOR_20260916_1_PA007,TOR_20260916_1,B008,2,4313,4316,4,Flyout,Batted_Out,0,0,0,0,1,0,0,0,0,0,0,4,10.5,1.7320508075688772,4,0.75,1
TOR_20260916_1_PA008,TOR_20260916_1,B003,2,4317,4317,1,Hit,Hit,0,1,0,0,1,0,0,0,0,0,0,1,16,,1,1,1
TOR_20260916_1_PA009,TOR_20260916_1,B013,2,4318,4323,6,Hit,Hit,0,1,0,0,1,0,0,0,0,0,0,6,16.166666666666668,2.786873995477131,6,1,1
TOR_20260916_1_PA010,TOR_20260916_1,B004,2,4324,4332,9,Strikeout,Strikeout,1,0,0,0,1,0,0,1,0,0,0,9,13.11111111111111,0.927960727138337,9,0.2222222222222222,1
TOR_20260916_1_PA011,TOR_20260916_1,B014,3,4333,4336,4,Strikeout,Strikeout,1,0,0,0,1,0,0,0,0,0,0,4,11.5,5.066228051190222,4,3,1
TOR_20260916_1_PA012,TOR_20260916_1,B017,3,4337,4340,4,Walk,Walk,0,0,1,0,1,0,0,0,0,0,0,4,14.5,7.187952884282608,4,0.75,1
TOR_20260916_1_PA013,TOR_20260916_1,B009,3,4341,4344,4,Groundout,Batted_Out,0,0,0,0,1,0,0,0,0,0,0,4,15.25,3.095695936834452,4,0.25,1
TOR_20260916_1_PA014,TOR_20260916_1,B012,4,4345,4352,8,Walk,Walk,0,0,1,0,1,0,0,0,0,0,0,8,13.5,2.2038926600773587,8,1.125,1
TOR_20260916_1_PA015,TOR_20260916_1,B011,4,4353,4357,5,Hit,Hit,0,1,0,0,1,0,0,0,0,0,0,5,17.2,5.630275304103699,5,3.6,1
TOR_20260916_1_PA016,TOR_20260916_1,B008,4,4358,4360,3,Flyout,Batted_Out,0,0,0,0,1,0,0,1,0,0,0,3,12.333333333333334,2.0816659994661326,3,1,1
TOR_20260916_1_PA017,TOR_20260916_1,B003,4,4361,4366,6,Groundout,Batted_Out,0,0,0,0,1,0,0,1,0,0,0,6,18.333333333333332,9.4798030921885,6,0.8333333333333334,1
TOR_20260916_1_PA018,TOR_20260916_1,B013,4,4367,4371,5,Hit,Hit,0,1,0,0,1,0,0,1,0,0,0,5,14.6,4.774934554525329,5,0.8,1
TOR_20260916_1_PA019,TOR_20260916_1,B004,5,4372,4375,4,Hit,Hit,0,1,0,0,1,0,0,0,0,0,0,4,10.75,1.8929694486000912,4,0.5,1
TOR_20260916_1_PA020,TOR_20260916_1,B014,5,4376,4376,1,Hit,Hit,0,1,0,0,1,0,0,0,0,0,0,1,11,,1,3,1
TOR_20260916_1_PA021,TOR_20260916_1,B017,5,4377,4380,4,Fielder's Choice,Fielders_Choice,0,0,0,0,1,0,0,1,0,0,0,4,15.75,5.057996968497839,4,1.75,1
TOR_20260916_1_PA022,TOR_20260916_1,B009,5,4381,4381,1,Hit,Hit,0,1,0,0,1,0,0,1,0,0,0,1,17,,1,2,1
TOR_20260916_1_PA023,TOR_20260916_1,B012,5,4382,4383,2,Groundout,Batted_Out,0,0,0,0,1,0,0,1,0,0,0,2,13.5,0.7071067811865476,2,0.5,1
TOR_20260916_1_PA024,TOR_20260916_1,B011,6,4384,4384,1,Groundout,Batted_Out,0,0,0,0,1,0,0,0,0,0,0,1,21,,1,3,1
TOR_20260916_1_PA025,TOR_20260916_1,B008,6,4385,4389,5,Hit,Hit,0,1,0,0,1,0,0,0,0,0,0,5,13.4,1.51657508881031,5,1,1
TOR_20260916_1_PA026,TOR_20260916_1,B003,6,4390,4390,1,Hit,Hit,0,1,0,0,1,0,0,0,0,0,0,1,16,,1,1,1
TOR_20260916_1_PA027,TOR_20260916_1,B013,6,4391,4392,2,Hit,Hit,0,1,0,0,1,0,0,1,0,0,0,2,11.5,3.5355339059327378,2,0.5,1
TOR_20260916_1_PA028,TOR_20260916_1,B004,6,4393,4394,2,Fielder's Choice,Fielders_Choice,0,0,0,0,1,0,0,1,0,0,0,2,14.5,6.363961030678928,2,0.5,1
TOR_20260916_1_PA029,TOR_20260916_1,B014,6,4395,4396,2,Hit,Hit,0,1,0,0,1,0,0,1,0,0,0,2,16,7.0710678118654755,2,4,1
TOR_20260916_1_PA030,TOR_20260916_1,B017,6,4397,4399,3,Lineout,Batted_Out,0,0,0,0,1,0,0,1,0,0,0,3,11.666666666666666,1.5275252316519468,3,1.3333333333333333,1
TOR_20260916_1_PA031,TOR_20260916_1,B009,7,4400,4401,2,Groundout,Batted_Out,0,0,0,0,1,0,0,0,0,0,0,2,11.5,0.7071067811865476,2,1,1
TOR_20260916_1_PA032,TOR_20260916_1,B012,7,4402,4406,5,Flyout,Batted_Out,0,0,0,0,1,0,0,0,0,0,0,5,14.2,1.0954451150103321,5,0.6,1
TOR_20260916_1_PA033,TOR_20260916_1,B011,7,4407,4410,4,Flyout,Batted_Out,0,0,0,0,1,0,0,0,0,0,0,4,15.75,3.4034296427770228,4,2.5,1
TOR_20260916_1_PA034,TOR_20260916_1,B008,8,4411,4412,2,Groundout,Batted_Out,0,0,0,0,1,0,0,0,0,0,0,2,12,4.242640687119285,2,1,1
TOR_20260916_1_PA035,TOR_20260916_1,B003,8,4413,4418,6,Walk,Walk,0,0,1,0,1,0,0,0,0,0,0,6,14.333333333333334,2.6583202716502514,6,1.6666666666666667,1
TOR_20260916_1_PA036,TOR_20260916_1,B013,8,4419,4423,5,Groundout,Batted_Out,0,0,0,0,1,0,0,0,0,0,0,5,15,2.5495097567963922,5,1.2,1
TOR_20260918_1_PA001,TOR_20260918_1,B004,1,4424,4427,4,Groundout,Batted_Out,0,0,0,0,1,0,0,0,0,0,0,4,12.5,2.516611478423583,4,0.5,1
TOR_20260918_1_PA002,TOR_20260918_1,B014,1,4428,4432,5,Groundout,Batted_Out,0,0,0,0,1,0,0,0,0,0,0,5,14.4,3.5777087639996634,5,3,1
TOR_20260918_1_PA003,TOR_20260918_1,B017,1,4433,4435,3,Strikeout,Strikeout,1,0,0,0,1,0,0,0,0,0,0,3,11.333333333333334,3.511884584284246,3,1,1
TOR_20260918_1_PA004,TOR_20260918_1,B009,2,4436,4437,2,Groundout,Batted_Out,0,0,0,0,1,0,0,0,0,0,0,2,12.5,3.5355339059327378,2,1,1
TOR_20260918_1_PA005,TOR_20260918_1,B001,2,4438,4441,4,Hit,Hit,0,1,0,0,1,0,0,0,0,0,0,4,13.75,1.707825127659933,4,2.5,1
TOR_20260918_1_PA006,TOR_20260918_1,B012,2,4442,4442,1,Hit,Hit,0,1,0,0,1,0,0,0,0,0,0,1,16,,1,2,1
TOR_20260918_1_PA007,TOR_20260918_1,B011,2,4443,4448,6,Flyout,Batted_Out,0,0,0,0,1,0,0,1,0,0,0,6,16.333333333333332,2.160246899469287,6,3.3333333333333335,1
TOR_20260918_1_PA008,TOR_20260918_1,B008,2,4449,4451,3,Strikeout,Strikeout,1,0,0,0,1,0,0,1,0,0,0,3,11.333333333333334,1.1547005383792517,3,1.3333333333333333,1
TOR_20260918_1_PA009,TOR_20260918_1,B013,3,4452,4457,6,Flyout,Batted_Out,0,0,0,0,1,0,0,0,0,0,0,6,13.5,2.258317958127243,6,0.8333333333333334,1
TOR_20260918_1_PA010,TOR_20260918_1,B004,3,4458,4460,3,Groundout,Batted_Out,0,0,0,0,1,0,0,0,0,0,0,3,12.333333333333334,2.0816659994661326,3,0.6666666666666666,1
TOR_20260918_1_PA011,TOR_20260918_1,B014,3,4461,4465,5,Flyout,Batted_Out,0,0,0,0,1,0,0,0,0,0,0,5,15.4,2.792848008753788,5,3.4,1
TOR_20260918_1_PA012,TOR_20260918_1,B017,4,4466,4467,2,Groundout,Batted_Out,0,0,0,0,1,0,0,0,0,0,0,2,15.5,2.1213203435596424,2,2,1
TOR_20260918_1_PA013,TOR_20260918_1,B009,4,4468,4471,4,Groundout,Batted_Out,0,0,0,0,1,0,0,0,0,0,0,4,13.25,3.947573094109004,4,0.5,1
TOR_20260918_1_PA014,TOR_20260918_1,B001,4,4472,4479,8,Groundout,Batted_Out,0,0,0,0,1,0,0,0,0,0,0,8,14.25,3.2841611235921855,8,3,1
TOR_20260918_1_PA015,TOR_20260918_1,B012,5,4480,4487,8,Walk,Walk,0,0,1,0,1,0,0,0,0,0,0,8,13.5,6.117889458675388,8,1,1
TOR_20260918_1_PA016,TOR_20260918_1,B011,5,4488,4493,6,Walk,Walk,0,0,1,0,1,0,0,0,0,0,0,6,20.833333333333332,11.391517311871437,6,2.5,1
TOR_20260918_1_PA017,TOR_20260918_1,B008,5,4494,4498,5,Fielder's Choice,Fielders_Choice,0,0,0,0,1,0,0,1,0,0,0,5,17.4,5.683308895353129,5,2,1
TOR_20260918_1_PA018,TOR_20260918_1,B013,5,4499,4500,2,Hit,Hit,0,1,0,0,1,0,0,1,0,0,0,2,13.5,0.7071067811865476,2,0.5,1
TOR_20260918_1_PA019,TOR_20260918_1,B004,5,4501,4503,3,Strikeout,Strikeout,1,0,0,0,1,0,0,1,0,0,0,3,11,2,3,1,1
TOR_20260918_1_PA020,TOR_20260918_1,B006,5,4504,4510,7,Flyout,Batted_Out,0,0,0,0,1,0,0,1,0,0,0,7,9.571428571428571,1.511857892036909,7,1,1
TOR_20260918_1_PA021,TOR_20260918_1,B017,6,4511,4513,3,Hit,Hit,0,1,0,0,1,0,0,0,0,0,0,3,11,2.6457513110645907,3,1.6666666666666667,1
TOR_20260918_1_PA022,TOR_20260918_1,B009,6,4514,4515,2,Flyout,Batted_Out,0,0,0,0,1,0,0,0,0,0,0,2,13,1.4142135623730951,2,2,1
TOR_20260918_1_PA023,TOR_20260918_1,B001,6,4516,4523,8,Strikeout,Strikeout,1,0,0,0,1,0,0,0,0,0,0,8,12.125,2.6423744732991303,8,2.625,1
TOR_20260918_1_PA024,TOR_20260918_1,B012,6,4524,4527,4,Strikeout,Strikeout,1,0,0,0,1,0,0,0,0,0,0,4,15,2.70801280154532,4,1.5,1
TOR_20260918_1_PA025,TOR_20260918_1,B011,7,4528,4530,3,Strikeout,Strikeout,1,0,0,0,1,0,0,0,0,0,0,3,16.666666666666668,3.5118845842842465,3,1.3333333333333333,1
TOR_20260918_1_PA026,TOR_20260918_1,B008,7,4531,4533,3,Flyout,Batted_Out,0,0,0,0,1,0,0,0,0,0,0,3,12.333333333333334,3.055050463303893,3,2,1
TOR_20260918_1_PA027,TOR_20260918_1,B013,7,4534,4534,1,Hit,Hit,0,1,0,0,1,0,0,0,0,0,0,1,10,,1,1,1
TOR_20260918_1_PA028,TOR_20260918_1,B004,7,4535,4537,3,Groundout,Batted_Out,0,0,0,0,1,0,0,0,0,0,0,3,13.333333333333334,0.5773502691896257,3,1,1
TOR_20260918_1_PA029,TOR_20260918_1,B016,8,4538,4539,2,Groundout,Batted_Out,0,0,0,0,1,0,0,0,0,0,0,2,4.5,0.7071067811865476,2,0,1
TOR_20260918_1_PA030,TOR_20260918_1,B017,8,4540,4541,2,Groundout,Batted_Out,0,0,0,0,1,0,0,0,0,0,0,2,17.5,9.192388155425117,2,0.5,1
TOR_20260918_1_PA031,TOR_20260918_1,B009,8,4542,4546,5,Strikeout,Strikeout,1,0,0,0,1,0,0,0,0,0,0,5,16.2,4.207136793592526,5,0.6,1
TOR_20260918_1_PA032,TOR_20260918_1,B001,9,4547,4549,3,Groundout,Batted_Out,0,0,0,0,1,0,0,0,0,0,0,3,15.666666666666666,5.686240703077327,3,3.3333333333333335,1
TOR_20260918_1_PA033,TOR_20260918_1,B012,9,4550,4553,4,Flyout,Batted_Out,0,0,0,0,1,0,0,0,0,0,0,4,13.25,1.707825127659933,4,0.25,1
TOR_20260918_1_PA034,TOR_20260918_1,B011,9,4554,4559,6,Lineout,Batted_Out,0,0,0,0,1,0,0,0,0,0,0,6,20.333333333333332,9.993331109628393,6,1.8333333333333333,1
TOR_20260919_1_PA001,TOR_20260919_1,B004,1,4560,4566,7,Flyout,Batted_Out,0,0,0,0,1,0,0,0,0,0,0,7,14.428571428571429,0.5345224838248488,7,0,1
TOR_20260919_1_PA002,TOR_20260919_1,B017,1,4567,4568,2,Flyout,Batted_Out,0,0,0,0,1,0,0,0,0,0,0,2,16.5,0.7071067811865476,2,1,1
TOR_20260919_1_PA003,TOR_20260919_1,B001,1,4569,4570,2,Flyout,Batted_Out,0,0,0,0,1,0,0,0,0,0,0,2,16.5,0.7071067811865476,2,3,1
TOR_20260919_1_PA004,TOR_20260919_1,B009,2,4571,4571,1,Groundout,Batted_Out,0,0,0,0,1,0,0,0,0,0,0,1,14,,1,1,1
TOR_20260919_1_PA005,TOR_20260919_1,B014,2,4572,4575,4,Groundout,Batted_Out,0,0,0,0,1,0,0,0,0,0,0,4,15.5,0.5773502691896257,4,3,1
TOR_20260919_1_PA006,TOR_20260919_1,B012,2,4576,4581,6,Flyout,Batted_Out,0,0,0,0,1,0,0,0,0,0,0,6,14,0.8944271909999159,6,1,1
TOR_20260919_1_PA007,TOR_20260919_1,B011,3,4582,4588,7,Strikeout,Strikeout,1,0,0,0,1,0,0,0,0,1,1,7,18.285714285714285,1.3801311186847083,7,2.857142857142857,1
TOR_20260919_1_PA008,TOR_20260919_1,B002,3,4589,4592,4,Groundout,Batted_Out,0,0,0,0,1,0,0,0,0,0,0,4,13.75,0.5,4,1,1
TOR_20260919_1_PA009,TOR_20260919_1,B013,3,4593,4594,2,Flyout,Batted_Out,0,0,0,0,1,0,0,0,0,0,0,2,15,0,2,1,1
TOR_20260919_1_PA010,TOR_20260919_1,B004,4,4595,4596,2,Groundout,Batted_Out,0,0,0,0,1,0,0,0,0,0,0,2,14,0,2,0,1
TOR_20260919_1_PA011,TOR_20260919_1,B017,4,4597,4603,7,Walk,Walk,0,0,1,0,1,0,0,0,0,0,0,7,15.285714285714286,0.9511897312113418,7,1,1
TOR_20260919_1_PA012,TOR_20260919_1,B001,4,4604,4606,3,Fielder's Choice,Fielders_Choice,0,0,0,0,1,0,0,0,0,0,0,3,15,1.7320508075688772,3,3,1
TOR_20260919_1_PA013,TOR_20260919_1,B009,4,4607,4612,6,Lineout,Batted_Out,0,0,0,0,1,0,0,0,0,0,0,6,13.666666666666666,0.5163977794943223,6,1,1
TOR_20260919_1_PA014,TOR_20260919_1,B014,5,4613,4617,5,Flyout,Batted_Out,0,0,0,0,1,0,0,0,0,0,0,5,15.8,0.4472135954999579,5,3,1
TOR_20260919_1_PA015,TOR_20260919_1,B012,5,4618,4622,5,Groundout,Batted_Out,0,0,0,0,1,0,0,0,0,0,0,5,14.2,0.8366600265340756,5,1,1
TOR_20260919_1_PA016,TOR_20260919_1,B008,5,4623,4623,1,Groundout,Batted_Out,0,0,0,0,1,0,0,0,0,0,0,1,15,,1,0,1
TOR_20260919_1_PA017,TOR_20260919_1,B002,6,4624,4627,4,HBP,HBP,0,0,0,1,1,0,0,0,0,0,0,4,14,0.816496580927726,4,1.5,1
TOR_20260919_1_PA018,TOR_20260919_1,B013,6,4628,4630,3,Lineout,Batted_Out,0,0,0,0,1,0,0,0,0,0,0,3,14.333333333333334,0.5773502691896257,3,1,1
TOR_20260919_1_PA019,TOR_20260919_1,B004,6,4631,4635,5,Hit,Hit,0,1,0,0,1,0,0,0,0,0,0,5,14.4,0.5477225575051662,5,0,1
TOR_20260919_1_PA020,TOR_20260919_1,B017,6,4636,4638,3,Flyout,Batted_Out,0,0,0,0,1,0,0,1,0,0,0,3,15.333333333333334,1.5275252316519468,3,1,1
TOR_20260919_1_PA021,TOR_20260919_1,B001,6,4639,4640,2,Hit,Hit,0,1,0,0,1,0,0,1,0,0,0,2,15.5,2.1213203435596424,2,3,1
TOR_20260919_1_PA022,TOR_20260919_1,B009,6,4641,4645,5,Strikeout,Strikeout,1,0,0,0,1,0,0,1,0,0,0,5,14,0,5,1,1
TOR_20260919_1_PA023,TOR_20260919_1,B006,7,4646,4646,1,Home Run,Hit,0,1,0,0,1,0,0,0,0,0,0,1,13,,1,4,1
TOR_20260919_1_PA024,TOR_20260919_1,B012,7,4647,4650,4,Hit,Hit,0,1,0,0,1,0,0,0,0,0,0,4,14.5,1,4,1,1
TOR_20260919_1_PA025,TOR_20260919_1,B008,7,4651,4653,3,Groundout,Batted_Out,0,0,0,0,1,0,0,0,0,0,0,3,14,1,3,1.3333333333333333,1
TOR_20260919_1_PA026,TOR_20260919_1,B002,7,4654,4657,4,Groundout,Batted_Out,0,0,0,0,1,0,0,0,0,0,0,4,14.25,0.5,4,1,1
TOR_20260919_1_PA027,TOR_20260919_1,B013,8,4658,4665,8,Strikeout,Strikeout,1,0,0,0,1,0,0,0,0,0,0,8,14.5,0.9258200997725514,8,0.75,1
TOR_20260919_1_PA028,TOR_20260919_1,B004,8,4666,4668,3,Groundout,Batted_Out,0,0,0,0,1,0,0,0,0,0,0,3,13.666666666666666,0.5773502691896257,3,0,1
TOR_20260919_1_PA029,TOR_20260919_1,B017,8,4669,4669,1,Hit,Hit,0,1,0,0,1,0,0,0,0,0,0,1,17,,1,1,1
TOR_20260919_1_PA030,TOR_20260919_1,B001,8,4670,4674,5,Hit,Hit,0,1,0,0,1,0,0,0,0,0,0,5,15.4,1.3416407864998738,5,3,1
TOR_20260919_1_PA031,TOR_20260919_1,B009,8,4675,4676,2,Flyout,Batted_Out,0,0,0,0,1,0,0,1,0,0,0,2,14,0,2,1,1
TOR_20260919_1_PA032,TOR_20260919_1,B006,9,4677,4681,5,Strikeout,Strikeout,1,0,0,0,1,0,0,0,0,0,0,5,10.6,1.3416407864998738,5,1.2,1
TOR_20260919_1_PA033,TOR_20260919_1,B012,9,4682,4683,2,Groundout,Batted_Out,0,0,0,0,1,0,0,0,0,0,0,2,14.5,0.7071067811865476,2,1,1
TOR_20260919_1_PA034,TOR_20260919_1,B008,9,4684,4685,2,Flyout,Batted_Out,0,0,0,0,1,0,0,0,1,1,1,2,14.5,0.7071067811865476,2,0.5,1
TOR_20260920_1_PA001,TOR_20260920_1,B004,1,4686,4691,6,Walk,Walk,0,0,1,0,1,0,0,0,0,0,0,6,14.666666666666666,0.5163977794943223,6,0,1
TOR_20260920_1_PA002,TOR_20260920_1,B017,1,4692,4693,2,Hit,Hit,0,1,0,0,1,0,0,0,0,0,0,2,15.5,2.1213203435596424,2,1,1
TOR_20260920_1_PA003,TOR_20260920_1,B014,1,4694,4695,2,Flyout,Batted_Out,0,0,0,0,1,0,0,1,0,0,0,2,15.5,0.7071067811865476,2,3,1
TOR_20260920_1_PA004,TOR_20260920_1,B012,1,4696,4698,3,Fielder's Choice,Fielders_Choice,0,0,0,0,1,0,0,0,0,0,0,3,14.666666666666666,0.5773502691896257,3,1,1
TOR_20260920_1_PA005,TOR_20260920_1,B016,1,4699,4701,3,HBP,HBP,0,0,0,1,1,0,0,0,0,0,0,3,4.333333333333333,0.5773502691896258,3,0,1
TOR_20260920_1_PA006,TOR_20260920_1,B011,1,4702,4704,3,Strikeout,Strikeout,1,0,0,0,1,0,0,1,0,0,0,3,16.666666666666668,1.1547005383792515,3,2.3333333333333335,1
TOR_20260920_1_PA007,TOR_20260920_1,B002,2,4705,4705,1,Groundout,Batted_Out,0,0,0,0,1,0,0,0,0,0,0,1,14,,1,1,1
TOR_20260920_1_PA008,TOR_20260920_1,B003,2,4706,4711,6,Walk,Walk,0,0,1,0,1,0,0,0,0,0,0,6,14.333333333333334,0.816496580927726,6,1.1666666666666667,1
TOR_20260920_1_PA009,TOR_20260920_1,B008,2,4712,4714,3,Flyout,Batted_Out,0,0,0,0,1,0,0,0,0,0,0,3,14.333333333333334,0.5773502691896257,3,1,1
TOR_20260920_1_PA010,TOR_20260920_1,B004,2,4715,4717,3,Groundout,Batted_Out,0,0,0,0,1,0,0,0,0,0,0,3,14,1,3,0,1
TOR_20260920_1_PA011,TOR_20260920_1,B017,3,4718,4722,5,Groundout,Batted_Out,0,0,0,0,1,0,0,0,0,0,0,5,15.2,1.3038404810405297,5,1,1
TOR_20260920_1_PA012,TOR_20260920_1,B014,3,4723,4727,5,Hit,Hit,0,1,0,0,1,0,0,0,0,0,0,5,16,0.7071067811865476,5,2.8,1
TOR_20260920_1_PA013,TOR_20260920_1,B012,3,4728,4728,1,Flyout,Batted_Out,0,0,0,0,1,0,0,0,0,0,0,1,15,,1,1,1
TOR_20260920_1_PA014,TOR_20260920_1,B016,3,4729,4733,5,Hit,Hit,0,1,0,0,1,0,0,0,0,0,0,5,4.2,0.44721359549995787,5,0,1
TOR_20260920_1_PA015,TOR_20260920_1,B011,3,4734,4736,3,Flyout,Batted_Out,0,0,0,0,1,0,0,1,0,0,0,3,18,2,3,2.6666666666666665,1
TOR_20260920_1_PA016,TOR_20260920_1,B002,4,4737,4740,4,Strikeout,Strikeout,1,0,0,0,1,0,0,0,0,0,0,4,14,0.816496580927726,4,1,1
TOR_20260920_1_PA017,TOR_20260920_1,B003,4,4741,4742,2,Flyout,Batted_Out,0,0,0,0,1,0,0,0,0,0,0,2,16,2.8284271247461903,2,1,1
TOR_20260920_1_PA018,TOR_20260920_1,B008,4,4743,4743,1,Groundout,Batted_Out,0,0,0,0,1,0,0,0,0,0,0,1,15,,1,0,1
TOR_20260920_1_PA019,TOR_20260920_1,B004,5,4744,4753,10,Walk,Walk,0,0,1,0,1,0,0,0,0,0,0,10,14.2,0.7888106377466155,10,0,1
TOR_20260920_1_PA020,TOR_20260920_1,B013,5,4754,4757,4,Hit,Hit,0,1,0,0,1,0,0,0,0,0,0,4,14.5,1,4,0.75,1
TOR_20260920_1_PA021,TOR_20260920_1,B014,5,4758,4759,2,Lineout,Batted_Out,0,0,0,0,1,0,0,1,0,0,0,2,16,0,2,3,1
TOR_20260920_1_PA022,TOR_20260920_1,B012,5,4760,4761,2,Hit,Hit,0,1,0,0,1,0,0,1,0,0,0,2,14.5,0.7071067811865476,2,1,1
TOR_20260920_1_PA023,TOR_20260920_1,B016,5,4762,4767,6,Walk,Walk,0,0,1,0,1,0,0,1,0,0,0,6,5,0,6,0,1
TOR_20260920_1_PA024,TOR_20260920_1,B005,5,4768,4768,1,Groundout,Batted_Out,0,0,0,0,1,0,0,1,0,0,0,1,14,,1,1,1
TOR_20260920_1_PA025,TOR_20260920_1,B002,6,4769,4770,2,Flyout,Batted_Out,0,0,0,0,1,0,0,0,0,0,0,2,13.5,0.7071067811865476,2,1,1
TOR_20260920_1_PA026,TOR_20260920_1,B003,6,4771,4777,7,Hit,Hit,0,1,0,0,1,0,0,0,0,0,0,7,15,1.4142135623730951,7,1,1
TOR_20260920_1_PA027,TOR_20260920_1,B008,6,4778,4778,1,Groundout,Batted_Out,0,0,0,0,1,0,0,0,0,0,0,1,15,,1,0,1
TOR_20260920_1_PA028,TOR_20260920_1,B004,7,4779,4783,5,Hit,Hit,0,1,0,0,1,0,0,0,0,0,0,5,14.2,0.8366600265340756,5,0,1
TOR_20260920_1_PA029,TOR_20260920_1,B013,7,4784,4788,5,Walk,Walk,0,0,1,0,1,0,0,1,0,0,0,5,14.8,0.4472135954999579,5,1,1
TOR_20260920_1_PA030,TOR_20260920_1,B014,7,4789,4791,3,Hit,Hit,0,1,0,0,1,0,0,1,0,0,0,3,15.333333333333334,0.5773502691896257,3,3,1
TOR_20260920_1_PA031,TOR_20260920_1,B012,7,4792,4795,4,Strikeout,Strikeout,1,0,0,0,1,0,0,1,0,0,0,4,14.25,0.9574271077563381,4,1,1
TOR_20260920_1_PA032,TOR_20260920_1,B016,7,4796,4796,1,Groundout,Batted_Out,0,0,0,0,1,0,0,1,0,0,0,1,4,,1,0,1
TOR_20260920_1_PA033,TOR_20260920_1,B005,7,4797,4800,4,Hit,Hit,0,1,0,0,1,0,0,1,0,1,1,4,14.5,0.5773502691896257,4,1,1
TOR_20260920_1_PA034,TOR_20260920_1,B002,7,4801,4802,2,Hit,Hit,0,1,0,0,1,0,0,1,0,0,0,2,13.5,0.7071067811865476,2,1,1
TOR_20260920_1_PA035,TOR_20260920_1,B003,7,4803,4803,1,Fielder's Choice,Fielders_Choice,0,0,0,0,1,0,0,0,0,0,0,1,18,,1,1,1
TOR_20260920_1_PA036,TOR_20260920_1,B008,8,4804,4805,2,Hit,Hit,0,1,0,0,1,0,0,0,1,1,1,2,14.5,0.7071067811865476,2,0.5,1
TOR_20260920_1_PA037,TOR_20260920_1,B004,8,4806,4811,6,Strikeout,Strikeout,1,0,0,0,1,0,0,1,0,0,0,6,14.166666666666666,0.7527726527090811,6,0,1
TOR_20260920_1_PA038,TOR_20260920_1,B013,8,4812,4813,2,Flyout,Batted_Out,0,0,0,0,1,0,0,1,0,0,0,2,15,0,2,1,1
TOR_20260920_1_PA039,TOR_20260920_1,B014,8,4814,4818,5,Walk,Walk,0,0,1,0,1,0,0,1,0,0,0,5,15.8,0.4472135954999579,5,3,1
TOR_20260920_1_PA040,TOR_20260920_1,B012,8,4819,4821,3,Flyout,Batted_Out,0,0,0,0,1,0,0,1,0,0,0,3,14,1,3,1,1
TOR_20260920_1_PA041,TOR_20260920_1,B009,9,4822,4827,6,Strikeout,Strikeout,1,0,0,0,1,0,0,0,0,0,0,6,13.833333333333334,0.408248290463863,6,1,1
TOR_20260920_1_PA042,TOR_20260920_1,B005,9,4828,4832,5,Flyout,Batted_Out,0,0,0,0,1,0,0,0,0,0,0,5,14,0.7071067811865476,5,1,1
TOR_20260920_1_PA043,TOR_20260920_1,B002,9,4833,4834,2,Flyout,Batted_Out,0,0,0,0,1,0,0,0,0,0,0,2,13.5,0.7071067811865476,2,1,1
TOR_20260921_1_PA001,TOR_20260921_1,B004,1,4835,4842,8,Walk,Walk,0,0,1,0,1,0,0,0,0,0,0,8,13.75,1.0350983390135313,8,0.125,1
TOR_20260921_1_PA002,TOR_20260921_1,B001,1,4843,4848,6,Walk,Walk,0,0,1,0,1,0,0,0,0,0,0,6,14.5,1.760681686165901,6,3,1
TOR_20260921_1_PA003,TOR_20260921_1,B014,1,4849,4850,2,Hit,Hit,0,1,0,0,1,0,0,1,0,0,0,2,15,0,2,3,1
TOR_20260921_1_PA004,TOR_20260921_1,B009,1,4851,4851,1,Hit,Hit,0,1,0,0,1,0,0,1,0,0,0,1,14,,1,1,1
TOR_20260921_1_PA005,TOR_20260921_1,B016,1,4852,4852,1,Flyout,Batted_Out,0,0,0,0,1,0,0,1,0,0,0,1,4,,1,0,1
TOR_20260921_1_PA006,TOR_20260921_1,B012,1,4853,4858,6,Hit,Hit,0,1,0,0,1,0,0,0,0,0,0,6,14,0.8944271909999159,6,1,1
TOR_20260921_1_PA007,TOR_20260921_1,B011,1,4859,4862,4,Lineout,Batted_Out,0,0,0,0,1,0,0,1,1,1,1,4,18.75,3.774917217635375,4,3,1
TOR_20260921_1_PA008,TOR_20260921_1,B002,1,4863,4863,1,Groundout,Batted_Out,0,0,0,0,1,0,0,1,0,0,0,1,12,,1,1,1
TOR_20260921_1_PA009,TOR_20260921_1,B008,2,4864,4866,3,Groundout,Batted_Out,0,0,0,0,1,0,0,0,0,0,0,3,13.333333333333334,1.5275252316519468,3,1,1
TOR_20260921_1_PA010,TOR_20260921_1,B004,2,4867,4875,9,Lineout,Batted_Out,0,0,0,0,1,0,0,0,0,0,0,9,13.444444444444445,1.0137937550497031,9,0.1111111111111111,1
TOR_20260921_1_PA011,TOR_20260921_1,B001,2,4876,4876,1,Groundout,Batted_Out,0,0,0,0,1,0,0,0,0,0,0,1,13,,1,3,1
TOR_20260921_1_PA012,TOR_20260921_1,B014,3,4877,4881,5,Walk,Walk,0,0,1,0,1,0,0,0,0,0,0,5,15.2,1.0954451150103324,5,2.6,1
TOR_20260921_1_PA013,TOR_20260921_1,B009,3,4882,4883,2,Hit,Hit,0,1,0,0,1,0,0,0,0,0,0,2,13,1.4142135623730951,2,1,1
TOR_20260921_1_PA014,TOR_20260921_1,B016,3,4884,4886,3,Flyout,Batted_Out,0,0,0,0,1,0,0,1,0,0,0,3,4.333333333333333,0.5773502691896258,3,0,1
TOR_20260921_1_PA015,TOR_20260921_1,B012,3,4887,4887,1,Groundout,Batted_Out,0,0,0,0,1,0,0,1,0,0,0,1,14,,1,1,1
TOR_20260921_1_PA016,TOR_20260921_1,B011,4,4888,4892,5,Groundout,Batted_Out,0,0,0,0,1,0,0,0,0,0,0,5,19,3.24037034920393,5,3,1
TOR_20260921_1_PA017,TOR_20260921_1,B002,4,4893,4895,3,Groundout,Batted_Out,0,0,0,0,1,0,0,0,0,0,0,3,13.333333333333334,0.5773502691896257,3,0.6666666666666666,1
TOR_20260921_1_PA018,TOR_20260921_1,B008,4,4896,4899,4,Flyout,Batted_Out,0,0,0,0,1,0,0,0,0,0,0,4,13.5,1.2909944487358056,4,1.25,1
TOR_20260921_1_PA019,TOR_20260921_1,B013,5,4900,4902,3,Flyout,Batted_Out,0,0,0,0,1,0,0,0,0,0,0,3,13.666666666666666,1.5275252316519468,3,1,1
TOR_20260921_1_PA020,TOR_20260921_1,B001,5,4903,4907,5,Groundout,Batted_Out,0,0,0,0,1,0,0,0,0,0,0,5,14.6,2.3021728866442674,5,3,1
TOR_20260921_1_PA021,TOR_20260921_1,B014,5,4908,4908,1,Groundout,Batted_Out,0,0,0,0,1,0,0,0,0,0,0,1,12,,1,3,1
TOR_20260921_1_PA022,TOR_20260921_1,B009,6,4909,4911,3,Groundout,Batted_Out,0,0,0,0,1,0,0,0,0,0,0,3,14,1.7320508075688772,3,1,1
TOR_20260921_1_PA023,TOR_20260921_1,B016,6,4912,4915,4,Strikeout,Strikeout,1,0,0,0,1,0,0,0,0,0,0,4,4.75,0.5,4,0,1
TOR_20260921_1_PA024,TOR_20260921_1,B012,6,4916,4918,3,Groundout,Batted_Out,0,0,0,0,1,0,0,0,0,0,0,3,13.666666666666666,0.5773502691896257,3,1,1
TOR_20260921_1_PA025,TOR_20260921_1,B011,7,4919,4924,6,Strikeout,Strikeout,1,0,0,0,1,0,0,0,0,0,0,6,18.833333333333332,2.9268868558020253,6,3,1
TOR_20260921_1_PA026,TOR_20260921_1,B002,7,4925,4925,1,Hit,Hit,0,1,0,0,1,0,0,0,0,0,0,1,12,,1,1,1
TOR_20260921_1_PA027,TOR_20260921_1,B008,7,4926,4927,2,Groundout,Batted_Out,0,0,0,0,1,0,0,0,0,0,0,2,13,0,2,2,1
TOR_20260921_1_PA028,TOR_20260921_1,B013,7,4928,4928,1,Lineout,Batted_Out,0,0,0,0,1,0,0,1,0,0,0,1,12,,1,0,1
TOR_20260921_1_PA029,TOR_20260921_1,B001,8,4929,4937,9,Hit,Hit,0,1,0,0,1,0,0,0,0,0,0,9,14.333333333333334,1.4142135623730951,9,3,1
TOR_20260921_1_PA030,TOR_20260921_1,B014,8,4938,4939,2,Groundout,Batted_Out,0,0,0,0,1,0,0,0,0,0,0,2,15,0,2,3,1
TOR_20260921_1_PA031,TOR_20260921_1,B009,8,4940,4945,6,Strikeout,Strikeout,1,0,0,0,1,0,0,1,0,0,0,6,14.166666666666666,1.1690451944500122,6,1,1
TOR_20260921_1_PA032,TOR_20260921_1,B016,9,4946,4951,6,Strikeout,Strikeout,1,0,0,0,1,0,0,0,0,0,0,6,4.666666666666667,0.5163977794943223,6,0,1
TOR_20260921_1_PA033,TOR_20260921_1,B012,9,4952,4955,4,Strikeout,Strikeout,1,0,0,0,1,0,0,0,0,0,0,4,13.75,0.9574271077563381,4,1,1
TOR_20260921_1_PA034,TOR_20260921_1,B011,9,4956,4962,7,Flyout,Batted_Out,0,0,0,0,1,0,0,0,0,0,0,7,17.857142857142858,3.7161167647860327,7,2.857142857142857,1
TOR_20260923_1_PA001,TOR_20260923_1,B014,1,4963,4967,5,Flyout,Batted_Out,0,0,0,0,1,0,0,0,0,0,0,5,14.8,1.0954451150103321,5,3,1
TOR_20260923_1_PA002,TOR_20260923_1,B017,1,4968,4973,6,Hit,Hit,0,1,0,0,1,0,0,0,0,0,0,6,15.666666666666666,1.8618986725025255,6,0.8333333333333334,1
TOR_20260923_1_PA003,TOR_20260923_1,B012,1,4974,4978,5,Flyout,Batted_Out,0,0,0,0,1,0,0,1,0,0,0,5,13.8,0.8366600265340756,5,1,1
TOR_20260923_1_PA004,TOR_20260923_1,B009,1,4979,4985,7,Lineout,Batted_Out,0,0,0,0,1,0,0,1,0,1,1,7,13.857142857142858,0.6900655593423541,7,1,1
TOR_20260923_1_PA005,TOR_20260923_1,B011,2,4986,4992,7,Strikeout,Strikeout,1,0,0,0,1,0,0,0,0,1,1,7,18.428571428571427,2.760262237369417,7,3,1
TOR_20260923_1_PA006,TOR_20260923_1,B002,2,4993,4993,1,Hit,Hit,0,1,0,0,1,0,0,0,0,0,0,1,12,,1,1,1
TOR_20260923_1_PA007,TOR_20260923_1,B003,2,4994,4994,1,Groundout,Batted_Out,0,0,0,0,1,0,0,1,0,0,0,1,16,,1,1,1
TOR_20260923_1_PA008,TOR_20260923_1,B013,2,4995,5002,8,Flyout,Batted_Out,0,0,0,0,1,0,0,1,0,0,0,8,14.75,0.8864052604279183,8,0.875,1
TOR_20260923_1_PA009,TOR_20260923_1,B008,3,5003,5005,3,Hit,Hit,0,1,0,0,1,0,0,0,0,0,0,3,13.666666666666666,1.1547005383792517,3,1.3333333333333333,1
TOR_20260923_1_PA010,TOR_20260923_1,B014,3,5006,5006,1,Fielder's Choice,Fielders_Choice,0,0,0,0,1,0,0,1,0,0,0,1,12,,1,3,1
TOR_20260923_1_PA011,TOR_20260923_1,B017,3,5007,5010,4,Lineout,Batted_Out,0,0,0,0,1,0,0,0,0,0,0,4,16,2,4,1.5,1
TOR_20260923_1_PA012,TOR_20260923_1,B012,3,5011,5012,2,Flyout,Batted_Out,0,0,0,0,1,0,0,0,0,0,0,2,15,1.4142135623730951,2,1,1
TOR_20260923_1_PA013,TOR_20260923_1,B009,4,5013,5020,8,Strikeout,Strikeout,1,0,0,0,1,0,0,0,0,0,0,8,14.25,1.0350983390135313,8,1,1
TOR_20260923_1_PA014,TOR_20260923_1,B011,4,5021,5025,5,Groundout,Batted_Out,0,0,0,0,1,0,0,0,0,0,0,5,19,4.743416490252569,5,2.6,1
TOR_20260923_1_PA015,TOR_20260923_1,B002,4,5026,5029,4,Flyout,Batted_Out,0,0,0,0,1,0,0,0,0,0,0,4,14,1.4142135623730951,4,1,1
TOR_20260923_1_PA016,TOR_20260923_1,B013,5,5030,5033,4,Lineout,Batted_Out,0,0,0,0,1,0,0,0,0,0,0,4,14.25,0.9574271077563381,4,0.75,1
TOR_20260923_1_PA017,TOR_20260923_1,B008,5,5034,5036,3,Hit,Hit,0,1,0,0,1,0,0,0,0,0,0,3,13.333333333333334,1.5275252316519468,3,1.3333333333333333,1
TOR_20260923_1_PA018,TOR_20260923_1,B014,5,5037,5038,2,Hit,Hit,0,1,0,0,1,0,0,0,0,0,0,2,15,0,2,3,1
TOR_20260923_1_PA019,TOR_20260923_1,B017,5,5039,5042,4,Groundout,Batted_Out,0,0,0,0,1,0,0,1,0,0,0,4,14.5,3.1091263510296048,4,1,1
TOR_20260923_1_PA020,TOR_20260923_1,B012,6,5043,5048,6,Walk,Walk,0,0,1,0,1,0,0,0,0,0,0,6,13.833333333333334,0.7527726527090811,6,1,1
TOR_20260923_1_PA021,TOR_20260923_1,B009,6,5049,5050,2,Hit,Hit,0,1,0,0,1,0,0,0,0,0,0,2,13.5,0.7071067811865476,2,1,1
TOR_20260923_1_PA022,TOR_20260923_1,B006,6,5051,5051,1,Groundout,Batted_Out,0,0,0,0,1,0,0,1,0,0,0,1,10,,1,2,1
TOR_20260923_1_PA023,TOR_20260923_1,B002,6,5052,5056,5,Strikeout,Strikeout,1,0,0,0,1,0,0,1,0,0,0,5,13.8,2.3874672772626644,5,1.4,1
TOR_20260923_1_PA024,TOR_20260923_1,B003,6,5057,5057,1,Hit,Hit,0,1,0,0,1,0,0,1,0,0,0,1,16,,1,1,1
TOR_20260923_1_PA025,TOR_20260923_1,B013,6,5058,5062,5,Hit,Hit,0,1,0,0,1,0,0,0,0,0,0,5,14.4,1.51657508881031,5,0.8,1
TOR_20260923_1_PA026,TOR_20260923_1,B008,6,5063,5064,2,Flyout,Batted_Out,0,0,0,0,1,0,0,1,0,0,0,2,12.5,0.7071067811865476,2,1.5,1
TOR_20260923_1_PA027,TOR_20260923_1,B014,7,5065,5069,5,Groundout,Batted_Out,0,0,0,0,1,0,0,0,0,0,0,5,15.4,0.8944271909999159,5,3.4,1
TOR_20260923_1_PA028,TOR_20260923_1,B012,7,5070,5071,2,Flyout,Batted_Out,0,0,0,0,1,0,0,0,0,0,0,2,13.5,0.7071067811865476,2,1,1
TOR_20260923_1_PA029,TOR_20260923_1,B009,8,5072,5075,4,Groundout,Batted_Out,0,0,0,0,1,0,0,0,0,0,0,4,13.5,0.5773502691896257,4,1,1
TOR_20260923_1_PA030,TOR_20260923_1,B016,8,5076,5077,2,Groundout,Batted_Out,0,0,0,0,1,0,0,0,0,0,0,2,4.5,0.7071067811865476,2,0,1
TOR_20260923_1_PA031,TOR_20260923_1,B003,9,5078,5081,4,Hit,Hit,0,1,0,0,1,0,0,0,0,0,0,4,15,1.4142135623730951,4,1.25,1
TOR_20260923_1_PA032,TOR_20260923_1,B001,9,5082,5082,1,Flyout,Batted_Out,0,0,0,0,1,0,0,0,0,0,0,1,13,,1,3,1
TOR_20260923_1_PA033,TOR_20260923_1,B008,9,5083,5084,2,Flyout,Batted_Out,0,0,0,0,1,0,0,0,0,0,0,2,13,0,2,2,1
TOR_20260923_1_PA034,TOR_20260923_1,B014,9,5085,5090,6,Strikeout,Strikeout,1,0,0,0,1,0,0,0,0,0,0,6,14.833333333333334,1.3291601358251257,6,3,1
TOR_20260923_2_PA001,TOR_20260923_2,B014,1,5091,5096,6,Lineout,Batted_Out,0,0,0,0,1,0,0,0,0,0,0,6,15.166666666666666,0.983192080250175,6,3.5,1
TOR_20260923_2_PA002,TOR_20260923_2,B011,1,5097,5103,7,Groundout,Batted_Out,0,0,0,0,1,0,0,0,0,1,1,7,18.428571428571427,2.935821455580639,7,2.857142857142857,1
TOR_20260923_2_PA003,TOR_20260923_2,B001,1,5104,5108,5,Strikeout,Strikeout,1,0,0,0,1,0,0,0,0,0,0,5,14.6,1.1401754250991378,5,2.8,1
TOR_20260923_2_PA004,TOR_20260923_2,B012,2,5109,5113,5,Strikeout,Strikeout,1,0,0,0,1,0,0,0,0,0,0,5,13.8,0.8366600265340756,5,1,1
TOR_20260923_2_PA005,TOR_20260923_2,B016,2,5114,5117,4,Groundout,Batted_Out,0,0,0,0,1,0,0,0,0,0,0,4,4,0,4,0,1
TOR_20260923_2_PA006,TOR_20260923_2,B006,2,5118,5122,5,Walk,Walk,0,0,1,0,1,0,0,0,0,0,0,5,9,0,5,1.8,1
TOR_20260923_2_PA007,TOR_20260923_2,B005,2,5123,5126,4,Strikeout,Strikeout,1,0,0,0,1,0,0,0,0,0,0,4,14,0.816496580927726,4,1,1
TOR_20260923_2_PA008,TOR_20260923_2,B013,3,5127,5128,2,Hit,Hit,0,1,0,0,1,0,0,0,0,0,0,2,13.5,0.7071067811865476,2,1,1
TOR_20260923_2_PA009,TOR_20260923_2,B008,3,5129,5134,6,Groundout,Batted_Out,0,0,0,0,1,0,0,0,0,0,0,6,13.166666666666666,0.9831920802501751,6,1.1666666666666667,1
TOR_20260923_2_PA010,TOR_20260923_2,B014,3,5135,5137,3,Hit,Hit,0,1,0,0,1,0,0,0,0,0,0,3,15.333333333333334,0.5773502691896257,3,3.3333333333333335,1
TOR_20260923_2_PA011,TOR_20260923_2,B011,3,5138,5143,6,Flyout,Batted_Out,0,0,0,0,1,0,0,0,0,0,0,6,19.666666666666668,3.777124126457412,6,2.6666666666666665,1
TOR_20260923_2_PA012,TOR_20260923_2,B001,4,5144,5148,5,Strikeout,Strikeout,1,0,0,0,1,0,0,0,0,0,0,5,14.6,1.816590212458495,5,3,1
TOR_20260923_2_PA013,TOR_20260923_2,B012,4,5149,5150,2,Groundout,Batted_Out,0,0,0,0,1,0,0,0,0,0,0,2,13.5,0.7071067811865476,2,1,1
TOR_20260923_2_PA014,TOR_20260923_2,B016,4,5151,5152,2,Groundout,Batted_Out,0,0,0,0,1,0,0,0,0,0,0,2,4,0,2,0,1
TOR_20260923_2_PA015,TOR_20260923_2,B006,5,5153,5153,1,Groundout,Batted_Out,0,0,0,0,1,0,0,0,0,0,0,1,10,,1,2,1
TOR_20260923_2_PA016,TOR_20260923_2,B005,5,5154,5156,3,Groundout,Batted_Out,0,0,0,0,1,0,0,0,0,1,1,3,14.333333333333334,0.5773502691896257,3,1,1
TOR_20260923_2_PA017,TOR_20260923_2,B013,5,5157,5160,4,Strikeout,Strikeout,1,0,0,0,1,0,0,0,0,0,0,4,13.25,1.5,4,0.75,1
TOR_20260923_2_PA018,TOR_20260923_2,B008,6,5161,5163,3,Strikeout,Strikeout,1,0,0,0,1,0,0,0,0,0,0,3,13.333333333333334,0.5773502691896257,3,1.6666666666666667,1
TOR_20260923_2_PA019,TOR_20260923_2,B014,6,5164,5165,2,Lineout,Batted_Out,0,0,0,0,1,0,0,0,0,0,0,2,14.5,0.7071067811865476,2,3,1
TOR_20260923_2_PA020,TOR_20260923_2,B011,6,5166,5168,3,Strikeout,Strikeout,1,0,0,0,1,0,0,0,0,0,0,3,16.333333333333332,0.5773502691896258,3,2,1
TOR_20260923_2_PA021,TOR_20260923_2,B001,7,5169,5173,5,Hit,Hit,0,1,0,0,1,0,0,0,0,0,0,5,14.6,2.3021728866442674,5,3,1
TOR_20260923_2_PA022,TOR_20260923_2,B012,7,5174,5175,2,Groundout,Batted_Out,0,0,0,0,1,0,0,0,0,0,0,2,13.5,0.7071067811865476,2,1,1
TOR_20260923_2_PA023,TOR_20260923_2,B016,7,5176,5179,4,Hit,Hit,0,1,0,0,1,0,0,0,0,0,0,4,4.5,0.5773502691896257,4,0,1
TOR_20260923_2_PA024,TOR_20260923_2,B006,7,5180,5183,4,Walk,Walk,0,0,1,0,1,0,0,0,0,0,0,4,9,0,4,2,1
TOR_20260923_2_PA025,TOR_20260923_2,B005,7,5184,5188,5,Walk,Walk,0,0,1,0,1,0,0,1,0,0,0,5,12.6,0.8944271909999159,5,1.4,1
TOR_20260923_2_PA026,TOR_20260923_2,B013,7,5189,5193,5,Strikeout,Strikeout,1,0,0,0,1,0,0,1,0,0,0,5,13,2.1213203435596424,5,0.6,1
TOR_20260923_2_PA027,TOR_20260923_2,B008,8,5194,5195,2,Flyout,Batted_Out,0,0,0,0,1,0,0,0,0,0,0,2,12.5,0.7071067811865476,2,1.5,1
TOR_20260923_2_PA028,TOR_20260923_2,B014,8,5196,5200,5,Hit,Hit,0,1,0,0,1,0,0,0,0,0,0,5,15.4,0.8944271909999159,5,3.2,1
TOR_20260923_2_PA029,TOR_20260923_2,B011,8,5201,5202,2,Groundout,Batted_Out,0,0,0,0,1,0,0,0,0,0,0,2,15.5,4.949747468305833,2,2.5,1
TOR_20260923_2_PA030,TOR_20260923_2,B001,8,5203,5209,7,Groundout,Batted_Out,0,0,0,0,1,0,0,1,0,0,0,7,14.714285714285714,1.889822365046136,7,3,1
TOR_20260923_2_PA031,TOR_20260923_2,B012,9,5210,5212,3,Strikeout,Strikeout,1,0,0,0,1,0,0,0,0,0,0,3,13.666666666666666,0.5773502691896257,3,1,1
TOR_20260923_2_PA032,TOR_20260923_2,B016,9,5213,5216,4,Hit,Hit,0,1,0,0,1,0,0,0,0,0,0,4,4.25,0.5,4,0,1
TOR_20260923_2_PA033,TOR_20260923_2,B006,9,5217,5221,5,Home Run,Hit,0,1,0,0,1,0,0,0,0,0,0,5,9.4,0.5477225575051662,5,1.8,1
TOR_20260923_2_PA034,TOR_20260923_2,B005,9,5222,5224,3,Groundout,Batted_Out,0,0,0,0,1,0,0,0,0,0,0,3,14.333333333333334,0.5773502691896257,3,1,1
TOR_20260925_1_PA001,TOR_20260925_1,B005,1,5225,5229,5,Hit,Hit,0,1,0,0,1,0,0,0,0,0,0,5,13,1,5,1.2,1
TOR_20260925_1_PA002,TOR_20260925_1,B001,1,5230,5231,2,Hit,Hit,0,1,0,0,1,0,0,1,0,0,0,2,13,0,2,3,1
TOR_20260925_1_PA003,TOR_20260925_1,B017,1,5232,5234,3,Groundout,Batted_Out,0,0,0,0,1,0,0,1,0,0,0,3,14,0,3,0.6666666666666666,1
TOR_20260925_1_PA004,TOR_20260925_1,B009,1,5235,5239,5,Lineout,Batted_Out,0,0,0,0,1,0,0,1,0,0,0,5,13.8,0.8366600265340756,5,1,1
TOR_20260925_1_PA005,TOR_20260925_1,B012,1,5240,5242,3,Hit,Hit,0,1,0,0,1,0,0,1,0,0,0,3,13.333333333333334,0.5773502691896257,3,1,1
TOR_20260925_1_PA006,TOR_20260925_1,B014,1,5243,5246,4,Groundout,Batted_Out,0,0,0,0,1,0,0,1,0,0,0,4,15,1.1547005383792515,4,2.75,1
TOR_20260925_1_PA007,TOR_20260925_1,B006,2,5247,5249,3,HBP,HBP,0,0,0,1,1,0,0,0,0,0,0,3,9.333333333333334,0.5773502691896257,3,2,1
TOR_20260925_1_PA008,TOR_20260925_1,B008,2,5250,5250,1,Flyout,Batted_Out,0,0,0,0,1,0,0,0,0,0,0,1,15,,1,2,1
TOR_20260925_1_PA009,TOR_20260925_1,B013,2,5251,5255,5,Hit,Hit,0,1,0,0,1,0,0,0,0,0,0,5,14.4,0.8944271909999159,5,0.8,1
TOR_20260925_1_PA010,TOR_20260925_1,B005,2,5256,5260,5,Hit,Hit,0,1,0,0,1,0,0,1,0,0,0,5,13.4,1.3416407864998738,5,1.2,1
TOR_20260925_1_PA011,TOR_20260925_1,B001,2,5261,5262,2,Groundout,Batted_Out,0,0,0,0,1,0,0,1,0,0,0,2,13.5,0.7071067811865476,2,3,1
TOR_20260925_1_PA012,TOR_20260925_1,B017,3,5263,5265,3,Flyout,Batted_Out,0,0,0,0,1,0,0,0,0,0,0,3,14.333333333333334,0.5773502691896257,3,1,1
TOR_20260925_1_PA013,TOR_20260925_1,B009,3,5266,5268,3,Strikeout,Strikeout,1,0,0,0,1,0,0,0,0,0,0,3,13.333333333333334,0.5773502691896257,3,1,1
TOR_20260925_1_PA014,TOR_20260925_1,B012,3,5269,5275,7,Walk,Walk,0,0,1,0,1,0,0,0,0,0,0,7,13.714285714285714,0.7559289460184545,7,1,1
TOR_20260925_1_PA015,TOR_20260925_1,B014,3,5276,5280,5,Hit,Hit,0,1,0,0,1,0,0,0,0,0,0,5,15.4,0.8944271909999159,5,3.2,1
TOR_20260925_1_PA016,TOR_20260925_1,B006,3,5281,5288,8,HBP,HBP,0,0,0,1,1,0,0,1,0,0,0,8,9.25,0.4629100498862757,8,1.25,1
TOR_20260925_1_PA017,TOR_20260925_1,B008,3,5289,5290,2,Groundout,Batted_Out,0,0,0,0,1,0,0,1,0,0,0,2,13,0,2,2,1
TOR_20260925_1_PA018,TOR_20260925_1,B013,4,5291,5292,2,Hit,Hit,0,1,0,0,1,0,0,0,0,0,0,2,13.5,0.7071067811865476,2,1,1
TOR_20260925_1_PA019,TOR_20260925_1,B005,4,5293,5297,5,Strikeout,Strikeout,1,0,0,0,1,0,0,0,0,0,0,5,14.8,0.8366600265340756,5,1,1
TOR_20260925_1_PA020,TOR_20260925_1,B001,4,5298,5302,5,Groundout,Batted_Out,0,0,0,0,1,0,0,0,0,0,0,5,14.2,1.9235384061671346,5,3,1
TOR_20260925_1_PA021,TOR_20260925_1,B017,5,5303,5306,4,Strikeout,Strikeout,1,0,0,0,1,0,0,0,0,0,0,4,15.25,3.947573094109004,4,1,1
TOR_20260925_1_PA022,TOR_20260925_1,B009,5,5307,5310,4,Groundout,Batted_Out,0,0,0,0,1,0,0,0,0,0,0,4,13.5,0.5773502691896257,4,1,1
TOR_20260925_1_PA023,TOR_20260925_1,B012,5,5311,5314,4,Groundout,Batted_Out,0,0,0,0,1,0,0,0,0,0,0,4,13.75,0.9574271077563381,4,1,1
TOR_20260925_1_PA024,TOR_20260925_1,B014,6,5315,5315,1,HBP,HBP,0,0,0,1,1,0,0,0,0,0,0,1,14,,1,3,1
TOR_20260925_1_PA025,TOR_20260925_1,B006,6,5316,5319,4,Strikeout,Strikeout,1,0,0,0,1,0,0,0,0,0,0,4,9.25,0.5,4,2,1
TOR_20260925_1_PA026,TOR_20260925_1,B008,6,5320,5321,2,Lineout,Batted_Out,0,0,0,0,1,0,0,0,0,0,0,2,12.5,0.7071067811865476,2,1.5,1
TOR_20260925_1_PA027,TOR_20260925_1,B011,6,5322,5326,5,Flyout,Batted_Out,0,0,0,0,1,0,0,0,0,0,0,5,17.6,4.505552130427524,5,2.8,1
TOR_20260925_1_PA028,TOR_20260925_1,B002,7,5327,5330,4,Walk,Walk,0,0,1,0,1,0,0,0,0,0,0,4,14.5,1.7320508075688772,4,1.5,1
TOR_20260925_1_PA029,TOR_20260925_1,B001,7,5331,5337,7,Walk,Walk,0,0,1,0,1,0,0,0,0,0,0,7,14,1.1547005383792515,7,3,1
TOR_20260925_1_PA030,TOR_20260925_1,B017,7,5338,5340,3,Hit,Hit,0,1,0,0,1,0,0,1,0,0,0,3,14.333333333333334,0.5773502691896257,3,1,1
TOR_20260925_1_PA031,TOR_20260925_1,B009,7,5341,5342,2,Fielder's Choice,Fielders_Choice,0,0,0,0,1,0,0,1,0,0,0,2,13.5,0.7071067811865476,2,1,1
TOR_20260925_1_PA032,TOR_20260925_1,B012,7,5343,5343,1,Hit,Hit,0,1,0,0,1,0,0,1,0,0,0,1,14,,1,1,1
TOR_20260925_1_PA033,TOR_20260925_1,B014,7,5344,5349,6,Hit,Hit,0,1,0,0,1,0,0,1,0,0,0,6,14.833333333333334,0.9831920802501751,6,3.3333333333333335,1
TOR_20260925_1_PA034,TOR_20260925_1,B004,7,5350,5353,4,Flyout,Batted_Out,0,0,0,0,1,0,0,1,0,0,0,4,12.75,0.9574271077563381,4,0.25,1
TOR_20260925_1_PA035,TOR_20260925_1,B008,7,5354,5356,3,Fielder's Choice,Fielders_Choice,0,0,0,0,1,0,0,1,0,0,0,3,13.333333333333334,1.5275252316519468,3,1,1
TOR_20260925_1_PA036,TOR_20260925_1,B011,7,5357,5361,5,Strikeout,Strikeout,1,0,0,0,1,0,0,1,0,1,1,5,18,3.5355339059327378,5,2.8,1
TOR_20260925_1_PA037,TOR_20260925_1,B002,8,5362,5365,4,Strikeout,Strikeout,1,0,0,0,1,0,0,0,0,1,1,4,13.25,2.5,4,1,1
TOR_20260925_1_PA038,TOR_20260925_1,B001,8,5366,5372,7,Walk,Walk,0,0,1,0,1,0,0,0,0,0,0,7,14.428571428571429,0.5345224838248488,7,3,1
TOR_20260925_1_PA039,TOR_20260925_1,B017,8,5373,5374,2,Groundout,Batted_Out,0,0,0,0,1,0,0,0,0,0,0,2,14.5,0.7071067811865476,2,1,1
TOR_20260925_1_PA040,TOR_20260925_1,B009,8,5375,5376,2,Flyout,Batted_Out,0,0,0,0,1,0,0,1,0,0,0,2,13,1.4142135623730951,2,1,1
TOR_20260927_1_PA001,TOR_20260927_1,B004,1,5377,5380,4,Walk,Walk,0,0,1,0,1,0,0,0,0,0,0,4,13,1.4142135623730951,4,0.25,1
TOR_20260927_1_PA002,TOR_20260927_1,B014,1,5381,5384,4,Walk,Walk,0,0,1,0,1,0,0,0,0,0,0,4,15.5,1,4,2.75,1
TOR_20260927_1_PA003,TOR_20260927_1,B017,1,5385,5387,3,Strikeout,Strikeout,1,0,0,0,1,0,0,1,0,0,0,3,14,1,3,1.3333333333333333,1
TOR_20260927_1_PA004,TOR_20260927_1,B001,1,5388,5392,5,Groundout,Batted_Out,0,0,0,0,1,0,0,1,0,0,0,5,13.8,2.04939015319192,5,3,1
TOR_20260927_1_PA005,TOR_20260927_1,B012,2,5393,5400,8,Lineout,Batted_Out,0,0,0,0,1,0,0,0,0,0,0,8,14.125,0.6408699444616557,8,1,1
TOR_20260927_1_PA006,TOR_20260927_1,B016,2,5401,5401,1,Hit,Hit,0,1,0,0,1,0,0,0,0,0,0,1,4,,1,0,1
TOR_20260927_1_PA007,TOR_20260927_1,B011,2,5402,5404,3,Flyout,Batted_Out,0,0,0,0,1,0,0,0,0,0,0,3,17,2.6457513110645907,3,2.6666666666666665,1
TOR_20260927_1_PA008,TOR_20260927_1,B002,2,5405,5405,1,Lineout,Batted_Out,0,0,0,0,1,0,0,0,0,0,0,1,12,,1,1,1
TOR_20260927_1_PA009,TOR_20260927_1,B008,3,5406,5411,6,Strikeout,Strikeout,1,0,0,0,1,0,0,0,0,0,0,6,14.166666666666666,1.4719601443879746,6,1.6666666666666667,1
TOR_20260927_1_PA010,TOR_20260927_1,B004,3,5412,5412,1,Hit,Hit,0,1,0,0,1,0,0,0,1,1,1,1,12,,1,1,1
TOR_20260927_1_PA011,TOR_20260927_1,B014,3,5413,5413,1,Groundout,Batted_Out,0,0,0,0,1,0,0,1,0,0,0,1,12,,1,3,1
TOR_20260927_1_PA012,TOR_20260927_1,B017,3,5414,5414,1,Flyout,Batted_Out,0,0,0,0,1,0,0,1,0,0,0,1,12,,1,1,1
TOR_20260927_1_PA013,TOR_20260927_1,B001,4,5415,5415,1,Lineout,Batted_Out,0,0,0,0,1,0,0,0,0,0,0,1,13,,1,3,1
TOR_20260927_1_PA014,TOR_20260927_1,B012,4,5416,5422,7,Flyout,Batted_Out,0,0,0,0,1,0,0,0,0,0,0,7,14,0.816496580927726,7,1.1428571428571428,1
TOR_20260927_1_PA015,TOR_20260927_1,B016,4,5423,5430,8,Flyout,Batted_Out,0,0,0,0,1,0,0,0,0,0,0,8,4.375,0.5175491695067657,8,0,1
TOR_20260927_1_PA016,TOR_20260927_1,B011,5,5431,5436,6,Lineout,Batted_Out,0,0,0,0,1,0,0,0,0,0,0,6,17.833333333333332,4.070217029430577,6,2.8333333333333335,1
TOR_20260927_1_PA017,TOR_20260927_1,B002,5,5437,5439,3,Hit,Hit,0,1,0,0,1,0,0,0,0,0,0,3,13.333333333333334,0.5773502691896257,3,0.6666666666666666,1
TOR_20260927_1_PA018,TOR_20260927_1,B008,5,5440,5445,6,Walk,Walk,0,0,1,0,1,0,0,0,0,0,0,6,14,2.5298221281347035,6,1.1666666666666667,1
TOR_20260927_1_PA019,TOR_20260927_1,B004,5,5446,5449,4,Lineout,Batted_Out,0,0,0,0,1,0,0,1,0,0,0,4,13.25,0.9574271077563381,4,0.25,1
TOR_20260927_1_PA020,TOR_20260927_1,B014,6,5450,5452,3,Groundout,Batted_Out,0,0,0,0,1,0,0,0,0,0,0,3,14.333333333333334,0.5773502691896257,3,3.3333333333333335,1
TOR_20260927_1_PA021,TOR_20260927_1,B017,6,5453,5453,1,Groundout,Batted_Out,0,0,0,0,1,0,0,0,0,0,0,1,12,,1,1,1
TOR_20260927_1_PA022,TOR_20260927_1,B001,6,5454,5457,4,Groundout,Batted_Out,0,0,0,0,1,0,0,0,0,0,0,4,14,2.160246899469287,4,3,1
TOR_20260927_1_PA023,TOR_20260927_1,B012,7,5458,5461,4,Walk,Walk,0,0,1,0,1,0,0,0,0,0,0,4,13.5,0.5773502691896257,4,1,1
TOR_20260927_1_PA024,TOR_20260927_1,B016,7,5462,5466,5,Strikeout,Strikeout,1,0,0,0,1,0,0,0,0,0,0,5,4.4,0.5477225575051662,5,0,1
TOR_20260927_1_PA025,TOR_20260927_1,B011,7,5467,5470,4,Hit,Hit,0,1,0,0,1,0,0,0,0,0,0,4,18.5,6.3508529610858835,4,2.75,1
TOR_20260927_1_PA026,TOR_20260927_1,B002,7,5471,5476,6,Groundout,Batted_Out,0,0,0,0,1,0,0,1,0,0,0,6,14.333333333333334,1.2110601416389968,6,1,1
TOR_20260927_1_PA027,TOR_20260927_1,B008,7,5477,5478,2,Flyout,Batted_Out,0,0,0,0,1,0,0,1,0,0,0,2,12.5,0.7071067811865476,2,1.5,1
TOR_20260927_1_PA028,TOR_20260927_1,B004,8,5479,5483,5,Hit,Hit,0,1,0,0,1,0,0,0,0,0,0,5,13.6,0.8944271909999159,5,0.2,1
TOR_20260927_1_PA029,TOR_20260927_1,B014,8,5484,5484,1,Groundout,Batted_Out,0,0,0,0,1,0,0,0,0,0,0,1,12,,1,3,1
TOR_20260927_1_PA030,TOR_20260927_1,B017,8,5485,5487,3,Strikeout,Strikeout,1,0,0,0,1,0,0,1,0,0,0,3,13.666666666666666,0.5773502691896257,3,1,1
TOR_20260927_1_PA031,TOR_20260927_1,B001,8,5488,5489,2,Groundout,Batted_Out,0,0,0,0,1,0,0,1,0,0,0,2,13,0,2,3,1
TOR_20260927_1_PA032,TOR_20260927_1,B012,9,5490,5494,5,Strikeout,Strikeout,1,0,0,0,1,0,0,0,0,0,0,5,13.8,0.8366600265340756,5,1,1
TOR_20260927_1_PA033,TOR_20260927_1,B016,9,5495,5497,3,Flyout,Batted_Out,0,0,0,0,1,0,0,0,0,0,0,3,4.333333333333333,0.5773502691896258,3,0,1
TOR_20260927_1_PA034,TOR_20260927_1,B011,9,5498,5499,2,Lineout,Batted_Out,0,0,0,0,1,0,0,0,0,0,0,2,17.5,2.1213203435596424,2,2.5,1
TOR_20260927_2_PA001,TOR_20260927_2,B009,1,5500,5503,4,Strikeout,Strikeout,1,0,0,0,1,0,0,0,0,0,0,4,14.25,1.5,4,1,1
TOR_20260927_2_PA002,TOR_20260927_2,B004,1,5504,5510,7,Hit,Hit,0,1,0,0,1,0,0,0,0,0,0,7,13.428571428571429,1.2724180205607036,7,0.2857142857142857,1
TOR_20260927_2_PA003,TOR_20260927_2,B012,1,5511,5517,7,Strikeout,Strikeout,1,0,0,0,1,0,0,0,0,0,0,7,13.714285714285714,0.9511897312113419,7,1,1
TOR_20260927_2_PA004,TOR_20260927_2,B005,1,5518,5521,4,Flyout,Batted_Out,0,0,0,0,1,0,0,0,0,0,0,4,14.25,0.5,4,1,1
TOR_20260927_2_PA005,TOR_20260927_2,B006,2,5522,5528,7,Walk,Walk,0,0,1,0,1,0,0,0,0,0,0,7,9.142857142857142,0.3779644730092272,7,1.4285714285714286,1
TOR_20260927_2_PA006,TOR_20260927_2,B003,2,5529,5531,3,Home Run,Hit,0,1,0,0,1,0,0,0,0,0,0,3,14.666666666666666,1.1547005383792517,3,1,1
TOR_20260927_2_PA007,TOR_20260927_2,B013,2,5532,5537,6,Groundout,Batted_Out,0,0,0,0,1,0,0,0,0,0,0,6,14.666666666666666,1.0327955589886446,6,0.8333333333333334,1
TOR_20260927_2_PA008,TOR_20260927_2,B002,2,5538,5541,4,Lineout,Batted_Out,0,0,0,0,1,0,0,0,0,1,1,4,13.5,0.5773502691896257,4,1.25,1
TOR_20260927_2_PA009,TOR_20260927_2,B008,2,5542,5543,2,Flyout,Batted_Out,0,0,0,0,1,0,0,0,0,0,0,2,12.5,0.7071067811865476,2,2,1
TOR_20260927_2_PA010,TOR_20260927_2,B009,3,5544,5549,6,Hit,Hit,0,1,0,0,1,0,0,0,0,0,0,6,13.666666666666666,0.5163977794943223,6,1,1
TOR_20260927_2_PA011,TOR_20260927_2,B004,3,5550,5551,2,Hit,Hit,0,1,0,0,1,0,0,1,0,0,0,2,13,1.4142135623730951,2,0.5,1
TOR_20260927_2_PA012,TOR_20260927_2,B012,3,5552,5555,4,Walk,Walk,0,0,1,0,1,0,0,1,0,0,0,4,13.5,0.5773502691896257,4,1,1
TOR_20260927_2_PA013,TOR_20260927_2,B005,3,5556,5558,3,Flyout,Batted_Out,0,0,0,0,1,0,0,1,0,0,0,3,13.333333333333334,1.1547005383792517,3,1,1
TOR_20260927_2_PA014,TOR_20260927_2,B006,3,5559,5566,8,Groundout,Batted_Out,0,0,0,0,1,0,0,1,0,0,0,8,9.125,0.3535533905932738,8,1.125,1
TOR_20260927_2_PA015,TOR_20260927_2,B003,3,5567,5570,4,Walk,Walk,0,0,1,0,1,0,0,1,0,0,0,4,14.25,0.5,4,1,1
TOR_20260927_2_PA016,TOR_20260927_2,B013,3,5571,5575,5,Strikeout,Strikeout,1,0,0,0,1,0,0,1,0,0,0,5,14.4,1.1401754250991378,5,1,1
TOR_20260927_2_PA017,TOR_20260927_2,B002,4,5576,5578,3,HBP,HBP,0,0,0,1,1,0,0,0,0,0,0,3,13.333333333333334,0.5773502691896257,3,1,1
TOR_20260927_2_PA018,TOR_20260927_2,B008,4,5579,5579,1,Groundout,Batted_Out,0,0,0,0,1,0,0,0,0,0,0,1,15,,1,2,1
TOR_20260927_2_PA019,TOR_20260927_2,B016,4,5580,5585,6,Strikeout,Strikeout,1,0,0,0,1,0,0,0,0,0,0,6,4.666666666666667,0.5163977794943222,6,0,1
TOR_20260927_2_PA020,TOR_20260927_2,B004,5,5586,5589,4,Strikeout,Strikeout,1,0,0,0,1,0,0,0,0,0,0,4,13,1.4142135623730951,4,0.5,1
TOR_20260927_2_PA021,TOR_20260927_2,B012,5,5590,5596,7,Strikeout,Strikeout,1,0,0,0,1,0,0,0,0,0,0,7,14,0.816496580927726,7,1,1
TOR_20260927_2_PA022,TOR_20260927_2,B005,5,5597,5599,3,Flyout,Batted_Out,0,0,0,0,1,0,0,0,0,0,0,3,13.333333333333334,1.1547005383792517,3,1,1
TOR_20260927_2_PA023,TOR_20260927_2,B006,6,5600,5603,4,Strikeout,Strikeout,1,0,0,0,1,0,0,0,0,0,0,4,9.5,0.5773502691896257,4,1.75,1
TOR_20260927_2_PA024,TOR_20260927_2,B003,6,5604,5607,4,Strikeout,Strikeout,1,0,0,0,1,0,0,0,0,0,0,4,15.25,2.9860788111948193,4,1.5,1
TOR_20260927_2_PA025,TOR_20260927_2,B013,6,5608,5612,5,Flyout,Batted_Out,0,0,0,0,1,0,0,0,0,0,0,5,13.6,2.1908902300206643,5,0.8,1
TOR_20260927_2_PA026,TOR_20260927_2,B002,7,5613,5615,3,Groundout,Batted_Out,0,0,0,0,1,0,0,0,0,0,0,3,13.333333333333334,0.5773502691896257,3,1.3333333333333333,1
TOR_20260927_2_PA027,TOR_20260927_2,B008,7,5616,5618,3,Flyout,Batted_Out,0,0,0,0,1,0,0,0,0,0,0,3,13.333333333333334,1.5275252316519468,3,1.3333333333333333,1
TOR_20260927_2_PA028,TOR_20260927_2,B016,7,5619,5621,3,Strikeout,Strikeout,1,0,0,0,1,0,0,0,0,0,0,3,4.333333333333333,0.5773502691896258,3,0,1
TOR_20260927_2_PA029,TOR_20260927_2,B004,8,5622,5622,1,Lineout,Batted_Out,0,0,0,0,1,0,0,0,0,0,0,1,12,,1,1,1
TOR_20260927_2_PA030,TOR_20260927_2,B011,8,5623,5630,8,Groundout,Batted_Out,0,0,0,0,1,0,0,0,0,0,0,8,18.5,4.174754056057845,8,2.875,1
TOR_20260927_2_PA031,TOR_20260927_2,B005,8,5631,5632,2,Home Run,Hit,0,1,0,0,1,0,0,0,0,0,0,2,14,2.8284271247461903,2,1,1
TOR_20260927_2_PA032,TOR_20260927_2,B006,8,5633,5635,3,Lineout,Batted_Out,0,0,0,0,1,0,0,0,0,0,0,3,9,0,3,0.6666666666666666,1
