pitch_id,pa_id,game_id,batter_id,batter_name,game_date,split,home,opponent,inning,pitch_number_pa,pre_balls,pre_strikes,risp,runners_on,pitcher_disruption,routine_time_secs,total_tics,routine_source,routine_model_eligible,tics_model_eligible,pa_sequence_valid
P00001,TOR_20260814_1_PA001,TOR_20260814_1,B004,Brett Bateman,2026-08-14,Train,1,New York Yankees,1,1,0,0,0,0,0,4.0,0,Observed,1,1,1
P00002,TOR_20260814_1_PA001,TOR_20260814_1,B004,Brett Bateman,2026-08-14,Train,1,New York Yankees,1,2,0,1,0,0,0,4.0,0,Observed,1,1,1
P00003,TOR_20260814_1_PA002,TOR_20260814_1,B014,Nathan Lukes,2026-08-14,Train,1,New York Yankees,1,1,0,0,0,0,0,4.0,0,Observed,1,1,1
P00004,TOR_20260814_1_PA002,TOR_20260814_1,B014,Nathan Lukes,2026-08-14,Train,1,New York Yankees,1,2,1,0,0,0,0,11.0,2,Observed,1,1,1
P00005,TOR_20260814_1_PA002,TOR_20260814_1,B014,Nathan Lukes,2026-08-14,Train,1,New York Yankees,1,3,1,1,0,0,0,11.0,2,Observed,1,1,1
P00006,TOR_20260814_1_PA002,TOR_20260814_1,B014,Nathan Lukes,2026-08-14,Train,1,New York Yankees,1,4,1,2,0,0,0,14.0,4,Observed,1,1,1
P00007,TOR_20260814_1_PA002,TOR_20260814_1,B014,Nathan Lukes,2026-08-14,Train,1,New York Yankees,1,5,2,2,0,0,0,12.0,2,Observed,1,1,1
P00008,TOR_20260814_1_PA002,TOR_20260814_1,B014,Nathan Lukes,2026-08-14,Train,1,New York Yankees,1,6,3,2,0,0,0,12.0,2,Observed,1,1,1
P00009,TOR_20260814_1_PA003,TOR_20260814_1,B009,George Springer,2026-08-14,Train,1,New York Yankees,2,1,0,0,0,0,0,17.0,0,Observed,1,1,1
P00010,TOR_20260814_1_PA003,TOR_20260814_1,B009,George Springer,2026-08-14,Train,1,New York Yankees,2,2,1,0,0,0,0,15.0,0,Observed,1,1,1
P00011,TOR_20260814_1_PA003,TOR_20260814_1,B009,George Springer,2026-08-14,Train,1,New York Yankees,2,3,2,0,0,0,0,15.0,0,Observed,1,1,1
P00012,TOR_20260814_1_PA004,TOR_20260814_1,B001,Alejandro Kirk,2026-08-14,Train,1,New York Yankees,2,1,0,0,0,0,0,24.0,0,Observed,1,1,1
P00013,TOR_20260814_1_PA004,TOR_20260814_1,B001,Alejandro Kirk,2026-08-14,Train,1,New York Yankees,2,2,1,0,0,0,0,8.0,1,Observed,1,1,1
P00014,TOR_20260814_1_PA004,TOR_20260814_1,B001,Alejandro Kirk,2026-08-14,Train,1,New York Yankees,2,3,1,1,0,0,0,17.0,3,Observed,1,1,1
P00015,TOR_20260814_1_PA004,TOR_20260814_1,B001,Alejandro Kirk,2026-08-14,Train,1,New York Yankees,2,4,2,1,0,0,0,8.0,2,Observed,1,1,1
P00016,TOR_20260814_1_PA004,TOR_20260814_1,B001,Alejandro Kirk,2026-08-14,Train,1,New York Yankees,2,5,2,2,0,0,0,9.0,2,Observed,1,1,1
P00017,TOR_20260814_1_PA004,TOR_20260814_1,B001,Alejandro Kirk,2026-08-14,Train,1,New York Yankees,2,6,3,2,0,0,0,12.0,2,Observed,1,1,1
P00018,TOR_20260814_1_PA005,TOR_20260814_1,B002,Andrés Giménez,2026-08-14,Train,1,New York Yankees,2,1,0,0,0,1,0,7.0,2,Observed,1,1,1
P00019,TOR_20260814_1_PA005,TOR_20260814_1,B002,Andrés Giménez,2026-08-14,Train,1,New York Yankees,2,2,1,0,0,1,0,8.0,2,Observed,1,1,1
P00020,TOR_20260814_1_PA006,TOR_20260814_1,B012,Kazuma Okamoto,2026-08-14,Train,1,New York Yankees,2,1,0,0,1,2,0,12.0,2,Observed,1,1,1
P00021,TOR_20260814_1_PA006,TOR_20260814_1,B012,Kazuma Okamoto,2026-08-14,Train,1,New York Yankees,2,2,0,1,1,2,0,10.0,1,Observed,1,1,1
P00022,TOR_20260814_1_PA006,TOR_20260814_1,B012,Kazuma Okamoto,2026-08-14,Train,1,New York Yankees,2,3,0,2,1,2,0,17.0,1,Observed,1,1,1
P00023,TOR_20260814_1_PA006,TOR_20260814_1,B012,Kazuma Okamoto,2026-08-14,Train,1,New York Yankees,2,4,1,2,1,2,0,18.0,1,Observed,1,1,1
P00024,TOR_20260814_1_PA006,TOR_20260814_1,B012,Kazuma Okamoto,2026-08-14,Train,1,New York Yankees,2,5,2,2,1,2,0,16.0,1,Observed,1,1,1
P00025,TOR_20260814_1_PA007,TOR_20260814_1,B010,Jesús Sánchez,2026-08-14,Train,1,New York Yankees,2,1,0,0,1,2,0,7.0,1,Observed,1,1,1
P00026,TOR_20260814_1_PA007,TOR_20260814_1,B010,Jesús Sánchez,2026-08-14,Train,1,New York Yankees,2,2,0,1,1,2,0,9.0,1,Observed,1,1,1
P00027,TOR_20260814_1_PA008,TOR_20260814_1,B008,Ernie Clement,2026-08-14,Train,1,New York Yankees,3,1,0,0,0,0,0,6.0,0,Observed,1,1,1
P00028,TOR_20260814_1_PA008,TOR_20260814_1,B008,Ernie Clement,2026-08-14,Train,1,New York Yankees,3,2,0,1,0,0,0,7.0,0,Observed,1,1,1
P00029,TOR_20260814_1_PA009,TOR_20260814_1,B004,Brett Bateman,2026-08-14,Train,1,New York Yankees,3,1,0,0,0,0,0,15.0,0,Observed,1,1,1
P00030,TOR_20260814_1_PA009,TOR_20260814_1,B004,Brett Bateman,2026-08-14,Train,1,New York Yankees,3,2,1,0,0,0,0,10.0,1,Observed,1,1,1
P00031,TOR_20260814_1_PA009,TOR_20260814_1,B004,Brett Bateman,2026-08-14,Train,1,New York Yankees,3,3,1,1,0,0,0,13.0,0,Observed,1,1,1
P00032,TOR_20260814_1_PA009,TOR_20260814_1,B004,Brett Bateman,2026-08-14,Train,1,New York Yankees,3,4,1,2,0,0,0,15.0,1,Observed,1,1,1
P00033,TOR_20260814_1_PA010,TOR_20260814_1,B014,Nathan Lukes,2026-08-14,Train,1,New York Yankees,3,1,0,0,0,0,0,14.0,1,Observed,1,1,1
P00034,TOR_20260814_1_PA011,TOR_20260814_1,B017,Vladimir Guerrero Jr.,2026-08-14,Train,1,New York Yankees,4,1,0,0,0,0,0,8.0,0,Observed,1,1,1
P00035,TOR_20260814_1_PA011,TOR_20260814_1,B017,Vladimir Guerrero Jr.,2026-08-14,Train,1,New York Yankees,4,2,0,1,0,0,0,10.0,0,Observed,1,1,1
P00036,TOR_20260814_1_PA011,TOR_20260814_1,B017,Vladimir Guerrero Jr.,2026-08-14,Train,1,New York Yankees,4,3,0,2,0,0,0,9.0,0,Observed,1,1,1
P00037,TOR_20260814_1_PA011,TOR_20260814_1,B017,Vladimir Guerrero Jr.,2026-08-14,Train,1,New York Yankees,4,4,1,2,0,0,0,9.0,1,Observed,1,1,1
P00038,TOR_20260814_1_PA011,TOR_20260814_1,B017,Vladimir Guerrero Jr.,2026-08-14,Train,1,New York Yankees,4,5,2,2,0,0,0,12.0,0,Observed,1,1,1
P00039,TOR_20260814_1_PA012,TOR_20260814_1,B009,George Springer,2026-08-14,Train,1,New York Yankees,4,1,0,0,0,0,0,11.0,0,Observed,1,1,1
P00040,TOR_20260814_1_PA012,TOR_20260814_1,B009,George Springer,2026-08-14,Train,1,New York Yankees,4,2,0,1,0,0,0,12.0,1,Observed,1,1,1
P00041,TOR_20260814_1_PA012,TOR_20260814_1,B009,George Springer,2026-08-14,Train,1,New York Yankees,4,3,0,2,0,0,0,11.0,1,Observed,1,1,1
P00042,TOR_20260814_1_PA012,TOR_20260814_1,B009,George Springer,2026-08-14,Train,1,New York Yankees,4,4,1,2,0,0,0,13.0,1,Observed,1,1,1
P00043,TOR_20260814_1_PA013,TOR_20260814_1,B001,Alejandro Kirk,2026-08-14,Train,1,New York Yankees,4,1,0,0,0,0,0,15.0,1,Observed,1,1,1
P00044,TOR_20260814_1_PA013,TOR_20260814_1,B001,Alejandro Kirk,2026-08-14,Train,1,New York Yankees,4,2,1,0,0,0,0,12.0,1,Observed,1,1,1
P00045,TOR_20260814_1_PA013,TOR_20260814_1,B001,Alejandro Kirk,2026-08-14,Train,1,New York Yankees,4,3,2,0,0,0,0,17.0,2,Observed,1,1,1
P00046,TOR_20260814_1_PA013,TOR_20260814_1,B001,Alejandro Kirk,2026-08-14,Train,1,New York Yankees,4,4,2,1,0,0,0,11.0,3,Observed,1,1,1
P00047,TOR_20260814_1_PA013,TOR_20260814_1,B001,Alejandro Kirk,2026-08-14,Train,1,New York Yankees,4,5,2,2,0,0,0,24.0,3,Observed,1,1,1
P00048,TOR_20260814_1_PA013,TOR_20260814_1,B001,Alejandro Kirk,2026-08-14,Train,1,New York Yankees,4,6,3,2,0,0,0,9.0,2,Observed,1,1,1
P00049,TOR_20260814_1_PA014,TOR_20260814_1,B002,Andrés Giménez,2026-08-14,Train,1,New York Yankees,5,1,0,0,0,0,0,10.0,0,Observed,1,1,1
P00050,TOR_20260814_1_PA014,TOR_20260814_1,B002,Andrés Giménez,2026-08-14,Train,1,New York Yankees,5,2,0,1,0,0,0,10.0,2,Observed,1,1,1
P00051,TOR_20260814_1_PA015,TOR_20260814_1,B012,Kazuma Okamoto,2026-08-14,Train,1,New York Yankees,5,1,0,0,0,0,0,9.0,1,Observed,1,1,1
P00052,TOR_20260814_1_PA015,TOR_20260814_1,B012,Kazuma Okamoto,2026-08-14,Train,1,New York Yankees,5,2,0,1,0,0,0,13.0,1,Observed,1,1,1
P00053,TOR_20260814_1_PA015,TOR_20260814_1,B012,Kazuma Okamoto,2026-08-14,Train,1,New York Yankees,5,3,0,2,0,0,0,12.0,3,Observed,1,1,1
P00054,TOR_20260814_1_PA015,TOR_20260814_1,B012,Kazuma Okamoto,2026-08-14,Train,1,New York Yankees,5,4,1,2,0,0,0,8.0,1,Observed,1,1,1
P00055,TOR_20260814_1_PA015,TOR_20260814_1,B012,Kazuma Okamoto,2026-08-14,Train,1,New York Yankees,5,5,2,2,0,0,0,8.0,1,Observed,1,1,1
P00056,TOR_20260814_1_PA016,TOR_20260814_1,B010,Jesús Sánchez,2026-08-14,Train,1,New York Yankees,5,1,0,0,0,1,0,11.0,3,Observed,1,1,1
P00057,TOR_20260814_1_PA016,TOR_20260814_1,B010,Jesús Sánchez,2026-08-14,Train,1,New York Yankees,5,2,0,1,0,1,0,12.0,2,Observed,1,1,1
P00058,TOR_20260814_1_PA016,TOR_20260814_1,B010,Jesús Sánchez,2026-08-14,Train,1,New York Yankees,5,3,0,2,0,1,1,30.0,2,Observed,1,1,1
P00059,TOR_20260814_1_PA016,TOR_20260814_1,B010,Jesús Sánchez,2026-08-14,Train,1,New York Yankees,5,4,0,2,0,1,0,13.0,1,Observed,1,1,1
P00060,TOR_20260814_1_PA017,TOR_20260814_1,B008,Ernie Clement,2026-08-14,Train,1,New York Yankees,5,1,0,0,0,1,0,13.0,1,Observed,1,1,1
P00061,TOR_20260814_1_PA017,TOR_20260814_1,B008,Ernie Clement,2026-08-14,Train,1,New York Yankees,5,2,0,1,0,1,0,12.0,1,Observed,1,1,1
P00062,TOR_20260814_1_PA018,TOR_20260814_1,B004,Brett Bateman,2026-08-14,Train,1,New York Yankees,6,1,0,0,0,0,0,11.0,0,Observed,1,1,1
P00063,TOR_20260814_1_PA018,TOR_20260814_1,B004,Brett Bateman,2026-08-14,Train,1,New York Yankees,6,2,0,1,0,0,0,14.0,0,Observed,1,1,1
P00064,TOR_20260814_1_PA019,TOR_20260814_1,B014,Nathan Lukes,2026-08-14,Train,1,New York Yankees,6,1,0,0,0,1,1,18.0,0,Observed,1,1,1
P00065,TOR_20260814_1_PA019,TOR_20260814_1,B014,Nathan Lukes,2026-08-14,Train,1,New York Yankees,6,2,0,1,0,1,0,17.0,3,Observed,1,1,1
P00066,TOR_20260814_1_PA019,TOR_20260814_1,B014,Nathan Lukes,2026-08-14,Train,1,New York Yankees,6,3,1,1,0,1,0,16.0,3,Observed,1,1,1
P00067,TOR_20260814_1_PA019,TOR_20260814_1,B014,Nathan Lukes,2026-08-14,Train,1,New York Yankees,6,4,1,2,0,1,0,12.0,3,Observed,1,1,1
P00068,TOR_20260814_1_PA020,TOR_20260814_1,B017,Vladimir Guerrero Jr.,2026-08-14,Train,1,New York Yankees,6,1,0,0,0,1,0,14.0,0,Observed,1,1,1
P00069,TOR_20260814_1_PA020,TOR_20260814_1,B017,Vladimir Guerrero Jr.,2026-08-14,Train,1,New York Yankees,6,2,0,1,0,1,0,11.0,0,Observed,1,1,1
P00070,TOR_20260814_1_PA020,TOR_20260814_1,B017,Vladimir Guerrero Jr.,2026-08-14,Train,1,New York Yankees,6,3,1,1,0,1,0,11.0,2,Observed,1,1,1
P00071,TOR_20260814_1_PA020,TOR_20260814_1,B017,Vladimir Guerrero Jr.,2026-08-14,Train,1,New York Yankees,6,4,1,2,0,1,0,13.0,1,Observed,1,1,1
P00072,TOR_20260814_1_PA020,TOR_20260814_1,B017,Vladimir Guerrero Jr.,2026-08-14,Train,1,New York Yankees,6,5,2,2,0,1,0,15.0,1,Observed,1,1,1
P00073,TOR_20260814_1_PA020,TOR_20260814_1,B017,Vladimir Guerrero Jr.,2026-08-14,Train,1,New York Yankees,6,6,3,2,0,1,1,91.0,0,Observed,1,1,1
P00074,TOR_20260814_1_PA021,TOR_20260814_1,B009,George Springer,2026-08-14,Train,1,New York Yankees,6,1,0,0,1,2,0,20.0,2,Observed,1,1,1
P00075,TOR_20260814_1_PA021,TOR_20260814_1,B009,George Springer,2026-08-14,Train,1,New York Yankees,6,2,1,0,1,2,0,16.0,1,Observed,1,1,1
P00076,TOR_20260814_1_PA021,TOR_20260814_1,B009,George Springer,2026-08-14,Train,1,New York Yankees,6,3,2,0,1,2,0,16.0,1,Observed,1,1,1
P00077,TOR_20260814_1_PA021,TOR_20260814_1,B009,George Springer,2026-08-14,Train,1,New York Yankees,6,4,2,1,1,2,0,11.0,1,Observed,1,1,1
P00078,TOR_20260814_1_PA021,TOR_20260814_1,B009,George Springer,2026-08-14,Train,1,New York Yankees,6,5,3,1,1,2,0,12.0,1,Observed,1,1,1
P00079,TOR_20260814_1_PA022,TOR_20260814_1,B001,Alejandro Kirk,2026-08-14,Train,1,New York Yankees,6,1,0,0,1,1,0,11.0,2,Observed,1,1,1
P00080,TOR_20260814_1_PA023,TOR_20260814_1,B002,Andrés Giménez,2026-08-14,Train,1,New York Yankees,6,1,0,0,0,1,0,8.0,0,Observed,1,1,1
P00081,TOR_20260814_1_PA023,TOR_20260814_1,B002,Andrés Giménez,2026-08-14,Train,1,New York Yankees,6,2,0,1,0,1,0,8.0,0,Observed,1,1,1
P00082,TOR_20260814_1_PA023,TOR_20260814_1,B002,Andrés Giménez,2026-08-14,Train,1,New York Yankees,6,3,0,2,0,1,0,19.0,0,Observed,1,1,1
P00083,TOR_20260814_1_PA023,TOR_20260814_1,B002,Andrés Giménez,2026-08-14,Train,1,New York Yankees,6,4,1,2,0,1,0,11.0,1,Observed,1,1,1
P00084,TOR_20260814_1_PA023,TOR_20260814_1,B002,Andrés Giménez,2026-08-14,Train,1,New York Yankees,6,5,2,2,0,1,0,14.0,2,Observed,1,1,1
P00085,TOR_20260814_1_PA023,TOR_20260814_1,B002,Andrés Giménez,2026-08-14,Train,1,New York Yankees,6,6,2,2,0,1,0,16.0,2,Observed,1,1,1
P00086,TOR_20260814_1_PA023,TOR_20260814_1,B002,Andrés Giménez,2026-08-14,Train,1,New York Yankees,6,7,2,2,0,1,0,15.0,1,Observed,1,1,1
P00087,TOR_20260814_1_PA024,TOR_20260814_1,B012,Kazuma Okamoto,2026-08-14,Train,1,New York Yankees,7,1,0,0,0,0,0,18.0,1,Observed,1,1,1
P00088,TOR_20260814_1_PA024,TOR_20260814_1,B012,Kazuma Okamoto,2026-08-14,Train,1,New York Yankees,7,2,1,0,0,0,0,12.0,2,Observed,1,1,1
P00089,TOR_20260814_1_PA024,TOR_20260814_1,B012,Kazuma Okamoto,2026-08-14,Train,1,New York Yankees,7,3,2,0,0,0,0,15.0,2,Observed,1,1,1
P00090,TOR_20260814_1_PA024,TOR_20260814_1,B012,Kazuma Okamoto,2026-08-14,Train,1,New York Yankees,7,4,3,0,0,0,0,11.0,1,Observed,1,1,1
P00091,TOR_20260814_1_PA024,TOR_20260814_1,B012,Kazuma Okamoto,2026-08-14,Train,1,New York Yankees,7,5,3,1,0,0,0,13.0,1,Observed,1,1,1
P00092,TOR_20260814_1_PA024,TOR_20260814_1,B012,Kazuma Okamoto,2026-08-14,Train,1,New York Yankees,7,6,3,2,0,0,0,11.0,1,Observed,1,1,1
P00093,TOR_20260814_1_PA024,TOR_20260814_1,B012,Kazuma Okamoto,2026-08-14,Train,1,New York Yankees,7,7,3,2,0,0,0,14.0,1,Observed,1,1,1
P00094,TOR_20260814_1_PA024,TOR_20260814_1,B012,Kazuma Okamoto,2026-08-14,Train,1,New York Yankees,7,8,3,2,0,0,0,15.0,2,Observed,1,1,1
P00095,TOR_20260814_1_PA025,TOR_20260814_1,B010,Jesús Sánchez,2026-08-14,Train,1,New York Yankees,7,1,0,0,0,0,1,111.0,0,Observed,1,1,1
P00096,TOR_20260814_1_PA025,TOR_20260814_1,B010,Jesús Sánchez,2026-08-14,Train,1,New York Yankees,7,2,0,1,0,0,0,13.0,3,Observed,1,1,1
P00097,TOR_20260814_1_PA025,TOR_20260814_1,B010,Jesús Sánchez,2026-08-14,Train,1,New York Yankees,7,3,1,1,0,0,0,15.0,1,Observed,1,1,1
P00098,TOR_20260814_1_PA025,TOR_20260814_1,B010,Jesús Sánchez,2026-08-14,Train,1,New York Yankees,7,4,1,2,0,0,0,19.0,0,Observed,1,1,1
P00099,TOR_20260814_1_PA026,TOR_20260814_1,B008,Ernie Clement,2026-08-14,Train,1,New York Yankees,7,1,0,0,0,0,0,8.0,0,Observed,1,1,1
P00100,TOR_20260814_1_PA026,TOR_20260814_1,B008,Ernie Clement,2026-08-14,Train,1,New York Yankees,7,2,0,1,0,0,0,10.0,2,Observed,1,1,1
P00101,TOR_20260814_1_PA027,TOR_20260814_1,B004,Brett Bateman,2026-08-14,Train,1,New York Yankees,7,1,0,0,0,1,0,11.0,0,Observed,1,1,1
P00102,TOR_20260814_1_PA027,TOR_20260814_1,B004,Brett Bateman,2026-08-14,Train,1,New York Yankees,7,2,1,0,0,1,0,11.0,0,Observed,1,1,1
P00103,TOR_20260814_1_PA028,TOR_20260814_1,B014,Nathan Lukes,2026-08-14,Train,1,New York Yankees,7,1,0,0,1,2,0,19.0,2,Observed,1,1,1
P00104,TOR_20260814_1_PA028,TOR_20260814_1,B014,Nathan Lukes,2026-08-14,Train,1,New York Yankees,7,2,0,1,1,2,0,19.0,2,Observed,1,1,1
P00105,TOR_20260814_1_PA028,TOR_20260814_1,B014,Nathan Lukes,2026-08-14,Train,1,New York Yankees,7,3,0,2,1,2,0,21.0,2,Observed,1,1,1
P00106,TOR_20260814_1_PA028,TOR_20260814_1,B014,Nathan Lukes,2026-08-14,Train,1,New York Yankees,7,4,1,2,1,2,1,114.0,2,Observed,1,1,1
P00107,TOR_20260814_1_PA028,TOR_20260814_1,B014,Nathan Lukes,2026-08-14,Train,1,New York Yankees,7,5,2,2,1,2,0,18.0,3,Observed,1,1,1
P00108,TOR_20260814_1_PA028,TOR_20260814_1,B014,Nathan Lukes,2026-08-14,Train,1,New York Yankees,7,6,3,2,1,2,0,20.0,3,Observed,1,1,1
P00109,TOR_20260814_1_PA029,TOR_20260814_1,B005,Charles McAdoo,2026-08-14,Train,1,New York Yankees,8,1,0,0,0,0,0,12.0,0,Observed,1,1,1
P00110,TOR_20260814_1_PA029,TOR_20260814_1,B005,Charles McAdoo,2026-08-14,Train,1,New York Yankees,8,2,1,0,0,0,0,12.0,1,Observed,1,1,1
P00111,TOR_20260814_1_PA029,TOR_20260814_1,B005,Charles McAdoo,2026-08-14,Train,1,New York Yankees,8,3,1,1,0,0,0,15.0,1,Observed,1,1,1
P00112,TOR_20260814_1_PA029,TOR_20260814_1,B005,Charles McAdoo,2026-08-14,Train,1,New York Yankees,8,4,1,2,0,0,0,16.0,1,Observed,1,1,1
P00113,TOR_20260814_1_PA029,TOR_20260814_1,B005,Charles McAdoo,2026-08-14,Train,1,New York Yankees,8,5,1,2,0,0,0,18.0,1,Observed,1,1,1
P00114,TOR_20260814_1_PA029,TOR_20260814_1,B005,Charles McAdoo,2026-08-14,Train,1,New York Yankees,8,6,1,2,0,0,0,19.0,1,Observed,1,1,1
P00115,TOR_20260814_1_PA030,TOR_20260814_1,B009,George Springer,2026-08-14,Train,1,New York Yankees,8,1,0,0,0,0,0,11.0,1,Observed,1,1,1
P00116,TOR_20260814_1_PA030,TOR_20260814_1,B009,George Springer,2026-08-14,Train,1,New York Yankees,8,2,0,1,0,0,0,9.0,1,Observed,1,1,1
P00117,TOR_20260814_1_PA030,TOR_20260814_1,B009,George Springer,2026-08-14,Train,1,New York Yankees,8,3,0,2,0,0,0,23.0,1,Observed,1,1,1
P00118,TOR_20260814_1_PA031,TOR_20260814_1,B001,Alejandro Kirk,2026-08-14,Train,1,New York Yankees,8,1,0,0,0,0,0,14.0,1,Observed,1,1,1
P00119,TOR_20260814_1_PA031,TOR_20260814_1,B001,Alejandro Kirk,2026-08-14,Train,1,New York Yankees,8,2,0,1,0,0,0,10.0,1,Observed,1,1,1
P00120,TOR_20260814_1_PA032,TOR_20260814_1,B002,Andrés Giménez,2026-08-14,Train,1,New York Yankees,8,1,0,0,0,0,0,9.0,1,Observed,1,1,1
P00121,TOR_20260815_1_PA001,TOR_20260815_1,B004,Brett Bateman,2026-08-15,Train,1,New York Yankees,1,1,0,0,0,0,0,6.0,0,Observed,1,1,1
P00122,TOR_20260815_1_PA001,TOR_20260815_1,B004,Brett Bateman,2026-08-15,Train,1,New York Yankees,1,2,0,1,0,0,0,7.0,0,Observed,1,1,1
P00123,TOR_20260815_1_PA001,TOR_20260815_1,B004,Brett Bateman,2026-08-15,Train,1,New York Yankees,1,3,1,1,0,0,0,8.0,0,Observed,1,1,1
P00124,TOR_20260815_1_PA001,TOR_20260815_1,B004,Brett Bateman,2026-08-15,Train,1,New York Yankees,1,4,2,1,0,0,0,7.0,0,Observed,1,1,1
P00125,TOR_20260815_1_PA002,TOR_20260815_1,B014,Nathan Lukes,2026-08-15,Train,1,New York Yankees,1,1,0,0,0,1,0,7.0,0,Observed,1,1,1
P00126,TOR_20260815_1_PA002,TOR_20260815_1,B014,Nathan Lukes,2026-08-15,Train,1,New York Yankees,1,2,0,1,0,1,0,7.0,3,Observed,1,1,1
P00127,TOR_20260815_1_PA003,TOR_20260815_1,B001,Alejandro Kirk,2026-08-15,Train,1,New York Yankees,1,1,0,0,1,1,0,11.0,2,Observed,1,1,1
P00128,TOR_20260815_1_PA003,TOR_20260815_1,B001,Alejandro Kirk,2026-08-15,Train,1,New York Yankees,1,2,0,1,1,1,0,18.0,4,Observed,1,1,1
P00129,TOR_20260815_1_PA003,TOR_20260815_1,B001,Alejandro Kirk,2026-08-15,Train,1,New York Yankees,1,3,0,2,1,1,0,21.0,2,Observed,1,1,1
P00130,TOR_20260815_1_PA003,TOR_20260815_1,B001,Alejandro Kirk,2026-08-15,Train,1,New York Yankees,1,4,1,2,1,1,1,40.0,2,Observed,1,1,1
P00131,TOR_20260815_1_PA004,TOR_20260815_1,B010,Jesús Sánchez,2026-08-15,Train,1,New York Yankees,1,1,0,0,1,1,0,15.0,0,Observed,1,1,1
P00132,TOR_20260815_1_PA004,TOR_20260815_1,B010,Jesús Sánchez,2026-08-15,Train,1,New York Yankees,1,2,1,0,1,1,0,20.0,0,Observed,1,1,1
P00133,TOR_20260815_1_PA004,TOR_20260815_1,B010,Jesús Sánchez,2026-08-15,Train,1,New York Yankees,1,3,2,0,1,1,0,18.0,4,Observed,1,1,1
P00134,TOR_20260815_1_PA004,TOR_20260815_1,B010,Jesús Sánchez,2026-08-15,Train,1,New York Yankees,1,4,2,1,1,1,0,17.0,3,Observed,1,1,1
P00135,TOR_20260815_1_PA004,TOR_20260815_1,B010,Jesús Sánchez,2026-08-15,Train,1,New York Yankees,1,5,3,1,1,1,0,20.0,1,Observed,1,1,1
P00136,TOR_20260815_1_PA005,TOR_20260815_1,B012,Kazuma Okamoto,2026-08-15,Train,1,New York Yankees,1,1,0,0,1,2,0,25.0,0,Observed,1,1,1
P00137,TOR_20260815_1_PA005,TOR_20260815_1,B012,Kazuma Okamoto,2026-08-15,Train,1,New York Yankees,1,2,0,1,1,2,0,20.0,1,Observed,1,1,1
P00138,TOR_20260815_1_PA005,TOR_20260815_1,B012,Kazuma Okamoto,2026-08-15,Train,1,New York Yankees,1,3,1,1,1,2,0,21.0,4,Observed,1,1,1
P00139,TOR_20260815_1_PA005,TOR_20260815_1,B012,Kazuma Okamoto,2026-08-15,Train,1,New York Yankees,1,4,1,2,1,2,0,20.0,1,Observed,1,1,1
P00140,TOR_20260815_1_PA006,TOR_20260815_1,B002,Andrés Giménez,2026-08-15,Train,1,New York Yankees,2,1,0,0,0,0,0,10.0,0,Observed,1,1,1
P00141,TOR_20260815_1_PA006,TOR_20260815_1,B002,Andrés Giménez,2026-08-15,Train,1,New York Yankees,2,2,1,0,0,0,0,9.0,2,Observed,1,1,1
P00142,TOR_20260815_1_PA006,TOR_20260815_1,B002,Andrés Giménez,2026-08-15,Train,1,New York Yankees,2,3,1,1,0,0,0,20.0,3,Observed,1,1,1
P00143,TOR_20260815_1_PA006,TOR_20260815_1,B002,Andrés Giménez,2026-08-15,Train,1,New York Yankees,2,4,1,2,0,0,0,24.0,3,Observed,1,1,1
P00144,TOR_20260815_1_PA007,TOR_20260815_1,B003,Brandon Valenzuela,2026-08-15,Train,1,New York Yankees,2,1,0,0,0,0,0,20.0,5,Observed,1,1,1
P00145,TOR_20260815_1_PA007,TOR_20260815_1,B003,Brandon Valenzuela,2026-08-15,Train,1,New York Yankees,2,2,1,0,0,0,0,14.0,0,Observed,1,1,1
P00146,TOR_20260815_1_PA007,TOR_20260815_1,B003,Brandon Valenzuela,2026-08-15,Train,1,New York Yankees,2,3,1,1,0,0,0,17.0,0,Observed,1,1,1
P00147,TOR_20260815_1_PA007,TOR_20260815_1,B003,Brandon Valenzuela,2026-08-15,Train,1,New York Yankees,2,4,1,2,0,0,0,27.0,3,Observed,1,1,1
P00148,TOR_20260815_1_PA007,TOR_20260815_1,B003,Brandon Valenzuela,2026-08-15,Train,1,New York Yankees,2,5,2,2,0,0,0,19.0,3,Observed,1,1,1
P00149,TOR_20260815_1_PA008,TOR_20260815_1,B011,Josh H. Smith,2026-08-15,Train,1,New York Yankees,2,1,0,0,0,0,0,24.0,3,Observed,1,1,1
P00150,TOR_20260815_1_PA008,TOR_20260815_1,B011,Josh H. Smith,2026-08-15,Train,1,New York Yankees,2,2,0,1,0,0,0,20.0,3,Observed,1,1,1
P00151,TOR_20260815_1_PA008,TOR_20260815_1,B011,Josh H. Smith,2026-08-15,Train,1,New York Yankees,2,3,1,1,0,0,0,27.0,4,Observed,1,1,1
P00152,TOR_20260815_1_PA008,TOR_20260815_1,B011,Josh H. Smith,2026-08-15,Train,1,New York Yankees,2,4,2,1,0,0,0,18.0,3,Observed,1,1,1
P00153,TOR_20260815_1_PA008,TOR_20260815_1,B011,Josh H. Smith,2026-08-15,Train,1,New York Yankees,2,5,2,2,0,0,0,21.0,3,Observed,1,1,1
P00154,TOR_20260815_1_PA009,TOR_20260815_1,B005,Charles McAdoo,2026-08-15,Train,1,New York Yankees,3,1,0,0,0,0,0,12.0,2,Observed,1,1,1
P00155,TOR_20260815_1_PA009,TOR_20260815_1,B005,Charles McAdoo,2026-08-15,Train,1,New York Yankees,3,2,0,1,0,0,0,17.0,3,Observed,1,1,1
P00156,TOR_20260815_1_PA010,TOR_20260815_1,B004,Brett Bateman,2026-08-15,Train,1,New York Yankees,3,1,0,0,0,0,0,8.0,0,Observed,1,1,1
P00157,TOR_20260815_1_PA010,TOR_20260815_1,B004,Brett Bateman,2026-08-15,Train,1,New York Yankees,3,2,1,0,0,0,0,11.0,0,Observed,1,1,1
P00158,TOR_20260815_1_PA010,TOR_20260815_1,B004,Brett Bateman,2026-08-15,Train,1,New York Yankees,3,3,2,0,0,0,0,10.0,1,Observed,1,1,1
P00159,TOR_20260815_1_PA010,TOR_20260815_1,B004,Brett Bateman,2026-08-15,Train,1,New York Yankees,3,4,2,1,0,0,0,14.0,1,Observed,1,1,1
P00160,TOR_20260815_1_PA010,TOR_20260815_1,B004,Brett Bateman,2026-08-15,Train,1,New York Yankees,3,5,3,1,0,0,0,16.0,0,Observed,1,1,1
P00161,TOR_20260815_1_PA010,TOR_20260815_1,B004,Brett Bateman,2026-08-15,Train,1,New York Yankees,3,6,3,2,0,0,0,11.8,0,Calculated,0,1,1
P00162,TOR_20260815_1_PA011,TOR_20260815_1,B014,Nathan Lukes,2026-08-15,Train,1,New York Yankees,3,1,0,0,0,1,1,45.0,3,Observed,1,1,1
P00163,TOR_20260815_1_PA011,TOR_20260815_1,B014,Nathan Lukes,2026-08-15,Train,1,New York Yankees,3,2,1,0,0,1,0,17.0,1,Observed,1,1,1
P00164,TOR_20260815_1_PA011,TOR_20260815_1,B014,Nathan Lukes,2026-08-15,Train,1,New York Yankees,3,3,1,1,0,1,0,25.0,2,Observed,1,1,1
P00165,TOR_20260815_1_PA011,TOR_20260815_1,B014,Nathan Lukes,2026-08-15,Train,1,New York Yankees,3,4,2,1,0,1,0,23.0,3,Observed,1,1,1
P00166,TOR_20260815_1_PA011,TOR_20260815_1,B014,Nathan Lukes,2026-08-15,Train,1,New York Yankees,3,5,3,1,0,1,0,23.0,3,Observed,1,1,1
P00167,TOR_20260815_1_PA012,TOR_20260815_1,B001,Alejandro Kirk,2026-08-15,Train,1,New York Yankees,3,1,0,0,1,2,0,25.0,5,Observed,1,1,1
P00168,TOR_20260815_1_PA012,TOR_20260815_1,B001,Alejandro Kirk,2026-08-15,Train,1,New York Yankees,3,2,1,0,1,2,0,17.0,4,Observed,1,1,1
P00169,TOR_20260815_1_PA012,TOR_20260815_1,B001,Alejandro Kirk,2026-08-15,Train,1,New York Yankees,3,3,1,1,1,2,0,19.0,2,Observed,1,1,1
P00170,TOR_20260815_1_PA012,TOR_20260815_1,B001,Alejandro Kirk,2026-08-15,Train,1,New York Yankees,3,4,2,1,1,2,0,23.0,2,Observed,1,1,1
P00171,TOR_20260815_1_PA013,TOR_20260815_1,B010,Jesús Sánchez,2026-08-15,Train,1,New York Yankees,3,1,0,0,1,2,0,24.0,2,Observed,1,1,1
P00172,TOR_20260815_1_PA013,TOR_20260815_1,B010,Jesús Sánchez,2026-08-15,Train,1,New York Yankees,3,2,0,1,1,2,0,25.0,2,Observed,1,1,1
P00173,TOR_20260815_1_PA013,TOR_20260815_1,B010,Jesús Sánchez,2026-08-15,Train,1,New York Yankees,3,3,0,2,1,2,0,21.0,3,Observed,1,1,1
P00174,TOR_20260815_1_PA013,TOR_20260815_1,B010,Jesús Sánchez,2026-08-15,Train,1,New York Yankees,3,4,1,2,1,2,0,17.0,1,Observed,1,1,1
P00175,TOR_20260815_1_PA014,TOR_20260815_1,B012,Kazuma Okamoto,2026-08-15,Train,1,New York Yankees,3,1,0,0,1,2,0,20.0,0,Observed,1,1,1
P00176,TOR_20260815_1_PA014,TOR_20260815_1,B012,Kazuma Okamoto,2026-08-15,Train,1,New York Yankees,3,2,1,0,1,2,0,16.0,2,Observed,1,1,1
P00177,TOR_20260815_1_PA014,TOR_20260815_1,B012,Kazuma Okamoto,2026-08-15,Train,1,New York Yankees,3,3,2,0,1,2,0,12.0,2,Observed,1,1,1
P00178,TOR_20260815_1_PA014,TOR_20260815_1,B012,Kazuma Okamoto,2026-08-15,Train,1,New York Yankees,3,4,3,0,1,2,0,17.0,1,Observed,1,1,1
P00179,TOR_20260815_1_PA014,TOR_20260815_1,B012,Kazuma Okamoto,2026-08-15,Train,1,New York Yankees,3,5,3,1,1,2,0,16.0,0,Observed,1,1,1
P00180,TOR_20260815_1_PA015,TOR_20260815_1,B002,Andrés Giménez,2026-08-15,Train,1,New York Yankees,4,1,0,0,0,0,0,14.0,1,Observed,1,1,1
P00181,TOR_20260815_1_PA015,TOR_20260815_1,B002,Andrés Giménez,2026-08-15,Train,1,New York Yankees,4,2,1,0,0,0,0,14.0,1,Observed,1,1,1
P00182,TOR_20260815_1_PA015,TOR_20260815_1,B002,Andrés Giménez,2026-08-15,Train,1,New York Yankees,4,3,1,1,0,0,0,15.0,2,Observed,1,1,1
P00183,TOR_20260815_1_PA015,TOR_20260815_1,B002,Andrés Giménez,2026-08-15,Train,1,New York Yankees,4,4,2,1,0,0,0,15.0,1,Observed,1,1,1
P00184,TOR_20260815_1_PA016,TOR_20260815_1,B003,Brandon Valenzuela,2026-08-15,Train,1,New York Yankees,4,1,0,0,0,0,0,9.0,2,Observed,1,1,1
P00185,TOR_20260815_1_PA016,TOR_20260815_1,B003,Brandon Valenzuela,2026-08-15,Train,1,New York Yankees,4,2,1,0,0,0,0,10.0,1,Observed,1,1,1
P00186,TOR_20260815_1_PA016,TOR_20260815_1,B003,Brandon Valenzuela,2026-08-15,Train,1,New York Yankees,4,3,2,0,0,0,0,13.0,1,Observed,1,1,1
P00187,TOR_20260815_1_PA016,TOR_20260815_1,B003,Brandon Valenzuela,2026-08-15,Train,1,New York Yankees,4,4,3,0,0,0,0,14.0,1,Observed,1,1,1
P00188,TOR_20260815_1_PA016,TOR_20260815_1,B003,Brandon Valenzuela,2026-08-15,Train,1,New York Yankees,4,5,3,1,0,0,0,15.0,2,Observed,1,1,1
P00189,TOR_20260815_1_PA016,TOR_20260815_1,B003,Brandon Valenzuela,2026-08-15,Train,1,New York Yankees,4,6,3,2,0,0,0,22.0,2,Observed,1,1,1
P00190,TOR_20260815_1_PA017,TOR_20260815_1,B011,Josh H. Smith,2026-08-15,Train,1,New York Yankees,4,1,0,0,0,0,0,13.0,1,Observed,1,1,1
P00191,TOR_20260815_1_PA017,TOR_20260815_1,B011,Josh H. Smith,2026-08-15,Train,1,New York Yankees,4,2,0,1,0,0,0,16.0,1,Observed,1,1,1
P00192,TOR_20260815_1_PA017,TOR_20260815_1,B011,Josh H. Smith,2026-08-15,Train,1,New York Yankees,4,3,1,1,0,0,0,16.0,2,Observed,1,1,1
P00193,TOR_20260815_1_PA017,TOR_20260815_1,B011,Josh H. Smith,2026-08-15,Train,1,New York Yankees,4,4,1,2,0,0,0,16.0,2,Observed,1,1,1
P00194,TOR_20260815_1_PA017,TOR_20260815_1,B011,Josh H. Smith,2026-08-15,Train,1,New York Yankees,4,5,2,2,0,0,0,19.0,1,Observed,1,1,1
P00195,TOR_20260815_1_PA017,TOR_20260815_1,B011,Josh H. Smith,2026-08-15,Train,1,New York Yankees,4,6,3,2,0,0,1,36.0,1,Observed,1,1,1
P00196,TOR_20260815_1_PA018,TOR_20260815_1,B005,Charles McAdoo,2026-08-15,Train,1,New York Yankees,5,1,0,0,0,0,0,7.0,0,Observed,1,1,1
P00197,TOR_20260815_1_PA018,TOR_20260815_1,B005,Charles McAdoo,2026-08-15,Train,1,New York Yankees,5,2,1,0,0,0,0,13.0,1,Observed,1,1,1
P00198,TOR_20260815_1_PA018,TOR_20260815_1,B005,Charles McAdoo,2026-08-15,Train,1,New York Yankees,5,3,1,1,0,0,0,14.0,1,Observed,1,1,1
P00199,TOR_20260815_1_PA018,TOR_20260815_1,B005,Charles McAdoo,2026-08-15,Train,1,New York Yankees,5,4,1,2,0,0,0,12.0,1,Observed,1,1,1
P00200,TOR_20260815_1_PA019,TOR_20260815_1,B004,Brett Bateman,2026-08-15,Train,1,New York Yankees,5,1,0,0,0,0,0,9.0,0,Observed,1,1,1
P00201,TOR_20260815_1_PA019,TOR_20260815_1,B004,Brett Bateman,2026-08-15,Train,1,New York Yankees,5,2,1,0,0,0,0,16.0,2,Observed,1,1,1
P00202,TOR_20260815_1_PA019,TOR_20260815_1,B004,Brett Bateman,2026-08-15,Train,1,New York Yankees,5,3,1,1,0,0,0,16.0,0,Observed,1,1,1
P00203,TOR_20260815_1_PA020,TOR_20260815_1,B014,Nathan Lukes,2026-08-15,Train,1,New York Yankees,5,1,0,0,0,0,0,21.0,2,Observed,1,1,1
P00204,TOR_20260815_1_PA021,TOR_20260815_1,B001,Alejandro Kirk,2026-08-15,Train,1,New York Yankees,6,1,0,0,0,0,0,12.0,4,Observed,1,1,1
P00205,TOR_20260815_1_PA021,TOR_20260815_1,B001,Alejandro Kirk,2026-08-15,Train,1,New York Yankees,6,2,0,1,0,0,0,11.0,1,Observed,1,1,1
P00206,TOR_20260815_1_PA021,TOR_20260815_1,B001,Alejandro Kirk,2026-08-15,Train,1,New York Yankees,6,3,1,1,0,0,0,21.0,3,Observed,1,1,1
P00207,TOR_20260815_1_PA021,TOR_20260815_1,B001,Alejandro Kirk,2026-08-15,Train,1,New York Yankees,6,4,2,1,0,0,0,15.0,3,Observed,1,1,1
P00208,TOR_20260815_1_PA021,TOR_20260815_1,B001,Alejandro Kirk,2026-08-15,Train,1,New York Yankees,6,5,2,2,0,0,0,29.0,3,Observed,1,1,1
P00209,TOR_20260815_1_PA022,TOR_20260815_1,B010,Jesús Sánchez,2026-08-15,Train,1,New York Yankees,6,1,0,0,0,0,0,24.0,1,Observed,1,1,1
P00210,TOR_20260815_1_PA022,TOR_20260815_1,B010,Jesús Sánchez,2026-08-15,Train,1,New York Yankees,6,2,1,0,0,0,0,14.0,3,Observed,1,1,1
P00211,TOR_20260815_1_PA022,TOR_20260815_1,B010,Jesús Sánchez,2026-08-15,Train,1,New York Yankees,6,3,2,0,0,0,0,17.0,0,Observed,1,1,1
P00212,TOR_20260815_1_PA022,TOR_20260815_1,B010,Jesús Sánchez,2026-08-15,Train,1,New York Yankees,6,4,2,1,0,0,0,13.0,1,Observed,1,1,1
P00213,TOR_20260815_1_PA022,TOR_20260815_1,B010,Jesús Sánchez,2026-08-15,Train,1,New York Yankees,6,5,2,2,0,0,0,18.0,2,Observed,1,1,1
P00214,TOR_20260815_1_PA022,TOR_20260815_1,B010,Jesús Sánchez,2026-08-15,Train,1,New York Yankees,6,6,3,2,0,0,0,14.0,2,Observed,1,1,1
P00215,TOR_20260815_1_PA023,TOR_20260815_1,B012,Kazuma Okamoto,2026-08-15,Train,1,New York Yankees,6,1,0,0,0,1,0,12.0,1,Observed,1,1,1
P00216,TOR_20260815_1_PA023,TOR_20260815_1,B012,Kazuma Okamoto,2026-08-15,Train,1,New York Yankees,6,2,1,0,0,1,0,12.0,2,Observed,1,1,1
P00217,TOR_20260815_1_PA023,TOR_20260815_1,B012,Kazuma Okamoto,2026-08-15,Train,1,New York Yankees,6,3,1,1,0,1,0,14.0,2,Observed,1,1,1
P00218,TOR_20260815_1_PA023,TOR_20260815_1,B012,Kazuma Okamoto,2026-08-15,Train,1,New York Yankees,6,4,1,2,0,1,0,21.0,2,Observed,1,1,1
P00219,TOR_20260815_1_PA024,TOR_20260815_1,B002,Andrés Giménez,2026-08-15,Train,1,New York Yankees,6,1,0,0,1,2,0,12.0,1,Observed,1,1,1
P00220,TOR_20260815_1_PA024,TOR_20260815_1,B002,Andrés Giménez,2026-08-15,Train,1,New York Yankees,6,2,0,1,1,2,0,14.0,1,Observed,1,1,1
P00221,TOR_20260815_1_PA024,TOR_20260815_1,B002,Andrés Giménez,2026-08-15,Train,1,New York Yankees,6,3,0,2,1,2,0,24.0,2,Observed,1,1,1
P00222,TOR_20260815_1_PA024,TOR_20260815_1,B002,Andrés Giménez,2026-08-15,Train,1,New York Yankees,6,4,1,2,1,2,0,16.0,1,Observed,1,1,1
P00223,TOR_20260815_1_PA025,TOR_20260815_1,B003,Brandon Valenzuela,2026-08-15,Train,1,New York Yankees,6,1,0,0,1,2,0,17.0,1,Observed,1,1,1
P00224,TOR_20260815_1_PA025,TOR_20260815_1,B003,Brandon Valenzuela,2026-08-15,Train,1,New York Yankees,6,2,0,1,1,2,0,19.0,2,Observed,1,1,1
P00225,TOR_20260815_1_PA025,TOR_20260815_1,B003,Brandon Valenzuela,2026-08-15,Train,1,New York Yankees,6,3,0,2,1,2,0,15.0,2,Observed,1,1,1
P00226,TOR_20260815_1_PA025,TOR_20260815_1,B003,Brandon Valenzuela,2026-08-15,Train,1,New York Yankees,6,4,1,2,1,2,0,17.0,2,Observed,1,1,1
P00227,TOR_20260815_1_PA025,TOR_20260815_1,B003,Brandon Valenzuela,2026-08-15,Train,1,New York Yankees,6,5,1,2,1,2,0,20.0,2,Observed,1,1,1
P00228,TOR_20260815_1_PA025,TOR_20260815_1,B003,Brandon Valenzuela,2026-08-15,Train,1,New York Yankees,6,6,1,2,1,2,0,26.0,2,Observed,1,1,1
P00229,TOR_20260815_1_PA025,TOR_20260815_1,B003,Brandon Valenzuela,2026-08-15,Train,1,New York Yankees,6,7,2,2,1,2,0,23.0,2,Observed,1,1,1
P00230,TOR_20260815_1_PA025,TOR_20260815_1,B003,Brandon Valenzuela,2026-08-15,Train,1,New York Yankees,6,8,2,2,1,2,0,17.0,1,Observed,1,1,1
P00231,TOR_20260815_1_PA026,TOR_20260815_1,B008,Ernie Clement,2026-08-15,Train,1,New York Yankees,7,1,0,0,0,0,0,13.0,0,Observed,1,1,1
P00232,TOR_20260815_1_PA027,TOR_20260815_1,B005,Charles McAdoo,2026-08-15,Train,1,New York Yankees,7,1,0,0,0,1,0,7.0,2,Observed,1,1,1
P00233,TOR_20260815_1_PA027,TOR_20260815_1,B005,Charles McAdoo,2026-08-15,Train,1,New York Yankees,7,2,0,1,0,1,0,15.0,2,Observed,1,1,1
P00234,TOR_20260815_1_PA027,TOR_20260815_1,B005,Charles McAdoo,2026-08-15,Train,1,New York Yankees,7,3,1,1,0,1,0,14.0,2,Observed,1,1,1
P00235,TOR_20260815_1_PA027,TOR_20260815_1,B005,Charles McAdoo,2026-08-15,Train,1,New York Yankees,7,4,2,1,0,1,0,15.0,2,Observed,1,1,1
P00236,TOR_20260815_1_PA028,TOR_20260815_1,B004,Brett Bateman,2026-08-15,Train,1,New York Yankees,7,1,0,0,1,1,0,12.0,0,Observed,1,1,1
P00237,TOR_20260815_1_PA028,TOR_20260815_1,B004,Brett Bateman,2026-08-15,Train,1,New York Yankees,7,2,1,0,1,1,0,15.0,0,Observed,1,1,1
P00238,TOR_20260815_1_PA029,TOR_20260815_1,B014,Nathan Lukes,2026-08-15,Train,1,New York Yankees,7,1,0,0,1,2,0,18.0,2,Observed,1,1,1
P00239,TOR_20260815_1_PA030,TOR_20260815_1,B013,Myles Straw,2026-08-15,Train,1,New York Yankees,7,1,0,0,1,3,0,12.0,0,Observed,1,1,1
P00240,TOR_20260815_1_PA030,TOR_20260815_1,B013,Myles Straw,2026-08-15,Train,1,New York Yankees,7,2,0,1,1,3,0,16.0,3,Observed,1,1,1
P00241,TOR_20260815_1_PA030,TOR_20260815_1,B013,Myles Straw,2026-08-15,Train,1,New York Yankees,7,3,0,2,1,3,0,18.0,2,Observed,1,1,1
P00242,TOR_20260815_1_PA030,TOR_20260815_1,B013,Myles Straw,2026-08-15,Train,1,New York Yankees,7,4,1,2,1,3,0,23.0,1,Observed,1,1,1
P00243,TOR_20260815_1_PA030,TOR_20260815_1,B013,Myles Straw,2026-08-15,Train,1,New York Yankees,7,5,1,2,1,3,0,23.0,2,Observed,1,1,1
P00244,TOR_20260815_1_PA030,TOR_20260815_1,B013,Myles Straw,2026-08-15,Train,1,New York Yankees,7,6,1,2,1,3,0,19.0,2,Observed,1,1,1
P00245,TOR_20260815_1_PA030,TOR_20260815_1,B013,Myles Straw,2026-08-15,Train,1,New York Yankees,7,7,2,2,1,3,0,15.0,2,Observed,1,1,1
P00246,TOR_20260815_1_PA030,TOR_20260815_1,B013,Myles Straw,2026-08-15,Train,1,New York Yankees,7,8,2,2,1,3,0,9.0,2,Observed,1,1,1
P00247,TOR_20260815_1_PA031,TOR_20260815_1,B012,Kazuma Okamoto,2026-08-15,Train,1,New York Yankees,7,1,0,0,1,3,0,16.0,2,Observed,1,1,1
P00248,TOR_20260815_1_PA031,TOR_20260815_1,B012,Kazuma Okamoto,2026-08-15,Train,1,New York Yankees,7,2,0,1,1,3,0,17.0,3,Observed,1,1,1
P00249,TOR_20260815_1_PA031,TOR_20260815_1,B012,Kazuma Okamoto,2026-08-15,Train,1,New York Yankees,7,3,0,2,1,3,0,17.0,1,Observed,1,1,1
P00250,TOR_20260815_1_PA031,TOR_20260815_1,B012,Kazuma Okamoto,2026-08-15,Train,1,New York Yankees,7,4,1,2,1,3,0,17.0,2,Observed,1,1,1
P00251,TOR_20260815_1_PA032,TOR_20260815_1,B002,Andrés Giménez,2026-08-15,Train,1,New York Yankees,8,1,0,0,0,0,0,14.0,0,Observed,1,1,1
P00252,TOR_20260815_1_PA032,TOR_20260815_1,B002,Andrés Giménez,2026-08-15,Train,1,New York Yankees,8,2,0,1,0,0,0,14.0,3,Observed,1,1,1
P00253,TOR_20260815_1_PA032,TOR_20260815_1,B002,Andrés Giménez,2026-08-15,Train,1,New York Yankees,8,3,0,2,0,0,0,15.0,4,Observed,1,1,1
P00254,TOR_20260815_1_PA033,TOR_20260815_1,B003,Brandon Valenzuela,2026-08-15,Train,1,New York Yankees,8,1,0,0,0,1,0,15.0,0,Observed,1,1,1
P00255,TOR_20260815_1_PA033,TOR_20260815_1,B003,Brandon Valenzuela,2026-08-15,Train,1,New York Yankees,8,2,1,0,0,1,0,20.0,1,Observed,1,1,1
P00256,TOR_20260815_1_PA033,TOR_20260815_1,B003,Brandon Valenzuela,2026-08-15,Train,1,New York Yankees,8,3,1,1,0,1,0,22.0,1,Observed,1,1,1
P00257,TOR_20260815_1_PA033,TOR_20260815_1,B003,Brandon Valenzuela,2026-08-15,Train,1,New York Yankees,8,4,1,2,0,1,0,19.0,2,Observed,1,1,1
P00258,TOR_20260815_1_PA033,TOR_20260815_1,B003,Brandon Valenzuela,2026-08-15,Train,1,New York Yankees,8,5,1,2,0,1,0,20.0,1,Observed,1,1,1
P00259,TOR_20260815_1_PA033,TOR_20260815_1,B003,Brandon Valenzuela,2026-08-15,Train,1,New York Yankees,8,6,2,2,0,1,0,18.0,1,Observed,1,1,1
P00260,TOR_20260815_1_PA033,TOR_20260815_1,B003,Brandon Valenzuela,2026-08-15,Train,1,New York Yankees,8,7,2,2,0,1,0,11.0,2,Observed,1,1,1
P00261,TOR_20260815_1_PA033,TOR_20260815_1,B003,Brandon Valenzuela,2026-08-15,Train,1,New York Yankees,8,8,2,2,0,1,0,12.0,2,Observed,1,1,1
P00262,TOR_20260815_1_PA033,TOR_20260815_1,B003,Brandon Valenzuela,2026-08-15,Train,1,New York Yankees,8,9,2,2,0,1,0,13.0,2,Observed,1,1,1
P00263,TOR_20260815_1_PA034,TOR_20260815_1,B008,Ernie Clement,2026-08-15,Train,1,New York Yankees,8,1,0,0,1,2,0,11.0,0,Observed,1,1,1
P00264,TOR_20260815_1_PA034,TOR_20260815_1,B008,Ernie Clement,2026-08-15,Train,1,New York Yankees,8,2,0,1,1,2,0,9.0,1,Observed,1,1,1
P00265,TOR_20260815_1_PA034,TOR_20260815_1,B008,Ernie Clement,2026-08-15,Train,1,New York Yankees,8,3,1,1,1,2,0,10.0,0,Observed,1,1,1
P00266,TOR_20260815_1_PA034,TOR_20260815_1,B008,Ernie Clement,2026-08-15,Train,1,New York Yankees,8,4,2,1,1,2,0,11.0,0,Observed,1,1,1
P00267,TOR_20260815_1_PA035,TOR_20260815_1,B005,Charles McAdoo,2026-08-15,Train,1,New York Yankees,8,1,0,0,1,3,0,11.0,2,Observed,1,1,1
P00268,TOR_20260815_1_PA035,TOR_20260815_1,B005,Charles McAdoo,2026-08-15,Train,1,New York Yankees,8,2,1,0,1,3,0,12.0,2,Observed,1,1,1
P00269,TOR_20260815_1_PA035,TOR_20260815_1,B005,Charles McAdoo,2026-08-15,Train,1,New York Yankees,8,3,2,0,1,3,0,14.0,3,Observed,1,1,1
P00270,TOR_20260815_1_PA035,TOR_20260815_1,B005,Charles McAdoo,2026-08-15,Train,1,New York Yankees,8,4,3,0,1,3,0,16.0,2,Observed,1,1,1
P00271,TOR_20260815_1_PA035,TOR_20260815_1,B005,Charles McAdoo,2026-08-15,Train,1,New York Yankees,8,5,3,1,1,3,0,13.0,2,Observed,1,1,1
P00272,TOR_20260815_1_PA035,TOR_20260815_1,B005,Charles McAdoo,2026-08-15,Train,1,New York Yankees,8,6,3,2,1,3,0,21.0,2,Observed,1,1,1
P00273,TOR_20260815_1_PA036,TOR_20260815_1,B004,Brett Bateman,2026-08-15,Train,1,New York Yankees,8,1,0,0,1,3,0,11.0,0,Observed,1,1,1
P00274,TOR_20260815_1_PA036,TOR_20260815_1,B004,Brett Bateman,2026-08-15,Train,1,New York Yankees,8,2,0,1,1,3,0,9.0,0,Observed,1,1,1
P00275,TOR_20260815_1_PA036,TOR_20260815_1,B004,Brett Bateman,2026-08-15,Train,1,New York Yankees,8,3,1,1,1,3,0,12.0,0,Observed,1,1,1
P00276,TOR_20260815_1_PA036,TOR_20260815_1,B004,Brett Bateman,2026-08-15,Train,1,New York Yankees,8,4,1,2,1,3,0,12.0,0,Observed,1,1,1
P00277,TOR_20260815_1_PA037,TOR_20260815_1,B014,Nathan Lukes,2026-08-15,Train,1,New York Yankees,8,1,0,0,1,3,0,10.0,3,Observed,1,1,1
P00278,TOR_20260815_1_PA038,TOR_20260815_1,B013,Myles Straw,2026-08-15,Train,1,New York Yankees,8,1,0,0,1,3,0,17.0,1,Observed,1,1,1
P00279,TOR_20260816_1_PA001,TOR_20260816_1,B004,Brett Bateman,2026-08-16,Train,1,New York Yankees,1,1,0,0,0,0,0,10.0,0,Observed,1,1,1
P00280,TOR_20260816_1_PA001,TOR_20260816_1,B004,Brett Bateman,2026-08-16,Train,1,New York Yankees,1,2,1,0,0,0,0,11.0,0,Observed,1,1,1
P00281,TOR_20260816_1_PA002,TOR_20260816_1,B005,Charles McAdoo,2026-08-16,Train,1,New York Yankees,1,1,0,0,0,0,0,16.0,2,Observed,1,1,1
P00282,TOR_20260816_1_PA002,TOR_20260816_1,B005,Charles McAdoo,2026-08-16,Train,1,New York Yankees,1,2,0,1,0,0,0,17.0,1,Observed,1,1,1
P00283,TOR_20260816_1_PA003,TOR_20260816_1,B001,Alejandro Kirk,2026-08-16,Train,1,New York Yankees,1,1,0,0,0,0,0,12.0,2,Observed,1,1,1
P00284,TOR_20260816_1_PA003,TOR_20260816_1,B001,Alejandro Kirk,2026-08-16,Train,1,New York Yankees,1,2,0,1,0,0,0,13.0,3,Observed,1,1,1
P00285,TOR_20260816_1_PA003,TOR_20260816_1,B001,Alejandro Kirk,2026-08-16,Train,1,New York Yankees,1,3,1,1,0,0,0,16.0,3,Observed,1,1,1
P00286,TOR_20260816_1_PA003,TOR_20260816_1,B001,Alejandro Kirk,2026-08-16,Train,1,New York Yankees,1,4,1,2,0,0,0,16.0,5,Observed,1,1,1
P00287,TOR_20260816_1_PA003,TOR_20260816_1,B001,Alejandro Kirk,2026-08-16,Train,1,New York Yankees,1,5,2,2,0,0,0,15.0,3,Observed,1,1,1
P00288,TOR_20260816_1_PA004,TOR_20260816_1,B009,George Springer,2026-08-16,Train,1,New York Yankees,2,1,0,0,0,0,0,14.0,0,Observed,1,1,1
P00289,TOR_20260816_1_PA004,TOR_20260816_1,B009,George Springer,2026-08-16,Train,1,New York Yankees,2,2,0,1,0,0,0,15.0,0,Observed,1,1,1
P00290,TOR_20260816_1_PA005,TOR_20260816_1,B008,Ernie Clement,2026-08-16,Train,1,New York Yankees,2,1,0,0,0,0,0,16.0,2,Observed,1,1,1
P00291,TOR_20260816_1_PA005,TOR_20260816_1,B008,Ernie Clement,2026-08-16,Train,1,New York Yankees,2,2,1,0,0,0,0,16.0,2,Observed,1,1,1
P00292,TOR_20260816_1_PA005,TOR_20260816_1,B008,Ernie Clement,2026-08-16,Train,1,New York Yankees,2,3,1,1,0,0,0,11.0,2,Observed,1,1,1
P00293,TOR_20260816_1_PA005,TOR_20260816_1,B008,Ernie Clement,2026-08-16,Train,1,New York Yankees,2,4,1,2,0,0,0,20.0,1,Observed,1,1,1
P00294,TOR_20260816_1_PA005,TOR_20260816_1,B008,Ernie Clement,2026-08-16,Train,1,New York Yankees,2,5,2,2,0,0,0,15.0,1,Observed,1,1,1
P00295,TOR_20260816_1_PA006,TOR_20260816_1,B012,Kazuma Okamoto,2026-08-16,Train,1,New York Yankees,2,1,0,0,0,0,0,10.0,2,Observed,1,1,1
P00296,TOR_20260816_1_PA006,TOR_20260816_1,B012,Kazuma Okamoto,2026-08-16,Train,1,New York Yankees,2,2,0,1,0,0,0,10.0,2,Observed,1,1,1
P00297,TOR_20260816_1_PA006,TOR_20260816_1,B012,Kazuma Okamoto,2026-08-16,Train,1,New York Yankees,2,3,1,1,0,0,0,15.0,2,Observed,1,1,1
P00298,TOR_20260816_1_PA006,TOR_20260816_1,B012,Kazuma Okamoto,2026-08-16,Train,1,New York Yankees,2,4,2,1,0,0,0,15.0,0,Observed,1,1,1
P00299,TOR_20260816_1_PA006,TOR_20260816_1,B012,Kazuma Okamoto,2026-08-16,Train,1,New York Yankees,2,5,3,1,0,0,0,13.0,2,Observed,1,1,1
P00300,TOR_20260816_1_PA006,TOR_20260816_1,B012,Kazuma Okamoto,2026-08-16,Train,1,New York Yankees,2,6,3,2,0,0,0,17.0,2,Observed,1,1,1
P00301,TOR_20260816_1_PA007,TOR_20260816_1,B007,Daz Cameron,2026-08-16,Train,1,New York Yankees,3,1,0,0,0,0,0,22.0,6,Observed,1,1,1
P00302,TOR_20260816_1_PA007,TOR_20260816_1,B007,Daz Cameron,2026-08-16,Train,1,New York Yankees,3,2,0,1,0,0,0,13.0,4,Observed,1,1,1
P00303,TOR_20260816_1_PA007,TOR_20260816_1,B007,Daz Cameron,2026-08-16,Train,1,New York Yankees,3,3,1,1,0,0,0,13.0,3,Observed,1,1,1
P00304,TOR_20260816_1_PA007,TOR_20260816_1,B007,Daz Cameron,2026-08-16,Train,1,New York Yankees,3,4,2,1,0,0,0,13.0,1,Observed,1,1,1
P00305,TOR_20260816_1_PA007,TOR_20260816_1,B007,Daz Cameron,2026-08-16,Train,1,New York Yankees,3,5,2,2,0,0,0,14.0,4,Observed,1,1,1
P00306,TOR_20260816_1_PA008,TOR_20260816_1,B002,Andrés Giménez,2026-08-16,Train,1,New York Yankees,3,1,0,0,0,0,0,13.0,1,Observed,1,1,1
P00307,TOR_20260816_1_PA008,TOR_20260816_1,B002,Andrés Giménez,2026-08-16,Train,1,New York Yankees,3,2,1,0,0,0,0,14.0,0,Observed,1,1,1
P00308,TOR_20260816_1_PA008,TOR_20260816_1,B002,Andrés Giménez,2026-08-16,Train,1,New York Yankees,3,3,1,1,0,0,0,14.0,0,Observed,1,1,1
P00309,TOR_20260816_1_PA008,TOR_20260816_1,B002,Andrés Giménez,2026-08-16,Train,1,New York Yankees,3,4,1,2,0,0,0,15.0,2,Observed,1,1,1
P00310,TOR_20260816_1_PA008,TOR_20260816_1,B002,Andrés Giménez,2026-08-16,Train,1,New York Yankees,3,5,1,2,0,0,0,18.0,2,Observed,1,1,1
P00311,TOR_20260816_1_PA009,TOR_20260816_1,B013,Myles Straw,2026-08-16,Train,1,New York Yankees,3,1,0,0,0,0,0,22.0,1,Observed,1,1,1
P00312,TOR_20260816_1_PA010,TOR_20260816_1,B004,Brett Bateman,2026-08-16,Train,1,New York Yankees,4,1,0,0,0,0,0,8.0,0,Observed,1,1,1
P00313,TOR_20260816_1_PA010,TOR_20260816_1,B004,Brett Bateman,2026-08-16,Train,1,New York Yankees,4,2,0,1,0,0,0,12.0,0,Observed,1,1,1
P00314,TOR_20260816_1_PA010,TOR_20260816_1,B004,Brett Bateman,2026-08-16,Train,1,New York Yankees,4,3,0,2,0,0,0,14.0,0,Observed,1,1,1
P00315,TOR_20260816_1_PA010,TOR_20260816_1,B004,Brett Bateman,2026-08-16,Train,1,New York Yankees,4,4,1,2,0,0,0,15.0,0,Observed,1,1,1
P00316,TOR_20260816_1_PA010,TOR_20260816_1,B004,Brett Bateman,2026-08-16,Train,1,New York Yankees,4,5,2,2,0,0,0,16.0,0,Observed,1,1,1
P00317,TOR_20260816_1_PA011,TOR_20260816_1,B005,Charles McAdoo,2026-08-16,Train,1,New York Yankees,4,1,0,0,0,0,0,11.0,2,Observed,1,1,1
P00318,TOR_20260816_1_PA011,TOR_20260816_1,B005,Charles McAdoo,2026-08-16,Train,1,New York Yankees,4,2,1,0,0,0,0,14.0,2,Observed,1,1,1
P00319,TOR_20260816_1_PA012,TOR_20260816_1,B001,Alejandro Kirk,2026-08-16,Train,1,New York Yankees,4,1,0,0,0,1,0,16.0,3,Observed,1,1,1
P00320,TOR_20260816_1_PA012,TOR_20260816_1,B001,Alejandro Kirk,2026-08-16,Train,1,New York Yankees,4,2,1,0,0,1,0,18.0,3,Observed,1,1,1
P00321,TOR_20260816_1_PA013,TOR_20260816_1,B009,George Springer,2026-08-16,Train,1,New York Yankees,4,1,0,0,1,2,0,10.0,1,Observed,1,1,1
P00322,TOR_20260816_1_PA013,TOR_20260816_1,B009,George Springer,2026-08-16,Train,1,New York Yankees,4,2,0,1,1,2,0,10.0,1,Observed,1,1,1
P00323,TOR_20260816_1_PA014,TOR_20260816_1,B008,Ernie Clement,2026-08-16,Train,1,New York Yankees,5,1,0,0,0,0,0,12.0,1,Observed,1,1,1
P00324,TOR_20260816_1_PA014,TOR_20260816_1,B008,Ernie Clement,2026-08-16,Train,1,New York Yankees,5,2,0,1,0,0,0,13.0,1,Observed,1,1,1
P00325,TOR_20260816_1_PA014,TOR_20260816_1,B008,Ernie Clement,2026-08-16,Train,1,New York Yankees,5,3,1,1,0,0,0,15.0,1,Observed,1,1,1
P00326,TOR_20260816_1_PA015,TOR_20260816_1,B012,Kazuma Okamoto,2026-08-16,Train,1,New York Yankees,5,1,0,0,0,0,0,13.0,3,Observed,1,1,1
P00327,TOR_20260816_1_PA015,TOR_20260816_1,B012,Kazuma Okamoto,2026-08-16,Train,1,New York Yankees,5,2,0,1,0,0,0,13.0,3,Observed,1,1,1
P00328,TOR_20260816_1_PA016,TOR_20260816_1,B007,Daz Cameron,2026-08-16,Train,1,New York Yankees,5,1,0,0,1,1,0,22.0,3,Observed,1,1,1
P00329,TOR_20260816_1_PA016,TOR_20260816_1,B007,Daz Cameron,2026-08-16,Train,1,New York Yankees,5,2,1,0,1,1,0,17.0,3,Observed,1,1,1
P00330,TOR_20260816_1_PA016,TOR_20260816_1,B007,Daz Cameron,2026-08-16,Train,1,New York Yankees,5,3,2,0,1,1,0,15.0,3,Observed,1,1,1
P00331,TOR_20260816_1_PA017,TOR_20260816_1,B002,Andrés Giménez,2026-08-16,Train,1,New York Yankees,5,1,0,0,1,1,0,16.0,3,Observed,1,1,1
P00332,TOR_20260816_1_PA017,TOR_20260816_1,B002,Andrés Giménez,2026-08-16,Train,1,New York Yankees,5,2,0,1,1,1,0,18.0,3,Observed,1,1,1
P00333,TOR_20260816_1_PA017,TOR_20260816_1,B002,Andrés Giménez,2026-08-16,Train,1,New York Yankees,5,3,1,1,1,1,0,18.0,0,Observed,1,1,1
P00334,TOR_20260816_1_PA017,TOR_20260816_1,B002,Andrés Giménez,2026-08-16,Train,1,New York Yankees,5,4,2,1,1,1,0,22.0,3,Observed,1,1,1
P00335,TOR_20260816_1_PA017,TOR_20260816_1,B002,Andrés Giménez,2026-08-16,Train,1,New York Yankees,5,5,2,2,1,1,0,25.0,3,Observed,1,1,1
P00336,TOR_20260816_1_PA017,TOR_20260816_1,B002,Andrés Giménez,2026-08-16,Train,1,New York Yankees,5,6,2,2,1,1,0,18.0,1,Observed,1,1,1
P00337,TOR_20260816_1_PA018,TOR_20260816_1,B013,Myles Straw,2026-08-16,Train,1,New York Yankees,6,1,0,0,0,0,0,14.0,1,Observed,1,1,1
P00338,TOR_20260816_1_PA018,TOR_20260816_1,B013,Myles Straw,2026-08-16,Train,1,New York Yankees,6,2,1,0,0,0,0,16.0,1,Observed,1,1,1
P00339,TOR_20260816_1_PA018,TOR_20260816_1,B013,Myles Straw,2026-08-16,Train,1,New York Yankees,6,3,2,0,0,0,0,15.0,1,Observed,1,1,1
P00340,TOR_20260816_1_PA018,TOR_20260816_1,B013,Myles Straw,2026-08-16,Train,1,New York Yankees,6,4,2,1,0,0,0,16.0,1,Observed,1,1,1
P00341,TOR_20260816_1_PA018,TOR_20260816_1,B013,Myles Straw,2026-08-16,Train,1,New York Yankees,6,5,2,2,0,0,0,21.0,1,Observed,1,1,1
P00342,TOR_20260816_1_PA018,TOR_20260816_1,B013,Myles Straw,2026-08-16,Train,1,New York Yankees,6,6,2,2,0,0,0,23.0,1,Observed,1,1,1
P00343,TOR_20260816_1_PA018,TOR_20260816_1,B013,Myles Straw,2026-08-16,Train,1,New York Yankees,6,7,3,2,0,0,0,17.0,1,Observed,1,1,1
P00344,TOR_20260816_1_PA019,TOR_20260816_1,B004,Brett Bateman,2026-08-16,Train,1,New York Yankees,6,1,0,0,0,1,0,20.0,0,Observed,1,1,1
P00345,TOR_20260816_1_PA019,TOR_20260816_1,B004,Brett Bateman,2026-08-16,Train,1,New York Yankees,6,2,0,1,0,1,0,21.0,0,Observed,1,1,1
P00346,TOR_20260816_1_PA020,TOR_20260816_1,B005,Charles McAdoo,2026-08-16,Train,1,New York Yankees,6,1,0,0,0,1,0,14.0,2,Observed,1,1,1
P00347,TOR_20260816_1_PA020,TOR_20260816_1,B005,Charles McAdoo,2026-08-16,Train,1,New York Yankees,6,2,1,0,0,1,1,32.0,3,Observed,1,1,1
P00348,TOR_20260816_1_PA020,TOR_20260816_1,B005,Charles McAdoo,2026-08-16,Train,1,New York Yankees,6,3,1,1,0,1,0,14.0,3,Observed,1,1,1
P00349,TOR_20260816_1_PA021,TOR_20260816_1,B001,Alejandro Kirk,2026-08-16,Train,1,New York Yankees,6,1,0,0,1,2,0,11.0,3,Observed,1,1,1
P00350,TOR_20260816_1_PA021,TOR_20260816_1,B001,Alejandro Kirk,2026-08-16,Train,1,New York Yankees,6,2,1,0,1,2,0,14.0,3,Observed,1,1,1
P00351,TOR_20260816_1_PA021,TOR_20260816_1,B001,Alejandro Kirk,2026-08-16,Train,1,New York Yankees,6,3,2,0,1,2,0,17.0,1,Observed,1,1,1
P00352,TOR_20260816_1_PA021,TOR_20260816_1,B001,Alejandro Kirk,2026-08-16,Train,1,New York Yankees,6,4,3,0,1,2,0,15.0,3,Observed,1,1,1
P00353,TOR_20260816_1_PA021,TOR_20260816_1,B001,Alejandro Kirk,2026-08-16,Train,1,New York Yankees,6,5,3,1,1,2,0,15.0,3,Observed,1,1,1
P00354,TOR_20260816_1_PA022,TOR_20260816_1,B009,George Springer,2026-08-16,Train,1,New York Yankees,7,1,0,0,0,0,0,8.0,1,Observed,1,1,1
P00355,TOR_20260816_1_PA022,TOR_20260816_1,B009,George Springer,2026-08-16,Train,1,New York Yankees,7,2,1,0,0,0,0,10.0,3,Observed,1,1,1
P00356,TOR_20260816_1_PA022,TOR_20260816_1,B009,George Springer,2026-08-16,Train,1,New York Yankees,7,3,2,0,0,0,0,16.0,1,Observed,1,1,1
P00357,TOR_20260816_1_PA023,TOR_20260816_1,B008,Ernie Clement,2026-08-16,Train,1,New York Yankees,7,1,0,0,0,0,0,9.0,0,Observed,1,1,1
P00358,TOR_20260816_1_PA023,TOR_20260816_1,B008,Ernie Clement,2026-08-16,Train,1,New York Yankees,7,2,0,1,0,0,0,9.0,1,Observed,1,1,1
P00359,TOR_20260816_1_PA023,TOR_20260816_1,B008,Ernie Clement,2026-08-16,Train,1,New York Yankees,7,3,1,1,0,0,0,10.0,0,Observed,1,1,1
P00360,TOR_20260816_1_PA023,TOR_20260816_1,B008,Ernie Clement,2026-08-16,Train,1,New York Yankees,7,4,2,1,0,0,0,11.0,0,Observed,1,1,1
P00361,TOR_20260816_1_PA024,TOR_20260816_1,B012,Kazuma Okamoto,2026-08-16,Train,1,New York Yankees,7,1,0,0,0,0,0,12.0,0,Observed,1,1,1
P00362,TOR_20260816_1_PA024,TOR_20260816_1,B012,Kazuma Okamoto,2026-08-16,Train,1,New York Yankees,7,2,0,1,0,0,0,12.0,0,Observed,1,1,1
P00363,TOR_20260816_1_PA024,TOR_20260816_1,B012,Kazuma Okamoto,2026-08-16,Train,1,New York Yankees,7,3,1,1,0,0,0,15.0,0,Observed,1,1,1
P00364,TOR_20260816_1_PA024,TOR_20260816_1,B012,Kazuma Okamoto,2026-08-16,Train,1,New York Yankees,7,4,1,2,0,0,0,8.0,0,Observed,1,1,1
P00365,TOR_20260816_1_PA025,TOR_20260816_1,B007,Daz Cameron,2026-08-16,Train,1,New York Yankees,8,1,0,0,0,0,0,14.0,0,Observed,1,1,1
P00366,TOR_20260816_1_PA025,TOR_20260816_1,B007,Daz Cameron,2026-08-16,Train,1,New York Yankees,8,2,1,0,0,0,0,16.0,0,Observed,1,1,1
P00367,TOR_20260816_1_PA025,TOR_20260816_1,B007,Daz Cameron,2026-08-16,Train,1,New York Yankees,8,3,2,0,0,0,0,16.0,0,Observed,1,1,1
P00368,TOR_20260816_1_PA025,TOR_20260816_1,B007,Daz Cameron,2026-08-16,Train,1,New York Yankees,8,4,3,0,0,0,0,13.0,1,Observed,1,1,1
P00369,TOR_20260816_1_PA025,TOR_20260816_1,B007,Daz Cameron,2026-08-16,Train,1,New York Yankees,8,5,3,1,0,0,0,12.0,1,Observed,1,1,1
P00370,TOR_20260816_1_PA025,TOR_20260816_1,B007,Daz Cameron,2026-08-16,Train,1,New York Yankees,8,6,3,2,0,0,0,20.0,1,Observed,1,1,1
P00371,TOR_20260816_1_PA026,TOR_20260816_1,B002,Andrés Giménez,2026-08-16,Train,1,New York Yankees,8,1,0,0,0,0,0,9.0,2,Observed,1,1,1
P00372,TOR_20260816_1_PA026,TOR_20260816_1,B002,Andrés Giménez,2026-08-16,Train,1,New York Yankees,8,2,0,1,0,0,0,15.0,2,Observed,1,1,1
P00373,TOR_20260816_1_PA026,TOR_20260816_1,B002,Andrés Giménez,2026-08-16,Train,1,New York Yankees,8,3,0,2,0,0,0,20.0,2,Observed,1,1,1
P00374,TOR_20260816_1_PA027,TOR_20260816_1,B014,Nathan Lukes,2026-08-16,Train,1,New York Yankees,8,1,0,0,0,1,0,18.0,3,Observed,1,1,1
P00375,TOR_20260816_1_PA027,TOR_20260816_1,B014,Nathan Lukes,2026-08-16,Train,1,New York Yankees,8,2,1,0,0,1,0,17.0,2,Observed,1,1,1
P00376,TOR_20260816_1_PA027,TOR_20260816_1,B014,Nathan Lukes,2026-08-16,Train,1,New York Yankees,8,3,1,1,0,1,0,19.0,2,Observed,1,1,1
P00377,TOR_20260816_1_PA028,TOR_20260816_1,B004,Brett Bateman,2026-08-16,Train,1,New York Yankees,8,1,0,0,0,1,0,11.0,0,Observed,1,1,1
P00378,TOR_20260816_1_PA028,TOR_20260816_1,B004,Brett Bateman,2026-08-16,Train,1,New York Yankees,8,2,1,0,0,1,0,11.0,0,Observed,1,1,1
P00379,TOR_20260816_1_PA028,TOR_20260816_1,B004,Brett Bateman,2026-08-16,Train,1,New York Yankees,8,3,1,1,0,1,0,13.0,0,Observed,1,1,1
P00380,TOR_20260816_1_PA028,TOR_20260816_1,B004,Brett Bateman,2026-08-16,Train,1,New York Yankees,8,4,2,1,1,1,0,14.0,0,Observed,1,1,1
P00381,TOR_20260816_1_PA028,TOR_20260816_1,B004,Brett Bateman,2026-08-16,Train,1,New York Yankees,8,5,2,2,1,1,0,16.0,0,Observed,1,1,1
P00382,TOR_20260816_1_PA028,TOR_20260816_1,B004,Brett Bateman,2026-08-16,Train,1,New York Yankees,8,6,2,2,1,1,0,12.0,0,Observed,1,1,1
P00383,TOR_20260816_1_PA028,TOR_20260816_1,B004,Brett Bateman,2026-08-16,Train,1,New York Yankees,8,7,2,2,1,1,0,11.0,0,Observed,1,1,1
P00384,TOR_20260816_1_PA029,TOR_20260816_1,B011,Josh H. Smith,2026-08-16,Train,1,New York Yankees,9,1,0,0,0,0,0,19.0,1,Observed,1,1,1
P00385,TOR_20260816_1_PA029,TOR_20260816_1,B011,Josh H. Smith,2026-08-16,Train,1,New York Yankees,9,2,0,1,0,0,0,18.0,1,Observed,1,1,1
P00386,TOR_20260816_1_PA029,TOR_20260816_1,B011,Josh H. Smith,2026-08-16,Train,1,New York Yankees,9,3,0,2,0,0,0,22.0,2,Observed,1,1,1
P00387,TOR_20260816_1_PA030,TOR_20260816_1,B001,Alejandro Kirk,2026-08-16,Train,1,New York Yankees,9,1,0,0,0,1,0,13.0,3,Observed,1,1,1
P00388,TOR_20260816_1_PA030,TOR_20260816_1,B001,Alejandro Kirk,2026-08-16,Train,1,New York Yankees,9,2,1,0,0,1,0,13.0,3,Observed,1,1,1
P00389,TOR_20260816_1_PA030,TOR_20260816_1,B001,Alejandro Kirk,2026-08-16,Train,1,New York Yankees,9,3,1,1,0,1,0,17.0,3,Observed,1,1,1
P00390,TOR_20260816_1_PA030,TOR_20260816_1,B001,Alejandro Kirk,2026-08-16,Train,1,New York Yankees,9,4,2,1,0,1,0,15.0,3,Observed,1,1,1
P00391,TOR_20260816_1_PA030,TOR_20260816_1,B001,Alejandro Kirk,2026-08-16,Train,1,New York Yankees,9,5,3,1,0,1,0,15.0,3,Observed,1,1,1
P00392,TOR_20260816_1_PA031,TOR_20260816_1,B009,George Springer,2026-08-16,Train,1,New York Yankees,9,1,0,0,1,2,0,11.0,1,Observed,1,1,1
P00393,TOR_20260816_1_PA031,TOR_20260816_1,B009,George Springer,2026-08-16,Train,1,New York Yankees,9,2,0,1,1,2,0,12.0,1,Observed,1,1,1
P00394,TOR_20260816_1_PA031,TOR_20260816_1,B009,George Springer,2026-08-16,Train,1,New York Yankees,9,3,0,2,1,2,0,16.0,1,Observed,1,1,1
P00395,TOR_20260816_1_PA031,TOR_20260816_1,B009,George Springer,2026-08-16,Train,1,New York Yankees,9,4,0,2,1,2,0,12.0,1,Observed,1,1,1
P00396,TOR_20260816_1_PA032,TOR_20260816_1,B008,Ernie Clement,2026-08-16,Train,1,New York Yankees,9,1,0,0,1,2,0,12.0,0,Observed,1,1,1
P00397,TOR_20260816_1_PA032,TOR_20260816_1,B008,Ernie Clement,2026-08-16,Train,1,New York Yankees,9,2,0,1,1,2,0,10.0,1,Observed,1,1,1
P00398,TOR_20260816_1_PA032,TOR_20260816_1,B008,Ernie Clement,2026-08-16,Train,1,New York Yankees,9,3,0,2,1,2,0,11.0,0,Observed,1,1,1
P00399,TOR_20260816_1_PA032,TOR_20260816_1,B008,Ernie Clement,2026-08-16,Train,1,New York Yankees,9,4,1,2,1,2,0,11.0,0,Observed,1,1,1
P00400,TOR_20260816_1_PA032,TOR_20260816_1,B008,Ernie Clement,2026-08-16,Train,1,New York Yankees,9,5,1,2,1,2,0,15.0,1,Observed,1,1,1
P00401,TOR_20260816_1_PA033,TOR_20260816_1,B012,Kazuma Okamoto,2026-08-16,Train,1,New York Yankees,9,1,0,0,1,1,0,13.0,1,Observed,1,1,1
P00402,TOR_20260816_1_PA034,TOR_20260816_1,B007,Daz Cameron,2026-08-16,Train,1,New York Yankees,10,1,0,0,1,1,0,22.0,3,Observed,1,1,1
P00403,TOR_20260816_1_PA035,TOR_20260816_1,B002,Andrés Giménez,2026-08-16,Train,1,New York Yankees,10,1,0,0,1,1,0,10.0,0,Observed,1,1,1
P00404,TOR_20260816_1_PA035,TOR_20260816_1,B002,Andrés Giménez,2026-08-16,Train,1,New York Yankees,10,2,0,1,1,1,0,14.0,2,Observed,1,1,1
P00405,TOR_20260816_1_PA036,TOR_20260816_1,B014,Nathan Lukes,2026-08-16,Train,1,New York Yankees,10,1,0,0,0,1,0,18.0,3,Observed,1,1,1
P00406,TOR_20260816_1_PA036,TOR_20260816_1,B014,Nathan Lukes,2026-08-16,Train,1,New York Yankees,10,2,1,0,0,1,0,17.0,2,Observed,1,1,1
P00407,TOR_20260816_1_PA036,TOR_20260816_1,B014,Nathan Lukes,2026-08-16,Train,1,New York Yankees,10,3,2,0,0,1,0,19.0,2,Observed,1,1,1
P00408,TOR_20260816_1_PA036,TOR_20260816_1,B014,Nathan Lukes,2026-08-16,Train,1,New York Yankees,10,4,2,1,0,1,0,14.0,3,Observed,1,1,1
P00409,TOR_20260816_1_PA037,TOR_20260816_1,B004,Brett Bateman,2026-08-16,Train,1,New York Yankees,10,1,0,0,0,1,0,11.0,0,Observed,1,1,1
P00410,TOR_20260816_1_PA037,TOR_20260816_1,B004,Brett Bateman,2026-08-16,Train,1,New York Yankees,10,2,1,0,0,1,0,11.0,0,Observed,1,1,1
P00411,TOR_20260816_1_PA037,TOR_20260816_1,B004,Brett Bateman,2026-08-16,Train,1,New York Yankees,10,3,2,0,0,1,0,13.0,0,Observed,1,1,1
P00412,TOR_20260816_1_PA037,TOR_20260816_1,B004,Brett Bateman,2026-08-16,Train,1,New York Yankees,10,4,2,1,0,1,0,14.0,0,Observed,1,1,1
P00413,TOR_20260818_1_PA001,TOR_20260818_1,B004,Brett Bateman,2026-08-18,Train,0,Tampa Bay Rays,1,1,0,0,0,0,0,13.0,0,Observed,1,1,1
P00414,TOR_20260818_1_PA001,TOR_20260818_1,B004,Brett Bateman,2026-08-18,Train,0,Tampa Bay Rays,1,2,0,1,0,0,0,15.0,0,Observed,1,1,1
P00415,TOR_20260818_1_PA001,TOR_20260818_1,B004,Brett Bateman,2026-08-18,Train,0,Tampa Bay Rays,1,3,0,2,0,0,0,15.0,0,Observed,1,1,1
P00416,TOR_20260818_1_PA002,TOR_20260818_1,B014,Nathan Lukes,2026-08-18,Train,0,Tampa Bay Rays,1,1,0,0,0,0,0,10.0,3,Observed,1,1,1
P00417,TOR_20260818_1_PA002,TOR_20260818_1,B014,Nathan Lukes,2026-08-18,Train,0,Tampa Bay Rays,1,2,1,0,0,0,0,12.0,3,Observed,1,1,1
P00418,TOR_20260818_1_PA003,TOR_20260818_1,B001,Alejandro Kirk,2026-08-18,Train,0,Tampa Bay Rays,1,1,0,0,0,0,0,9.0,2,Observed,1,1,1
P00419,TOR_20260818_1_PA003,TOR_20260818_1,B001,Alejandro Kirk,2026-08-18,Train,0,Tampa Bay Rays,1,2,1,0,0,0,0,14.0,3,Observed,1,1,1
P00420,TOR_20260818_1_PA003,TOR_20260818_1,B001,Alejandro Kirk,2026-08-18,Train,0,Tampa Bay Rays,1,3,1,1,0,0,0,14.0,3,Observed,1,1,1
P00421,TOR_20260818_1_PA003,TOR_20260818_1,B001,Alejandro Kirk,2026-08-18,Train,0,Tampa Bay Rays,1,4,1,2,0,0,0,13.0,4,Observed,1,1,1
P00422,TOR_20260818_1_PA003,TOR_20260818_1,B001,Alejandro Kirk,2026-08-18,Train,0,Tampa Bay Rays,1,5,2,2,0,0,0,13.0,4,Observed,1,1,1
P00423,TOR_20260818_1_PA003,TOR_20260818_1,B001,Alejandro Kirk,2026-08-18,Train,0,Tampa Bay Rays,1,6,3,2,0,0,0,19.0,3,Observed,1,1,1
P00424,TOR_20260818_1_PA003,TOR_20260818_1,B001,Alejandro Kirk,2026-08-18,Train,0,Tampa Bay Rays,1,7,3,2,0,0,0,16.0,3,Observed,1,1,1
P00425,TOR_20260818_1_PA004,TOR_20260818_1,B009,George Springer,2026-08-18,Train,0,Tampa Bay Rays,1,1,0,0,1,1,0,20.0,1,Observed,1,1,1
P00426,TOR_20260818_1_PA004,TOR_20260818_1,B009,George Springer,2026-08-18,Train,0,Tampa Bay Rays,1,2,1,0,1,1,0,20.0,0,Observed,1,1,1
P00427,TOR_20260818_1_PA004,TOR_20260818_1,B009,George Springer,2026-08-18,Train,0,Tampa Bay Rays,1,3,2,0,1,1,0,20.0,1,Observed,1,1,1
P00428,TOR_20260818_1_PA005,TOR_20260818_1,B010,Jesús Sánchez,2026-08-18,Train,0,Tampa Bay Rays,1,1,0,0,0,1,0,16.0,1,Observed,1,1,1
P00429,TOR_20260818_1_PA005,TOR_20260818_1,B010,Jesús Sánchez,2026-08-18,Train,0,Tampa Bay Rays,1,2,0,1,0,1,0,16.0,1,Observed,1,1,1
P00430,TOR_20260818_1_PA005,TOR_20260818_1,B010,Jesús Sánchez,2026-08-18,Train,0,Tampa Bay Rays,1,3,0,2,0,1,0,18.0,1,Observed,1,1,1
P00431,TOR_20260818_1_PA006,TOR_20260818_1,B012,Kazuma Okamoto,2026-08-18,Train,0,Tampa Bay Rays,1,1,0,0,1,1,0,17.0,3,Observed,1,1,1
P00432,TOR_20260818_1_PA006,TOR_20260818_1,B012,Kazuma Okamoto,2026-08-18,Train,0,Tampa Bay Rays,1,2,0,1,1,1,0,18.0,3,Observed,1,1,1
P00433,TOR_20260818_1_PA007,TOR_20260818_1,B002,Andrés Giménez,2026-08-18,Train,0,Tampa Bay Rays,2,1,0,0,0,0,0,12.0,1,Observed,1,1,1
P00434,TOR_20260818_1_PA007,TOR_20260818_1,B002,Andrés Giménez,2026-08-18,Train,0,Tampa Bay Rays,2,2,0,1,0,0,0,11.0,1,Observed,1,1,1
P00435,TOR_20260818_1_PA008,TOR_20260818_1,B008,Ernie Clement,2026-08-18,Train,0,Tampa Bay Rays,2,1,0,0,0,1,0,14.0,2,Observed,1,1,1
P00436,TOR_20260818_1_PA008,TOR_20260818_1,B008,Ernie Clement,2026-08-18,Train,0,Tampa Bay Rays,2,2,0,1,0,1,1,32.0,2,Observed,1,1,1
P00437,TOR_20260818_1_PA009,TOR_20260818_1,B011,Josh H. Smith,2026-08-18,Train,0,Tampa Bay Rays,2,1,0,0,0,1,0,16.0,4,Observed,1,1,1
P00438,TOR_20260818_1_PA009,TOR_20260818_1,B011,Josh H. Smith,2026-08-18,Train,0,Tampa Bay Rays,2,2,0,1,0,1,0,16.0,4,Observed,1,1,1
P00439,TOR_20260818_1_PA009,TOR_20260818_1,B011,Josh H. Smith,2026-08-18,Train,0,Tampa Bay Rays,2,3,0,2,0,1,0,19.0,5,Observed,1,1,1
P00440,TOR_20260818_1_PA009,TOR_20260818_1,B011,Josh H. Smith,2026-08-18,Train,0,Tampa Bay Rays,2,4,0,2,0,1,0,20.0,4,Observed,1,1,1
P00441,TOR_20260818_1_PA009,TOR_20260818_1,B011,Josh H. Smith,2026-08-18,Train,0,Tampa Bay Rays,2,5,0,2,0,1,0,13.0,4,Observed,1,1,1
P00442,TOR_20260818_1_PA010,TOR_20260818_1,B004,Brett Bateman,2026-08-18,Train,0,Tampa Bay Rays,2,1,0,0,0,1,1,42.0,0,Observed,1,1,1
P00443,TOR_20260818_1_PA010,TOR_20260818_1,B004,Brett Bateman,2026-08-18,Train,0,Tampa Bay Rays,2,2,1,0,0,1,0,17.0,0,Observed,1,1,1
P00444,TOR_20260818_1_PA010,TOR_20260818_1,B004,Brett Bateman,2026-08-18,Train,0,Tampa Bay Rays,2,3,2,0,1,1,0,21.0,0,Observed,1,1,1
P00445,TOR_20260818_1_PA010,TOR_20260818_1,B004,Brett Bateman,2026-08-18,Train,0,Tampa Bay Rays,2,4,2,1,1,1,0,18.0,0,Observed,1,1,1
P00446,TOR_20260818_1_PA011,TOR_20260818_1,B014,Nathan Lukes,2026-08-18,Train,0,Tampa Bay Rays,3,1,0,0,0,0,0,13.0,3,Observed,1,1,1
P00447,TOR_20260818_1_PA011,TOR_20260818_1,B014,Nathan Lukes,2026-08-18,Train,0,Tampa Bay Rays,3,2,0,1,0,0,0,12.0,4,Observed,1,1,1
P00448,TOR_20260818_1_PA011,TOR_20260818_1,B014,Nathan Lukes,2026-08-18,Train,0,Tampa Bay Rays,3,3,1,1,0,0,0,16.0,4,Observed,1,1,1
P00449,TOR_20260818_1_PA011,TOR_20260818_1,B014,Nathan Lukes,2026-08-18,Train,0,Tampa Bay Rays,3,4,1,2,0,0,0,25.0,3,Observed,1,1,1
P00450,TOR_20260818_1_PA011,TOR_20260818_1,B014,Nathan Lukes,2026-08-18,Train,0,Tampa Bay Rays,3,5,2,2,0,0,0,14.0,3,Observed,1,1,1
P00451,TOR_20260818_1_PA011,TOR_20260818_1,B014,Nathan Lukes,2026-08-18,Train,0,Tampa Bay Rays,3,6,3,2,0,0,0,19.0,4,Observed,1,1,1
P00452,TOR_20260818_1_PA011,TOR_20260818_1,B014,Nathan Lukes,2026-08-18,Train,0,Tampa Bay Rays,3,7,3,2,0,0,0,16.0,3,Observed,1,1,1
P00453,TOR_20260818_1_PA012,TOR_20260818_1,B001,Alejandro Kirk,2026-08-18,Train,0,Tampa Bay Rays,3,1,0,0,0,1,0,14.0,3,Observed,1,1,1
P00454,TOR_20260818_1_PA012,TOR_20260818_1,B001,Alejandro Kirk,2026-08-18,Train,0,Tampa Bay Rays,3,2,0,1,0,1,0,14.0,3,Observed,1,1,1
P00455,TOR_20260818_1_PA012,TOR_20260818_1,B001,Alejandro Kirk,2026-08-18,Train,0,Tampa Bay Rays,3,3,1,1,1,1,0,11.0,3,Observed,1,1,1
P00456,TOR_20260818_1_PA012,TOR_20260818_1,B001,Alejandro Kirk,2026-08-18,Train,0,Tampa Bay Rays,3,4,1,2,1,1,0,12.0,3,Observed,1,1,1
P00457,TOR_20260818_1_PA012,TOR_20260818_1,B001,Alejandro Kirk,2026-08-18,Train,0,Tampa Bay Rays,3,5,1,2,1,1,0,17.0,3,Observed,1,1,1
P00458,TOR_20260818_1_PA012,TOR_20260818_1,B001,Alejandro Kirk,2026-08-18,Train,0,Tampa Bay Rays,3,6,1,2,1,1,0,16.0,3,Observed,1,1,1
P00459,TOR_20260818_1_PA012,TOR_20260818_1,B001,Alejandro Kirk,2026-08-18,Train,0,Tampa Bay Rays,3,7,1,2,1,1,0,21.0,3,Observed,1,1,1
P00460,TOR_20260818_1_PA013,TOR_20260818_1,B009,George Springer,2026-08-18,Train,0,Tampa Bay Rays,3,1,0,0,0,0,0,15.0,2,Observed,1,1,1
P00461,TOR_20260818_1_PA013,TOR_20260818_1,B009,George Springer,2026-08-18,Train,0,Tampa Bay Rays,3,2,1,0,0,0,0,15.0,2,Observed,1,1,1
P00462,TOR_20260818_1_PA013,TOR_20260818_1,B009,George Springer,2026-08-18,Train,0,Tampa Bay Rays,3,3,2,0,0,0,0,16.0,2,Observed,1,1,1
P00463,TOR_20260818_1_PA014,TOR_20260818_1,B010,Jesús Sánchez,2026-08-18,Train,0,Tampa Bay Rays,3,1,0,0,0,1,0,14.0,1,Observed,1,1,1
P00464,TOR_20260818_1_PA014,TOR_20260818_1,B010,Jesús Sánchez,2026-08-18,Train,0,Tampa Bay Rays,3,2,0,1,0,1,0,19.0,2,Observed,1,1,1
P00465,TOR_20260818_1_PA014,TOR_20260818_1,B010,Jesús Sánchez,2026-08-18,Train,0,Tampa Bay Rays,3,3,0,2,0,1,0,18.0,1,Observed,1,1,1
P00466,TOR_20260818_1_PA014,TOR_20260818_1,B010,Jesús Sánchez,2026-08-18,Train,0,Tampa Bay Rays,3,4,0,2,0,1,0,19.0,2,Observed,1,1,1
P00467,TOR_20260818_1_PA015,TOR_20260818_1,B012,Kazuma Okamoto,2026-08-18,Train,0,Tampa Bay Rays,3,1,0,0,0,1,0,13.0,0,Observed,1,1,1
P00468,TOR_20260818_1_PA015,TOR_20260818_1,B012,Kazuma Okamoto,2026-08-18,Train,0,Tampa Bay Rays,3,2,0,1,0,1,0,13.0,1,Observed,1,1,1
P00469,TOR_20260818_1_PA015,TOR_20260818_1,B012,Kazuma Okamoto,2026-08-18,Train,0,Tampa Bay Rays,3,3,0,2,1,1,0,16.0,1,Observed,1,1,1
P00470,TOR_20260818_1_PA015,TOR_20260818_1,B012,Kazuma Okamoto,2026-08-18,Train,0,Tampa Bay Rays,3,4,0,2,1,1,0,12.0,0,Observed,1,1,1
P00471,TOR_20260818_1_PA015,TOR_20260818_1,B012,Kazuma Okamoto,2026-08-18,Train,0,Tampa Bay Rays,3,5,1,2,1,1,0,12.0,0,Observed,1,1,1
P00472,TOR_20260818_1_PA016,TOR_20260818_1,B002,Andrés Giménez,2026-08-18,Train,0,Tampa Bay Rays,3,1,0,0,1,1,0,13.0,3,Observed,1,1,1
P00473,TOR_20260818_1_PA017,TOR_20260818_1,B008,Ernie Clement,2026-08-18,Train,0,Tampa Bay Rays,4,1,0,0,0,0,0,17.0,1,Observed,1,1,1
P00474,TOR_20260818_1_PA017,TOR_20260818_1,B008,Ernie Clement,2026-08-18,Train,0,Tampa Bay Rays,4,2,0,1,0,0,0,16.0,2,Observed,1,1,1
P00475,TOR_20260818_1_PA017,TOR_20260818_1,B008,Ernie Clement,2026-08-18,Train,0,Tampa Bay Rays,4,3,1,1,0,0,0,14.0,1,Observed,1,1,1
P00476,TOR_20260818_1_PA017,TOR_20260818_1,B008,Ernie Clement,2026-08-18,Train,0,Tampa Bay Rays,4,4,2,1,0,0,0,13.0,1,Observed,1,1,1
P00477,TOR_20260818_1_PA018,TOR_20260818_1,B011,Josh H. Smith,2026-08-18,Train,0,Tampa Bay Rays,4,1,0,0,0,1,0,12.0,3,Observed,1,1,1
P00478,TOR_20260818_1_PA018,TOR_20260818_1,B011,Josh H. Smith,2026-08-18,Train,0,Tampa Bay Rays,4,2,0,1,0,1,0,15.0,3,Observed,1,1,1
P00479,TOR_20260818_1_PA018,TOR_20260818_1,B011,Josh H. Smith,2026-08-18,Train,0,Tampa Bay Rays,4,3,1,1,0,1,0,13.0,3,Observed,1,1,1
P00480,TOR_20260818_1_PA019,TOR_20260818_1,B004,Brett Bateman,2026-08-18,Train,0,Tampa Bay Rays,4,1,0,0,0,1,1,32.0,0,Observed,1,1,1
P00481,TOR_20260818_1_PA020,TOR_20260818_1,B014,Nathan Lukes,2026-08-18,Train,0,Tampa Bay Rays,4,1,0,0,1,2,0,12.0,3,Observed,1,1,1
P00482,TOR_20260818_1_PA020,TOR_20260818_1,B014,Nathan Lukes,2026-08-18,Train,0,Tampa Bay Rays,4,2,1,0,1,2,0,13.0,1,Observed,1,1,1
P00483,TOR_20260818_1_PA020,TOR_20260818_1,B014,Nathan Lukes,2026-08-18,Train,0,Tampa Bay Rays,4,3,2,0,1,2,0,15.0,2,Observed,1,1,1
P00484,TOR_20260818_1_PA020,TOR_20260818_1,B014,Nathan Lukes,2026-08-18,Train,0,Tampa Bay Rays,4,4,2,1,1,2,0,14.0,2,Observed,1,1,1
P00485,TOR_20260818_1_PA020,TOR_20260818_1,B014,Nathan Lukes,2026-08-18,Train,0,Tampa Bay Rays,4,5,3,1,1,2,0,19.0,3,Observed,1,1,1
P00486,TOR_20260818_1_PA020,TOR_20260818_1,B014,Nathan Lukes,2026-08-18,Train,0,Tampa Bay Rays,4,6,3,2,1,2,1,37.0,2,Observed,1,1,1
P00487,TOR_20260818_1_PA021,TOR_20260818_1,B001,Alejandro Kirk,2026-08-18,Train,0,Tampa Bay Rays,4,1,0,0,1,2,0,14.0,3,Observed,1,1,1
P00488,TOR_20260818_1_PA021,TOR_20260818_1,B001,Alejandro Kirk,2026-08-18,Train,0,Tampa Bay Rays,4,2,0,1,1,2,0,16.0,3,Observed,1,1,1
P00489,TOR_20260818_1_PA022,TOR_20260818_1,B009,George Springer,2026-08-18,Train,0,Tampa Bay Rays,4,1,0,0,1,2,0,13.0,0,Observed,1,1,1
P00490,TOR_20260818_1_PA022,TOR_20260818_1,B009,George Springer,2026-08-18,Train,0,Tampa Bay Rays,4,2,0,1,1,2,0,12.0,0,Observed,1,1,1
P00491,TOR_20260818_1_PA022,TOR_20260818_1,B009,George Springer,2026-08-18,Train,0,Tampa Bay Rays,4,3,1,1,1,1,0,14.0,0,Observed,1,1,1
P00492,TOR_20260818_1_PA022,TOR_20260818_1,B009,George Springer,2026-08-18,Train,0,Tampa Bay Rays,4,4,2,1,1,1,0,19.0,1,Observed,1,1,1
P00493,TOR_20260818_1_PA022,TOR_20260818_1,B009,George Springer,2026-08-18,Train,0,Tampa Bay Rays,4,5,2,2,1,1,0,16.0,0,Observed,1,1,1
P00494,TOR_20260818_1_PA022,TOR_20260818_1,B009,George Springer,2026-08-18,Train,0,Tampa Bay Rays,4,6,3,2,1,1,0,16.0,1,Observed,1,1,1
P00495,TOR_20260818_1_PA023,TOR_20260818_1,B010,Jesús Sánchez,2026-08-18,Train,0,Tampa Bay Rays,4,1,0,0,1,2,0,14.0,1,Observed,1,1,1
P00496,TOR_20260818_1_PA023,TOR_20260818_1,B010,Jesús Sánchez,2026-08-18,Train,0,Tampa Bay Rays,4,2,0,1,1,2,0,11.0,2,Observed,1,1,1
P00497,TOR_20260818_1_PA024,TOR_20260818_1,B012,Kazuma Okamoto,2026-08-18,Train,0,Tampa Bay Rays,5,1,0,0,0,0,0,9.0,0,Observed,1,1,1
P00498,TOR_20260818_1_PA024,TOR_20260818_1,B012,Kazuma Okamoto,2026-08-18,Train,0,Tampa Bay Rays,5,2,1,0,0,0,0,9.0,0,Observed,1,1,1
P00499,TOR_20260818_1_PA024,TOR_20260818_1,B012,Kazuma Okamoto,2026-08-18,Train,0,Tampa Bay Rays,5,3,1,1,0,0,0,10.0,1,Observed,1,1,1
P00500,TOR_20260818_1_PA024,TOR_20260818_1,B012,Kazuma Okamoto,2026-08-18,Train,0,Tampa Bay Rays,5,4,1,2,0,0,0,13.0,1,Observed,1,1,1
P00501,TOR_20260818_1_PA025,TOR_20260818_1,B002,Andrés Giménez,2026-08-18,Train,0,Tampa Bay Rays,5,1,0,0,0,0,0,10.0,1,Observed,1,1,1
P00502,TOR_20260818_1_PA025,TOR_20260818_1,B002,Andrés Giménez,2026-08-18,Train,0,Tampa Bay Rays,5,2,1,0,0,0,0,11.0,1,Observed,1,1,1
P00503,TOR_20260818_1_PA025,TOR_20260818_1,B002,Andrés Giménez,2026-08-18,Train,0,Tampa Bay Rays,5,3,1,1,0,0,0,9.0,1,Observed,1,1,1
P00504,TOR_20260818_1_PA026,TOR_20260818_1,B008,Ernie Clement,2026-08-18,Train,0,Tampa Bay Rays,5,1,0,0,0,0,0,9.0,0,Observed,1,1,1
P00505,TOR_20260818_1_PA026,TOR_20260818_1,B008,Ernie Clement,2026-08-18,Train,0,Tampa Bay Rays,5,2,0,1,0,0,0,8.0,0,Observed,1,1,1
P00506,TOR_20260818_1_PA027,TOR_20260818_1,B011,Josh H. Smith,2026-08-18,Train,0,Tampa Bay Rays,5,1,0,0,0,1,0,10.0,3,Observed,1,1,1
P00507,TOR_20260818_1_PA028,TOR_20260818_1,B004,Brett Bateman,2026-08-18,Train,0,Tampa Bay Rays,5,1,0,0,1,1,0,9.0,0,Observed,1,1,1
P00508,TOR_20260818_1_PA028,TOR_20260818_1,B004,Brett Bateman,2026-08-18,Train,0,Tampa Bay Rays,5,2,0,1,1,1,0,11.0,0,Observed,1,1,1
P00509,TOR_20260818_1_PA028,TOR_20260818_1,B004,Brett Bateman,2026-08-18,Train,0,Tampa Bay Rays,5,3,1,1,1,1,0,10.0,0,Observed,1,1,1
P00510,TOR_20260818_1_PA029,TOR_20260818_1,B014,Nathan Lukes,2026-08-18,Train,0,Tampa Bay Rays,5,1,0,0,0,1,0,8.0,3,Observed,1,1,1
P00511,TOR_20260818_1_PA029,TOR_20260818_1,B014,Nathan Lukes,2026-08-18,Train,0,Tampa Bay Rays,5,2,0,1,0,1,0,14.0,3,Observed,1,1,1
P00512,TOR_20260818_1_PA030,TOR_20260818_1,B001,Alejandro Kirk,2026-08-18,Train,0,Tampa Bay Rays,6,1,0,0,0,0,0,8.0,3,Observed,1,1,1
P00513,TOR_20260818_1_PA030,TOR_20260818_1,B001,Alejandro Kirk,2026-08-18,Train,0,Tampa Bay Rays,6,2,0,1,0,0,0,9.0,3,Observed,1,1,1
P00514,TOR_20260818_1_PA030,TOR_20260818_1,B001,Alejandro Kirk,2026-08-18,Train,0,Tampa Bay Rays,6,3,0,2,0,0,0,11.0,3,Observed,1,1,1
P00515,TOR_20260818_1_PA030,TOR_20260818_1,B001,Alejandro Kirk,2026-08-18,Train,0,Tampa Bay Rays,6,4,1,2,0,0,0,11.0,1,Observed,1,1,1
P00516,TOR_20260818_1_PA031,TOR_20260818_1,B009,George Springer,2026-08-18,Train,0,Tampa Bay Rays,6,1,0,0,0,0,0,12.0,0,Observed,1,1,1
P00517,TOR_20260818_1_PA031,TOR_20260818_1,B009,George Springer,2026-08-18,Train,0,Tampa Bay Rays,6,2,0,1,0,0,0,13.0,0,Observed,1,1,1
P00518,TOR_20260818_1_PA031,TOR_20260818_1,B009,George Springer,2026-08-18,Train,0,Tampa Bay Rays,6,3,0,2,0,0,0,15.0,0,Observed,1,1,1
P00519,TOR_20260818_1_PA031,TOR_20260818_1,B009,George Springer,2026-08-18,Train,0,Tampa Bay Rays,6,4,1,2,0,0,0,16.0,0,Observed,1,1,1
P00520,TOR_20260818_1_PA032,TOR_20260818_1,B010,Jesús Sánchez,2026-08-18,Train,0,Tampa Bay Rays,6,1,0,0,0,0,0,18.0,1,Observed,1,1,1
P00521,TOR_20260818_1_PA032,TOR_20260818_1,B010,Jesús Sánchez,2026-08-18,Train,0,Tampa Bay Rays,6,2,0,1,0,0,0,18.0,1,Observed,1,1,1
P00522,TOR_20260818_1_PA032,TOR_20260818_1,B010,Jesús Sánchez,2026-08-18,Train,0,Tampa Bay Rays,6,3,0,2,0,0,0,22.0,1,Observed,1,1,1
P00523,TOR_20260818_1_PA032,TOR_20260818_1,B010,Jesús Sánchez,2026-08-18,Train,0,Tampa Bay Rays,6,4,1,2,0,0,0,19.0,2,Observed,1,1,1
P00524,TOR_20260818_1_PA032,TOR_20260818_1,B010,Jesús Sánchez,2026-08-18,Train,0,Tampa Bay Rays,6,5,2,2,0,0,0,18.0,1,Observed,1,1,1
P00525,TOR_20260818_1_PA032,TOR_20260818_1,B010,Jesús Sánchez,2026-08-18,Train,0,Tampa Bay Rays,6,6,3,2,0,0,0,16.0,1,Observed,1,1,1
P00526,TOR_20260818_1_PA032,TOR_20260818_1,B010,Jesús Sánchez,2026-08-18,Train,0,Tampa Bay Rays,6,7,3,2,0,0,0,16.0,1,Observed,1,1,1
P00527,TOR_20260818_1_PA033,TOR_20260818_1,B012,Kazuma Okamoto,2026-08-18,Train,0,Tampa Bay Rays,6,1,0,0,0,1,0,19.0,1,Observed,1,1,1
P00528,TOR_20260818_1_PA033,TOR_20260818_1,B012,Kazuma Okamoto,2026-08-18,Train,0,Tampa Bay Rays,6,2,1,0,0,1,0,21.0,1,Observed,1,1,1
P00529,TOR_20260818_1_PA033,TOR_20260818_1,B012,Kazuma Okamoto,2026-08-18,Train,0,Tampa Bay Rays,6,3,1,1,0,1,0,16.0,2,Observed,1,1,1
P00530,TOR_20260818_1_PA033,TOR_20260818_1,B012,Kazuma Okamoto,2026-08-18,Train,0,Tampa Bay Rays,6,4,1,2,0,1,0,24.0,1,Observed,1,1,1
P00531,TOR_20260818_1_PA034,TOR_20260818_1,B002,Andrés Giménez,2026-08-18,Train,0,Tampa Bay Rays,7,1,0,0,0,0,0,11.0,1,Observed,1,1,1
P00532,TOR_20260818_1_PA034,TOR_20260818_1,B002,Andrés Giménez,2026-08-18,Train,0,Tampa Bay Rays,7,2,0,1,0,0,0,14.0,1,Observed,1,1,1
P00533,TOR_20260818_1_PA034,TOR_20260818_1,B002,Andrés Giménez,2026-08-18,Train,0,Tampa Bay Rays,7,3,1,1,0,0,0,13.0,2,Observed,1,1,1
P00534,TOR_20260818_1_PA035,TOR_20260818_1,B008,Ernie Clement,2026-08-18,Train,0,Tampa Bay Rays,7,1,0,0,0,0,0,15.0,0,Observed,1,1,1
P00535,TOR_20260818_1_PA035,TOR_20260818_1,B008,Ernie Clement,2026-08-18,Train,0,Tampa Bay Rays,7,2,0,1,0,0,0,16.0,2,Observed,1,1,1
P00536,TOR_20260818_1_PA036,TOR_20260818_1,B011,Josh H. Smith,2026-08-18,Train,0,Tampa Bay Rays,7,1,0,0,0,1,0,18.0,3,Observed,1,1,1
P00537,TOR_20260818_1_PA036,TOR_20260818_1,B011,Josh H. Smith,2026-08-18,Train,0,Tampa Bay Rays,7,2,0,1,0,1,0,20.0,3,Observed,1,1,1
P00538,TOR_20260818_1_PA037,TOR_20260818_1,B004,Brett Bateman,2026-08-18,Train,0,Tampa Bay Rays,7,1,0,0,0,0,0,19.0,0,Observed,1,1,1
P00539,TOR_20260818_1_PA037,TOR_20260818_1,B004,Brett Bateman,2026-08-18,Train,0,Tampa Bay Rays,7,2,0,1,0,0,0,20.0,0,Observed,1,1,1
P00540,TOR_20260818_1_PA038,TOR_20260818_1,B014,Nathan Lukes,2026-08-18,Train,0,Tampa Bay Rays,7,1,0,0,0,0,0,15.0,3,Observed,1,1,1
P00541,TOR_20260818_1_PA038,TOR_20260818_1,B014,Nathan Lukes,2026-08-18,Train,0,Tampa Bay Rays,7,2,0,1,0,0,0,17.0,1,Observed,1,1,1
P00542,TOR_20260818_1_PA038,TOR_20260818_1,B014,Nathan Lukes,2026-08-18,Train,0,Tampa Bay Rays,7,3,1,1,0,0,0,16.0,4,Observed,1,1,1
P00543,TOR_20260818_1_PA038,TOR_20260818_1,B014,Nathan Lukes,2026-08-18,Train,0,Tampa Bay Rays,7,4,2,1,0,0,0,17.0,3,Observed,1,1,1
P00544,TOR_20260818_1_PA038,TOR_20260818_1,B014,Nathan Lukes,2026-08-18,Train,0,Tampa Bay Rays,7,5,2,2,0,0,0,17.0,2,Observed,1,1,1
P00545,TOR_20260818_1_PA039,TOR_20260818_1,B001,Alejandro Kirk,2026-08-18,Train,0,Tampa Bay Rays,8,1,0,0,0,0,0,14.0,1,Observed,1,1,1
P00546,TOR_20260818_1_PA039,TOR_20260818_1,B001,Alejandro Kirk,2026-08-18,Train,0,Tampa Bay Rays,8,2,0,1,0,0,0,15.0,3,Observed,1,1,1
P00547,TOR_20260818_1_PA040,TOR_20260818_1,B009,George Springer,2026-08-18,Train,0,Tampa Bay Rays,8,1,0,0,0,0,0,14.0,0,Observed,1,1,1
P00548,TOR_20260818_1_PA040,TOR_20260818_1,B009,George Springer,2026-08-18,Train,0,Tampa Bay Rays,8,2,1,0,0,0,0,16.0,0,Observed,1,1,1
P00549,TOR_20260818_1_PA040,TOR_20260818_1,B009,George Springer,2026-08-18,Train,0,Tampa Bay Rays,8,3,1,1,0,0,0,16.0,0,Observed,1,1,1
P00550,TOR_20260818_1_PA041,TOR_20260818_1,B013,Myles Straw,2026-08-18,Train,0,Tampa Bay Rays,8,1,0,0,1,1,0,14.0,1,Observed,1,1,1
P00551,TOR_20260818_1_PA042,TOR_20260818_1,B012,Kazuma Okamoto,2026-08-18,Train,0,Tampa Bay Rays,8,1,0,0,1,2,0,14.0,1,Observed,1,1,1
P00552,TOR_20260818_1_PA042,TOR_20260818_1,B012,Kazuma Okamoto,2026-08-18,Train,0,Tampa Bay Rays,8,2,0,1,1,2,0,12.0,2,Observed,1,1,1
P00553,TOR_20260818_1_PA042,TOR_20260818_1,B012,Kazuma Okamoto,2026-08-18,Train,0,Tampa Bay Rays,8,3,0,2,1,2,0,26.0,1,Observed,1,1,1
P00554,TOR_20260818_1_PA043,TOR_20260818_1,B002,Andrés Giménez,2026-08-18,Train,0,Tampa Bay Rays,8,1,0,0,1,2,0,20.0,2,Observed,1,1,1
P00555,TOR_20260818_1_PA043,TOR_20260818_1,B002,Andrés Giménez,2026-08-18,Train,0,Tampa Bay Rays,8,2,0,1,1,2,0,20.0,2,Observed,1,1,1
P00556,TOR_20260818_1_PA044,TOR_20260818_1,B008,Ernie Clement,2026-08-18,Train,0,Tampa Bay Rays,9,1,0,0,0,0,0,20.0,0,Observed,1,1,1
P00557,TOR_20260818_1_PA044,TOR_20260818_1,B008,Ernie Clement,2026-08-18,Train,0,Tampa Bay Rays,9,2,0,1,0,0,0,17.0,1,Observed,1,1,1
P00558,TOR_20260818_1_PA044,TOR_20260818_1,B008,Ernie Clement,2026-08-18,Train,0,Tampa Bay Rays,9,3,1,1,0,0,0,18.0,0,Observed,1,1,1
P00559,TOR_20260818_1_PA045,TOR_20260818_1,B011,Josh H. Smith,2026-08-18,Train,0,Tampa Bay Rays,9,1,0,0,0,0,0,21.0,3,Observed,1,1,1
P00560,TOR_20260818_1_PA046,TOR_20260818_1,B004,Brett Bateman,2026-08-18,Train,0,Tampa Bay Rays,9,1,0,0,0,1,0,20.0,2,Observed,1,1,1
P00561,TOR_20260818_1_PA046,TOR_20260818_1,B004,Brett Bateman,2026-08-18,Train,0,Tampa Bay Rays,9,2,1,0,0,1,0,17.0,0,Observed,1,1,1
P00562,TOR_20260818_1_PA047,TOR_20260818_1,B014,Nathan Lukes,2026-08-18,Train,0,Tampa Bay Rays,9,1,0,0,0,1,0,23.0,3,Observed,1,1,1
P00563,TOR_20260818_1_PA047,TOR_20260818_1,B014,Nathan Lukes,2026-08-18,Train,0,Tampa Bay Rays,9,2,1,0,0,1,0,17.0,3,Observed,1,1,1
P00564,TOR_20260818_1_PA047,TOR_20260818_1,B014,Nathan Lukes,2026-08-18,Train,0,Tampa Bay Rays,9,3,2,0,0,1,0,18.0,4,Observed,1,1,1
P00565,TOR_20260818_1_PA048,TOR_20260818_1,B001,Alejandro Kirk,2026-08-18,Train,0,Tampa Bay Rays,9,1,0,0,1,2,0,16.0,3,Observed,1,1,1
P00566,TOR_20260818_1_PA048,TOR_20260818_1,B001,Alejandro Kirk,2026-08-18,Train,0,Tampa Bay Rays,9,2,1,0,1,2,0,16.0,3,Observed,1,1,1
P00567,TOR_20260818_1_PA048,TOR_20260818_1,B001,Alejandro Kirk,2026-08-18,Train,0,Tampa Bay Rays,9,3,2,0,1,2,0,11.0,3,Observed,1,1,1
P00568,TOR_20260818_1_PA048,TOR_20260818_1,B001,Alejandro Kirk,2026-08-18,Train,0,Tampa Bay Rays,9,4,3,0,1,2,1,38.0,3,Observed,1,1,1
P00569,TOR_20260818_1_PA048,TOR_20260818_1,B001,Alejandro Kirk,2026-08-18,Train,0,Tampa Bay Rays,9,5,3,1,1,2,0,18.0,3,Observed,1,1,1
P00570,TOR_20260819_1_PA001,TOR_20260819_1,B004,Brett Bateman,2026-08-19,Train,0,Tampa Bay Rays,1,1,0,0,0,0,0,10.0,0,Observed,1,1,1
P00571,TOR_20260819_1_PA002,TOR_20260819_1,B014,Nathan Lukes,2026-08-19,Train,0,Tampa Bay Rays,1,1,0,0,0,0,0,13.0,3,Observed,1,1,1
P00572,TOR_20260819_1_PA002,TOR_20260819_1,B014,Nathan Lukes,2026-08-19,Train,0,Tampa Bay Rays,1,2,0,1,0,0,0,15.0,3,Observed,1,1,1
P00573,TOR_20260819_1_PA002,TOR_20260819_1,B014,Nathan Lukes,2026-08-19,Train,0,Tampa Bay Rays,1,3,1,1,0,0,0,12.0,3,Observed,1,1,1
P00574,TOR_20260819_1_PA002,TOR_20260819_1,B014,Nathan Lukes,2026-08-19,Train,0,Tampa Bay Rays,1,4,1,2,0,0,0,15.0,3,Observed,1,1,1
P00575,TOR_20260819_1_PA003,TOR_20260819_1,B001,Alejandro Kirk,2026-08-19,Train,0,Tampa Bay Rays,1,1,0,0,0,0,0,13.0,3,Observed,1,1,1
P00576,TOR_20260819_1_PA004,TOR_20260819_1,B012,Kazuma Okamoto,2026-08-19,Train,0,Tampa Bay Rays,2,1,0,0,0,0,0,12.0,0,Observed,1,1,1
P00577,TOR_20260819_1_PA004,TOR_20260819_1,B012,Kazuma Okamoto,2026-08-19,Train,0,Tampa Bay Rays,2,2,0,1,0,0,0,14.0,0,Observed,1,1,1
P00578,TOR_20260819_1_PA004,TOR_20260819_1,B012,Kazuma Okamoto,2026-08-19,Train,0,Tampa Bay Rays,2,3,0,2,0,0,0,15.0,0,Observed,1,1,1
P00579,TOR_20260819_1_PA004,TOR_20260819_1,B012,Kazuma Okamoto,2026-08-19,Train,0,Tampa Bay Rays,2,4,1,2,0,0,0,18.0,0,Observed,1,1,1
P00580,TOR_20260819_1_PA004,TOR_20260819_1,B012,Kazuma Okamoto,2026-08-19,Train,0,Tampa Bay Rays,2,5,1,2,0,0,0,16.0,0,Observed,1,1,1
P00581,TOR_20260819_1_PA004,TOR_20260819_1,B012,Kazuma Okamoto,2026-08-19,Train,0,Tampa Bay Rays,2,6,1,2,0,0,0,13.0,0,Observed,1,1,1
P00582,TOR_20260819_1_PA005,TOR_20260819_1,B002,Andrés Giménez,2026-08-19,Train,0,Tampa Bay Rays,2,1,0,0,0,0,0,11.0,2,Observed,1,1,1
P00583,TOR_20260819_1_PA006,TOR_20260819_1,B010,Jesús Sánchez,2026-08-19,Train,0,Tampa Bay Rays,2,1,0,0,0,0,0,15.0,1,Observed,1,1,1
P00584,TOR_20260819_1_PA006,TOR_20260819_1,B010,Jesús Sánchez,2026-08-19,Train,0,Tampa Bay Rays,2,2,0,1,0,0,0,15.0,1,Observed,1,1,1
P00585,TOR_20260819_1_PA006,TOR_20260819_1,B010,Jesús Sánchez,2026-08-19,Train,0,Tampa Bay Rays,2,3,0,2,0,0,0,16.0,1,Observed,1,1,1
P00586,TOR_20260819_1_PA007,TOR_20260819_1,B011,Josh H. Smith,2026-08-19,Train,0,Tampa Bay Rays,3,1,0,0,0,0,0,11.0,3,Observed,1,1,1
P00587,TOR_20260819_1_PA007,TOR_20260819_1,B011,Josh H. Smith,2026-08-19,Train,0,Tampa Bay Rays,3,2,0,1,0,0,0,13.0,2,Observed,1,1,1
P00588,TOR_20260819_1_PA007,TOR_20260819_1,B011,Josh H. Smith,2026-08-19,Train,0,Tampa Bay Rays,3,3,0,2,0,0,0,14.0,3,Observed,1,1,1
P00589,TOR_20260819_1_PA007,TOR_20260819_1,B011,Josh H. Smith,2026-08-19,Train,0,Tampa Bay Rays,3,4,1,2,0,0,0,15.0,3,Observed,1,1,1
P00590,TOR_20260819_1_PA007,TOR_20260819_1,B011,Josh H. Smith,2026-08-19,Train,0,Tampa Bay Rays,3,5,1,2,0,0,0,13.0,3,Observed,1,1,1
P00591,TOR_20260819_1_PA008,TOR_20260819_1,B003,Brandon Valenzuela,2026-08-19,Train,0,Tampa Bay Rays,3,1,0,0,0,0,0,10.0,1,Observed,1,1,1
P00592,TOR_20260819_1_PA008,TOR_20260819_1,B003,Brandon Valenzuela,2026-08-19,Train,0,Tampa Bay Rays,3,2,0,1,0,0,0,13.0,1,Observed,1,1,1
P00593,TOR_20260819_1_PA008,TOR_20260819_1,B003,Brandon Valenzuela,2026-08-19,Train,0,Tampa Bay Rays,3,3,1,1,0,0,0,17.0,1,Observed,1,1,1
P00594,TOR_20260819_1_PA008,TOR_20260819_1,B003,Brandon Valenzuela,2026-08-19,Train,0,Tampa Bay Rays,3,4,2,1,0,0,0,16.0,1,Observed,1,1,1
P00595,TOR_20260819_1_PA008,TOR_20260819_1,B003,Brandon Valenzuela,2026-08-19,Train,0,Tampa Bay Rays,3,5,2,2,0,0,0,12.0,1,Observed,1,1,1
P00596,TOR_20260819_1_PA009,TOR_20260819_1,B005,Charles McAdoo,2026-08-19,Train,0,Tampa Bay Rays,3,1,0,0,0,0,0,9.0,2,Observed,1,1,1
P00597,TOR_20260819_1_PA009,TOR_20260819_1,B005,Charles McAdoo,2026-08-19,Train,0,Tampa Bay Rays,3,2,1,0,0,0,0,13.0,1,Observed,1,1,1
P00598,TOR_20260819_1_PA009,TOR_20260819_1,B005,Charles McAdoo,2026-08-19,Train,0,Tampa Bay Rays,3,3,1,1,0,0,0,15.0,0,Observed,1,1,1
P00599,TOR_20260819_1_PA010,TOR_20260819_1,B004,Brett Bateman,2026-08-19,Train,0,Tampa Bay Rays,3,1,0,0,0,1,0,12.0,0,Observed,1,1,1
P00600,TOR_20260819_1_PA010,TOR_20260819_1,B004,Brett Bateman,2026-08-19,Train,0,Tampa Bay Rays,3,2,1,0,0,1,0,15.0,0,Observed,1,1,1
P00601,TOR_20260819_1_PA010,TOR_20260819_1,B004,Brett Bateman,2026-08-19,Train,0,Tampa Bay Rays,3,3,1,1,0,1,0,21.0,0,Observed,1,1,1
P00602,TOR_20260819_1_PA010,TOR_20260819_1,B004,Brett Bateman,2026-08-19,Train,0,Tampa Bay Rays,3,4,1,2,0,1,0,20.0,0,Observed,1,1,1
P00603,TOR_20260819_1_PA011,TOR_20260819_1,B014,Nathan Lukes,2026-08-19,Train,0,Tampa Bay Rays,4,1,0,0,0,0,0,11.0,1,Observed,1,1,1
P00604,TOR_20260819_1_PA011,TOR_20260819_1,B014,Nathan Lukes,2026-08-19,Train,0,Tampa Bay Rays,4,2,1,0,0,0,0,12.0,1,Observed,1,1,1
P00605,TOR_20260819_1_PA011,TOR_20260819_1,B014,Nathan Lukes,2026-08-19,Train,0,Tampa Bay Rays,4,3,1,1,0,0,0,14.0,2,Observed,1,1,1
P00606,TOR_20260819_1_PA011,TOR_20260819_1,B014,Nathan Lukes,2026-08-19,Train,0,Tampa Bay Rays,4,4,2,1,0,0,0,14.0,2,Observed,1,1,1
P00607,TOR_20260819_1_PA011,TOR_20260819_1,B014,Nathan Lukes,2026-08-19,Train,0,Tampa Bay Rays,4,5,2,2,0,0,0,13.0,3,Observed,1,1,1
P00608,TOR_20260819_1_PA012,TOR_20260819_1,B001,Alejandro Kirk,2026-08-19,Train,0,Tampa Bay Rays,4,1,0,0,0,0,0,10.0,3,Observed,1,1,1
P00609,TOR_20260819_1_PA012,TOR_20260819_1,B001,Alejandro Kirk,2026-08-19,Train,0,Tampa Bay Rays,4,2,1,0,0,0,0,13.0,3,Observed,1,1,1
P00610,TOR_20260819_1_PA012,TOR_20260819_1,B001,Alejandro Kirk,2026-08-19,Train,0,Tampa Bay Rays,4,3,1,1,0,0,0,14.0,3,Observed,1,1,1
P00611,TOR_20260819_1_PA012,TOR_20260819_1,B001,Alejandro Kirk,2026-08-19,Train,0,Tampa Bay Rays,4,4,2,1,0,0,1,31.0,3,Observed,1,1,1
P00612,TOR_20260819_1_PA012,TOR_20260819_1,B001,Alejandro Kirk,2026-08-19,Train,0,Tampa Bay Rays,4,5,2,2,0,0,0,14.0,3,Observed,1,1,1
P00613,TOR_20260819_1_PA012,TOR_20260819_1,B001,Alejandro Kirk,2026-08-19,Train,0,Tampa Bay Rays,4,6,2,2,0,0,0,13.0,3,Observed,1,1,1
P00614,TOR_20260819_1_PA012,TOR_20260819_1,B001,Alejandro Kirk,2026-08-19,Train,0,Tampa Bay Rays,4,7,2,2,0,0,0,17.0,3,Observed,1,1,1
P00615,TOR_20260819_1_PA013,TOR_20260819_1,B012,Kazuma Okamoto,2026-08-19,Train,0,Tampa Bay Rays,4,1,0,0,0,0,0,12.0,0,Observed,1,1,1
P00616,TOR_20260819_1_PA013,TOR_20260819_1,B012,Kazuma Okamoto,2026-08-19,Train,0,Tampa Bay Rays,4,2,1,0,0,0,0,14.0,0,Observed,1,1,1
P00617,TOR_20260819_1_PA013,TOR_20260819_1,B012,Kazuma Okamoto,2026-08-19,Train,0,Tampa Bay Rays,4,3,2,0,0,0,0,14.0,1,Observed,1,1,1
P00618,TOR_20260819_1_PA013,TOR_20260819_1,B012,Kazuma Okamoto,2026-08-19,Train,0,Tampa Bay Rays,4,4,3,0,0,0,0,16.0,1,Observed,1,1,1
P00619,TOR_20260819_1_PA013,TOR_20260819_1,B012,Kazuma Okamoto,2026-08-19,Train,0,Tampa Bay Rays,4,5,3,1,0,0,0,15.0,1,Observed,1,1,1
P00620,TOR_20260819_1_PA014,TOR_20260819_1,B002,Andrés Giménez,2026-08-19,Train,0,Tampa Bay Rays,4,1,0,0,0,1,0,12.0,3,Observed,1,1,1
P00621,TOR_20260819_1_PA014,TOR_20260819_1,B002,Andrés Giménez,2026-08-19,Train,0,Tampa Bay Rays,4,2,0,1,0,1,0,14.0,3,Observed,1,1,1
P00622,TOR_20260819_1_PA014,TOR_20260819_1,B002,Andrés Giménez,2026-08-19,Train,0,Tampa Bay Rays,4,3,0,2,0,1,1,26.0,1,Observed,1,1,1
P00623,TOR_20260819_1_PA014,TOR_20260819_1,B002,Andrés Giménez,2026-08-19,Train,0,Tampa Bay Rays,4,4,0,2,0,1,0,19.0,1,Observed,1,1,1
P00624,TOR_20260819_1_PA014,TOR_20260819_1,B002,Andrés Giménez,2026-08-19,Train,0,Tampa Bay Rays,4,5,0,2,0,1,0,20.0,1,Observed,1,1,1
P00625,TOR_20260819_1_PA014,TOR_20260819_1,B002,Andrés Giménez,2026-08-19,Train,0,Tampa Bay Rays,4,6,0,2,0,1,0,18.0,2,Observed,1,1,1
P00626,TOR_20260819_1_PA014,TOR_20260819_1,B002,Andrés Giménez,2026-08-19,Train,0,Tampa Bay Rays,4,7,1,2,0,1,0,14.0,1,Observed,1,1,1
P00627,TOR_20260819_1_PA015,TOR_20260819_1,B010,Jesús Sánchez,2026-08-19,Train,0,Tampa Bay Rays,5,1,0,0,0,0,0,11.0,0,Observed,1,1,1
P00628,TOR_20260819_1_PA015,TOR_20260819_1,B010,Jesús Sánchez,2026-08-19,Train,0,Tampa Bay Rays,5,2,0,1,0,0,0,15.0,0,Observed,1,1,1
P00629,TOR_20260819_1_PA015,TOR_20260819_1,B010,Jesús Sánchez,2026-08-19,Train,0,Tampa Bay Rays,5,3,1,1,0,0,0,13.0,2,Observed,1,1,1
P00630,TOR_20260819_1_PA015,TOR_20260819_1,B010,Jesús Sánchez,2026-08-19,Train,0,Tampa Bay Rays,5,4,1,2,0,0,0,10.0,1,Observed,1,1,1
P00631,TOR_20260819_1_PA016,TOR_20260819_1,B011,Josh H. Smith,2026-08-19,Train,0,Tampa Bay Rays,5,1,0,0,0,0,0,11.0,3,Observed,1,1,1
P00632,TOR_20260819_1_PA016,TOR_20260819_1,B011,Josh H. Smith,2026-08-19,Train,0,Tampa Bay Rays,5,2,0,1,0,0,0,14.0,4,Observed,1,1,1
P00633,TOR_20260819_1_PA016,TOR_20260819_1,B011,Josh H. Smith,2026-08-19,Train,0,Tampa Bay Rays,5,3,0,2,0,0,0,15.0,4,Observed,1,1,1
P00634,TOR_20260819_1_PA017,TOR_20260819_1,B003,Brandon Valenzuela,2026-08-19,Train,0,Tampa Bay Rays,5,1,0,0,0,1,0,12.0,1,Observed,1,1,1
P00635,TOR_20260819_1_PA017,TOR_20260819_1,B003,Brandon Valenzuela,2026-08-19,Train,0,Tampa Bay Rays,5,2,0,1,0,1,0,15.0,1,Observed,1,1,1
P00636,TOR_20260819_1_PA017,TOR_20260819_1,B003,Brandon Valenzuela,2026-08-19,Train,0,Tampa Bay Rays,5,3,1,1,0,1,0,16.0,1,Observed,1,1,1
P00637,TOR_20260819_1_PA018,TOR_20260819_1,B005,Charles McAdoo,2026-08-19,Train,0,Tampa Bay Rays,5,1,0,0,1,2,0,14.0,1,Observed,1,1,1
P00638,TOR_20260819_1_PA018,TOR_20260819_1,B005,Charles McAdoo,2026-08-19,Train,0,Tampa Bay Rays,5,2,0,1,1,2,0,18.0,1,Observed,1,1,1
P00639,TOR_20260819_1_PA019,TOR_20260819_1,B013,Myles Straw,2026-08-19,Train,0,Tampa Bay Rays,5,1,0,0,1,2,0,13.0,1,Observed,1,1,1
P00640,TOR_20260819_1_PA019,TOR_20260819_1,B013,Myles Straw,2026-08-19,Train,0,Tampa Bay Rays,5,2,1,0,1,2,0,15.0,0,Observed,1,1,1
P00641,TOR_20260819_1_PA019,TOR_20260819_1,B013,Myles Straw,2026-08-19,Train,0,Tampa Bay Rays,5,3,2,0,1,2,0,15.0,1,Observed,1,1,1
P00642,TOR_20260819_1_PA019,TOR_20260819_1,B013,Myles Straw,2026-08-19,Train,0,Tampa Bay Rays,5,4,3,0,1,2,0,12.0,1,Observed,1,1,1
P00643,TOR_20260819_1_PA020,TOR_20260819_1,B014,Nathan Lukes,2026-08-19,Train,0,Tampa Bay Rays,5,1,0,0,1,3,0,12.0,3,Observed,1,1,1
P00644,TOR_20260819_1_PA021,TOR_20260819_1,B001,Alejandro Kirk,2026-08-19,Train,0,Tampa Bay Rays,5,1,0,0,1,2,0,12.0,3,Observed,1,1,1
P00645,TOR_20260819_1_PA021,TOR_20260819_1,B001,Alejandro Kirk,2026-08-19,Train,0,Tampa Bay Rays,5,2,0,1,1,2,0,19.0,4,Observed,1,1,1
P00646,TOR_20260819_1_PA021,TOR_20260819_1,B001,Alejandro Kirk,2026-08-19,Train,0,Tampa Bay Rays,5,3,0,2,1,2,1,34.0,3,Observed,1,1,1
P00647,TOR_20260819_1_PA022,TOR_20260819_1,B012,Kazuma Okamoto,2026-08-19,Train,0,Tampa Bay Rays,5,1,0,0,1,2,0,10.0,0,Observed,1,1,1
P00648,TOR_20260819_1_PA022,TOR_20260819_1,B012,Kazuma Okamoto,2026-08-19,Train,0,Tampa Bay Rays,5,2,1,0,1,2,0,14.0,1,Observed,1,1,1
P00649,TOR_20260819_1_PA023,TOR_20260819_1,B002,Andrés Giménez,2026-08-19,Train,0,Tampa Bay Rays,5,1,0,0,1,2,0,11.0,1,Observed,1,1,1
P00650,TOR_20260819_1_PA023,TOR_20260819_1,B002,Andrés Giménez,2026-08-19,Train,0,Tampa Bay Rays,5,2,1,0,1,2,0,16.0,1,Observed,1,1,1
P00651,TOR_20260819_1_PA023,TOR_20260819_1,B002,Andrés Giménez,2026-08-19,Train,0,Tampa Bay Rays,5,3,1,1,1,2,0,15.0,2,Observed,1,1,1
P00652,TOR_20260819_1_PA023,TOR_20260819_1,B002,Andrés Giménez,2026-08-19,Train,0,Tampa Bay Rays,5,4,1,2,1,2,0,12.0,1,Observed,1,1,1
P00653,TOR_20260819_1_PA023,TOR_20260819_1,B002,Andrés Giménez,2026-08-19,Train,0,Tampa Bay Rays,5,5,1,2,1,2,0,15.0,2,Observed,1,1,1
P00654,TOR_20260819_1_PA023,TOR_20260819_1,B002,Andrés Giménez,2026-08-19,Train,0,Tampa Bay Rays,5,6,1,2,1,2,0,13.0,1,Observed,1,1,1
P00655,TOR_20260819_1_PA024,TOR_20260819_1,B007,Daz Cameron,2026-08-19,Train,0,Tampa Bay Rays,6,1,0,0,0,0,0,12.0,3,Observed,1,1,1
P00656,TOR_20260819_1_PA025,TOR_20260819_1,B011,Josh H. Smith,2026-08-19,Train,0,Tampa Bay Rays,6,1,0,0,0,1,0,12.0,3,Observed,1,1,1
P00657,TOR_20260819_1_PA025,TOR_20260819_1,B011,Josh H. Smith,2026-08-19,Train,0,Tampa Bay Rays,6,2,1,0,0,1,0,11.0,3,Observed,1,1,1
P00658,TOR_20260819_1_PA025,TOR_20260819_1,B011,Josh H. Smith,2026-08-19,Train,0,Tampa Bay Rays,6,3,1,1,0,1,0,18.0,3,Observed,1,1,1
P00659,TOR_20260819_1_PA026,TOR_20260819_1,B003,Brandon Valenzuela,2026-08-19,Train,0,Tampa Bay Rays,6,1,0,0,0,1,0,16.0,1,Observed,1,1,1
P00660,TOR_20260819_1_PA027,TOR_20260819_1,B005,Charles McAdoo,2026-08-19,Train,0,Tampa Bay Rays,6,1,0,0,0,1,0,16.0,0,Observed,1,1,1
P00661,TOR_20260819_1_PA027,TOR_20260819_1,B005,Charles McAdoo,2026-08-19,Train,0,Tampa Bay Rays,6,2,0,1,0,1,0,14.0,0,Observed,1,1,1
P00662,TOR_20260819_1_PA028,TOR_20260819_1,B013,Myles Straw,2026-08-19,Train,0,Tampa Bay Rays,6,1,0,0,1,1,0,14.0,1,Observed,1,1,1
P00663,TOR_20260819_1_PA028,TOR_20260819_1,B013,Myles Straw,2026-08-19,Train,0,Tampa Bay Rays,6,2,0,1,1,1,0,16.0,1,Observed,1,1,1
P00664,TOR_20260819_1_PA028,TOR_20260819_1,B013,Myles Straw,2026-08-19,Train,0,Tampa Bay Rays,6,3,0,2,1,1,0,15.0,1,Observed,1,1,1
P00665,TOR_20260819_1_PA028,TOR_20260819_1,B013,Myles Straw,2026-08-19,Train,0,Tampa Bay Rays,6,4,1,2,1,1,0,16.0,1,Observed,1,1,1
P00666,TOR_20260819_1_PA028,TOR_20260819_1,B013,Myles Straw,2026-08-19,Train,0,Tampa Bay Rays,6,5,1,2,1,1,0,22.0,1,Observed,1,1,1
P00667,TOR_20260819_1_PA028,TOR_20260819_1,B013,Myles Straw,2026-08-19,Train,0,Tampa Bay Rays,6,6,1,2,1,1,0,21.0,1,Observed,1,1,1
P00668,TOR_20260819_1_PA029,TOR_20260819_1,B014,Nathan Lukes,2026-08-19,Train,0,Tampa Bay Rays,7,1,0,0,0,0,0,14.0,3,Observed,1,1,1
P00669,TOR_20260819_1_PA029,TOR_20260819_1,B014,Nathan Lukes,2026-08-19,Train,0,Tampa Bay Rays,7,2,1,0,0,0,0,15.0,2,Observed,1,1,1
P00670,TOR_20260819_1_PA029,TOR_20260819_1,B014,Nathan Lukes,2026-08-19,Train,0,Tampa Bay Rays,7,3,1,1,0,0,0,16.0,2,Observed,1,1,1
P00671,TOR_20260819_1_PA029,TOR_20260819_1,B014,Nathan Lukes,2026-08-19,Train,0,Tampa Bay Rays,7,4,2,1,0,0,0,15.0,3,Observed,1,1,1
P00672,TOR_20260819_1_PA030,TOR_20260819_1,B001,Alejandro Kirk,2026-08-19,Train,0,Tampa Bay Rays,7,1,0,0,0,0,0,13.0,3,Observed,1,1,1
P00673,TOR_20260819_1_PA030,TOR_20260819_1,B001,Alejandro Kirk,2026-08-19,Train,0,Tampa Bay Rays,7,2,1,0,0,0,0,14.0,3,Observed,1,1,1
P00674,TOR_20260819_1_PA030,TOR_20260819_1,B001,Alejandro Kirk,2026-08-19,Train,0,Tampa Bay Rays,7,3,1,1,0,0,0,17.0,3,Observed,1,1,1
P00675,TOR_20260819_1_PA030,TOR_20260819_1,B001,Alejandro Kirk,2026-08-19,Train,0,Tampa Bay Rays,7,4,1,2,0,0,0,15.0,3,Observed,1,1,1
P00676,TOR_20260819_1_PA031,TOR_20260819_1,B012,Kazuma Okamoto,2026-08-19,Train,0,Tampa Bay Rays,7,1,0,0,0,0,0,13.0,0,Observed,1,1,1
P00677,TOR_20260819_1_PA031,TOR_20260819_1,B012,Kazuma Okamoto,2026-08-19,Train,0,Tampa Bay Rays,7,2,0,1,0,0,0,13.0,1,Observed,1,1,1
P00678,TOR_20260819_1_PA031,TOR_20260819_1,B012,Kazuma Okamoto,2026-08-19,Train,0,Tampa Bay Rays,7,3,0,2,0,0,0,15.0,1,Observed,1,1,1
P00679,TOR_20260819_1_PA031,TOR_20260819_1,B012,Kazuma Okamoto,2026-08-19,Train,0,Tampa Bay Rays,7,4,1,2,0,0,0,17.0,1,Observed,1,1,1
P00680,TOR_20260819_1_PA031,TOR_20260819_1,B012,Kazuma Okamoto,2026-08-19,Train,0,Tampa Bay Rays,7,5,1,2,0,0,0,14.0,1,Observed,1,1,1
P00681,TOR_20260819_1_PA032,TOR_20260819_1,B002,Andrés Giménez,2026-08-19,Train,0,Tampa Bay Rays,8,1,0,0,0,0,0,11.0,0,Observed,1,1,1
P00682,TOR_20260819_1_PA032,TOR_20260819_1,B002,Andrés Giménez,2026-08-19,Train,0,Tampa Bay Rays,8,2,1,0,0,0,0,14.0,1,Observed,1,1,1
P00683,TOR_20260819_1_PA032,TOR_20260819_1,B002,Andrés Giménez,2026-08-19,Train,0,Tampa Bay Rays,8,3,1,1,0,0,0,17.0,0,Observed,1,1,1
P00684,TOR_20260819_1_PA032,TOR_20260819_1,B002,Andrés Giménez,2026-08-19,Train,0,Tampa Bay Rays,8,4,2,1,0,0,0,16.0,1,Observed,1,1,1
P00685,TOR_20260819_1_PA032,TOR_20260819_1,B002,Andrés Giménez,2026-08-19,Train,0,Tampa Bay Rays,8,5,2,2,0,0,0,18.0,2,Observed,1,1,1
P00686,TOR_20260819_1_PA032,TOR_20260819_1,B002,Andrés Giménez,2026-08-19,Train,0,Tampa Bay Rays,8,6,3,2,0,0,0,17.0,1,Observed,1,1,1
P00687,TOR_20260819_1_PA032,TOR_20260819_1,B002,Andrés Giménez,2026-08-19,Train,0,Tampa Bay Rays,8,7,3,2,0,0,0,15.0,1,Observed,1,1,1
P00688,TOR_20260819_1_PA032,TOR_20260819_1,B002,Andrés Giménez,2026-08-19,Train,0,Tampa Bay Rays,8,8,3,2,0,0,0,15.0,1,Observed,1,1,1
P00689,TOR_20260819_1_PA033,TOR_20260819_1,B007,Daz Cameron,2026-08-19,Train,0,Tampa Bay Rays,8,1,0,0,0,0,0,22.0,3,Observed,1,1,1
P00690,TOR_20260819_1_PA033,TOR_20260819_1,B007,Daz Cameron,2026-08-19,Train,0,Tampa Bay Rays,8,2,0,1,0,0,0,16.0,4,Observed,1,1,1
P00691,TOR_20260819_1_PA034,TOR_20260819_1,B011,Josh H. Smith,2026-08-19,Train,0,Tampa Bay Rays,8,1,0,0,0,0,0,13.0,3,Observed,1,1,1
P00692,TOR_20260819_1_PA034,TOR_20260819_1,B011,Josh H. Smith,2026-08-19,Train,0,Tampa Bay Rays,8,2,1,0,0,0,0,16.0,3,Observed,1,1,1
P00693,TOR_20260819_1_PA034,TOR_20260819_1,B011,Josh H. Smith,2026-08-19,Train,0,Tampa Bay Rays,8,3,1,1,0,0,0,17.0,3,Observed,1,1,1
P00694,TOR_20260819_1_PA034,TOR_20260819_1,B011,Josh H. Smith,2026-08-19,Train,0,Tampa Bay Rays,8,4,2,1,0,0,0,17.0,3,Observed,1,1,1
P00695,TOR_20260819_1_PA034,TOR_20260819_1,B011,Josh H. Smith,2026-08-19,Train,0,Tampa Bay Rays,8,5,3,1,0,0,0,16.0,3,Observed,1,1,1
P00696,TOR_20260819_1_PA034,TOR_20260819_1,B011,Josh H. Smith,2026-08-19,Train,0,Tampa Bay Rays,8,6,3,2,0,0,0,20.0,1,Observed,1,1,1
P00697,TOR_20260819_1_PA035,TOR_20260819_1,B003,Brandon Valenzuela,2026-08-19,Train,0,Tampa Bay Rays,8,1,0,0,0,1,0,15.0,1,Observed,1,1,1
P00698,TOR_20260819_1_PA035,TOR_20260819_1,B003,Brandon Valenzuela,2026-08-19,Train,0,Tampa Bay Rays,8,2,1,0,0,1,0,15.0,1,Observed,1,1,1
P00699,TOR_20260819_1_PA035,TOR_20260819_1,B003,Brandon Valenzuela,2026-08-19,Train,0,Tampa Bay Rays,8,3,1,1,0,1,0,17.0,1,Observed,1,1,1
P00700,TOR_20260819_1_PA035,TOR_20260819_1,B003,Brandon Valenzuela,2026-08-19,Train,0,Tampa Bay Rays,8,4,1,2,0,1,0,17.0,1,Observed,1,1,1
P00701,TOR_20260819_1_PA036,TOR_20260819_1,B005,Charles McAdoo,2026-08-19,Train,0,Tampa Bay Rays,9,1,0,0,0,0,0,12.0,2,Observed,1,1,1
P00702,TOR_20260819_1_PA036,TOR_20260819_1,B005,Charles McAdoo,2026-08-19,Train,0,Tampa Bay Rays,9,2,0,1,0,0,0,14.0,1,Observed,1,1,1
P00703,TOR_20260819_1_PA036,TOR_20260819_1,B005,Charles McAdoo,2026-08-19,Train,0,Tampa Bay Rays,9,3,1,1,0,0,0,14.0,1,Observed,1,1,1
P00704,TOR_20260819_1_PA036,TOR_20260819_1,B005,Charles McAdoo,2026-08-19,Train,0,Tampa Bay Rays,9,4,1,2,0,0,0,16.0,1,Observed,1,1,1
P00705,TOR_20260819_1_PA037,TOR_20260819_1,B009,George Springer,2026-08-19,Train,0,Tampa Bay Rays,9,1,0,0,0,1,0,13.0,0,Observed,1,1,1
P00706,TOR_20260819_1_PA037,TOR_20260819_1,B009,George Springer,2026-08-19,Train,0,Tampa Bay Rays,9,2,1,0,0,1,0,13.0,0,Observed,1,1,1
P00707,TOR_20260819_1_PA037,TOR_20260819_1,B009,George Springer,2026-08-19,Train,0,Tampa Bay Rays,9,3,1,1,0,1,0,16.0,1,Observed,1,1,1
P00708,TOR_20260819_1_PA037,TOR_20260819_1,B009,George Springer,2026-08-19,Train,0,Tampa Bay Rays,9,4,1,2,0,1,0,13.0,1,Observed,1,1,1
P00709,TOR_20260819_1_PA038,TOR_20260819_1,B014,Nathan Lukes,2026-08-19,Train,0,Tampa Bay Rays,9,1,0,0,0,1,0,14.0,3,Observed,1,1,1
P00710,TOR_20260819_1_PA038,TOR_20260819_1,B014,Nathan Lukes,2026-08-19,Train,0,Tampa Bay Rays,9,2,0,1,0,1,0,15.0,2,Observed,1,1,1
P00711,TOR_20260819_1_PA038,TOR_20260819_1,B014,Nathan Lukes,2026-08-19,Train,0,Tampa Bay Rays,9,3,0,2,0,1,0,16.0,2,Observed,1,1,1
P00712,TOR_20260819_1_PA038,TOR_20260819_1,B014,Nathan Lukes,2026-08-19,Train,0,Tampa Bay Rays,9,4,1,2,0,1,0,15.0,3,Observed,1,1,1
P00713,TOR_20260819_1_PA038,TOR_20260819_1,B014,Nathan Lukes,2026-08-19,Train,0,Tampa Bay Rays,9,5,1,2,0,1,0,17.0,3,Observed,1,1,1
P00714,TOR_20260819_1_PA039,TOR_20260819_1,B001,Alejandro Kirk,2026-08-19,Train,0,Tampa Bay Rays,9,1,0,0,0,1,0,13.0,3,Observed,1,1,1
P00715,TOR_20260819_1_PA039,TOR_20260819_1,B001,Alejandro Kirk,2026-08-19,Train,0,Tampa Bay Rays,9,2,0,1,0,1,0,14.0,3,Observed,1,1,1
P00716,TOR_20260819_1_PA039,TOR_20260819_1,B001,Alejandro Kirk,2026-08-19,Train,0,Tampa Bay Rays,9,3,1,1,0,1,0,17.0,3,Observed,1,1,1
P00717,TOR_20260819_1_PA039,TOR_20260819_1,B001,Alejandro Kirk,2026-08-19,Train,0,Tampa Bay Rays,9,4,2,1,0,1,0,15.0,3,Observed,1,1,1
P00718,TOR_20260819_1_PA039,TOR_20260819_1,B001,Alejandro Kirk,2026-08-19,Train,0,Tampa Bay Rays,9,5,2,2,0,1,0,15.0,3,Observed,1,1,1
P00719,TOR_20260820_1_PA001,TOR_20260820_1,B005,Charles McAdoo,2026-08-20,Train,0,Tampa Bay Rays,1,1,0,0,0,0,0,9.0,0,Observed,1,1,1
P00720,TOR_20260820_1_PA001,TOR_20260820_1,B005,Charles McAdoo,2026-08-20,Train,0,Tampa Bay Rays,1,2,0,1,0,0,0,17.0,0,Observed,1,1,1
P00721,TOR_20260820_1_PA001,TOR_20260820_1,B005,Charles McAdoo,2026-08-20,Train,0,Tampa Bay Rays,1,3,0,2,0,0,0,17.0,0,Observed,1,1,1
P00722,TOR_20260820_1_PA002,TOR_20260820_1,B007,Daz Cameron,2026-08-20,Train,0,Tampa Bay Rays,1,1,0,0,0,0,0,12.0,3,Observed,1,1,1
P00723,TOR_20260820_1_PA002,TOR_20260820_1,B007,Daz Cameron,2026-08-20,Train,0,Tampa Bay Rays,1,2,0,1,0,0,0,14.0,3,Observed,1,1,1
P00724,TOR_20260820_1_PA002,TOR_20260820_1,B007,Daz Cameron,2026-08-20,Train,0,Tampa Bay Rays,1,3,0,2,0,0,0,18.0,3,Observed,1,1,1
P00725,TOR_20260820_1_PA003,TOR_20260820_1,B001,Alejandro Kirk,2026-08-20,Train,0,Tampa Bay Rays,1,1,0,0,0,0,0,12.0,3,Observed,1,1,1
P00726,TOR_20260820_1_PA003,TOR_20260820_1,B001,Alejandro Kirk,2026-08-20,Train,0,Tampa Bay Rays,1,2,0,1,0,0,0,12.0,2,Observed,1,1,1
P00727,TOR_20260820_1_PA003,TOR_20260820_1,B001,Alejandro Kirk,2026-08-20,Train,0,Tampa Bay Rays,1,3,0,2,0,0,0,15.0,3,Observed,1,1,1
P00728,TOR_20260820_1_PA003,TOR_20260820_1,B001,Alejandro Kirk,2026-08-20,Train,0,Tampa Bay Rays,1,4,1,2,0,0,0,14.0,2,Observed,1,1,1
P00729,TOR_20260820_1_PA003,TOR_20260820_1,B001,Alejandro Kirk,2026-08-20,Train,0,Tampa Bay Rays,1,5,1,2,0,0,0,13.0,1,Observed,1,1,1
P00730,TOR_20260820_1_PA003,TOR_20260820_1,B001,Alejandro Kirk,2026-08-20,Train,0,Tampa Bay Rays,1,6,2,2,0,0,0,16.0,0,Observed,1,1,1
P00731,TOR_20260820_1_PA003,TOR_20260820_1,B001,Alejandro Kirk,2026-08-20,Train,0,Tampa Bay Rays,1,7,2,2,0,0,0,12.0,2,Observed,1,1,1
P00732,TOR_20260820_1_PA003,TOR_20260820_1,B001,Alejandro Kirk,2026-08-20,Train,0,Tampa Bay Rays,1,8,2,2,0,0,0,12.0,1,Observed,1,1,1
P00733,TOR_20260820_1_PA003,TOR_20260820_1,B001,Alejandro Kirk,2026-08-20,Train,0,Tampa Bay Rays,1,9,2,2,0,0,0,12.0,2,Observed,1,1,1
P00734,TOR_20260820_1_PA003,TOR_20260820_1,B001,Alejandro Kirk,2026-08-20,Train,0,Tampa Bay Rays,1,10,2,2,0,0,0,14.0,1,Observed,1,1,1
P00735,TOR_20260820_1_PA003,TOR_20260820_1,B001,Alejandro Kirk,2026-08-20,Train,0,Tampa Bay Rays,1,11,3,2,0,0,0,15.0,2,Observed,1,1,1
P00736,TOR_20260820_1_PA004,TOR_20260820_1,B009,George Springer,2026-08-20,Train,0,Tampa Bay Rays,1,1,0,0,0,1,0,11.0,1,Observed,1,1,1
P00737,TOR_20260820_1_PA005,TOR_20260820_1,B012,Kazuma Okamoto,2026-08-20,Train,0,Tampa Bay Rays,2,1,0,0,0,0,0,11.0,0,Observed,1,1,1
P00738,TOR_20260820_1_PA005,TOR_20260820_1,B012,Kazuma Okamoto,2026-08-20,Train,0,Tampa Bay Rays,2,2,0,1,0,0,0,16.0,1,Observed,1,1,1
P00739,TOR_20260820_1_PA006,TOR_20260820_1,B002,Andrés Giménez,2026-08-20,Train,0,Tampa Bay Rays,2,1,0,0,0,0,0,10.0,0,Observed,1,1,1
P00740,TOR_20260820_1_PA007,TOR_20260820_1,B008,Ernie Clement,2026-08-20,Train,0,Tampa Bay Rays,2,1,0,0,0,1,0,12.0,1,Observed,1,1,1
P00741,TOR_20260820_1_PA007,TOR_20260820_1,B008,Ernie Clement,2026-08-20,Train,0,Tampa Bay Rays,2,2,1,0,0,1,0,13.0,2,Observed,1,1,1
P00742,TOR_20260820_1_PA007,TOR_20260820_1,B008,Ernie Clement,2026-08-20,Train,0,Tampa Bay Rays,2,3,2,0,0,1,0,14.0,3,Observed,1,1,1
P00743,TOR_20260820_1_PA007,TOR_20260820_1,B008,Ernie Clement,2026-08-20,Train,0,Tampa Bay Rays,2,4,3,0,0,1,0,13.0,1,Observed,1,1,1
P00744,TOR_20260820_1_PA007,TOR_20260820_1,B008,Ernie Clement,2026-08-20,Train,0,Tampa Bay Rays,2,5,3,1,0,1,0,13.0,1,Observed,1,1,1
P00745,TOR_20260820_1_PA007,TOR_20260820_1,B008,Ernie Clement,2026-08-20,Train,0,Tampa Bay Rays,2,6,3,2,1,1,1,35.0,1,Observed,1,1,1
P00746,TOR_20260820_1_PA008,TOR_20260820_1,B013,Myles Straw,2026-08-20,Train,0,Tampa Bay Rays,2,1,0,0,1,1,0,11.0,1,Observed,1,1,1
P00747,TOR_20260820_1_PA009,TOR_20260820_1,B014,Nathan Lukes,2026-08-20,Train,0,Tampa Bay Rays,2,1,0,0,1,1,0,11.0,3,Observed,1,1,1
P00748,TOR_20260820_1_PA009,TOR_20260820_1,B014,Nathan Lukes,2026-08-20,Train,0,Tampa Bay Rays,2,2,0,1,1,1,0,13.0,1,Observed,1,1,1
P00749,TOR_20260820_1_PA009,TOR_20260820_1,B014,Nathan Lukes,2026-08-20,Train,0,Tampa Bay Rays,2,3,0,2,1,1,0,13.0,2,Observed,1,1,1
P00750,TOR_20260820_1_PA009,TOR_20260820_1,B014,Nathan Lukes,2026-08-20,Train,0,Tampa Bay Rays,2,4,1,2,1,1,0,11.0,3,Observed,1,1,1
P00751,TOR_20260820_1_PA009,TOR_20260820_1,B014,Nathan Lukes,2026-08-20,Train,0,Tampa Bay Rays,2,5,2,2,1,1,0,12.0,4,Observed,1,1,1
P00752,TOR_20260820_1_PA010,TOR_20260820_1,B005,Charles McAdoo,2026-08-20,Train,0,Tampa Bay Rays,3,1,0,0,0,0,0,12.0,2,Observed,1,1,1
P00753,TOR_20260820_1_PA010,TOR_20260820_1,B005,Charles McAdoo,2026-08-20,Train,0,Tampa Bay Rays,3,2,0,1,0,0,0,10.0,2,Observed,1,1,1
P00754,TOR_20260820_1_PA010,TOR_20260820_1,B005,Charles McAdoo,2026-08-20,Train,0,Tampa Bay Rays,3,3,0,2,0,0,0,10.0,2,Observed,1,1,1
P00755,TOR_20260820_1_PA010,TOR_20260820_1,B005,Charles McAdoo,2026-08-20,Train,0,Tampa Bay Rays,3,4,0,2,0,0,0,12.0,2,Observed,1,1,1
P00756,TOR_20260820_1_PA011,TOR_20260820_1,B007,Daz Cameron,2026-08-20,Train,0,Tampa Bay Rays,3,1,0,0,0,0,0,11.0,0,Observed,1,1,1
P00757,TOR_20260820_1_PA011,TOR_20260820_1,B007,Daz Cameron,2026-08-20,Train,0,Tampa Bay Rays,3,2,0,1,0,0,0,11.0,0,Observed,1,1,1
P00758,TOR_20260820_1_PA011,TOR_20260820_1,B007,Daz Cameron,2026-08-20,Train,0,Tampa Bay Rays,3,3,0,2,0,0,0,11.0,1,Observed,1,1,1
P00759,TOR_20260820_1_PA011,TOR_20260820_1,B007,Daz Cameron,2026-08-20,Train,0,Tampa Bay Rays,3,4,0,2,0,0,0,12.0,0,Observed,1,1,1
P00760,TOR_20260820_1_PA011,TOR_20260820_1,B007,Daz Cameron,2026-08-20,Train,0,Tampa Bay Rays,3,5,0,2,0,0,0,14.0,1,Observed,1,1,1
P00761,TOR_20260820_1_PA012,TOR_20260820_1,B001,Alejandro Kirk,2026-08-20,Train,0,Tampa Bay Rays,3,1,0,0,0,0,0,13.0,2,Observed,1,1,1
P00762,TOR_20260820_1_PA012,TOR_20260820_1,B001,Alejandro Kirk,2026-08-20,Train,0,Tampa Bay Rays,3,2,0,1,0,0,0,13.0,2,Observed,1,1,1
P00763,TOR_20260820_1_PA012,TOR_20260820_1,B001,Alejandro Kirk,2026-08-20,Train,0,Tampa Bay Rays,3,3,0,2,0,0,0,14.0,1,Observed,1,1,1
P00764,TOR_20260820_1_PA012,TOR_20260820_1,B001,Alejandro Kirk,2026-08-20,Train,0,Tampa Bay Rays,3,4,1,2,0,0,0,20.0,4,Observed,1,1,1
P00765,TOR_20260820_1_PA012,TOR_20260820_1,B001,Alejandro Kirk,2026-08-20,Train,0,Tampa Bay Rays,3,5,1,2,0,0,0,17.0,2,Observed,1,1,1
P00766,TOR_20260820_1_PA012,TOR_20260820_1,B001,Alejandro Kirk,2026-08-20,Train,0,Tampa Bay Rays,3,6,2,2,0,0,0,17.0,2,Observed,1,1,1
P00767,TOR_20260820_1_PA013,TOR_20260820_1,B009,George Springer,2026-08-20,Train,0,Tampa Bay Rays,4,1,0,0,0,0,0,10.0,0,Observed,1,1,1
P00768,TOR_20260820_1_PA013,TOR_20260820_1,B009,George Springer,2026-08-20,Train,0,Tampa Bay Rays,4,2,0,1,0,0,0,13.0,0,Observed,1,1,1
P00769,TOR_20260820_1_PA013,TOR_20260820_1,B009,George Springer,2026-08-20,Train,0,Tampa Bay Rays,4,3,0,2,0,0,0,14.0,0,Observed,1,1,1
P00770,TOR_20260820_1_PA014,TOR_20260820_1,B012,Kazuma Okamoto,2026-08-20,Train,0,Tampa Bay Rays,4,1,0,0,0,0,0,11.0,0,Observed,1,1,1
P00771,TOR_20260820_1_PA015,TOR_20260820_1,B002,Andrés Giménez,2026-08-20,Train,0,Tampa Bay Rays,4,1,0,0,1,1,0,10.0,3,Observed,1,1,1
P00772,TOR_20260820_1_PA015,TOR_20260820_1,B002,Andrés Giménez,2026-08-20,Train,0,Tampa Bay Rays,4,2,0,1,1,1,0,14.0,3,Observed,1,1,1
P00773,TOR_20260820_1_PA015,TOR_20260820_1,B002,Andrés Giménez,2026-08-20,Train,0,Tampa Bay Rays,4,3,0,2,1,1,0,20.0,2,Observed,1,1,1
P00774,TOR_20260820_1_PA015,TOR_20260820_1,B002,Andrés Giménez,2026-08-20,Train,0,Tampa Bay Rays,4,4,1,2,1,1,0,15.0,3,Observed,1,1,1
P00775,TOR_20260820_1_PA016,TOR_20260820_1,B008,Ernie Clement,2026-08-20,Train,0,Tampa Bay Rays,4,1,0,0,1,1,0,14.0,0,Observed,1,1,1
P00776,TOR_20260820_1_PA016,TOR_20260820_1,B008,Ernie Clement,2026-08-20,Train,0,Tampa Bay Rays,4,2,1,0,1,1,0,16.0,0,Observed,1,1,1
P00777,TOR_20260820_1_PA016,TOR_20260820_1,B008,Ernie Clement,2026-08-20,Train,0,Tampa Bay Rays,4,3,1,1,1,1,0,16.0,0,Observed,1,1,1
P00778,TOR_20260820_1_PA016,TOR_20260820_1,B008,Ernie Clement,2026-08-20,Train,0,Tampa Bay Rays,4,4,1,2,1,1,0,17.0,1,Observed,1,1,1
P00779,TOR_20260820_1_PA016,TOR_20260820_1,B008,Ernie Clement,2026-08-20,Train,0,Tampa Bay Rays,4,5,2,2,1,1,0,16.0,1,Observed,1,1,1
P00780,TOR_20260820_1_PA016,TOR_20260820_1,B008,Ernie Clement,2026-08-20,Train,0,Tampa Bay Rays,4,6,3,2,1,1,0,18.0,0,Observed,1,1,1
P00781,TOR_20260820_1_PA017,TOR_20260820_1,B013,Myles Straw,2026-08-20,Train,0,Tampa Bay Rays,4,1,0,0,1,2,0,14.0,0,Observed,1,1,1
P00782,TOR_20260820_1_PA017,TOR_20260820_1,B013,Myles Straw,2026-08-20,Train,0,Tampa Bay Rays,4,2,1,0,1,2,0,18.0,1,Observed,1,1,1
P00783,TOR_20260820_1_PA017,TOR_20260820_1,B013,Myles Straw,2026-08-20,Train,0,Tampa Bay Rays,4,3,1,1,1,2,0,15.0,1,Observed,1,1,1
P00784,TOR_20260820_1_PA017,TOR_20260820_1,B013,Myles Straw,2026-08-20,Train,0,Tampa Bay Rays,4,4,1,2,1,2,0,12.0,3,Observed,1,1,1
P00785,TOR_20260820_1_PA017,TOR_20260820_1,B013,Myles Straw,2026-08-20,Train,0,Tampa Bay Rays,4,5,2,2,1,2,0,13.0,1,Observed,1,1,1
P00786,TOR_20260820_1_PA017,TOR_20260820_1,B013,Myles Straw,2026-08-20,Train,0,Tampa Bay Rays,4,6,2,2,1,2,0,14.0,1,Observed,1,1,1
P00787,TOR_20260820_1_PA018,TOR_20260820_1,B014,Nathan Lukes,2026-08-20,Train,0,Tampa Bay Rays,5,1,0,0,0,0,0,9.0,3,Observed,1,1,1
P00788,TOR_20260820_1_PA018,TOR_20260820_1,B014,Nathan Lukes,2026-08-20,Train,0,Tampa Bay Rays,5,2,0,1,0,0,0,15.0,3,Observed,1,1,1
P00789,TOR_20260820_1_PA019,TOR_20260820_1,B005,Charles McAdoo,2026-08-20,Train,0,Tampa Bay Rays,5,1,0,0,0,0,0,19.0,0,Observed,1,1,1
P00790,TOR_20260820_1_PA019,TOR_20260820_1,B005,Charles McAdoo,2026-08-20,Train,0,Tampa Bay Rays,5,2,1,0,0,0,0,13.0,0,Observed,1,1,1
P00791,TOR_20260820_1_PA019,TOR_20260820_1,B005,Charles McAdoo,2026-08-20,Train,0,Tampa Bay Rays,5,3,1,1,0,0,0,12.0,1,Observed,1,1,1
P00792,TOR_20260820_1_PA019,TOR_20260820_1,B005,Charles McAdoo,2026-08-20,Train,0,Tampa Bay Rays,5,4,1,2,0,0,0,18.0,0,Observed,1,1,1
P00793,TOR_20260820_1_PA019,TOR_20260820_1,B005,Charles McAdoo,2026-08-20,Train,0,Tampa Bay Rays,5,5,1,2,0,0,0,15.0,0,Observed,1,1,1
P00794,TOR_20260820_1_PA019,TOR_20260820_1,B005,Charles McAdoo,2026-08-20,Train,0,Tampa Bay Rays,5,6,2,2,0,0,0,15.0,1,Observed,1,1,1
P00795,TOR_20260820_1_PA019,TOR_20260820_1,B005,Charles McAdoo,2026-08-20,Train,0,Tampa Bay Rays,5,7,2,2,0,0,0,11.0,0,Observed,1,1,1
P00796,TOR_20260820_1_PA020,TOR_20260820_1,B007,Daz Cameron,2026-08-20,Train,0,Tampa Bay Rays,5,1,0,0,0,0,0,12.0,0,Observed,1,1,1
P00797,TOR_20260820_1_PA020,TOR_20260820_1,B007,Daz Cameron,2026-08-20,Train,0,Tampa Bay Rays,5,2,0,1,0,0,0,14.0,1,Observed,1,1,1
P00798,TOR_20260820_1_PA020,TOR_20260820_1,B007,Daz Cameron,2026-08-20,Train,0,Tampa Bay Rays,5,3,1,1,0,0,0,14.0,0,Observed,1,1,1
P00799,TOR_20260820_1_PA020,TOR_20260820_1,B007,Daz Cameron,2026-08-20,Train,0,Tampa Bay Rays,5,4,1,2,0,0,0,16.0,1,Observed,1,1,1
P00800,TOR_20260820_1_PA020,TOR_20260820_1,B007,Daz Cameron,2026-08-20,Train,0,Tampa Bay Rays,5,5,2,2,0,0,0,10.0,2,Observed,1,1,1
P00801,TOR_20260820_1_PA021,TOR_20260820_1,B001,Alejandro Kirk,2026-08-20,Train,0,Tampa Bay Rays,5,1,0,0,0,0,0,19.0,3,Observed,1,1,1
P00802,TOR_20260820_1_PA021,TOR_20260820_1,B001,Alejandro Kirk,2026-08-20,Train,0,Tampa Bay Rays,5,2,0,1,0,0,0,14.0,3,Observed,1,1,1
P00803,TOR_20260820_1_PA021,TOR_20260820_1,B001,Alejandro Kirk,2026-08-20,Train,0,Tampa Bay Rays,5,3,1,1,0,0,0,14.0,3,Observed,1,1,1
P00804,TOR_20260820_1_PA022,TOR_20260820_1,B009,George Springer,2026-08-20,Train,0,Tampa Bay Rays,5,1,0,0,0,0,0,17.0,0,Observed,1,1,1
P00805,TOR_20260820_1_PA022,TOR_20260820_1,B009,George Springer,2026-08-20,Train,0,Tampa Bay Rays,5,2,0,1,0,0,0,15.0,0,Observed,1,1,1
P00806,TOR_20260820_1_PA022,TOR_20260820_1,B009,George Springer,2026-08-20,Train,0,Tampa Bay Rays,5,3,0,2,0,0,0,14.0,1,Observed,1,1,1
P00807,TOR_20260820_1_PA023,TOR_20260820_1,B012,Kazuma Okamoto,2026-08-20,Train,0,Tampa Bay Rays,6,1,0,0,0,0,0,13.0,0,Observed,1,1,1
P00808,TOR_20260820_1_PA023,TOR_20260820_1,B012,Kazuma Okamoto,2026-08-20,Train,0,Tampa Bay Rays,6,2,1,0,0,0,0,13.0,1,Observed,1,1,1
P00809,TOR_20260820_1_PA023,TOR_20260820_1,B012,Kazuma Okamoto,2026-08-20,Train,0,Tampa Bay Rays,6,3,1,1,0,0,0,19.0,1,Observed,1,1,1
P00810,TOR_20260820_1_PA023,TOR_20260820_1,B012,Kazuma Okamoto,2026-08-20,Train,0,Tampa Bay Rays,6,4,1,2,0,0,0,15.0,0,Observed,1,1,1
P00811,TOR_20260820_1_PA024,TOR_20260820_1,B003,Brandon Valenzuela,2026-08-20,Train,0,Tampa Bay Rays,6,1,0,0,0,0,0,10.0,1,Observed,1,1,1
P00812,TOR_20260820_1_PA024,TOR_20260820_1,B003,Brandon Valenzuela,2026-08-20,Train,0,Tampa Bay Rays,6,2,0,1,0,0,0,16.0,2,Observed,1,1,1
P00813,TOR_20260820_1_PA025,TOR_20260820_1,B008,Ernie Clement,2026-08-20,Train,0,Tampa Bay Rays,6,1,0,0,1,1,0,15.0,0,Observed,1,1,1
P00814,TOR_20260820_1_PA025,TOR_20260820_1,B008,Ernie Clement,2026-08-20,Train,0,Tampa Bay Rays,6,2,0,1,1,1,0,16.0,1,Observed,1,1,1
P00815,TOR_20260820_1_PA026,TOR_20260820_1,B013,Myles Straw,2026-08-20,Train,0,Tampa Bay Rays,6,1,0,0,1,1,0,15.0,1,Observed,1,1,1
P00816,TOR_20260820_1_PA026,TOR_20260820_1,B013,Myles Straw,2026-08-20,Train,0,Tampa Bay Rays,6,2,0,1,1,1,0,17.0,1,Observed,1,1,1
P00817,TOR_20260820_1_PA026,TOR_20260820_1,B013,Myles Straw,2026-08-20,Train,0,Tampa Bay Rays,6,3,1,1,1,1,0,15.0,1,Observed,1,1,1
P00818,TOR_20260820_1_PA026,TOR_20260820_1,B013,Myles Straw,2026-08-20,Train,0,Tampa Bay Rays,6,4,1,2,1,1,0,12.0,1,Observed,1,1,1
P00819,TOR_20260820_1_PA026,TOR_20260820_1,B013,Myles Straw,2026-08-20,Train,0,Tampa Bay Rays,6,5,2,2,1,1,0,14.0,1,Observed,1,1,1
P00820,TOR_20260820_1_PA026,TOR_20260820_1,B013,Myles Straw,2026-08-20,Train,0,Tampa Bay Rays,6,6,3,2,1,1,0,16.0,0,Observed,1,1,1
P00821,TOR_20260820_1_PA026,TOR_20260820_1,B013,Myles Straw,2026-08-20,Train,0,Tampa Bay Rays,6,7,3,2,1,1,0,14.0,0,Observed,1,1,1
P00822,TOR_20260820_1_PA027,TOR_20260820_1,B014,Nathan Lukes,2026-08-20,Train,0,Tampa Bay Rays,7,1,0,0,0,0,0,9.0,3,Observed,1,1,1
P00823,TOR_20260820_1_PA027,TOR_20260820_1,B014,Nathan Lukes,2026-08-20,Train,0,Tampa Bay Rays,7,2,0,1,0,0,0,11.0,3,Observed,1,1,1
P00824,TOR_20260820_1_PA027,TOR_20260820_1,B014,Nathan Lukes,2026-08-20,Train,0,Tampa Bay Rays,7,3,1,1,0,0,0,12.0,1,Observed,1,1,1
P00825,TOR_20260820_1_PA027,TOR_20260820_1,B014,Nathan Lukes,2026-08-20,Train,0,Tampa Bay Rays,7,4,1,2,0,0,0,14.0,3,Observed,1,1,1
P00826,TOR_20260820_1_PA027,TOR_20260820_1,B014,Nathan Lukes,2026-08-20,Train,0,Tampa Bay Rays,7,5,1,2,0,0,0,17.0,4,Observed,1,1,1
P00827,TOR_20260820_1_PA027,TOR_20260820_1,B014,Nathan Lukes,2026-08-20,Train,0,Tampa Bay Rays,7,6,1,2,0,0,0,10.0,3,Observed,1,1,1
P00828,TOR_20260820_1_PA027,TOR_20260820_1,B014,Nathan Lukes,2026-08-20,Train,0,Tampa Bay Rays,7,7,1,2,0,0,0,14.0,3,Observed,1,1,1
P00829,TOR_20260820_1_PA028,TOR_20260820_1,B005,Charles McAdoo,2026-08-20,Train,0,Tampa Bay Rays,7,1,0,0,0,0,0,16.0,2,Observed,1,1,1
P00830,TOR_20260820_1_PA029,TOR_20260820_1,B007,Daz Cameron,2026-08-20,Train,0,Tampa Bay Rays,7,1,0,0,0,1,1,41.0,0,Observed,1,1,1
P00831,TOR_20260820_1_PA029,TOR_20260820_1,B007,Daz Cameron,2026-08-20,Train,0,Tampa Bay Rays,7,2,1,0,0,1,0,15.0,3,Observed,1,1,1
P00832,TOR_20260820_1_PA029,TOR_20260820_1,B007,Daz Cameron,2026-08-20,Train,0,Tampa Bay Rays,7,3,2,0,0,1,0,15.0,3,Observed,1,1,1
P00833,TOR_20260820_1_PA029,TOR_20260820_1,B007,Daz Cameron,2026-08-20,Train,0,Tampa Bay Rays,7,4,2,1,0,1,0,15.0,3,Observed,1,1,1
P00834,TOR_20260820_1_PA029,TOR_20260820_1,B007,Daz Cameron,2026-08-20,Train,0,Tampa Bay Rays,7,5,3,1,0,1,0,16.0,3,Observed,1,1,1
P00835,TOR_20260820_1_PA029,TOR_20260820_1,B007,Daz Cameron,2026-08-20,Train,0,Tampa Bay Rays,7,6,3,2,0,1,1,41.0,3,Observed,1,1,1
P00836,TOR_20260820_1_PA030,TOR_20260820_1,B009,George Springer,2026-08-20,Train,0,Tampa Bay Rays,7,1,0,0,1,3,0,15.0,0,Observed,1,1,0
P00837,TOR_20260820_1_PA030,TOR_20260820_1,B009,George Springer,2026-08-20,Train,0,Tampa Bay Rays,7,2,0,1,1,3,0,9.0,0,Observed,1,1,0
P00838,TOR_20260820_1_PA030,TOR_20260820_1,B009,George Springer,2026-08-20,Train,0,Tampa Bay Rays,7,3,0,2,1,3,0,16.0,0,Observed,1,1,0
P00839,TOR_20260820_1_PA030,TOR_20260820_1,B009,George Springer,2026-08-20,Train,0,Tampa Bay Rays,7,4,,,1,3,0,15.0,0,Observed,1,1,0
P00840,TOR_20260820_1_PA030,TOR_20260820_1,B009,George Springer,2026-08-20,Train,0,Tampa Bay Rays,7,5,,,1,3,0,14.0,1,Observed,1,1,0
P00841,TOR_20260820_1_PA030,TOR_20260820_1,B009,George Springer,2026-08-20,Train,0,Tampa Bay Rays,7,6,,,1,3,0,15.0,0,Observed,1,1,0
P00842,TOR_20260820_1_PA030,TOR_20260820_1,B009,George Springer,2026-08-20,Train,0,Tampa Bay Rays,7,7,,,1,3,0,16.0,1,Observed,1,1,0
P00843,TOR_20260820_1_PA031,TOR_20260820_1,B012,Kazuma Okamoto,2026-08-20,Train,0,Tampa Bay Rays,7,1,0,0,1,2,0,13.0,0,Observed,1,1,1
P00844,TOR_20260820_1_PA031,TOR_20260820_1,B012,Kazuma Okamoto,2026-08-20,Train,0,Tampa Bay Rays,7,2,0,1,1,2,0,12.0,1,Observed,1,1,1
P00845,TOR_20260820_1_PA031,TOR_20260820_1,B012,Kazuma Okamoto,2026-08-20,Train,0,Tampa Bay Rays,7,3,0,2,1,2,0,17.0,1,Observed,1,1,1
P00846,TOR_20260820_1_PA031,TOR_20260820_1,B012,Kazuma Okamoto,2026-08-20,Train,0,Tampa Bay Rays,7,4,1,2,1,2,0,16.0,0,Observed,1,1,1
P00847,TOR_20260820_1_PA031,TOR_20260820_1,B012,Kazuma Okamoto,2026-08-20,Train,0,Tampa Bay Rays,7,5,1,2,1,2,0,20.0,1,Observed,1,1,1
P00848,TOR_20260820_1_PA031,TOR_20260820_1,B012,Kazuma Okamoto,2026-08-20,Train,0,Tampa Bay Rays,7,6,2,2,1,2,0,15.0,0,Observed,1,1,1
P00849,TOR_20260820_1_PA031,TOR_20260820_1,B012,Kazuma Okamoto,2026-08-20,Train,0,Tampa Bay Rays,7,7,2,2,1,2,0,16.0,1,Observed,1,1,1
P00850,TOR_20260820_1_PA032,TOR_20260820_1,B003,Brandon Valenzuela,2026-08-20,Train,0,Tampa Bay Rays,8,1,0,0,0,0,0,15.0,1,Observed,1,1,1
P00851,TOR_20260820_1_PA032,TOR_20260820_1,B003,Brandon Valenzuela,2026-08-20,Train,0,Tampa Bay Rays,8,2,1,0,0,0,0,15.0,1,Observed,1,1,1
P00852,TOR_20260820_1_PA032,TOR_20260820_1,B003,Brandon Valenzuela,2026-08-20,Train,0,Tampa Bay Rays,8,3,2,0,0,0,0,15.0,1,Observed,1,1,1
P00853,TOR_20260820_1_PA032,TOR_20260820_1,B003,Brandon Valenzuela,2026-08-20,Train,0,Tampa Bay Rays,8,4,3,0,0,0,1,24.0,1,Observed,1,1,1
P00854,TOR_20260820_1_PA033,TOR_20260820_1,B008,Ernie Clement,2026-08-20,Train,0,Tampa Bay Rays,8,1,0,0,0,1,0,14.0,0,Observed,1,1,1
P00855,TOR_20260820_1_PA033,TOR_20260820_1,B008,Ernie Clement,2026-08-20,Train,0,Tampa Bay Rays,8,2,1,0,0,1,0,15.0,0,Observed,1,1,1
P00856,TOR_20260820_1_PA033,TOR_20260820_1,B008,Ernie Clement,2026-08-20,Train,0,Tampa Bay Rays,8,3,1,1,0,1,0,15.0,1,Observed,1,1,1
P00857,TOR_20260820_1_PA033,TOR_20260820_1,B008,Ernie Clement,2026-08-20,Train,0,Tampa Bay Rays,8,4,2,1,0,1,0,16.0,2,Observed,1,1,1
P00858,TOR_20260820_1_PA034,TOR_20260820_1,B013,Myles Straw,2026-08-20,Train,0,Tampa Bay Rays,8,1,0,0,1,2,0,11.0,1,Observed,1,1,1
P00859,TOR_20260820_1_PA034,TOR_20260820_1,B013,Myles Straw,2026-08-20,Train,0,Tampa Bay Rays,8,2,0,1,1,2,0,19.0,1,Observed,1,1,1
P00860,TOR_20260820_1_PA035,TOR_20260820_1,B014,Nathan Lukes,2026-08-20,Train,0,Tampa Bay Rays,8,1,0,0,1,2,0,20.0,3,Observed,1,1,1
P00861,TOR_20260820_1_PA035,TOR_20260820_1,B014,Nathan Lukes,2026-08-20,Train,0,Tampa Bay Rays,8,2,0,1,1,2,0,17.0,3,Observed,1,1,1
P00862,TOR_20260820_1_PA035,TOR_20260820_1,B014,Nathan Lukes,2026-08-20,Train,0,Tampa Bay Rays,8,3,1,1,1,2,0,16.0,4,Observed,1,1,1
P00863,TOR_20260820_1_PA035,TOR_20260820_1,B014,Nathan Lukes,2026-08-20,Train,0,Tampa Bay Rays,8,4,1,2,1,2,0,16.0,3,Observed,1,1,1
P00864,TOR_20260820_1_PA035,TOR_20260820_1,B014,Nathan Lukes,2026-08-20,Train,0,Tampa Bay Rays,8,5,1,2,1,2,0,13.0,3,Observed,1,1,1
P00865,TOR_20260820_1_PA035,TOR_20260820_1,B014,Nathan Lukes,2026-08-20,Train,0,Tampa Bay Rays,8,6,2,2,1,2,0,17.0,3,Observed,1,1,1
P00866,TOR_20260820_1_PA035,TOR_20260820_1,B014,Nathan Lukes,2026-08-20,Train,0,Tampa Bay Rays,8,7,3,2,1,2,0,20.0,3,Observed,1,1,1
P00867,TOR_20260820_1_PA036,TOR_20260820_1,B005,Charles McAdoo,2026-08-20,Train,0,Tampa Bay Rays,8,1,0,0,1,2,0,16.0,0,Observed,1,1,1
P00868,TOR_20260820_1_PA036,TOR_20260820_1,B005,Charles McAdoo,2026-08-20,Train,0,Tampa Bay Rays,8,2,1,0,1,2,0,18.0,1,Observed,1,1,1
P00869,TOR_20260820_1_PA037,TOR_20260820_1,B007,Daz Cameron,2026-08-20,Train,0,Tampa Bay Rays,9,1,0,0,0,0,0,15.0,1,Observed,1,1,1
P00870,TOR_20260820_1_PA037,TOR_20260820_1,B007,Daz Cameron,2026-08-20,Train,0,Tampa Bay Rays,9,2,0,1,0,0,0,11.0,1,Observed,1,1,1
P00871,TOR_20260820_1_PA037,TOR_20260820_1,B007,Daz Cameron,2026-08-20,Train,0,Tampa Bay Rays,9,3,0,2,0,0,0,12.0,2,Observed,1,1,1
P00872,TOR_20260820_1_PA037,TOR_20260820_1,B007,Daz Cameron,2026-08-20,Train,0,Tampa Bay Rays,9,4,0,2,0,0,0,12.0,2,Observed,1,1,1
P00873,TOR_20260820_1_PA037,TOR_20260820_1,B007,Daz Cameron,2026-08-20,Train,0,Tampa Bay Rays,9,5,1,2,0,0,0,14.0,1,Observed,1,1,1
P00874,TOR_20260820_1_PA038,TOR_20260820_1,B001,Alejandro Kirk,2026-08-20,Train,0,Tampa Bay Rays,9,1,0,0,0,0,0,17.0,3,Observed,1,1,1
P00875,TOR_20260820_1_PA039,TOR_20260820_1,B009,George Springer,2026-08-20,Train,0,Tampa Bay Rays,9,1,0,0,0,0,0,20.0,0,Observed,1,1,1
P00876,TOR_20260820_1_PA039,TOR_20260820_1,B009,George Springer,2026-08-20,Train,0,Tampa Bay Rays,9,2,0,1,0,0,0,11.0,1,Observed,1,1,1
P00877,TOR_20260820_1_PA039,TOR_20260820_1,B009,George Springer,2026-08-20,Train,0,Tampa Bay Rays,9,3,0,2,0,0,0,15.0,1,Observed,1,1,1
P00878,TOR_20260820_1_PA040,TOR_20260820_1,B012,Kazuma Okamoto,2026-08-20,Train,0,Tampa Bay Rays,9,1,0,0,0,1,0,15.0,0,Observed,1,1,1
P00879,TOR_20260820_1_PA040,TOR_20260820_1,B012,Kazuma Okamoto,2026-08-20,Train,0,Tampa Bay Rays,9,2,0,1,0,1,0,15.0,1,Observed,1,1,1
P00880,TOR_20260820_1_PA040,TOR_20260820_1,B012,Kazuma Okamoto,2026-08-20,Train,0,Tampa Bay Rays,9,3,1,1,0,1,0,15.0,1,Observed,1,1,1
P00881,TOR_20260821_1_PA001,TOR_20260821_1,B004,Brett Bateman,2026-08-21,Train,0,New York Yankees,1,1,0,0,0,0,0,16.0,0,Observed,1,1,1
P00882,TOR_20260821_1_PA001,TOR_20260821_1,B004,Brett Bateman,2026-08-21,Train,0,New York Yankees,1,2,1,0,0,0,0,17.0,0,Observed,1,1,1
P00883,TOR_20260821_1_PA001,TOR_20260821_1,B004,Brett Bateman,2026-08-21,Train,0,New York Yankees,1,3,2,0,0,0,0,18.0,0,Observed,1,1,1
P00884,TOR_20260821_1_PA001,TOR_20260821_1,B004,Brett Bateman,2026-08-21,Train,0,New York Yankees,1,4,2,1,0,0,0,18.0,0,Observed,1,1,1
P00885,TOR_20260821_1_PA002,TOR_20260821_1,B014,Nathan Lukes,2026-08-21,Train,0,New York Yankees,1,1,0,0,0,1,0,15.0,3,Observed,1,1,1
P00886,TOR_20260821_1_PA003,TOR_20260821_1,B001,Alejandro Kirk,2026-08-21,Train,0,New York Yankees,1,1,0,0,0,0,0,14.0,3,Observed,1,1,1
P00887,TOR_20260821_1_PA003,TOR_20260821_1,B001,Alejandro Kirk,2026-08-21,Train,0,New York Yankees,1,2,1,0,0,0,0,14.0,4,Observed,1,1,1
P00888,TOR_20260821_1_PA003,TOR_20260821_1,B001,Alejandro Kirk,2026-08-21,Train,0,New York Yankees,1,3,2,0,0,0,0,15.0,4,Observed,1,1,1
P00889,TOR_20260821_1_PA003,TOR_20260821_1,B001,Alejandro Kirk,2026-08-21,Train,0,New York Yankees,1,4,3,0,0,0,0,16.0,1,Observed,1,1,1
P00890,TOR_20260821_1_PA004,TOR_20260821_1,B010,Jesús Sánchez,2026-08-21,Train,0,New York Yankees,1,1,0,0,0,1,0,16.0,1,Observed,1,1,1
P00891,TOR_20260821_1_PA005,TOR_20260821_1,B008,Ernie Clement,2026-08-21,Train,0,New York Yankees,1,1,0,0,1,2,0,17.0,3,Observed,1,1,1
P00892,TOR_20260821_1_PA005,TOR_20260821_1,B008,Ernie Clement,2026-08-21,Train,0,New York Yankees,1,2,0,1,1,2,0,17.0,1,Observed,1,1,1
P00893,TOR_20260821_1_PA005,TOR_20260821_1,B008,Ernie Clement,2026-08-21,Train,0,New York Yankees,1,3,0,2,1,2,0,21.0,0,Observed,1,1,1
P00894,TOR_20260821_1_PA006,TOR_20260821_1,B012,Kazuma Okamoto,2026-08-21,Train,0,New York Yankees,2,1,0,0,0,0,0,14.0,0,Observed,1,1,1
P00895,TOR_20260821_1_PA006,TOR_20260821_1,B012,Kazuma Okamoto,2026-08-21,Train,0,New York Yankees,2,2,1,0,0,0,0,13.0,1,Observed,1,1,1
P00896,TOR_20260821_1_PA006,TOR_20260821_1,B012,Kazuma Okamoto,2026-08-21,Train,0,New York Yankees,2,3,2,0,0,0,0,12.0,1,Observed,1,1,1
P00897,TOR_20260821_1_PA006,TOR_20260821_1,B012,Kazuma Okamoto,2026-08-21,Train,0,New York Yankees,2,4,2,1,0,0,0,13.0,1,Observed,1,1,1
P00898,TOR_20260821_1_PA007,TOR_20260821_1,B003,Brandon Valenzuela,2026-08-21,Train,0,New York Yankees,2,1,0,0,0,0,0,16.0,1,Observed,1,1,1
P00899,TOR_20260821_1_PA008,TOR_20260821_1,B005,Charles McAdoo,2026-08-21,Train,0,New York Yankees,2,1,0,0,0,0,0,15.0,0,Observed,1,1,1
P00900,TOR_20260821_1_PA009,TOR_20260821_1,B013,Myles Straw,2026-08-21,Train,0,New York Yankees,3,1,0,0,0,0,0,13.0,1,Observed,1,1,1
P00901,TOR_20260821_1_PA009,TOR_20260821_1,B013,Myles Straw,2026-08-21,Train,0,New York Yankees,3,2,1,0,0,0,0,14.0,1,Observed,1,1,1
P00902,TOR_20260821_1_PA009,TOR_20260821_1,B013,Myles Straw,2026-08-21,Train,0,New York Yankees,3,3,1,1,0,0,0,18.0,1,Observed,1,1,1
P00903,TOR_20260821_1_PA009,TOR_20260821_1,B013,Myles Straw,2026-08-21,Train,0,New York Yankees,3,4,2,1,0,0,0,15.0,1,Observed,1,1,1
P00904,TOR_20260821_1_PA009,TOR_20260821_1,B013,Myles Straw,2026-08-21,Train,0,New York Yankees,3,5,3,1,0,0,0,13.0,1,Observed,1,1,1
P00905,TOR_20260821_1_PA010,TOR_20260821_1,B004,Brett Bateman,2026-08-21,Train,0,New York Yankees,3,1,0,0,0,1,0,12.0,0,Observed,1,1,1
P00906,TOR_20260821_1_PA010,TOR_20260821_1,B004,Brett Bateman,2026-08-21,Train,0,New York Yankees,3,2,0,1,0,1,0,16.0,0,Observed,1,1,1
P00907,TOR_20260821_1_PA010,TOR_20260821_1,B004,Brett Bateman,2026-08-21,Train,0,New York Yankees,3,3,1,1,0,1,0,14.0,0,Observed,1,1,1
P00908,TOR_20260821_1_PA010,TOR_20260821_1,B004,Brett Bateman,2026-08-21,Train,0,New York Yankees,3,4,1,2,0,1,0,22.0,0,Observed,1,1,1
P00909,TOR_20260821_1_PA010,TOR_20260821_1,B004,Brett Bateman,2026-08-21,Train,0,New York Yankees,3,5,1,2,0,1,0,14.0,0,Observed,1,1,1
P00910,TOR_20260821_1_PA010,TOR_20260821_1,B004,Brett Bateman,2026-08-21,Train,0,New York Yankees,3,6,2,2,0,1,0,17.0,0,Observed,1,1,1
P00911,TOR_20260821_1_PA011,TOR_20260821_1,B014,Nathan Lukes,2026-08-21,Train,0,New York Yankees,3,1,0,0,1,1,0,15.0,3,Observed,1,1,1
P00912,TOR_20260821_1_PA011,TOR_20260821_1,B014,Nathan Lukes,2026-08-21,Train,0,New York Yankees,3,2,1,0,1,1,0,14.0,3,Observed,1,1,1
P00913,TOR_20260821_1_PA011,TOR_20260821_1,B014,Nathan Lukes,2026-08-21,Train,0,New York Yankees,3,3,2,0,1,1,0,13.0,4,Observed,1,1,1
P00914,TOR_20260821_1_PA011,TOR_20260821_1,B014,Nathan Lukes,2026-08-21,Train,0,New York Yankees,3,4,3,0,1,1,0,14.0,3,Observed,1,1,1
P00915,TOR_20260821_1_PA011,TOR_20260821_1,B014,Nathan Lukes,2026-08-21,Train,0,New York Yankees,3,5,3,1,1,1,0,13.0,3,Observed,1,1,1
P00916,TOR_20260821_1_PA012,TOR_20260821_1,B001,Alejandro Kirk,2026-08-21,Train,0,New York Yankees,3,1,0,0,1,1,0,16.0,3,Observed,1,1,1
P00917,TOR_20260821_1_PA012,TOR_20260821_1,B001,Alejandro Kirk,2026-08-21,Train,0,New York Yankees,3,2,1,0,1,1,0,18.0,3,Observed,1,1,1
P00918,TOR_20260821_1_PA012,TOR_20260821_1,B001,Alejandro Kirk,2026-08-21,Train,0,New York Yankees,3,3,2,0,1,1,0,19.0,3,Observed,1,1,1
P00919,TOR_20260821_1_PA012,TOR_20260821_1,B001,Alejandro Kirk,2026-08-21,Train,0,New York Yankees,3,4,3,0,1,1,0,18.0,3,Observed,1,1,1
P00920,TOR_20260821_1_PA012,TOR_20260821_1,B001,Alejandro Kirk,2026-08-21,Train,0,New York Yankees,3,5,3,1,1,1,0,13.0,3,Observed,1,1,1
P00921,TOR_20260821_1_PA012,TOR_20260821_1,B001,Alejandro Kirk,2026-08-21,Train,0,New York Yankees,3,6,3,2,1,1,0,16.0,3,Observed,1,1,1
P00922,TOR_20260821_1_PA013,TOR_20260821_1,B010,Jesús Sánchez,2026-08-21,Train,0,New York Yankees,3,1,0,0,1,2,0,17.0,2,Observed,1,1,1
P00923,TOR_20260821_1_PA013,TOR_20260821_1,B010,Jesús Sánchez,2026-08-21,Train,0,New York Yankees,3,2,0,1,1,2,0,16.0,2,Observed,1,1,1
P00924,TOR_20260821_1_PA013,TOR_20260821_1,B010,Jesús Sánchez,2026-08-21,Train,0,New York Yankees,3,3,0,2,1,2,0,28.0,3,Observed,1,1,1
P00925,TOR_20260821_1_PA013,TOR_20260821_1,B010,Jesús Sánchez,2026-08-21,Train,0,New York Yankees,3,4,1,2,1,2,0,18.0,2,Observed,1,1,1
P00926,TOR_20260821_1_PA014,TOR_20260821_1,B008,Ernie Clement,2026-08-21,Train,0,New York Yankees,4,1,0,0,0,0,0,11.0,1,Observed,1,1,1
P00927,TOR_20260821_1_PA014,TOR_20260821_1,B008,Ernie Clement,2026-08-21,Train,0,New York Yankees,4,2,1,0,0,0,0,13.0,2,Observed,1,1,1
P00928,TOR_20260821_1_PA014,TOR_20260821_1,B008,Ernie Clement,2026-08-21,Train,0,New York Yankees,4,3,2,0,0,0,0,13.0,2,Observed,1,1,1
P00929,TOR_20260821_1_PA014,TOR_20260821_1,B008,Ernie Clement,2026-08-21,Train,0,New York Yankees,4,4,2,1,0,0,0,13.0,1,Observed,1,1,1
P00930,TOR_20260821_1_PA014,TOR_20260821_1,B008,Ernie Clement,2026-08-21,Train,0,New York Yankees,4,5,2,2,0,0,0,14.0,1,Observed,1,1,1
P00931,TOR_20260821_1_PA014,TOR_20260821_1,B008,Ernie Clement,2026-08-21,Train,0,New York Yankees,4,6,2,2,0,0,0,20.0,1,Observed,1,1,1
P00932,TOR_20260821_1_PA015,TOR_20260821_1,B012,Kazuma Okamoto,2026-08-21,Train,0,New York Yankees,4,1,0,0,0,1,0,16.0,1,Observed,1,1,1
P00933,TOR_20260821_1_PA015,TOR_20260821_1,B012,Kazuma Okamoto,2026-08-21,Train,0,New York Yankees,4,2,0,1,0,1,0,11.0,1,Observed,1,1,1
P00934,TOR_20260821_1_PA015,TOR_20260821_1,B012,Kazuma Okamoto,2026-08-21,Train,0,New York Yankees,4,3,0,2,0,1,0,16.0,0,Observed,1,1,1
P00935,TOR_20260821_1_PA015,TOR_20260821_1,B012,Kazuma Okamoto,2026-08-21,Train,0,New York Yankees,4,4,1,2,0,1,0,14.0,2,Observed,1,1,1
P00936,TOR_20260821_1_PA015,TOR_20260821_1,B012,Kazuma Okamoto,2026-08-21,Train,0,New York Yankees,4,5,2,2,0,1,0,14.0,1,Observed,1,1,1
P00937,TOR_20260821_1_PA015,TOR_20260821_1,B012,Kazuma Okamoto,2026-08-21,Train,0,New York Yankees,4,6,2,2,0,1,0,16.0,1,Observed,1,1,1
P00938,TOR_20260821_1_PA015,TOR_20260821_1,B012,Kazuma Okamoto,2026-08-21,Train,0,New York Yankees,4,7,3,2,0,1,0,14.0,1,Observed,1,1,1
P00939,TOR_20260821_1_PA015,TOR_20260821_1,B012,Kazuma Okamoto,2026-08-21,Train,0,New York Yankees,4,8,3,2,0,1,0,18.0,2,Observed,1,1,1
P00940,TOR_20260821_1_PA016,TOR_20260821_1,B003,Brandon Valenzuela,2026-08-21,Train,0,New York Yankees,4,1,0,0,1,2,0,16.0,2,Observed,1,1,1
P00941,TOR_20260821_1_PA016,TOR_20260821_1,B003,Brandon Valenzuela,2026-08-21,Train,0,New York Yankees,4,2,1,0,1,2,0,17.0,2,Observed,1,1,1
P00942,TOR_20260821_1_PA017,TOR_20260821_1,B005,Charles McAdoo,2026-08-21,Train,0,New York Yankees,4,1,0,0,1,2,0,21.0,1,Observed,1,1,1
P00943,TOR_20260821_1_PA017,TOR_20260821_1,B005,Charles McAdoo,2026-08-21,Train,0,New York Yankees,4,2,0,1,1,2,0,15.0,1,Observed,1,1,1
P00944,TOR_20260821_1_PA017,TOR_20260821_1,B005,Charles McAdoo,2026-08-21,Train,0,New York Yankees,4,3,0,2,1,2,0,24.0,1,Observed,1,1,1
P00945,TOR_20260821_1_PA018,TOR_20260821_1,B013,Myles Straw,2026-08-21,Train,0,New York Yankees,4,1,0,0,1,2,0,12.0,1,Observed,1,1,1
P00946,TOR_20260821_1_PA018,TOR_20260821_1,B013,Myles Straw,2026-08-21,Train,0,New York Yankees,4,2,0,1,1,2,0,20.0,1,Observed,1,1,1
P00947,TOR_20260821_1_PA018,TOR_20260821_1,B013,Myles Straw,2026-08-21,Train,0,New York Yankees,4,3,1,1,1,2,0,16.0,1,Observed,1,1,1
P00948,TOR_20260821_1_PA018,TOR_20260821_1,B013,Myles Straw,2026-08-21,Train,0,New York Yankees,4,4,1,2,1,2,1,33.0,1,Observed,1,1,1
P00949,TOR_20260821_1_PA018,TOR_20260821_1,B013,Myles Straw,2026-08-21,Train,0,New York Yankees,4,5,2,2,1,2,0,18.0,1,Observed,1,1,1
P00950,TOR_20260821_1_PA018,TOR_20260821_1,B013,Myles Straw,2026-08-21,Train,0,New York Yankees,4,6,3,2,1,2,0,20.0,1,Observed,1,1,1
P00951,TOR_20260821_1_PA018,TOR_20260821_1,B013,Myles Straw,2026-08-21,Train,0,New York Yankees,4,7,3,2,1,2,0,16.0,1,Observed,1,1,1
P00952,TOR_20260821_1_PA018,TOR_20260821_1,B013,Myles Straw,2026-08-21,Train,0,New York Yankees,4,8,3,2,1,2,0,28.0,1,Observed,1,1,1
P00953,TOR_20260821_1_PA019,TOR_20260821_1,B004,Brett Bateman,2026-08-21,Train,0,New York Yankees,5,1,0,0,0,0,0,19.0,0,Observed,1,1,1
P00954,TOR_20260821_1_PA019,TOR_20260821_1,B004,Brett Bateman,2026-08-21,Train,0,New York Yankees,5,2,0,1,0,0,0,14.0,0,Observed,1,1,1
P00955,TOR_20260821_1_PA020,TOR_20260821_1,B014,Nathan Lukes,2026-08-21,Train,0,New York Yankees,5,1,0,0,1,1,0,24.0,3,Observed,1,1,1
P00956,TOR_20260821_1_PA020,TOR_20260821_1,B014,Nathan Lukes,2026-08-21,Train,0,New York Yankees,5,2,1,0,1,1,0,16.0,3,Observed,1,1,1
P00957,TOR_20260821_1_PA020,TOR_20260821_1,B014,Nathan Lukes,2026-08-21,Train,0,New York Yankees,5,3,1,1,1,1,0,23.0,3,Observed,1,1,1
P00958,TOR_20260821_1_PA020,TOR_20260821_1,B014,Nathan Lukes,2026-08-21,Train,0,New York Yankees,5,4,1,2,1,1,0,14.0,3,Observed,1,1,1
P00959,TOR_20260821_1_PA021,TOR_20260821_1,B001,Alejandro Kirk,2026-08-21,Train,0,New York Yankees,5,1,0,0,1,1,0,16.0,3,Observed,1,1,1
P00960,TOR_20260821_1_PA021,TOR_20260821_1,B001,Alejandro Kirk,2026-08-21,Train,0,New York Yankees,5,2,0,1,1,1,0,15.0,3,Observed,1,1,1
P00961,TOR_20260821_1_PA021,TOR_20260821_1,B001,Alejandro Kirk,2026-08-21,Train,0,New York Yankees,5,3,1,1,1,1,0,16.0,3,Observed,1,1,1
P00962,TOR_20260821_1_PA021,TOR_20260821_1,B001,Alejandro Kirk,2026-08-21,Train,0,New York Yankees,5,4,1,2,1,1,0,12.0,3,Observed,1,1,1
P00963,TOR_20260821_1_PA022,TOR_20260821_1,B010,Jesús Sánchez,2026-08-21,Train,0,New York Yankees,5,1,0,0,0,1,0,17.0,1,Observed,1,1,1
P00964,TOR_20260821_1_PA022,TOR_20260821_1,B010,Jesús Sánchez,2026-08-21,Train,0,New York Yankees,5,2,1,0,0,1,0,14.0,2,Observed,1,1,1
P00965,TOR_20260821_1_PA022,TOR_20260821_1,B010,Jesús Sánchez,2026-08-21,Train,0,New York Yankees,5,3,2,0,0,1,0,17.0,2,Observed,1,1,1
P00966,TOR_20260821_1_PA023,TOR_20260821_1,B008,Ernie Clement,2026-08-21,Train,0,New York Yankees,6,1,0,0,0,0,0,13.0,1,Observed,1,1,1
P00967,TOR_20260821_1_PA023,TOR_20260821_1,B008,Ernie Clement,2026-08-21,Train,0,New York Yankees,6,2,1,0,0,0,0,14.0,1,Observed,1,1,1
P00968,TOR_20260821_1_PA023,TOR_20260821_1,B008,Ernie Clement,2026-08-21,Train,0,New York Yankees,6,3,1,1,0,0,0,13.0,1,Observed,1,1,1
P00969,TOR_20260821_1_PA023,TOR_20260821_1,B008,Ernie Clement,2026-08-21,Train,0,New York Yankees,6,4,1,2,0,0,0,11.0,1,Observed,1,1,1
P00970,TOR_20260821_1_PA024,TOR_20260821_1,B012,Kazuma Okamoto,2026-08-21,Train,0,New York Yankees,6,1,0,0,0,0,0,14.0,2,Observed,1,1,1
P00971,TOR_20260821_1_PA024,TOR_20260821_1,B012,Kazuma Okamoto,2026-08-21,Train,0,New York Yankees,6,2,0,1,0,0,0,17.0,1,Observed,1,1,1
P00972,TOR_20260821_1_PA024,TOR_20260821_1,B012,Kazuma Okamoto,2026-08-21,Train,0,New York Yankees,6,3,0,2,0,0,0,11.0,1,Observed,1,1,1
P00973,TOR_20260821_1_PA025,TOR_20260821_1,B003,Brandon Valenzuela,2026-08-21,Train,0,New York Yankees,6,1,0,0,0,0,0,12.0,1,Observed,1,1,1
P00974,TOR_20260821_1_PA025,TOR_20260821_1,B003,Brandon Valenzuela,2026-08-21,Train,0,New York Yankees,6,2,0,1,0,0,0,13.0,2,Observed,1,1,1
P00975,TOR_20260821_1_PA025,TOR_20260821_1,B003,Brandon Valenzuela,2026-08-21,Train,0,New York Yankees,6,3,0,2,0,0,0,12.0,2,Observed,1,1,1
P00976,TOR_20260821_1_PA025,TOR_20260821_1,B003,Brandon Valenzuela,2026-08-21,Train,0,New York Yankees,6,4,1,2,0,0,0,13.0,2,Observed,1,1,1
P00977,TOR_20260821_1_PA026,TOR_20260821_1,B005,Charles McAdoo,2026-08-21,Train,0,New York Yankees,7,1,0,0,0,0,0,14.0,1,Observed,1,1,1
P00978,TOR_20260821_1_PA026,TOR_20260821_1,B005,Charles McAdoo,2026-08-21,Train,0,New York Yankees,7,2,0,1,0,0,0,11.0,1,Observed,1,1,1
P00979,TOR_20260821_1_PA026,TOR_20260821_1,B005,Charles McAdoo,2026-08-21,Train,0,New York Yankees,7,3,0,2,0,0,0,13.0,1,Observed,1,1,1
P00980,TOR_20260821_1_PA026,TOR_20260821_1,B005,Charles McAdoo,2026-08-21,Train,0,New York Yankees,7,4,1,2,0,0,0,13.0,0,Observed,1,1,1
P00981,TOR_20260821_1_PA027,TOR_20260821_1,B013,Myles Straw,2026-08-21,Train,0,New York Yankees,7,1,0,0,0,0,0,12.0,1,Observed,1,1,1
P00982,TOR_20260821_1_PA027,TOR_20260821_1,B013,Myles Straw,2026-08-21,Train,0,New York Yankees,7,2,0,1,0,0,0,16.0,0,Observed,1,1,1
P00983,TOR_20260821_1_PA028,TOR_20260821_1,B004,Brett Bateman,2026-08-21,Train,0,New York Yankees,7,1,0,0,0,0,0,13.0,0,Observed,1,1,1
P00984,TOR_20260821_1_PA028,TOR_20260821_1,B004,Brett Bateman,2026-08-21,Train,0,New York Yankees,7,2,1,0,0,0,0,16.0,0,Observed,1,1,1
P00985,TOR_20260821_1_PA028,TOR_20260821_1,B004,Brett Bateman,2026-08-21,Train,0,New York Yankees,7,3,1,1,0,0,0,12.0,0,Observed,1,1,1
P00986,TOR_20260821_1_PA028,TOR_20260821_1,B004,Brett Bateman,2026-08-21,Train,0,New York Yankees,7,4,1,2,0,0,0,14.0,0,Observed,1,1,1
P00987,TOR_20260821_1_PA028,TOR_20260821_1,B004,Brett Bateman,2026-08-21,Train,0,New York Yankees,7,5,2,2,0,0,0,17.0,0,Observed,1,1,1
P00988,TOR_20260821_1_PA028,TOR_20260821_1,B004,Brett Bateman,2026-08-21,Train,0,New York Yankees,7,6,2,2,0,0,0,21.0,0,Observed,1,1,1
P00989,TOR_20260821_1_PA029,TOR_20260821_1,B009,George Springer,2026-08-21,Train,0,New York Yankees,7,1,0,0,1,1,0,14.0,1,Observed,1,1,1
P00990,TOR_20260821_1_PA029,TOR_20260821_1,B009,George Springer,2026-08-21,Train,0,New York Yankees,7,2,0,1,1,1,0,15.0,1,Observed,1,1,1
P00991,TOR_20260821_1_PA029,TOR_20260821_1,B009,George Springer,2026-08-21,Train,0,New York Yankees,7,3,0,2,1,1,0,12.0,0,Observed,1,1,1
P00992,TOR_20260821_1_PA029,TOR_20260821_1,B009,George Springer,2026-08-21,Train,0,New York Yankees,7,4,0,2,1,1,0,19.0,2,Observed,1,1,1
P00993,TOR_20260821_1_PA029,TOR_20260821_1,B009,George Springer,2026-08-21,Train,0,New York Yankees,7,5,1,2,1,1,0,16.0,1,Observed,1,1,1
P00994,TOR_20260821_1_PA029,TOR_20260821_1,B009,George Springer,2026-08-21,Train,0,New York Yankees,7,6,2,2,1,1,0,13.0,1,Observed,1,1,1
P00995,TOR_20260821_1_PA029,TOR_20260821_1,B009,George Springer,2026-08-21,Train,0,New York Yankees,7,7,2,2,1,1,0,11.0,1,Observed,1,1,1
P00996,TOR_20260821_1_PA030,TOR_20260821_1,B001,Alejandro Kirk,2026-08-21,Train,0,New York Yankees,8,1,0,0,0,0,0,12.0,1,Observed,1,1,1
P00997,TOR_20260821_1_PA030,TOR_20260821_1,B001,Alejandro Kirk,2026-08-21,Train,0,New York Yankees,8,2,0,1,0,0,0,13.0,1,Observed,1,1,1
P00998,TOR_20260821_1_PA030,TOR_20260821_1,B001,Alejandro Kirk,2026-08-21,Train,0,New York Yankees,8,3,1,1,0,0,0,13.0,1,Observed,1,1,1
P00999,TOR_20260821_1_PA030,TOR_20260821_1,B001,Alejandro Kirk,2026-08-21,Train,0,New York Yankees,8,4,2,1,0,0,0,16.0,1,Observed,1,1,1
P01000,TOR_20260821_1_PA030,TOR_20260821_1,B001,Alejandro Kirk,2026-08-21,Train,0,New York Yankees,8,5,2,2,0,0,0,13.0,1,Observed,1,1,1
P01001,TOR_20260821_1_PA031,TOR_20260821_1,B010,Jesús Sánchez,2026-08-21,Train,0,New York Yankees,8,1,0,0,0,0,0,14.0,1,Observed,1,1,1
P01002,TOR_20260821_1_PA032,TOR_20260821_1,B008,Ernie Clement,2026-08-21,Train,0,New York Yankees,8,1,0,0,1,1,0,16.0,1,Observed,1,1,1
P01003,TOR_20260821_1_PA032,TOR_20260821_1,B008,Ernie Clement,2026-08-21,Train,0,New York Yankees,8,2,0,1,1,1,0,14.0,1,Observed,1,1,1
P01004,TOR_20260821_1_PA032,TOR_20260821_1,B008,Ernie Clement,2026-08-21,Train,0,New York Yankees,8,3,1,1,1,1,0,15.0,1,Observed,1,1,1
P01005,TOR_20260821_1_PA033,TOR_20260821_1,B012,Kazuma Okamoto,2026-08-21,Train,0,New York Yankees,8,1,0,0,1,1,0,20.0,1,Observed,1,1,1
P01006,TOR_20260821_1_PA033,TOR_20260821_1,B012,Kazuma Okamoto,2026-08-21,Train,0,New York Yankees,8,2,1,0,1,1,0,15.0,1,Observed,1,1,1
P01007,TOR_20260821_1_PA033,TOR_20260821_1,B012,Kazuma Okamoto,2026-08-21,Train,0,New York Yankees,8,3,1,1,1,1,0,16.0,2,Observed,1,1,1
P01008,TOR_20260821_1_PA033,TOR_20260821_1,B012,Kazuma Okamoto,2026-08-21,Train,0,New York Yankees,8,4,2,1,1,1,0,17.0,2,Observed,1,1,1
P01009,TOR_20260821_1_PA033,TOR_20260821_1,B012,Kazuma Okamoto,2026-08-21,Train,0,New York Yankees,8,5,3,1,1,1,0,15.0,2,Observed,1,1,1
P01010,TOR_20260821_1_PA033,TOR_20260821_1,B012,Kazuma Okamoto,2026-08-21,Train,0,New York Yankees,8,6,3,2,1,1,0,11.0,1,Observed,1,1,1
P01011,TOR_20260821_1_PA033,TOR_20260821_1,B012,Kazuma Okamoto,2026-08-21,Train,0,New York Yankees,8,7,3,2,1,1,0,17.0,1,Observed,1,1,1
P01012,TOR_20260821_1_PA034,TOR_20260821_1,B003,Brandon Valenzuela,2026-08-21,Train,0,New York Yankees,9,1,0,0,0,0,0,10.0,1,Observed,1,1,1
P01013,TOR_20260821_1_PA034,TOR_20260821_1,B003,Brandon Valenzuela,2026-08-21,Train,0,New York Yankees,9,2,0,1,0,0,0,13.0,1,Observed,1,1,1
P01014,TOR_20260821_1_PA034,TOR_20260821_1,B003,Brandon Valenzuela,2026-08-21,Train,0,New York Yankees,9,3,1,1,0,0,0,16.0,1,Observed,1,1,1
P01015,TOR_20260821_1_PA034,TOR_20260821_1,B003,Brandon Valenzuela,2026-08-21,Train,0,New York Yankees,9,4,1,2,0,0,0,17.0,1,Observed,1,1,1
P01016,TOR_20260821_1_PA034,TOR_20260821_1,B003,Brandon Valenzuela,2026-08-21,Train,0,New York Yankees,9,5,1,2,0,0,0,12.0,1,Observed,1,1,1
P01017,TOR_20260821_1_PA034,TOR_20260821_1,B003,Brandon Valenzuela,2026-08-21,Train,0,New York Yankees,9,6,2,2,0,0,0,13.0,1,Observed,1,1,1
P01018,TOR_20260821_1_PA035,TOR_20260821_1,B005,Charles McAdoo,2026-08-21,Train,0,New York Yankees,9,1,0,0,1,1,0,10.0,1,Observed,1,1,1
P01019,TOR_20260821_1_PA036,TOR_20260821_1,B013,Myles Straw,2026-08-21,Train,0,New York Yankees,9,1,0,0,1,1,0,13.0,1,Observed,1,1,1
P01020,TOR_20260821_1_PA036,TOR_20260821_1,B013,Myles Straw,2026-08-21,Train,0,New York Yankees,9,2,0,1,1,1,0,11.0,1,Observed,1,1,1
P01021,TOR_20260821_1_PA036,TOR_20260821_1,B013,Myles Straw,2026-08-21,Train,0,New York Yankees,9,3,0,2,1,1,0,15.0,1,Observed,1,1,1
P01022,TOR_20260821_1_PA036,TOR_20260821_1,B013,Myles Straw,2026-08-21,Train,0,New York Yankees,9,4,0,2,1,1,0,16.0,1,Observed,1,1,1
P01023,TOR_20260821_1_PA036,TOR_20260821_1,B013,Myles Straw,2026-08-21,Train,0,New York Yankees,9,5,1,2,1,1,0,21.0,1,Observed,1,1,1
P01024,TOR_20260821_1_PA037,TOR_20260821_1,B004,Brett Bateman,2026-08-21,Train,0,New York Yankees,9,1,0,0,1,1,0,10.0,0,Observed,1,1,1
P01025,TOR_20260821_1_PA037,TOR_20260821_1,B004,Brett Bateman,2026-08-21,Train,0,New York Yankees,9,2,1,0,1,1,0,15.0,0,Observed,1,1,1
P01026,TOR_20260821_1_PA037,TOR_20260821_1,B004,Brett Bateman,2026-08-21,Train,0,New York Yankees,9,3,1,1,1,1,0,11.0,0,Observed,1,1,1
P01027,TOR_20260821_1_PA037,TOR_20260821_1,B004,Brett Bateman,2026-08-21,Train,0,New York Yankees,9,4,1,2,1,1,0,13.0,0,Observed,1,1,1
P01028,TOR_20260822_1_PA001,TOR_20260822_1,B004,Brett Bateman,2026-08-22,Train,0,New York Yankees,1,1,0,0,0,0,0,11.0,0,Observed,1,1,1
P01029,TOR_20260822_1_PA001,TOR_20260822_1,B004,Brett Bateman,2026-08-22,Train,0,New York Yankees,1,2,0,1,0,0,0,12.0,0,Observed,1,1,1
P01030,TOR_20260822_1_PA001,TOR_20260822_1,B004,Brett Bateman,2026-08-22,Train,0,New York Yankees,1,3,0,2,0,0,0,17.0,0,Observed,1,1,1
P01031,TOR_20260822_1_PA001,TOR_20260822_1,B004,Brett Bateman,2026-08-22,Train,0,New York Yankees,1,4,1,2,0,0,0,12.0,0,Observed,1,1,1
P01032,TOR_20260822_1_PA001,TOR_20260822_1,B004,Brett Bateman,2026-08-22,Train,0,New York Yankees,1,5,2,2,0,0,0,14.0,0,Observed,1,1,1
P01033,TOR_20260822_1_PA001,TOR_20260822_1,B004,Brett Bateman,2026-08-22,Train,0,New York Yankees,1,6,2,2,0,0,0,12.0,0,Observed,1,1,1
P01034,TOR_20260822_1_PA001,TOR_20260822_1,B004,Brett Bateman,2026-08-22,Train,0,New York Yankees,1,7,2,2,0,0,0,13.0,0,Observed,1,1,1
P01035,TOR_20260822_1_PA001,TOR_20260822_1,B004,Brett Bateman,2026-08-22,Train,0,New York Yankees,1,8,2,2,0,0,0,10.0,0,Observed,1,1,1
P01036,TOR_20260822_1_PA002,TOR_20260822_1,B017,Vladimir Guerrero Jr.,2026-08-22,Train,0,New York Yankees,1,1,0,0,0,1,0,14.0,2,Observed,1,1,1
P01037,TOR_20260822_1_PA002,TOR_20260822_1,B017,Vladimir Guerrero Jr.,2026-08-22,Train,0,New York Yankees,1,2,0,1,0,1,0,16.0,2,Observed,1,1,1
P01038,TOR_20260822_1_PA003,TOR_20260822_1,B001,Alejandro Kirk,2026-08-22,Train,0,New York Yankees,1,1,0,0,0,1,0,14.0,2,Observed,1,1,1
P01039,TOR_20260822_1_PA003,TOR_20260822_1,B001,Alejandro Kirk,2026-08-22,Train,0,New York Yankees,1,2,0,1,0,1,1,46.0,3,Observed,1,1,1
P01040,TOR_20260822_1_PA003,TOR_20260822_1,B001,Alejandro Kirk,2026-08-22,Train,0,New York Yankees,1,3,1,1,0,1,0,14.0,3,Observed,1,1,1
P01041,TOR_20260822_1_PA003,TOR_20260822_1,B001,Alejandro Kirk,2026-08-22,Train,0,New York Yankees,1,4,1,2,0,1,0,11.0,3,Observed,1,1,1
P01042,TOR_20260822_1_PA003,TOR_20260822_1,B001,Alejandro Kirk,2026-08-22,Train,0,New York Yankees,1,5,2,2,0,1,0,18.0,3,Observed,1,1,1
P01043,TOR_20260822_1_PA004,TOR_20260822_1,B009,George Springer,2026-08-22,Train,0,New York Yankees,1,1,0,0,1,2,0,17.0,1,Observed,1,1,1
P01044,TOR_20260822_1_PA004,TOR_20260822_1,B009,George Springer,2026-08-22,Train,0,New York Yankees,1,2,1,0,1,2,0,15.0,1,Observed,1,1,1
P01045,TOR_20260822_1_PA004,TOR_20260822_1,B009,George Springer,2026-08-22,Train,0,New York Yankees,1,3,1,1,1,2,0,16.0,1,Observed,1,1,1
P01046,TOR_20260822_1_PA005,TOR_20260822_1,B012,Kazuma Okamoto,2026-08-22,Train,0,New York Yankees,1,1,0,0,1,2,0,18.0,1,Observed,1,1,1
P01047,TOR_20260822_1_PA005,TOR_20260822_1,B012,Kazuma Okamoto,2026-08-22,Train,0,New York Yankees,1,2,0,1,1,2,0,16.0,0,Observed,1,1,1
P01048,TOR_20260822_1_PA005,TOR_20260822_1,B012,Kazuma Okamoto,2026-08-22,Train,0,New York Yankees,1,3,1,1,1,2,0,12.0,1,Observed,1,1,1
P01049,TOR_20260822_1_PA005,TOR_20260822_1,B012,Kazuma Okamoto,2026-08-22,Train,0,New York Yankees,1,4,1,2,1,2,0,15.0,1,Observed,1,1,1
P01050,TOR_20260822_1_PA005,TOR_20260822_1,B012,Kazuma Okamoto,2026-08-22,Train,0,New York Yankees,1,5,2,2,1,2,0,16.0,1,Observed,1,1,1
P01051,TOR_20260822_1_PA006,TOR_20260822_1,B008,Ernie Clement,2026-08-22,Train,0,New York Yankees,1,1,0,0,1,2,0,12.0,1,Observed,1,1,1
P01052,TOR_20260822_1_PA006,TOR_20260822_1,B008,Ernie Clement,2026-08-22,Train,0,New York Yankees,1,2,0,1,1,2,0,11.0,1,Observed,1,1,1
P01053,TOR_20260822_1_PA007,TOR_20260822_1,B007,Daz Cameron,2026-08-22,Train,0,New York Yankees,2,1,0,0,0,0,0,11.0,1,Observed,1,1,1
P01054,TOR_20260822_1_PA007,TOR_20260822_1,B007,Daz Cameron,2026-08-22,Train,0,New York Yankees,2,2,0,1,0,0,0,14.0,1,Observed,1,1,1
P01055,TOR_20260822_1_PA007,TOR_20260822_1,B007,Daz Cameron,2026-08-22,Train,0,New York Yankees,2,3,1,1,0,0,0,11.0,1,Observed,1,1,1
P01056,TOR_20260822_1_PA007,TOR_20260822_1,B007,Daz Cameron,2026-08-22,Train,0,New York Yankees,2,4,2,1,0,0,0,9.0,1,Observed,1,1,1
P01057,TOR_20260822_1_PA007,TOR_20260822_1,B007,Daz Cameron,2026-08-22,Train,0,New York Yankees,2,5,2,2,0,0,0,13.0,1,Observed,1,1,1
P01058,TOR_20260822_1_PA007,TOR_20260822_1,B007,Daz Cameron,2026-08-22,Train,0,New York Yankees,2,6,3,2,0,0,0,14.0,1,Observed,1,1,1
P01059,TOR_20260822_1_PA007,TOR_20260822_1,B007,Daz Cameron,2026-08-22,Train,0,New York Yankees,2,7,3,2,0,0,0,14.0,1,Observed,1,1,1
P01060,TOR_20260822_1_PA008,TOR_20260822_1,B005,Charles McAdoo,2026-08-22,Train,0,New York Yankees,2,1,0,0,0,0,0,13.0,0,Observed,1,1,1
P01061,TOR_20260822_1_PA008,TOR_20260822_1,B005,Charles McAdoo,2026-08-22,Train,0,New York Yankees,2,2,0,1,0,0,0,12.0,0,Observed,1,1,1
P01062,TOR_20260822_1_PA008,TOR_20260822_1,B005,Charles McAdoo,2026-08-22,Train,0,New York Yankees,2,3,1,1,0,0,0,13.0,0,Observed,1,1,1
P01063,TOR_20260822_1_PA008,TOR_20260822_1,B005,Charles McAdoo,2026-08-22,Train,0,New York Yankees,2,4,1,2,0,0,0,17.0,0,Observed,1,1,1
P01064,TOR_20260822_1_PA008,TOR_20260822_1,B005,Charles McAdoo,2026-08-22,Train,0,New York Yankees,2,5,2,2,0,0,0,16.0,0,Observed,1,1,1
P01065,TOR_20260822_1_PA009,TOR_20260822_1,B013,Myles Straw,2026-08-22,Train,0,New York Yankees,2,1,0,0,0,0,0,12.0,0,Observed,1,1,1
P01066,TOR_20260822_1_PA009,TOR_20260822_1,B013,Myles Straw,2026-08-22,Train,0,New York Yankees,2,2,0,1,0,0,0,13.0,0,Observed,1,1,1
P01067,TOR_20260822_1_PA009,TOR_20260822_1,B013,Myles Straw,2026-08-22,Train,0,New York Yankees,2,3,1,1,0,0,0,14.0,0,Observed,1,1,1
P01068,TOR_20260822_1_PA009,TOR_20260822_1,B013,Myles Straw,2026-08-22,Train,0,New York Yankees,2,4,2,1,0,0,0,16.0,0,Observed,1,1,1
P01069,TOR_20260822_1_PA010,TOR_20260822_1,B004,Brett Bateman,2026-08-22,Train,0,New York Yankees,3,1,0,0,0,0,0,12.0,0,Observed,1,1,1
P01070,TOR_20260822_1_PA010,TOR_20260822_1,B004,Brett Bateman,2026-08-22,Train,0,New York Yankees,3,2,0,1,0,0,0,10.0,0,Observed,1,1,1
P01071,TOR_20260822_1_PA010,TOR_20260822_1,B004,Brett Bateman,2026-08-22,Train,0,New York Yankees,3,3,1,1,0,0,0,13.0,0,Observed,1,1,1
P01072,TOR_20260822_1_PA011,TOR_20260822_1,B017,Vladimir Guerrero Jr.,2026-08-22,Train,0,New York Yankees,3,1,0,0,0,1,0,15.0,2,Observed,1,1,1
P01073,TOR_20260822_1_PA011,TOR_20260822_1,B017,Vladimir Guerrero Jr.,2026-08-22,Train,0,New York Yankees,3,2,1,0,0,1,0,15.0,3,Observed,1,1,1
P01074,TOR_20260822_1_PA011,TOR_20260822_1,B017,Vladimir Guerrero Jr.,2026-08-22,Train,0,New York Yankees,3,3,1,1,0,1,0,15.0,3,Observed,1,1,1
P01075,TOR_20260822_1_PA011,TOR_20260822_1,B017,Vladimir Guerrero Jr.,2026-08-22,Train,0,New York Yankees,3,4,1,2,0,1,1,47.0,2,Observed,1,1,1
P01076,TOR_20260822_1_PA012,TOR_20260822_1,B001,Alejandro Kirk,2026-08-22,Train,0,New York Yankees,3,1,0,0,1,2,0,20.0,2,Observed,1,1,1
P01077,TOR_20260822_1_PA012,TOR_20260822_1,B001,Alejandro Kirk,2026-08-22,Train,0,New York Yankees,3,2,0,1,1,2,0,17.0,3,Observed,1,1,1
P01078,TOR_20260822_1_PA013,TOR_20260822_1,B009,George Springer,2026-08-22,Train,0,New York Yankees,3,1,0,0,1,1,0,23.0,0,Observed,1,1,1
P01079,TOR_20260822_1_PA013,TOR_20260822_1,B009,George Springer,2026-08-22,Train,0,New York Yankees,3,2,0,1,1,1,0,18.0,0,Observed,1,1,1
P01080,TOR_20260822_1_PA014,TOR_20260822_1,B012,Kazuma Okamoto,2026-08-22,Train,0,New York Yankees,4,1,0,0,0,0,0,12.0,0,Observed,1,1,1
P01081,TOR_20260822_1_PA014,TOR_20260822_1,B012,Kazuma Okamoto,2026-08-22,Train,0,New York Yankees,4,2,0,1,0,0,0,13.0,0,Observed,1,1,1
P01082,TOR_20260822_1_PA014,TOR_20260822_1,B012,Kazuma Okamoto,2026-08-22,Train,0,New York Yankees,4,3,1,1,0,0,0,13.0,1,Observed,1,1,1
P01083,TOR_20260822_1_PA014,TOR_20260822_1,B012,Kazuma Okamoto,2026-08-22,Train,0,New York Yankees,4,4,1,2,0,0,0,16.0,1,Observed,1,1,1
P01084,TOR_20260822_1_PA014,TOR_20260822_1,B012,Kazuma Okamoto,2026-08-22,Train,0,New York Yankees,4,5,1,2,0,0,0,18.0,2,Observed,1,1,1
P01085,TOR_20260822_1_PA015,TOR_20260822_1,B008,Ernie Clement,2026-08-22,Train,0,New York Yankees,4,1,0,0,1,1,0,18.0,2,Observed,1,1,1
P01086,TOR_20260822_1_PA015,TOR_20260822_1,B008,Ernie Clement,2026-08-22,Train,0,New York Yankees,4,2,0,1,1,1,0,19.0,2,Observed,1,1,1
P01087,TOR_20260822_1_PA016,TOR_20260822_1,B007,Daz Cameron,2026-08-22,Train,0,New York Yankees,4,1,0,0,1,2,0,17.0,1,Observed,1,1,1
P01088,TOR_20260822_1_PA016,TOR_20260822_1,B007,Daz Cameron,2026-08-22,Train,0,New York Yankees,4,2,1,0,1,2,0,16.0,0,Observed,1,1,1
P01089,TOR_20260822_1_PA016,TOR_20260822_1,B007,Daz Cameron,2026-08-22,Train,0,New York Yankees,4,3,1,1,1,2,0,14.0,0,Observed,1,1,1
P01090,TOR_20260822_1_PA016,TOR_20260822_1,B007,Daz Cameron,2026-08-22,Train,0,New York Yankees,4,4,2,1,1,2,0,16.0,1,Observed,1,1,1
P01091,TOR_20260822_1_PA016,TOR_20260822_1,B007,Daz Cameron,2026-08-22,Train,0,New York Yankees,4,5,3,1,1,2,0,17.0,0,Observed,1,1,1
P01092,TOR_20260822_1_PA016,TOR_20260822_1,B007,Daz Cameron,2026-08-22,Train,0,New York Yankees,4,6,3,2,1,2,0,13.0,1,Observed,1,1,1
P01093,TOR_20260822_1_PA016,TOR_20260822_1,B007,Daz Cameron,2026-08-22,Train,0,New York Yankees,4,7,3,2,1,2,0,12.0,0,Observed,1,1,1
P01094,TOR_20260822_1_PA017,TOR_20260822_1,B005,Charles McAdoo,2026-08-22,Train,0,New York Yankees,4,1,0,0,1,2,0,15.0,1,Observed,1,1,1
P01095,TOR_20260822_1_PA017,TOR_20260822_1,B005,Charles McAdoo,2026-08-22,Train,0,New York Yankees,4,2,0,1,1,2,0,16.0,1,Observed,1,1,1
P01096,TOR_20260822_1_PA017,TOR_20260822_1,B005,Charles McAdoo,2026-08-22,Train,0,New York Yankees,4,3,0,2,1,2,0,21.0,1,Observed,1,1,1
P01097,TOR_20260822_1_PA017,TOR_20260822_1,B005,Charles McAdoo,2026-08-22,Train,0,New York Yankees,4,4,0,2,1,2,0,17.0,2,Observed,1,1,1
P01098,TOR_20260822_1_PA018,TOR_20260822_1,B013,Myles Straw,2026-08-22,Train,0,New York Yankees,4,1,0,0,1,2,0,20.0,1,Observed,1,1,1
P01099,TOR_20260822_1_PA018,TOR_20260822_1,B013,Myles Straw,2026-08-22,Train,0,New York Yankees,4,2,0,1,1,2,0,27.0,1,Observed,1,1,1
P01100,TOR_20260822_1_PA018,TOR_20260822_1,B013,Myles Straw,2026-08-22,Train,0,New York Yankees,4,3,1,1,1,2,0,14.0,2,Observed,1,1,1
P01101,TOR_20260822_1_PA018,TOR_20260822_1,B013,Myles Straw,2026-08-22,Train,0,New York Yankees,4,4,1,2,1,2,0,15.0,1,Observed,1,1,1
P01102,TOR_20260822_1_PA018,TOR_20260822_1,B013,Myles Straw,2026-08-22,Train,0,New York Yankees,4,5,2,2,1,2,0,14.0,1,Observed,1,1,1
P01103,TOR_20260822_1_PA019,TOR_20260822_1,B004,Brett Bateman,2026-08-22,Train,0,New York Yankees,4,1,0,0,1,2,0,13.0,0,Observed,1,1,1
P01104,TOR_20260822_1_PA019,TOR_20260822_1,B004,Brett Bateman,2026-08-22,Train,0,New York Yankees,4,2,1,0,1,2,0,13.0,1,Observed,1,1,1
P01105,TOR_20260822_1_PA019,TOR_20260822_1,B004,Brett Bateman,2026-08-22,Train,0,New York Yankees,4,3,1,1,1,2,0,14.0,0,Observed,1,1,1
P01106,TOR_20260822_1_PA019,TOR_20260822_1,B004,Brett Bateman,2026-08-22,Train,0,New York Yankees,4,4,2,1,1,2,0,14.0,0,Observed,1,1,1
P01107,TOR_20260822_1_PA019,TOR_20260822_1,B004,Brett Bateman,2026-08-22,Train,0,New York Yankees,4,5,2,2,1,2,1,59.0,0,Observed,1,1,1
P01108,TOR_20260822_1_PA019,TOR_20260822_1,B004,Brett Bateman,2026-08-22,Train,0,New York Yankees,4,6,3,2,1,2,0,17.0,0,Observed,1,1,1
P01109,TOR_20260822_1_PA020,TOR_20260822_1,B017,Vladimir Guerrero Jr.,2026-08-22,Train,0,New York Yankees,4,1,0,0,1,3,0,16.0,2,Observed,1,1,1
P01110,TOR_20260822_1_PA020,TOR_20260822_1,B017,Vladimir Guerrero Jr.,2026-08-22,Train,0,New York Yankees,4,2,0,1,1,3,0,11.0,1,Observed,1,1,1
P01111,TOR_20260822_1_PA020,TOR_20260822_1,B017,Vladimir Guerrero Jr.,2026-08-22,Train,0,New York Yankees,4,3,1,1,1,3,0,16.0,1,Observed,1,1,1
P01112,TOR_20260822_1_PA020,TOR_20260822_1,B017,Vladimir Guerrero Jr.,2026-08-22,Train,0,New York Yankees,4,4,2,1,1,3,0,18.0,0,Observed,1,1,1
P01113,TOR_20260822_1_PA021,TOR_20260822_1,B001,Alejandro Kirk,2026-08-22,Train,0,New York Yankees,5,1,0,0,0,0,0,11.0,3,Observed,1,1,1
P01114,TOR_20260822_1_PA021,TOR_20260822_1,B001,Alejandro Kirk,2026-08-22,Train,0,New York Yankees,5,2,0,1,0,0,0,12.0,2,Observed,1,1,1
P01115,TOR_20260822_1_PA021,TOR_20260822_1,B001,Alejandro Kirk,2026-08-22,Train,0,New York Yankees,5,3,1,1,0,0,0,12.0,2,Observed,1,1,1
P01116,TOR_20260822_1_PA021,TOR_20260822_1,B001,Alejandro Kirk,2026-08-22,Train,0,New York Yankees,5,4,2,1,0,0,0,15.0,3,Observed,1,1,1
P01117,TOR_20260822_1_PA021,TOR_20260822_1,B001,Alejandro Kirk,2026-08-22,Train,0,New York Yankees,5,5,3,1,0,0,0,13.0,1,Observed,1,1,1
P01118,TOR_20260822_1_PA021,TOR_20260822_1,B001,Alejandro Kirk,2026-08-22,Train,0,New York Yankees,5,6,3,2,0,0,0,19.0,3,Observed,1,1,1
P01119,TOR_20260822_1_PA022,TOR_20260822_1,B009,George Springer,2026-08-22,Train,0,New York Yankees,5,1,0,0,0,1,0,11.0,1,Observed,1,1,1
P01120,TOR_20260822_1_PA022,TOR_20260822_1,B009,George Springer,2026-08-22,Train,0,New York Yankees,5,2,0,1,0,1,0,17.0,0,Observed,1,1,1
P01121,TOR_20260822_1_PA022,TOR_20260822_1,B009,George Springer,2026-08-22,Train,0,New York Yankees,5,3,1,1,0,1,0,18.0,0,Observed,1,1,1
P01122,TOR_20260822_1_PA022,TOR_20260822_1,B009,George Springer,2026-08-22,Train,0,New York Yankees,5,4,2,1,0,1,0,17.0,0,Observed,1,1,1
P01123,TOR_20260822_1_PA022,TOR_20260822_1,B009,George Springer,2026-08-22,Train,0,New York Yankees,5,5,3,1,0,1,0,15.0,0,Observed,1,1,1
P01124,TOR_20260822_1_PA023,TOR_20260822_1,B012,Kazuma Okamoto,2026-08-22,Train,0,New York Yankees,5,1,0,0,1,2,0,31.0,1,Observed,1,1,1
P01125,TOR_20260822_1_PA024,TOR_20260822_1,B008,Ernie Clement,2026-08-22,Train,0,New York Yankees,5,1,0,0,1,2,0,12.0,2,Observed,1,1,1
P01126,TOR_20260822_1_PA024,TOR_20260822_1,B008,Ernie Clement,2026-08-22,Train,0,New York Yankees,5,2,0,1,1,2,0,10.0,1,Observed,1,1,1
P01127,TOR_20260822_1_PA024,TOR_20260822_1,B008,Ernie Clement,2026-08-22,Train,0,New York Yankees,5,3,0,2,1,2,0,15.0,1,Observed,1,1,1
P01128,TOR_20260822_1_PA025,TOR_20260822_1,B014,Nathan Lukes,2026-08-22,Train,0,New York Yankees,5,1,0,0,1,2,0,14.0,3,Observed,1,1,1
P01129,TOR_20260822_1_PA025,TOR_20260822_1,B014,Nathan Lukes,2026-08-22,Train,0,New York Yankees,5,2,0,1,1,2,0,26.0,4,Observed,1,1,1
P01130,TOR_20260822_1_PA025,TOR_20260822_1,B014,Nathan Lukes,2026-08-22,Train,0,New York Yankees,5,3,1,1,1,2,0,15.0,4,Observed,1,1,1
P01131,TOR_20260822_1_PA025,TOR_20260822_1,B014,Nathan Lukes,2026-08-22,Train,0,New York Yankees,5,4,2,1,1,2,0,16.0,3,Observed,1,1,1
P01132,TOR_20260822_1_PA026,TOR_20260822_1,B005,Charles McAdoo,2026-08-22,Train,0,New York Yankees,5,1,0,0,1,2,0,20.0,0,Observed,1,1,1
P01133,TOR_20260822_1_PA026,TOR_20260822_1,B005,Charles McAdoo,2026-08-22,Train,0,New York Yankees,5,2,0,1,1,2,0,12.0,1,Observed,1,1,1
P01134,TOR_20260822_1_PA026,TOR_20260822_1,B005,Charles McAdoo,2026-08-22,Train,0,New York Yankees,5,3,1,1,1,2,0,18.0,0,Observed,1,1,1
P01135,TOR_20260822_1_PA026,TOR_20260822_1,B005,Charles McAdoo,2026-08-22,Train,0,New York Yankees,5,4,2,1,1,2,0,15.0,1,Observed,1,1,1
P01136,TOR_20260822_1_PA026,TOR_20260822_1,B005,Charles McAdoo,2026-08-22,Train,0,New York Yankees,5,5,2,2,1,2,0,11.0,1,Observed,1,1,1
P01137,TOR_20260822_1_PA027,TOR_20260822_1,B013,Myles Straw,2026-08-22,Train,0,New York Yankees,6,1,0,0,0,0,0,12.0,0,Observed,1,1,1
P01138,TOR_20260822_1_PA028,TOR_20260822_1,B004,Brett Bateman,2026-08-22,Train,0,New York Yankees,6,1,0,0,1,1,0,14.0,0,Observed,1,1,1
P01139,TOR_20260822_1_PA029,TOR_20260822_1,B017,Vladimir Guerrero Jr.,2026-08-22,Train,0,New York Yankees,6,1,0,0,1,1,0,22.0,2,Observed,1,1,1
P01140,TOR_20260822_1_PA029,TOR_20260822_1,B017,Vladimir Guerrero Jr.,2026-08-22,Train,0,New York Yankees,6,2,1,0,1,1,0,17.0,2,Observed,1,1,1
P01141,TOR_20260822_1_PA030,TOR_20260822_1,B001,Alejandro Kirk,2026-08-22,Train,0,New York Yankees,6,1,0,0,1,1,0,14.0,3,Observed,1,1,1
P01142,TOR_20260822_1_PA030,TOR_20260822_1,B001,Alejandro Kirk,2026-08-22,Train,0,New York Yankees,6,2,0,1,1,1,0,16.0,3,Observed,1,1,1
P01143,TOR_20260822_1_PA030,TOR_20260822_1,B001,Alejandro Kirk,2026-08-22,Train,0,New York Yankees,6,3,0,2,1,1,0,15.0,3,Observed,1,1,1
P01144,TOR_20260822_1_PA031,TOR_20260822_1,B009,George Springer,2026-08-22,Train,0,New York Yankees,7,1,0,0,0,0,0,16.0,0,Observed,1,1,1
P01145,TOR_20260822_1_PA031,TOR_20260822_1,B009,George Springer,2026-08-22,Train,0,New York Yankees,7,2,0,1,0,0,0,12.0,0,Observed,1,1,1
P01146,TOR_20260822_1_PA031,TOR_20260822_1,B009,George Springer,2026-08-22,Train,0,New York Yankees,7,3,1,1,0,0,0,15.0,0,Observed,1,1,1
P01147,TOR_20260822_1_PA031,TOR_20260822_1,B009,George Springer,2026-08-22,Train,0,New York Yankees,7,4,2,1,0,0,0,14.0,0,Observed,1,1,1
P01148,TOR_20260822_1_PA031,TOR_20260822_1,B009,George Springer,2026-08-22,Train,0,New York Yankees,7,5,2,2,0,0,0,14.0,0,Observed,1,1,1
P01149,TOR_20260822_1_PA032,TOR_20260822_1,B012,Kazuma Okamoto,2026-08-22,Train,0,New York Yankees,7,1,0,0,0,1,0,11.0,1,Observed,1,1,1
P01150,TOR_20260822_1_PA032,TOR_20260822_1,B012,Kazuma Okamoto,2026-08-22,Train,0,New York Yankees,7,2,1,0,0,1,0,16.0,1,Observed,1,1,1
P01151,TOR_20260822_1_PA032,TOR_20260822_1,B012,Kazuma Okamoto,2026-08-22,Train,0,New York Yankees,7,3,2,0,0,1,0,18.0,0,Observed,1,1,1
P01152,TOR_20260822_1_PA032,TOR_20260822_1,B012,Kazuma Okamoto,2026-08-22,Train,0,New York Yankees,7,4,2,1,0,1,0,20.0,0,Observed,1,1,1
P01153,TOR_20260822_1_PA033,TOR_20260822_1,B008,Ernie Clement,2026-08-22,Train,0,New York Yankees,7,1,0,0,0,1,0,16.0,2,Observed,1,1,1
P01154,TOR_20260822_1_PA033,TOR_20260822_1,B008,Ernie Clement,2026-08-22,Train,0,New York Yankees,7,2,0,1,0,1,0,13.0,2,Observed,1,1,1
P01155,TOR_20260822_1_PA033,TOR_20260822_1,B008,Ernie Clement,2026-08-22,Train,0,New York Yankees,7,3,1,1,0,1,0,13.0,0,Observed,1,1,1
P01156,TOR_20260822_1_PA033,TOR_20260822_1,B008,Ernie Clement,2026-08-22,Train,0,New York Yankees,7,4,2,1,0,1,1,28.0,0,Observed,1,1,1
P01157,TOR_20260822_1_PA033,TOR_20260822_1,B008,Ernie Clement,2026-08-22,Train,0,New York Yankees,7,5,2,2,0,1,0,27.0,0,Observed,1,1,1
P01158,TOR_20260822_1_PA033,TOR_20260822_1,B008,Ernie Clement,2026-08-22,Train,0,New York Yankees,7,6,3,2,0,1,0,15.0,0,Observed,1,1,1
P01159,TOR_20260822_1_PA034,TOR_20260822_1,B014,Nathan Lukes,2026-08-22,Train,0,New York Yankees,8,1,0,0,0,0,0,14.0,3,Observed,1,1,1
P01160,TOR_20260822_1_PA034,TOR_20260822_1,B014,Nathan Lukes,2026-08-22,Train,0,New York Yankees,8,2,1,0,0,0,0,12.0,4,Observed,1,1,1
P01161,TOR_20260822_1_PA034,TOR_20260822_1,B014,Nathan Lukes,2026-08-22,Train,0,New York Yankees,8,3,1,1,0,0,0,21.0,4,Observed,1,1,1
P01162,TOR_20260822_1_PA034,TOR_20260822_1,B014,Nathan Lukes,2026-08-22,Train,0,New York Yankees,8,4,1,2,0,0,0,10.0,4,Observed,1,1,1
P01163,TOR_20260822_1_PA034,TOR_20260822_1,B014,Nathan Lukes,2026-08-22,Train,0,New York Yankees,8,5,2,2,0,0,1,29.0,4,Observed,1,1,1
P01164,TOR_20260822_1_PA035,TOR_20260822_1,B005,Charles McAdoo,2026-08-22,Train,0,New York Yankees,8,1,0,0,0,0,0,11.0,1,Observed,1,1,1
P01165,TOR_20260822_1_PA035,TOR_20260822_1,B005,Charles McAdoo,2026-08-22,Train,0,New York Yankees,8,2,0,1,0,0,0,24.0,0,Observed,1,1,1
P01166,TOR_20260822_1_PA035,TOR_20260822_1,B005,Charles McAdoo,2026-08-22,Train,0,New York Yankees,8,3,0,2,0,0,0,16.0,0,Observed,1,1,1
P01167,TOR_20260822_1_PA035,TOR_20260822_1,B005,Charles McAdoo,2026-08-22,Train,0,New York Yankees,8,4,1,2,0,0,0,17.0,0,Observed,1,1,1
P01168,TOR_20260822_1_PA036,TOR_20260822_1,B013,Myles Straw,2026-08-22,Train,0,New York Yankees,8,1,0,0,0,0,0,11.0,0,Observed,1,1,1
P01169,TOR_20260822_1_PA036,TOR_20260822_1,B013,Myles Straw,2026-08-22,Train,0,New York Yankees,8,2,1,0,0,0,0,14.0,0,Observed,1,1,1
P01170,TOR_20260822_1_PA037,TOR_20260822_1,B004,Brett Bateman,2026-08-22,Train,0,New York Yankees,8,1,0,0,0,1,0,25.0,0,Observed,1,1,1
P01171,TOR_20260822_1_PA038,TOR_20260822_1,B017,Vladimir Guerrero Jr.,2026-08-22,Train,0,New York Yankees,8,1,0,0,0,1,1,42.0,2,Observed,1,1,1
P01172,TOR_20260822_1_PA038,TOR_20260822_1,B017,Vladimir Guerrero Jr.,2026-08-22,Train,0,New York Yankees,8,2,0,1,0,1,0,16.0,2,Observed,1,1,1
P01173,TOR_20260822_1_PA038,TOR_20260822_1,B017,Vladimir Guerrero Jr.,2026-08-22,Train,0,New York Yankees,8,3,0,2,0,1,0,24.0,2,Observed,1,1,1
P01174,TOR_20260822_1_PA038,TOR_20260822_1,B017,Vladimir Guerrero Jr.,2026-08-22,Train,0,New York Yankees,8,4,1,2,0,1,1,33.0,3,Observed,1,1,1
P01175,TOR_20260822_1_PA038,TOR_20260822_1,B017,Vladimir Guerrero Jr.,2026-08-22,Train,0,New York Yankees,8,5,2,2,0,1,0,12.0,2,Observed,1,1,1
P01176,TOR_20260822_1_PA038,TOR_20260822_1,B017,Vladimir Guerrero Jr.,2026-08-22,Train,0,New York Yankees,8,6,2,2,0,1,0,19.0,3,Observed,1,1,1
P01177,TOR_20260822_1_PA038,TOR_20260822_1,B017,Vladimir Guerrero Jr.,2026-08-22,Train,0,New York Yankees,8,7,2,2,0,1,0,23.0,2,Observed,1,1,1
P01178,TOR_20260822_1_PA039,TOR_20260822_1,B001,Alejandro Kirk,2026-08-22,Train,0,New York Yankees,8,1,0,0,1,2,0,10.0,3,Observed,1,1,1
P01179,TOR_20260822_1_PA040,TOR_20260822_1,B009,George Springer,2026-08-22,Train,0,New York Yankees,9,1,0,0,0,0,0,15.0,0,Observed,1,1,1
P01180,TOR_20260822_1_PA040,TOR_20260822_1,B009,George Springer,2026-08-22,Train,0,New York Yankees,9,2,0,1,0,0,0,15.0,0,Observed,1,1,1
P01181,TOR_20260822_1_PA040,TOR_20260822_1,B009,George Springer,2026-08-22,Train,0,New York Yankees,9,3,1,1,0,0,0,16.0,0,Observed,1,1,1
P01182,TOR_20260822_1_PA040,TOR_20260822_1,B009,George Springer,2026-08-22,Train,0,New York Yankees,9,4,2,1,0,0,0,15.0,0,Observed,1,1,1
P01183,TOR_20260822_1_PA040,TOR_20260822_1,B009,George Springer,2026-08-22,Train,0,New York Yankees,9,5,2,2,0,0,0,15.0,0,Observed,1,1,1
P01184,TOR_20260822_1_PA040,TOR_20260822_1,B009,George Springer,2026-08-22,Train,0,New York Yankees,9,6,2,2,0,0,0,18.0,0,Observed,1,1,1
P01185,TOR_20260822_1_PA041,TOR_20260822_1,B012,Kazuma Okamoto,2026-08-22,Train,0,New York Yankees,9,1,0,0,0,0,0,12.0,0,Observed,1,1,1
P01186,TOR_20260822_1_PA041,TOR_20260822_1,B012,Kazuma Okamoto,2026-08-22,Train,0,New York Yankees,9,2,0,1,0,0,0,14.0,0,Observed,1,1,1
P01187,TOR_20260822_1_PA041,TOR_20260822_1,B012,Kazuma Okamoto,2026-08-22,Train,0,New York Yankees,9,3,0,2,0,0,0,13.0,3,Observed,1,1,1
P01188,TOR_20260822_1_PA041,TOR_20260822_1,B012,Kazuma Okamoto,2026-08-22,Train,0,New York Yankees,9,4,1,2,0,0,0,19.0,3,Observed,1,1,1
P01189,TOR_20260822_1_PA041,TOR_20260822_1,B012,Kazuma Okamoto,2026-08-22,Train,0,New York Yankees,9,5,1,2,0,0,0,16.0,2,Observed,1,1,1
P01190,TOR_20260822_1_PA041,TOR_20260822_1,B012,Kazuma Okamoto,2026-08-22,Train,0,New York Yankees,9,6,2,2,0,0,0,21.0,1,Observed,1,1,1
P01191,TOR_20260822_1_PA042,TOR_20260822_1,B008,Ernie Clement,2026-08-22,Train,0,New York Yankees,9,1,0,0,0,0,0,16.0,2,Observed,1,1,1
P01192,TOR_20260822_1_PA042,TOR_20260822_1,B008,Ernie Clement,2026-08-22,Train,0,New York Yankees,9,2,1,0,0,0,0,15.0,1,Observed,1,1,1
P01193,TOR_20260822_1_PA043,TOR_20260822_1,B014,Nathan Lukes,2026-08-22,Train,0,New York Yankees,9,1,0,0,1,1,0,18.0,3,Observed,1,1,1
P01194,TOR_20260822_1_PA043,TOR_20260822_1,B014,Nathan Lukes,2026-08-22,Train,0,New York Yankees,9,2,1,0,1,1,0,19.0,4,Observed,1,1,1
P01195,TOR_20260822_1_PA043,TOR_20260822_1,B014,Nathan Lukes,2026-08-22,Train,0,New York Yankees,9,3,1,1,1,1,0,17.0,4,Observed,1,1,1
P01196,TOR_20260822_1_PA043,TOR_20260822_1,B014,Nathan Lukes,2026-08-22,Train,0,New York Yankees,9,4,2,1,1,1,0,19.0,4,Observed,1,1,1
P01197,TOR_20260822_1_PA043,TOR_20260822_1,B014,Nathan Lukes,2026-08-22,Train,0,New York Yankees,9,5,2,2,1,1,0,21.0,3,Observed,1,1,1
P01198,TOR_20260822_1_PA043,TOR_20260822_1,B014,Nathan Lukes,2026-08-22,Train,0,New York Yankees,9,6,3,2,1,1,0,26.0,3,Observed,1,1,1
P01199,TOR_20260823_1_PA001,TOR_20260823_1,B004,Brett Bateman,2026-08-23,Train,0,New York Yankees,1,1,0,0,0,0,0,18.0,1,Observed,1,1,1
P01200,TOR_20260823_1_PA001,TOR_20260823_1,B004,Brett Bateman,2026-08-23,Train,0,New York Yankees,1,2,0,1,0,0,0,11.0,0,Observed,1,1,1
P01201,TOR_20260823_1_PA001,TOR_20260823_1,B004,Brett Bateman,2026-08-23,Train,0,New York Yankees,1,3,1,1,0,0,0,14.0,0,Observed,1,1,1
P01202,TOR_20260823_1_PA001,TOR_20260823_1,B004,Brett Bateman,2026-08-23,Train,0,New York Yankees,1,4,1,2,0,0,0,21.0,0,Observed,1,1,1
P01203,TOR_20260823_1_PA002,TOR_20260823_1,B017,Vladimir Guerrero Jr.,2026-08-23,Train,0,New York Yankees,1,1,0,0,0,0,0,10.0,2,Observed,1,1,1
P01204,TOR_20260823_1_PA002,TOR_20260823_1,B017,Vladimir Guerrero Jr.,2026-08-23,Train,0,New York Yankees,1,2,1,0,0,0,0,21.0,0,Observed,1,1,1
P01205,TOR_20260823_1_PA002,TOR_20260823_1,B017,Vladimir Guerrero Jr.,2026-08-23,Train,0,New York Yankees,1,3,1,1,0,0,0,14.0,1,Observed,1,1,1
P01206,TOR_20260823_1_PA003,TOR_20260823_1,B001,Alejandro Kirk,2026-08-23,Train,0,New York Yankees,1,1,0,0,0,0,0,12.0,3,Observed,1,1,1
P01207,TOR_20260823_1_PA003,TOR_20260823_1,B001,Alejandro Kirk,2026-08-23,Train,0,New York Yankees,1,2,0,1,0,0,0,13.0,3,Observed,1,1,1
P01208,TOR_20260823_1_PA004,TOR_20260823_1,B009,George Springer,2026-08-23,Train,0,New York Yankees,2,1,0,0,0,0,0,11.0,1,Observed,1,1,1
P01209,TOR_20260823_1_PA004,TOR_20260823_1,B009,George Springer,2026-08-23,Train,0,New York Yankees,2,2,0,1,0,0,0,14.0,1,Observed,1,1,1
P01210,TOR_20260823_1_PA004,TOR_20260823_1,B009,George Springer,2026-08-23,Train,0,New York Yankees,2,3,1,1,0,0,0,13.0,1,Observed,1,1,1
P01211,TOR_20260823_1_PA004,TOR_20260823_1,B009,George Springer,2026-08-23,Train,0,New York Yankees,2,4,2,1,0,0,0,12.0,1,Observed,1,1,1
P01212,TOR_20260823_1_PA004,TOR_20260823_1,B009,George Springer,2026-08-23,Train,0,New York Yankees,2,5,2,2,0,0,0,14.0,1,Observed,1,1,1
P01213,TOR_20260823_1_PA004,TOR_20260823_1,B009,George Springer,2026-08-23,Train,0,New York Yankees,2,6,2,2,0,0,0,18.0,1,Observed,1,1,1
P01214,TOR_20260823_1_PA004,TOR_20260823_1,B009,George Springer,2026-08-23,Train,0,New York Yankees,2,7,3,2,0,0,0,16.0,2,Observed,1,1,1
P01215,TOR_20260823_1_PA005,TOR_20260823_1,B012,Kazuma Okamoto,2026-08-23,Train,0,New York Yankees,2,1,0,0,0,0,0,14.0,1,Observed,1,1,1
P01216,TOR_20260823_1_PA005,TOR_20260823_1,B012,Kazuma Okamoto,2026-08-23,Train,0,New York Yankees,2,2,0,1,0,0,0,15.0,1,Observed,1,1,1
P01217,TOR_20260823_1_PA005,TOR_20260823_1,B012,Kazuma Okamoto,2026-08-23,Train,0,New York Yankees,2,3,1,1,0,0,0,10.0,1,Observed,1,1,1
P01218,TOR_20260823_1_PA005,TOR_20260823_1,B012,Kazuma Okamoto,2026-08-23,Train,0,New York Yankees,2,4,2,1,0,0,0,15.0,1,Observed,1,1,1
P01219,TOR_20260823_1_PA005,TOR_20260823_1,B012,Kazuma Okamoto,2026-08-23,Train,0,New York Yankees,2,5,2,2,0,0,0,13.0,2,Observed,1,1,1
P01220,TOR_20260823_1_PA005,TOR_20260823_1,B012,Kazuma Okamoto,2026-08-23,Train,0,New York Yankees,2,6,3,2,0,0,1,25.0,1,Observed,1,1,1
P01221,TOR_20260823_1_PA006,TOR_20260823_1,B008,Ernie Clement,2026-08-23,Train,0,New York Yankees,2,1,0,0,0,0,0,12.0,1,Observed,1,1,1
P01222,TOR_20260823_1_PA006,TOR_20260823_1,B008,Ernie Clement,2026-08-23,Train,0,New York Yankees,2,2,0,1,0,0,0,13.0,1,Observed,1,1,1
P01223,TOR_20260823_1_PA007,TOR_20260823_1,B007,Daz Cameron,2026-08-23,Train,0,New York Yankees,3,1,0,0,0,0,0,15.0,3,Observed,1,1,1
P01224,TOR_20260823_1_PA007,TOR_20260823_1,B007,Daz Cameron,2026-08-23,Train,0,New York Yankees,3,2,0,1,0,0,0,11.0,3,Observed,1,1,1
P01225,TOR_20260823_1_PA007,TOR_20260823_1,B007,Daz Cameron,2026-08-23,Train,0,New York Yankees,3,3,1,1,0,0,0,14.0,3,Observed,1,1,1
P01226,TOR_20260823_1_PA008,TOR_20260823_1,B005,Charles McAdoo,2026-08-23,Train,0,New York Yankees,3,1,0,0,0,0,0,16.0,1,Observed,1,1,1
P01227,TOR_20260823_1_PA008,TOR_20260823_1,B005,Charles McAdoo,2026-08-23,Train,0,New York Yankees,3,2,1,0,0,0,0,18.0,0,Observed,1,1,1
P01228,TOR_20260823_1_PA008,TOR_20260823_1,B005,Charles McAdoo,2026-08-23,Train,0,New York Yankees,3,3,2,0,0,0,0,13.0,1,Observed,1,1,1
P01229,TOR_20260823_1_PA008,TOR_20260823_1,B005,Charles McAdoo,2026-08-23,Train,0,New York Yankees,3,4,3,0,0,0,0,10.0,1,Observed,1,1,1
P01230,TOR_20260823_1_PA009,TOR_20260823_1,B013,Myles Straw,2026-08-23,Train,0,New York Yankees,3,1,0,0,0,1,0,12.0,1,Observed,1,1,1
P01231,TOR_20260823_1_PA009,TOR_20260823_1,B013,Myles Straw,2026-08-23,Train,0,New York Yankees,3,2,1,0,0,1,0,13.0,1,Observed,1,1,1
P01232,TOR_20260823_1_PA009,TOR_20260823_1,B013,Myles Straw,2026-08-23,Train,0,New York Yankees,3,3,2,0,0,1,0,16.0,1,Observed,1,1,1
P01233,TOR_20260823_1_PA009,TOR_20260823_1,B013,Myles Straw,2026-08-23,Train,0,New York Yankees,3,4,2,1,0,1,0,16.0,1,Observed,1,1,1
P01234,TOR_20260823_1_PA010,TOR_20260823_1,B004,Brett Bateman,2026-08-23,Train,0,New York Yankees,3,1,0,0,1,2,0,17.0,1,Observed,1,1,1
P01235,TOR_20260823_1_PA010,TOR_20260823_1,B004,Brett Bateman,2026-08-23,Train,0,New York Yankees,3,2,0,1,1,2,0,15.0,0,Observed,1,1,1
P01236,TOR_20260823_1_PA010,TOR_20260823_1,B004,Brett Bateman,2026-08-23,Train,0,New York Yankees,3,3,1,1,1,2,0,17.0,0,Observed,1,1,1
P01237,TOR_20260823_1_PA010,TOR_20260823_1,B004,Brett Bateman,2026-08-23,Train,0,New York Yankees,3,4,2,1,1,2,0,11.0,0,Observed,1,1,1
P01238,TOR_20260823_1_PA010,TOR_20260823_1,B004,Brett Bateman,2026-08-23,Train,0,New York Yankees,3,5,2,2,1,2,0,22.0,0,Observed,1,1,1
P01239,TOR_20260823_1_PA010,TOR_20260823_1,B004,Brett Bateman,2026-08-23,Train,0,New York Yankees,3,6,2,2,1,2,0,25.0,0,Observed,1,1,1
P01240,TOR_20260823_1_PA011,TOR_20260823_1,B017,Vladimir Guerrero Jr.,2026-08-23,Train,0,New York Yankees,3,1,0,0,1,1,0,19.0,2,Observed,1,1,1
P01241,TOR_20260823_1_PA011,TOR_20260823_1,B017,Vladimir Guerrero Jr.,2026-08-23,Train,0,New York Yankees,3,2,1,0,1,1,0,21.0,2,Observed,1,1,1
P01242,TOR_20260823_1_PA011,TOR_20260823_1,B017,Vladimir Guerrero Jr.,2026-08-23,Train,0,New York Yankees,3,3,2,0,1,1,0,20.0,3,Observed,1,1,1
P01243,TOR_20260823_1_PA011,TOR_20260823_1,B017,Vladimir Guerrero Jr.,2026-08-23,Train,0,New York Yankees,3,4,2,1,1,1,0,16.0,3,Observed,1,1,1
P01244,TOR_20260823_1_PA012,TOR_20260823_1,B001,Alejandro Kirk,2026-08-23,Train,0,New York Yankees,4,1,0,0,0,0,0,15.0,3,Observed,1,1,1
P01245,TOR_20260823_1_PA012,TOR_20260823_1,B001,Alejandro Kirk,2026-08-23,Train,0,New York Yankees,4,2,0,1,0,0,0,15.0,3,Observed,1,1,1
P01246,TOR_20260823_1_PA012,TOR_20260823_1,B001,Alejandro Kirk,2026-08-23,Train,0,New York Yankees,4,3,1,1,0,0,0,12.0,2,Observed,1,1,1
P01247,TOR_20260823_1_PA012,TOR_20260823_1,B001,Alejandro Kirk,2026-08-23,Train,0,New York Yankees,4,4,1,2,0,0,0,23.0,4,Observed,1,1,1
P01248,TOR_20260823_1_PA012,TOR_20260823_1,B001,Alejandro Kirk,2026-08-23,Train,0,New York Yankees,4,5,2,2,0,0,0,14.0,4,Observed,1,1,1
P01249,TOR_20260823_1_PA012,TOR_20260823_1,B001,Alejandro Kirk,2026-08-23,Train,0,New York Yankees,4,6,3,2,0,0,0,13.0,1,Observed,1,1,1
P01250,TOR_20260823_1_PA012,TOR_20260823_1,B001,Alejandro Kirk,2026-08-23,Train,0,New York Yankees,4,7,3,2,0,0,0,22.0,3,Observed,1,1,1
P01251,TOR_20260823_1_PA013,TOR_20260823_1,B009,George Springer,2026-08-23,Train,0,New York Yankees,4,1,0,0,0,0,0,10.0,1,Observed,1,1,1
P01252,TOR_20260823_1_PA013,TOR_20260823_1,B009,George Springer,2026-08-23,Train,0,New York Yankees,4,2,1,0,0,0,0,10.0,1,Observed,1,1,1
P01253,TOR_20260823_1_PA013,TOR_20260823_1,B009,George Springer,2026-08-23,Train,0,New York Yankees,4,3,1,1,0,0,0,11.0,0,Observed,1,1,1
P01254,TOR_20260823_1_PA013,TOR_20260823_1,B009,George Springer,2026-08-23,Train,0,New York Yankees,4,4,2,1,0,0,0,15.0,0,Observed,1,1,1
P01255,TOR_20260823_1_PA014,TOR_20260823_1,B012,Kazuma Okamoto,2026-08-23,Train,0,New York Yankees,4,1,0,0,1,1,0,20.0,1,Observed,1,1,1
P01256,TOR_20260823_1_PA014,TOR_20260823_1,B012,Kazuma Okamoto,2026-08-23,Train,0,New York Yankees,4,2,1,0,1,1,0,17.0,1,Observed,1,1,1
P01257,TOR_20260823_1_PA014,TOR_20260823_1,B012,Kazuma Okamoto,2026-08-23,Train,0,New York Yankees,4,3,1,1,1,1,0,17.0,1,Observed,1,1,1
P01258,TOR_20260823_1_PA014,TOR_20260823_1,B012,Kazuma Okamoto,2026-08-23,Train,0,New York Yankees,4,4,2,1,1,1,0,16.0,1,Observed,1,1,1
P01259,TOR_20260823_1_PA014,TOR_20260823_1,B012,Kazuma Okamoto,2026-08-23,Train,0,New York Yankees,4,5,3,1,1,1,0,16.0,1,Observed,1,1,1
P01260,TOR_20260823_1_PA015,TOR_20260823_1,B008,Ernie Clement,2026-08-23,Train,0,New York Yankees,4,1,0,0,1,2,0,22.0,2,Observed,1,1,1
P01261,TOR_20260823_1_PA015,TOR_20260823_1,B008,Ernie Clement,2026-08-23,Train,0,New York Yankees,4,2,1,0,1,2,0,16.0,0,Observed,1,1,1
P01262,TOR_20260823_1_PA015,TOR_20260823_1,B008,Ernie Clement,2026-08-23,Train,0,New York Yankees,4,3,1,1,1,2,0,18.0,0,Observed,1,1,1
P01263,TOR_20260823_1_PA016,TOR_20260823_1,B007,Daz Cameron,2026-08-23,Train,0,New York Yankees,4,1,0,0,1,3,0,21.0,3,Observed,1,1,1
P01264,TOR_20260823_1_PA016,TOR_20260823_1,B007,Daz Cameron,2026-08-23,Train,0,New York Yankees,4,2,1,0,1,3,0,12.0,3,Observed,1,1,1
P01265,TOR_20260823_1_PA016,TOR_20260823_1,B007,Daz Cameron,2026-08-23,Train,0,New York Yankees,4,3,2,0,1,3,0,15.0,3,Observed,1,1,1
P01266,TOR_20260823_1_PA016,TOR_20260823_1,B007,Daz Cameron,2026-08-23,Train,0,New York Yankees,4,4,2,1,1,3,0,22.0,2,Observed,1,1,1
P01267,TOR_20260823_1_PA016,TOR_20260823_1,B007,Daz Cameron,2026-08-23,Train,0,New York Yankees,4,5,2,2,1,3,0,15.0,2,Observed,1,1,1
P01268,TOR_20260823_1_PA016,TOR_20260823_1,B007,Daz Cameron,2026-08-23,Train,0,New York Yankees,4,6,2,2,1,3,0,25.0,2,Observed,1,1,1
P01269,TOR_20260823_1_PA016,TOR_20260823_1,B007,Daz Cameron,2026-08-23,Train,0,New York Yankees,4,7,3,2,1,3,0,14.0,4,Observed,1,1,1
P01270,TOR_20260823_1_PA017,TOR_20260823_1,B005,Charles McAdoo,2026-08-23,Train,0,New York Yankees,4,1,0,0,1,2,0,28.0,2,Observed,1,1,1
P01271,TOR_20260823_1_PA017,TOR_20260823_1,B005,Charles McAdoo,2026-08-23,Train,0,New York Yankees,4,2,1,0,1,2,0,15.0,2,Observed,1,1,1
P01272,TOR_20260823_1_PA017,TOR_20260823_1,B005,Charles McAdoo,2026-08-23,Train,0,New York Yankees,4,3,1,1,1,2,0,15.0,1,Observed,1,1,1
P01273,TOR_20260823_1_PA017,TOR_20260823_1,B005,Charles McAdoo,2026-08-23,Train,0,New York Yankees,4,4,2,1,1,2,1,30.0,1,Observed,1,1,1
P01274,TOR_20260823_1_PA017,TOR_20260823_1,B005,Charles McAdoo,2026-08-23,Train,0,New York Yankees,4,5,2,2,1,2,0,24.0,2,Observed,1,1,1
P01275,TOR_20260823_1_PA018,TOR_20260823_1,B013,Myles Straw,2026-08-23,Train,0,New York Yankees,5,1,0,0,0,0,0,16.0,1,Observed,1,1,1
P01276,TOR_20260823_1_PA018,TOR_20260823_1,B013,Myles Straw,2026-08-23,Train,0,New York Yankees,5,2,0,1,0,0,0,14.0,0,Observed,1,1,1
P01277,TOR_20260823_1_PA018,TOR_20260823_1,B013,Myles Straw,2026-08-23,Train,0,New York Yankees,5,3,0,2,0,0,0,16.0,0,Observed,1,1,1
P01278,TOR_20260823_1_PA019,TOR_20260823_1,B004,Brett Bateman,2026-08-23,Train,0,New York Yankees,5,1,0,0,0,0,0,20.0,1,Observed,1,1,1
P01279,TOR_20260823_1_PA019,TOR_20260823_1,B004,Brett Bateman,2026-08-23,Train,0,New York Yankees,5,2,1,0,0,0,0,13.0,0,Observed,1,1,1
P01280,TOR_20260823_1_PA019,TOR_20260823_1,B004,Brett Bateman,2026-08-23,Train,0,New York Yankees,5,3,1,1,0,0,0,14.0,0,Observed,1,1,1
P01281,TOR_20260823_1_PA020,TOR_20260823_1,B017,Vladimir Guerrero Jr.,2026-08-23,Train,0,New York Yankees,5,1,0,0,0,0,0,14.0,1,Observed,1,1,1
P01282,TOR_20260823_1_PA020,TOR_20260823_1,B017,Vladimir Guerrero Jr.,2026-08-23,Train,0,New York Yankees,5,2,1,0,0,0,0,13.0,0,Observed,1,1,1
P01283,TOR_20260823_1_PA020,TOR_20260823_1,B017,Vladimir Guerrero Jr.,2026-08-23,Train,0,New York Yankees,5,3,2,0,0,0,0,14.0,2,Observed,1,1,1
P01284,TOR_20260823_1_PA021,TOR_20260823_1,B001,Alejandro Kirk,2026-08-23,Train,0,New York Yankees,6,1,0,0,0,0,0,12.0,3,Observed,1,1,1
P01285,TOR_20260823_1_PA021,TOR_20260823_1,B001,Alejandro Kirk,2026-08-23,Train,0,New York Yankees,6,2,1,0,0,0,0,14.0,3,Observed,1,1,1
P01286,TOR_20260823_1_PA021,TOR_20260823_1,B001,Alejandro Kirk,2026-08-23,Train,0,New York Yankees,6,3,2,0,0,0,0,14.0,0,Observed,1,1,1
P01287,TOR_20260823_1_PA021,TOR_20260823_1,B001,Alejandro Kirk,2026-08-23,Train,0,New York Yankees,6,4,3,0,0,0,0,14.0,3,Observed,1,1,1
P01288,TOR_20260823_1_PA021,TOR_20260823_1,B001,Alejandro Kirk,2026-08-23,Train,0,New York Yankees,6,5,3,1,0,0,0,15.0,2,Observed,1,1,1
P01289,TOR_20260823_1_PA021,TOR_20260823_1,B001,Alejandro Kirk,2026-08-23,Train,0,New York Yankees,6,6,3,2,0,0,0,16.0,2,Observed,1,1,1
P01290,TOR_20260823_1_PA022,TOR_20260823_1,B009,George Springer,2026-08-23,Train,0,New York Yankees,6,1,0,0,0,0,0,14.0,1,Observed,1,1,1
P01291,TOR_20260823_1_PA022,TOR_20260823_1,B009,George Springer,2026-08-23,Train,0,New York Yankees,6,2,0,1,0,0,0,13.0,0,Observed,1,1,1
P01292,TOR_20260823_1_PA022,TOR_20260823_1,B009,George Springer,2026-08-23,Train,0,New York Yankees,6,3,0,2,0,0,0,16.0,0,Observed,1,1,1
P01293,TOR_20260823_1_PA022,TOR_20260823_1,B009,George Springer,2026-08-23,Train,0,New York Yankees,6,4,1,2,0,0,0,14.0,0,Observed,1,1,1
P01294,TOR_20260823_1_PA022,TOR_20260823_1,B009,George Springer,2026-08-23,Train,0,New York Yankees,6,5,2,2,0,0,0,14.0,0,Observed,1,1,1
P01295,TOR_20260823_1_PA023,TOR_20260823_1,B012,Kazuma Okamoto,2026-08-23,Train,0,New York Yankees,6,1,0,0,0,0,0,18.0,1,Observed,1,1,1
P01296,TOR_20260823_1_PA023,TOR_20260823_1,B012,Kazuma Okamoto,2026-08-23,Train,0,New York Yankees,6,2,1,0,0,0,0,12.0,1,Observed,1,1,1
P01297,TOR_20260823_1_PA023,TOR_20260823_1,B012,Kazuma Okamoto,2026-08-23,Train,0,New York Yankees,6,3,2,0,0,0,0,13.0,1,Observed,1,1,1
P01298,TOR_20260823_1_PA023,TOR_20260823_1,B012,Kazuma Okamoto,2026-08-23,Train,0,New York Yankees,6,4,2,1,0,0,0,11.0,1,Observed,1,1,1
P01299,TOR_20260823_1_PA023,TOR_20260823_1,B012,Kazuma Okamoto,2026-08-23,Train,0,New York Yankees,6,5,3,1,0,0,0,13.0,1,Observed,1,1,1
P01300,TOR_20260823_1_PA024,TOR_20260823_1,B008,Ernie Clement,2026-08-23,Train,0,New York Yankees,7,1,0,0,0,0,0,17.0,2,Observed,1,1,1
P01301,TOR_20260823_1_PA024,TOR_20260823_1,B008,Ernie Clement,2026-08-23,Train,0,New York Yankees,7,2,1,0,0,0,0,13.0,1,Observed,1,1,1
P01302,TOR_20260823_1_PA025,TOR_20260823_1,B007,Daz Cameron,2026-08-23,Train,0,New York Yankees,7,1,0,0,0,0,0,14.0,3,Observed,1,1,1
P01303,TOR_20260823_1_PA025,TOR_20260823_1,B007,Daz Cameron,2026-08-23,Train,0,New York Yankees,7,2,0,1,0,0,0,14.0,3,Observed,1,1,1
P01304,TOR_20260823_1_PA026,TOR_20260823_1,B005,Charles McAdoo,2026-08-23,Train,0,New York Yankees,7,1,0,0,0,0,0,14.0,2,Observed,1,1,1
P01305,TOR_20260823_1_PA026,TOR_20260823_1,B005,Charles McAdoo,2026-08-23,Train,0,New York Yankees,7,2,0,1,0,0,0,15.0,0,Observed,1,1,1
P01306,TOR_20260823_1_PA026,TOR_20260823_1,B005,Charles McAdoo,2026-08-23,Train,0,New York Yankees,7,3,0,2,0,0,0,16.0,0,Observed,1,1,1
P01307,TOR_20260823_1_PA026,TOR_20260823_1,B005,Charles McAdoo,2026-08-23,Train,0,New York Yankees,7,4,1,2,0,0,0,15.0,0,Observed,1,1,1
P01308,TOR_20260823_1_PA027,TOR_20260823_1,B013,Myles Straw,2026-08-23,Train,0,New York Yankees,8,1,0,0,0,0,0,16.0,0,Observed,1,1,1
P01309,TOR_20260823_1_PA027,TOR_20260823_1,B013,Myles Straw,2026-08-23,Train,0,New York Yankees,8,2,1,0,0,0,0,14.0,0,Observed,1,1,1
P01310,TOR_20260823_1_PA027,TOR_20260823_1,B013,Myles Straw,2026-08-23,Train,0,New York Yankees,8,3,1,1,0,0,0,15.0,1,Observed,1,1,1
P01311,TOR_20260823_1_PA027,TOR_20260823_1,B013,Myles Straw,2026-08-23,Train,0,New York Yankees,8,4,1,2,0,0,0,20.0,3,Observed,1,1,1
P01312,TOR_20260823_1_PA028,TOR_20260823_1,B004,Brett Bateman,2026-08-23,Train,0,New York Yankees,8,1,0,0,1,1,0,13.0,1,Observed,1,1,1
P01313,TOR_20260823_1_PA028,TOR_20260823_1,B004,Brett Bateman,2026-08-23,Train,0,New York Yankees,8,2,1,0,1,1,0,14.0,0,Observed,1,1,1
P01314,TOR_20260823_1_PA028,TOR_20260823_1,B004,Brett Bateman,2026-08-23,Train,0,New York Yankees,8,3,1,1,1,1,0,19.0,1,Observed,1,1,1
P01315,TOR_20260823_1_PA028,TOR_20260823_1,B004,Brett Bateman,2026-08-23,Train,0,New York Yankees,8,4,2,1,1,1,0,15.0,0,Observed,1,1,1
P01316,TOR_20260823_1_PA028,TOR_20260823_1,B004,Brett Bateman,2026-08-23,Train,0,New York Yankees,8,5,2,2,1,1,0,14.0,0,Observed,1,1,1
P01317,TOR_20260823_1_PA029,TOR_20260823_1,B017,Vladimir Guerrero Jr.,2026-08-23,Train,0,New York Yankees,8,1,0,0,1,1,0,14.0,2,Observed,1,1,1
P01318,TOR_20260823_1_PA029,TOR_20260823_1,B017,Vladimir Guerrero Jr.,2026-08-23,Train,0,New York Yankees,8,2,1,0,1,1,0,13.0,1,Observed,1,1,1
P01319,TOR_20260823_1_PA029,TOR_20260823_1,B017,Vladimir Guerrero Jr.,2026-08-23,Train,0,New York Yankees,8,3,1,1,1,1,0,20.0,1,Observed,1,1,1
P01320,TOR_20260823_1_PA029,TOR_20260823_1,B017,Vladimir Guerrero Jr.,2026-08-23,Train,0,New York Yankees,8,4,2,1,1,1,0,15.0,0,Observed,1,1,1
P01321,TOR_20260823_1_PA029,TOR_20260823_1,B017,Vladimir Guerrero Jr.,2026-08-23,Train,0,New York Yankees,8,5,3,1,1,1,0,13.0,0,Observed,1,1,1
P01322,TOR_20260823_1_PA030,TOR_20260823_1,B001,Alejandro Kirk,2026-08-23,Train,0,New York Yankees,8,1,0,0,1,1,0,15.0,3,Observed,1,1,1
P01323,TOR_20260823_1_PA030,TOR_20260823_1,B001,Alejandro Kirk,2026-08-23,Train,0,New York Yankees,8,2,0,1,1,1,0,17.0,3,Observed,1,1,1
P01324,TOR_20260823_1_PA030,TOR_20260823_1,B001,Alejandro Kirk,2026-08-23,Train,0,New York Yankees,8,3,1,1,1,1,0,20.0,3,Observed,1,1,1
P01325,TOR_20260823_1_PA030,TOR_20260823_1,B001,Alejandro Kirk,2026-08-23,Train,0,New York Yankees,8,4,2,1,1,1,0,17.0,2,Observed,1,1,1
P01326,TOR_20260823_1_PA031,TOR_20260823_1,B009,George Springer,2026-08-23,Train,0,New York Yankees,8,1,0,0,0,1,0,12.0,1,Observed,1,1,1
P01327,TOR_20260823_1_PA031,TOR_20260823_1,B009,George Springer,2026-08-23,Train,0,New York Yankees,8,2,1,0,0,1,0,15.0,0,Observed,1,1,1
P01328,TOR_20260823_1_PA032,TOR_20260823_1,B012,Kazuma Okamoto,2026-08-23,Train,0,New York Yankees,9,1,0,0,0,0,0,12.0,2,Observed,1,1,1
P01329,TOR_20260823_1_PA032,TOR_20260823_1,B012,Kazuma Okamoto,2026-08-23,Train,0,New York Yankees,9,2,0,1,0,0,0,14.0,1,Observed,1,1,1
P01330,TOR_20260823_1_PA032,TOR_20260823_1,B012,Kazuma Okamoto,2026-08-23,Train,0,New York Yankees,9,3,0,2,0,0,0,15.0,0,Observed,1,1,1
P01331,TOR_20260823_1_PA032,TOR_20260823_1,B012,Kazuma Okamoto,2026-08-23,Train,0,New York Yankees,9,4,1,2,0,0,0,11.0,0,Observed,1,1,1
P01332,TOR_20260823_1_PA033,TOR_20260823_1,B008,Ernie Clement,2026-08-23,Train,0,New York Yankees,9,1,0,0,1,1,0,18.0,1,Observed,1,1,1
P01333,TOR_20260823_1_PA033,TOR_20260823_1,B008,Ernie Clement,2026-08-23,Train,0,New York Yankees,9,2,0,1,1,1,0,15.0,1,Observed,1,1,1
P01334,TOR_20260823_1_PA034,TOR_20260823_1,B007,Daz Cameron,2026-08-23,Train,0,New York Yankees,9,1,0,0,1,1,0,21.0,3,Observed,1,1,1
P01335,TOR_20260823_1_PA034,TOR_20260823_1,B007,Daz Cameron,2026-08-23,Train,0,New York Yankees,9,2,1,0,1,1,0,15.0,3,Observed,1,1,1
P01336,TOR_20260823_1_PA034,TOR_20260823_1,B007,Daz Cameron,2026-08-23,Train,0,New York Yankees,9,3,1,1,1,1,0,17.0,3,Observed,1,1,1
P01337,TOR_20260823_1_PA034,TOR_20260823_1,B007,Daz Cameron,2026-08-23,Train,0,New York Yankees,9,4,1,2,1,1,0,17.0,1,Observed,1,1,1
P01338,TOR_20260823_1_PA035,TOR_20260823_1,B005,Charles McAdoo,2026-08-23,Train,0,New York Yankees,9,1,0,0,1,1,0,10.0,2,Observed,1,1,1
P01339,TOR_20260823_1_PA035,TOR_20260823_1,B005,Charles McAdoo,2026-08-23,Train,0,New York Yankees,9,2,0,1,1,1,0,14.0,1,Observed,1,1,1
P01340,TOR_20260823_1_PA035,TOR_20260823_1,B005,Charles McAdoo,2026-08-23,Train,0,New York Yankees,9,3,0,2,1,1,0,15.0,0,Observed,1,1,1
P01341,TOR_20260823_1_PA035,TOR_20260823_1,B005,Charles McAdoo,2026-08-23,Train,0,New York Yankees,9,4,1,2,1,1,0,13.0,0,Observed,1,1,1
P01342,TOR_20260823_1_PA035,TOR_20260823_1,B005,Charles McAdoo,2026-08-23,Train,0,New York Yankees,9,5,1,2,1,1,0,16.0,0,Observed,1,1,1
P01343,TOR_20260825_1_PA001,TOR_20260825_1,B004,Brett Bateman,2026-08-25,Train,1,Kansas City Royals,1,1,0,0,0,0,0,16.0,0,Observed,1,1,1
P01344,TOR_20260825_1_PA001,TOR_20260825_1,B004,Brett Bateman,2026-08-25,Train,1,Kansas City Royals,1,2,0,1,0,0,0,11.0,0,Observed,1,1,1
P01345,TOR_20260825_1_PA001,TOR_20260825_1,B004,Brett Bateman,2026-08-25,Train,1,Kansas City Royals,1,3,0,2,0,0,0,10.0,0,Observed,1,1,1
P01346,TOR_20260825_1_PA001,TOR_20260825_1,B004,Brett Bateman,2026-08-25,Train,1,Kansas City Royals,1,4,1,2,0,0,0,21.0,0,Observed,1,1,1
P01347,TOR_20260825_1_PA001,TOR_20260825_1,B004,Brett Bateman,2026-08-25,Train,1,Kansas City Royals,1,5,2,2,0,0,0,11.0,0,Observed,1,1,1
P01348,TOR_20260825_1_PA001,TOR_20260825_1,B004,Brett Bateman,2026-08-25,Train,1,Kansas City Royals,1,6,3,2,0,0,0,11.0,0,Observed,1,1,1
P01349,TOR_20260825_1_PA001,TOR_20260825_1,B004,Brett Bateman,2026-08-25,Train,1,Kansas City Royals,1,7,3,2,0,0,0,13.0,0,Observed,1,1,1
P01350,TOR_20260825_1_PA002,TOR_20260825_1,B014,Nathan Lukes,2026-08-25,Train,1,Kansas City Royals,1,1,0,0,0,1,0,15.0,3,Observed,1,1,1
P01351,TOR_20260825_1_PA002,TOR_20260825_1,B014,Nathan Lukes,2026-08-25,Train,1,Kansas City Royals,1,2,1,0,0,1,0,13.0,4,Observed,1,1,1
P01352,TOR_20260825_1_PA002,TOR_20260825_1,B014,Nathan Lukes,2026-08-25,Train,1,Kansas City Royals,1,3,1,1,0,1,0,17.0,4,Observed,1,1,1
P01353,TOR_20260825_1_PA002,TOR_20260825_1,B014,Nathan Lukes,2026-08-25,Train,1,Kansas City Royals,1,4,1,2,0,1,0,16.0,4,Observed,1,1,1
P01354,TOR_20260825_1_PA002,TOR_20260825_1,B014,Nathan Lukes,2026-08-25,Train,1,Kansas City Royals,1,5,2,2,0,1,0,16.0,4,Observed,1,1,1
P01355,TOR_20260825_1_PA002,TOR_20260825_1,B014,Nathan Lukes,2026-08-25,Train,1,Kansas City Royals,1,6,2,2,0,1,0,14.0,4,Observed,1,1,1
P01356,TOR_20260825_1_PA003,TOR_20260825_1,B017,Vladimir Guerrero Jr.,2026-08-25,Train,1,Kansas City Royals,1,1,0,0,1,2,0,13.0,2,Observed,1,1,1
P01357,TOR_20260825_1_PA003,TOR_20260825_1,B017,Vladimir Guerrero Jr.,2026-08-25,Train,1,Kansas City Royals,1,2,0,1,1,2,0,11.0,0,Observed,1,1,1
P01358,TOR_20260825_1_PA004,TOR_20260825_1,B012,Kazuma Okamoto,2026-08-25,Train,1,Kansas City Royals,1,1,0,0,1,2,0,17.0,1,Observed,1,1,1
P01359,TOR_20260825_1_PA004,TOR_20260825_1,B012,Kazuma Okamoto,2026-08-25,Train,1,Kansas City Royals,1,2,1,0,1,2,0,13.0,0,Observed,1,1,1
P01360,TOR_20260825_1_PA004,TOR_20260825_1,B012,Kazuma Okamoto,2026-08-25,Train,1,Kansas City Royals,1,3,2,0,1,2,0,13.0,0,Observed,1,1,1
P01361,TOR_20260825_1_PA004,TOR_20260825_1,B012,Kazuma Okamoto,2026-08-25,Train,1,Kansas City Royals,1,4,3,0,1,2,0,10.0,0,Observed,1,1,1
P01362,TOR_20260825_1_PA004,TOR_20260825_1,B012,Kazuma Okamoto,2026-08-25,Train,1,Kansas City Royals,1,5,3,1,1,2,0,11.0,0,Observed,1,1,1
P01363,TOR_20260825_1_PA004,TOR_20260825_1,B012,Kazuma Okamoto,2026-08-25,Train,1,Kansas City Royals,1,6,3,2,1,2,0,13.0,1,Observed,1,1,1
P01364,TOR_20260825_1_PA005,TOR_20260825_1,B010,Jesús Sánchez,2026-08-25,Train,1,Kansas City Royals,1,1,0,0,1,3,0,14.0,1,Observed,1,1,1
P01365,TOR_20260825_1_PA005,TOR_20260825_1,B010,Jesús Sánchez,2026-08-25,Train,1,Kansas City Royals,1,2,1,0,1,3,0,15.0,0,Observed,1,1,1
P01366,TOR_20260825_1_PA006,TOR_20260825_1,B008,Ernie Clement,2026-08-25,Train,1,Kansas City Royals,1,1,0,0,1,2,0,17.0,1,Observed,1,1,1
P01367,TOR_20260825_1_PA006,TOR_20260825_1,B008,Ernie Clement,2026-08-25,Train,1,Kansas City Royals,1,2,1,0,1,2,0,14.0,1,Observed,1,1,1
P01368,TOR_20260825_1_PA006,TOR_20260825_1,B008,Ernie Clement,2026-08-25,Train,1,Kansas City Royals,1,3,1,1,1,2,0,18.0,3,Observed,1,1,1
P01369,TOR_20260825_1_PA006,TOR_20260825_1,B008,Ernie Clement,2026-08-25,Train,1,Kansas City Royals,1,4,1,2,1,2,0,18.0,1,Observed,1,1,1
P01370,TOR_20260825_1_PA007,TOR_20260825_1,B002,Andrés Giménez,2026-08-25,Train,1,Kansas City Royals,2,1,0,0,0,0,0,16.0,1,Observed,1,1,1
P01371,TOR_20260825_1_PA008,TOR_20260825_1,B003,Brandon Valenzuela,2026-08-25,Train,1,Kansas City Royals,2,1,0,0,1,1,0,14.0,1,Observed,1,1,1
P01372,TOR_20260825_1_PA008,TOR_20260825_1,B003,Brandon Valenzuela,2026-08-25,Train,1,Kansas City Royals,2,2,1,0,1,1,0,13.0,1,Observed,1,1,1
P01373,TOR_20260825_1_PA008,TOR_20260825_1,B003,Brandon Valenzuela,2026-08-25,Train,1,Kansas City Royals,2,3,1,1,1,1,0,14.0,3,Observed,1,1,1
P01374,TOR_20260825_1_PA008,TOR_20260825_1,B003,Brandon Valenzuela,2026-08-25,Train,1,Kansas City Royals,2,4,1,2,1,1,0,21.0,3,Observed,1,1,1
P01375,TOR_20260825_1_PA009,TOR_20260825_1,B013,Myles Straw,2026-08-25,Train,1,Kansas City Royals,2,1,0,0,1,1,0,20.0,1,Observed,1,1,1
P01376,TOR_20260825_1_PA009,TOR_20260825_1,B013,Myles Straw,2026-08-25,Train,1,Kansas City Royals,2,2,0,1,1,1,0,14.0,1,Observed,1,1,1
P01377,TOR_20260825_1_PA009,TOR_20260825_1,B013,Myles Straw,2026-08-25,Train,1,Kansas City Royals,2,3,1,1,1,1,0,15.0,1,Observed,1,1,1
P01378,TOR_20260825_1_PA009,TOR_20260825_1,B013,Myles Straw,2026-08-25,Train,1,Kansas City Royals,2,4,2,1,1,1,0,16.0,1,Observed,1,1,1
P01379,TOR_20260825_1_PA009,TOR_20260825_1,B013,Myles Straw,2026-08-25,Train,1,Kansas City Royals,2,5,2,2,1,1,0,18.0,1,Observed,1,1,1
P01380,TOR_20260825_1_PA009,TOR_20260825_1,B013,Myles Straw,2026-08-25,Train,1,Kansas City Royals,2,6,3,2,1,1,0,22.0,1,Observed,1,1,1
P01381,TOR_20260825_1_PA010,TOR_20260825_1,B004,Brett Bateman,2026-08-25,Train,1,Kansas City Royals,2,1,0,0,1,1,0,9.0,0,Observed,1,1,1
P01382,TOR_20260825_1_PA010,TOR_20260825_1,B004,Brett Bateman,2026-08-25,Train,1,Kansas City Royals,2,2,1,0,1,1,0,9.0,0,Observed,1,1,1
P01383,TOR_20260825_1_PA010,TOR_20260825_1,B004,Brett Bateman,2026-08-25,Train,1,Kansas City Royals,2,3,1,1,1,1,0,14.0,0,Observed,1,1,1
P01384,TOR_20260825_1_PA010,TOR_20260825_1,B004,Brett Bateman,2026-08-25,Train,1,Kansas City Royals,2,4,1,2,1,1,0,17.0,1,Observed,1,1,1
P01385,TOR_20260825_1_PA010,TOR_20260825_1,B004,Brett Bateman,2026-08-25,Train,1,Kansas City Royals,2,5,1,2,1,1,0,16.0,0,Observed,1,1,1
P01386,TOR_20260825_1_PA011,TOR_20260825_1,B014,Nathan Lukes,2026-08-25,Train,1,Kansas City Royals,3,1,0,0,1,1,0,12.0,3,Observed,1,1,1
P01387,TOR_20260825_1_PA011,TOR_20260825_1,B014,Nathan Lukes,2026-08-25,Train,1,Kansas City Royals,3,2,1,0,1,1,0,11.0,4,Observed,1,1,1
P01388,TOR_20260825_1_PA012,TOR_20260825_1,B017,Vladimir Guerrero Jr.,2026-08-25,Train,1,Kansas City Royals,3,1,0,0,0,0,0,11.0,2,Observed,1,1,1
P01389,TOR_20260825_1_PA012,TOR_20260825_1,B017,Vladimir Guerrero Jr.,2026-08-25,Train,1,Kansas City Royals,3,2,1,0,0,0,0,14.0,1,Observed,1,1,1
P01390,TOR_20260825_1_PA013,TOR_20260825_1,B012,Kazuma Okamoto,2026-08-25,Train,1,Kansas City Royals,3,1,0,0,0,0,0,14.0,1,Observed,1,1,1
P01391,TOR_20260825_1_PA013,TOR_20260825_1,B012,Kazuma Okamoto,2026-08-25,Train,1,Kansas City Royals,3,2,0,1,0,0,0,10.0,0,Observed,1,1,1
P01392,TOR_20260825_1_PA013,TOR_20260825_1,B012,Kazuma Okamoto,2026-08-25,Train,1,Kansas City Royals,3,3,1,1,0,0,0,9.0,0,Observed,1,1,1
P01393,TOR_20260825_1_PA013,TOR_20260825_1,B012,Kazuma Okamoto,2026-08-25,Train,1,Kansas City Royals,3,4,1,2,0,0,0,15.0,0,Observed,1,1,1
P01394,TOR_20260825_1_PA013,TOR_20260825_1,B012,Kazuma Okamoto,2026-08-25,Train,1,Kansas City Royals,3,5,2,2,0,0,0,15.0,0,Observed,1,1,1
P01395,TOR_20260825_1_PA013,TOR_20260825_1,B012,Kazuma Okamoto,2026-08-25,Train,1,Kansas City Royals,3,6,3,2,0,0,0,12.0,0,Observed,1,1,1
P01396,TOR_20260825_1_PA014,TOR_20260825_1,B010,Jesús Sánchez,2026-08-25,Train,1,Kansas City Royals,4,1,0,0,0,0,0,10.0,0,Observed,1,1,1
P01397,TOR_20260825_1_PA014,TOR_20260825_1,B010,Jesús Sánchez,2026-08-25,Train,1,Kansas City Royals,4,2,0,1,0,0,0,10.0,0,Observed,1,1,1
P01398,TOR_20260825_1_PA014,TOR_20260825_1,B010,Jesús Sánchez,2026-08-25,Train,1,Kansas City Royals,4,3,0,2,0,0,0,19.0,1,Observed,1,1,1
P01399,TOR_20260825_1_PA014,TOR_20260825_1,B010,Jesús Sánchez,2026-08-25,Train,1,Kansas City Royals,4,4,1,2,0,0,0,11.0,0,Observed,1,1,1
P01400,TOR_20260825_1_PA014,TOR_20260825_1,B010,Jesús Sánchez,2026-08-25,Train,1,Kansas City Royals,4,5,2,2,0,0,0,12.0,0,Observed,1,1,1
P01401,TOR_20260825_1_PA014,TOR_20260825_1,B010,Jesús Sánchez,2026-08-25,Train,1,Kansas City Royals,4,6,3,2,0,0,0,12.0,0,Observed,1,1,1
P01402,TOR_20260825_1_PA015,TOR_20260825_1,B008,Ernie Clement,2026-08-25,Train,1,Kansas City Royals,4,1,0,0,0,0,0,13.0,1,Observed,1,1,1
P01403,TOR_20260825_1_PA015,TOR_20260825_1,B008,Ernie Clement,2026-08-25,Train,1,Kansas City Royals,4,2,0,1,0,0,0,13.0,0,Observed,1,1,1
P01404,TOR_20260825_1_PA015,TOR_20260825_1,B008,Ernie Clement,2026-08-25,Train,1,Kansas City Royals,4,3,1,1,0,0,0,14.0,1,Observed,1,1,1
P01405,TOR_20260825_1_PA015,TOR_20260825_1,B008,Ernie Clement,2026-08-25,Train,1,Kansas City Royals,4,4,1,2,0,0,0,28.0,1,Observed,1,1,1
P01406,TOR_20260825_1_PA015,TOR_20260825_1,B008,Ernie Clement,2026-08-25,Train,1,Kansas City Royals,4,5,2,2,0,0,0,16.0,0,Observed,1,1,1
P01407,TOR_20260825_1_PA016,TOR_20260825_1,B002,Andrés Giménez,2026-08-25,Train,1,Kansas City Royals,4,1,0,0,0,1,0,11.0,2,Observed,1,1,1
P01408,TOR_20260825_1_PA016,TOR_20260825_1,B002,Andrés Giménez,2026-08-25,Train,1,Kansas City Royals,4,2,1,0,0,1,0,19.0,1,Observed,1,1,1
P01409,TOR_20260825_1_PA017,TOR_20260825_1,B003,Brandon Valenzuela,2026-08-25,Train,1,Kansas City Royals,4,1,0,0,1,2,0,10.0,1,Observed,1,1,1
P01410,TOR_20260825_1_PA017,TOR_20260825_1,B003,Brandon Valenzuela,2026-08-25,Train,1,Kansas City Royals,4,2,1,0,1,2,0,15.0,2,Observed,1,1,1
P01411,TOR_20260825_1_PA017,TOR_20260825_1,B003,Brandon Valenzuela,2026-08-25,Train,1,Kansas City Royals,4,3,1,1,1,2,0,16.0,1,Observed,1,1,1
P01412,TOR_20260825_1_PA017,TOR_20260825_1,B003,Brandon Valenzuela,2026-08-25,Train,1,Kansas City Royals,4,4,2,1,1,2,0,13.0,1,Observed,1,1,1
P01413,TOR_20260825_1_PA017,TOR_20260825_1,B003,Brandon Valenzuela,2026-08-25,Train,1,Kansas City Royals,4,5,2,2,1,2,0,19.0,1,Observed,1,1,1
P01414,TOR_20260825_1_PA018,TOR_20260825_1,B013,Myles Straw,2026-08-25,Train,1,Kansas City Royals,5,1,0,0,0,0,0,11.0,1,Observed,1,1,1
P01415,TOR_20260825_1_PA018,TOR_20260825_1,B013,Myles Straw,2026-08-25,Train,1,Kansas City Royals,5,2,1,0,0,0,0,14.0,0,Observed,1,1,1
P01416,TOR_20260825_1_PA018,TOR_20260825_1,B013,Myles Straw,2026-08-25,Train,1,Kansas City Royals,5,3,1,1,0,0,0,13.0,0,Observed,1,1,1
P01417,TOR_20260825_1_PA018,TOR_20260825_1,B013,Myles Straw,2026-08-25,Train,1,Kansas City Royals,5,4,2,1,0,0,0,12.0,0,Observed,1,1,1
P01418,TOR_20260825_1_PA018,TOR_20260825_1,B013,Myles Straw,2026-08-25,Train,1,Kansas City Royals,5,5,2,2,0,0,0,12.0,0,Observed,1,1,1
P01419,TOR_20260825_1_PA018,TOR_20260825_1,B013,Myles Straw,2026-08-25,Train,1,Kansas City Royals,5,6,2,2,0,0,0,15.0,0,Observed,1,1,1
P01420,TOR_20260825_1_PA019,TOR_20260825_1,B004,Brett Bateman,2026-08-25,Train,1,Kansas City Royals,5,1,0,0,0,0,0,11.0,0,Observed,1,1,1
P01421,TOR_20260825_1_PA019,TOR_20260825_1,B004,Brett Bateman,2026-08-25,Train,1,Kansas City Royals,5,2,0,1,0,0,0,23.0,0,Observed,1,1,1
P01422,TOR_20260825_1_PA019,TOR_20260825_1,B004,Brett Bateman,2026-08-25,Train,1,Kansas City Royals,5,3,1,1,0,0,0,11.0,0,Observed,1,1,1
P01423,TOR_20260825_1_PA019,TOR_20260825_1,B004,Brett Bateman,2026-08-25,Train,1,Kansas City Royals,5,4,1,2,0,0,0,12.0,0,Observed,1,1,1
P01424,TOR_20260825_1_PA020,TOR_20260825_1,B014,Nathan Lukes,2026-08-25,Train,1,Kansas City Royals,5,1,0,0,1,1,0,12.0,3,Observed,1,1,1
P01425,TOR_20260825_1_PA020,TOR_20260825_1,B014,Nathan Lukes,2026-08-25,Train,1,Kansas City Royals,5,2,0,1,1,1,0,11.0,3,Observed,1,1,1
P01426,TOR_20260825_1_PA020,TOR_20260825_1,B014,Nathan Lukes,2026-08-25,Train,1,Kansas City Royals,5,3,1,1,1,1,0,14.0,4,Observed,1,1,1
P01427,TOR_20260825_1_PA020,TOR_20260825_1,B014,Nathan Lukes,2026-08-25,Train,1,Kansas City Royals,5,4,2,1,1,1,0,20.0,3,Observed,1,1,1
P01428,TOR_20260825_1_PA020,TOR_20260825_1,B014,Nathan Lukes,2026-08-25,Train,1,Kansas City Royals,5,5,3,1,1,1,0,26.0,4,Observed,1,1,1
P01429,TOR_20260825_1_PA020,TOR_20260825_1,B014,Nathan Lukes,2026-08-25,Train,1,Kansas City Royals,5,6,3,2,1,1,0,17.0,4,Observed,1,1,1
P01430,TOR_20260825_1_PA021,TOR_20260825_1,B017,Vladimir Guerrero Jr.,2026-08-25,Train,1,Kansas City Royals,5,1,0,0,1,1,0,20.0,3,Observed,1,1,1
P01431,TOR_20260825_1_PA022,TOR_20260825_1,B012,Kazuma Okamoto,2026-08-25,Train,1,Kansas City Royals,6,1,0,0,0,0,0,17.0,1,Observed,1,1,1
P01432,TOR_20260825_1_PA022,TOR_20260825_1,B012,Kazuma Okamoto,2026-08-25,Train,1,Kansas City Royals,6,2,1,0,0,0,0,13.0,0,Observed,1,1,1
P01433,TOR_20260825_1_PA022,TOR_20260825_1,B012,Kazuma Okamoto,2026-08-25,Train,1,Kansas City Royals,6,3,1,1,0,0,0,14.0,0,Observed,1,1,1
P01434,TOR_20260825_1_PA022,TOR_20260825_1,B012,Kazuma Okamoto,2026-08-25,Train,1,Kansas City Royals,6,4,1,2,0,0,0,14.0,1,Observed,1,1,1
P01435,TOR_20260825_1_PA022,TOR_20260825_1,B012,Kazuma Okamoto,2026-08-25,Train,1,Kansas City Royals,6,5,1,2,0,0,0,14.0,0,Observed,1,1,1
P01436,TOR_20260825_1_PA022,TOR_20260825_1,B012,Kazuma Okamoto,2026-08-25,Train,1,Kansas City Royals,6,6,1,2,0,0,0,16.0,1,Observed,1,1,1
P01437,TOR_20260825_1_PA023,TOR_20260825_1,B010,Jesús Sánchez,2026-08-25,Train,1,Kansas City Royals,6,1,0,0,0,0,0,12.0,1,Observed,1,1,1
P01438,TOR_20260825_1_PA023,TOR_20260825_1,B010,Jesús Sánchez,2026-08-25,Train,1,Kansas City Royals,6,2,1,0,0,0,0,11.0,1,Observed,1,1,1
P01439,TOR_20260825_1_PA023,TOR_20260825_1,B010,Jesús Sánchez,2026-08-25,Train,1,Kansas City Royals,6,3,1,1,0,0,0,12.0,2,Observed,1,1,1
P01440,TOR_20260825_1_PA023,TOR_20260825_1,B010,Jesús Sánchez,2026-08-25,Train,1,Kansas City Royals,6,4,2,1,0,0,0,13.0,1,Observed,1,1,1
P01441,TOR_20260825_1_PA023,TOR_20260825_1,B010,Jesús Sánchez,2026-08-25,Train,1,Kansas City Royals,6,5,2,2,0,0,0,14.0,1,Observed,1,1,1
P01442,TOR_20260825_1_PA024,TOR_20260825_1,B008,Ernie Clement,2026-08-25,Train,1,Kansas City Royals,6,1,0,0,0,0,0,16.0,2,Observed,1,1,1
P01443,TOR_20260825_1_PA024,TOR_20260825_1,B008,Ernie Clement,2026-08-25,Train,1,Kansas City Royals,6,2,0,1,0,0,0,14.0,0,Observed,1,1,1
P01444,TOR_20260825_1_PA025,TOR_20260825_1,B002,Andrés Giménez,2026-08-25,Train,1,Kansas City Royals,7,1,0,0,0,0,0,13.0,2,Observed,1,1,1
P01445,TOR_20260825_1_PA025,TOR_20260825_1,B002,Andrés Giménez,2026-08-25,Train,1,Kansas City Royals,7,2,1,0,0,0,0,16.0,1,Observed,1,1,1
P01446,TOR_20260825_1_PA025,TOR_20260825_1,B002,Andrés Giménez,2026-08-25,Train,1,Kansas City Royals,7,3,2,0,0,0,0,12.0,1,Observed,1,1,1
P01447,TOR_20260825_1_PA025,TOR_20260825_1,B002,Andrés Giménez,2026-08-25,Train,1,Kansas City Royals,7,4,3,0,0,0,0,13.0,1,Observed,1,1,1
P01448,TOR_20260825_1_PA025,TOR_20260825_1,B002,Andrés Giménez,2026-08-25,Train,1,Kansas City Royals,7,5,3,1,0,0,0,11.0,1,Observed,1,1,1
P01449,TOR_20260825_1_PA026,TOR_20260825_1,B001,Alejandro Kirk,2026-08-25,Train,1,Kansas City Royals,7,1,0,0,0,1,0,23.0,5,Observed,1,1,1
P01450,TOR_20260825_1_PA026,TOR_20260825_1,B001,Alejandro Kirk,2026-08-25,Train,1,Kansas City Royals,7,2,0,1,0,1,0,12.0,3,Observed,1,1,1
P01451,TOR_20260825_1_PA026,TOR_20260825_1,B001,Alejandro Kirk,2026-08-25,Train,1,Kansas City Royals,7,3,0,2,0,1,0,18.0,3,Observed,1,1,1
P01452,TOR_20260825_1_PA026,TOR_20260825_1,B001,Alejandro Kirk,2026-08-25,Train,1,Kansas City Royals,7,4,1,2,0,1,0,10.0,3,Observed,1,1,1
P01453,TOR_20260825_1_PA027,TOR_20260825_1,B009,George Springer,2026-08-25,Train,1,Kansas City Royals,7,1,0,0,0,1,0,16.0,0,Observed,1,1,1
P01454,TOR_20260825_1_PA028,TOR_20260825_1,B004,Brett Bateman,2026-08-25,Train,1,Kansas City Royals,8,1,0,0,0,0,0,16.0,0,Observed,1,1,1
P01455,TOR_20260825_1_PA028,TOR_20260825_1,B004,Brett Bateman,2026-08-25,Train,1,Kansas City Royals,8,2,0,1,0,0,0,19.0,0,Observed,1,1,1
P01456,TOR_20260825_1_PA028,TOR_20260825_1,B004,Brett Bateman,2026-08-25,Train,1,Kansas City Royals,8,3,1,1,0,0,0,16.0,0,Observed,1,1,1
P01457,TOR_20260825_1_PA028,TOR_20260825_1,B004,Brett Bateman,2026-08-25,Train,1,Kansas City Royals,8,4,2,1,0,0,0,17.0,0,Observed,1,1,1
P01458,TOR_20260825_1_PA028,TOR_20260825_1,B004,Brett Bateman,2026-08-25,Train,1,Kansas City Royals,8,5,2,2,0,0,0,18.0,0,Observed,1,1,1
P01459,TOR_20260825_1_PA029,TOR_20260825_1,B014,Nathan Lukes,2026-08-25,Train,1,Kansas City Royals,8,1,0,0,0,0,0,17.0,3,Observed,1,1,1
P01460,TOR_20260825_1_PA029,TOR_20260825_1,B014,Nathan Lukes,2026-08-25,Train,1,Kansas City Royals,8,2,1,0,0,0,0,13.0,4,Observed,1,1,1
P01461,TOR_20260825_1_PA029,TOR_20260825_1,B014,Nathan Lukes,2026-08-25,Train,1,Kansas City Royals,8,3,1,1,0,0,0,14.0,3,Observed,1,1,1
P01462,TOR_20260825_1_PA029,TOR_20260825_1,B014,Nathan Lukes,2026-08-25,Train,1,Kansas City Royals,8,4,2,1,0,0,0,12.0,3,Observed,1,1,1
P01463,TOR_20260825_1_PA029,TOR_20260825_1,B014,Nathan Lukes,2026-08-25,Train,1,Kansas City Royals,8,5,3,1,0,0,0,14.0,3,Observed,1,1,1
P01464,TOR_20260825_1_PA030,TOR_20260825_1,B017,Vladimir Guerrero Jr.,2026-08-25,Train,1,Kansas City Royals,8,1,0,0,0,1,0,14.0,2,Observed,1,1,1
P01465,TOR_20260825_1_PA030,TOR_20260825_1,B017,Vladimir Guerrero Jr.,2026-08-25,Train,1,Kansas City Royals,8,2,1,0,0,1,0,12.0,1,Observed,1,1,1
P01466,TOR_20260825_1_PA030,TOR_20260825_1,B017,Vladimir Guerrero Jr.,2026-08-25,Train,1,Kansas City Royals,8,3,2,0,0,1,0,12.0,1,Observed,1,1,1
P01467,TOR_20260825_1_PA030,TOR_20260825_1,B017,Vladimir Guerrero Jr.,2026-08-25,Train,1,Kansas City Royals,8,4,3,0,0,1,0,23.0,1,Observed,1,1,1
P01468,TOR_20260825_1_PA030,TOR_20260825_1,B017,Vladimir Guerrero Jr.,2026-08-25,Train,1,Kansas City Royals,8,5,3,1,0,1,0,9.0,0,Observed,1,1,1
P01469,TOR_20260825_1_PA031,TOR_20260825_1,B012,Kazuma Okamoto,2026-08-25,Train,1,Kansas City Royals,8,1,0,0,1,2,0,12.0,0,Observed,1,1,1
P01470,TOR_20260825_1_PA031,TOR_20260825_1,B012,Kazuma Okamoto,2026-08-25,Train,1,Kansas City Royals,8,2,0,1,1,2,0,14.0,1,Observed,1,1,1
P01471,TOR_20260825_1_PA032,TOR_20260825_1,B010,Jesús Sánchez,2026-08-25,Train,1,Kansas City Royals,8,1,0,0,1,2,0,12.0,3,Observed,1,1,1
P01472,TOR_20260825_1_PA032,TOR_20260825_1,B010,Jesús Sánchez,2026-08-25,Train,1,Kansas City Royals,8,2,1,0,1,2,0,14.0,2,Observed,1,1,1
P01473,TOR_20260825_1_PA033,TOR_20260825_1,B008,Ernie Clement,2026-08-25,Train,1,Kansas City Royals,8,1,0,0,1,3,0,14.0,2,Observed,1,1,1
P01474,TOR_20260825_1_PA033,TOR_20260825_1,B008,Ernie Clement,2026-08-25,Train,1,Kansas City Royals,8,2,1,0,1,3,0,12.0,2,Observed,1,1,1
P01475,TOR_20260825_1_PA033,TOR_20260825_1,B008,Ernie Clement,2026-08-25,Train,1,Kansas City Royals,8,3,1,1,1,3,0,12.0,1,Observed,1,1,1
P01476,TOR_20260825_1_PA033,TOR_20260825_1,B008,Ernie Clement,2026-08-25,Train,1,Kansas City Royals,8,4,1,2,1,3,0,10.0,0,Observed,1,1,1
P01477,TOR_20260825_1_PA033,TOR_20260825_1,B008,Ernie Clement,2026-08-25,Train,1,Kansas City Royals,8,5,1,2,1,3,0,9.0,1,Observed,1,1,1
P01478,TOR_20260825_1_PA033,TOR_20260825_1,B008,Ernie Clement,2026-08-25,Train,1,Kansas City Royals,8,6,1,2,1,3,0,12.0,1,Observed,1,1,1
P01479,TOR_20260825_1_PA034,TOR_20260825_1,B002,Andrés Giménez,2026-08-25,Train,1,Kansas City Royals,9,1,0,0,0,0,0,11.0,1,Observed,1,1,1
P01480,TOR_20260825_1_PA035,TOR_20260825_1,B001,Alejandro Kirk,2026-08-25,Train,1,Kansas City Royals,9,1,0,0,0,0,0,22.0,3,Observed,1,1,1
P01481,TOR_20260825_1_PA035,TOR_20260825_1,B001,Alejandro Kirk,2026-08-25,Train,1,Kansas City Royals,9,2,0,1,0,0,0,11.0,3,Observed,1,1,1
P01482,TOR_20260825_1_PA035,TOR_20260825_1,B001,Alejandro Kirk,2026-08-25,Train,1,Kansas City Royals,9,3,1,1,0,0,0,12.0,3,Observed,1,1,1
P01483,TOR_20260825_1_PA035,TOR_20260825_1,B001,Alejandro Kirk,2026-08-25,Train,1,Kansas City Royals,9,4,1,2,0,0,0,12.0,3,Observed,1,1,1
P01484,TOR_20260825_1_PA035,TOR_20260825_1,B001,Alejandro Kirk,2026-08-25,Train,1,Kansas City Royals,9,5,1,2,0,0,0,20.0,3,Observed,1,1,1
P01485,TOR_20260825_1_PA036,TOR_20260825_1,B007,Daz Cameron,2026-08-25,Train,1,Kansas City Royals,9,1,0,0,0,0,0,8.0,3,Observed,1,1,1
P01486,TOR_20260825_1_PA036,TOR_20260825_1,B007,Daz Cameron,2026-08-25,Train,1,Kansas City Royals,9,2,0,1,0,0,0,12.0,3,Observed,1,1,1
P01487,TOR_20260825_1_PA037,TOR_20260825_1,B004,Brett Bateman,2026-08-25,Train,1,Kansas City Royals,9,1,0,0,0,1,0,10.0,2,Observed,1,1,1
P01488,TOR_20260825_1_PA037,TOR_20260825_1,B004,Brett Bateman,2026-08-25,Train,1,Kansas City Royals,9,2,0,1,0,1,0,10.0,1,Observed,1,1,1
P01489,TOR_20260825_1_PA038,TOR_20260825_1,B014,Nathan Lukes,2026-08-25,Train,1,Kansas City Royals,9,1,0,0,1,2,0,10.0,3,Observed,1,1,1
P01490,TOR_20260825_1_PA038,TOR_20260825_1,B014,Nathan Lukes,2026-08-25,Train,1,Kansas City Royals,9,2,1,0,1,2,0,11.0,4,Observed,1,1,1
P01491,TOR_20260826_1_PA001,TOR_20260826_1,B004,Brett Bateman,2026-08-26,Train,1,Kansas City Royals,1,1,0,0,0,0,0,13.0,2,Observed,1,1,1
P01492,TOR_20260826_1_PA001,TOR_20260826_1,B004,Brett Bateman,2026-08-26,Train,1,Kansas City Royals,1,2,0,1,0,0,0,9.0,0,Observed,1,1,1
P01493,TOR_20260826_1_PA001,TOR_20260826_1,B004,Brett Bateman,2026-08-26,Train,1,Kansas City Royals,1,3,1,1,0,0,0,11.0,0,Observed,1,1,1
P01494,TOR_20260826_1_PA001,TOR_20260826_1,B004,Brett Bateman,2026-08-26,Train,1,Kansas City Royals,1,4,2,1,0,0,0,10.0,0,Observed,1,1,1
P01495,TOR_20260826_1_PA001,TOR_20260826_1,B004,Brett Bateman,2026-08-26,Train,1,Kansas City Royals,1,5,3,1,0,0,0,12.0,0,Observed,1,1,1
P01496,TOR_20260826_1_PA001,TOR_20260826_1,B004,Brett Bateman,2026-08-26,Train,1,Kansas City Royals,1,6,3,2,0,0,0,18.0,0,Observed,1,1,1
P01497,TOR_20260826_1_PA002,TOR_20260826_1,B017,Vladimir Guerrero Jr.,2026-08-26,Train,1,Kansas City Royals,1,1,0,0,0,0,0,9.0,1,Observed,1,1,1
P01498,TOR_20260826_1_PA002,TOR_20260826_1,B017,Vladimir Guerrero Jr.,2026-08-26,Train,1,Kansas City Royals,1,2,0,1,0,0,0,8.0,1,Observed,1,1,1
P01499,TOR_20260826_1_PA002,TOR_20260826_1,B017,Vladimir Guerrero Jr.,2026-08-26,Train,1,Kansas City Royals,1,3,0,2,0,0,0,15.0,0,Observed,1,1,1
P01500,TOR_20260826_1_PA002,TOR_20260826_1,B017,Vladimir Guerrero Jr.,2026-08-26,Train,1,Kansas City Royals,1,4,1,2,0,0,0,11.0,0,Observed,1,1,1
P01501,TOR_20260826_1_PA002,TOR_20260826_1,B017,Vladimir Guerrero Jr.,2026-08-26,Train,1,Kansas City Royals,1,5,2,2,0,0,0,11.0,0,Observed,1,1,1
P01502,TOR_20260826_1_PA003,TOR_20260826_1,B001,Alejandro Kirk,2026-08-26,Train,1,Kansas City Royals,1,1,0,0,0,1,0,11.0,3,Observed,1,1,1
P01503,TOR_20260826_1_PA003,TOR_20260826_1,B001,Alejandro Kirk,2026-08-26,Train,1,Kansas City Royals,1,2,0,1,0,1,0,15.0,1,Observed,1,1,1
P01504,TOR_20260826_1_PA003,TOR_20260826_1,B001,Alejandro Kirk,2026-08-26,Train,1,Kansas City Royals,1,3,0,2,0,1,0,17.0,3,Observed,1,1,1
P01505,TOR_20260826_1_PA003,TOR_20260826_1,B001,Alejandro Kirk,2026-08-26,Train,1,Kansas City Royals,1,4,1,2,0,1,0,16.0,3,Observed,1,1,1
P01506,TOR_20260826_1_PA003,TOR_20260826_1,B001,Alejandro Kirk,2026-08-26,Train,1,Kansas City Royals,1,5,2,2,0,1,0,15.0,4,Observed,1,1,1
P01507,TOR_20260826_1_PA003,TOR_20260826_1,B001,Alejandro Kirk,2026-08-26,Train,1,Kansas City Royals,1,6,3,2,0,1,0,14.0,3,Observed,1,1,1
P01508,TOR_20260826_1_PA004,TOR_20260826_1,B009,George Springer,2026-08-26,Train,1,Kansas City Royals,1,1,0,0,0,1,0,15.0,1,Observed,1,1,1
P01509,TOR_20260826_1_PA004,TOR_20260826_1,B009,George Springer,2026-08-26,Train,1,Kansas City Royals,1,2,0,1,0,1,0,15.0,0,Observed,1,1,1
P01510,TOR_20260826_1_PA004,TOR_20260826_1,B009,George Springer,2026-08-26,Train,1,Kansas City Royals,1,3,0,2,0,1,0,14.0,1,Observed,1,1,1
P01511,TOR_20260826_1_PA005,TOR_20260826_1,B010,Jesús Sánchez,2026-08-26,Train,1,Kansas City Royals,2,1,0,0,0,0,0,13.0,3,Observed,1,1,1
P01512,TOR_20260826_1_PA005,TOR_20260826_1,B010,Jesús Sánchez,2026-08-26,Train,1,Kansas City Royals,2,2,1,0,0,0,0,9.0,2,Observed,1,1,1
P01513,TOR_20260826_1_PA006,TOR_20260826_1,B012,Kazuma Okamoto,2026-08-26,Train,1,Kansas City Royals,2,1,0,0,1,1,0,11.0,0,Observed,1,1,1
P01514,TOR_20260826_1_PA006,TOR_20260826_1,B012,Kazuma Okamoto,2026-08-26,Train,1,Kansas City Royals,2,2,1,0,1,1,0,13.0,0,Observed,1,1,1
P01515,TOR_20260826_1_PA006,TOR_20260826_1,B012,Kazuma Okamoto,2026-08-26,Train,1,Kansas City Royals,2,3,2,0,1,1,0,13.0,2,Observed,1,1,1
P01516,TOR_20260826_1_PA007,TOR_20260826_1,B014,Nathan Lukes,2026-08-26,Train,1,Kansas City Royals,2,1,0,0,1,1,0,11.0,3,Observed,1,1,1
P01517,TOR_20260826_1_PA007,TOR_20260826_1,B014,Nathan Lukes,2026-08-26,Train,1,Kansas City Royals,2,2,0,1,1,1,0,13.0,3,Observed,1,1,1
P01518,TOR_20260826_1_PA008,TOR_20260826_1,B008,Ernie Clement,2026-08-26,Train,1,Kansas City Royals,2,1,0,0,1,1,0,19.0,2,Observed,1,1,1
P01519,TOR_20260826_1_PA008,TOR_20260826_1,B008,Ernie Clement,2026-08-26,Train,1,Kansas City Royals,2,2,0,1,1,1,0,17.0,1,Observed,1,1,1
P01520,TOR_20260826_1_PA008,TOR_20260826_1,B008,Ernie Clement,2026-08-26,Train,1,Kansas City Royals,2,3,0,2,1,1,0,13.0,1,Observed,1,1,1
P01521,TOR_20260826_1_PA008,TOR_20260826_1,B008,Ernie Clement,2026-08-26,Train,1,Kansas City Royals,2,4,1,2,1,1,0,17.0,1,Observed,1,1,1
P01522,TOR_20260826_1_PA008,TOR_20260826_1,B008,Ernie Clement,2026-08-26,Train,1,Kansas City Royals,2,5,2,2,1,1,0,15.0,3,Observed,1,1,1
P01523,TOR_20260826_1_PA008,TOR_20260826_1,B008,Ernie Clement,2026-08-26,Train,1,Kansas City Royals,2,6,2,2,1,1,0,14.0,2,Observed,1,1,1
P01524,TOR_20260826_1_PA009,TOR_20260826_1,B002,Andrés Giménez,2026-08-26,Train,1,Kansas City Royals,3,1,0,0,0,0,0,17.0,0,Observed,1,1,1
P01525,TOR_20260826_1_PA009,TOR_20260826_1,B002,Andrés Giménez,2026-08-26,Train,1,Kansas City Royals,3,2,0,1,0,0,0,8.0,0,Observed,1,1,1
P01526,TOR_20260826_1_PA009,TOR_20260826_1,B002,Andrés Giménez,2026-08-26,Train,1,Kansas City Royals,3,3,0,2,0,0,0,19.0,0,Observed,1,1,1
P01527,TOR_20260826_1_PA009,TOR_20260826_1,B002,Andrés Giménez,2026-08-26,Train,1,Kansas City Royals,3,4,0,2,0,0,0,10.0,0,Observed,1,1,1
P01528,TOR_20260826_1_PA010,TOR_20260826_1,B004,Brett Bateman,2026-08-26,Train,1,Kansas City Royals,3,1,0,0,0,0,0,12.0,2,Observed,1,1,1
P01529,TOR_20260826_1_PA010,TOR_20260826_1,B004,Brett Bateman,2026-08-26,Train,1,Kansas City Royals,3,2,1,0,0,0,0,11.0,0,Observed,1,1,1
P01530,TOR_20260826_1_PA011,TOR_20260826_1,B017,Vladimir Guerrero Jr.,2026-08-26,Train,1,Kansas City Royals,3,1,0,0,0,1,0,9.0,1,Observed,1,1,1
P01531,TOR_20260826_1_PA011,TOR_20260826_1,B017,Vladimir Guerrero Jr.,2026-08-26,Train,1,Kansas City Royals,3,2,0,1,0,1,0,13.0,0,Observed,1,1,1
P01532,TOR_20260826_1_PA012,TOR_20260826_1,B001,Alejandro Kirk,2026-08-26,Train,1,Kansas City Royals,3,1,0,0,0,1,0,9.0,3,Observed,1,1,1
P01533,TOR_20260826_1_PA012,TOR_20260826_1,B001,Alejandro Kirk,2026-08-26,Train,1,Kansas City Royals,3,2,1,0,0,1,0,14.0,4,Observed,1,1,1
P01534,TOR_20260826_1_PA013,TOR_20260826_1,B009,George Springer,2026-08-26,Train,1,Kansas City Royals,4,1,0,0,0,0,0,10.0,1,Observed,1,1,1
P01535,TOR_20260826_1_PA013,TOR_20260826_1,B009,George Springer,2026-08-26,Train,1,Kansas City Royals,4,2,1,0,0,0,0,8.0,1,Observed,1,1,1
P01536,TOR_20260826_1_PA013,TOR_20260826_1,B009,George Springer,2026-08-26,Train,1,Kansas City Royals,4,3,2,0,0,0,0,11.0,1,Observed,1,1,1
P01537,TOR_20260826_1_PA014,TOR_20260826_1,B010,Jesús Sánchez,2026-08-26,Train,1,Kansas City Royals,4,1,0,0,0,1,0,17.0,1,Observed,1,1,1
P01538,TOR_20260826_1_PA014,TOR_20260826_1,B010,Jesús Sánchez,2026-08-26,Train,1,Kansas City Royals,4,2,0,1,0,1,0,13.0,1,Observed,1,1,1
P01539,TOR_20260826_1_PA014,TOR_20260826_1,B010,Jesús Sánchez,2026-08-26,Train,1,Kansas City Royals,4,3,1,1,0,1,0,14.0,1,Observed,1,1,1
P01540,TOR_20260826_1_PA014,TOR_20260826_1,B010,Jesús Sánchez,2026-08-26,Train,1,Kansas City Royals,4,4,2,1,0,1,0,16.0,2,Observed,1,1,1
P01541,TOR_20260826_1_PA014,TOR_20260826_1,B010,Jesús Sánchez,2026-08-26,Train,1,Kansas City Royals,4,5,3,1,0,1,0,13.0,1,Observed,1,1,1
P01542,TOR_20260826_1_PA015,TOR_20260826_1,B012,Kazuma Okamoto,2026-08-26,Train,1,Kansas City Royals,4,1,0,0,1,2,0,13.0,0,Observed,1,1,1
P01543,TOR_20260826_1_PA015,TOR_20260826_1,B012,Kazuma Okamoto,2026-08-26,Train,1,Kansas City Royals,4,2,1,0,1,2,0,15.0,1,Observed,1,1,1
P01544,TOR_20260826_1_PA015,TOR_20260826_1,B012,Kazuma Okamoto,2026-08-26,Train,1,Kansas City Royals,4,3,1,1,1,2,0,14.0,0,Observed,1,1,1
P01545,TOR_20260826_1_PA015,TOR_20260826_1,B012,Kazuma Okamoto,2026-08-26,Train,1,Kansas City Royals,4,4,2,1,1,2,0,15.0,0,Observed,1,1,1
P01546,TOR_20260826_1_PA015,TOR_20260826_1,B012,Kazuma Okamoto,2026-08-26,Train,1,Kansas City Royals,4,5,2,2,1,2,0,9.0,1,Observed,1,1,1
P01547,TOR_20260826_1_PA015,TOR_20260826_1,B012,Kazuma Okamoto,2026-08-26,Train,1,Kansas City Royals,4,6,2,2,1,2,0,11.0,0,Observed,1,1,1
P01548,TOR_20260826_1_PA016,TOR_20260826_1,B014,Nathan Lukes,2026-08-26,Train,1,Kansas City Royals,4,1,0,0,1,2,0,9.0,3,Observed,1,1,1
P01549,TOR_20260826_1_PA016,TOR_20260826_1,B014,Nathan Lukes,2026-08-26,Train,1,Kansas City Royals,4,2,1,0,1,2,0,15.0,3,Observed,1,1,1
P01550,TOR_20260826_1_PA017,TOR_20260826_1,B008,Ernie Clement,2026-08-26,Train,1,Kansas City Royals,4,1,0,0,0,0,0,11.0,2,Observed,1,1,1
P01551,TOR_20260826_1_PA018,TOR_20260826_1,B002,Andrés Giménez,2026-08-26,Train,1,Kansas City Royals,4,1,0,0,0,0,0,9.0,1,Observed,1,1,1
P01552,TOR_20260826_1_PA018,TOR_20260826_1,B002,Andrés Giménez,2026-08-26,Train,1,Kansas City Royals,4,2,0,1,0,0,0,7.0,1,Observed,1,1,1
P01553,TOR_20260826_1_PA018,TOR_20260826_1,B002,Andrés Giménez,2026-08-26,Train,1,Kansas City Royals,4,3,1,1,0,0,0,9.0,1,Observed,1,1,1
P01554,TOR_20260826_1_PA018,TOR_20260826_1,B002,Andrés Giménez,2026-08-26,Train,1,Kansas City Royals,4,4,2,1,0,0,0,14.0,1,Observed,1,1,1
P01555,TOR_20260826_1_PA019,TOR_20260826_1,B004,Brett Bateman,2026-08-26,Train,1,Kansas City Royals,5,1,0,0,0,0,0,8.0,2,Observed,1,1,1
P01556,TOR_20260826_1_PA019,TOR_20260826_1,B004,Brett Bateman,2026-08-26,Train,1,Kansas City Royals,5,2,0,1,0,0,0,12.0,0,Observed,1,1,1
P01557,TOR_20260826_1_PA019,TOR_20260826_1,B004,Brett Bateman,2026-08-26,Train,1,Kansas City Royals,5,3,1,1,0,0,0,12.0,0,Observed,1,1,1
P01558,TOR_20260826_1_PA019,TOR_20260826_1,B004,Brett Bateman,2026-08-26,Train,1,Kansas City Royals,5,4,2,1,0,0,0,11.0,0,Observed,1,1,1
P01559,TOR_20260826_1_PA020,TOR_20260826_1,B017,Vladimir Guerrero Jr.,2026-08-26,Train,1,Kansas City Royals,5,1,0,0,0,0,0,12.0,1,Observed,1,1,1
P01560,TOR_20260826_1_PA020,TOR_20260826_1,B017,Vladimir Guerrero Jr.,2026-08-26,Train,1,Kansas City Royals,5,2,1,0,0,0,0,9.0,0,Observed,1,1,1
P01561,TOR_20260826_1_PA020,TOR_20260826_1,B017,Vladimir Guerrero Jr.,2026-08-26,Train,1,Kansas City Royals,5,3,2,0,0,0,0,12.0,0,Observed,1,1,1
P01562,TOR_20260826_1_PA020,TOR_20260826_1,B017,Vladimir Guerrero Jr.,2026-08-26,Train,1,Kansas City Royals,5,4,2,1,0,0,0,8.0,0,Observed,1,1,1
P01563,TOR_20260826_1_PA020,TOR_20260826_1,B017,Vladimir Guerrero Jr.,2026-08-26,Train,1,Kansas City Royals,5,5,3,1,0,0,0,12.0,0,Observed,1,1,1
P01564,TOR_20260826_1_PA021,TOR_20260826_1,B001,Alejandro Kirk,2026-08-26,Train,1,Kansas City Royals,5,1,0,0,0,0,0,10.0,3,Observed,1,1,1
P01565,TOR_20260826_1_PA021,TOR_20260826_1,B001,Alejandro Kirk,2026-08-26,Train,1,Kansas City Royals,5,2,0,1,0,0,0,9.0,2,Observed,1,1,1
P01566,TOR_20260826_1_PA022,TOR_20260826_1,B009,George Springer,2026-08-26,Train,1,Kansas City Royals,6,1,0,0,0,0,0,9.0,1,Observed,1,1,1
P01567,TOR_20260826_1_PA022,TOR_20260826_1,B009,George Springer,2026-08-26,Train,1,Kansas City Royals,6,2,1,0,0,0,0,9.0,0,Observed,1,1,1
P01568,TOR_20260826_1_PA023,TOR_20260826_1,B010,Jesús Sánchez,2026-08-26,Train,1,Kansas City Royals,6,1,0,0,0,0,0,10.0,0,Observed,1,1,1
P01569,TOR_20260826_1_PA023,TOR_20260826_1,B010,Jesús Sánchez,2026-08-26,Train,1,Kansas City Royals,6,2,0,1,0,0,0,11.0,2,Observed,1,1,1
P01570,TOR_20260826_1_PA023,TOR_20260826_1,B010,Jesús Sánchez,2026-08-26,Train,1,Kansas City Royals,6,3,0,2,0,0,0,12.0,1,Observed,1,1,1
P01571,TOR_20260826_1_PA024,TOR_20260826_1,B012,Kazuma Okamoto,2026-08-26,Train,1,Kansas City Royals,6,1,0,0,0,0,0,8.0,0,Observed,1,1,1
P01572,TOR_20260826_1_PA024,TOR_20260826_1,B012,Kazuma Okamoto,2026-08-26,Train,1,Kansas City Royals,6,2,1,0,0,0,0,8.0,1,Observed,1,1,1
P01573,TOR_20260826_1_PA024,TOR_20260826_1,B012,Kazuma Okamoto,2026-08-26,Train,1,Kansas City Royals,6,3,1,1,0,0,0,9.0,0,Observed,1,1,1
P01574,TOR_20260826_1_PA024,TOR_20260826_1,B012,Kazuma Okamoto,2026-08-26,Train,1,Kansas City Royals,6,4,2,1,0,0,0,9.0,0,Observed,1,1,1
P01575,TOR_20260826_1_PA024,TOR_20260826_1,B012,Kazuma Okamoto,2026-08-26,Train,1,Kansas City Royals,6,5,3,1,0,0,0,15.0,1,Observed,1,1,1
P01576,TOR_20260826_1_PA024,TOR_20260826_1,B012,Kazuma Okamoto,2026-08-26,Train,1,Kansas City Royals,6,6,3,2,0,0,0,13.0,0,Observed,1,1,1
P01577,TOR_20260826_1_PA025,TOR_20260826_1,B014,Nathan Lukes,2026-08-26,Train,1,Kansas City Royals,6,1,0,0,0,1,0,21.0,4,Observed,1,1,1
P01578,TOR_20260826_1_PA025,TOR_20260826_1,B014,Nathan Lukes,2026-08-26,Train,1,Kansas City Royals,6,2,0,1,0,1,0,14.0,3,Observed,1,1,1
P01579,TOR_20260826_1_PA025,TOR_20260826_1,B014,Nathan Lukes,2026-08-26,Train,1,Kansas City Royals,6,3,0,2,0,1,0,19.0,3,Observed,1,1,1
P01580,TOR_20260826_1_PA025,TOR_20260826_1,B014,Nathan Lukes,2026-08-26,Train,1,Kansas City Royals,6,4,1,2,0,1,0,13.0,3,Observed,1,1,1
P01581,TOR_20260826_1_PA025,TOR_20260826_1,B014,Nathan Lukes,2026-08-26,Train,1,Kansas City Royals,6,5,1,2,0,1,0,16.0,3,Observed,1,1,1
P01582,TOR_20260826_1_PA025,TOR_20260826_1,B014,Nathan Lukes,2026-08-26,Train,1,Kansas City Royals,6,6,2,2,0,1,0,17.0,3,Observed,1,1,1
P01583,TOR_20260826_1_PA026,TOR_20260826_1,B008,Ernie Clement,2026-08-26,Train,1,Kansas City Royals,7,1,0,0,0,0,0,12.0,2,Observed,1,1,1
P01584,TOR_20260826_1_PA026,TOR_20260826_1,B008,Ernie Clement,2026-08-26,Train,1,Kansas City Royals,7,2,0,1,0,0,0,15.0,0,Observed,1,1,1
P01585,TOR_20260826_1_PA026,TOR_20260826_1,B008,Ernie Clement,2026-08-26,Train,1,Kansas City Royals,7,3,1,1,0,0,0,14.0,1,Observed,1,1,1
P01586,TOR_20260826_1_PA027,TOR_20260826_1,B002,Andrés Giménez,2026-08-26,Train,1,Kansas City Royals,7,1,0,0,0,0,0,17.0,1,Observed,1,1,1
P01587,TOR_20260826_1_PA027,TOR_20260826_1,B002,Andrés Giménez,2026-08-26,Train,1,Kansas City Royals,7,2,0,1,0,0,0,15.0,1,Observed,1,1,1
P01588,TOR_20260826_1_PA028,TOR_20260826_1,B004,Brett Bateman,2026-08-26,Train,1,Kansas City Royals,7,1,0,0,0,0,0,12.0,2,Observed,1,1,1
P01589,TOR_20260826_1_PA028,TOR_20260826_1,B004,Brett Bateman,2026-08-26,Train,1,Kansas City Royals,7,2,1,0,0,0,0,14.0,0,Observed,1,1,1
P01590,TOR_20260826_1_PA028,TOR_20260826_1,B004,Brett Bateman,2026-08-26,Train,1,Kansas City Royals,7,3,2,0,0,0,0,8.0,0,Observed,1,1,1
P01591,TOR_20260826_1_PA028,TOR_20260826_1,B004,Brett Bateman,2026-08-26,Train,1,Kansas City Royals,7,4,3,0,0,0,1,19.0,0,Observed,1,1,1
P01592,TOR_20260826_1_PA028,TOR_20260826_1,B004,Brett Bateman,2026-08-26,Train,1,Kansas City Royals,7,5,3,1,0,0,0,13.0,0,Observed,1,1,1
P01593,TOR_20260826_1_PA028,TOR_20260826_1,B004,Brett Bateman,2026-08-26,Train,1,Kansas City Royals,7,6,3,2,0,0,0,22.0,1,Observed,1,1,1
P01594,TOR_20260826_1_PA029,TOR_20260826_1,B017,Vladimir Guerrero Jr.,2026-08-26,Train,1,Kansas City Royals,8,1,0,0,0,0,0,10.0,1,Observed,1,1,1
P01595,TOR_20260826_1_PA030,TOR_20260826_1,B001,Alejandro Kirk,2026-08-26,Train,1,Kansas City Royals,8,1,0,0,0,0,0,9.0,3,Observed,1,1,1
P01596,TOR_20260826_1_PA030,TOR_20260826_1,B001,Alejandro Kirk,2026-08-26,Train,1,Kansas City Royals,8,2,1,0,0,0,0,11.0,3,Observed,1,1,1
P01597,TOR_20260826_1_PA030,TOR_20260826_1,B001,Alejandro Kirk,2026-08-26,Train,1,Kansas City Royals,8,3,1,1,0,0,0,14.0,4,Observed,1,1,1
P01598,TOR_20260826_1_PA031,TOR_20260826_1,B009,George Springer,2026-08-26,Train,1,Kansas City Royals,8,1,0,0,0,0,0,12.0,1,Observed,1,1,1
P01599,TOR_20260826_1_PA031,TOR_20260826_1,B009,George Springer,2026-08-26,Train,1,Kansas City Royals,8,2,0,1,0,0,0,14.0,0,Observed,1,1,1
P01600,TOR_20260827_1_PA001,TOR_20260827_1,B005,Charles McAdoo,2026-08-27,Train,1,Kansas City Royals,1,1,0,0,0,0,0,8.0,2,Observed,1,1,1
P01601,TOR_20260827_1_PA001,TOR_20260827_1,B005,Charles McAdoo,2026-08-27,Train,1,Kansas City Royals,1,2,0,1,0,0,0,9.0,2,Observed,1,1,1
P01602,TOR_20260827_1_PA001,TOR_20260827_1,B005,Charles McAdoo,2026-08-27,Train,1,Kansas City Royals,1,3,1,1,0,0,0,7.0,2,Observed,1,1,1
P01603,TOR_20260827_1_PA002,TOR_20260827_1,B017,Vladimir Guerrero Jr.,2026-08-27,Train,1,Kansas City Royals,1,1,0,0,0,1,0,11.0,1,Observed,1,1,1
P01604,TOR_20260827_1_PA002,TOR_20260827_1,B017,Vladimir Guerrero Jr.,2026-08-27,Train,1,Kansas City Royals,1,2,0,1,0,1,0,19.0,3,Observed,1,1,1
P01605,TOR_20260827_1_PA002,TOR_20260827_1,B017,Vladimir Guerrero Jr.,2026-08-27,Train,1,Kansas City Royals,1,3,1,1,0,1,0,12.0,3,Observed,1,1,1
P01606,TOR_20260827_1_PA002,TOR_20260827_1,B017,Vladimir Guerrero Jr.,2026-08-27,Train,1,Kansas City Royals,1,4,1,2,0,1,0,25.0,1,Observed,1,1,1
P01607,TOR_20260827_1_PA003,TOR_20260827_1,B001,Alejandro Kirk,2026-08-27,Train,1,Kansas City Royals,1,1,0,0,0,1,0,9.0,3,Observed,1,1,1
P01608,TOR_20260827_1_PA003,TOR_20260827_1,B001,Alejandro Kirk,2026-08-27,Train,1,Kansas City Royals,1,2,0,1,0,1,0,15.0,3,Observed,1,1,1
P01609,TOR_20260827_1_PA003,TOR_20260827_1,B001,Alejandro Kirk,2026-08-27,Train,1,Kansas City Royals,1,3,0,2,0,1,0,26.0,3,Observed,1,1,1
P01610,TOR_20260827_1_PA003,TOR_20260827_1,B001,Alejandro Kirk,2026-08-27,Train,1,Kansas City Royals,1,4,1,2,0,1,0,21.0,3,Observed,1,1,1
P01611,TOR_20260827_1_PA004,TOR_20260827_1,B009,George Springer,2026-08-27,Train,1,Kansas City Royals,1,1,0,0,0,1,0,12.0,1,Observed,1,1,1
P01612,TOR_20260827_1_PA004,TOR_20260827_1,B009,George Springer,2026-08-27,Train,1,Kansas City Royals,1,2,1,0,0,1,0,13.0,0,Observed,1,1,1
P01613,TOR_20260827_1_PA004,TOR_20260827_1,B009,George Springer,2026-08-27,Train,1,Kansas City Royals,1,3,1,1,0,1,1,31.0,2,Observed,1,1,1
P01614,TOR_20260827_1_PA004,TOR_20260827_1,B009,George Springer,2026-08-27,Train,1,Kansas City Royals,1,4,1,2,0,1,0,15.0,2,Observed,1,1,1
P01615,TOR_20260827_1_PA004,TOR_20260827_1,B009,George Springer,2026-08-27,Train,1,Kansas City Royals,1,5,2,2,0,1,0,13.0,2,Observed,1,1,1
P01616,TOR_20260827_1_PA004,TOR_20260827_1,B009,George Springer,2026-08-27,Train,1,Kansas City Royals,1,6,2,2,0,1,0,15.0,2,Observed,1,1,1
P01617,TOR_20260827_1_PA004,TOR_20260827_1,B009,George Springer,2026-08-27,Train,1,Kansas City Royals,1,7,3,2,0,1,0,17.0,2,Observed,1,1,1
P01618,TOR_20260827_1_PA005,TOR_20260827_1,B012,Kazuma Okamoto,2026-08-27,Train,1,Kansas City Royals,1,1,0,0,1,2,0,20.0,3,Observed,1,1,1
P01619,TOR_20260827_1_PA006,TOR_20260827_1,B008,Ernie Clement,2026-08-27,Train,1,Kansas City Royals,2,1,0,0,0,0,0,9.0,1,Observed,1,1,1
P01620,TOR_20260827_1_PA006,TOR_20260827_1,B008,Ernie Clement,2026-08-27,Train,1,Kansas City Royals,2,2,1,0,0,0,0,10.0,3,Observed,1,1,1
P01621,TOR_20260827_1_PA006,TOR_20260827_1,B008,Ernie Clement,2026-08-27,Train,1,Kansas City Royals,2,3,1,1,0,0,0,12.0,1,Observed,1,1,1
P01622,TOR_20260827_1_PA007,TOR_20260827_1,B007,Daz Cameron,2026-08-27,Train,1,Kansas City Royals,2,1,0,0,0,0,0,11.0,3,Observed,1,1,1
P01623,TOR_20260827_1_PA007,TOR_20260827_1,B007,Daz Cameron,2026-08-27,Train,1,Kansas City Royals,2,2,1,0,0,0,0,9.0,3,Observed,1,1,1
P01624,TOR_20260827_1_PA007,TOR_20260827_1,B007,Daz Cameron,2026-08-27,Train,1,Kansas City Royals,2,3,2,0,0,0,0,10.0,3,Observed,1,1,1
P01625,TOR_20260827_1_PA007,TOR_20260827_1,B007,Daz Cameron,2026-08-27,Train,1,Kansas City Royals,2,4,2,1,0,0,0,9.0,3,Observed,1,1,1
P01626,TOR_20260827_1_PA007,TOR_20260827_1,B007,Daz Cameron,2026-08-27,Train,1,Kansas City Royals,2,5,2,2,0,0,0,10.0,3,Observed,1,1,1
P01627,TOR_20260827_1_PA008,TOR_20260827_1,B013,Myles Straw,2026-08-27,Train,1,Kansas City Royals,2,1,0,0,0,0,0,9.0,1,Observed,1,1,1
P01628,TOR_20260827_1_PA008,TOR_20260827_1,B013,Myles Straw,2026-08-27,Train,1,Kansas City Royals,2,2,0,1,0,0,0,11.0,1,Observed,1,1,1
P01629,TOR_20260827_1_PA008,TOR_20260827_1,B013,Myles Straw,2026-08-27,Train,1,Kansas City Royals,2,3,1,1,0,0,0,8.0,1,Observed,1,1,1
P01630,TOR_20260827_1_PA008,TOR_20260827_1,B013,Myles Straw,2026-08-27,Train,1,Kansas City Royals,2,4,1,2,0,0,0,15.0,1,Observed,1,1,1
P01631,TOR_20260827_1_PA008,TOR_20260827_1,B013,Myles Straw,2026-08-27,Train,1,Kansas City Royals,2,5,1,2,0,0,0,22.0,1,Observed,1,1,1
P01632,TOR_20260827_1_PA008,TOR_20260827_1,B013,Myles Straw,2026-08-27,Train,1,Kansas City Royals,2,6,2,2,0,0,0,8.0,2,Observed,1,1,1
P01633,TOR_20260827_1_PA009,TOR_20260827_1,B014,Nathan Lukes,2026-08-27,Train,1,Kansas City Royals,2,1,0,0,1,1,0,11.0,3,Observed,1,1,1
P01634,TOR_20260827_1_PA009,TOR_20260827_1,B014,Nathan Lukes,2026-08-27,Train,1,Kansas City Royals,2,2,1,0,1,1,0,13.0,4,Observed,1,1,1
P01635,TOR_20260827_1_PA010,TOR_20260827_1,B005,Charles McAdoo,2026-08-27,Train,1,Kansas City Royals,3,1,0,0,0,0,0,19.0,2,Observed,1,1,1
P01636,TOR_20260827_1_PA010,TOR_20260827_1,B005,Charles McAdoo,2026-08-27,Train,1,Kansas City Royals,3,2,0,1,0,0,0,9.0,2,Observed,1,1,1
P01637,TOR_20260827_1_PA010,TOR_20260827_1,B005,Charles McAdoo,2026-08-27,Train,1,Kansas City Royals,3,3,1,1,0,0,0,7.0,3,Observed,1,1,1
P01638,TOR_20260827_1_PA010,TOR_20260827_1,B005,Charles McAdoo,2026-08-27,Train,1,Kansas City Royals,3,4,1,2,0,0,0,10.0,2,Observed,1,1,1
P01639,TOR_20260827_1_PA011,TOR_20260827_1,B017,Vladimir Guerrero Jr.,2026-08-27,Train,1,Kansas City Royals,3,1,0,0,0,0,0,17.0,2,Observed,1,1,1
P01640,TOR_20260827_1_PA011,TOR_20260827_1,B017,Vladimir Guerrero Jr.,2026-08-27,Train,1,Kansas City Royals,3,2,1,0,0,0,0,14.0,0,Observed,1,1,1
P01641,TOR_20260827_1_PA011,TOR_20260827_1,B017,Vladimir Guerrero Jr.,2026-08-27,Train,1,Kansas City Royals,3,3,1,1,0,0,0,11.0,0,Observed,1,1,1
P01642,TOR_20260827_1_PA011,TOR_20260827_1,B017,Vladimir Guerrero Jr.,2026-08-27,Train,1,Kansas City Royals,3,4,2,1,0,0,0,13.0,1,Observed,1,1,1
P01643,TOR_20260827_1_PA011,TOR_20260827_1,B017,Vladimir Guerrero Jr.,2026-08-27,Train,1,Kansas City Royals,3,5,2,2,0,0,0,20.0,1,Observed,1,1,1
P01644,TOR_20260827_1_PA011,TOR_20260827_1,B017,Vladimir Guerrero Jr.,2026-08-27,Train,1,Kansas City Royals,3,6,3,2,0,0,0,12.0,0,Observed,1,1,1
P01645,TOR_20260827_1_PA012,TOR_20260827_1,B001,Alejandro Kirk,2026-08-27,Train,1,Kansas City Royals,3,1,0,0,0,1,0,12.0,3,Observed,1,1,1
P01646,TOR_20260827_1_PA012,TOR_20260827_1,B001,Alejandro Kirk,2026-08-27,Train,1,Kansas City Royals,3,2,1,0,0,1,0,14.0,3,Observed,1,1,1
P01647,TOR_20260827_1_PA013,TOR_20260827_1,B009,George Springer,2026-08-27,Train,1,Kansas City Royals,4,1,0,0,0,0,0,12.0,2,Observed,1,1,1
P01648,TOR_20260827_1_PA014,TOR_20260827_1,B001,Alejandro Kirk,2026-08-27,Train,1,Kansas City Royals,4,1,0,0,0,0,0,11.0,0,Observed,1,1,1
P01649,TOR_20260827_1_PA014,TOR_20260827_1,B001,Alejandro Kirk,2026-08-27,Train,1,Kansas City Royals,4,2,1,0,0,0,0,9.0,1,Observed,1,1,1
P01650,TOR_20260827_1_PA015,TOR_20260827_1,B008,Ernie Clement,2026-08-27,Train,1,Kansas City Royals,4,1,0,0,0,0,0,9.0,2,Observed,1,1,1
P01651,TOR_20260827_1_PA015,TOR_20260827_1,B008,Ernie Clement,2026-08-27,Train,1,Kansas City Royals,4,2,0,1,0,0,0,10.0,1,Observed,1,1,1
P01652,TOR_20260827_1_PA015,TOR_20260827_1,B008,Ernie Clement,2026-08-27,Train,1,Kansas City Royals,4,3,0,2,0,0,0,17.0,1,Observed,1,1,1
P01653,TOR_20260827_1_PA016,TOR_20260827_1,B007,Daz Cameron,2026-08-27,Train,1,Kansas City Royals,5,1,0,0,0,0,0,9.0,3,Observed,1,1,1
P01654,TOR_20260827_1_PA017,TOR_20260827_1,B013,Myles Straw,2026-08-27,Train,1,Kansas City Royals,5,1,0,0,0,0,0,8.0,0,Observed,1,1,1
P01655,TOR_20260827_1_PA017,TOR_20260827_1,B013,Myles Straw,2026-08-27,Train,1,Kansas City Royals,5,2,0,1,0,0,0,11.0,1,Observed,1,1,1
P01656,TOR_20260827_1_PA017,TOR_20260827_1,B013,Myles Straw,2026-08-27,Train,1,Kansas City Royals,5,3,0,2,0,0,0,9.0,1,Observed,1,1,1
P01657,TOR_20260827_1_PA018,TOR_20260827_1,B014,Nathan Lukes,2026-08-27,Train,1,Kansas City Royals,5,1,0,0,0,0,0,12.0,3,Observed,1,1,1
P01658,TOR_20260827_1_PA018,TOR_20260827_1,B014,Nathan Lukes,2026-08-27,Train,1,Kansas City Royals,5,2,1,0,0,0,0,16.0,3,Observed,1,1,1
P01659,TOR_20260827_1_PA018,TOR_20260827_1,B014,Nathan Lukes,2026-08-27,Train,1,Kansas City Royals,5,3,1,1,0,0,0,12.0,3,Observed,1,1,1
P01660,TOR_20260827_1_PA018,TOR_20260827_1,B014,Nathan Lukes,2026-08-27,Train,1,Kansas City Royals,5,4,1,2,0,0,0,15.0,3,Observed,1,1,1
P01661,TOR_20260827_1_PA019,TOR_20260827_1,B005,Charles McAdoo,2026-08-27,Train,1,Kansas City Royals,6,1,0,0,0,0,0,9.0,2,Observed,1,1,1
P01662,TOR_20260827_1_PA019,TOR_20260827_1,B005,Charles McAdoo,2026-08-27,Train,1,Kansas City Royals,6,2,0,1,0,0,0,9.0,2,Observed,1,1,1
P01663,TOR_20260827_1_PA019,TOR_20260827_1,B005,Charles McAdoo,2026-08-27,Train,1,Kansas City Royals,6,3,0,2,0,0,0,14.0,2,Observed,1,1,1
P01664,TOR_20260827_1_PA019,TOR_20260827_1,B005,Charles McAdoo,2026-08-27,Train,1,Kansas City Royals,6,4,1,2,0,0,0,11.0,2,Observed,1,1,1
P01665,TOR_20260827_1_PA020,TOR_20260827_1,B017,Vladimir Guerrero Jr.,2026-08-27,Train,1,Kansas City Royals,6,1,0,0,0,0,0,9.0,3,Observed,1,1,1
P01666,TOR_20260827_1_PA020,TOR_20260827_1,B017,Vladimir Guerrero Jr.,2026-08-27,Train,1,Kansas City Royals,6,2,1,0,0,0,0,8.0,0,Observed,1,1,1
P01667,TOR_20260827_1_PA020,TOR_20260827_1,B017,Vladimir Guerrero Jr.,2026-08-27,Train,1,Kansas City Royals,6,3,1,1,0,0,0,13.0,4,Observed,1,1,1
P01668,TOR_20260827_1_PA021,TOR_20260827_1,B001,Alejandro Kirk,2026-08-27,Train,1,Kansas City Royals,6,1,0,0,0,0,0,14.0,3,Observed,1,1,1
P01669,TOR_20260827_1_PA021,TOR_20260827_1,B001,Alejandro Kirk,2026-08-27,Train,1,Kansas City Royals,6,2,0,1,0,0,0,9.0,3,Observed,1,1,1
P01670,TOR_20260827_1_PA021,TOR_20260827_1,B001,Alejandro Kirk,2026-08-27,Train,1,Kansas City Royals,6,3,0,2,0,0,0,17.0,3,Observed,1,1,1
P01671,TOR_20260827_1_PA022,TOR_20260827_1,B009,George Springer,2026-08-27,Train,1,Kansas City Royals,6,1,0,0,0,1,0,17.0,2,Observed,1,1,1
P01672,TOR_20260827_1_PA023,TOR_20260827_1,B012,Kazuma Okamoto,2026-08-27,Train,1,Kansas City Royals,6,1,0,0,0,0,0,9.0,1,Observed,1,1,1
P01673,TOR_20260827_1_PA023,TOR_20260827_1,B012,Kazuma Okamoto,2026-08-27,Train,1,Kansas City Royals,6,2,0,1,0,0,0,8.0,0,Observed,1,1,1
P01674,TOR_20260827_1_PA023,TOR_20260827_1,B012,Kazuma Okamoto,2026-08-27,Train,1,Kansas City Royals,6,3,1,1,0,0,0,10.0,1,Observed,1,1,1
P01675,TOR_20260827_1_PA023,TOR_20260827_1,B012,Kazuma Okamoto,2026-08-27,Train,1,Kansas City Royals,6,4,2,1,0,0,0,11.0,1,Observed,1,1,1
P01676,TOR_20260827_1_PA024,TOR_20260827_1,B008,Ernie Clement,2026-08-27,Train,1,Kansas City Royals,6,1,0,0,1,1,0,9.0,2,Observed,1,1,1
P01677,TOR_20260827_1_PA024,TOR_20260827_1,B008,Ernie Clement,2026-08-27,Train,1,Kansas City Royals,6,2,0,1,1,1,0,15.0,2,Observed,1,1,1
P01678,TOR_20260827_1_PA024,TOR_20260827_1,B008,Ernie Clement,2026-08-27,Train,1,Kansas City Royals,6,3,1,1,1,1,0,13.0,0,Observed,1,1,1
P01679,TOR_20260827_1_PA025,TOR_20260827_1,B007,Daz Cameron,2026-08-27,Train,1,Kansas City Royals,6,1,0,0,1,2,0,9.0,3,Observed,1,1,1
P01680,TOR_20260827_1_PA025,TOR_20260827_1,B007,Daz Cameron,2026-08-27,Train,1,Kansas City Royals,6,2,1,0,1,2,0,9.0,3,Observed,1,1,1
P01681,TOR_20260827_1_PA026,TOR_20260827_1,B013,Myles Straw,2026-08-27,Train,1,Kansas City Royals,7,1,0,0,0,0,0,9.0,0,Observed,1,1,1
P01682,TOR_20260827_1_PA026,TOR_20260827_1,B013,Myles Straw,2026-08-27,Train,1,Kansas City Royals,7,2,0,1,0,0,0,9.0,0,Observed,1,1,1
P01683,TOR_20260827_1_PA026,TOR_20260827_1,B013,Myles Straw,2026-08-27,Train,1,Kansas City Royals,7,3,0,2,0,0,1,10.0,0,Observed,1,1,1
P01684,TOR_20260827_1_PA026,TOR_20260827_1,B013,Myles Straw,2026-08-27,Train,1,Kansas City Royals,7,4,1,2,0,0,0,14.0,0,Observed,1,1,1
P01685,TOR_20260827_1_PA026,TOR_20260827_1,B013,Myles Straw,2026-08-27,Train,1,Kansas City Royals,7,5,1,2,0,0,0,27.0,0,Observed,1,1,1
P01686,TOR_20260827_1_PA026,TOR_20260827_1,B013,Myles Straw,2026-08-27,Train,1,Kansas City Royals,7,6,2,2,0,0,0,17.0,0,Observed,1,1,1
P01687,TOR_20260827_1_PA026,TOR_20260827_1,B013,Myles Straw,2026-08-27,Train,1,Kansas City Royals,7,7,3,2,0,0,0,14.0,0,Observed,1,1,1
P01688,TOR_20260827_1_PA027,TOR_20260827_1,B014,Nathan Lukes,2026-08-27,Train,1,Kansas City Royals,7,1,0,0,0,1,0,9.0,3,Observed,1,1,1
P01689,TOR_20260827_1_PA027,TOR_20260827_1,B014,Nathan Lukes,2026-08-27,Train,1,Kansas City Royals,7,2,0,1,0,1,0,9.0,4,Observed,1,1,1
P01690,TOR_20260827_1_PA027,TOR_20260827_1,B014,Nathan Lukes,2026-08-27,Train,1,Kansas City Royals,7,3,0,2,0,1,0,10.0,4,Observed,1,1,1
P01691,TOR_20260827_1_PA028,TOR_20260827_1,B005,Charles McAdoo,2026-08-27,Train,1,Kansas City Royals,7,1,0,0,1,2,0,9.0,2,Observed,1,1,1
P01692,TOR_20260827_1_PA028,TOR_20260827_1,B005,Charles McAdoo,2026-08-27,Train,1,Kansas City Royals,7,2,1,0,1,2,0,11.0,2,Observed,1,1,1
P01693,TOR_20260827_1_PA029,TOR_20260827_1,B017,Vladimir Guerrero Jr.,2026-08-27,Train,1,Kansas City Royals,7,1,0,0,1,1,0,14.0,3,Observed,1,1,1
P01694,TOR_20260827_1_PA029,TOR_20260827_1,B017,Vladimir Guerrero Jr.,2026-08-27,Train,1,Kansas City Royals,7,2,0,1,1,1,0,21.0,0,Observed,1,1,1
P01695,TOR_20260827_1_PA029,TOR_20260827_1,B017,Vladimir Guerrero Jr.,2026-08-27,Train,1,Kansas City Royals,7,3,1,1,1,1,0,10.0,0,Observed,1,1,1
P01696,TOR_20260827_1_PA030,TOR_20260827_1,B001,Alejandro Kirk,2026-08-27,Train,1,Kansas City Royals,9,1,0,0,0,0,0,10.0,3,Observed,1,1,1
P01697,TOR_20260827_1_PA030,TOR_20260827_1,B001,Alejandro Kirk,2026-08-27,Train,1,Kansas City Royals,9,2,1,0,0,0,0,11.0,3,Observed,1,1,1
P01698,TOR_20260827_1_PA030,TOR_20260827_1,B001,Alejandro Kirk,2026-08-27,Train,1,Kansas City Royals,9,3,1,1,0,0,0,11.0,3,Observed,1,1,1
P01699,TOR_20260827_1_PA030,TOR_20260827_1,B001,Alejandro Kirk,2026-08-27,Train,1,Kansas City Royals,9,4,2,1,0,0,0,10.0,3,Observed,1,1,1
P01700,TOR_20260827_1_PA031,TOR_20260827_1,B009,George Springer,2026-08-27,Train,1,Kansas City Royals,9,1,0,0,0,0,0,12.0,2,Observed,1,1,1
P01701,TOR_20260827_1_PA031,TOR_20260827_1,B009,George Springer,2026-08-27,Train,1,Kansas City Royals,9,2,0,1,0,0,0,14.0,0,Observed,1,1,1
P01702,TOR_20260827_1_PA032,TOR_20260827_1,B012,Kazuma Okamoto,2026-08-27,Train,1,Kansas City Royals,9,1,0,0,0,1,0,12.0,0,Observed,1,1,1
P01703,TOR_20260827_1_PA032,TOR_20260827_1,B012,Kazuma Okamoto,2026-08-27,Train,1,Kansas City Royals,9,2,0,1,0,1,0,14.0,1,Observed,1,1,1
P01704,TOR_20260827_1_PA032,TOR_20260827_1,B012,Kazuma Okamoto,2026-08-27,Train,1,Kansas City Royals,9,3,1,1,0,1,0,9.0,1,Observed,1,1,1
P01705,TOR_20260827_1_PA033,TOR_20260827_1,B008,Ernie Clement,2026-08-27,Train,1,Kansas City Royals,9,1,0,0,0,0,0,12.0,1,Observed,1,1,1
P01706,TOR_20260827_1_PA033,TOR_20260827_1,B008,Ernie Clement,2026-08-27,Train,1,Kansas City Royals,9,2,1,0,0,0,0,8.0,2,Observed,1,1,1
P01707,TOR_20260827_1_PA033,TOR_20260827_1,B008,Ernie Clement,2026-08-27,Train,1,Kansas City Royals,9,3,2,0,0,0,0,13.0,1,Observed,1,1,1
P01708,TOR_20260827_1_PA034,TOR_20260827_1,B007,Daz Cameron,2026-08-27,Train,1,Kansas City Royals,9,1,0,0,0,0,0,16.0,2,Observed,1,1,1
P01709,TOR_20260827_1_PA034,TOR_20260827_1,B007,Daz Cameron,2026-08-27,Train,1,Kansas City Royals,9,2,1,0,0,0,0,14.0,2,Observed,1,1,1
P01710,TOR_20260827_1_PA034,TOR_20260827_1,B007,Daz Cameron,2026-08-27,Train,1,Kansas City Royals,9,3,1,1,0,0,0,9.0,3,Observed,1,1,1
P01711,TOR_20260827_1_PA034,TOR_20260827_1,B007,Daz Cameron,2026-08-27,Train,1,Kansas City Royals,9,4,2,1,0,0,0,9.0,0,Observed,1,1,1
P01712,TOR_20260827_1_PA034,TOR_20260827_1,B007,Daz Cameron,2026-08-27,Train,1,Kansas City Royals,9,5,2,2,0,0,0,11.0,2,Observed,1,1,1
P01713,TOR_20260827_1_PA035,TOR_20260827_1,B013,Myles Straw,2026-08-27,Train,1,Kansas City Royals,9,1,0,0,0,0,0,14.0,0,Observed,1,1,1
P01714,TOR_20260827_1_PA035,TOR_20260827_1,B013,Myles Straw,2026-08-27,Train,1,Kansas City Royals,9,2,1,0,0,0,0,13.0,0,Observed,1,1,1
P01715,TOR_20260827_1_PA035,TOR_20260827_1,B013,Myles Straw,2026-08-27,Train,1,Kansas City Royals,9,3,1,1,0,0,1,13.0,0,Observed,1,1,1
P01716,TOR_20260827_1_PA035,TOR_20260827_1,B013,Myles Straw,2026-08-27,Train,1,Kansas City Royals,9,4,1,2,0,0,0,12.0,0,Observed,1,1,1
P01717,TOR_20260828_1_PA001,TOR_20260828_1,B004,Brett Bateman,2026-08-28,Train,1,Seattle Mariners,1,1,0,0,0,0,0,12.0,2,Observed,1,1,1
P01718,TOR_20260828_1_PA001,TOR_20260828_1,B004,Brett Bateman,2026-08-28,Train,1,Seattle Mariners,1,2,1,0,0,0,0,12.0,0,Observed,1,1,1
P01719,TOR_20260828_1_PA002,TOR_20260828_1,B014,Nathan Lukes,2026-08-28,Train,1,Seattle Mariners,1,1,0,0,0,1,0,14.0,3,Observed,1,1,1
P01720,TOR_20260828_1_PA002,TOR_20260828_1,B014,Nathan Lukes,2026-08-28,Train,1,Seattle Mariners,1,2,0,1,1,1,0,16.0,3,Observed,1,1,1
P01721,TOR_20260828_1_PA002,TOR_20260828_1,B014,Nathan Lukes,2026-08-28,Train,1,Seattle Mariners,1,3,1,1,1,1,0,14.0,4,Observed,1,1,1
P01722,TOR_20260828_1_PA003,TOR_20260828_1,B017,Vladimir Guerrero Jr.,2026-08-28,Train,1,Seattle Mariners,1,1,0,0,1,1,0,12.0,1,Observed,1,1,1
P01723,TOR_20260828_1_PA004,TOR_20260828_1,B009,George Springer,2026-08-28,Train,1,Seattle Mariners,1,1,0,0,1,1,0,11.0,1,Observed,1,1,1
P01724,TOR_20260828_1_PA004,TOR_20260828_1,B009,George Springer,2026-08-28,Train,1,Seattle Mariners,1,2,0,1,1,1,0,15.0,1,Observed,1,1,1
P01725,TOR_20260828_1_PA004,TOR_20260828_1,B009,George Springer,2026-08-28,Train,1,Seattle Mariners,1,3,0,2,1,1,0,17.0,1,Observed,1,1,1
P01726,TOR_20260828_1_PA005,TOR_20260828_1,B010,Jesús Sánchez,2026-08-28,Train,1,Seattle Mariners,1,1,0,0,1,2,0,13.0,1,Observed,1,1,1
P01727,TOR_20260828_1_PA005,TOR_20260828_1,B010,Jesús Sánchez,2026-08-28,Train,1,Seattle Mariners,1,2,0,1,1,2,0,17.0,1,Observed,1,1,1
P01728,TOR_20260828_1_PA005,TOR_20260828_1,B010,Jesús Sánchez,2026-08-28,Train,1,Seattle Mariners,1,3,0,2,1,2,0,18.0,1,Observed,1,1,1
P01729,TOR_20260828_1_PA005,TOR_20260828_1,B010,Jesús Sánchez,2026-08-28,Train,1,Seattle Mariners,1,4,0,2,1,2,0,13.0,1,Observed,1,1,1
P01730,TOR_20260828_1_PA005,TOR_20260828_1,B010,Jesús Sánchez,2026-08-28,Train,1,Seattle Mariners,1,5,0,2,1,2,0,11.0,1,Observed,1,1,1
P01731,TOR_20260828_1_PA006,TOR_20260828_1,B012,Kazuma Okamoto,2026-08-28,Train,1,Seattle Mariners,1,1,0,0,1,3,0,11.0,0,Observed,1,1,1
P01732,TOR_20260828_1_PA006,TOR_20260828_1,B012,Kazuma Okamoto,2026-08-28,Train,1,Seattle Mariners,1,2,0,1,1,3,0,13.0,2,Observed,1,1,1
P01733,TOR_20260828_1_PA006,TOR_20260828_1,B012,Kazuma Okamoto,2026-08-28,Train,1,Seattle Mariners,1,3,1,1,1,3,0,11.0,2,Observed,1,1,1
P01734,TOR_20260828_1_PA006,TOR_20260828_1,B012,Kazuma Okamoto,2026-08-28,Train,1,Seattle Mariners,1,4,2,1,1,3,0,12.0,2,Observed,1,1,1
P01735,TOR_20260828_1_PA007,TOR_20260828_1,B002,Andrés Giménez,2026-08-28,Train,1,Seattle Mariners,1,1,0,0,1,2,0,12.0,1,Observed,1,1,1
P01736,TOR_20260828_1_PA008,TOR_20260828_1,B008,Ernie Clement,2026-08-28,Train,1,Seattle Mariners,1,1,0,0,1,2,0,14.0,2,Observed,1,1,1
P01737,TOR_20260828_1_PA009,TOR_20260828_1,B003,Brandon Valenzuela,2026-08-28,Train,1,Seattle Mariners,2,1,0,0,0,0,0,12.0,2,Observed,1,1,1
P01738,TOR_20260828_1_PA009,TOR_20260828_1,B003,Brandon Valenzuela,2026-08-28,Train,1,Seattle Mariners,2,2,1,0,0,0,0,13.0,2,Observed,1,1,1
P01739,TOR_20260828_1_PA009,TOR_20260828_1,B003,Brandon Valenzuela,2026-08-28,Train,1,Seattle Mariners,2,3,2,0,0,0,0,12.0,2,Observed,1,1,1
P01740,TOR_20260828_1_PA010,TOR_20260828_1,B004,Brett Bateman,2026-08-28,Train,1,Seattle Mariners,2,1,0,0,0,0,0,11.0,2,Observed,1,1,1
P01741,TOR_20260828_1_PA010,TOR_20260828_1,B004,Brett Bateman,2026-08-28,Train,1,Seattle Mariners,2,2,1,0,0,0,0,13.0,0,Observed,1,1,1
P01742,TOR_20260828_1_PA010,TOR_20260828_1,B004,Brett Bateman,2026-08-28,Train,1,Seattle Mariners,2,3,1,1,0,0,0,14.0,0,Observed,1,1,1
P01743,TOR_20260828_1_PA011,TOR_20260828_1,B014,Nathan Lukes,2026-08-28,Train,1,Seattle Mariners,2,1,0,0,0,1,0,11.0,3,Observed,1,1,1
P01744,TOR_20260828_1_PA012,TOR_20260828_1,B017,Vladimir Guerrero Jr.,2026-08-28,Train,1,Seattle Mariners,3,1,0,0,0,0,0,12.0,2,Observed,1,1,1
P01745,TOR_20260828_1_PA013,TOR_20260828_1,B009,George Springer,2026-08-28,Train,1,Seattle Mariners,3,1,0,0,0,0,0,18.0,1,Observed,1,1,1
P01746,TOR_20260828_1_PA013,TOR_20260828_1,B009,George Springer,2026-08-28,Train,1,Seattle Mariners,3,2,0,1,0,0,0,10.0,1,Observed,1,1,1
P01747,TOR_20260828_1_PA014,TOR_20260828_1,B010,Jesús Sánchez,2026-08-28,Train,1,Seattle Mariners,3,1,0,0,1,1,0,13.0,1,Observed,1,1,1
P01748,TOR_20260828_1_PA014,TOR_20260828_1,B010,Jesús Sánchez,2026-08-28,Train,1,Seattle Mariners,3,2,1,0,1,1,0,14.0,2,Observed,1,1,1
P01749,TOR_20260828_1_PA014,TOR_20260828_1,B010,Jesús Sánchez,2026-08-28,Train,1,Seattle Mariners,3,3,1,1,1,1,0,13.0,1,Observed,1,1,1
P01750,TOR_20260828_1_PA015,TOR_20260828_1,B012,Kazuma Okamoto,2026-08-28,Train,1,Seattle Mariners,3,1,0,0,1,1,0,11.0,1,Observed,1,1,1
P01751,TOR_20260828_1_PA015,TOR_20260828_1,B012,Kazuma Okamoto,2026-08-28,Train,1,Seattle Mariners,3,2,1,0,1,1,0,14.0,2,Observed,1,1,1
P01752,TOR_20260828_1_PA015,TOR_20260828_1,B012,Kazuma Okamoto,2026-08-28,Train,1,Seattle Mariners,3,3,1,1,1,1,0,14.0,2,Observed,1,1,1
P01753,TOR_20260828_1_PA016,TOR_20260828_1,B002,Andrés Giménez,2026-08-28,Train,1,Seattle Mariners,4,1,0,0,0,0,0,14.0,1,Observed,1,1,1
P01754,TOR_20260828_1_PA016,TOR_20260828_1,B002,Andrés Giménez,2026-08-28,Train,1,Seattle Mariners,4,2,1,0,0,0,0,12.0,2,Observed,1,1,1
P01755,TOR_20260828_1_PA017,TOR_20260828_1,B008,Ernie Clement,2026-08-28,Train,1,Seattle Mariners,4,1,0,0,0,0,0,16.0,2,Observed,1,1,1
P01756,TOR_20260828_1_PA017,TOR_20260828_1,B008,Ernie Clement,2026-08-28,Train,1,Seattle Mariners,4,2,0,1,0,0,0,12.0,1,Observed,1,1,1
P01757,TOR_20260828_1_PA018,TOR_20260828_1,B003,Brandon Valenzuela,2026-08-28,Train,1,Seattle Mariners,4,1,0,0,0,0,0,13.0,1,Observed,1,1,1
P01758,TOR_20260828_1_PA018,TOR_20260828_1,B003,Brandon Valenzuela,2026-08-28,Train,1,Seattle Mariners,4,2,0,1,0,0,0,16.0,3,Observed,1,1,1
P01759,TOR_20260828_1_PA018,TOR_20260828_1,B003,Brandon Valenzuela,2026-08-28,Train,1,Seattle Mariners,4,3,1,1,0,0,0,11.0,1,Observed,1,1,1
P01760,TOR_20260828_1_PA018,TOR_20260828_1,B003,Brandon Valenzuela,2026-08-28,Train,1,Seattle Mariners,4,4,2,1,0,0,0,14.0,1,Observed,1,1,1
P01761,TOR_20260828_1_PA019,TOR_20260828_1,B004,Brett Bateman,2026-08-28,Train,1,Seattle Mariners,5,1,0,0,0,0,0,19.0,2,Observed,1,1,1
P01762,TOR_20260828_1_PA019,TOR_20260828_1,B004,Brett Bateman,2026-08-28,Train,1,Seattle Mariners,5,2,0,1,0,0,0,16.0,0,Observed,1,1,1
P01763,TOR_20260828_1_PA019,TOR_20260828_1,B004,Brett Bateman,2026-08-28,Train,1,Seattle Mariners,5,3,0,2,0,0,0,11.0,0,Observed,1,1,1
P01764,TOR_20260828_1_PA020,TOR_20260828_1,B014,Nathan Lukes,2026-08-28,Train,1,Seattle Mariners,5,1,0,0,0,0,0,11.0,3,Observed,1,1,1
P01765,TOR_20260828_1_PA020,TOR_20260828_1,B014,Nathan Lukes,2026-08-28,Train,1,Seattle Mariners,5,2,1,0,0,0,0,12.0,3,Observed,1,1,1
P01766,TOR_20260828_1_PA020,TOR_20260828_1,B014,Nathan Lukes,2026-08-28,Train,1,Seattle Mariners,5,3,1,1,0,0,0,11.0,3,Observed,1,1,1
P01767,TOR_20260828_1_PA021,TOR_20260828_1,B017,Vladimir Guerrero Jr.,2026-08-28,Train,1,Seattle Mariners,5,1,0,0,0,0,0,12.0,1,Observed,1,1,1
P01768,TOR_20260828_1_PA021,TOR_20260828_1,B017,Vladimir Guerrero Jr.,2026-08-28,Train,1,Seattle Mariners,5,2,0,1,0,0,0,11.0,0,Observed,1,1,1
P01769,TOR_20260828_1_PA021,TOR_20260828_1,B017,Vladimir Guerrero Jr.,2026-08-28,Train,1,Seattle Mariners,5,3,1,1,0,0,0,13.0,1,Observed,1,1,1
P01770,TOR_20260828_1_PA021,TOR_20260828_1,B017,Vladimir Guerrero Jr.,2026-08-28,Train,1,Seattle Mariners,5,4,1,2,0,0,0,18.0,1,Observed,1,1,1
P01771,TOR_20260828_1_PA021,TOR_20260828_1,B017,Vladimir Guerrero Jr.,2026-08-28,Train,1,Seattle Mariners,5,5,2,2,0,0,0,12.0,1,Observed,1,1,1
P01772,TOR_20260828_1_PA022,TOR_20260828_1,B009,George Springer,2026-08-28,Train,1,Seattle Mariners,5,1,0,0,0,0,0,11.0,1,Observed,1,1,1
P01773,TOR_20260828_1_PA022,TOR_20260828_1,B009,George Springer,2026-08-28,Train,1,Seattle Mariners,5,2,0,1,0,0,0,10.0,1,Observed,1,1,1
P01774,TOR_20260828_1_PA022,TOR_20260828_1,B009,George Springer,2026-08-28,Train,1,Seattle Mariners,5,3,0,2,0,0,0,17.0,1,Observed,1,1,1
P01775,TOR_20260828_1_PA022,TOR_20260828_1,B009,George Springer,2026-08-28,Train,1,Seattle Mariners,5,4,1,2,0,0,0,11.0,1,Observed,1,1,1
P01776,TOR_20260828_1_PA022,TOR_20260828_1,B009,George Springer,2026-08-28,Train,1,Seattle Mariners,5,5,1,2,0,0,0,14.0,1,Observed,1,1,1
P01777,TOR_20260828_1_PA023,TOR_20260828_1,B010,Jesús Sánchez,2026-08-28,Train,1,Seattle Mariners,5,1,0,0,0,0,0,9.0,1,Observed,1,1,1
P01778,TOR_20260828_1_PA023,TOR_20260828_1,B010,Jesús Sánchez,2026-08-28,Train,1,Seattle Mariners,5,2,1,0,0,0,0,11.0,2,Observed,1,1,1
P01779,TOR_20260828_1_PA023,TOR_20260828_1,B010,Jesús Sánchez,2026-08-28,Train,1,Seattle Mariners,5,3,1,1,0,0,0,14.0,2,Observed,1,1,1
P01780,TOR_20260828_1_PA023,TOR_20260828_1,B010,Jesús Sánchez,2026-08-28,Train,1,Seattle Mariners,5,4,1,2,0,0,0,15.0,1,Observed,1,1,1
P01781,TOR_20260828_1_PA023,TOR_20260828_1,B010,Jesús Sánchez,2026-08-28,Train,1,Seattle Mariners,5,5,2,2,0,0,0,15.0,1,Observed,1,1,1
P01782,TOR_20260828_1_PA024,TOR_20260828_1,B012,Kazuma Okamoto,2026-08-28,Train,1,Seattle Mariners,6,1,0,0,0,0,0,14.0,1,Observed,1,1,1
P01783,TOR_20260828_1_PA024,TOR_20260828_1,B012,Kazuma Okamoto,2026-08-28,Train,1,Seattle Mariners,6,2,0,1,0,0,0,16.0,2,Observed,1,1,1
P01784,TOR_20260828_1_PA024,TOR_20260828_1,B012,Kazuma Okamoto,2026-08-28,Train,1,Seattle Mariners,6,3,0,2,0,0,0,16.0,1,Observed,1,1,1
P01785,TOR_20260828_1_PA024,TOR_20260828_1,B012,Kazuma Okamoto,2026-08-28,Train,1,Seattle Mariners,6,4,1,2,0,0,0,13.0,0,Observed,1,1,1
P01786,TOR_20260828_1_PA024,TOR_20260828_1,B012,Kazuma Okamoto,2026-08-28,Train,1,Seattle Mariners,6,5,2,2,0,0,0,13.0,0,Observed,1,1,1
P01787,TOR_20260828_1_PA025,TOR_20260828_1,B002,Andrés Giménez,2026-08-28,Train,1,Seattle Mariners,6,1,0,0,0,0,0,14.0,2,Observed,1,1,1
P01788,TOR_20260828_1_PA025,TOR_20260828_1,B002,Andrés Giménez,2026-08-28,Train,1,Seattle Mariners,6,2,0,1,0,0,0,14.0,1,Observed,1,1,1
P01789,TOR_20260828_1_PA026,TOR_20260828_1,B008,Ernie Clement,2026-08-28,Train,1,Seattle Mariners,6,1,0,0,0,0,0,12.0,2,Observed,1,1,1
P01790,TOR_20260828_1_PA026,TOR_20260828_1,B008,Ernie Clement,2026-08-28,Train,1,Seattle Mariners,6,2,0,1,0,0,0,11.0,2,Observed,1,1,1
P01791,TOR_20260828_1_PA026,TOR_20260828_1,B008,Ernie Clement,2026-08-28,Train,1,Seattle Mariners,6,3,1,1,0,0,0,14.0,1,Observed,1,1,1
P01792,TOR_20260828_1_PA026,TOR_20260828_1,B008,Ernie Clement,2026-08-28,Train,1,Seattle Mariners,6,4,1,2,0,0,0,15.0,1,Observed,1,1,1
P01793,TOR_20260828_1_PA026,TOR_20260828_1,B008,Ernie Clement,2026-08-28,Train,1,Seattle Mariners,6,5,1,2,0,0,0,16.0,2,Observed,1,1,1
P01794,TOR_20260828_1_PA026,TOR_20260828_1,B008,Ernie Clement,2026-08-28,Train,1,Seattle Mariners,6,6,1,2,0,0,0,14.0,0,Observed,1,1,1
P01795,TOR_20260828_1_PA026,TOR_20260828_1,B008,Ernie Clement,2026-08-28,Train,1,Seattle Mariners,6,7,2,2,0,0,0,20.0,1,Observed,1,1,1
P01796,TOR_20260828_1_PA027,TOR_20260828_1,B003,Brandon Valenzuela,2026-08-28,Train,1,Seattle Mariners,6,1,0,0,0,0,0,13.0,1,Observed,1,1,1
P01797,TOR_20260828_1_PA027,TOR_20260828_1,B003,Brandon Valenzuela,2026-08-28,Train,1,Seattle Mariners,6,2,0,1,0,0,0,14.0,2,Observed,1,1,1
P01798,TOR_20260828_1_PA027,TOR_20260828_1,B003,Brandon Valenzuela,2026-08-28,Train,1,Seattle Mariners,6,3,1,1,0,0,0,13.0,2,Observed,1,1,1
P01799,TOR_20260828_1_PA027,TOR_20260828_1,B003,Brandon Valenzuela,2026-08-28,Train,1,Seattle Mariners,6,4,1,2,0,0,0,18.0,2,Observed,1,1,1
P01800,TOR_20260828_1_PA027,TOR_20260828_1,B003,Brandon Valenzuela,2026-08-28,Train,1,Seattle Mariners,6,5,1,2,0,0,0,14.0,1,Observed,1,1,1
P01801,TOR_20260828_1_PA027,TOR_20260828_1,B003,Brandon Valenzuela,2026-08-28,Train,1,Seattle Mariners,6,6,2,2,0,0,0,11.0,0,Observed,1,1,1
P01802,TOR_20260828_1_PA027,TOR_20260828_1,B003,Brandon Valenzuela,2026-08-28,Train,1,Seattle Mariners,6,7,3,2,0,0,0,13.0,0,Observed,1,1,1
P01803,TOR_20260828_1_PA027,TOR_20260828_1,B003,Brandon Valenzuela,2026-08-28,Train,1,Seattle Mariners,6,8,3,2,0,0,0,17.0,0,Observed,1,1,1
P01804,TOR_20260828_1_PA027,TOR_20260828_1,B003,Brandon Valenzuela,2026-08-28,Train,1,Seattle Mariners,6,9,3,2,0,0,0,21.0,0,Observed,1,1,1
P01805,TOR_20260828_1_PA028,TOR_20260828_1,B004,Brett Bateman,2026-08-28,Train,1,Seattle Mariners,6,1,0,0,0,1,0,11.0,2,Observed,1,1,1
P01806,TOR_20260828_1_PA029,TOR_20260828_1,B014,Nathan Lukes,2026-08-28,Train,1,Seattle Mariners,8,1,0,0,0,0,0,8.0,3,Observed,1,1,1
P01807,TOR_20260828_1_PA029,TOR_20260828_1,B014,Nathan Lukes,2026-08-28,Train,1,Seattle Mariners,8,2,0,1,0,0,0,9.0,3,Observed,1,1,1
P01808,TOR_20260828_1_PA029,TOR_20260828_1,B014,Nathan Lukes,2026-08-28,Train,1,Seattle Mariners,8,3,0,2,0,0,0,10.0,4,Observed,1,1,1
P01809,TOR_20260828_1_PA029,TOR_20260828_1,B014,Nathan Lukes,2026-08-28,Train,1,Seattle Mariners,8,4,1,2,0,0,0,9.0,3,Observed,1,1,1
P01810,TOR_20260828_1_PA029,TOR_20260828_1,B014,Nathan Lukes,2026-08-28,Train,1,Seattle Mariners,8,5,2,2,0,0,0,11.0,3,Observed,1,1,1
P01811,TOR_20260828_1_PA029,TOR_20260828_1,B014,Nathan Lukes,2026-08-28,Train,1,Seattle Mariners,8,6,2,2,0,0,0,9.0,3,Observed,1,1,1
P01812,TOR_20260828_1_PA029,TOR_20260828_1,B014,Nathan Lukes,2026-08-28,Train,1,Seattle Mariners,8,7,2,2,0,0,0,9.0,3,Observed,1,1,1
P01813,TOR_20260828_1_PA029,TOR_20260828_1,B014,Nathan Lukes,2026-08-28,Train,1,Seattle Mariners,8,8,3,2,0,0,0,27.0,4,Observed,1,1,1
P01814,TOR_20260828_1_PA030,TOR_20260828_1,B017,Vladimir Guerrero Jr.,2026-08-28,Train,1,Seattle Mariners,8,1,0,0,0,1,0,9.0,2,Observed,1,1,1
P01815,TOR_20260828_1_PA030,TOR_20260828_1,B017,Vladimir Guerrero Jr.,2026-08-28,Train,1,Seattle Mariners,8,2,0,1,0,1,0,11.0,1,Observed,1,1,1
P01816,TOR_20260828_1_PA030,TOR_20260828_1,B017,Vladimir Guerrero Jr.,2026-08-28,Train,1,Seattle Mariners,8,3,1,1,0,1,0,10.0,1,Observed,1,1,1
P01817,TOR_20260828_1_PA031,TOR_20260828_1,B009,George Springer,2026-08-28,Train,1,Seattle Mariners,8,1,0,0,0,1,0,11.0,1,Observed,1,1,1
P01818,TOR_20260828_1_PA031,TOR_20260828_1,B009,George Springer,2026-08-28,Train,1,Seattle Mariners,8,2,0,1,0,1,0,13.0,1,Observed,1,1,1
P01819,TOR_20260828_1_PA031,TOR_20260828_1,B009,George Springer,2026-08-28,Train,1,Seattle Mariners,8,3,0,2,0,1,1,41.0,1,Observed,1,1,1
P01820,TOR_20260828_1_PA031,TOR_20260828_1,B009,George Springer,2026-08-28,Train,1,Seattle Mariners,8,4,1,2,0,1,0,14.0,1,Observed,1,1,1
P01821,TOR_20260828_1_PA032,TOR_20260828_1,B013,Myles Straw,2026-08-28,Train,1,Seattle Mariners,8,1,0,0,1,2,0,15.0,1,Observed,1,1,1
P01822,TOR_20260828_1_PA032,TOR_20260828_1,B013,Myles Straw,2026-08-28,Train,1,Seattle Mariners,8,2,0,1,1,2,0,15.0,1,Observed,1,1,1
P01823,TOR_20260828_1_PA032,TOR_20260828_1,B013,Myles Straw,2026-08-28,Train,1,Seattle Mariners,8,3,1,1,1,2,0,15.0,1,Observed,1,1,1
P01824,TOR_20260828_1_PA033,TOR_20260828_1,B012,Kazuma Okamoto,2026-08-28,Train,1,Seattle Mariners,8,1,0,0,1,2,0,14.0,1,Observed,1,1,1
P01825,TOR_20260828_1_PA034,TOR_20260828_1,B002,Andrés Giménez,2026-08-28,Train,1,Seattle Mariners,8,1,0,0,1,2,0,14.0,1,Observed,1,1,1
P01826,TOR_20260828_1_PA034,TOR_20260828_1,B002,Andrés Giménez,2026-08-28,Train,1,Seattle Mariners,8,2,0,1,1,2,0,14.0,1,Observed,1,1,1
P01827,TOR_20260828_1_PA034,TOR_20260828_1,B002,Andrés Giménez,2026-08-28,Train,1,Seattle Mariners,8,3,0,2,1,2,0,14.0,1,Observed,1,1,1
P01828,TOR_20260828_1_PA034,TOR_20260828_1,B002,Andrés Giménez,2026-08-28,Train,1,Seattle Mariners,8,4,1,2,1,2,0,14.0,1,Observed,1,1,1
P01829,TOR_20260828_1_PA034,TOR_20260828_1,B002,Andrés Giménez,2026-08-28,Train,1,Seattle Mariners,8,5,2,2,1,2,0,14.0,1,Observed,1,1,1
P01830,TOR_20260828_1_PA035,TOR_20260828_1,B008,Ernie Clement,2026-08-28,Train,1,Seattle Mariners,8,1,0,0,1,2,0,14.0,0,Observed,1,1,1
P01831,TOR_20260828_1_PA035,TOR_20260828_1,B008,Ernie Clement,2026-08-28,Train,1,Seattle Mariners,8,2,0,1,1,2,0,14.0,0,Observed,1,1,1
P01832,TOR_20260828_1_PA035,TOR_20260828_1,B008,Ernie Clement,2026-08-28,Train,1,Seattle Mariners,8,3,0,2,1,2,0,14.0,0,Observed,1,1,1
P01833,TOR_20260828_1_PA035,TOR_20260828_1,B008,Ernie Clement,2026-08-28,Train,1,Seattle Mariners,8,4,1,2,1,2,0,14.0,0,Observed,1,1,1
P01834,TOR_20260828_1_PA035,TOR_20260828_1,B008,Ernie Clement,2026-08-28,Train,1,Seattle Mariners,8,5,1,2,1,2,0,14.0,0,Observed,1,1,1
P01835,TOR_20260828_1_PA035,TOR_20260828_1,B008,Ernie Clement,2026-08-28,Train,1,Seattle Mariners,8,6,2,2,1,2,0,14.0,0,Observed,1,1,1
P01836,TOR_20260828_1_PA036,TOR_20260828_1,B003,Brandon Valenzuela,2026-08-28,Train,1,Seattle Mariners,8,1,0,0,0,0,0,14.0,2,Observed,1,1,1
P01837,TOR_20260828_1_PA037,TOR_20260828_1,B004,Brett Bateman,2026-08-28,Train,1,Seattle Mariners,8,1,0,0,0,0,0,8.0,2,Observed,1,1,1
P01838,TOR_20260828_1_PA037,TOR_20260828_1,B004,Brett Bateman,2026-08-28,Train,1,Seattle Mariners,8,2,1,0,0,0,0,9.0,0,Observed,1,1,1
P01839,TOR_20260828_1_PA037,TOR_20260828_1,B004,Brett Bateman,2026-08-28,Train,1,Seattle Mariners,8,3,1,1,0,0,0,9.0,2,Observed,1,1,1
P01840,TOR_20260828_1_PA037,TOR_20260828_1,B004,Brett Bateman,2026-08-28,Train,1,Seattle Mariners,8,4,1,2,0,0,0,11.0,0,Observed,1,1,1
P01841,TOR_20260828_1_PA037,TOR_20260828_1,B004,Brett Bateman,2026-08-28,Train,1,Seattle Mariners,8,5,1,2,0,0,0,18.0,0,Observed,1,1,1
P01842,TOR_20260828_1_PA037,TOR_20260828_1,B004,Brett Bateman,2026-08-28,Train,1,Seattle Mariners,8,6,1,2,0,0,0,12.0,0,Observed,1,1,1
P01843,TOR_20260828_1_PA037,TOR_20260828_1,B004,Brett Bateman,2026-08-28,Train,1,Seattle Mariners,8,7,2,2,0,0,0,12.0,0,Observed,1,1,1
P01844,TOR_20260828_1_PA038,TOR_20260828_1,B014,Nathan Lukes,2026-08-28,Train,1,Seattle Mariners,8,1,0,0,0,0,0,11.0,3,Observed,1,1,1
P01845,TOR_20260828_1_PA038,TOR_20260828_1,B014,Nathan Lukes,2026-08-28,Train,1,Seattle Mariners,8,2,0,1,0,0,0,13.0,4,Observed,1,1,1
P01846,TOR_20260828_1_PA038,TOR_20260828_1,B014,Nathan Lukes,2026-08-28,Train,1,Seattle Mariners,8,3,0,2,0,0,0,14.0,3,Observed,1,1,1
P01847,TOR_20260828_1_PA038,TOR_20260828_1,B014,Nathan Lukes,2026-08-28,Train,1,Seattle Mariners,8,4,1,2,0,0,0,17.0,3,Observed,1,1,1
P01848,TOR_20260828_1_PA038,TOR_20260828_1,B014,Nathan Lukes,2026-08-28,Train,1,Seattle Mariners,8,5,2,2,0,0,0,13.0,3,Observed,1,1,1
P01849,TOR_20260828_1_PA038,TOR_20260828_1,B014,Nathan Lukes,2026-08-28,Train,1,Seattle Mariners,8,6,3,2,0,0,0,14.0,4,Observed,1,1,1
P01850,TOR_20260828_1_PA038,TOR_20260828_1,B014,Nathan Lukes,2026-08-28,Train,1,Seattle Mariners,8,7,3,2,0,0,0,14.0,3,Observed,1,1,1
P01851,TOR_20260829_1_PA001,TOR_20260829_1,B004,Brett Bateman,2026-08-29,Train,1,Seattle Mariners,1,1,0,0,0,0,0,12.0,1,Observed,1,1,1
P01852,TOR_20260829_1_PA001,TOR_20260829_1,B004,Brett Bateman,2026-08-29,Train,1,Seattle Mariners,1,2,0,1,0,0,0,12.0,0,Observed,1,1,1
P01853,TOR_20260829_1_PA001,TOR_20260829_1,B004,Brett Bateman,2026-08-29,Train,1,Seattle Mariners,1,3,0,2,0,0,0,18.0,0,Observed,1,1,1
P01854,TOR_20260829_1_PA001,TOR_20260829_1,B004,Brett Bateman,2026-08-29,Train,1,Seattle Mariners,1,4,1,2,0,0,0,14.0,0,Observed,1,1,1
P01855,TOR_20260829_1_PA001,TOR_20260829_1,B004,Brett Bateman,2026-08-29,Train,1,Seattle Mariners,1,5,2,2,0,0,0,11.0,0,Observed,1,1,1
P01856,TOR_20260829_1_PA002,TOR_20260829_1,B001,Alejandro Kirk,2026-08-29,Train,1,Seattle Mariners,1,1,0,0,0,0,0,9.0,0,Observed,1,1,1
P01857,TOR_20260829_1_PA002,TOR_20260829_1,B001,Alejandro Kirk,2026-08-29,Train,1,Seattle Mariners,1,2,0,1,0,0,0,11.0,0,Observed,1,1,1
P01858,TOR_20260829_1_PA002,TOR_20260829_1,B001,Alejandro Kirk,2026-08-29,Train,1,Seattle Mariners,1,3,0,2,0,0,0,12.0,0,Observed,1,1,1
P01859,TOR_20260829_1_PA002,TOR_20260829_1,B001,Alejandro Kirk,2026-08-29,Train,1,Seattle Mariners,1,4,1,2,0,0,0,14.0,0,Observed,1,1,1
P01860,TOR_20260829_1_PA003,TOR_20260829_1,B017,Vladimir Guerrero Jr.,2026-08-29,Train,1,Seattle Mariners,1,1,0,0,0,0,0,16.0,1,Observed,1,1,1
P01861,TOR_20260829_1_PA003,TOR_20260829_1,B017,Vladimir Guerrero Jr.,2026-08-29,Train,1,Seattle Mariners,1,2,1,0,0,0,0,12.0,1,Observed,1,1,1
P01862,TOR_20260829_1_PA003,TOR_20260829_1,B017,Vladimir Guerrero Jr.,2026-08-29,Train,1,Seattle Mariners,1,3,2,0,0,0,0,13.0,1,Observed,1,1,1
P01863,TOR_20260829_1_PA003,TOR_20260829_1,B017,Vladimir Guerrero Jr.,2026-08-29,Train,1,Seattle Mariners,1,4,2,1,0,0,0,20.0,1,Observed,1,1,1
P01864,TOR_20260829_1_PA004,TOR_20260829_1,B009,George Springer,2026-08-29,Train,1,Seattle Mariners,2,1,0,0,0,0,0,12.0,1,Observed,1,1,1
P01865,TOR_20260829_1_PA004,TOR_20260829_1,B009,George Springer,2026-08-29,Train,1,Seattle Mariners,2,2,1,0,0,0,0,13.0,0,Observed,1,1,1
P01866,TOR_20260829_1_PA004,TOR_20260829_1,B009,George Springer,2026-08-29,Train,1,Seattle Mariners,2,3,1,1,0,0,0,16.0,1,Observed,1,1,1
P01867,TOR_20260829_1_PA005,TOR_20260829_1,B012,Kazuma Okamoto,2026-08-29,Train,1,Seattle Mariners,2,1,0,0,0,0,0,13.0,1,Observed,1,1,1
P01868,TOR_20260829_1_PA005,TOR_20260829_1,B012,Kazuma Okamoto,2026-08-29,Train,1,Seattle Mariners,2,2,1,0,0,0,0,9.0,0,Observed,1,1,1
P01869,TOR_20260829_1_PA005,TOR_20260829_1,B012,Kazuma Okamoto,2026-08-29,Train,1,Seattle Mariners,2,3,1,1,0,0,0,9.0,2,Observed,1,1,1
P01870,TOR_20260829_1_PA005,TOR_20260829_1,B012,Kazuma Okamoto,2026-08-29,Train,1,Seattle Mariners,2,4,2,1,0,0,0,11.0,0,Observed,1,1,1
P01871,TOR_20260829_1_PA005,TOR_20260829_1,B012,Kazuma Okamoto,2026-08-29,Train,1,Seattle Mariners,2,5,3,1,0,0,0,10.0,0,Observed,1,1,1
P01872,TOR_20260829_1_PA005,TOR_20260829_1,B012,Kazuma Okamoto,2026-08-29,Train,1,Seattle Mariners,2,6,3,2,0,0,0,9.0,1,Observed,1,1,1
P01873,TOR_20260829_1_PA006,TOR_20260829_1,B005,Charles McAdoo,2026-08-29,Train,1,Seattle Mariners,2,1,0,0,0,1,0,11.0,2,Observed,1,1,1
P01874,TOR_20260829_1_PA006,TOR_20260829_1,B005,Charles McAdoo,2026-08-29,Train,1,Seattle Mariners,2,2,0,1,0,1,0,12.0,0,Observed,1,1,1
P01875,TOR_20260829_1_PA006,TOR_20260829_1,B005,Charles McAdoo,2026-08-29,Train,1,Seattle Mariners,2,3,0,2,0,1,0,12.0,0,Observed,1,1,1
P01876,TOR_20260829_1_PA006,TOR_20260829_1,B005,Charles McAdoo,2026-08-29,Train,1,Seattle Mariners,2,4,1,2,0,1,0,10.0,0,Observed,1,1,1
P01877,TOR_20260829_1_PA006,TOR_20260829_1,B005,Charles McAdoo,2026-08-29,Train,1,Seattle Mariners,2,5,1,2,0,1,0,16.0,0,Observed,1,1,1
P01878,TOR_20260829_1_PA007,TOR_20260829_1,B008,Ernie Clement,2026-08-29,Train,1,Seattle Mariners,2,1,0,0,0,1,0,12.0,1,Observed,1,1,1
P01879,TOR_20260829_1_PA007,TOR_20260829_1,B008,Ernie Clement,2026-08-29,Train,1,Seattle Mariners,2,2,0,1,0,1,0,13.0,3,Observed,1,1,1
P01880,TOR_20260829_1_PA007,TOR_20260829_1,B008,Ernie Clement,2026-08-29,Train,1,Seattle Mariners,2,3,0,2,0,1,0,16.0,1,Observed,1,1,1
P01881,TOR_20260829_1_PA007,TOR_20260829_1,B008,Ernie Clement,2026-08-29,Train,1,Seattle Mariners,2,4,0,2,0,1,0,18.0,1,Observed,1,1,1
P01882,TOR_20260829_1_PA007,TOR_20260829_1,B008,Ernie Clement,2026-08-29,Train,1,Seattle Mariners,2,5,0,2,0,1,0,10.0,2,Observed,1,1,1
P01883,TOR_20260829_1_PA007,TOR_20260829_1,B008,Ernie Clement,2026-08-29,Train,1,Seattle Mariners,2,6,0,2,0,1,0,15.0,2,Observed,1,1,1
P01884,TOR_20260829_1_PA007,TOR_20260829_1,B008,Ernie Clement,2026-08-29,Train,1,Seattle Mariners,2,7,0,2,0,1,0,18.0,2,Observed,1,1,1
P01885,TOR_20260829_1_PA007,TOR_20260829_1,B008,Ernie Clement,2026-08-29,Train,1,Seattle Mariners,2,8,0,2,0,1,0,10.0,2,Observed,1,1,1
P01886,TOR_20260829_1_PA007,TOR_20260829_1,B008,Ernie Clement,2026-08-29,Train,1,Seattle Mariners,2,9,1,2,0,1,0,15.0,2,Observed,1,1,1
P01887,TOR_20260829_1_PA008,TOR_20260829_1,B007,Daz Cameron,2026-08-29,Train,1,Seattle Mariners,3,1,0,0,0,0,0,13.0,3,Observed,1,1,1
P01888,TOR_20260829_1_PA008,TOR_20260829_1,B007,Daz Cameron,2026-08-29,Train,1,Seattle Mariners,3,2,0,1,0,0,0,10.0,3,Observed,1,1,1
P01889,TOR_20260829_1_PA008,TOR_20260829_1,B007,Daz Cameron,2026-08-29,Train,1,Seattle Mariners,3,3,1,1,0,0,0,9.0,0,Observed,1,1,1
P01890,TOR_20260829_1_PA008,TOR_20260829_1,B007,Daz Cameron,2026-08-29,Train,1,Seattle Mariners,3,4,1,2,0,0,0,12.0,0,Observed,1,1,1
P01891,TOR_20260829_1_PA009,TOR_20260829_1,B013,Myles Straw,2026-08-29,Train,1,Seattle Mariners,3,1,0,0,0,0,0,12.0,0,Observed,1,1,1
P01892,TOR_20260829_1_PA010,TOR_20260829_1,B004,Brett Bateman,2026-08-29,Train,1,Seattle Mariners,3,1,0,0,0,1,0,11.0,2,Observed,1,1,1
P01893,TOR_20260829_1_PA010,TOR_20260829_1,B004,Brett Bateman,2026-08-29,Train,1,Seattle Mariners,3,2,0,1,0,1,0,11.0,0,Observed,1,1,1
P01894,TOR_20260829_1_PA010,TOR_20260829_1,B004,Brett Bateman,2026-08-29,Train,1,Seattle Mariners,3,3,1,1,0,1,0,11.0,0,Observed,1,1,1
P01895,TOR_20260829_1_PA010,TOR_20260829_1,B004,Brett Bateman,2026-08-29,Train,1,Seattle Mariners,3,4,2,1,0,1,0,15.0,0,Observed,1,1,1
P01896,TOR_20260829_1_PA010,TOR_20260829_1,B004,Brett Bateman,2026-08-29,Train,1,Seattle Mariners,3,5,2,2,0,1,1,39.0,0,Observed,1,1,1
P01897,TOR_20260829_1_PA010,TOR_20260829_1,B004,Brett Bateman,2026-08-29,Train,1,Seattle Mariners,3,6,3,2,0,1,1,34.0,0,Observed,1,1,1
P01898,TOR_20260829_1_PA011,TOR_20260829_1,B001,Alejandro Kirk,2026-08-29,Train,1,Seattle Mariners,3,1,0,0,0,1,0,13.0,3,Observed,1,1,1
P01899,TOR_20260829_1_PA011,TOR_20260829_1,B001,Alejandro Kirk,2026-08-29,Train,1,Seattle Mariners,3,2,1,0,0,1,0,12.0,3,Observed,1,1,1
P01900,TOR_20260829_1_PA011,TOR_20260829_1,B001,Alejandro Kirk,2026-08-29,Train,1,Seattle Mariners,3,3,1,1,0,1,0,9.0,3,Observed,1,1,1
P01901,TOR_20260829_1_PA011,TOR_20260829_1,B001,Alejandro Kirk,2026-08-29,Train,1,Seattle Mariners,3,4,1,2,0,1,0,14.0,4,Observed,1,1,1
P01902,TOR_20260829_1_PA011,TOR_20260829_1,B001,Alejandro Kirk,2026-08-29,Train,1,Seattle Mariners,3,5,1,2,0,1,1,36.0,3,Observed,1,1,1
P01903,TOR_20260829_1_PA011,TOR_20260829_1,B001,Alejandro Kirk,2026-08-29,Train,1,Seattle Mariners,3,6,2,2,0,1,0,15.0,3,Observed,1,1,1
P01904,TOR_20260829_1_PA012,TOR_20260829_1,B017,Vladimir Guerrero Jr.,2026-08-29,Train,1,Seattle Mariners,4,1,0,0,0,0,0,19.0,1,Observed,1,1,1
P01905,TOR_20260829_1_PA012,TOR_20260829_1,B017,Vladimir Guerrero Jr.,2026-08-29,Train,1,Seattle Mariners,4,2,1,0,0,0,0,14.0,0,Observed,1,1,1
P01906,TOR_20260829_1_PA012,TOR_20260829_1,B017,Vladimir Guerrero Jr.,2026-08-29,Train,1,Seattle Mariners,4,3,1,1,0,0,0,9.0,0,Observed,1,1,1
P01907,TOR_20260829_1_PA013,TOR_20260829_1,B009,George Springer,2026-08-29,Train,1,Seattle Mariners,4,1,0,0,0,0,0,8.0,1,Observed,1,1,1
P01908,TOR_20260829_1_PA014,TOR_20260829_1,B012,Kazuma Okamoto,2026-08-29,Train,1,Seattle Mariners,4,1,0,0,1,1,0,12.0,1,Observed,1,1,1
P01909,TOR_20260829_1_PA014,TOR_20260829_1,B012,Kazuma Okamoto,2026-08-29,Train,1,Seattle Mariners,4,2,0,1,1,1,0,12.0,0,Observed,1,1,1
P01910,TOR_20260829_1_PA014,TOR_20260829_1,B012,Kazuma Okamoto,2026-08-29,Train,1,Seattle Mariners,4,3,1,1,1,1,0,10.0,1,Observed,1,1,1
P01911,TOR_20260829_1_PA014,TOR_20260829_1,B012,Kazuma Okamoto,2026-08-29,Train,1,Seattle Mariners,4,4,2,1,1,1,0,16.0,2,Observed,1,1,1
P01912,TOR_20260829_1_PA014,TOR_20260829_1,B012,Kazuma Okamoto,2026-08-29,Train,1,Seattle Mariners,4,5,2,2,1,1,0,13.0,3,Observed,1,1,1
P01913,TOR_20260829_1_PA014,TOR_20260829_1,B012,Kazuma Okamoto,2026-08-29,Train,1,Seattle Mariners,4,6,3,2,1,1,0,12.0,0,Observed,1,1,1
P01914,TOR_20260829_1_PA014,TOR_20260829_1,B012,Kazuma Okamoto,2026-08-29,Train,1,Seattle Mariners,4,7,3,2,1,1,0,14.0,0,Observed,1,1,1
P01915,TOR_20260829_1_PA015,TOR_20260829_1,B005,Charles McAdoo,2026-08-29,Train,1,Seattle Mariners,4,1,0,0,1,2,0,14.0,2,Observed,1,1,1
P01916,TOR_20260829_1_PA015,TOR_20260829_1,B005,Charles McAdoo,2026-08-29,Train,1,Seattle Mariners,4,2,0,1,1,2,0,10.0,2,Observed,1,1,1
P01917,TOR_20260829_1_PA015,TOR_20260829_1,B005,Charles McAdoo,2026-08-29,Train,1,Seattle Mariners,4,3,1,1,1,2,0,10.0,0,Observed,1,1,1
P01918,TOR_20260829_1_PA016,TOR_20260829_1,B008,Ernie Clement,2026-08-29,Train,1,Seattle Mariners,4,1,0,0,1,2,0,15.0,2,Observed,1,1,1
P01919,TOR_20260829_1_PA016,TOR_20260829_1,B008,Ernie Clement,2026-08-29,Train,1,Seattle Mariners,4,2,0,1,1,2,0,12.0,2,Observed,1,1,1
P01920,TOR_20260829_1_PA016,TOR_20260829_1,B008,Ernie Clement,2026-08-29,Train,1,Seattle Mariners,4,3,0,2,1,2,0,13.0,1,Observed,1,1,1
P01921,TOR_20260829_1_PA017,TOR_20260829_1,B007,Daz Cameron,2026-08-29,Train,1,Seattle Mariners,5,1,0,0,0,0,0,11.0,3,Observed,1,1,1
P01922,TOR_20260829_1_PA017,TOR_20260829_1,B007,Daz Cameron,2026-08-29,Train,1,Seattle Mariners,5,2,0,1,0,0,0,9.0,3,Observed,1,1,1
P01923,TOR_20260829_1_PA017,TOR_20260829_1,B007,Daz Cameron,2026-08-29,Train,1,Seattle Mariners,5,3,0,2,0,0,0,11.0,3,Observed,1,1,1
P01924,TOR_20260829_1_PA018,TOR_20260829_1,B013,Myles Straw,2026-08-29,Train,1,Seattle Mariners,5,1,0,0,0,0,0,7.0,0,Observed,1,1,1
P01925,TOR_20260829_1_PA018,TOR_20260829_1,B013,Myles Straw,2026-08-29,Train,1,Seattle Mariners,5,2,1,0,0,0,0,8.0,1,Observed,1,1,1
P01926,TOR_20260829_1_PA018,TOR_20260829_1,B013,Myles Straw,2026-08-29,Train,1,Seattle Mariners,5,3,1,1,0,0,0,9.0,0,Observed,1,1,1
P01927,TOR_20260829_1_PA018,TOR_20260829_1,B013,Myles Straw,2026-08-29,Train,1,Seattle Mariners,5,4,1,2,0,0,0,17.0,0,Observed,1,1,1
P01928,TOR_20260829_1_PA018,TOR_20260829_1,B013,Myles Straw,2026-08-29,Train,1,Seattle Mariners,5,5,2,2,0,0,0,10.0,0,Observed,1,1,1
P01929,TOR_20260829_1_PA018,TOR_20260829_1,B013,Myles Straw,2026-08-29,Train,1,Seattle Mariners,5,6,3,2,0,0,0,12.0,0,Observed,1,1,1
P01930,TOR_20260829_1_PA018,TOR_20260829_1,B013,Myles Straw,2026-08-29,Train,1,Seattle Mariners,5,7,3,2,0,0,0,11.0,0,Observed,1,1,1
P01931,TOR_20260829_1_PA019,TOR_20260829_1,B004,Brett Bateman,2026-08-29,Train,1,Seattle Mariners,5,1,0,0,0,1,0,9.0,2,Observed,1,1,1
P01932,TOR_20260829_1_PA019,TOR_20260829_1,B004,Brett Bateman,2026-08-29,Train,1,Seattle Mariners,5,2,1,0,0,1,0,11.0,0,Observed,1,1,1
P01933,TOR_20260829_1_PA019,TOR_20260829_1,B004,Brett Bateman,2026-08-29,Train,1,Seattle Mariners,5,3,2,0,0,1,0,17.0,0,Observed,1,1,1
P01934,TOR_20260829_1_PA019,TOR_20260829_1,B004,Brett Bateman,2026-08-29,Train,1,Seattle Mariners,5,4,2,1,0,1,0,12.0,0,Observed,1,1,1
P01935,TOR_20260829_1_PA019,TOR_20260829_1,B004,Brett Bateman,2026-08-29,Train,1,Seattle Mariners,5,5,3,1,0,1,0,20.0,0,Observed,1,1,1
P01936,TOR_20260829_1_PA020,TOR_20260829_1,B001,Alejandro Kirk,2026-08-29,Train,1,Seattle Mariners,5,1,0,0,1,2,0,12.0,3,Observed,1,1,1
P01937,TOR_20260829_1_PA020,TOR_20260829_1,B001,Alejandro Kirk,2026-08-29,Train,1,Seattle Mariners,5,2,0,1,1,2,0,14.0,3,Observed,1,1,1
P01938,TOR_20260829_1_PA020,TOR_20260829_1,B001,Alejandro Kirk,2026-08-29,Train,1,Seattle Mariners,5,3,1,1,1,2,0,9.0,4,Observed,1,1,1
P01939,TOR_20260829_1_PA020,TOR_20260829_1,B001,Alejandro Kirk,2026-08-29,Train,1,Seattle Mariners,5,4,2,1,1,2,0,15.0,3,Observed,1,1,1
P01940,TOR_20260829_1_PA020,TOR_20260829_1,B001,Alejandro Kirk,2026-08-29,Train,1,Seattle Mariners,5,5,2,2,1,2,0,15.0,3,Observed,1,1,1
P01941,TOR_20260829_1_PA020,TOR_20260829_1,B001,Alejandro Kirk,2026-08-29,Train,1,Seattle Mariners,5,6,3,2,1,2,0,12.0,3,Observed,1,1,1
P01942,TOR_20260829_1_PA021,TOR_20260829_1,B017,Vladimir Guerrero Jr.,2026-08-29,Train,1,Seattle Mariners,5,1,0,0,1,2,0,18.0,1,Observed,1,1,1
P01943,TOR_20260829_1_PA021,TOR_20260829_1,B017,Vladimir Guerrero Jr.,2026-08-29,Train,1,Seattle Mariners,5,2,0,1,1,2,0,20.0,2,Observed,1,1,1
P01944,TOR_20260829_1_PA021,TOR_20260829_1,B017,Vladimir Guerrero Jr.,2026-08-29,Train,1,Seattle Mariners,5,3,1,1,1,2,0,13.0,1,Observed,1,1,1
P01945,TOR_20260829_1_PA021,TOR_20260829_1,B017,Vladimir Guerrero Jr.,2026-08-29,Train,1,Seattle Mariners,5,4,2,1,1,2,0,15.0,0,Observed,1,1,1
P01946,TOR_20260829_1_PA021,TOR_20260829_1,B017,Vladimir Guerrero Jr.,2026-08-29,Train,1,Seattle Mariners,5,5,3,1,1,2,0,11.0,2,Observed,1,1,1
P01947,TOR_20260829_1_PA021,TOR_20260829_1,B017,Vladimir Guerrero Jr.,2026-08-29,Train,1,Seattle Mariners,5,6,3,2,1,2,0,13.0,2,Observed,1,1,1
P01948,TOR_20260829_1_PA022,TOR_20260829_1,B009,George Springer,2026-08-29,Train,1,Seattle Mariners,5,1,0,0,1,3,0,11.0,1,Observed,1,1,1
P01949,TOR_20260829_1_PA022,TOR_20260829_1,B009,George Springer,2026-08-29,Train,1,Seattle Mariners,5,2,0,1,1,3,0,9.0,1,Observed,1,1,1
P01950,TOR_20260829_1_PA022,TOR_20260829_1,B009,George Springer,2026-08-29,Train,1,Seattle Mariners,5,3,1,1,1,3,0,12.0,1,Observed,1,1,1
P01951,TOR_20260829_1_PA022,TOR_20260829_1,B009,George Springer,2026-08-29,Train,1,Seattle Mariners,5,4,1,2,1,3,0,13.0,0,Observed,1,1,1
P01952,TOR_20260829_1_PA022,TOR_20260829_1,B009,George Springer,2026-08-29,Train,1,Seattle Mariners,5,5,2,2,1,3,0,12.0,1,Observed,1,1,1
P01953,TOR_20260829_1_PA022,TOR_20260829_1,B009,George Springer,2026-08-29,Train,1,Seattle Mariners,5,6,3,2,1,3,1,10.0,0,Observed,1,1,1
P01954,TOR_20260829_1_PA023,TOR_20260829_1,B012,Kazuma Okamoto,2026-08-29,Train,1,Seattle Mariners,5,1,0,0,1,2,1,13.0,0,Observed,1,1,1
P01955,TOR_20260829_1_PA023,TOR_20260829_1,B012,Kazuma Okamoto,2026-08-29,Train,1,Seattle Mariners,5,2,0,1,1,2,0,11.0,0,Observed,1,1,1
P01956,TOR_20260829_1_PA023,TOR_20260829_1,B012,Kazuma Okamoto,2026-08-29,Train,1,Seattle Mariners,5,3,0,2,1,2,0,13.0,1,Observed,1,1,1
P01957,TOR_20260829_1_PA023,TOR_20260829_1,B012,Kazuma Okamoto,2026-08-29,Train,1,Seattle Mariners,5,4,1,2,1,2,0,13.0,2,Observed,1,1,1
P01958,TOR_20260829_1_PA023,TOR_20260829_1,B012,Kazuma Okamoto,2026-08-29,Train,1,Seattle Mariners,5,5,2,2,1,2,0,13.0,1,Observed,1,1,1
P01959,TOR_20260829_1_PA024,TOR_20260829_1,B005,Charles McAdoo,2026-08-29,Train,1,Seattle Mariners,6,1,0,0,0,0,0,14.0,2,Observed,1,1,1
P01960,TOR_20260829_1_PA024,TOR_20260829_1,B005,Charles McAdoo,2026-08-29,Train,1,Seattle Mariners,6,2,0,1,0,0,0,11.0,2,Observed,1,1,1
P01961,TOR_20260829_1_PA024,TOR_20260829_1,B005,Charles McAdoo,2026-08-29,Train,1,Seattle Mariners,6,3,1,1,0,0,0,11.0,2,Observed,1,1,1
P01962,TOR_20260829_1_PA024,TOR_20260829_1,B005,Charles McAdoo,2026-08-29,Train,1,Seattle Mariners,6,4,2,1,0,0,0,7.0,0,Observed,1,1,1
P01963,TOR_20260829_1_PA024,TOR_20260829_1,B005,Charles McAdoo,2026-08-29,Train,1,Seattle Mariners,6,5,2,2,0,0,0,8.0,1,Observed,1,1,1
P01964,TOR_20260829_1_PA024,TOR_20260829_1,B005,Charles McAdoo,2026-08-29,Train,1,Seattle Mariners,6,6,3,2,0,0,0,9.0,2,Observed,1,1,1
P01965,TOR_20260829_1_PA025,TOR_20260829_1,B008,Ernie Clement,2026-08-29,Train,1,Seattle Mariners,6,1,0,0,0,1,0,9.0,2,Observed,1,1,1
P01966,TOR_20260829_1_PA026,TOR_20260829_1,B007,Daz Cameron,2026-08-29,Train,1,Seattle Mariners,6,1,0,0,0,1,0,9.0,3,Observed,1,1,1
P01967,TOR_20260829_1_PA026,TOR_20260829_1,B007,Daz Cameron,2026-08-29,Train,1,Seattle Mariners,6,2,0,1,0,1,0,11.0,3,Observed,1,1,1
P01968,TOR_20260829_1_PA027,TOR_20260829_1,B013,Myles Straw,2026-08-29,Train,1,Seattle Mariners,6,1,0,0,1,1,0,9.0,0,Observed,1,1,1
P01969,TOR_20260829_1_PA027,TOR_20260829_1,B013,Myles Straw,2026-08-29,Train,1,Seattle Mariners,6,2,0,1,1,1,0,8.0,1,Observed,1,1,1
P01970,TOR_20260829_1_PA027,TOR_20260829_1,B013,Myles Straw,2026-08-29,Train,1,Seattle Mariners,6,3,0,2,1,1,0,11.0,1,Observed,1,1,1
P01971,TOR_20260829_1_PA027,TOR_20260829_1,B013,Myles Straw,2026-08-29,Train,1,Seattle Mariners,6,4,1,2,1,1,0,11.0,1,Observed,1,1,1
P01972,TOR_20260829_1_PA027,TOR_20260829_1,B013,Myles Straw,2026-08-29,Train,1,Seattle Mariners,6,5,2,2,1,1,0,14.0,1,Observed,1,1,1
P01973,TOR_20260829_1_PA027,TOR_20260829_1,B013,Myles Straw,2026-08-29,Train,1,Seattle Mariners,6,6,2,2,1,1,1,34.0,1,Observed,1,1,1
P01974,TOR_20260829_1_PA027,TOR_20260829_1,B013,Myles Straw,2026-08-29,Train,1,Seattle Mariners,6,7,2,2,1,1,0,13.0,2,Observed,1,1,1
P01975,TOR_20260829_1_PA027,TOR_20260829_1,B013,Myles Straw,2026-08-29,Train,1,Seattle Mariners,6,8,3,2,1,1,0,11.0,1,Observed,1,1,1
P01976,TOR_20260829_1_PA028,TOR_20260829_1,B004,Brett Bateman,2026-08-29,Train,1,Seattle Mariners,6,1,0,0,1,2,0,8.0,2,Observed,1,1,1
P01977,TOR_20260829_1_PA028,TOR_20260829_1,B004,Brett Bateman,2026-08-29,Train,1,Seattle Mariners,6,2,1,0,1,2,0,10.0,0,Observed,1,1,1
P01978,TOR_20260829_1_PA028,TOR_20260829_1,B004,Brett Bateman,2026-08-29,Train,1,Seattle Mariners,6,3,1,1,1,2,0,11.0,0,Observed,1,1,1
P01979,TOR_20260829_1_PA028,TOR_20260829_1,B004,Brett Bateman,2026-08-29,Train,1,Seattle Mariners,6,4,1,2,1,2,0,10.0,0,Observed,1,1,1
P01980,TOR_20260829_1_PA029,TOR_20260829_1,B001,Alejandro Kirk,2026-08-29,Train,1,Seattle Mariners,6,1,0,0,1,2,0,12.0,3,Observed,1,1,1
P01981,TOR_20260829_1_PA029,TOR_20260829_1,B001,Alejandro Kirk,2026-08-29,Train,1,Seattle Mariners,6,2,1,0,1,2,0,14.0,3,Observed,1,1,1
P01982,TOR_20260829_1_PA029,TOR_20260829_1,B001,Alejandro Kirk,2026-08-29,Train,1,Seattle Mariners,6,3,2,0,1,2,0,15.0,3,Observed,1,1,1
P01983,TOR_20260829_1_PA029,TOR_20260829_1,B001,Alejandro Kirk,2026-08-29,Train,1,Seattle Mariners,6,4,2,1,1,2,0,9.0,3,Observed,1,1,1
P01984,TOR_20260829_1_PA029,TOR_20260829_1,B001,Alejandro Kirk,2026-08-29,Train,1,Seattle Mariners,6,5,2,2,1,2,0,13.0,3,Observed,1,1,1
P01985,TOR_20260829_1_PA030,TOR_20260829_1,B017,Vladimir Guerrero Jr.,2026-08-29,Train,1,Seattle Mariners,6,1,0,0,1,2,1,9.0,1,Observed,1,1,1
P01986,TOR_20260829_1_PA030,TOR_20260829_1,B017,Vladimir Guerrero Jr.,2026-08-29,Train,1,Seattle Mariners,6,2,1,0,1,2,0,12.0,1,Observed,1,1,1
P01987,TOR_20260829_1_PA030,TOR_20260829_1,B017,Vladimir Guerrero Jr.,2026-08-29,Train,1,Seattle Mariners,6,3,2,0,1,2,0,16.0,1,Observed,1,1,1
P01988,TOR_20260829_1_PA031,TOR_20260829_1,B009,George Springer,2026-08-29,Train,1,Seattle Mariners,7,1,0,0,0,0,0,12.0,1,Observed,1,1,1
P01989,TOR_20260829_1_PA031,TOR_20260829_1,B009,George Springer,2026-08-29,Train,1,Seattle Mariners,7,2,0,1,0,0,0,11.0,1,Observed,1,1,1
P01990,TOR_20260829_1_PA032,TOR_20260829_1,B012,Kazuma Okamoto,2026-08-29,Train,1,Seattle Mariners,7,1,0,0,0,0,0,9.0,0,Observed,1,1,1
P01991,TOR_20260829_1_PA032,TOR_20260829_1,B012,Kazuma Okamoto,2026-08-29,Train,1,Seattle Mariners,7,2,0,1,0,0,0,9.0,0,Observed,1,1,1
P01992,TOR_20260829_1_PA032,TOR_20260829_1,B012,Kazuma Okamoto,2026-08-29,Train,1,Seattle Mariners,7,3,0,2,0,0,0,10.0,1,Observed,1,1,1
P01993,TOR_20260829_1_PA032,TOR_20260829_1,B012,Kazuma Okamoto,2026-08-29,Train,1,Seattle Mariners,7,4,1,2,0,0,0,12.0,0,Observed,1,1,1
P01994,TOR_20260829_1_PA033,TOR_20260829_1,B010,Jesús Sánchez,2026-08-29,Train,1,Seattle Mariners,7,1,0,0,0,0,0,9.0,2,Observed,1,1,1
P01995,TOR_20260829_1_PA033,TOR_20260829_1,B010,Jesús Sánchez,2026-08-29,Train,1,Seattle Mariners,7,2,1,0,0,0,0,11.0,2,Observed,1,1,1
P01996,TOR_20260829_1_PA033,TOR_20260829_1,B010,Jesús Sánchez,2026-08-29,Train,1,Seattle Mariners,7,3,1,1,0,0,0,12.0,2,Observed,1,1,1
P01997,TOR_20260829_1_PA033,TOR_20260829_1,B010,Jesús Sánchez,2026-08-29,Train,1,Seattle Mariners,7,4,1,2,0,0,0,18.0,1,Observed,1,1,1
P01998,TOR_20260829_1_PA034,TOR_20260829_1,B008,Ernie Clement,2026-08-29,Train,1,Seattle Mariners,8,1,0,0,0,0,0,9.0,1,Observed,1,1,1
P01999,TOR_20260829_1_PA034,TOR_20260829_1,B008,Ernie Clement,2026-08-29,Train,1,Seattle Mariners,8,2,1,0,0,0,0,10.0,1,Observed,1,1,1
P02000,TOR_20260829_1_PA034,TOR_20260829_1,B008,Ernie Clement,2026-08-29,Train,1,Seattle Mariners,8,3,1,1,0,0,0,13.0,1,Observed,1,1,1
P02001,TOR_20260829_1_PA034,TOR_20260829_1,B008,Ernie Clement,2026-08-29,Train,1,Seattle Mariners,8,4,1,2,0,0,0,7.0,2,Observed,1,1,1
P02002,TOR_20260829_1_PA034,TOR_20260829_1,B008,Ernie Clement,2026-08-29,Train,1,Seattle Mariners,8,5,2,2,0,0,0,9.0,1,Observed,1,1,1
P02003,TOR_20260829_1_PA035,TOR_20260829_1,B014,Nathan Lukes,2026-08-29,Train,1,Seattle Mariners,8,1,0,0,0,0,0,9.0,3,Observed,1,1,1
P02004,TOR_20260829_1_PA035,TOR_20260829_1,B014,Nathan Lukes,2026-08-29,Train,1,Seattle Mariners,8,2,0,1,0,0,0,11.0,3,Observed,1,1,1
P02005,TOR_20260829_1_PA036,TOR_20260829_1,B013,Myles Straw,2026-08-29,Train,1,Seattle Mariners,8,1,0,0,0,0,0,11.0,0,Observed,1,1,1
P02006,TOR_20260830_1_PA001,TOR_20260830_1,B004,Brett Bateman,2026-08-30,Train,1,Seattle Mariners,1,1,0,0,0,0,0,14.0,2,Observed,1,1,1
P02007,TOR_20260830_1_PA001,TOR_20260830_1,B004,Brett Bateman,2026-08-30,Train,1,Seattle Mariners,1,2,0,1,0,0,0,16.0,0,Observed,1,1,1
P02008,TOR_20260830_1_PA001,TOR_20260830_1,B004,Brett Bateman,2026-08-30,Train,1,Seattle Mariners,1,3,1,1,0,0,0,14.0,0,Observed,1,1,1
P02009,TOR_20260830_1_PA001,TOR_20260830_1,B004,Brett Bateman,2026-08-30,Train,1,Seattle Mariners,1,4,2,1,0,0,0,15.0,0,Observed,1,1,1
P02010,TOR_20260830_1_PA001,TOR_20260830_1,B004,Brett Bateman,2026-08-30,Train,1,Seattle Mariners,1,5,2,2,0,0,0,23.0,0,Observed,1,1,1
P02011,TOR_20260830_1_PA001,TOR_20260830_1,B004,Brett Bateman,2026-08-30,Train,1,Seattle Mariners,1,6,3,2,0,0,0,13.0,0,Observed,1,1,1
P02012,TOR_20260830_1_PA002,TOR_20260830_1,B017,Vladimir Guerrero Jr.,2026-08-30,Train,1,Seattle Mariners,1,1,0,0,0,1,1,26.0,1,Observed,1,1,1
P02013,TOR_20260830_1_PA002,TOR_20260830_1,B017,Vladimir Guerrero Jr.,2026-08-30,Train,1,Seattle Mariners,1,2,1,0,0,1,0,16.0,0,Observed,1,1,1
P02014,TOR_20260830_1_PA002,TOR_20260830_1,B017,Vladimir Guerrero Jr.,2026-08-30,Train,1,Seattle Mariners,1,3,1,1,0,1,0,18.0,1,Observed,1,1,1
P02015,TOR_20260830_1_PA003,TOR_20260830_1,B001,Alejandro Kirk,2026-08-30,Train,1,Seattle Mariners,1,1,0,0,0,1,0,12.0,3,Observed,1,1,1
P02016,TOR_20260830_1_PA003,TOR_20260830_1,B001,Alejandro Kirk,2026-08-30,Train,1,Seattle Mariners,1,2,0,1,0,1,0,14.0,3,Observed,1,1,1
P02017,TOR_20260830_1_PA003,TOR_20260830_1,B001,Alejandro Kirk,2026-08-30,Train,1,Seattle Mariners,1,3,0,2,0,1,0,21.0,3,Observed,1,1,1
P02018,TOR_20260830_1_PA004,TOR_20260830_1,B009,George Springer,2026-08-30,Train,1,Seattle Mariners,1,1,0,0,0,0,0,12.0,1,Observed,1,1,1
P02019,TOR_20260830_1_PA004,TOR_20260830_1,B009,George Springer,2026-08-30,Train,1,Seattle Mariners,1,2,1,0,0,0,0,14.0,0,Observed,1,1,1
P02020,TOR_20260830_1_PA004,TOR_20260830_1,B009,George Springer,2026-08-30,Train,1,Seattle Mariners,1,3,2,0,0,0,0,12.0,1,Observed,1,1,1
P02021,TOR_20260830_1_PA004,TOR_20260830_1,B009,George Springer,2026-08-30,Train,1,Seattle Mariners,1,4,2,1,0,0,0,14.0,1,Observed,1,1,1
P02022,TOR_20260830_1_PA004,TOR_20260830_1,B009,George Springer,2026-08-30,Train,1,Seattle Mariners,1,5,2,2,0,0,0,16.0,1,Observed,1,1,1
P02023,TOR_20260830_1_PA005,TOR_20260830_1,B014,Nathan Lukes,2026-08-30,Train,1,Seattle Mariners,1,1,0,0,0,0,0,14.0,3,Observed,1,1,1
P02024,TOR_20260830_1_PA005,TOR_20260830_1,B014,Nathan Lukes,2026-08-30,Train,1,Seattle Mariners,1,2,0,1,0,0,0,19.0,3,Observed,1,1,1
P02025,TOR_20260830_1_PA005,TOR_20260830_1,B014,Nathan Lukes,2026-08-30,Train,1,Seattle Mariners,1,3,1,1,0,0,0,15.0,3,Observed,1,1,1
P02026,TOR_20260830_1_PA005,TOR_20260830_1,B014,Nathan Lukes,2026-08-30,Train,1,Seattle Mariners,1,4,1,2,0,0,0,16.0,3,Observed,1,1,1
P02027,TOR_20260830_1_PA005,TOR_20260830_1,B014,Nathan Lukes,2026-08-30,Train,1,Seattle Mariners,1,5,2,2,0,0,0,11.0,4,Observed,1,1,1
P02028,TOR_20260830_1_PA005,TOR_20260830_1,B014,Nathan Lukes,2026-08-30,Train,1,Seattle Mariners,1,6,2,2,0,0,0,19.0,4,Observed,1,1,1
P02029,TOR_20260830_1_PA005,TOR_20260830_1,B014,Nathan Lukes,2026-08-30,Train,1,Seattle Mariners,1,7,2,2,0,0,0,21.0,3,Observed,1,1,1
P02030,TOR_20260830_1_PA005,TOR_20260830_1,B014,Nathan Lukes,2026-08-30,Train,1,Seattle Mariners,1,8,2,2,0,0,0,18.0,4,Observed,1,1,1
P02031,TOR_20260830_1_PA006,TOR_20260830_1,B012,Kazuma Okamoto,2026-08-30,Train,1,Seattle Mariners,1,1,0,0,0,1,1,29.0,0,Observed,1,1,1
P02032,TOR_20260830_1_PA006,TOR_20260830_1,B012,Kazuma Okamoto,2026-08-30,Train,1,Seattle Mariners,1,2,0,1,0,1,0,16.0,1,Observed,1,1,1
P02033,TOR_20260830_1_PA006,TOR_20260830_1,B012,Kazuma Okamoto,2026-08-30,Train,1,Seattle Mariners,1,3,0,2,0,1,0,14.0,0,Observed,1,1,1
P02034,TOR_20260830_1_PA006,TOR_20260830_1,B012,Kazuma Okamoto,2026-08-30,Train,1,Seattle Mariners,1,4,1,2,0,1,0,17.0,1,Observed,1,1,1
P02035,TOR_20260830_1_PA006,TOR_20260830_1,B012,Kazuma Okamoto,2026-08-30,Train,1,Seattle Mariners,1,5,1,2,0,1,0,11.0,2,Observed,1,1,1
P02036,TOR_20260830_1_PA006,TOR_20260830_1,B012,Kazuma Okamoto,2026-08-30,Train,1,Seattle Mariners,1,6,1,2,0,1,0,24.0,1,Observed,1,1,1
P02037,TOR_20260830_1_PA006,TOR_20260830_1,B012,Kazuma Okamoto,2026-08-30,Train,1,Seattle Mariners,1,7,1,2,0,1,0,16.0,2,Observed,1,1,1
P02038,TOR_20260830_1_PA007,TOR_20260830_1,B002,Andrés Giménez,2026-08-30,Train,1,Seattle Mariners,2,1,0,0,0,0,0,19.0,1,Observed,1,1,1
P02039,TOR_20260830_1_PA007,TOR_20260830_1,B002,Andrés Giménez,2026-08-30,Train,1,Seattle Mariners,2,2,0,1,0,0,0,14.0,3,Observed,1,1,1
P02040,TOR_20260830_1_PA007,TOR_20260830_1,B002,Andrés Giménez,2026-08-30,Train,1,Seattle Mariners,2,3,0,2,0,0,0,20.0,3,Observed,1,1,1
P02041,TOR_20260830_1_PA007,TOR_20260830_1,B002,Andrés Giménez,2026-08-30,Train,1,Seattle Mariners,2,4,1,2,0,0,0,18.0,2,Observed,1,1,1
P02042,TOR_20260830_1_PA007,TOR_20260830_1,B002,Andrés Giménez,2026-08-30,Train,1,Seattle Mariners,2,5,1,2,0,0,0,14.0,3,Observed,1,1,1
P02043,TOR_20260830_1_PA007,TOR_20260830_1,B002,Andrés Giménez,2026-08-30,Train,1,Seattle Mariners,2,6,1,2,0,0,0,20.0,3,Observed,1,1,1
P02044,TOR_20260830_1_PA008,TOR_20260830_1,B005,Charles McAdoo,2026-08-30,Train,1,Seattle Mariners,2,1,0,0,0,0,0,12.0,2,Observed,1,1,1
P02045,TOR_20260830_1_PA008,TOR_20260830_1,B005,Charles McAdoo,2026-08-30,Train,1,Seattle Mariners,2,2,1,0,0,0,0,16.0,2,Observed,1,1,1
P02046,TOR_20260830_1_PA009,TOR_20260830_1,B013,Myles Straw,2026-08-30,Train,1,Seattle Mariners,2,1,0,0,0,0,0,20.0,0,Observed,1,1,1
P02047,TOR_20260830_1_PA009,TOR_20260830_1,B013,Myles Straw,2026-08-30,Train,1,Seattle Mariners,2,2,0,1,0,0,0,14.0,0,Observed,1,1,1
P02048,TOR_20260830_1_PA010,TOR_20260830_1,B004,Brett Bateman,2026-08-30,Train,1,Seattle Mariners,3,1,0,0,0,0,0,17.0,2,Observed,1,1,1
P02049,TOR_20260830_1_PA010,TOR_20260830_1,B004,Brett Bateman,2026-08-30,Train,1,Seattle Mariners,3,2,1,0,0,0,0,13.0,0,Observed,1,1,1
P02050,TOR_20260830_1_PA010,TOR_20260830_1,B004,Brett Bateman,2026-08-30,Train,1,Seattle Mariners,3,3,1,1,0,0,0,13.0,0,Observed,1,1,1
P02051,TOR_20260830_1_PA010,TOR_20260830_1,B004,Brett Bateman,2026-08-30,Train,1,Seattle Mariners,3,4,1,2,0,0,0,20.0,0,Observed,1,1,1
P02052,TOR_20260830_1_PA011,TOR_20260830_1,B017,Vladimir Guerrero Jr.,2026-08-30,Train,1,Seattle Mariners,3,1,0,0,0,0,0,13.0,1,Observed,1,1,1
P02053,TOR_20260830_1_PA011,TOR_20260830_1,B017,Vladimir Guerrero Jr.,2026-08-30,Train,1,Seattle Mariners,3,2,1,0,0,0,0,16.0,1,Observed,1,1,1
P02054,TOR_20260830_1_PA011,TOR_20260830_1,B017,Vladimir Guerrero Jr.,2026-08-30,Train,1,Seattle Mariners,3,3,1,1,0,0,0,18.0,2,Observed,1,1,1
P02055,TOR_20260830_1_PA011,TOR_20260830_1,B017,Vladimir Guerrero Jr.,2026-08-30,Train,1,Seattle Mariners,3,4,2,1,0,0,0,19.0,2,Observed,1,1,1
P02056,TOR_20260830_1_PA011,TOR_20260830_1,B017,Vladimir Guerrero Jr.,2026-08-30,Train,1,Seattle Mariners,3,5,3,1,0,0,0,19.0,2,Observed,1,1,1
P02057,TOR_20260830_1_PA012,TOR_20260830_1,B001,Alejandro Kirk,2026-08-30,Train,1,Seattle Mariners,3,1,0,0,0,0,0,11.0,3,Observed,1,1,1
P02058,TOR_20260830_1_PA012,TOR_20260830_1,B001,Alejandro Kirk,2026-08-30,Train,1,Seattle Mariners,3,2,1,0,0,0,0,20.0,5,Observed,1,1,1
P02059,TOR_20260830_1_PA012,TOR_20260830_1,B001,Alejandro Kirk,2026-08-30,Train,1,Seattle Mariners,3,3,1,1,0,0,0,18.0,3,Observed,1,1,1
P02060,TOR_20260830_1_PA012,TOR_20260830_1,B001,Alejandro Kirk,2026-08-30,Train,1,Seattle Mariners,3,4,1,2,0,0,0,16.0,4,Observed,1,1,1
P02061,TOR_20260830_1_PA013,TOR_20260830_1,B009,George Springer,2026-08-30,Train,1,Seattle Mariners,3,1,0,0,0,1,0,13.0,1,Observed,1,1,1
P02062,TOR_20260830_1_PA014,TOR_20260830_1,B014,Nathan Lukes,2026-08-30,Train,1,Seattle Mariners,3,1,0,0,1,2,0,19.0,3,Observed,1,1,1
P02063,TOR_20260830_1_PA014,TOR_20260830_1,B014,Nathan Lukes,2026-08-30,Train,1,Seattle Mariners,3,2,1,0,1,2,0,17.0,4,Observed,1,1,1
P02064,TOR_20260830_1_PA014,TOR_20260830_1,B014,Nathan Lukes,2026-08-30,Train,1,Seattle Mariners,3,3,1,1,1,2,0,16.0,4,Observed,1,1,1
P02065,TOR_20260830_1_PA014,TOR_20260830_1,B014,Nathan Lukes,2026-08-30,Train,1,Seattle Mariners,3,4,1,2,1,2,0,20.0,4,Observed,1,1,1
P02066,TOR_20260830_1_PA014,TOR_20260830_1,B014,Nathan Lukes,2026-08-30,Train,1,Seattle Mariners,3,5,2,2,1,2,1,34.0,4,Observed,1,1,1
P02067,TOR_20260830_1_PA014,TOR_20260830_1,B014,Nathan Lukes,2026-08-30,Train,1,Seattle Mariners,3,6,2,2,1,2,0,24.0,3,Observed,1,1,1
P02068,TOR_20260830_1_PA015,TOR_20260830_1,B012,Kazuma Okamoto,2026-08-30,Train,1,Seattle Mariners,4,1,0,0,0,0,0,10.0,0,Observed,1,1,1
P02069,TOR_20260830_1_PA016,TOR_20260830_1,B002,Andrés Giménez,2026-08-30,Train,1,Seattle Mariners,4,1,0,0,0,0,0,17.0,1,Observed,1,1,1
P02070,TOR_20260830_1_PA016,TOR_20260830_1,B002,Andrés Giménez,2026-08-30,Train,1,Seattle Mariners,4,2,1,0,0,0,0,15.0,0,Observed,1,1,1
P02071,TOR_20260830_1_PA016,TOR_20260830_1,B002,Andrés Giménez,2026-08-30,Train,1,Seattle Mariners,4,3,1,1,0,0,0,15.0,1,Observed,1,1,1
P02072,TOR_20260830_1_PA017,TOR_20260830_1,B005,Charles McAdoo,2026-08-30,Train,1,Seattle Mariners,4,1,0,0,0,0,0,12.0,2,Observed,1,1,1
P02073,TOR_20260830_1_PA017,TOR_20260830_1,B005,Charles McAdoo,2026-08-30,Train,1,Seattle Mariners,4,2,0,1,0,0,0,15.0,2,Observed,1,1,1
P02074,TOR_20260830_1_PA017,TOR_20260830_1,B005,Charles McAdoo,2026-08-30,Train,1,Seattle Mariners,4,3,1,1,0,0,0,14.0,2,Observed,1,1,1
P02075,TOR_20260830_1_PA018,TOR_20260830_1,B013,Myles Straw,2026-08-30,Train,1,Seattle Mariners,5,1,0,0,0,0,0,15.0,2,Observed,1,1,1
P02076,TOR_20260830_1_PA018,TOR_20260830_1,B013,Myles Straw,2026-08-30,Train,1,Seattle Mariners,5,2,0,1,0,0,0,14.0,1,Observed,1,1,1
P02077,TOR_20260830_1_PA018,TOR_20260830_1,B013,Myles Straw,2026-08-30,Train,1,Seattle Mariners,5,3,1,1,0,0,0,18.0,1,Observed,1,1,1
P02078,TOR_20260830_1_PA019,TOR_20260830_1,B004,Brett Bateman,2026-08-30,Train,1,Seattle Mariners,5,1,0,0,0,1,0,12.0,0,Observed,1,1,1
P02079,TOR_20260830_1_PA020,TOR_20260830_1,B017,Vladimir Guerrero Jr.,2026-08-30,Train,1,Seattle Mariners,5,1,0,0,1,1,0,17.0,1,Observed,1,1,1
P02080,TOR_20260830_1_PA020,TOR_20260830_1,B017,Vladimir Guerrero Jr.,2026-08-30,Train,1,Seattle Mariners,5,2,0,1,1,1,0,16.0,0,Observed,1,1,1
P02081,TOR_20260830_1_PA020,TOR_20260830_1,B017,Vladimir Guerrero Jr.,2026-08-30,Train,1,Seattle Mariners,5,3,1,1,1,1,0,14.0,2,Observed,1,1,1
P02082,TOR_20260830_1_PA020,TOR_20260830_1,B017,Vladimir Guerrero Jr.,2026-08-30,Train,1,Seattle Mariners,5,4,2,1,1,1,1,28.0,2,Observed,1,1,1
P02083,TOR_20260830_1_PA020,TOR_20260830_1,B017,Vladimir Guerrero Jr.,2026-08-30,Train,1,Seattle Mariners,5,5,2,2,1,1,0,15.0,0,Observed,1,1,1
P02084,TOR_20260830_1_PA020,TOR_20260830_1,B017,Vladimir Guerrero Jr.,2026-08-30,Train,1,Seattle Mariners,5,6,3,2,1,1,0,19.0,1,Observed,1,1,1
P02085,TOR_20260830_1_PA020,TOR_20260830_1,B017,Vladimir Guerrero Jr.,2026-08-30,Train,1,Seattle Mariners,5,7,3,2,1,1,0,20.0,1,Observed,1,1,1
P02086,TOR_20260830_1_PA021,TOR_20260830_1,B001,Alejandro Kirk,2026-08-30,Train,1,Seattle Mariners,5,1,0,0,1,1,0,12.0,3,Observed,1,1,1
P02087,TOR_20260830_1_PA021,TOR_20260830_1,B001,Alejandro Kirk,2026-08-30,Train,1,Seattle Mariners,5,2,0,1,1,1,0,17.0,3,Observed,1,1,1
P02088,TOR_20260830_1_PA021,TOR_20260830_1,B001,Alejandro Kirk,2026-08-30,Train,1,Seattle Mariners,5,3,1,1,1,1,0,11.0,3,Observed,1,1,1
P02089,TOR_20260830_1_PA022,TOR_20260830_1,B009,George Springer,2026-08-30,Train,1,Seattle Mariners,5,1,0,0,1,1,0,14.0,1,Observed,1,1,1
P02090,TOR_20260830_1_PA022,TOR_20260830_1,B009,George Springer,2026-08-30,Train,1,Seattle Mariners,5,2,0,1,1,1,0,18.0,0,Observed,1,1,1
P02091,TOR_20260830_1_PA022,TOR_20260830_1,B009,George Springer,2026-08-30,Train,1,Seattle Mariners,5,3,1,1,1,1,0,17.0,1,Observed,1,1,1
P02092,TOR_20260830_1_PA022,TOR_20260830_1,B009,George Springer,2026-08-30,Train,1,Seattle Mariners,5,4,1,2,1,1,0,12.0,1,Observed,1,1,1
P02093,TOR_20260830_1_PA023,TOR_20260830_1,B014,Nathan Lukes,2026-08-30,Train,1,Seattle Mariners,6,1,0,0,0,0,0,14.0,3,Observed,1,1,1
P02094,TOR_20260830_1_PA023,TOR_20260830_1,B014,Nathan Lukes,2026-08-30,Train,1,Seattle Mariners,6,2,1,0,0,0,0,14.0,4,Observed,1,1,1
P02095,TOR_20260830_1_PA023,TOR_20260830_1,B014,Nathan Lukes,2026-08-30,Train,1,Seattle Mariners,6,3,1,1,0,0,0,16.0,4,Observed,1,1,1
P02096,TOR_20260830_1_PA023,TOR_20260830_1,B014,Nathan Lukes,2026-08-30,Train,1,Seattle Mariners,6,4,1,2,0,0,0,17.0,4,Observed,1,1,1
P02097,TOR_20260830_1_PA023,TOR_20260830_1,B014,Nathan Lukes,2026-08-30,Train,1,Seattle Mariners,6,5,1,2,0,0,0,13.0,4,Observed,1,1,1
P02098,TOR_20260830_1_PA024,TOR_20260830_1,B012,Kazuma Okamoto,2026-08-30,Train,1,Seattle Mariners,6,1,0,0,0,0,0,15.0,1,Observed,1,1,1
P02099,TOR_20260830_1_PA025,TOR_20260830_1,B002,Andrés Giménez,2026-08-30,Train,1,Seattle Mariners,6,1,0,0,0,0,0,12.0,2,Observed,1,1,1
P02100,TOR_20260830_1_PA025,TOR_20260830_1,B002,Andrés Giménez,2026-08-30,Train,1,Seattle Mariners,6,2,0,1,0,0,0,13.0,1,Observed,1,1,1
P02101,TOR_20260830_1_PA025,TOR_20260830_1,B002,Andrés Giménez,2026-08-30,Train,1,Seattle Mariners,6,3,0,2,0,0,0,14.0,3,Observed,1,1,1
P02102,TOR_20260830_1_PA025,TOR_20260830_1,B002,Andrés Giménez,2026-08-30,Train,1,Seattle Mariners,6,4,0,2,0,0,0,14.0,3,Observed,1,1,1
P02103,TOR_20260830_1_PA026,TOR_20260830_1,B005,Charles McAdoo,2026-08-30,Train,1,Seattle Mariners,6,1,0,0,0,0,0,12.0,2,Observed,1,1,1
P02104,TOR_20260830_1_PA026,TOR_20260830_1,B005,Charles McAdoo,2026-08-30,Train,1,Seattle Mariners,6,2,0,1,0,0,0,12.0,2,Observed,1,1,1
P02105,TOR_20260830_1_PA026,TOR_20260830_1,B005,Charles McAdoo,2026-08-30,Train,1,Seattle Mariners,6,3,0,2,0,0,0,11.0,2,Observed,1,1,1
P02106,TOR_20260830_1_PA026,TOR_20260830_1,B005,Charles McAdoo,2026-08-30,Train,1,Seattle Mariners,6,4,1,2,0,0,0,13.0,2,Observed,1,1,1
P02107,TOR_20260830_1_PA027,TOR_20260830_1,B013,Myles Straw,2026-08-30,Train,1,Seattle Mariners,7,1,0,0,0,0,0,13.0,1,Observed,1,1,1
P02108,TOR_20260830_1_PA027,TOR_20260830_1,B013,Myles Straw,2026-08-30,Train,1,Seattle Mariners,7,2,0,1,0,0,0,12.0,1,Observed,1,1,1
P02109,TOR_20260830_1_PA028,TOR_20260830_1,B004,Brett Bateman,2026-08-30,Train,1,Seattle Mariners,7,1,0,0,0,0,0,13.0,2,Observed,1,1,1
P02110,TOR_20260830_1_PA028,TOR_20260830_1,B004,Brett Bateman,2026-08-30,Train,1,Seattle Mariners,7,2,1,0,0,0,0,14.0,0,Observed,1,1,1
P02111,TOR_20260830_1_PA028,TOR_20260830_1,B004,Brett Bateman,2026-08-30,Train,1,Seattle Mariners,7,3,2,0,0,0,0,11.0,0,Observed,1,1,1
P02112,TOR_20260830_1_PA028,TOR_20260830_1,B004,Brett Bateman,2026-08-30,Train,1,Seattle Mariners,7,4,3,0,0,0,0,11.0,0,Observed,1,1,1
P02113,TOR_20260830_1_PA028,TOR_20260830_1,B004,Brett Bateman,2026-08-30,Train,1,Seattle Mariners,7,5,3,1,0,0,0,11.0,0,Observed,1,1,1
P02114,TOR_20260830_1_PA029,TOR_20260830_1,B017,Vladimir Guerrero Jr.,2026-08-30,Train,1,Seattle Mariners,7,1,0,0,0,1,0,15.0,1,Observed,1,1,1
P02115,TOR_20260830_1_PA029,TOR_20260830_1,B017,Vladimir Guerrero Jr.,2026-08-30,Train,1,Seattle Mariners,7,2,0,1,0,1,0,16.0,1,Observed,1,1,1
P02116,TOR_20260830_1_PA029,TOR_20260830_1,B017,Vladimir Guerrero Jr.,2026-08-30,Train,1,Seattle Mariners,7,3,1,1,0,1,0,12.0,0,Observed,1,1,1
P02117,TOR_20260830_1_PA029,TOR_20260830_1,B017,Vladimir Guerrero Jr.,2026-08-30,Train,1,Seattle Mariners,7,4,2,1,0,1,0,13.0,1,Observed,1,1,1
P02118,TOR_20260830_1_PA029,TOR_20260830_1,B017,Vladimir Guerrero Jr.,2026-08-30,Train,1,Seattle Mariners,7,5,3,1,0,1,0,13.0,1,Observed,1,1,1
P02119,TOR_20260830_1_PA030,TOR_20260830_1,B001,Alejandro Kirk,2026-08-30,Train,1,Seattle Mariners,7,1,0,0,1,1,0,14.0,3,Observed,1,1,1
P02120,TOR_20260830_1_PA030,TOR_20260830_1,B001,Alejandro Kirk,2026-08-30,Train,1,Seattle Mariners,7,2,0,1,1,1,0,13.0,3,Observed,1,1,1
P02121,TOR_20260830_1_PA030,TOR_20260830_1,B001,Alejandro Kirk,2026-08-30,Train,1,Seattle Mariners,7,3,0,2,1,1,0,14.0,4,Observed,1,1,1
P02122,TOR_20260830_1_PA030,TOR_20260830_1,B001,Alejandro Kirk,2026-08-30,Train,1,Seattle Mariners,7,4,0,2,1,1,0,16.0,3,Observed,1,1,1
P02123,TOR_20260830_1_PA031,TOR_20260830_1,B009,George Springer,2026-08-30,Train,1,Seattle Mariners,8,1,0,0,0,0,0,13.0,1,Observed,1,1,1
P02124,TOR_20260830_1_PA031,TOR_20260830_1,B009,George Springer,2026-08-30,Train,1,Seattle Mariners,8,2,1,0,0,0,0,13.0,0,Observed,1,1,1
P02125,TOR_20260830_1_PA031,TOR_20260830_1,B009,George Springer,2026-08-30,Train,1,Seattle Mariners,8,3,1,1,0,0,0,16.0,1,Observed,1,1,1
P02126,TOR_20260830_1_PA031,TOR_20260830_1,B009,George Springer,2026-08-30,Train,1,Seattle Mariners,8,4,2,1,0,0,0,14.0,1,Observed,1,1,1
P02127,TOR_20260830_1_PA031,TOR_20260830_1,B009,George Springer,2026-08-30,Train,1,Seattle Mariners,8,5,3,1,0,0,0,14.0,1,Observed,1,1,1
P02128,TOR_20260830_1_PA032,TOR_20260830_1,B014,Nathan Lukes,2026-08-30,Train,1,Seattle Mariners,8,1,0,0,1,1,0,14.0,3,Observed,1,1,1
P02129,TOR_20260830_1_PA032,TOR_20260830_1,B014,Nathan Lukes,2026-08-30,Train,1,Seattle Mariners,8,2,1,0,1,1,0,14.0,3,Observed,1,1,1
P02130,TOR_20260830_1_PA033,TOR_20260830_1,B012,Kazuma Okamoto,2026-08-30,Train,1,Seattle Mariners,8,1,0,0,1,2,0,14.0,1,Observed,1,1,1
P02131,TOR_20260830_1_PA033,TOR_20260830_1,B012,Kazuma Okamoto,2026-08-30,Train,1,Seattle Mariners,8,2,1,0,1,2,0,13.0,1,Observed,1,1,1
P02132,TOR_20260830_1_PA033,TOR_20260830_1,B012,Kazuma Okamoto,2026-08-30,Train,1,Seattle Mariners,8,3,2,0,1,2,0,14.0,1,Observed,1,1,1
P02133,TOR_20260830_1_PA033,TOR_20260830_1,B012,Kazuma Okamoto,2026-08-30,Train,1,Seattle Mariners,8,4,3,0,1,2,0,15.0,1,Observed,1,1,1
P02134,TOR_20260830_1_PA034,TOR_20260830_1,B002,Andrés Giménez,2026-08-30,Train,1,Seattle Mariners,8,1,0,0,1,3,0,12.0,1,Observed,1,1,1
P02135,TOR_20260830_1_PA035,TOR_20260830_1,B008,Ernie Clement,2026-08-30,Train,1,Seattle Mariners,8,1,0,0,1,2,0,13.0,2,Observed,1,1,1
P02136,TOR_20260830_1_PA035,TOR_20260830_1,B008,Ernie Clement,2026-08-30,Train,1,Seattle Mariners,8,2,0,1,1,2,0,13.0,2,Observed,1,1,1
P02137,TOR_20260830_1_PA036,TOR_20260830_1,B013,Myles Straw,2026-08-30,Train,1,Seattle Mariners,8,1,0,0,1,1,0,13.0,0,Observed,1,1,1
P02138,TOR_20260830_1_PA036,TOR_20260830_1,B013,Myles Straw,2026-08-30,Train,1,Seattle Mariners,8,2,1,0,1,1,0,14.0,1,Observed,1,1,1
P02139,TOR_20260830_1_PA036,TOR_20260830_1,B013,Myles Straw,2026-08-30,Train,1,Seattle Mariners,8,3,2,0,1,1,0,14.0,1,Observed,1,1,1
P02140,TOR_20260830_1_PA036,TOR_20260830_1,B013,Myles Straw,2026-08-30,Train,1,Seattle Mariners,8,4,2,1,1,1,0,16.0,1,Observed,1,1,1
P02141,TOR_20260830_1_PA036,TOR_20260830_1,B013,Myles Straw,2026-08-30,Train,1,Seattle Mariners,8,5,3,1,1,1,0,17.0,1,Observed,1,1,1
P02142,TOR_20260830_1_PA037,TOR_20260830_1,B004,Brett Bateman,2026-08-30,Train,1,Seattle Mariners,8,1,0,0,1,2,0,12.0,1,Observed,1,1,1
P02143,TOR_20260830_1_PA037,TOR_20260830_1,B004,Brett Bateman,2026-08-30,Train,1,Seattle Mariners,8,2,1,0,1,2,0,13.0,0,Observed,1,1,1
P02144,TOR_20260830_1_PA037,TOR_20260830_1,B004,Brett Bateman,2026-08-30,Train,1,Seattle Mariners,8,3,1,1,1,2,0,13.0,0,Observed,1,1,1
P02145,TOR_20260830_1_PA037,TOR_20260830_1,B004,Brett Bateman,2026-08-30,Train,1,Seattle Mariners,8,4,1,2,1,2,0,14.0,0,Observed,1,1,1
P02146,TOR_20260830_1_PA037,TOR_20260830_1,B004,Brett Bateman,2026-08-30,Train,1,Seattle Mariners,8,5,2,2,1,2,0,19.0,0,Observed,1,1,1
P02147,TOR_20260830_1_PA038,TOR_20260830_1,B017,Vladimir Guerrero Jr.,2026-08-30,Train,1,Seattle Mariners,8,1,0,0,1,2,0,15.0,1,Observed,1,1,1
P02148,TOR_20260830_1_PA038,TOR_20260830_1,B017,Vladimir Guerrero Jr.,2026-08-30,Train,1,Seattle Mariners,8,2,0,1,1,2,0,14.0,1,Observed,1,1,1
P02149,TOR_20260830_1_PA038,TOR_20260830_1,B017,Vladimir Guerrero Jr.,2026-08-30,Train,1,Seattle Mariners,8,3,1,1,1,2,0,14.0,1,Observed,1,1,1
P02150,TOR_20260830_1_PA038,TOR_20260830_1,B017,Vladimir Guerrero Jr.,2026-08-30,Train,1,Seattle Mariners,8,4,1,2,1,2,0,19.0,1,Observed,1,1,1
P02151,TOR_20260830_1_PA038,TOR_20260830_1,B017,Vladimir Guerrero Jr.,2026-08-30,Train,1,Seattle Mariners,8,5,2,2,1,2,0,13.0,0,Observed,1,1,1
P02152,TOR_20260901_1_PA001,TOR_20260901_1,B004,Brett Bateman,2026-09-01,Train,0,Cleveland Guardians,1,1,0,0,0,0,0,12.0,1,Observed,1,1,1
P02153,TOR_20260901_1_PA001,TOR_20260901_1,B004,Brett Bateman,2026-09-01,Train,0,Cleveland Guardians,1,2,1,0,0,0,0,13.0,0,Observed,1,1,1
P02154,TOR_20260901_1_PA001,TOR_20260901_1,B004,Brett Bateman,2026-09-01,Train,0,Cleveland Guardians,1,3,1,1,0,0,0,10.0,1,Observed,1,1,1
P02155,TOR_20260901_1_PA001,TOR_20260901_1,B004,Brett Bateman,2026-09-01,Train,0,Cleveland Guardians,1,4,1,2,0,0,0,16.0,0,Observed,1,1,1
P02156,TOR_20260901_1_PA002,TOR_20260901_1,B001,Alejandro Kirk,2026-09-01,Train,0,Cleveland Guardians,1,1,0,0,0,0,0,15.0,3,Observed,1,1,1
P02157,TOR_20260901_1_PA002,TOR_20260901_1,B001,Alejandro Kirk,2026-09-01,Train,0,Cleveland Guardians,1,2,1,0,0,0,0,8.0,4,Observed,1,1,1
P02158,TOR_20260901_1_PA002,TOR_20260901_1,B001,Alejandro Kirk,2026-09-01,Train,0,Cleveland Guardians,1,3,1,1,0,0,0,24.0,3,Observed,1,1,1
P02159,TOR_20260901_1_PA002,TOR_20260901_1,B001,Alejandro Kirk,2026-09-01,Train,0,Cleveland Guardians,1,4,2,1,0,0,0,13.0,3,Observed,1,1,1
P02160,TOR_20260901_1_PA002,TOR_20260901_1,B001,Alejandro Kirk,2026-09-01,Train,0,Cleveland Guardians,1,5,2,2,0,0,0,17.0,4,Observed,1,1,1
P02161,TOR_20260901_1_PA002,TOR_20260901_1,B001,Alejandro Kirk,2026-09-01,Train,0,Cleveland Guardians,1,6,2,2,0,0,0,15.0,1,Observed,1,1,1
P02162,TOR_20260901_1_PA003,TOR_20260901_1,B017,Vladimir Guerrero Jr.,2026-09-01,Train,0,Cleveland Guardians,1,1,0,0,0,0,0,7.0,3,Observed,1,1,1
P02163,TOR_20260901_1_PA003,TOR_20260901_1,B017,Vladimir Guerrero Jr.,2026-09-01,Train,0,Cleveland Guardians,1,2,0,1,0,0,0,10.0,0,Observed,1,1,1
P02164,TOR_20260901_1_PA004,TOR_20260901_1,B009,George Springer,2026-09-01,Train,0,Cleveland Guardians,2,1,0,0,0,0,0,10.0,2,Observed,1,1,1
P02165,TOR_20260901_1_PA004,TOR_20260901_1,B009,George Springer,2026-09-01,Train,0,Cleveland Guardians,2,2,1,0,0,0,0,12.0,2,Observed,1,1,1
P02166,TOR_20260901_1_PA004,TOR_20260901_1,B009,George Springer,2026-09-01,Train,0,Cleveland Guardians,2,3,1,1,0,0,0,9.0,1,Observed,1,1,1
P02167,TOR_20260901_1_PA004,TOR_20260901_1,B009,George Springer,2026-09-01,Train,0,Cleveland Guardians,2,4,2,1,0,0,0,13.0,1,Observed,1,1,1
P02168,TOR_20260901_1_PA005,TOR_20260901_1,B014,Nathan Lukes,2026-09-01,Train,0,Cleveland Guardians,2,1,0,0,0,0,0,19.0,4,Observed,1,1,1
P02169,TOR_20260901_1_PA005,TOR_20260901_1,B014,Nathan Lukes,2026-09-01,Train,0,Cleveland Guardians,2,2,0,1,0,0,0,14.0,2,Observed,1,1,1
P02170,TOR_20260901_1_PA005,TOR_20260901_1,B014,Nathan Lukes,2026-09-01,Train,0,Cleveland Guardians,2,3,0,2,0,0,0,21.0,4,Observed,1,1,1
P02171,TOR_20260901_1_PA006,TOR_20260901_1,B012,Kazuma Okamoto,2026-09-01,Train,0,Cleveland Guardians,2,1,0,0,0,0,0,16.0,0,Observed,1,1,1
P02172,TOR_20260901_1_PA006,TOR_20260901_1,B012,Kazuma Okamoto,2026-09-01,Train,0,Cleveland Guardians,2,2,1,0,0,0,0,15.0,1,Observed,1,1,1
P02173,TOR_20260901_1_PA006,TOR_20260901_1,B012,Kazuma Okamoto,2026-09-01,Train,0,Cleveland Guardians,2,3,1,1,0,0,0,14.0,3,Observed,1,1,1
P02174,TOR_20260901_1_PA006,TOR_20260901_1,B012,Kazuma Okamoto,2026-09-01,Train,0,Cleveland Guardians,2,4,1,2,0,0,0,16.0,2,Observed,1,1,1
P02175,TOR_20260901_1_PA006,TOR_20260901_1,B012,Kazuma Okamoto,2026-09-01,Train,0,Cleveland Guardians,2,5,2,2,0,0,0,11.0,1,Observed,1,1,1
P02176,TOR_20260901_1_PA007,TOR_20260901_1,B002,Andrés Giménez,2026-09-01,Train,0,Cleveland Guardians,3,1,0,0,0,0,0,9.0,1,Observed,1,1,1
P02177,TOR_20260901_1_PA007,TOR_20260901_1,B002,Andrés Giménez,2026-09-01,Train,0,Cleveland Guardians,3,2,0,1,0,0,0,10.0,1,Observed,1,1,1
P02178,TOR_20260901_1_PA007,TOR_20260901_1,B002,Andrés Giménez,2026-09-01,Train,0,Cleveland Guardians,3,3,0,2,0,0,0,19.0,3,Observed,1,1,1
P02179,TOR_20260901_1_PA008,TOR_20260901_1,B008,Ernie Clement,2026-09-01,Train,0,Cleveland Guardians,3,1,0,0,0,1,0,13.0,3,Observed,1,1,1
P02180,TOR_20260901_1_PA008,TOR_20260901_1,B008,Ernie Clement,2026-09-01,Train,0,Cleveland Guardians,3,2,0,1,0,1,0,10.0,1,Observed,1,1,1
P02181,TOR_20260901_1_PA008,TOR_20260901_1,B008,Ernie Clement,2026-09-01,Train,0,Cleveland Guardians,3,3,0,2,0,1,0,12.0,1,Observed,1,1,1
P02182,TOR_20260901_1_PA009,TOR_20260901_1,B013,Myles Straw,2026-09-01,Train,0,Cleveland Guardians,3,1,0,0,0,1,0,21.0,1,Observed,1,1,1
P02183,TOR_20260901_1_PA009,TOR_20260901_1,B013,Myles Straw,2026-09-01,Train,0,Cleveland Guardians,3,2,1,0,0,1,0,13.0,0,Observed,1,1,1
P02184,TOR_20260901_1_PA009,TOR_20260901_1,B013,Myles Straw,2026-09-01,Train,0,Cleveland Guardians,3,3,2,0,0,1,0,11.0,0,Observed,1,1,1
P02185,TOR_20260901_1_PA010,TOR_20260901_1,B004,Brett Bateman,2026-09-01,Train,0,Cleveland Guardians,3,1,0,0,0,1,0,14.0,2,Observed,1,1,1
P02186,TOR_20260901_1_PA010,TOR_20260901_1,B004,Brett Bateman,2026-09-01,Train,0,Cleveland Guardians,3,2,0,1,0,1,0,14.0,0,Observed,1,1,1
P02187,TOR_20260901_1_PA010,TOR_20260901_1,B004,Brett Bateman,2026-09-01,Train,0,Cleveland Guardians,3,3,0,2,0,1,0,14.0,0,Observed,1,1,1
P02188,TOR_20260901_1_PA010,TOR_20260901_1,B004,Brett Bateman,2026-09-01,Train,0,Cleveland Guardians,3,4,1,2,1,1,0,13.0,0,Observed,1,1,1
P02189,TOR_20260901_1_PA010,TOR_20260901_1,B004,Brett Bateman,2026-09-01,Train,0,Cleveland Guardians,3,5,1,2,1,1,0,13.0,0,Observed,1,1,1
P02190,TOR_20260901_1_PA010,TOR_20260901_1,B004,Brett Bateman,2026-09-01,Train,0,Cleveland Guardians,3,6,2,2,1,1,0,20.0,0,Observed,1,1,1
P02191,TOR_20260901_1_PA010,TOR_20260901_1,B004,Brett Bateman,2026-09-01,Train,0,Cleveland Guardians,3,7,3,2,1,1,0,13.0,0,Observed,1,1,1
P02192,TOR_20260901_1_PA011,TOR_20260901_1,B001,Alejandro Kirk,2026-09-01,Train,0,Cleveland Guardians,4,1,0,0,0,0,0,20.0,2,Observed,1,1,1
P02193,TOR_20260901_1_PA012,TOR_20260901_1,B017,Vladimir Guerrero Jr.,2026-09-01,Train,0,Cleveland Guardians,4,1,0,0,0,1,0,17.0,3,Observed,1,1,1
P02194,TOR_20260901_1_PA012,TOR_20260901_1,B017,Vladimir Guerrero Jr.,2026-09-01,Train,0,Cleveland Guardians,4,2,1,0,0,1,0,23.0,0,Observed,1,1,1
P02195,TOR_20260901_1_PA012,TOR_20260901_1,B017,Vladimir Guerrero Jr.,2026-09-01,Train,0,Cleveland Guardians,4,3,2,0,0,1,0,11.0,2,Observed,1,1,1
P02196,TOR_20260901_1_PA012,TOR_20260901_1,B017,Vladimir Guerrero Jr.,2026-09-01,Train,0,Cleveland Guardians,4,4,2,1,0,1,0,9.0,1,Observed,1,1,1
P02197,TOR_20260901_1_PA012,TOR_20260901_1,B017,Vladimir Guerrero Jr.,2026-09-01,Train,0,Cleveland Guardians,4,5,2,2,0,1,0,11.0,1,Observed,1,1,1
P02198,TOR_20260901_1_PA012,TOR_20260901_1,B017,Vladimir Guerrero Jr.,2026-09-01,Train,0,Cleveland Guardians,4,6,3,2,0,1,0,37.0,1,Observed,1,1,1
P02199,TOR_20260901_1_PA013,TOR_20260901_1,B009,George Springer,2026-09-01,Train,0,Cleveland Guardians,4,1,0,0,0,1,0,13.0,1,Observed,1,1,1
P02200,TOR_20260901_1_PA013,TOR_20260901_1,B009,George Springer,2026-09-01,Train,0,Cleveland Guardians,4,2,0,1,0,1,0,14.0,1,Observed,1,1,1
P02201,TOR_20260901_1_PA013,TOR_20260901_1,B009,George Springer,2026-09-01,Train,0,Cleveland Guardians,4,3,0,2,0,1,0,18.0,0,Observed,1,1,1
P02202,TOR_20260901_1_PA013,TOR_20260901_1,B009,George Springer,2026-09-01,Train,0,Cleveland Guardians,4,4,1,2,0,1,0,15.0,2,Observed,1,1,1
P02203,TOR_20260901_1_PA014,TOR_20260901_1,B014,Nathan Lukes,2026-09-01,Train,0,Cleveland Guardians,4,1,0,0,0,1,0,16.0,4,Observed,1,1,1
P02204,TOR_20260901_1_PA015,TOR_20260901_1,B012,Kazuma Okamoto,2026-09-01,Train,0,Cleveland Guardians,5,1,0,0,0,0,0,11.0,3,Observed,1,1,1
P02205,TOR_20260901_1_PA016,TOR_20260901_1,B002,Andrés Giménez,2026-09-01,Train,0,Cleveland Guardians,5,1,0,0,0,1,0,15.0,3,Observed,1,1,1
P02206,TOR_20260901_1_PA016,TOR_20260901_1,B002,Andrés Giménez,2026-09-01,Train,0,Cleveland Guardians,5,2,0,1,0,1,0,9.0,2,Observed,1,1,1
P02207,TOR_20260901_1_PA016,TOR_20260901_1,B002,Andrés Giménez,2026-09-01,Train,0,Cleveland Guardians,5,3,0,2,0,1,0,17.0,2,Observed,1,1,1
P02208,TOR_20260901_1_PA017,TOR_20260901_1,B008,Ernie Clement,2026-09-01,Train,0,Cleveland Guardians,5,1,0,0,0,1,0,11.0,0,Observed,1,1,1
P02209,TOR_20260901_1_PA017,TOR_20260901_1,B008,Ernie Clement,2026-09-01,Train,0,Cleveland Guardians,5,2,1,0,0,1,0,10.0,2,Observed,1,1,1
P02210,TOR_20260901_1_PA017,TOR_20260901_1,B008,Ernie Clement,2026-09-01,Train,0,Cleveland Guardians,5,3,1,1,0,1,0,11.0,1,Observed,1,1,1
P02211,TOR_20260901_1_PA017,TOR_20260901_1,B008,Ernie Clement,2026-09-01,Train,0,Cleveland Guardians,5,4,2,1,1,1,0,18.0,1,Observed,1,1,1
P02212,TOR_20260901_1_PA017,TOR_20260901_1,B008,Ernie Clement,2026-09-01,Train,0,Cleveland Guardians,5,5,2,2,1,1,0,16.0,2,Observed,1,1,1
P02213,TOR_20260901_1_PA017,TOR_20260901_1,B008,Ernie Clement,2026-09-01,Train,0,Cleveland Guardians,5,6,3,2,1,1,0,20.0,0,Observed,1,1,1
P02214,TOR_20260901_1_PA018,TOR_20260901_1,B013,Myles Straw,2026-09-01,Train,0,Cleveland Guardians,5,1,0,0,1,2,0,15.0,3,Observed,1,1,1
P02215,TOR_20260901_1_PA018,TOR_20260901_1,B013,Myles Straw,2026-09-01,Train,0,Cleveland Guardians,5,2,1,0,1,2,0,10.0,0,Observed,1,1,1
P02216,TOR_20260901_1_PA018,TOR_20260901_1,B013,Myles Straw,2026-09-01,Train,0,Cleveland Guardians,5,3,2,0,1,1,0,15.0,1,Observed,1,1,1
P02217,TOR_20260901_1_PA018,TOR_20260901_1,B013,Myles Straw,2026-09-01,Train,0,Cleveland Guardians,5,4,2,1,1,1,0,14.0,0,Observed,1,1,1
P02218,TOR_20260901_1_PA018,TOR_20260901_1,B013,Myles Straw,2026-09-01,Train,0,Cleveland Guardians,5,5,2,2,1,1,0,18.0,2,Observed,1,1,1
P02219,TOR_20260901_1_PA019,TOR_20260901_1,B004,Brett Bateman,2026-09-01,Train,0,Cleveland Guardians,5,1,0,0,1,1,0,13.0,0,Observed,1,1,1
P02220,TOR_20260901_1_PA019,TOR_20260901_1,B004,Brett Bateman,2026-09-01,Train,0,Cleveland Guardians,5,2,1,0,1,1,0,9.0,1,Observed,1,1,1
P02221,TOR_20260901_1_PA019,TOR_20260901_1,B004,Brett Bateman,2026-09-01,Train,0,Cleveland Guardians,5,3,1,1,1,1,0,12.0,0,Observed,1,1,1
P02222,TOR_20260901_1_PA019,TOR_20260901_1,B004,Brett Bateman,2026-09-01,Train,0,Cleveland Guardians,5,4,2,1,1,1,0,18.0,0,Observed,1,1,1
P02223,TOR_20260901_1_PA020,TOR_20260901_1,B001,Alejandro Kirk,2026-09-01,Train,0,Cleveland Guardians,6,1,0,0,0,0,0,13.0,3,Observed,1,1,1
P02224,TOR_20260901_1_PA020,TOR_20260901_1,B001,Alejandro Kirk,2026-09-01,Train,0,Cleveland Guardians,6,2,1,0,0,0,0,15.0,4,Observed,1,1,1
P02225,TOR_20260901_1_PA020,TOR_20260901_1,B001,Alejandro Kirk,2026-09-01,Train,0,Cleveland Guardians,6,3,1,1,0,0,0,13.0,2,Observed,1,1,1
P02226,TOR_20260901_1_PA020,TOR_20260901_1,B001,Alejandro Kirk,2026-09-01,Train,0,Cleveland Guardians,6,4,2,1,0,0,0,9.0,3,Observed,1,1,1
P02227,TOR_20260901_1_PA020,TOR_20260901_1,B001,Alejandro Kirk,2026-09-01,Train,0,Cleveland Guardians,6,5,2,2,0,0,0,14.0,1,Observed,1,1,1
P02228,TOR_20260901_1_PA021,TOR_20260901_1,B017,Vladimir Guerrero Jr.,2026-09-01,Train,0,Cleveland Guardians,6,1,0,0,0,0,0,12.0,1,Observed,1,1,1
P02229,TOR_20260901_1_PA021,TOR_20260901_1,B017,Vladimir Guerrero Jr.,2026-09-01,Train,0,Cleveland Guardians,6,2,1,0,0,0,0,15.0,1,Observed,1,1,1
P02230,TOR_20260901_1_PA021,TOR_20260901_1,B017,Vladimir Guerrero Jr.,2026-09-01,Train,0,Cleveland Guardians,6,3,1,1,0,0,0,15.0,1,Observed,1,1,1
P02231,TOR_20260901_1_PA021,TOR_20260901_1,B017,Vladimir Guerrero Jr.,2026-09-01,Train,0,Cleveland Guardians,6,4,2,1,0,0,0,22.0,0,Observed,1,1,1
P02232,TOR_20260901_1_PA022,TOR_20260901_1,B009,George Springer,2026-09-01,Train,0,Cleveland Guardians,6,1,0,0,0,0,0,10.0,1,Observed,1,1,1
P02233,TOR_20260901_1_PA022,TOR_20260901_1,B009,George Springer,2026-09-01,Train,0,Cleveland Guardians,6,2,0,1,0,0,0,11.0,2,Observed,1,1,1
P02234,TOR_20260901_1_PA022,TOR_20260901_1,B009,George Springer,2026-09-01,Train,0,Cleveland Guardians,6,3,1,1,0,0,0,10.0,1,Observed,1,1,1
P02235,TOR_20260901_1_PA022,TOR_20260901_1,B009,George Springer,2026-09-01,Train,0,Cleveland Guardians,6,4,1,2,0,0,0,17.0,0,Observed,1,1,1
P02236,TOR_20260901_1_PA023,TOR_20260901_1,B014,Nathan Lukes,2026-09-01,Train,0,Cleveland Guardians,7,1,0,0,0,0,0,19.0,3,Observed,1,1,1
P02237,TOR_20260901_1_PA023,TOR_20260901_1,B014,Nathan Lukes,2026-09-01,Train,0,Cleveland Guardians,7,2,1,0,0,0,0,15.0,2,Observed,1,1,1
P02238,TOR_20260901_1_PA023,TOR_20260901_1,B014,Nathan Lukes,2026-09-01,Train,0,Cleveland Guardians,7,3,1,1,0,0,0,12.0,4,Observed,1,1,1
P02239,TOR_20260901_1_PA023,TOR_20260901_1,B014,Nathan Lukes,2026-09-01,Train,0,Cleveland Guardians,7,4,1,2,0,0,0,4.0,3,Observed,1,1,1
P02240,TOR_20260901_1_PA024,TOR_20260901_1,B012,Kazuma Okamoto,2026-09-01,Train,0,Cleveland Guardians,7,1,0,0,0,0,0,24.0,0,Observed,1,1,1
P02241,TOR_20260901_1_PA024,TOR_20260901_1,B012,Kazuma Okamoto,2026-09-01,Train,0,Cleveland Guardians,7,2,0,1,0,0,0,11.0,2,Observed,1,1,1
P02242,TOR_20260901_1_PA024,TOR_20260901_1,B012,Kazuma Okamoto,2026-09-01,Train,0,Cleveland Guardians,7,3,1,1,0,0,0,14.0,3,Observed,1,1,1
P02243,TOR_20260901_1_PA024,TOR_20260901_1,B012,Kazuma Okamoto,2026-09-01,Train,0,Cleveland Guardians,7,4,1,2,0,0,0,13.0,2,Observed,1,1,1
P02244,TOR_20260901_1_PA024,TOR_20260901_1,B012,Kazuma Okamoto,2026-09-01,Train,0,Cleveland Guardians,7,5,2,2,0,0,0,12.0,2,Observed,1,1,1
P02245,TOR_20260901_1_PA025,TOR_20260901_1,B002,Andrés Giménez,2026-09-01,Train,0,Cleveland Guardians,7,1,0,0,0,0,0,9.0,0,Observed,1,1,1
P02246,TOR_20260901_1_PA025,TOR_20260901_1,B002,Andrés Giménez,2026-09-01,Train,0,Cleveland Guardians,7,2,0,1,0,0,0,9.0,2,Observed,1,1,1
P02247,TOR_20260901_1_PA025,TOR_20260901_1,B002,Andrés Giménez,2026-09-01,Train,0,Cleveland Guardians,7,3,0,2,0,0,0,13.0,2,Observed,1,1,1
P02248,TOR_20260901_1_PA026,TOR_20260901_1,B008,Ernie Clement,2026-09-01,Train,0,Cleveland Guardians,8,1,0,0,0,0,0,11.0,2,Observed,1,1,1
P02249,TOR_20260901_1_PA026,TOR_20260901_1,B008,Ernie Clement,2026-09-01,Train,0,Cleveland Guardians,8,2,0,1,0,0,0,12.0,2,Observed,1,1,1
P02250,TOR_20260901_1_PA026,TOR_20260901_1,B008,Ernie Clement,2026-09-01,Train,0,Cleveland Guardians,8,3,1,1,0,0,0,15.0,0,Observed,1,1,1
P02251,TOR_20260901_1_PA027,TOR_20260901_1,B010,Jesús Sánchez,2026-09-01,Train,0,Cleveland Guardians,8,1,0,0,0,0,0,16.0,0,Observed,1,1,1
P02252,TOR_20260901_1_PA027,TOR_20260901_1,B010,Jesús Sánchez,2026-09-01,Train,0,Cleveland Guardians,8,2,0,1,0,0,0,10.0,0,Observed,1,1,1
P02253,TOR_20260901_1_PA027,TOR_20260901_1,B010,Jesús Sánchez,2026-09-01,Train,0,Cleveland Guardians,8,3,0,2,0,0,0,11.0,1,Observed,1,1,1
P02254,TOR_20260901_1_PA027,TOR_20260901_1,B010,Jesús Sánchez,2026-09-01,Train,0,Cleveland Guardians,8,4,1,2,0,0,0,13.0,0,Observed,1,1,1
P02255,TOR_20260901_1_PA027,TOR_20260901_1,B010,Jesús Sánchez,2026-09-01,Train,0,Cleveland Guardians,8,5,1,2,0,0,0,20.0,0,Observed,1,1,1
P02256,TOR_20260901_1_PA028,TOR_20260901_1,B004,Brett Bateman,2026-09-01,Train,0,Cleveland Guardians,8,1,0,0,0,0,0,8.0,0,Observed,1,1,1
P02257,TOR_20260901_1_PA029,TOR_20260901_1,B001,Alejandro Kirk,2026-09-01,Train,0,Cleveland Guardians,9,1,0,0,0,0,0,15.0,3,Observed,1,1,1
P02258,TOR_20260901_1_PA029,TOR_20260901_1,B001,Alejandro Kirk,2026-09-01,Train,0,Cleveland Guardians,9,2,0,1,0,0,0,16.0,2,Observed,1,1,1
P02259,TOR_20260901_1_PA029,TOR_20260901_1,B001,Alejandro Kirk,2026-09-01,Train,0,Cleveland Guardians,9,3,0,2,0,0,0,29.0,3,Observed,1,1,1
P02260,TOR_20260901_1_PA029,TOR_20260901_1,B001,Alejandro Kirk,2026-09-01,Train,0,Cleveland Guardians,9,4,0,2,0,0,0,26.0,2,Observed,1,1,1
P02261,TOR_20260901_1_PA029,TOR_20260901_1,B001,Alejandro Kirk,2026-09-01,Train,0,Cleveland Guardians,9,5,1,2,0,0,0,14.0,3,Observed,1,1,1
P02262,TOR_20260901_1_PA029,TOR_20260901_1,B001,Alejandro Kirk,2026-09-01,Train,0,Cleveland Guardians,9,6,1,2,0,0,0,15.0,2,Observed,1,1,1
P02263,TOR_20260901_1_PA029,TOR_20260901_1,B001,Alejandro Kirk,2026-09-01,Train,0,Cleveland Guardians,9,7,1,2,0,0,0,11.0,4,Observed,1,1,1
P02264,TOR_20260901_1_PA029,TOR_20260901_1,B001,Alejandro Kirk,2026-09-01,Train,0,Cleveland Guardians,9,8,2,2,0,0,0,25.0,3,Observed,1,1,1
P02265,TOR_20260901_1_PA030,TOR_20260901_1,B017,Vladimir Guerrero Jr.,2026-09-01,Train,0,Cleveland Guardians,9,1,0,0,0,0,0,16.0,1,Observed,1,1,1
P02266,TOR_20260901_1_PA030,TOR_20260901_1,B017,Vladimir Guerrero Jr.,2026-09-01,Train,0,Cleveland Guardians,9,2,1,0,0,0,0,11.0,1,Observed,1,1,1
P02267,TOR_20260901_1_PA030,TOR_20260901_1,B017,Vladimir Guerrero Jr.,2026-09-01,Train,0,Cleveland Guardians,9,3,1,1,0,0,0,15.0,1,Observed,1,1,1
P02268,TOR_20260901_1_PA031,TOR_20260901_1,B009,George Springer,2026-09-01,Train,0,Cleveland Guardians,9,1,0,0,0,1,0,14.0,0,Observed,1,1,1
P02269,TOR_20260901_1_PA031,TOR_20260901_1,B009,George Springer,2026-09-01,Train,0,Cleveland Guardians,9,2,1,0,0,1,0,19.0,0,Observed,1,1,1
P02270,TOR_20260901_1_PA031,TOR_20260901_1,B009,George Springer,2026-09-01,Train,0,Cleveland Guardians,9,3,1,1,0,1,0,9.0,1,Observed,1,1,1
P02271,TOR_20260901_1_PA031,TOR_20260901_1,B009,George Springer,2026-09-01,Train,0,Cleveland Guardians,9,4,2,1,0,1,0,12.0,0,Observed,1,1,1
P02272,TOR_20260901_1_PA031,TOR_20260901_1,B009,George Springer,2026-09-01,Train,0,Cleveland Guardians,9,5,2,2,0,1,0,14.0,0,Observed,1,1,1
P02273,TOR_20260901_1_PA032,TOR_20260901_1,B014,Nathan Lukes,2026-09-01,Train,0,Cleveland Guardians,9,1,0,0,0,1,0,13.0,2,Observed,1,1,1
P02274,TOR_20260901_1_PA032,TOR_20260901_1,B014,Nathan Lukes,2026-09-01,Train,0,Cleveland Guardians,9,2,0,1,0,1,0,23.0,5,Observed,1,1,1
P02275,TOR_20260902_1_PA001,TOR_20260902_1,B004,Brett Bateman,2026-09-02,Train,0,Cleveland Guardians,1,1,0,0,0,0,0,12.0,1,Observed,1,1,1
P02276,TOR_20260902_1_PA002,TOR_20260902_1,B009,George Springer,2026-09-02,Train,0,Cleveland Guardians,1,1,0,0,0,1,0,14.0,3,Observed,1,1,1
P02277,TOR_20260902_1_PA003,TOR_20260902_1,B017,Vladimir Guerrero Jr.,2026-09-02,Train,0,Cleveland Guardians,1,1,0,0,0,1,0,20.0,1,Observed,1,1,1
P02278,TOR_20260902_1_PA003,TOR_20260902_1,B017,Vladimir Guerrero Jr.,2026-09-02,Train,0,Cleveland Guardians,1,2,1,0,0,1,0,10.0,3,Observed,1,1,1
P02279,TOR_20260902_1_PA004,TOR_20260902_1,B001,Alejandro Kirk,2026-09-02,Train,0,Cleveland Guardians,1,1,0,0,1,1,0,15.0,3,Observed,1,1,1
P02280,TOR_20260902_1_PA004,TOR_20260902_1,B001,Alejandro Kirk,2026-09-02,Train,0,Cleveland Guardians,1,2,0,1,1,1,0,8.0,4,Observed,1,1,1
P02281,TOR_20260902_1_PA004,TOR_20260902_1,B001,Alejandro Kirk,2026-09-02,Train,0,Cleveland Guardians,1,3,1,1,1,1,0,25.0,3,Observed,1,1,1
P02282,TOR_20260902_1_PA004,TOR_20260902_1,B001,Alejandro Kirk,2026-09-02,Train,0,Cleveland Guardians,1,4,2,1,1,1,0,13.0,3,Observed,1,1,1
P02283,TOR_20260902_1_PA004,TOR_20260902_1,B001,Alejandro Kirk,2026-09-02,Train,0,Cleveland Guardians,1,5,3,1,1,1,0,16.0,4,Observed,1,1,1
P02284,TOR_20260902_1_PA004,TOR_20260902_1,B001,Alejandro Kirk,2026-09-02,Train,0,Cleveland Guardians,1,6,3,2,1,1,0,15.0,1,Observed,1,1,1
P02285,TOR_20260902_1_PA005,TOR_20260902_1,B012,Kazuma Okamoto,2026-09-02,Train,0,Cleveland Guardians,1,1,0,0,1,1,0,16.0,0,Observed,1,1,1
P02286,TOR_20260902_1_PA005,TOR_20260902_1,B012,Kazuma Okamoto,2026-09-02,Train,0,Cleveland Guardians,1,2,0,1,1,1,0,11.0,0,Observed,1,1,1
P02287,TOR_20260902_1_PA005,TOR_20260902_1,B012,Kazuma Okamoto,2026-09-02,Train,0,Cleveland Guardians,1,3,0,2,1,1,0,10.0,1,Observed,1,1,1
P02288,TOR_20260902_1_PA006,TOR_20260902_1,B014,Nathan Lukes,2026-09-02,Train,0,Cleveland Guardians,2,1,0,0,0,0,0,21.0,3,Observed,1,1,1
P02289,TOR_20260902_1_PA006,TOR_20260902_1,B014,Nathan Lukes,2026-09-02,Train,0,Cleveland Guardians,2,2,0,1,0,0,0,21.0,2,Observed,1,1,1
P02290,TOR_20260902_1_PA006,TOR_20260902_1,B014,Nathan Lukes,2026-09-02,Train,0,Cleveland Guardians,2,3,0,2,0,0,0,14.0,4,Observed,1,1,1
P02291,TOR_20260902_1_PA007,TOR_20260902_1,B008,Ernie Clement,2026-09-02,Train,0,Cleveland Guardians,2,1,0,0,0,0,0,10.0,1,Observed,1,1,1
P02292,TOR_20260902_1_PA008,TOR_20260902_1,B002,Andrés Giménez,2026-09-02,Train,0,Cleveland Guardians,2,1,0,0,0,1,0,13.0,1,Observed,1,1,1
P02293,TOR_20260902_1_PA008,TOR_20260902_1,B002,Andrés Giménez,2026-09-02,Train,0,Cleveland Guardians,2,2,1,0,1,1,0,14.0,1,Observed,1,1,1
P02294,TOR_20260902_1_PA008,TOR_20260902_1,B002,Andrés Giménez,2026-09-02,Train,0,Cleveland Guardians,2,3,1,1,1,1,0,17.0,2,Observed,1,1,1
P02295,TOR_20260902_1_PA008,TOR_20260902_1,B002,Andrés Giménez,2026-09-02,Train,0,Cleveland Guardians,2,4,1,2,1,1,0,14.0,1,Observed,1,1,1
P02296,TOR_20260902_1_PA008,TOR_20260902_1,B002,Andrés Giménez,2026-09-02,Train,0,Cleveland Guardians,2,5,1,2,1,1,0,12.0,2,Observed,1,1,1
P02297,TOR_20260902_1_PA009,TOR_20260902_1,B013,Myles Straw,2026-09-02,Train,0,Cleveland Guardians,2,1,0,0,1,2,0,11.0,1,Observed,1,1,1
P02298,TOR_20260902_1_PA009,TOR_20260902_1,B013,Myles Straw,2026-09-02,Train,0,Cleveland Guardians,2,2,0,1,1,2,0,13.0,2,Observed,1,1,1
P02299,TOR_20260902_1_PA009,TOR_20260902_1,B013,Myles Straw,2026-09-02,Train,0,Cleveland Guardians,2,3,1,1,1,2,0,17.0,1,Observed,1,1,1
P02300,TOR_20260902_1_PA009,TOR_20260902_1,B013,Myles Straw,2026-09-02,Train,0,Cleveland Guardians,2,4,2,1,1,2,0,18.0,1,Observed,1,1,1
P02301,TOR_20260902_1_PA009,TOR_20260902_1,B013,Myles Straw,2026-09-02,Train,0,Cleveland Guardians,2,5,3,1,1,2,0,22.0,2,Observed,1,1,1
P02302,TOR_20260902_1_PA009,TOR_20260902_1,B013,Myles Straw,2026-09-02,Train,0,Cleveland Guardians,2,6,3,2,1,2,0,10.0,2,Observed,1,1,1
P02303,TOR_20260902_1_PA009,TOR_20260902_1,B013,Myles Straw,2026-09-02,Train,0,Cleveland Guardians,2,7,3,2,1,2,0,12.0,0,Observed,1,1,1
P02304,TOR_20260902_1_PA010,TOR_20260902_1,B004,Brett Bateman,2026-09-02,Train,0,Cleveland Guardians,2,1,0,0,1,3,0,9.0,0,Observed,1,1,1
P02305,TOR_20260902_1_PA010,TOR_20260902_1,B004,Brett Bateman,2026-09-02,Train,0,Cleveland Guardians,2,2,1,0,1,3,0,11.0,0,Observed,1,1,1
P02306,TOR_20260902_1_PA010,TOR_20260902_1,B004,Brett Bateman,2026-09-02,Train,0,Cleveland Guardians,2,3,2,0,1,3,0,14.0,0,Observed,1,1,1
P02307,TOR_20260902_1_PA011,TOR_20260902_1,B009,George Springer,2026-09-02,Train,0,Cleveland Guardians,2,1,0,0,1,3,0,10.0,1,Observed,1,1,1
P02308,TOR_20260902_1_PA011,TOR_20260902_1,B009,George Springer,2026-09-02,Train,0,Cleveland Guardians,2,2,1,0,1,3,0,10.0,1,Observed,1,1,1
P02309,TOR_20260902_1_PA011,TOR_20260902_1,B009,George Springer,2026-09-02,Train,0,Cleveland Guardians,2,3,2,0,1,3,0,10.0,2,Observed,1,1,1
P02310,TOR_20260902_1_PA011,TOR_20260902_1,B009,George Springer,2026-09-02,Train,0,Cleveland Guardians,2,4,2,1,1,3,0,16.0,0,Observed,1,1,1
P02311,TOR_20260902_1_PA012,TOR_20260902_1,B017,Vladimir Guerrero Jr.,2026-09-02,Train,0,Cleveland Guardians,2,1,0,0,1,2,0,14.0,1,Observed,1,1,1
P02312,TOR_20260902_1_PA012,TOR_20260902_1,B017,Vladimir Guerrero Jr.,2026-09-02,Train,0,Cleveland Guardians,2,2,1,0,1,2,0,11.0,0,Observed,1,1,1
P02313,TOR_20260902_1_PA013,TOR_20260902_1,B001,Alejandro Kirk,2026-09-02,Train,0,Cleveland Guardians,2,1,0,0,0,0,0,10.0,1,Observed,1,1,1
P02314,TOR_20260902_1_PA013,TOR_20260902_1,B001,Alejandro Kirk,2026-09-02,Train,0,Cleveland Guardians,2,2,1,0,0,0,0,12.0,3,Observed,1,1,1
P02315,TOR_20260902_1_PA013,TOR_20260902_1,B001,Alejandro Kirk,2026-09-02,Train,0,Cleveland Guardians,2,3,2,0,0,0,0,18.0,2,Observed,1,1,1
P02316,TOR_20260902_1_PA013,TOR_20260902_1,B001,Alejandro Kirk,2026-09-02,Train,0,Cleveland Guardians,2,4,3,0,0,0,0,18.0,2,Observed,1,1,1
P02317,TOR_20260902_1_PA013,TOR_20260902_1,B001,Alejandro Kirk,2026-09-02,Train,0,Cleveland Guardians,2,5,3,1,0,0,0,17.0,4,Observed,1,1,1
P02318,TOR_20260902_1_PA014,TOR_20260902_1,B012,Kazuma Okamoto,2026-09-02,Train,0,Cleveland Guardians,3,1,0,0,0,0,0,18.0,0,Observed,1,1,1
P02319,TOR_20260902_1_PA014,TOR_20260902_1,B012,Kazuma Okamoto,2026-09-02,Train,0,Cleveland Guardians,3,2,0,1,0,0,0,13.0,2,Observed,1,1,1
P02320,TOR_20260902_1_PA014,TOR_20260902_1,B012,Kazuma Okamoto,2026-09-02,Train,0,Cleveland Guardians,3,3,1,1,0,0,0,12.0,1,Observed,1,1,1
P02321,TOR_20260902_1_PA014,TOR_20260902_1,B012,Kazuma Okamoto,2026-09-02,Train,0,Cleveland Guardians,3,4,2,1,0,0,0,14.0,1,Observed,1,1,1
P02322,TOR_20260902_1_PA014,TOR_20260902_1,B012,Kazuma Okamoto,2026-09-02,Train,0,Cleveland Guardians,3,5,2,2,0,0,0,10.0,0,Observed,1,1,1
P02323,TOR_20260902_1_PA015,TOR_20260902_1,B014,Nathan Lukes,2026-09-02,Train,0,Cleveland Guardians,3,1,0,0,0,0,0,9.0,2,Observed,1,1,1
P02324,TOR_20260902_1_PA015,TOR_20260902_1,B014,Nathan Lukes,2026-09-02,Train,0,Cleveland Guardians,3,2,0,1,0,0,0,16.0,4,Observed,1,1,1
P02325,TOR_20260902_1_PA015,TOR_20260902_1,B014,Nathan Lukes,2026-09-02,Train,0,Cleveland Guardians,3,3,0,2,0,0,0,25.0,4,Observed,1,1,1
P02326,TOR_20260902_1_PA016,TOR_20260902_1,B008,Ernie Clement,2026-09-02,Train,0,Cleveland Guardians,3,1,0,0,0,1,0,11.0,0,Observed,1,1,1
P02327,TOR_20260902_1_PA016,TOR_20260902_1,B008,Ernie Clement,2026-09-02,Train,0,Cleveland Guardians,3,2,0,1,0,1,0,10.0,4,Observed,1,1,1
P02328,TOR_20260902_1_PA016,TOR_20260902_1,B008,Ernie Clement,2026-09-02,Train,0,Cleveland Guardians,3,3,1,1,0,1,0,14.0,1,Observed,1,1,1
P02329,TOR_20260902_1_PA016,TOR_20260902_1,B008,Ernie Clement,2026-09-02,Train,0,Cleveland Guardians,3,4,1,2,0,1,0,18.0,1,Observed,1,1,1
P02330,TOR_20260902_1_PA017,TOR_20260902_1,B002,Andrés Giménez,2026-09-02,Train,0,Cleveland Guardians,3,1,0,0,0,1,0,17.0,4,Observed,1,1,1
P02331,TOR_20260902_1_PA017,TOR_20260902_1,B002,Andrés Giménez,2026-09-02,Train,0,Cleveland Guardians,3,2,0,1,0,1,0,9.0,2,Observed,1,1,1
P02332,TOR_20260902_1_PA017,TOR_20260902_1,B002,Andrés Giménez,2026-09-02,Train,0,Cleveland Guardians,3,3,0,2,0,1,0,15.0,1,Observed,1,1,1
P02333,TOR_20260902_1_PA017,TOR_20260902_1,B002,Andrés Giménez,2026-09-02,Train,0,Cleveland Guardians,3,4,1,2,0,1,0,12.0,2,Observed,1,1,1
P02334,TOR_20260902_1_PA017,TOR_20260902_1,B002,Andrés Giménez,2026-09-02,Train,0,Cleveland Guardians,3,5,1,2,0,1,0,12.0,3,Observed,1,1,1
P02335,TOR_20260902_1_PA017,TOR_20260902_1,B002,Andrés Giménez,2026-09-02,Train,0,Cleveland Guardians,3,6,2,2,0,1,0,14.0,1,Observed,1,1,1
P02336,TOR_20260902_1_PA017,TOR_20260902_1,B002,Andrés Giménez,2026-09-02,Train,0,Cleveland Guardians,3,7,2,2,0,1,0,21.0,1,Observed,1,1,1
P02337,TOR_20260902_1_PA018,TOR_20260902_1,B013,Myles Straw,2026-09-02,Train,0,Cleveland Guardians,3,1,0,0,1,2,0,15.0,4,Observed,1,1,1
P02338,TOR_20260902_1_PA018,TOR_20260902_1,B013,Myles Straw,2026-09-02,Train,0,Cleveland Guardians,3,2,0,1,1,2,0,10.0,0,Observed,1,1,1
P02339,TOR_20260902_1_PA018,TOR_20260902_1,B013,Myles Straw,2026-09-02,Train,0,Cleveland Guardians,3,3,1,1,1,2,0,15.0,1,Observed,1,1,1
P02340,TOR_20260902_1_PA019,TOR_20260902_1,B004,Brett Bateman,2026-09-02,Train,0,Cleveland Guardians,3,1,0,0,1,2,0,16.0,1,Observed,1,1,1
P02341,TOR_20260902_1_PA019,TOR_20260902_1,B004,Brett Bateman,2026-09-02,Train,0,Cleveland Guardians,3,2,1,0,1,2,0,9.0,0,Observed,1,1,1
P02342,TOR_20260902_1_PA019,TOR_20260902_1,B004,Brett Bateman,2026-09-02,Train,0,Cleveland Guardians,3,3,2,0,1,2,0,10.0,0,Observed,1,1,1
P02343,TOR_20260902_1_PA019,TOR_20260902_1,B004,Brett Bateman,2026-09-02,Train,0,Cleveland Guardians,3,4,3,0,1,2,0,10.0,0,Observed,1,1,1
P02344,TOR_20260902_1_PA019,TOR_20260902_1,B004,Brett Bateman,2026-09-02,Train,0,Cleveland Guardians,3,5,3,1,1,2,0,13.0,0,Observed,1,1,1
P02345,TOR_20260902_1_PA019,TOR_20260902_1,B004,Brett Bateman,2026-09-02,Train,0,Cleveland Guardians,3,6,3,2,1,2,0,19.0,0,Observed,1,1,1
P02346,TOR_20260902_1_PA020,TOR_20260902_1,B009,George Springer,2026-09-02,Train,0,Cleveland Guardians,4,1,0,0,0,0,0,10.0,0,Observed,1,1,1
P02347,TOR_20260902_1_PA020,TOR_20260902_1,B009,George Springer,2026-09-02,Train,0,Cleveland Guardians,4,2,0,1,0,0,0,13.0,0,Observed,1,1,1
P02348,TOR_20260902_1_PA020,TOR_20260902_1,B009,George Springer,2026-09-02,Train,0,Cleveland Guardians,4,3,0,2,0,0,0,12.0,0,Observed,1,1,1
P02349,TOR_20260902_1_PA021,TOR_20260902_1,B017,Vladimir Guerrero Jr.,2026-09-02,Train,0,Cleveland Guardians,4,1,0,0,0,0,0,9.0,1,Observed,1,1,1
P02350,TOR_20260902_1_PA021,TOR_20260902_1,B017,Vladimir Guerrero Jr.,2026-09-02,Train,0,Cleveland Guardians,4,2,1,0,0,0,0,14.0,1,Observed,1,1,1
P02351,TOR_20260902_1_PA022,TOR_20260902_1,B001,Alejandro Kirk,2026-09-02,Train,0,Cleveland Guardians,4,1,0,0,0,0,0,12.0,3,Observed,1,1,1
P02352,TOR_20260902_1_PA022,TOR_20260902_1,B001,Alejandro Kirk,2026-09-02,Train,0,Cleveland Guardians,4,2,0,1,0,0,0,11.0,4,Observed,1,1,1
P02353,TOR_20260902_1_PA022,TOR_20260902_1,B001,Alejandro Kirk,2026-09-02,Train,0,Cleveland Guardians,4,3,0,2,0,0,0,17.0,1,Observed,1,1,1
P02354,TOR_20260902_1_PA022,TOR_20260902_1,B001,Alejandro Kirk,2026-09-02,Train,0,Cleveland Guardians,4,4,0,2,0,0,0,9.0,3,Observed,1,1,1
P02355,TOR_20260902_1_PA022,TOR_20260902_1,B001,Alejandro Kirk,2026-09-02,Train,0,Cleveland Guardians,4,5,0,2,0,0,0,12.0,3,Observed,1,1,1
P02356,TOR_20260902_1_PA023,TOR_20260902_1,B012,Kazuma Okamoto,2026-09-02,Train,0,Cleveland Guardians,5,1,0,0,0,0,0,27.0,0,Observed,1,1,1
P02357,TOR_20260902_1_PA023,TOR_20260902_1,B012,Kazuma Okamoto,2026-09-02,Train,0,Cleveland Guardians,5,2,1,0,0,0,0,10.0,3,Observed,1,1,1
P02358,TOR_20260902_1_PA023,TOR_20260902_1,B012,Kazuma Okamoto,2026-09-02,Train,0,Cleveland Guardians,5,3,1,1,0,0,0,10.0,1,Observed,1,1,1
P02359,TOR_20260902_1_PA023,TOR_20260902_1,B012,Kazuma Okamoto,2026-09-02,Train,0,Cleveland Guardians,5,4,1,2,0,0,0,14.0,0,Observed,1,1,1
P02360,TOR_20260902_1_PA023,TOR_20260902_1,B012,Kazuma Okamoto,2026-09-02,Train,0,Cleveland Guardians,5,5,1,2,0,0,0,14.0,0,Observed,1,1,1
P02361,TOR_20260902_1_PA023,TOR_20260902_1,B012,Kazuma Okamoto,2026-09-02,Train,0,Cleveland Guardians,5,6,2,2,0,0,0,16.0,1,Observed,1,1,1
P02362,TOR_20260902_1_PA024,TOR_20260902_1,B014,Nathan Lukes,2026-09-02,Train,0,Cleveland Guardians,5,1,0,0,0,0,0,10.0,4,Observed,1,1,1
P02363,TOR_20260902_1_PA025,TOR_20260902_1,B008,Ernie Clement,2026-09-02,Train,0,Cleveland Guardians,5,1,0,0,0,0,0,15.0,1,Observed,1,1,1
P02364,TOR_20260902_1_PA025,TOR_20260902_1,B008,Ernie Clement,2026-09-02,Train,0,Cleveland Guardians,5,2,0,1,0,0,0,18.0,0,Observed,1,1,1
P02365,TOR_20260902_1_PA025,TOR_20260902_1,B008,Ernie Clement,2026-09-02,Train,0,Cleveland Guardians,5,3,1,1,0,0,0,16.0,1,Observed,1,1,1
P02366,TOR_20260902_1_PA026,TOR_20260902_1,B002,Andrés Giménez,2026-09-02,Train,0,Cleveland Guardians,6,1,0,0,0,0,0,9.0,2,Observed,1,1,1
P02367,TOR_20260902_1_PA026,TOR_20260902_1,B002,Andrés Giménez,2026-09-02,Train,0,Cleveland Guardians,6,2,1,0,0,0,0,9.0,1,Observed,1,1,1
P02368,TOR_20260902_1_PA026,TOR_20260902_1,B002,Andrés Giménez,2026-09-02,Train,0,Cleveland Guardians,6,3,1,1,0,0,0,12.0,3,Observed,1,1,1
P02369,TOR_20260902_1_PA026,TOR_20260902_1,B002,Andrés Giménez,2026-09-02,Train,0,Cleveland Guardians,6,4,1,2,0,0,0,12.0,2,Observed,1,1,1
P02370,TOR_20260902_1_PA026,TOR_20260902_1,B002,Andrés Giménez,2026-09-02,Train,0,Cleveland Guardians,6,5,1,2,0,0,0,16.0,1,Observed,1,1,1
P02371,TOR_20260902_1_PA026,TOR_20260902_1,B002,Andrés Giménez,2026-09-02,Train,0,Cleveland Guardians,6,6,2,2,0,0,0,16.0,1,Observed,1,1,1
P02372,TOR_20260902_1_PA027,TOR_20260902_1,B013,Myles Straw,2026-09-02,Train,0,Cleveland Guardians,6,1,0,0,0,0,0,10.0,1,Observed,1,1,1
P02373,TOR_20260902_1_PA028,TOR_20260902_1,B004,Brett Bateman,2026-09-02,Train,0,Cleveland Guardians,6,1,0,0,0,1,0,13.0,1,Observed,1,1,1
P02374,TOR_20260902_1_PA028,TOR_20260902_1,B004,Brett Bateman,2026-09-02,Train,0,Cleveland Guardians,6,2,1,0,0,1,0,18.0,1,Observed,1,1,1
P02375,TOR_20260902_1_PA028,TOR_20260902_1,B004,Brett Bateman,2026-09-02,Train,0,Cleveland Guardians,6,3,2,0,0,1,0,12.0,0,Observed,1,1,1
P02376,TOR_20260902_1_PA028,TOR_20260902_1,B004,Brett Bateman,2026-09-02,Train,0,Cleveland Guardians,6,4,3,0,0,1,0,21.0,0,Observed,1,1,1
P02377,TOR_20260902_1_PA028,TOR_20260902_1,B004,Brett Bateman,2026-09-02,Train,0,Cleveland Guardians,6,5,3,1,0,1,0,21.0,0,Observed,1,1,1
P02378,TOR_20260902_1_PA029,TOR_20260902_1,B009,George Springer,2026-09-02,Train,0,Cleveland Guardians,6,1,0,0,1,2,0,14.0,1,Observed,1,1,1
P02379,TOR_20260902_1_PA029,TOR_20260902_1,B009,George Springer,2026-09-02,Train,0,Cleveland Guardians,6,2,0,1,1,2,0,13.0,1,Observed,1,1,1
P02380,TOR_20260902_1_PA029,TOR_20260902_1,B009,George Springer,2026-09-02,Train,0,Cleveland Guardians,6,3,1,1,1,2,0,17.0,1,Observed,1,1,1
P02381,TOR_20260902_1_PA029,TOR_20260902_1,B009,George Springer,2026-09-02,Train,0,Cleveland Guardians,6,4,2,1,1,2,0,14.0,2,Observed,1,1,1
P02382,TOR_20260902_1_PA030,TOR_20260902_1,B017,Vladimir Guerrero Jr.,2026-09-02,Train,0,Cleveland Guardians,6,1,0,0,1,2,0,13.0,1,Observed,1,1,1
P02383,TOR_20260902_1_PA030,TOR_20260902_1,B017,Vladimir Guerrero Jr.,2026-09-02,Train,0,Cleveland Guardians,6,2,1,0,1,2,0,15.0,1,Observed,1,1,1
P02384,TOR_20260902_1_PA030,TOR_20260902_1,B017,Vladimir Guerrero Jr.,2026-09-02,Train,0,Cleveland Guardians,6,3,1,1,1,2,0,11.0,2,Observed,1,1,1
P02385,TOR_20260902_1_PA031,TOR_20260902_1,B001,Alejandro Kirk,2026-09-02,Train,0,Cleveland Guardians,6,1,0,0,1,2,0,11.0,3,Observed,1,1,1
P02386,TOR_20260902_1_PA032,TOR_20260902_1,B012,Kazuma Okamoto,2026-09-02,Train,0,Cleveland Guardians,7,1,0,0,0,0,0,16.0,0,Observed,1,1,1
P02387,TOR_20260902_1_PA032,TOR_20260902_1,B012,Kazuma Okamoto,2026-09-02,Train,0,Cleveland Guardians,7,2,0,1,0,0,0,14.0,1,Observed,1,1,1
P02388,TOR_20260902_1_PA032,TOR_20260902_1,B012,Kazuma Okamoto,2026-09-02,Train,0,Cleveland Guardians,7,3,0,2,0,0,0,10.0,1,Observed,1,1,1
P02389,TOR_20260902_1_PA033,TOR_20260902_1,B014,Nathan Lukes,2026-09-02,Train,0,Cleveland Guardians,7,1,0,0,0,0,0,16.0,4,Observed,1,1,1
P02390,TOR_20260902_1_PA033,TOR_20260902_1,B014,Nathan Lukes,2026-09-02,Train,0,Cleveland Guardians,7,2,0,1,0,0,0,15.0,2,Observed,1,1,1
P02391,TOR_20260902_1_PA033,TOR_20260902_1,B014,Nathan Lukes,2026-09-02,Train,0,Cleveland Guardians,7,3,1,1,0,0,0,17.0,3,Observed,1,1,1
P02392,TOR_20260902_1_PA033,TOR_20260902_1,B014,Nathan Lukes,2026-09-02,Train,0,Cleveland Guardians,7,4,1,2,0,0,0,22.0,5,Observed,1,1,1
P02393,TOR_20260902_1_PA033,TOR_20260902_1,B014,Nathan Lukes,2026-09-02,Train,0,Cleveland Guardians,7,5,1,2,0,0,0,33.0,2,Observed,1,1,1
P02394,TOR_20260902_1_PA034,TOR_20260902_1,B008,Ernie Clement,2026-09-02,Train,0,Cleveland Guardians,7,1,0,0,0,0,0,9.0,3,Observed,1,1,1
P02395,TOR_20260902_1_PA034,TOR_20260902_1,B008,Ernie Clement,2026-09-02,Train,0,Cleveland Guardians,7,2,1,0,0,0,0,12.0,2,Observed,1,1,1
P02396,TOR_20260902_1_PA035,TOR_20260902_1,B011,Josh H. Smith,2026-09-02,Train,0,Cleveland Guardians,8,1,0,0,0,0,0,15.0,1,Observed,1,1,1
P02397,TOR_20260902_1_PA035,TOR_20260902_1,B011,Josh H. Smith,2026-09-02,Train,0,Cleveland Guardians,8,2,1,0,0,0,0,26.0,2,Observed,1,1,1
P02398,TOR_20260902_1_PA036,TOR_20260902_1,B013,Myles Straw,2026-09-02,Train,0,Cleveland Guardians,8,1,0,0,0,0,0,11.0,1,Observed,1,1,1
P02399,TOR_20260902_1_PA036,TOR_20260902_1,B013,Myles Straw,2026-09-02,Train,0,Cleveland Guardians,8,2,1,0,0,0,0,10.0,1,Observed,1,1,1
P02400,TOR_20260902_1_PA036,TOR_20260902_1,B013,Myles Straw,2026-09-02,Train,0,Cleveland Guardians,8,3,1,1,0,0,0,15.0,0,Observed,1,1,1
P02401,TOR_20260902_1_PA036,TOR_20260902_1,B013,Myles Straw,2026-09-02,Train,0,Cleveland Guardians,8,4,2,1,0,0,0,28.0,1,Observed,1,1,1
P02402,TOR_20260902_1_PA036,TOR_20260902_1,B013,Myles Straw,2026-09-02,Train,0,Cleveland Guardians,8,5,3,1,0,0,0,14.0,0,Observed,1,1,1
P02403,TOR_20260902_1_PA037,TOR_20260902_1,B004,Brett Bateman,2026-09-02,Train,0,Cleveland Guardians,8,1,0,0,0,0,0,15.0,1,Observed,1,1,1
P02404,TOR_20260902_1_PA037,TOR_20260902_1,B004,Brett Bateman,2026-09-02,Train,0,Cleveland Guardians,8,2,0,1,0,0,0,10.0,1,Observed,1,1,1
P02405,TOR_20260902_1_PA037,TOR_20260902_1,B004,Brett Bateman,2026-09-02,Train,0,Cleveland Guardians,8,3,1,1,0,0,0,10.0,1,Observed,1,1,1
P02406,TOR_20260902_1_PA038,TOR_20260902_1,B010,Jesús Sánchez,2026-09-02,Train,0,Cleveland Guardians,8,1,0,0,0,0,0,4.0,2,Observed,1,1,1
P02407,TOR_20260902_1_PA038,TOR_20260902_1,B010,Jesús Sánchez,2026-09-02,Train,0,Cleveland Guardians,8,2,0,1,0,0,0,15.0,4,Observed,1,1,1
P02411,TOR_20260902_1_PA040,TOR_20260902_1,B001,Alejandro Kirk,2026-09-02,Train,0,Cleveland Guardians,9,1,0,0,0,1,0,10.0,3,Observed,1,1,1
P02412,TOR_20260902_1_PA040,TOR_20260902_1,B001,Alejandro Kirk,2026-09-02,Train,0,Cleveland Guardians,9,2,0,1,0,1,0,10.0,3,Observed,1,1,1
P02413,TOR_20260902_1_PA040,TOR_20260902_1,B001,Alejandro Kirk,2026-09-02,Train,0,Cleveland Guardians,9,3,1,1,0,1,0,13.0,2,Observed,1,1,1
P02414,TOR_20260902_1_PA040,TOR_20260902_1,B001,Alejandro Kirk,2026-09-02,Train,0,Cleveland Guardians,9,4,1,2,0,1,0,10.0,4,Observed,1,1,1
P02415,TOR_20260902_1_PA040,TOR_20260902_1,B001,Alejandro Kirk,2026-09-02,Train,0,Cleveland Guardians,9,5,2,2,0,1,0,11.0,2,Observed,1,1,1
P02416,TOR_20260902_1_PA040,TOR_20260902_1,B001,Alejandro Kirk,2026-09-02,Train,0,Cleveland Guardians,9,6,3,2,0,1,0,18.0,2,Observed,1,1,1
P02417,TOR_20260902_1_PA041,TOR_20260902_1,B005,Charles McAdoo,2026-09-02,Train,0,Cleveland Guardians,9,1,0,0,1,1,0,8.0,2,Observed,1,1,1
P02418,TOR_20260902_1_PA041,TOR_20260902_1,B005,Charles McAdoo,2026-09-02,Train,0,Cleveland Guardians,9,2,1,0,1,1,0,14.0,1,Observed,1,1,1
P02419,TOR_20260902_1_PA041,TOR_20260902_1,B005,Charles McAdoo,2026-09-02,Train,0,Cleveland Guardians,9,3,1,1,1,1,0,15.0,3,Observed,1,1,1
P02420,TOR_20260902_1_PA041,TOR_20260902_1,B005,Charles McAdoo,2026-09-02,Train,0,Cleveland Guardians,9,4,1,2,1,1,0,9.0,0,Observed,1,1,1
P02421,TOR_20260902_1_PA042,TOR_20260902_1,B014,Nathan Lukes,2026-09-02,Train,0,Cleveland Guardians,9,1,0,0,1,2,0,13.0,3,Observed,1,1,1
P02422,TOR_20260902_1_PA042,TOR_20260902_1,B014,Nathan Lukes,2026-09-02,Train,0,Cleveland Guardians,9,2,1,0,1,2,0,10.0,3,Observed,1,1,1
P02423,TOR_20260902_1_PA042,TOR_20260902_1,B014,Nathan Lukes,2026-09-02,Train,0,Cleveland Guardians,9,3,1,1,1,2,0,15.0,3,Observed,1,1,1
P02424,TOR_20260902_1_PA043,TOR_20260902_1,B008,Ernie Clement,2026-09-02,Train,0,Cleveland Guardians,9,1,0,0,1,2,0,19.0,1,Observed,1,1,1
P02425,TOR_20260902_1_PA043,TOR_20260902_1,B008,Ernie Clement,2026-09-02,Train,0,Cleveland Guardians,9,2,1,0,1,2,0,10.0,2,Observed,1,1,1
P02426,TOR_20260902_1_PA044,TOR_20260902_1,B011,Josh H. Smith,2026-09-02,Train,0,Cleveland Guardians,9,1,0,0,1,2,0,28.0,1,Observed,1,1,1
P02427,TOR_20260902_1_PA044,TOR_20260902_1,B011,Josh H. Smith,2026-09-02,Train,0,Cleveland Guardians,9,2,0,1,1,2,0,16.0,3,Observed,1,1,1
P02428,TOR_20260903_1_PA001,TOR_20260903_1,B004,Brett Bateman,2026-09-03,Train,0,Cleveland Guardians,1,1,0,0,0,0,0,12.0,1,Observed,1,1,1
P02429,TOR_20260903_1_PA001,TOR_20260903_1,B004,Brett Bateman,2026-09-03,Train,0,Cleveland Guardians,1,2,1,0,0,0,0,12.0,0,Observed,1,1,1
P02430,TOR_20260903_1_PA001,TOR_20260903_1,B004,Brett Bateman,2026-09-03,Train,0,Cleveland Guardians,1,3,2,0,0,0,0,10.0,1,Observed,1,1,1
P02431,TOR_20260903_1_PA001,TOR_20260903_1,B004,Brett Bateman,2026-09-03,Train,0,Cleveland Guardians,1,4,2,1,0,0,0,16.0,0,Observed,1,1,1
P02432,TOR_20260903_1_PA001,TOR_20260903_1,B004,Brett Bateman,2026-09-03,Train,0,Cleveland Guardians,1,5,3,1,0,0,0,40.0,0,Observed,1,1,1
P02433,TOR_20260903_1_PA002,TOR_20260903_1,B014,Nathan Lukes,2026-09-03,Train,0,Cleveland Guardians,1,1,0,0,0,1,0,25.0,2,Observed,1,1,1
P02434,TOR_20260903_1_PA002,TOR_20260903_1,B014,Nathan Lukes,2026-09-03,Train,0,Cleveland Guardians,1,2,1,0,0,1,0,14.0,2,Observed,1,1,1
P02435,TOR_20260903_1_PA002,TOR_20260903_1,B014,Nathan Lukes,2026-09-03,Train,0,Cleveland Guardians,1,3,2,0,0,1,0,17.0,3,Observed,1,1,1
P02436,TOR_20260903_1_PA002,TOR_20260903_1,B014,Nathan Lukes,2026-09-03,Train,0,Cleveland Guardians,1,4,2,1,0,1,0,26.0,3,Observed,1,1,1
P02437,TOR_20260903_1_PA003,TOR_20260903_1,B017,Vladimir Guerrero Jr.,2026-09-03,Train,0,Cleveland Guardians,1,1,0,0,0,0,0,20.0,1,Observed,1,1,1
P02438,TOR_20260903_1_PA003,TOR_20260903_1,B017,Vladimir Guerrero Jr.,2026-09-03,Train,0,Cleveland Guardians,1,2,0,1,0,0,0,10.0,0,Observed,1,1,1
P02439,TOR_20260903_1_PA003,TOR_20260903_1,B017,Vladimir Guerrero Jr.,2026-09-03,Train,0,Cleveland Guardians,1,3,1,1,0,0,0,13.0,3,Observed,1,1,1
P02440,TOR_20260903_1_PA003,TOR_20260903_1,B017,Vladimir Guerrero Jr.,2026-09-03,Train,0,Cleveland Guardians,1,4,1,2,0,0,0,15.0,1,Observed,1,1,1
P02441,TOR_20260903_1_PA004,TOR_20260903_1,B010,Jesús Sánchez,2026-09-03,Train,0,Cleveland Guardians,2,1,0,0,0,0,0,40.0,2,Observed,1,1,1
P02442,TOR_20260903_1_PA004,TOR_20260903_1,B010,Jesús Sánchez,2026-09-03,Train,0,Cleveland Guardians,2,2,1,0,0,0,0,13.0,2,Observed,1,1,1
P02443,TOR_20260903_1_PA004,TOR_20260903_1,B010,Jesús Sánchez,2026-09-03,Train,0,Cleveland Guardians,2,3,2,0,0,0,0,12.0,1,Observed,1,1,1
P02444,TOR_20260903_1_PA004,TOR_20260903_1,B010,Jesús Sánchez,2026-09-03,Train,0,Cleveland Guardians,2,4,2,1,0,0,0,13.0,2,Observed,1,1,1
P02445,TOR_20260903_1_PA004,TOR_20260903_1,B010,Jesús Sánchez,2026-09-03,Train,0,Cleveland Guardians,2,5,2,2,0,0,0,25.0,0,Observed,1,1,1
P02446,TOR_20260903_1_PA004,TOR_20260903_1,B010,Jesús Sánchez,2026-09-03,Train,0,Cleveland Guardians,2,6,2,2,0,0,0,7.0,0,Observed,1,1,1
P02447,TOR_20260903_1_PA004,TOR_20260903_1,B010,Jesús Sánchez,2026-09-03,Train,0,Cleveland Guardians,2,7,2,2,0,0,0,15.0,1,Observed,1,1,1
P02448,TOR_20260903_1_PA004,TOR_20260903_1,B010,Jesús Sánchez,2026-09-03,Train,0,Cleveland Guardians,2,8,3,2,0,0,0,4.0,1,Observed,1,1,1
P02449,TOR_20260903_1_PA005,TOR_20260903_1,B016,Sean Keys,2026-09-03,Train,0,Cleveland Guardians,2,1,0,0,0,0,0,4.0,0,Observed,1,1,1
P02450,TOR_20260903_1_PA005,TOR_20260903_1,B016,Sean Keys,2026-09-03,Train,0,Cleveland Guardians,2,2,0,1,0,0,0,4.0,0,Observed,1,1,1
P02451,TOR_20260903_1_PA005,TOR_20260903_1,B016,Sean Keys,2026-09-03,Train,0,Cleveland Guardians,2,3,0,2,0,0,0,4.0,0,Observed,1,1,1
P02452,TOR_20260903_1_PA005,TOR_20260903_1,B016,Sean Keys,2026-09-03,Train,0,Cleveland Guardians,2,4,1,2,0,0,0,4.0,0,Observed,1,1,1
P02453,TOR_20260903_1_PA005,TOR_20260903_1,B016,Sean Keys,2026-09-03,Train,0,Cleveland Guardians,2,5,2,2,0,0,0,4.0,0,Observed,1,1,1
P02454,TOR_20260903_1_PA005,TOR_20260903_1,B016,Sean Keys,2026-09-03,Train,0,Cleveland Guardians,2,6,2,2,0,0,0,4.0,0,Observed,1,1,1
P02455,TOR_20260903_1_PA005,TOR_20260903_1,B016,Sean Keys,2026-09-03,Train,0,Cleveland Guardians,2,7,3,2,0,0,0,4.0,0,Observed,1,1,1
P02456,TOR_20260903_1_PA006,TOR_20260903_1,B002,Andrés Giménez,2026-09-03,Train,0,Cleveland Guardians,2,1,0,0,0,1,0,9.0,2,Observed,1,1,1
P02457,TOR_20260903_1_PA006,TOR_20260903_1,B002,Andrés Giménez,2026-09-03,Train,0,Cleveland Guardians,2,2,0,1,0,1,0,11.0,1,Observed,1,1,1
P02458,TOR_20260903_1_PA006,TOR_20260903_1,B002,Andrés Giménez,2026-09-03,Train,0,Cleveland Guardians,2,3,1,1,0,1,0,16.0,0,Observed,1,1,1
P02459,TOR_20260903_1_PA006,TOR_20260903_1,B002,Andrés Giménez,2026-09-03,Train,0,Cleveland Guardians,2,4,1,2,0,1,0,16.0,3,Observed,1,1,1
P02460,TOR_20260903_1_PA007,TOR_20260903_1,B008,Ernie Clement,2026-09-03,Train,0,Cleveland Guardians,2,1,0,0,0,1,0,20.0,0,Observed,1,1,1
P02461,TOR_20260903_1_PA007,TOR_20260903_1,B008,Ernie Clement,2026-09-03,Train,0,Cleveland Guardians,2,2,0,1,0,1,0,14.0,2,Observed,1,1,1
P02462,TOR_20260903_1_PA007,TOR_20260903_1,B008,Ernie Clement,2026-09-03,Train,0,Cleveland Guardians,2,3,0,2,0,1,0,14.0,0,Observed,1,1,1
P02463,TOR_20260903_1_PA008,TOR_20260903_1,B003,Brandon Valenzuela,2026-09-03,Train,0,Cleveland Guardians,3,1,0,0,0,0,0,11.0,1,Observed,1,1,1
P02464,TOR_20260903_1_PA008,TOR_20260903_1,B003,Brandon Valenzuela,2026-09-03,Train,0,Cleveland Guardians,3,2,1,0,0,0,0,14.0,2,Observed,1,1,1
P02465,TOR_20260903_1_PA008,TOR_20260903_1,B003,Brandon Valenzuela,2026-09-03,Train,0,Cleveland Guardians,3,3,1,1,0,0,0,15.0,1,Observed,1,1,1
P02466,TOR_20260903_1_PA008,TOR_20260903_1,B003,Brandon Valenzuela,2026-09-03,Train,0,Cleveland Guardians,3,4,2,1,0,0,0,13.0,2,Observed,1,1,1
P02467,TOR_20260903_1_PA008,TOR_20260903_1,B003,Brandon Valenzuela,2026-09-03,Train,0,Cleveland Guardians,3,5,2,2,0,0,0,17.0,0,Observed,1,1,1
P02468,TOR_20260903_1_PA008,TOR_20260903_1,B003,Brandon Valenzuela,2026-09-03,Train,0,Cleveland Guardians,3,6,3,2,0,0,0,37.0,1,Observed,1,1,1
P02469,TOR_20260903_1_PA009,TOR_20260903_1,B004,Brett Bateman,2026-09-03,Train,0,Cleveland Guardians,3,1,0,0,0,0,0,23.0,0,Observed,1,1,1
P02470,TOR_20260903_1_PA009,TOR_20260903_1,B004,Brett Bateman,2026-09-03,Train,0,Cleveland Guardians,3,2,1,0,0,0,0,13.0,0,Observed,1,1,1
P02471,TOR_20260903_1_PA010,TOR_20260903_1,B014,Nathan Lukes,2026-09-03,Train,0,Cleveland Guardians,3,1,0,0,0,0,0,7.0,2,Observed,1,1,1
P02472,TOR_20260903_1_PA010,TOR_20260903_1,B014,Nathan Lukes,2026-09-03,Train,0,Cleveland Guardians,3,2,0,1,0,0,0,16.0,4,Observed,1,1,1
P02473,TOR_20260903_1_PA010,TOR_20260903_1,B014,Nathan Lukes,2026-09-03,Train,0,Cleveland Guardians,3,3,0,2,0,0,0,15.0,3,Observed,1,1,1
P02474,TOR_20260903_1_PA010,TOR_20260903_1,B014,Nathan Lukes,2026-09-03,Train,0,Cleveland Guardians,3,4,1,2,0,0,0,21.0,3,Observed,1,1,1
P02475,TOR_20260903_1_PA011,TOR_20260903_1,B017,Vladimir Guerrero Jr.,2026-09-03,Train,0,Cleveland Guardians,4,1,0,0,0,0,0,17.0,3,Observed,1,1,1
P02476,TOR_20260903_1_PA011,TOR_20260903_1,B017,Vladimir Guerrero Jr.,2026-09-03,Train,0,Cleveland Guardians,4,2,0,1,0,0,0,23.0,0,Observed,1,1,1
P02477,TOR_20260903_1_PA011,TOR_20260903_1,B017,Vladimir Guerrero Jr.,2026-09-03,Train,0,Cleveland Guardians,4,3,0,2,0,0,0,14.0,2,Observed,1,1,1
P02478,TOR_20260903_1_PA011,TOR_20260903_1,B017,Vladimir Guerrero Jr.,2026-09-03,Train,0,Cleveland Guardians,4,4,1,2,0,0,0,20.0,0,Observed,1,1,1
P02479,TOR_20260903_1_PA011,TOR_20260903_1,B017,Vladimir Guerrero Jr.,2026-09-03,Train,0,Cleveland Guardians,4,5,2,2,0,0,0,11.0,1,Observed,1,1,1
P02480,TOR_20260903_1_PA011,TOR_20260903_1,B017,Vladimir Guerrero Jr.,2026-09-03,Train,0,Cleveland Guardians,4,6,2,2,0,0,0,17.0,0,Observed,1,1,1
P02481,TOR_20260903_1_PA011,TOR_20260903_1,B017,Vladimir Guerrero Jr.,2026-09-03,Train,0,Cleveland Guardians,4,7,2,2,0,0,0,11.0,0,Observed,1,1,1
P02482,TOR_20260903_1_PA011,TOR_20260903_1,B017,Vladimir Guerrero Jr.,2026-09-03,Train,0,Cleveland Guardians,4,8,3,2,0,0,0,19.0,0,Observed,1,1,1
P02483,TOR_20260903_1_PA012,TOR_20260903_1,B010,Jesús Sánchez,2026-09-03,Train,0,Cleveland Guardians,4,1,0,0,0,1,0,4.0,0,Observed,1,1,1
P02484,TOR_20260903_1_PA013,TOR_20260903_1,B016,Sean Keys,2026-09-03,Train,0,Cleveland Guardians,4,1,0,0,1,1,0,4.0,0,Observed,1,1,1
P02485,TOR_20260903_1_PA013,TOR_20260903_1,B016,Sean Keys,2026-09-03,Train,0,Cleveland Guardians,4,2,1,0,1,1,0,4.0,0,Observed,1,1,1
P02486,TOR_20260903_1_PA013,TOR_20260903_1,B016,Sean Keys,2026-09-03,Train,0,Cleveland Guardians,4,3,1,1,1,1,0,4.0,0,Observed,1,1,1
P02487,TOR_20260903_1_PA014,TOR_20260903_1,B011,Josh H. Smith,2026-09-03,Train,0,Cleveland Guardians,4,1,0,0,0,1,0,10.0,2,Observed,1,1,1
P02488,TOR_20260903_1_PA014,TOR_20260903_1,B011,Josh H. Smith,2026-09-03,Train,0,Cleveland Guardians,4,2,1,0,0,1,0,31.0,2,Observed,1,1,1
P02489,TOR_20260903_1_PA014,TOR_20260903_1,B011,Josh H. Smith,2026-09-03,Train,0,Cleveland Guardians,4,3,1,1,0,1,0,35.0,3,Observed,1,1,1
P02490,TOR_20260903_1_PA014,TOR_20260903_1,B011,Josh H. Smith,2026-09-03,Train,0,Cleveland Guardians,4,4,2,1,0,1,0,17.0,5,Observed,1,1,1
P02491,TOR_20260903_1_PA014,TOR_20260903_1,B011,Josh H. Smith,2026-09-03,Train,0,Cleveland Guardians,4,5,2,2,0,1,0,19.0,4,Observed,1,1,1
P02492,TOR_20260903_1_PA014,TOR_20260903_1,B011,Josh H. Smith,2026-09-03,Train,0,Cleveland Guardians,4,6,2,2,0,1,0,11.0,3,Observed,1,1,1
P02493,TOR_20260903_1_PA015,TOR_20260903_1,B002,Andrés Giménez,2026-09-03,Train,0,Cleveland Guardians,4,1,0,0,0,1,0,12.0,1,Observed,1,1,1
P02494,TOR_20260903_1_PA015,TOR_20260903_1,B002,Andrés Giménez,2026-09-03,Train,0,Cleveland Guardians,4,2,0,1,0,1,0,11.0,2,Observed,1,1,1
P02495,TOR_20260903_1_PA015,TOR_20260903_1,B002,Andrés Giménez,2026-09-03,Train,0,Cleveland Guardians,4,3,1,1,0,1,0,12.0,1,Observed,1,1,1
P02496,TOR_20260903_1_PA015,TOR_20260903_1,B002,Andrés Giménez,2026-09-03,Train,0,Cleveland Guardians,4,4,1,2,0,1,0,16.0,2,Observed,1,1,1
P02497,TOR_20260903_1_PA015,TOR_20260903_1,B002,Andrés Giménez,2026-09-03,Train,0,Cleveland Guardians,4,5,2,2,0,1,0,20.0,2,Observed,1,1,1
P02498,TOR_20260903_1_PA016,TOR_20260903_1,B008,Ernie Clement,2026-09-03,Train,0,Cleveland Guardians,5,1,0,0,0,0,0,10.0,0,Observed,1,1,1
P02499,TOR_20260903_1_PA016,TOR_20260903_1,B008,Ernie Clement,2026-09-03,Train,0,Cleveland Guardians,5,2,1,0,0,0,0,13.0,3,Observed,1,1,1
P02500,TOR_20260903_1_PA016,TOR_20260903_1,B008,Ernie Clement,2026-09-03,Train,0,Cleveland Guardians,5,3,2,0,0,0,0,12.0,0,Observed,1,1,1
P02501,TOR_20260903_1_PA016,TOR_20260903_1,B008,Ernie Clement,2026-09-03,Train,0,Cleveland Guardians,5,4,3,0,0,0,0,18.0,0,Observed,1,1,1
P02502,TOR_20260903_1_PA017,TOR_20260903_1,B003,Brandon Valenzuela,2026-09-03,Train,0,Cleveland Guardians,5,1,0,0,0,1,0,13.0,1,Observed,1,1,1
P02503,TOR_20260903_1_PA017,TOR_20260903_1,B003,Brandon Valenzuela,2026-09-03,Train,0,Cleveland Guardians,5,2,1,0,0,1,0,14.0,1,Observed,1,1,1
P02504,TOR_20260903_1_PA017,TOR_20260903_1,B003,Brandon Valenzuela,2026-09-03,Train,0,Cleveland Guardians,5,3,1,1,0,1,0,16.0,2,Observed,1,1,1
P02505,TOR_20260903_1_PA017,TOR_20260903_1,B003,Brandon Valenzuela,2026-09-03,Train,0,Cleveland Guardians,5,4,1,2,0,1,0,14.0,1,Observed,1,1,1
P02506,TOR_20260903_1_PA017,TOR_20260903_1,B003,Brandon Valenzuela,2026-09-03,Train,0,Cleveland Guardians,5,5,2,2,0,1,0,13.0,1,Observed,1,1,1
P02507,TOR_20260903_1_PA017,TOR_20260903_1,B003,Brandon Valenzuela,2026-09-03,Train,0,Cleveland Guardians,5,6,2,2,0,1,0,20.0,2,Observed,1,1,1
P02508,TOR_20260903_1_PA017,TOR_20260903_1,B003,Brandon Valenzuela,2026-09-03,Train,0,Cleveland Guardians,5,7,3,2,0,1,0,9.0,1,Observed,1,1,1
P02509,TOR_20260903_1_PA018,TOR_20260903_1,B004,Brett Bateman,2026-09-03,Train,0,Cleveland Guardians,5,1,0,0,1,2,0,14.0,2,Observed,1,1,1
P02510,TOR_20260903_1_PA019,TOR_20260903_1,B014,Nathan Lukes,2026-09-03,Train,0,Cleveland Guardians,5,1,0,0,1,3,0,22.0,4,Observed,1,1,1
P02511,TOR_20260903_1_PA019,TOR_20260903_1,B014,Nathan Lukes,2026-09-03,Train,0,Cleveland Guardians,5,2,0,1,1,3,0,22.0,2,Observed,1,1,1
P02512,TOR_20260903_1_PA020,TOR_20260903_1,B017,Vladimir Guerrero Jr.,2026-09-03,Train,0,Cleveland Guardians,5,1,0,0,1,2,0,11.0,1,Observed,1,1,1
P02513,TOR_20260903_1_PA020,TOR_20260903_1,B017,Vladimir Guerrero Jr.,2026-09-03,Train,0,Cleveland Guardians,5,2,0,1,1,2,0,16.0,1,Observed,1,1,1
P02514,TOR_20260903_1_PA020,TOR_20260903_1,B017,Vladimir Guerrero Jr.,2026-09-03,Train,0,Cleveland Guardians,5,3,1,1,1,2,0,14.0,2,Observed,1,1,1
P02515,TOR_20260903_1_PA020,TOR_20260903_1,B017,Vladimir Guerrero Jr.,2026-09-03,Train,0,Cleveland Guardians,5,4,2,1,1,2,0,8.0,1,Observed,1,1,1
P02516,TOR_20260903_1_PA021,TOR_20260903_1,B010,Jesús Sánchez,2026-09-03,Train,0,Cleveland Guardians,5,1,0,0,1,1,0,4.0,3,Observed,1,1,1
P02517,TOR_20260903_1_PA021,TOR_20260903_1,B010,Jesús Sánchez,2026-09-03,Train,0,Cleveland Guardians,5,2,1,0,1,1,0,12.0,4,Observed,1,1,1
P02518,TOR_20260903_1_PA021,TOR_20260903_1,B010,Jesús Sánchez,2026-09-03,Train,0,Cleveland Guardians,5,3,1,1,1,1,0,27.0,1,Observed,1,1,1
P02519,TOR_20260903_1_PA021,TOR_20260903_1,B010,Jesús Sánchez,2026-09-03,Train,0,Cleveland Guardians,5,4,1,2,1,1,0,16.0,1,Observed,1,1,1
P02520,TOR_20260903_1_PA021,TOR_20260903_1,B010,Jesús Sánchez,2026-09-03,Train,0,Cleveland Guardians,5,5,2,2,1,1,0,11.0,3,Observed,1,1,1
P02521,TOR_20260903_1_PA022,TOR_20260903_1,B016,Sean Keys,2026-09-03,Train,0,Cleveland Guardians,5,1,0,0,0,1,0,4.0,0,Observed,1,1,1
P02522,TOR_20260903_1_PA022,TOR_20260903_1,B016,Sean Keys,2026-09-03,Train,0,Cleveland Guardians,5,2,1,0,0,1,0,4.0,0,Observed,1,1,1
P02523,TOR_20260903_1_PA022,TOR_20260903_1,B016,Sean Keys,2026-09-03,Train,0,Cleveland Guardians,5,3,2,0,0,1,0,4.0,0,Observed,1,1,1
P02524,TOR_20260903_1_PA022,TOR_20260903_1,B016,Sean Keys,2026-09-03,Train,0,Cleveland Guardians,5,4,2,1,0,1,0,4.0,0,Observed,1,1,1
P02525,TOR_20260903_1_PA022,TOR_20260903_1,B016,Sean Keys,2026-09-03,Train,0,Cleveland Guardians,5,5,3,1,0,1,0,6.0,0,Observed,1,1,1
P02526,TOR_20260903_1_PA023,TOR_20260903_1,B011,Josh H. Smith,2026-09-03,Train,0,Cleveland Guardians,5,1,0,0,1,2,0,12.0,2,Observed,1,1,1
P02527,TOR_20260903_1_PA023,TOR_20260903_1,B011,Josh H. Smith,2026-09-03,Train,0,Cleveland Guardians,5,2,1,0,1,2,0,11.0,2,Observed,1,1,1
P02528,TOR_20260903_1_PA023,TOR_20260903_1,B011,Josh H. Smith,2026-09-03,Train,0,Cleveland Guardians,5,3,2,0,1,2,0,40.0,2,Observed,1,1,1
P02529,TOR_20260903_1_PA023,TOR_20260903_1,B011,Josh H. Smith,2026-09-03,Train,0,Cleveland Guardians,5,4,2,1,1,2,0,17.0,2,Observed,1,1,1
P02530,TOR_20260903_1_PA023,TOR_20260903_1,B011,Josh H. Smith,2026-09-03,Train,0,Cleveland Guardians,5,5,3,1,1,2,0,18.0,3,Observed,1,1,1
P02531,TOR_20260903_1_PA023,TOR_20260903_1,B011,Josh H. Smith,2026-09-03,Train,0,Cleveland Guardians,5,6,3,2,1,2,0,14.0,2,Observed,1,1,1
P02532,TOR_20260903_1_PA023,TOR_20260903_1,B011,Josh H. Smith,2026-09-03,Train,0,Cleveland Guardians,5,7,3,2,1,2,0,17.0,4,Observed,1,1,1
P02533,TOR_20260903_1_PA023,TOR_20260903_1,B011,Josh H. Smith,2026-09-03,Train,0,Cleveland Guardians,5,8,3,2,1,2,0,26.0,1,Observed,1,1,1
P02534,TOR_20260903_1_PA024,TOR_20260903_1,B002,Andrés Giménez,2026-09-03,Train,0,Cleveland Guardians,5,1,0,0,1,3,0,18.0,0,Observed,1,1,1
P02535,TOR_20260903_1_PA024,TOR_20260903_1,B002,Andrés Giménez,2026-09-03,Train,0,Cleveland Guardians,5,2,1,0,1,3,0,9.0,1,Observed,1,1,1
P02536,TOR_20260903_1_PA024,TOR_20260903_1,B002,Andrés Giménez,2026-09-03,Train,0,Cleveland Guardians,5,3,1,1,1,3,0,13.0,1,Observed,1,1,1
P02537,TOR_20260903_1_PA024,TOR_20260903_1,B002,Andrés Giménez,2026-09-03,Train,0,Cleveland Guardians,5,4,1,2,1,3,0,13.0,1,Observed,1,1,1
P02538,TOR_20260903_1_PA025,TOR_20260903_1,B008,Ernie Clement,2026-09-03,Train,0,Cleveland Guardians,5,1,0,0,1,3,0,10.0,3,Observed,1,1,1
P02539,TOR_20260903_1_PA025,TOR_20260903_1,B008,Ernie Clement,2026-09-03,Train,0,Cleveland Guardians,5,2,1,0,1,3,0,11.0,1,Observed,1,1,1
P02540,TOR_20260903_1_PA026,TOR_20260903_1,B003,Brandon Valenzuela,2026-09-03,Train,0,Cleveland Guardians,6,1,0,0,0,0,0,19.0,2,Observed,1,1,1
P02541,TOR_20260903_1_PA026,TOR_20260903_1,B003,Brandon Valenzuela,2026-09-03,Train,0,Cleveland Guardians,6,2,0,1,0,0,0,12.0,1,Observed,1,1,1
P02542,TOR_20260903_1_PA026,TOR_20260903_1,B003,Brandon Valenzuela,2026-09-03,Train,0,Cleveland Guardians,6,3,0,2,0,0,0,13.0,0,Observed,1,1,1
P02543,TOR_20260903_1_PA027,TOR_20260903_1,B004,Brett Bateman,2026-09-03,Train,0,Cleveland Guardians,6,1,0,0,0,0,0,18.0,1,Observed,1,1,1
P02544,TOR_20260903_1_PA027,TOR_20260903_1,B004,Brett Bateman,2026-09-03,Train,0,Cleveland Guardians,6,2,0,1,0,0,0,11.0,0,Observed,1,1,1
P02545,TOR_20260903_1_PA028,TOR_20260903_1,B014,Nathan Lukes,2026-09-03,Train,0,Cleveland Guardians,6,1,0,0,0,1,0,17.0,4,Observed,1,1,1
P02546,TOR_20260903_1_PA028,TOR_20260903_1,B014,Nathan Lukes,2026-09-03,Train,0,Cleveland Guardians,6,2,0,1,0,1,0,14.0,2,Observed,1,1,1
P02547,TOR_20260903_1_PA028,TOR_20260903_1,B014,Nathan Lukes,2026-09-03,Train,0,Cleveland Guardians,6,3,1,1,0,1,0,27.0,3,Observed,1,1,1
P02548,TOR_20260903_1_PA028,TOR_20260903_1,B014,Nathan Lukes,2026-09-03,Train,0,Cleveland Guardians,6,4,1,2,0,1,0,4.0,3,Observed,1,1,1
P02549,TOR_20260903_1_PA028,TOR_20260903_1,B014,Nathan Lukes,2026-09-03,Train,0,Cleveland Guardians,6,5,1,2,0,1,0,14.0,5,Observed,1,1,1
P02550,TOR_20260903_1_PA029,TOR_20260903_1,B017,Vladimir Guerrero Jr.,2026-09-03,Train,0,Cleveland Guardians,6,1,0,0,0,1,0,17.0,1,Observed,1,1,1
P02551,TOR_20260903_1_PA029,TOR_20260903_1,B017,Vladimir Guerrero Jr.,2026-09-03,Train,0,Cleveland Guardians,6,2,0,1,0,1,0,16.0,0,Observed,1,1,1
P02552,TOR_20260903_1_PA030,TOR_20260903_1,B013,Myles Straw,2026-09-03,Train,0,Cleveland Guardians,7,1,0,0,0,0,0,11.0,1,Observed,1,1,1
P02553,TOR_20260903_1_PA030,TOR_20260903_1,B013,Myles Straw,2026-09-03,Train,0,Cleveland Guardians,7,2,1,0,0,0,0,10.0,2,Observed,1,1,1
P02554,TOR_20260903_1_PA030,TOR_20260903_1,B013,Myles Straw,2026-09-03,Train,0,Cleveland Guardians,7,3,1,1,0,0,0,15.0,1,Observed,1,1,1
P02555,TOR_20260903_1_PA030,TOR_20260903_1,B013,Myles Straw,2026-09-03,Train,0,Cleveland Guardians,7,4,1,2,0,0,0,18.0,2,Observed,1,1,1
P02556,TOR_20260903_1_PA030,TOR_20260903_1,B013,Myles Straw,2026-09-03,Train,0,Cleveland Guardians,7,5,2,2,0,0,0,16.0,2,Observed,1,1,1
P02557,TOR_20260903_1_PA030,TOR_20260903_1,B013,Myles Straw,2026-09-03,Train,0,Cleveland Guardians,7,6,3,2,0,0,0,34.0,0,Observed,1,1,1
P02558,TOR_20260903_1_PA031,TOR_20260903_1,B016,Sean Keys,2026-09-03,Train,0,Cleveland Guardians,7,1,0,0,0,1,0,4.0,0,Observed,1,1,1
P02559,TOR_20260903_1_PA031,TOR_20260903_1,B016,Sean Keys,2026-09-03,Train,0,Cleveland Guardians,7,2,0,1,0,1,0,11.0,0,Observed,1,1,1
P02560,TOR_20260903_1_PA031,TOR_20260903_1,B016,Sean Keys,2026-09-03,Train,0,Cleveland Guardians,7,3,1,1,0,1,0,9.0,0,Observed,1,1,1
P02561,TOR_20260903_1_PA031,TOR_20260903_1,B016,Sean Keys,2026-09-03,Train,0,Cleveland Guardians,7,4,1,2,0,1,0,4.0,0,Observed,1,1,1
P02562,TOR_20260903_1_PA031,TOR_20260903_1,B016,Sean Keys,2026-09-03,Train,0,Cleveland Guardians,7,5,1,2,0,1,0,10.0,0,Observed,1,1,1
P02563,TOR_20260903_1_PA031,TOR_20260903_1,B016,Sean Keys,2026-09-03,Train,0,Cleveland Guardians,7,6,2,2,0,1,0,4.0,0,Observed,1,1,1
P02564,TOR_20260903_1_PA032,TOR_20260903_1,B011,Josh H. Smith,2026-09-03,Train,0,Cleveland Guardians,7,1,0,0,0,1,0,15.0,3,Observed,1,1,1
P02565,TOR_20260903_1_PA032,TOR_20260903_1,B011,Josh H. Smith,2026-09-03,Train,0,Cleveland Guardians,7,2,0,1,0,1,0,12.0,2,Observed,1,1,1
P02566,TOR_20260903_1_PA032,TOR_20260903_1,B011,Josh H. Smith,2026-09-03,Train,0,Cleveland Guardians,7,3,0,2,0,1,0,24.0,2,Observed,1,1,1
P02567,TOR_20260903_1_PA032,TOR_20260903_1,B011,Josh H. Smith,2026-09-03,Train,0,Cleveland Guardians,7,4,0,2,0,1,0,18.0,3,Observed,1,1,1
P02568,TOR_20260903_1_PA033,TOR_20260903_1,B002,Andrés Giménez,2026-09-03,Train,0,Cleveland Guardians,7,1,0,0,0,1,0,11.0,1,Observed,1,1,1
P02569,TOR_20260903_1_PA033,TOR_20260903_1,B002,Andrés Giménez,2026-09-03,Train,0,Cleveland Guardians,7,2,1,0,0,1,0,13.0,0,Observed,1,1,1
P02570,TOR_20260903_1_PA033,TOR_20260903_1,B002,Andrés Giménez,2026-09-03,Train,0,Cleveland Guardians,7,3,1,1,0,1,0,17.0,1,Observed,1,1,1
P02571,TOR_20260903_1_PA033,TOR_20260903_1,B002,Andrés Giménez,2026-09-03,Train,0,Cleveland Guardians,7,4,1,2,0,1,0,23.0,1,Observed,1,1,1
P02572,TOR_20260903_1_PA033,TOR_20260903_1,B002,Andrés Giménez,2026-09-03,Train,0,Cleveland Guardians,7,5,2,2,0,1,0,13.0,1,Observed,1,1,1
P02573,TOR_20260903_1_PA034,TOR_20260903_1,B008,Ernie Clement,2026-09-03,Train,0,Cleveland Guardians,8,1,0,0,0,0,0,13.0,1,Observed,1,1,1
P02574,TOR_20260903_1_PA034,TOR_20260903_1,B008,Ernie Clement,2026-09-03,Train,0,Cleveland Guardians,8,2,0,1,0,0,0,16.0,1,Observed,1,1,1
P02575,TOR_20260903_1_PA034,TOR_20260903_1,B008,Ernie Clement,2026-09-03,Train,0,Cleveland Guardians,8,3,1,1,0,0,0,12.0,1,Observed,1,1,1
P02576,TOR_20260903_1_PA034,TOR_20260903_1,B008,Ernie Clement,2026-09-03,Train,0,Cleveland Guardians,8,4,1,2,0,0,0,15.0,0,Observed,1,1,1
P02577,TOR_20260903_1_PA035,TOR_20260903_1,B003,Brandon Valenzuela,2026-09-03,Train,0,Cleveland Guardians,8,1,0,0,0,0,0,14.0,0,Observed,1,1,1
P02578,TOR_20260903_1_PA035,TOR_20260903_1,B003,Brandon Valenzuela,2026-09-03,Train,0,Cleveland Guardians,8,2,1,0,0,0,0,15.0,1,Observed,1,1,1
P02579,TOR_20260903_1_PA035,TOR_20260903_1,B003,Brandon Valenzuela,2026-09-03,Train,0,Cleveland Guardians,8,3,2,0,0,0,0,12.0,1,Observed,1,1,1
P02580,TOR_20260903_1_PA035,TOR_20260903_1,B003,Brandon Valenzuela,2026-09-03,Train,0,Cleveland Guardians,8,4,2,1,0,0,0,13.0,2,Observed,1,1,1
P02581,TOR_20260903_1_PA035,TOR_20260903_1,B003,Brandon Valenzuela,2026-09-03,Train,0,Cleveland Guardians,8,5,3,1,0,0,0,13.0,1,Observed,1,1,1
P02582,TOR_20260903_1_PA036,TOR_20260903_1,B004,Brett Bateman,2026-09-03,Train,0,Cleveland Guardians,8,1,0,0,0,1,0,13.0,0,Observed,1,1,1
P02583,TOR_20260903_1_PA036,TOR_20260903_1,B004,Brett Bateman,2026-09-03,Train,0,Cleveland Guardians,8,2,0,1,0,1,0,12.0,1,Observed,1,1,1
P02584,TOR_20260903_1_PA036,TOR_20260903_1,B004,Brett Bateman,2026-09-03,Train,0,Cleveland Guardians,8,3,0,2,0,1,0,10.0,0,Observed,1,1,1
P02585,TOR_20260903_1_PA036,TOR_20260903_1,B004,Brett Bateman,2026-09-03,Train,0,Cleveland Guardians,8,4,1,2,0,1,0,19.0,0,Observed,1,1,1
P02586,TOR_20260903_1_PA036,TOR_20260903_1,B004,Brett Bateman,2026-09-03,Train,0,Cleveland Guardians,8,5,1,2,0,1,0,6.0,0,Observed,1,1,1
P02587,TOR_20260903_1_PA036,TOR_20260903_1,B004,Brett Bateman,2026-09-03,Train,0,Cleveland Guardians,8,6,2,2,0,1,0,18.0,0,Observed,1,1,1
P02588,TOR_20260903_1_PA036,TOR_20260903_1,B004,Brett Bateman,2026-09-03,Train,0,Cleveland Guardians,8,7,2,2,0,1,0,12.0,0,Observed,1,1,1
P02589,TOR_20260903_1_PA037,TOR_20260903_1,B014,Nathan Lukes,2026-09-03,Train,0,Cleveland Guardians,8,1,0,0,0,1,0,16.0,3,Observed,1,1,1
P02590,TOR_20260903_1_PA037,TOR_20260903_1,B014,Nathan Lukes,2026-09-03,Train,0,Cleveland Guardians,8,2,0,1,0,1,0,13.0,4,Observed,1,1,1
P02591,TOR_20260903_1_PA037,TOR_20260903_1,B014,Nathan Lukes,2026-09-03,Train,0,Cleveland Guardians,8,3,1,1,0,1,0,19.0,4,Observed,1,1,1
P02592,TOR_20260903_1_PA037,TOR_20260903_1,B014,Nathan Lukes,2026-09-03,Train,0,Cleveland Guardians,8,4,1,2,0,1,0,16.0,3,Observed,1,1,1
P02593,TOR_20260903_1_PA038,TOR_20260903_1,B017,Vladimir Guerrero Jr.,2026-09-03,Train,0,Cleveland Guardians,8,1,0,0,1,2,0,10.0,1,Observed,1,1,1
P02594,TOR_20260903_1_PA038,TOR_20260903_1,B017,Vladimir Guerrero Jr.,2026-09-03,Train,0,Cleveland Guardians,8,2,0,1,1,2,0,15.0,2,Observed,1,1,1
P02595,TOR_20260903_1_PA038,TOR_20260903_1,B017,Vladimir Guerrero Jr.,2026-09-03,Train,0,Cleveland Guardians,8,3,0,2,1,2,0,15.0,3,Observed,1,1,1
P02596,TOR_20260903_1_PA038,TOR_20260903_1,B017,Vladimir Guerrero Jr.,2026-09-03,Train,0,Cleveland Guardians,8,4,0,2,1,2,0,21.0,1,Observed,1,1,1
P02597,TOR_20260903_1_PA039,TOR_20260903_1,B013,Myles Straw,2026-09-03,Train,0,Cleveland Guardians,9,1,0,0,0,0,0,14.0,1,Observed,1,1,1
P02598,TOR_20260903_1_PA039,TOR_20260903_1,B013,Myles Straw,2026-09-03,Train,0,Cleveland Guardians,9,2,1,0,0,0,0,14.0,1,Observed,1,1,1
P02599,TOR_20260903_1_PA039,TOR_20260903_1,B013,Myles Straw,2026-09-03,Train,0,Cleveland Guardians,9,3,2,0,0,0,0,14.0,1,Observed,1,1,1
P02600,TOR_20260903_1_PA039,TOR_20260903_1,B013,Myles Straw,2026-09-03,Train,0,Cleveland Guardians,9,4,2,1,0,0,0,18.0,1,Observed,1,1,1
P02601,TOR_20260903_1_PA040,TOR_20260903_1,B016,Sean Keys,2026-09-03,Train,0,Cleveland Guardians,9,1,0,0,0,0,0,4.0,0,Observed,1,1,1
P02602,TOR_20260903_1_PA040,TOR_20260903_1,B016,Sean Keys,2026-09-03,Train,0,Cleveland Guardians,9,2,0,1,0,0,0,5.0,0,Observed,1,1,1
P02603,TOR_20260903_1_PA040,TOR_20260903_1,B016,Sean Keys,2026-09-03,Train,0,Cleveland Guardians,9,3,0,2,0,0,0,5.0,0,Observed,1,1,1
P02604,TOR_20260903_1_PA040,TOR_20260903_1,B016,Sean Keys,2026-09-03,Train,0,Cleveland Guardians,9,4,1,2,0,0,0,4.0,0,Observed,1,1,1
P02605,TOR_20260903_1_PA040,TOR_20260903_1,B016,Sean Keys,2026-09-03,Train,0,Cleveland Guardians,9,5,1,2,0,0,0,9.0,0,Observed,1,1,1
P02606,TOR_20260903_1_PA040,TOR_20260903_1,B016,Sean Keys,2026-09-03,Train,0,Cleveland Guardians,9,6,2,2,0,0,0,8.0,0,Observed,1,1,1
P02607,TOR_20260903_1_PA041,TOR_20260903_1,B011,Josh H. Smith,2026-09-03,Train,0,Cleveland Guardians,9,1,0,0,0,0,0,17.0,1,Observed,1,1,1
P02608,TOR_20260903_1_PA041,TOR_20260903_1,B011,Josh H. Smith,2026-09-03,Train,0,Cleveland Guardians,9,2,1,0,0,0,0,24.0,3,Observed,1,1,1
P02609,TOR_20260903_1_PA041,TOR_20260903_1,B011,Josh H. Smith,2026-09-03,Train,0,Cleveland Guardians,9,3,2,0,0,0,0,21.0,4,Observed,1,1,1
P02610,TOR_20260903_1_PA041,TOR_20260903_1,B011,Josh H. Smith,2026-09-03,Train,0,Cleveland Guardians,9,4,3,0,0,0,0,16.0,4,Observed,1,1,1
P02611,TOR_20260903_1_PA042,TOR_20260903_1,B002,Andrés Giménez,2026-09-03,Train,0,Cleveland Guardians,9,1,0,0,0,1,0,10.0,2,Observed,1,1,1
P02612,TOR_20260903_1_PA042,TOR_20260903_1,B002,Andrés Giménez,2026-09-03,Train,0,Cleveland Guardians,9,2,0,1,0,1,0,21.0,4,Observed,1,1,1
P02613,TOR_20260903_1_PA043,TOR_20260903_1,B008,Ernie Clement,2026-09-03,Train,0,Cleveland Guardians,9,1,0,0,1,2,0,11.0,2,Observed,1,1,1
P02614,TOR_20260903_1_PA043,TOR_20260903_1,B008,Ernie Clement,2026-09-03,Train,0,Cleveland Guardians,9,2,1,0,1,2,0,10.0,3,Observed,1,1,1
P02615,TOR_20260903_1_PA043,TOR_20260903_1,B008,Ernie Clement,2026-09-03,Train,0,Cleveland Guardians,9,3,1,1,1,2,0,22.0,1,Observed,1,1,1
P02616,TOR_20260903_1_PA043,TOR_20260903_1,B008,Ernie Clement,2026-09-03,Train,0,Cleveland Guardians,9,4,2,1,1,2,0,14.0,2,Observed,1,1,1
P02617,TOR_20260903_1_PA043,TOR_20260903_1,B008,Ernie Clement,2026-09-03,Train,0,Cleveland Guardians,9,5,3,1,1,2,0,25.0,2,Observed,1,1,1
P02618,TOR_20260903_1_PA044,TOR_20260903_1,B003,Brandon Valenzuela,2026-09-03,Train,0,Cleveland Guardians,9,1,0,0,1,2,0,10.0,0,Observed,1,1,1
P02619,TOR_20260903_1_PA044,TOR_20260903_1,B003,Brandon Valenzuela,2026-09-03,Train,0,Cleveland Guardians,9,2,0,1,1,2,0,15.0,1,Observed,1,1,1
P02620,TOR_20260903_1_PA044,TOR_20260903_1,B003,Brandon Valenzuela,2026-09-03,Train,0,Cleveland Guardians,9,3,0,2,1,2,0,16.0,2,Observed,1,1,1
P02621,TOR_20260903_1_PA044,TOR_20260903_1,B003,Brandon Valenzuela,2026-09-03,Train,0,Cleveland Guardians,9,4,0,2,1,2,0,19.0,1,Observed,1,1,1
P02622,TOR_20260903_1_PA044,TOR_20260903_1,B003,Brandon Valenzuela,2026-09-03,Train,0,Cleveland Guardians,9,5,0,2,1,2,0,13.0,2,Observed,1,1,1
P02623,TOR_20260904_1_PA001,TOR_20260904_1,B004,Brett Bateman,2026-09-04,Train,0,Kansas City Royals,1,1,0,0,0,0,0,12.0,1,Observed,1,1,1
P02624,TOR_20260904_1_PA002,TOR_20260904_1,B009,George Springer,2026-09-04,Train,0,Kansas City Royals,1,1,0,0,0,1,0,14.0,3,Observed,1,1,1
P02625,TOR_20260904_1_PA002,TOR_20260904_1,B009,George Springer,2026-09-04,Train,0,Kansas City Royals,1,2,1,0,0,1,0,13.0,0,Observed,1,1,1
P02626,TOR_20260904_1_PA002,TOR_20260904_1,B009,George Springer,2026-09-04,Train,0,Kansas City Royals,1,3,2,0,0,1,0,20.0,0,Observed,1,1,1
P02627,TOR_20260904_1_PA002,TOR_20260904_1,B009,George Springer,2026-09-04,Train,0,Kansas City Royals,1,4,2,1,0,1,0,15.0,0,Observed,1,1,1
P02628,TOR_20260904_1_PA003,TOR_20260904_1,B017,Vladimir Guerrero Jr.,2026-09-04,Train,0,Kansas City Royals,1,1,0,0,0,1,0,17.0,1,Observed,1,1,1
P02629,TOR_20260904_1_PA003,TOR_20260904_1,B017,Vladimir Guerrero Jr.,2026-09-04,Train,0,Kansas City Royals,1,2,1,0,0,1,0,15.0,3,Observed,1,1,1
P02630,TOR_20260904_1_PA003,TOR_20260904_1,B017,Vladimir Guerrero Jr.,2026-09-04,Train,0,Kansas City Royals,1,3,1,1,0,1,0,15.0,1,Observed,1,1,1
P02631,TOR_20260904_1_PA004,TOR_20260904_1,B001,Alejandro Kirk,2026-09-04,Train,0,Kansas City Royals,1,1,0,0,0,1,0,15.0,4,Observed,1,1,1
P02632,TOR_20260904_1_PA004,TOR_20260904_1,B001,Alejandro Kirk,2026-09-04,Train,0,Kansas City Royals,1,2,1,0,0,1,0,8.0,5,Observed,1,1,1
P02633,TOR_20260904_1_PA005,TOR_20260904_1,B012,Kazuma Okamoto,2026-09-04,Train,0,Kansas City Royals,1,1,0,0,1,2,0,16.0,0,Observed,1,1,1
P02634,TOR_20260904_1_PA005,TOR_20260904_1,B012,Kazuma Okamoto,2026-09-04,Train,0,Kansas City Royals,1,2,0,1,1,2,0,11.0,0,Observed,1,1,1
P02635,TOR_20260904_1_PA005,TOR_20260904_1,B012,Kazuma Okamoto,2026-09-04,Train,0,Kansas City Royals,1,3,0,2,1,2,0,10.0,1,Observed,1,1,1
P02636,TOR_20260904_1_PA005,TOR_20260904_1,B012,Kazuma Okamoto,2026-09-04,Train,0,Kansas City Royals,1,4,0,2,1,2,0,12.0,0,Observed,1,1,1
P02637,TOR_20260904_1_PA006,TOR_20260904_1,B005,Charles McAdoo,2026-09-04,Train,0,Kansas City Royals,1,1,0,0,1,2,0,8.0,2,Observed,1,1,1
P02638,TOR_20260904_1_PA006,TOR_20260904_1,B005,Charles McAdoo,2026-09-04,Train,0,Kansas City Royals,1,2,1,0,1,2,0,16.0,1,Observed,1,1,1
P02639,TOR_20260904_1_PA006,TOR_20260904_1,B005,Charles McAdoo,2026-09-04,Train,0,Kansas City Royals,1,3,2,0,1,2,0,15.0,4,Observed,1,1,1
P02640,TOR_20260904_1_PA006,TOR_20260904_1,B005,Charles McAdoo,2026-09-04,Train,0,Kansas City Royals,1,4,2,1,1,2,0,18.0,2,Observed,1,1,1
P02641,TOR_20260904_1_PA006,TOR_20260904_1,B005,Charles McAdoo,2026-09-04,Train,0,Kansas City Royals,1,5,2,2,1,2,0,13.0,4,Observed,1,1,1
P02642,TOR_20260904_1_PA007,TOR_20260904_1,B008,Ernie Clement,2026-09-04,Train,0,Kansas City Royals,1,1,0,0,1,2,0,16.0,1,Observed,1,1,1
P02643,TOR_20260904_1_PA008,TOR_20260904_1,B014,Nathan Lukes,2026-09-04,Train,0,Kansas City Royals,1,1,0,0,1,1,0,16.0,2,Observed,1,1,1
P02644,TOR_20260904_1_PA008,TOR_20260904_1,B014,Nathan Lukes,2026-09-04,Train,0,Kansas City Royals,1,2,1,0,1,1,0,16.0,2,Observed,1,1,1
P02645,TOR_20260904_1_PA008,TOR_20260904_1,B014,Nathan Lukes,2026-09-04,Train,0,Kansas City Royals,1,3,1,1,1,1,0,12.0,3,Observed,1,1,1
P02646,TOR_20260904_1_PA009,TOR_20260904_1,B013,Myles Straw,2026-09-04,Train,0,Kansas City Royals,2,1,0,0,0,0,0,9.0,0,Observed,1,1,1
P02647,TOR_20260904_1_PA009,TOR_20260904_1,B013,Myles Straw,2026-09-04,Train,0,Kansas City Royals,2,2,1,0,0,0,0,13.0,2,Observed,1,1,1
P02648,TOR_20260904_1_PA009,TOR_20260904_1,B013,Myles Straw,2026-09-04,Train,0,Kansas City Royals,2,3,1,1,0,0,0,20.0,2,Observed,1,1,1
P02649,TOR_20260904_1_PA009,TOR_20260904_1,B013,Myles Straw,2026-09-04,Train,0,Kansas City Royals,2,4,2,1,0,0,0,11.0,3,Observed,1,1,1
P02650,TOR_20260904_1_PA009,TOR_20260904_1,B013,Myles Straw,2026-09-04,Train,0,Kansas City Royals,2,5,2,2,0,0,0,14.0,1,Observed,1,1,1
P02651,TOR_20260904_1_PA009,TOR_20260904_1,B013,Myles Straw,2026-09-04,Train,0,Kansas City Royals,2,6,3,2,0,0,0,10.0,1,Observed,1,1,1
P02652,TOR_20260904_1_PA010,TOR_20260904_1,B004,Brett Bateman,2026-09-04,Train,0,Kansas City Royals,2,1,0,0,0,1,0,9.0,0,Observed,1,1,1
P02653,TOR_20260904_1_PA010,TOR_20260904_1,B004,Brett Bateman,2026-09-04,Train,0,Kansas City Royals,2,2,1,0,0,1,0,11.0,0,Observed,1,1,1
P02654,TOR_20260904_1_PA010,TOR_20260904_1,B004,Brett Bateman,2026-09-04,Train,0,Kansas City Royals,2,3,1,1,0,1,0,14.0,0,Observed,1,1,1
P02655,TOR_20260904_1_PA010,TOR_20260904_1,B004,Brett Bateman,2026-09-04,Train,0,Kansas City Royals,2,4,1,2,0,1,0,11.0,0,Observed,1,1,1
P02656,TOR_20260904_1_PA011,TOR_20260904_1,B009,George Springer,2026-09-04,Train,0,Kansas City Royals,2,1,0,0,1,1,0,11.0,1,Observed,1,1,1
P02657,TOR_20260904_1_PA011,TOR_20260904_1,B009,George Springer,2026-09-04,Train,0,Kansas City Royals,2,2,0,1,1,1,0,11.0,1,Observed,1,1,1
P02658,TOR_20260904_1_PA012,TOR_20260904_1,B017,Vladimir Guerrero Jr.,2026-09-04,Train,0,Kansas City Royals,2,1,0,0,1,1,0,11.0,1,Observed,1,1,1
P02659,TOR_20260904_1_PA013,TOR_20260904_1,B001,Alejandro Kirk,2026-09-04,Train,0,Kansas City Royals,2,1,0,0,1,2,0,9.0,1,Observed,1,1,1
P02660,TOR_20260904_1_PA013,TOR_20260904_1,B001,Alejandro Kirk,2026-09-04,Train,0,Kansas City Royals,2,2,0,1,1,2,0,14.0,3,Observed,1,1,1
P02661,TOR_20260904_1_PA013,TOR_20260904_1,B001,Alejandro Kirk,2026-09-04,Train,0,Kansas City Royals,2,3,0,2,1,2,0,13.0,3,Observed,1,1,1
P02662,TOR_20260904_1_PA014,TOR_20260904_1,B012,Kazuma Okamoto,2026-09-04,Train,0,Kansas City Royals,2,1,0,0,1,2,0,28.0,2,Observed,1,1,1
P02663,TOR_20260904_1_PA014,TOR_20260904_1,B012,Kazuma Okamoto,2026-09-04,Train,0,Kansas City Royals,2,2,1,0,1,2,0,10.0,1,Observed,1,1,1
P02664,TOR_20260904_1_PA014,TOR_20260904_1,B012,Kazuma Okamoto,2026-09-04,Train,0,Kansas City Royals,2,3,2,0,1,2,0,14.0,3,Observed,1,1,1
P02665,TOR_20260904_1_PA014,TOR_20260904_1,B012,Kazuma Okamoto,2026-09-04,Train,0,Kansas City Royals,2,4,2,1,1,2,0,15.0,0,Observed,1,1,1
P02666,TOR_20260904_1_PA014,TOR_20260904_1,B012,Kazuma Okamoto,2026-09-04,Train,0,Kansas City Royals,2,5,2,2,1,2,0,11.0,0,Observed,1,1,1
P02667,TOR_20260904_1_PA015,TOR_20260904_1,B005,Charles McAdoo,2026-09-04,Train,0,Kansas City Royals,3,1,0,0,0,0,0,12.0,2,Observed,1,1,1
P02668,TOR_20260904_1_PA015,TOR_20260904_1,B005,Charles McAdoo,2026-09-04,Train,0,Kansas City Royals,3,2,1,0,0,0,0,15.0,1,Observed,1,1,1
P02669,TOR_20260904_1_PA015,TOR_20260904_1,B005,Charles McAdoo,2026-09-04,Train,0,Kansas City Royals,3,3,2,0,0,0,0,14.0,1,Observed,1,1,1
P02670,TOR_20260904_1_PA015,TOR_20260904_1,B005,Charles McAdoo,2026-09-04,Train,0,Kansas City Royals,3,4,3,0,0,0,0,11.0,0,Observed,1,1,1
P02671,TOR_20260904_1_PA015,TOR_20260904_1,B005,Charles McAdoo,2026-09-04,Train,0,Kansas City Royals,3,5,3,1,0,0,0,24.0,3,Observed,1,1,1
P02672,TOR_20260904_1_PA016,TOR_20260904_1,B008,Ernie Clement,2026-09-04,Train,0,Kansas City Royals,3,1,0,0,0,1,0,18.0,2,Observed,1,1,1
P02673,TOR_20260904_1_PA016,TOR_20260904_1,B008,Ernie Clement,2026-09-04,Train,0,Kansas City Royals,3,2,0,1,0,1,0,10.0,2,Observed,1,1,1
P02674,TOR_20260904_1_PA017,TOR_20260904_1,B014,Nathan Lukes,2026-09-04,Train,0,Kansas City Royals,3,1,0,0,0,1,0,17.0,4,Observed,1,1,1
P02675,TOR_20260904_1_PA017,TOR_20260904_1,B014,Nathan Lukes,2026-09-04,Train,0,Kansas City Royals,3,2,0,1,0,1,0,14.0,3,Observed,1,1,1
P02676,TOR_20260904_1_PA018,TOR_20260904_1,B013,Myles Straw,2026-09-04,Train,0,Kansas City Royals,3,1,0,0,0,1,0,14.0,0,Observed,1,1,1
P02677,TOR_20260904_1_PA019,TOR_20260904_1,B004,Brett Bateman,2026-09-04,Train,0,Kansas City Royals,4,1,0,0,0,0,0,8.0,1,Observed,1,1,1
P02678,TOR_20260904_1_PA019,TOR_20260904_1,B004,Brett Bateman,2026-09-04,Train,0,Kansas City Royals,4,2,0,1,0,0,0,13.0,0,Observed,1,1,1
P02679,TOR_20260904_1_PA019,TOR_20260904_1,B004,Brett Bateman,2026-09-04,Train,0,Kansas City Royals,4,3,1,1,0,0,0,10.0,0,Observed,1,1,1
P02680,TOR_20260904_1_PA020,TOR_20260904_1,B009,George Springer,2026-09-04,Train,0,Kansas City Royals,4,1,0,0,0,0,0,18.0,0,Observed,1,1,1
P02681,TOR_20260904_1_PA020,TOR_20260904_1,B009,George Springer,2026-09-04,Train,0,Kansas City Royals,4,2,1,0,0,0,0,10.0,0,Observed,1,1,1
P02682,TOR_20260904_1_PA021,TOR_20260904_1,B017,Vladimir Guerrero Jr.,2026-09-04,Train,0,Kansas City Royals,4,1,0,0,0,0,0,10.0,1,Observed,1,1,1
P02683,TOR_20260904_1_PA021,TOR_20260904_1,B017,Vladimir Guerrero Jr.,2026-09-04,Train,0,Kansas City Royals,4,2,0,1,0,0,0,14.0,2,Observed,1,1,1
P02684,TOR_20260904_1_PA021,TOR_20260904_1,B017,Vladimir Guerrero Jr.,2026-09-04,Train,0,Kansas City Royals,4,3,0,2,0,0,0,11.0,1,Observed,1,1,1
P02685,TOR_20260904_1_PA021,TOR_20260904_1,B017,Vladimir Guerrero Jr.,2026-09-04,Train,0,Kansas City Royals,4,4,1,2,0,0,0,16.0,2,Observed,1,1,1
P02686,TOR_20260904_1_PA021,TOR_20260904_1,B017,Vladimir Guerrero Jr.,2026-09-04,Train,0,Kansas City Royals,4,5,1,2,0,0,0,9.0,0,Observed,1,1,1
P02687,TOR_20260904_1_PA022,TOR_20260904_1,B001,Alejandro Kirk,2026-09-04,Train,0,Kansas City Royals,5,1,0,0,0,0,0,15.0,2,Observed,1,1,1
P02688,TOR_20260904_1_PA022,TOR_20260904_1,B001,Alejandro Kirk,2026-09-04,Train,0,Kansas City Royals,5,2,1,0,0,0,0,12.0,1,Observed,1,1,1
P02689,TOR_20260904_1_PA022,TOR_20260904_1,B001,Alejandro Kirk,2026-09-04,Train,0,Kansas City Royals,5,3,2,0,0,0,0,16.0,3,Observed,1,1,1
P02690,TOR_20260904_1_PA022,TOR_20260904_1,B001,Alejandro Kirk,2026-09-04,Train,0,Kansas City Royals,5,4,2,1,0,0,0,17.0,4,Observed,1,1,1
P02691,TOR_20260904_1_PA023,TOR_20260904_1,B012,Kazuma Okamoto,2026-09-04,Train,0,Kansas City Royals,5,1,0,0,0,0,0,13.0,0,Observed,1,1,1
P02692,TOR_20260904_1_PA024,TOR_20260904_1,B005,Charles McAdoo,2026-09-04,Train,0,Kansas City Royals,5,1,0,0,0,0,0,15.0,3,Observed,1,1,1
P02693,TOR_20260904_1_PA024,TOR_20260904_1,B005,Charles McAdoo,2026-09-04,Train,0,Kansas City Royals,5,2,1,0,0,0,0,10.0,0,Observed,1,1,1
P02694,TOR_20260904_1_PA024,TOR_20260904_1,B005,Charles McAdoo,2026-09-04,Train,0,Kansas City Royals,5,3,1,1,0,0,0,16.0,0,Observed,1,1,1
P02695,TOR_20260904_1_PA024,TOR_20260904_1,B005,Charles McAdoo,2026-09-04,Train,0,Kansas City Royals,5,4,1,2,0,0,0,16.0,1,Observed,1,1,1
P02696,TOR_20260904_1_PA025,TOR_20260904_1,B008,Ernie Clement,2026-09-04,Train,0,Kansas City Royals,6,1,0,0,0,0,0,9.0,1,Observed,1,1,1
P02697,TOR_20260904_1_PA025,TOR_20260904_1,B008,Ernie Clement,2026-09-04,Train,0,Kansas City Royals,6,2,0,1,0,0,0,13.0,4,Observed,1,1,1
P02698,TOR_20260904_1_PA026,TOR_20260904_1,B014,Nathan Lukes,2026-09-04,Train,0,Kansas City Royals,6,1,0,0,0,1,0,25.0,3,Observed,1,1,1
P02699,TOR_20260904_1_PA026,TOR_20260904_1,B014,Nathan Lukes,2026-09-04,Train,0,Kansas City Royals,6,2,0,1,0,1,0,10.0,2,Observed,1,1,1
P02700,TOR_20260904_1_PA026,TOR_20260904_1,B014,Nathan Lukes,2026-09-04,Train,0,Kansas City Royals,6,3,0,2,0,1,0,15.0,3,Observed,1,1,1
P02701,TOR_20260904_1_PA026,TOR_20260904_1,B014,Nathan Lukes,2026-09-04,Train,0,Kansas City Royals,6,4,1,2,0,1,0,4.0,2,Observed,1,1,1
P02702,TOR_20260904_1_PA026,TOR_20260904_1,B014,Nathan Lukes,2026-09-04,Train,0,Kansas City Royals,6,5,1,2,0,1,0,21.0,4,Observed,1,1,1
P02703,TOR_20260904_1_PA026,TOR_20260904_1,B014,Nathan Lukes,2026-09-04,Train,0,Kansas City Royals,6,6,1,2,0,1,0,12.0,2,Observed,1,1,1
P02704,TOR_20260904_1_PA026,TOR_20260904_1,B014,Nathan Lukes,2026-09-04,Train,0,Kansas City Royals,6,7,1,2,0,1,0,15.0,3,Observed,1,1,1
P02705,TOR_20260904_1_PA026,TOR_20260904_1,B014,Nathan Lukes,2026-09-04,Train,0,Kansas City Royals,6,8,2,2,0,1,0,26.0,3,Observed,1,1,1
P02706,TOR_20260904_1_PA027,TOR_20260904_1,B013,Myles Straw,2026-09-04,Train,0,Kansas City Royals,6,1,0,0,1,2,0,14.0,0,Observed,1,1,1
P02707,TOR_20260904_1_PA028,TOR_20260904_1,B004,Brett Bateman,2026-09-04,Train,0,Kansas City Royals,6,1,0,0,1,1,0,14.0,2,Observed,1,1,1
P02708,TOR_20260904_1_PA028,TOR_20260904_1,B004,Brett Bateman,2026-09-04,Train,0,Kansas City Royals,6,2,1,0,1,1,0,9.0,0,Observed,1,1,1
P02709,TOR_20260904_1_PA028,TOR_20260904_1,B004,Brett Bateman,2026-09-04,Train,0,Kansas City Royals,6,3,1,1,1,1,0,13.0,0,Observed,1,1,1
P02710,TOR_20260904_1_PA028,TOR_20260904_1,B004,Brett Bateman,2026-09-04,Train,0,Kansas City Royals,6,4,2,1,1,1,0,12.0,0,Observed,1,1,1
P02711,TOR_20260904_1_PA028,TOR_20260904_1,B004,Brett Bateman,2026-09-04,Train,0,Kansas City Royals,6,5,3,1,1,1,0,23.0,0,Observed,1,1,1
P02712,TOR_20260904_1_PA029,TOR_20260904_1,B009,George Springer,2026-09-04,Train,0,Kansas City Royals,6,1,0,0,1,2,0,10.0,1,Observed,1,1,1
P02713,TOR_20260904_1_PA029,TOR_20260904_1,B009,George Springer,2026-09-04,Train,0,Kansas City Royals,6,2,1,0,1,2,0,13.0,0,Observed,1,1,1
P02714,TOR_20260904_1_PA029,TOR_20260904_1,B009,George Springer,2026-09-04,Train,0,Kansas City Royals,6,3,2,0,1,2,0,24.0,1,Observed,1,1,1
P02715,TOR_20260904_1_PA030,TOR_20260904_1,B017,Vladimir Guerrero Jr.,2026-09-04,Train,0,Kansas City Royals,6,1,0,0,1,2,0,29.0,1,Observed,1,1,1
P02716,TOR_20260904_1_PA030,TOR_20260904_1,B017,Vladimir Guerrero Jr.,2026-09-04,Train,0,Kansas City Royals,6,2,1,0,1,2,0,15.0,3,Observed,1,1,1
P02717,TOR_20260904_1_PA031,TOR_20260904_1,B001,Alejandro Kirk,2026-09-04,Train,0,Kansas City Royals,6,1,0,0,1,2,0,14.0,2,Observed,1,1,1
P02718,TOR_20260904_1_PA031,TOR_20260904_1,B001,Alejandro Kirk,2026-09-04,Train,0,Kansas City Royals,6,2,0,1,1,2,0,26.0,4,Observed,1,1,1
P02719,TOR_20260904_1_PA032,TOR_20260904_1,B012,Kazuma Okamoto,2026-09-04,Train,0,Kansas City Royals,7,1,0,0,0,0,0,9.0,0,Observed,1,1,1
P02720,TOR_20260904_1_PA032,TOR_20260904_1,B012,Kazuma Okamoto,2026-09-04,Train,0,Kansas City Royals,7,2,0,1,0,0,0,18.0,1,Observed,1,1,1
P02721,TOR_20260904_1_PA032,TOR_20260904_1,B012,Kazuma Okamoto,2026-09-04,Train,0,Kansas City Royals,7,3,0,2,0,0,0,14.0,1,Observed,1,1,1
P02722,TOR_20260904_1_PA033,TOR_20260904_1,B011,Josh H. Smith,2026-09-04,Train,0,Kansas City Royals,7,1,0,0,0,0,0,20.0,1,Observed,1,1,1
P02723,TOR_20260904_1_PA033,TOR_20260904_1,B011,Josh H. Smith,2026-09-04,Train,0,Kansas City Royals,7,2,0,1,0,0,0,16.0,2,Observed,1,1,1
P02724,TOR_20260904_1_PA033,TOR_20260904_1,B011,Josh H. Smith,2026-09-04,Train,0,Kansas City Royals,7,3,0,2,0,0,0,34.0,2,Observed,1,1,1
P02725,TOR_20260904_1_PA033,TOR_20260904_1,B011,Josh H. Smith,2026-09-04,Train,0,Kansas City Royals,7,4,1,2,0,0,0,17.0,1,Observed,1,1,1
P02726,TOR_20260904_1_PA034,TOR_20260904_1,B005,Charles McAdoo,2026-09-04,Train,0,Kansas City Royals,7,1,0,0,0,0,0,15.0,1,Observed,1,1,1
P02727,TOR_20260904_1_PA035,TOR_20260904_1,B014,Nathan Lukes,2026-09-04,Train,0,Kansas City Royals,8,1,0,0,0,0,0,8.0,2,Observed,1,1,1
P02728,TOR_20260904_1_PA035,TOR_20260904_1,B014,Nathan Lukes,2026-09-04,Train,0,Kansas City Royals,8,2,1,0,0,0,0,15.0,3,Observed,1,1,1
P02729,TOR_20260904_1_PA036,TOR_20260904_1,B013,Myles Straw,2026-09-04,Train,0,Kansas City Royals,8,1,0,0,0,0,0,10.0,2,Observed,1,1,1
P02730,TOR_20260904_1_PA036,TOR_20260904_1,B013,Myles Straw,2026-09-04,Train,0,Kansas City Royals,8,2,1,0,0,0,0,10.0,2,Observed,1,1,1
P02731,TOR_20260904_1_PA036,TOR_20260904_1,B013,Myles Straw,2026-09-04,Train,0,Kansas City Royals,8,3,1,1,0,0,0,15.0,1,Observed,1,1,1
P02732,TOR_20260904_1_PA036,TOR_20260904_1,B013,Myles Straw,2026-09-04,Train,0,Kansas City Royals,8,4,2,1,0,0,0,27.0,2,Observed,1,1,1
P02733,TOR_20260904_1_PA036,TOR_20260904_1,B013,Myles Straw,2026-09-04,Train,0,Kansas City Royals,8,5,3,1,0,0,0,12.0,1,Observed,1,1,1
P02734,TOR_20260904_1_PA037,TOR_20260904_1,B004,Brett Bateman,2026-09-04,Train,0,Kansas City Royals,8,1,0,0,0,1,0,22.0,1,Observed,1,1,1
P02735,TOR_20260904_1_PA037,TOR_20260904_1,B004,Brett Bateman,2026-09-04,Train,0,Kansas City Royals,8,2,1,0,0,1,0,9.0,0,Observed,1,1,1
P02736,TOR_20260904_1_PA037,TOR_20260904_1,B004,Brett Bateman,2026-09-04,Train,0,Kansas City Royals,8,3,1,1,0,1,0,12.0,0,Observed,1,1,1
P02737,TOR_20260904_1_PA037,TOR_20260904_1,B004,Brett Bateman,2026-09-04,Train,0,Kansas City Royals,8,4,1,2,0,1,0,11.0,1,Observed,1,1,1
P02738,TOR_20260904_1_PA037,TOR_20260904_1,B004,Brett Bateman,2026-09-04,Train,0,Kansas City Royals,8,5,1,2,0,1,0,32.0,0,Observed,1,1,1
P02739,TOR_20260904_1_PA037,TOR_20260904_1,B004,Brett Bateman,2026-09-04,Train,0,Kansas City Royals,8,6,2,2,0,1,0,12.0,1,Observed,1,1,1
P02740,TOR_20260904_1_PA037,TOR_20260904_1,B004,Brett Bateman,2026-09-04,Train,0,Kansas City Royals,8,7,2,2,0,1,0,12.0,0,Observed,1,1,1
P02741,TOR_20260904_1_PA038,TOR_20260904_1,B009,George Springer,2026-09-04,Train,0,Kansas City Royals,8,1,0,0,1,1,0,13.0,1,Observed,1,1,1
P02742,TOR_20260904_1_PA038,TOR_20260904_1,B009,George Springer,2026-09-04,Train,0,Kansas City Royals,8,2,0,1,1,1,0,17.0,0,Observed,1,1,1
P02743,TOR_20260904_1_PA039,TOR_20260904_1,B016,Sean Keys,2026-09-04,Train,0,Kansas City Royals,9,1,0,0,0,0,0,6.0,0,Observed,1,1,1
P02744,TOR_20260904_1_PA039,TOR_20260904_1,B016,Sean Keys,2026-09-04,Train,0,Kansas City Royals,9,2,1,0,0,0,0,4.0,0,Observed,1,1,1
P02745,TOR_20260904_1_PA040,TOR_20260904_1,B001,Alejandro Kirk,2026-09-04,Train,0,Kansas City Royals,9,1,0,0,0,0,0,15.0,1,Observed,1,1,1
P02746,TOR_20260904_1_PA040,TOR_20260904_1,B001,Alejandro Kirk,2026-09-04,Train,0,Kansas City Royals,9,2,0,1,0,0,0,9.0,2,Observed,1,1,1
P02747,TOR_20260904_1_PA040,TOR_20260904_1,B001,Alejandro Kirk,2026-09-04,Train,0,Kansas City Royals,9,3,1,1,0,0,0,22.0,4,Observed,1,1,1
P02748,TOR_20260904_1_PA041,TOR_20260904_1,B012,Kazuma Okamoto,2026-09-04,Train,0,Kansas City Royals,9,1,0,0,0,0,0,22.0,3,Observed,1,1,1
P02749,TOR_20260904_1_PA041,TOR_20260904_1,B012,Kazuma Okamoto,2026-09-04,Train,0,Kansas City Royals,9,2,0,1,0,0,0,13.0,0,Observed,1,1,1
P02750,TOR_20260904_1_PA041,TOR_20260904_1,B012,Kazuma Okamoto,2026-09-04,Train,0,Kansas City Royals,9,3,0,2,0,0,0,14.0,1,Observed,1,1,1
P02751,TOR_20260904_1_PA041,TOR_20260904_1,B012,Kazuma Okamoto,2026-09-04,Train,0,Kansas City Royals,9,4,0,2,0,0,0,15.0,2,Observed,1,1,1
P02752,TOR_20260904_1_PA041,TOR_20260904_1,B012,Kazuma Okamoto,2026-09-04,Train,0,Kansas City Royals,9,5,1,2,0,0,0,19.0,2,Observed,1,1,1
P02753,TOR_20260904_1_PA042,TOR_20260904_1,B011,Josh H. Smith,2026-09-04,Train,0,Kansas City Royals,9,1,0,0,0,0,0,23.0,3,Observed,1,1,1
P02754,TOR_20260904_1_PA042,TOR_20260904_1,B011,Josh H. Smith,2026-09-04,Train,0,Kansas City Royals,9,2,1,0,0,0,0,15.0,2,Observed,1,1,1
P02755,TOR_20260904_1_PA042,TOR_20260904_1,B011,Josh H. Smith,2026-09-04,Train,0,Kansas City Royals,9,3,2,0,0,0,0,27.0,3,Observed,1,1,1
P02756,TOR_20260904_1_PA042,TOR_20260904_1,B011,Josh H. Smith,2026-09-04,Train,0,Kansas City Royals,9,4,3,0,0,0,0,17.0,4,Observed,1,1,1
P02757,TOR_20260904_1_PA043,TOR_20260904_1,B008,Ernie Clement,2026-09-04,Train,0,Kansas City Royals,9,1,0,0,0,1,0,9.0,2,Observed,1,1,1
P02758,TOR_20260904_1_PA043,TOR_20260904_1,B008,Ernie Clement,2026-09-04,Train,0,Kansas City Royals,9,2,1,0,0,1,0,13.0,1,Observed,1,1,1
P02759,TOR_20260904_1_PA043,TOR_20260904_1,B008,Ernie Clement,2026-09-04,Train,0,Kansas City Royals,9,3,1,1,0,1,0,15.0,0,Observed,1,1,1
P02760,TOR_20260905_1_PA001,TOR_20260905_1,B004,Brett Bateman,2026-09-05,Train,0,Kansas City Royals,1,1,0,0,0,0,0,12.0,1,Observed,1,1,1
P02761,TOR_20260905_1_PA001,TOR_20260905_1,B004,Brett Bateman,2026-09-05,Train,0,Kansas City Royals,1,2,1,0,0,0,0,12.0,0,Observed,1,1,1
P02762,TOR_20260905_1_PA001,TOR_20260905_1,B004,Brett Bateman,2026-09-05,Train,0,Kansas City Royals,1,3,1,1,0,0,0,10.0,1,Observed,1,1,1
P02763,TOR_20260905_1_PA001,TOR_20260905_1,B004,Brett Bateman,2026-09-05,Train,0,Kansas City Royals,1,4,1,2,0,0,0,16.0,0,Observed,1,1,1
P02764,TOR_20260905_1_PA001,TOR_20260905_1,B004,Brett Bateman,2026-09-05,Train,0,Kansas City Royals,1,5,2,2,0,0,0,40.0,0,Observed,1,1,1
P02765,TOR_20260905_1_PA001,TOR_20260905_1,B004,Brett Bateman,2026-09-05,Train,0,Kansas City Royals,1,6,3,2,0,0,0,11.0,0,Observed,1,1,1
P02766,TOR_20260905_1_PA002,TOR_20260905_1,B009,George Springer,2026-09-05,Train,0,Kansas City Royals,1,1,0,0,0,0,0,14.0,2,Observed,1,1,1
P02767,TOR_20260905_1_PA002,TOR_20260905_1,B009,George Springer,2026-09-05,Train,0,Kansas City Royals,1,2,0,1,0,0,0,13.0,0,Observed,1,1,1
P02768,TOR_20260905_1_PA002,TOR_20260905_1,B009,George Springer,2026-09-05,Train,0,Kansas City Royals,1,3,1,1,0,0,0,13.0,1,Observed,1,1,1
P02769,TOR_20260905_1_PA002,TOR_20260905_1,B009,George Springer,2026-09-05,Train,0,Kansas City Royals,1,4,2,1,0,0,0,15.0,0,Observed,1,1,1
P02770,TOR_20260905_1_PA002,TOR_20260905_1,B009,George Springer,2026-09-05,Train,0,Kansas City Royals,1,5,2,2,0,0,0,17.0,1,Observed,1,1,1
P02771,TOR_20260905_1_PA002,TOR_20260905_1,B009,George Springer,2026-09-05,Train,0,Kansas City Royals,1,6,3,2,0,0,0,11.0,0,Observed,1,1,1
P02772,TOR_20260905_1_PA003,TOR_20260905_1,B017,Vladimir Guerrero Jr.,2026-09-05,Train,0,Kansas City Royals,1,1,0,0,0,0,0,8.0,3,Observed,1,1,1
P02773,TOR_20260905_1_PA003,TOR_20260905_1,B017,Vladimir Guerrero Jr.,2026-09-05,Train,0,Kansas City Royals,1,2,1,0,0,0,0,12.0,0,Observed,1,1,1
P02774,TOR_20260905_1_PA004,TOR_20260905_1,B001,Alejandro Kirk,2026-09-05,Train,0,Kansas City Royals,1,1,0,0,0,1,0,14.0,1,Observed,1,1,1
P02775,TOR_20260905_1_PA004,TOR_20260905_1,B001,Alejandro Kirk,2026-09-05,Train,0,Kansas City Royals,1,2,0,1,0,1,0,8.0,1,Observed,1,1,1
P02776,TOR_20260905_1_PA004,TOR_20260905_1,B001,Alejandro Kirk,2026-09-05,Train,0,Kansas City Royals,1,3,1,1,0,1,0,17.0,3,Observed,1,1,1
P02777,TOR_20260905_1_PA004,TOR_20260905_1,B001,Alejandro Kirk,2026-09-05,Train,0,Kansas City Royals,1,4,1,2,0,1,0,20.0,3,Observed,1,1,1
P02778,TOR_20260905_1_PA005,TOR_20260905_1,B014,Nathan Lukes,2026-09-05,Train,0,Kansas City Royals,1,1,0,0,1,1,0,24.0,4,Observed,1,1,1
P02779,TOR_20260905_1_PA005,TOR_20260905_1,B014,Nathan Lukes,2026-09-05,Train,0,Kansas City Royals,1,2,1,0,1,1,0,20.0,2,Observed,1,1,1
P02780,TOR_20260905_1_PA005,TOR_20260905_1,B014,Nathan Lukes,2026-09-05,Train,0,Kansas City Royals,1,3,1,1,1,1,0,11.0,2,Observed,1,1,1
P02781,TOR_20260905_1_PA005,TOR_20260905_1,B014,Nathan Lukes,2026-09-05,Train,0,Kansas City Royals,1,4,1,2,1,1,0,17.0,3,Observed,1,1,1
P02782,TOR_20260905_1_PA005,TOR_20260905_1,B014,Nathan Lukes,2026-09-05,Train,0,Kansas City Royals,1,5,2,2,1,1,0,14.0,2,Observed,1,1,1
P02783,TOR_20260905_1_PA006,TOR_20260905_1,B012,Kazuma Okamoto,2026-09-05,Train,0,Kansas City Royals,1,1,0,0,0,1,0,10.0,1,Observed,1,1,1
P02784,TOR_20260905_1_PA006,TOR_20260905_1,B012,Kazuma Okamoto,2026-09-05,Train,0,Kansas City Royals,1,2,1,0,0,1,0,18.0,0,Observed,1,1,1
P02785,TOR_20260905_1_PA006,TOR_20260905_1,B012,Kazuma Okamoto,2026-09-05,Train,0,Kansas City Royals,1,3,1,1,0,1,0,14.0,2,Observed,1,1,1
P02786,TOR_20260905_1_PA006,TOR_20260905_1,B012,Kazuma Okamoto,2026-09-05,Train,0,Kansas City Royals,1,4,1,2,0,1,0,15.0,1,Observed,1,1,1
P02787,TOR_20260905_1_PA006,TOR_20260905_1,B012,Kazuma Okamoto,2026-09-05,Train,0,Kansas City Royals,1,5,1,2,0,1,0,11.0,1,Observed,1,1,1
P02788,TOR_20260905_1_PA006,TOR_20260905_1,B012,Kazuma Okamoto,2026-09-05,Train,0,Kansas City Royals,1,6,2,2,0,1,0,18.0,0,Observed,1,1,1
P02789,TOR_20260905_1_PA006,TOR_20260905_1,B012,Kazuma Okamoto,2026-09-05,Train,0,Kansas City Royals,1,7,2,2,0,1,0,16.0,1,Observed,1,1,1
P02790,TOR_20260905_1_PA006,TOR_20260905_1,B012,Kazuma Okamoto,2026-09-05,Train,0,Kansas City Royals,1,8,2,2,0,1,0,22.0,1,Observed,1,1,1
P02791,TOR_20260905_1_PA007,TOR_20260905_1,B002,Andrés Giménez,2026-09-05,Train,0,Kansas City Royals,1,1,0,0,1,2,0,14.0,1,Observed,1,1,1
P02792,TOR_20260905_1_PA007,TOR_20260905_1,B002,Andrés Giménez,2026-09-05,Train,0,Kansas City Royals,1,2,0,1,1,2,0,20.0,2,Observed,1,1,1
P02793,TOR_20260905_1_PA007,TOR_20260905_1,B002,Andrés Giménez,2026-09-05,Train,0,Kansas City Royals,1,3,0,2,1,2,0,17.0,0,Observed,1,1,1
P02794,TOR_20260905_1_PA007,TOR_20260905_1,B002,Andrés Giménez,2026-09-05,Train,0,Kansas City Royals,1,4,1,2,1,2,0,16.0,3,Observed,1,1,1
P02795,TOR_20260905_1_PA008,TOR_20260905_1,B008,Ernie Clement,2026-09-05,Train,0,Kansas City Royals,2,1,0,0,0,0,0,22.0,0,Observed,1,1,1
P02796,TOR_20260905_1_PA008,TOR_20260905_1,B008,Ernie Clement,2026-09-05,Train,0,Kansas City Royals,2,2,0,1,0,0,0,16.0,2,Observed,1,1,1
P02797,TOR_20260905_1_PA008,TOR_20260905_1,B008,Ernie Clement,2026-09-05,Train,0,Kansas City Royals,2,3,0,2,0,0,0,15.0,1,Observed,1,1,1
P02798,TOR_20260905_1_PA008,TOR_20260905_1,B008,Ernie Clement,2026-09-05,Train,0,Kansas City Royals,2,4,0,2,0,0,0,13.0,0,Observed,1,1,1
P02799,TOR_20260905_1_PA008,TOR_20260905_1,B008,Ernie Clement,2026-09-05,Train,0,Kansas City Royals,2,5,1,2,0,0,0,13.0,2,Observed,1,1,1
P02800,TOR_20260905_1_PA008,TOR_20260905_1,B008,Ernie Clement,2026-09-05,Train,0,Kansas City Royals,2,6,1,2,0,0,0,29.0,1,Observed,1,1,1
P02801,TOR_20260905_1_PA009,TOR_20260905_1,B013,Myles Straw,2026-09-05,Train,0,Kansas City Royals,2,1,0,0,0,1,0,13.0,3,Observed,1,1,1
P02802,TOR_20260905_1_PA009,TOR_20260905_1,B013,Myles Straw,2026-09-05,Train,0,Kansas City Royals,2,2,0,1,0,1,0,18.0,1,Observed,1,1,1
P02803,TOR_20260905_1_PA009,TOR_20260905_1,B013,Myles Straw,2026-09-05,Train,0,Kansas City Royals,2,3,1,1,0,1,0,15.0,0,Observed,1,1,1
P02804,TOR_20260905_1_PA009,TOR_20260905_1,B013,Myles Straw,2026-09-05,Train,0,Kansas City Royals,2,4,2,1,0,1,0,18.0,1,Observed,1,1,1
P02805,TOR_20260905_1_PA009,TOR_20260905_1,B013,Myles Straw,2026-09-05,Train,0,Kansas City Royals,2,5,2,2,0,1,0,17.0,2,Observed,1,1,1
P02806,TOR_20260905_1_PA010,TOR_20260905_1,B004,Brett Bateman,2026-09-05,Train,0,Kansas City Royals,2,1,0,0,0,1,0,14.0,0,Observed,1,1,1
P02807,TOR_20260905_1_PA010,TOR_20260905_1,B004,Brett Bateman,2026-09-05,Train,0,Kansas City Royals,2,2,1,0,0,1,0,9.0,0,Observed,1,1,1
P02808,TOR_20260905_1_PA010,TOR_20260905_1,B004,Brett Bateman,2026-09-05,Train,0,Kansas City Royals,2,3,2,0,0,1,0,13.0,0,Observed,1,1,1
P02809,TOR_20260905_1_PA010,TOR_20260905_1,B004,Brett Bateman,2026-09-05,Train,0,Kansas City Royals,2,4,3,0,0,1,0,13.0,0,Observed,1,1,1
P02810,TOR_20260905_1_PA010,TOR_20260905_1,B004,Brett Bateman,2026-09-05,Train,0,Kansas City Royals,2,5,3,1,0,1,0,23.0,0,Observed,1,1,1
P02811,TOR_20260905_1_PA011,TOR_20260905_1,B009,George Springer,2026-09-05,Train,0,Kansas City Royals,2,1,0,0,1,2,0,16.0,0,Observed,1,1,1
P02812,TOR_20260905_1_PA011,TOR_20260905_1,B009,George Springer,2026-09-05,Train,0,Kansas City Royals,2,2,1,0,1,2,0,10.0,0,Observed,1,1,1
P02813,TOR_20260905_1_PA012,TOR_20260905_1,B017,Vladimir Guerrero Jr.,2026-09-05,Train,0,Kansas City Royals,2,1,0,0,1,2,0,11.0,1,Observed,1,1,1
P02814,TOR_20260905_1_PA012,TOR_20260905_1,B017,Vladimir Guerrero Jr.,2026-09-05,Train,0,Kansas City Royals,2,2,0,1,1,2,0,12.0,1,Observed,1,1,1
P02815,TOR_20260905_1_PA012,TOR_20260905_1,B017,Vladimir Guerrero Jr.,2026-09-05,Train,0,Kansas City Royals,2,3,0,2,1,2,0,20.0,0,Observed,1,1,1
P02816,TOR_20260905_1_PA012,TOR_20260905_1,B017,Vladimir Guerrero Jr.,2026-09-05,Train,0,Kansas City Royals,2,4,1,2,1,2,0,21.0,1,Observed,1,1,1
P02817,TOR_20260905_1_PA013,TOR_20260905_1,B001,Alejandro Kirk,2026-09-05,Train,0,Kansas City Royals,3,1,0,0,0,0,0,11.0,4,Observed,1,1,1
P02818,TOR_20260905_1_PA014,TOR_20260905_1,B014,Nathan Lukes,2026-09-05,Train,0,Kansas City Royals,3,1,0,0,0,0,0,17.0,3,Observed,1,1,1
P02819,TOR_20260905_1_PA014,TOR_20260905_1,B014,Nathan Lukes,2026-09-05,Train,0,Kansas City Royals,3,2,1,0,0,0,0,14.0,3,Observed,1,1,1
P02820,TOR_20260905_1_PA014,TOR_20260905_1,B014,Nathan Lukes,2026-09-05,Train,0,Kansas City Royals,3,3,1,1,0,0,0,16.0,4,Observed,1,1,1
P02821,TOR_20260905_1_PA015,TOR_20260905_1,B012,Kazuma Okamoto,2026-09-05,Train,0,Kansas City Royals,3,1,0,0,0,1,0,9.0,0,Observed,1,1,1
P02822,TOR_20260905_1_PA015,TOR_20260905_1,B012,Kazuma Okamoto,2026-09-05,Train,0,Kansas City Royals,3,2,0,1,0,1,0,11.0,1,Observed,1,1,1
P02823,TOR_20260905_1_PA015,TOR_20260905_1,B012,Kazuma Okamoto,2026-09-05,Train,0,Kansas City Royals,3,3,1,1,0,1,0,16.0,2,Observed,1,1,1
P02824,TOR_20260905_1_PA016,TOR_20260905_1,B002,Andrés Giménez,2026-09-05,Train,0,Kansas City Royals,3,1,0,0,0,0,0,13.0,0,Observed,1,1,1
P02825,TOR_20260905_1_PA016,TOR_20260905_1,B002,Andrés Giménez,2026-09-05,Train,0,Kansas City Royals,3,2,0,1,0,0,0,9.0,3,Observed,1,1,1
P02826,TOR_20260905_1_PA016,TOR_20260905_1,B002,Andrés Giménez,2026-09-05,Train,0,Kansas City Royals,3,3,0,2,0,0,0,12.0,1,Observed,1,1,1
P02827,TOR_20260905_1_PA016,TOR_20260905_1,B002,Andrés Giménez,2026-09-05,Train,0,Kansas City Royals,3,4,0,2,0,0,0,17.0,3,Observed,1,1,1
P02828,TOR_20260905_1_PA016,TOR_20260905_1,B002,Andrés Giménez,2026-09-05,Train,0,Kansas City Royals,3,5,1,2,0,0,0,16.0,2,Observed,1,1,1
P02829,TOR_20260905_1_PA016,TOR_20260905_1,B002,Andrés Giménez,2026-09-05,Train,0,Kansas City Royals,3,6,2,2,0,0,0,13.0,1,Observed,1,1,1
P02830,TOR_20260905_1_PA016,TOR_20260905_1,B002,Andrés Giménez,2026-09-05,Train,0,Kansas City Royals,3,7,3,2,0,0,0,13.0,2,Observed,1,1,1
P02831,TOR_20260905_1_PA017,TOR_20260905_1,B008,Ernie Clement,2026-09-05,Train,0,Kansas City Royals,3,1,0,0,0,1,0,10.0,2,Observed,1,1,1
P02832,TOR_20260905_1_PA017,TOR_20260905_1,B008,Ernie Clement,2026-09-05,Train,0,Kansas City Royals,3,2,0,1,0,1,0,11.0,2,Observed,1,1,1
P02833,TOR_20260905_1_PA018,TOR_20260905_1,B013,Myles Straw,2026-09-05,Train,0,Kansas City Royals,4,1,0,0,0,0,0,9.0,0,Observed,1,1,1
P02834,TOR_20260905_1_PA018,TOR_20260905_1,B013,Myles Straw,2026-09-05,Train,0,Kansas City Royals,4,2,0,1,0,0,0,14.0,1,Observed,1,1,1
P02835,TOR_20260905_1_PA019,TOR_20260905_1,B004,Brett Bateman,2026-09-05,Train,0,Kansas City Royals,4,1,0,0,0,0,0,10.0,1,Observed,1,1,1
P02836,TOR_20260905_1_PA019,TOR_20260905_1,B004,Brett Bateman,2026-09-05,Train,0,Kansas City Royals,4,2,0,1,0,0,0,19.0,0,Observed,1,1,1
P02837,TOR_20260905_1_PA019,TOR_20260905_1,B004,Brett Bateman,2026-09-05,Train,0,Kansas City Royals,4,3,0,2,0,0,0,19.0,0,Observed,1,1,1
P02838,TOR_20260905_1_PA019,TOR_20260905_1,B004,Brett Bateman,2026-09-05,Train,0,Kansas City Royals,4,4,0,2,0,0,0,15.0,1,Observed,1,1,1
P02839,TOR_20260905_1_PA020,TOR_20260905_1,B009,George Springer,2026-09-05,Train,0,Kansas City Royals,4,1,0,0,0,0,0,14.0,0,Observed,1,1,1
P02840,TOR_20260905_1_PA021,TOR_20260905_1,B017,Vladimir Guerrero Jr.,2026-09-05,Train,0,Kansas City Royals,5,1,0,0,0,0,0,14.0,3,Observed,1,1,1
P02841,TOR_20260905_1_PA021,TOR_20260905_1,B017,Vladimir Guerrero Jr.,2026-09-05,Train,0,Kansas City Royals,5,2,1,0,0,0,0,12.0,1,Observed,1,1,1
P02842,TOR_20260905_1_PA021,TOR_20260905_1,B017,Vladimir Guerrero Jr.,2026-09-05,Train,0,Kansas City Royals,5,3,2,0,0,0,0,12.0,1,Observed,1,1,1
P02843,TOR_20260905_1_PA021,TOR_20260905_1,B017,Vladimir Guerrero Jr.,2026-09-05,Train,0,Kansas City Royals,5,4,2,1,0,0,0,11.0,1,Observed,1,1,1
P02844,TOR_20260905_1_PA021,TOR_20260905_1,B017,Vladimir Guerrero Jr.,2026-09-05,Train,0,Kansas City Royals,5,5,2,2,0,0,0,11.0,1,Observed,1,1,1
P02845,TOR_20260905_1_PA021,TOR_20260905_1,B017,Vladimir Guerrero Jr.,2026-09-05,Train,0,Kansas City Royals,5,6,2,2,0,0,0,5.0,0,Observed,1,1,1
P02846,TOR_20260905_1_PA021,TOR_20260905_1,B017,Vladimir Guerrero Jr.,2026-09-05,Train,0,Kansas City Royals,5,7,3,2,0,0,0,34.0,0,Observed,1,1,1
P02847,TOR_20260905_1_PA022,TOR_20260905_1,B001,Alejandro Kirk,2026-09-05,Train,0,Kansas City Royals,5,1,0,0,0,0,0,10.0,3,Observed,1,1,1
P02848,TOR_20260905_1_PA022,TOR_20260905_1,B001,Alejandro Kirk,2026-09-05,Train,0,Kansas City Royals,5,2,0,1,0,0,0,8.0,2,Observed,1,1,1
P02849,TOR_20260905_1_PA022,TOR_20260905_1,B001,Alejandro Kirk,2026-09-05,Train,0,Kansas City Royals,5,3,0,2,0,0,0,18.0,2,Observed,1,1,1
P02850,TOR_20260905_1_PA022,TOR_20260905_1,B001,Alejandro Kirk,2026-09-05,Train,0,Kansas City Royals,5,4,0,2,0,0,0,17.0,3,Observed,1,1,1
P02851,TOR_20260905_1_PA022,TOR_20260905_1,B001,Alejandro Kirk,2026-09-05,Train,0,Kansas City Royals,5,5,1,2,0,0,0,18.0,2,Observed,1,1,1
P02852,TOR_20260905_1_PA023,TOR_20260905_1,B014,Nathan Lukes,2026-09-05,Train,0,Kansas City Royals,5,1,0,0,0,0,0,16.0,3,Observed,1,1,1
P02853,TOR_20260905_1_PA023,TOR_20260905_1,B014,Nathan Lukes,2026-09-05,Train,0,Kansas City Royals,5,2,0,1,0,0,0,12.0,4,Observed,1,1,1
P02854,TOR_20260905_1_PA023,TOR_20260905_1,B014,Nathan Lukes,2026-09-05,Train,0,Kansas City Royals,5,3,1,1,0,0,0,17.0,2,Observed,1,1,1
P02855,TOR_20260905_1_PA023,TOR_20260905_1,B014,Nathan Lukes,2026-09-05,Train,0,Kansas City Royals,5,4,2,1,0,0,0,22.0,3,Observed,1,1,1
P02856,TOR_20260905_1_PA024,TOR_20260905_1,B012,Kazuma Okamoto,2026-09-05,Train,0,Kansas City Royals,6,1,0,0,0,0,0,9.0,0,Observed,1,1,1
P02857,TOR_20260905_1_PA024,TOR_20260905_1,B012,Kazuma Okamoto,2026-09-05,Train,0,Kansas City Royals,6,2,1,0,0,0,0,19.0,1,Observed,1,1,1
P02858,TOR_20260905_1_PA024,TOR_20260905_1,B012,Kazuma Okamoto,2026-09-05,Train,0,Kansas City Royals,6,3,1,1,0,0,0,14.0,1,Observed,1,1,1
P02859,TOR_20260905_1_PA024,TOR_20260905_1,B012,Kazuma Okamoto,2026-09-05,Train,0,Kansas City Royals,6,4,1,2,0,0,0,15.0,1,Observed,1,1,1
P02860,TOR_20260905_1_PA025,TOR_20260905_1,B002,Andrés Giménez,2026-09-05,Train,0,Kansas City Royals,6,1,0,0,0,1,0,13.0,0,Observed,1,1,1
P02861,TOR_20260905_1_PA025,TOR_20260905_1,B002,Andrés Giménez,2026-09-05,Train,0,Kansas City Royals,6,2,1,0,0,1,0,8.0,1,Observed,1,1,1
P02862,TOR_20260905_1_PA025,TOR_20260905_1,B002,Andrés Giménez,2026-09-05,Train,0,Kansas City Royals,6,3,2,0,0,1,0,13.0,1,Observed,1,1,1
P02863,TOR_20260905_1_PA025,TOR_20260905_1,B002,Andrés Giménez,2026-09-05,Train,0,Kansas City Royals,6,4,2,1,0,1,0,11.0,1,Observed,1,1,1
P02864,TOR_20260905_1_PA025,TOR_20260905_1,B002,Andrés Giménez,2026-09-05,Train,0,Kansas City Royals,6,5,2,2,0,1,0,14.0,0,Observed,1,1,1
P02865,TOR_20260905_1_PA026,TOR_20260905_1,B008,Ernie Clement,2026-09-05,Train,0,Kansas City Royals,6,1,0,0,1,2,0,14.0,1,Observed,1,1,1
P02866,TOR_20260905_1_PA026,TOR_20260905_1,B008,Ernie Clement,2026-09-05,Train,0,Kansas City Royals,6,2,0,1,1,2,0,14.0,2,Observed,1,1,1
P02867,TOR_20260905_1_PA026,TOR_20260905_1,B008,Ernie Clement,2026-09-05,Train,0,Kansas City Royals,6,3,0,2,1,2,0,12.0,2,Observed,1,1,1
P02868,TOR_20260905_1_PA027,TOR_20260905_1,B013,Myles Straw,2026-09-05,Train,0,Kansas City Royals,6,1,0,0,1,2,0,12.0,1,Observed,1,1,1
P02869,TOR_20260905_1_PA027,TOR_20260905_1,B013,Myles Straw,2026-09-05,Train,0,Kansas City Royals,6,2,0,1,1,2,0,9.0,2,Observed,1,1,1
P02870,TOR_20260905_1_PA027,TOR_20260905_1,B013,Myles Straw,2026-09-05,Train,0,Kansas City Royals,6,3,0,2,1,2,0,12.0,1,Observed,1,1,1
P02871,TOR_20260905_1_PA027,TOR_20260905_1,B013,Myles Straw,2026-09-05,Train,0,Kansas City Royals,6,4,0,2,1,2,0,12.0,1,Observed,1,1,1
P02872,TOR_20260905_1_PA027,TOR_20260905_1,B013,Myles Straw,2026-09-05,Train,0,Kansas City Royals,6,5,0,2,1,2,0,12.0,1,Observed,1,1,1
P02873,TOR_20260905_1_PA028,TOR_20260905_1,B004,Brett Bateman,2026-09-05,Train,0,Kansas City Royals,6,1,0,0,1,2,0,19.0,1,Observed,1,1,1
P02874,TOR_20260905_1_PA028,TOR_20260905_1,B004,Brett Bateman,2026-09-05,Train,0,Kansas City Royals,6,2,0,1,1,2,0,10.0,0,Observed,1,1,1
P02875,TOR_20260905_1_PA029,TOR_20260905_1,B009,George Springer,2026-09-05,Train,0,Kansas City Royals,7,1,0,0,0,0,0,12.0,1,Observed,1,1,1
P02876,TOR_20260905_1_PA029,TOR_20260905_1,B009,George Springer,2026-09-05,Train,0,Kansas City Royals,7,2,0,1,0,0,0,14.0,0,Observed,1,1,1
P02877,TOR_20260905_1_PA029,TOR_20260905_1,B009,George Springer,2026-09-05,Train,0,Kansas City Royals,7,3,0,2,0,0,0,9.0,1,Observed,1,1,1
P02878,TOR_20260905_1_PA029,TOR_20260905_1,B009,George Springer,2026-09-05,Train,0,Kansas City Royals,7,4,1,2,0,0,0,14.0,0,Observed,1,1,1
P02879,TOR_20260905_1_PA029,TOR_20260905_1,B009,George Springer,2026-09-05,Train,0,Kansas City Royals,7,5,2,2,0,0,0,13.0,1,Observed,1,1,1
P02880,TOR_20260905_1_PA029,TOR_20260905_1,B009,George Springer,2026-09-05,Train,0,Kansas City Royals,7,6,3,2,0,0,0,15.0,0,Observed,1,1,1
P02881,TOR_20260905_1_PA030,TOR_20260905_1,B017,Vladimir Guerrero Jr.,2026-09-05,Train,0,Kansas City Royals,7,1,0,0,0,1,0,16.0,2,Observed,1,1,1
P02882,TOR_20260905_1_PA030,TOR_20260905_1,B017,Vladimir Guerrero Jr.,2026-09-05,Train,0,Kansas City Royals,7,2,0,1,0,1,0,23.0,1,Observed,1,1,1
P02883,TOR_20260905_1_PA030,TOR_20260905_1,B017,Vladimir Guerrero Jr.,2026-09-05,Train,0,Kansas City Royals,7,3,1,1,0,1,0,10.0,2,Observed,1,1,1
P02884,TOR_20260905_1_PA030,TOR_20260905_1,B017,Vladimir Guerrero Jr.,2026-09-05,Train,0,Kansas City Royals,7,4,1,2,1,1,0,11.0,1,Observed,1,1,1
P02885,TOR_20260905_1_PA031,TOR_20260905_1,B001,Alejandro Kirk,2026-09-05,Train,0,Kansas City Royals,7,1,0,0,1,1,0,15.0,1,Observed,1,1,1
P02886,TOR_20260905_1_PA031,TOR_20260905_1,B001,Alejandro Kirk,2026-09-05,Train,0,Kansas City Royals,7,2,0,1,1,1,0,9.0,1,Observed,1,1,1
P02887,TOR_20260905_1_PA031,TOR_20260905_1,B001,Alejandro Kirk,2026-09-05,Train,0,Kansas City Royals,7,3,1,1,1,1,0,19.0,3,Observed,1,1,1
P02888,TOR_20260905_1_PA032,TOR_20260905_1,B014,Nathan Lukes,2026-09-05,Train,0,Kansas City Royals,7,1,0,0,1,1,0,8.0,2,Observed,1,1,1
P02889,TOR_20260905_1_PA032,TOR_20260905_1,B014,Nathan Lukes,2026-09-05,Train,0,Kansas City Royals,7,2,0,1,1,1,0,18.0,2,Observed,1,1,1
P02890,TOR_20260905_1_PA032,TOR_20260905_1,B014,Nathan Lukes,2026-09-05,Train,0,Kansas City Royals,7,3,0,2,1,1,0,17.0,5,Observed,1,1,1
P02891,TOR_20260905_1_PA033,TOR_20260905_1,B012,Kazuma Okamoto,2026-09-05,Train,0,Kansas City Royals,7,1,0,0,1,2,0,10.0,0,Observed,1,1,1
P02892,TOR_20260905_1_PA034,TOR_20260905_1,B002,Andrés Giménez,2026-09-05,Train,0,Kansas City Royals,7,1,0,0,1,2,0,11.0,0,Observed,1,1,1
P02893,TOR_20260905_1_PA034,TOR_20260905_1,B002,Andrés Giménez,2026-09-05,Train,0,Kansas City Royals,7,2,0,1,1,2,0,13.0,2,Observed,1,1,1
P02894,TOR_20260905_1_PA034,TOR_20260905_1,B002,Andrés Giménez,2026-09-05,Train,0,Kansas City Royals,7,3,1,1,1,2,0,17.0,1,Observed,1,1,1
P02895,TOR_20260905_1_PA034,TOR_20260905_1,B002,Andrés Giménez,2026-09-05,Train,0,Kansas City Royals,7,4,2,1,1,2,0,20.0,2,Observed,1,1,1
P02896,TOR_20260905_1_PA034,TOR_20260905_1,B002,Andrés Giménez,2026-09-05,Train,0,Kansas City Royals,7,5,2,2,1,2,0,15.0,2,Observed,1,1,1
P02897,TOR_20260905_1_PA035,TOR_20260905_1,B008,Ernie Clement,2026-09-05,Train,0,Kansas City Royals,8,1,0,0,0,0,0,11.0,1,Observed,1,1,1
P02898,TOR_20260905_1_PA035,TOR_20260905_1,B008,Ernie Clement,2026-09-05,Train,0,Kansas City Royals,8,2,1,0,0,0,0,12.0,1,Observed,1,1,1
P02899,TOR_20260905_1_PA035,TOR_20260905_1,B008,Ernie Clement,2026-09-05,Train,0,Kansas City Royals,8,3,1,1,0,0,0,15.0,0,Observed,1,1,1
P02900,TOR_20260905_1_PA035,TOR_20260905_1,B008,Ernie Clement,2026-09-05,Train,0,Kansas City Royals,8,4,2,1,0,0,0,10.0,0,Observed,1,1,1
P02901,TOR_20260905_1_PA036,TOR_20260905_1,B013,Myles Straw,2026-09-05,Train,0,Kansas City Royals,8,1,0,0,0,0,0,19.0,0,Observed,1,1,1
P02902,TOR_20260905_1_PA036,TOR_20260905_1,B013,Myles Straw,2026-09-05,Train,0,Kansas City Royals,8,2,0,1,0,0,0,13.0,1,Observed,1,1,1
P02903,TOR_20260905_1_PA036,TOR_20260905_1,B013,Myles Straw,2026-09-05,Train,0,Kansas City Royals,8,3,1,1,0,0,0,11.0,0,Observed,1,1,1
P02904,TOR_20260905_1_PA036,TOR_20260905_1,B013,Myles Straw,2026-09-05,Train,0,Kansas City Royals,8,4,2,1,0,0,0,12.0,0,Observed,1,1,1
P02905,TOR_20260905_1_PA036,TOR_20260905_1,B013,Myles Straw,2026-09-05,Train,0,Kansas City Royals,8,5,2,2,0,0,0,14.0,1,Observed,1,1,1
P02906,TOR_20260905_1_PA037,TOR_20260905_1,B004,Brett Bateman,2026-09-05,Train,0,Kansas City Royals,8,1,0,0,0,1,0,13.0,2,Observed,1,1,1
P02907,TOR_20260905_1_PA037,TOR_20260905_1,B004,Brett Bateman,2026-09-05,Train,0,Kansas City Royals,8,2,0,1,0,1,0,13.0,0,Observed,1,1,1
P02908,TOR_20260905_1_PA037,TOR_20260905_1,B004,Brett Bateman,2026-09-05,Train,0,Kansas City Royals,8,3,0,2,0,1,0,14.0,1,Observed,1,1,1
P02909,TOR_20260905_1_PA038,TOR_20260905_1,B009,George Springer,2026-09-05,Train,0,Kansas City Royals,8,1,0,0,0,1,0,14.0,1,Observed,1,1,1
P02910,TOR_20260905_1_PA038,TOR_20260905_1,B009,George Springer,2026-09-05,Train,0,Kansas City Royals,8,2,0,1,0,1,0,13.0,0,Observed,1,1,1
P02911,TOR_20260905_1_PA039,TOR_20260905_1,B017,Vladimir Guerrero Jr.,2026-09-05,Train,0,Kansas City Royals,9,1,0,0,0,0,0,8.0,2,Observed,1,1,1
P02912,TOR_20260905_1_PA039,TOR_20260905_1,B017,Vladimir Guerrero Jr.,2026-09-05,Train,0,Kansas City Royals,9,2,1,0,0,0,0,24.0,0,Observed,1,1,1
P02913,TOR_20260905_1_PA040,TOR_20260905_1,B001,Alejandro Kirk,2026-09-05,Train,0,Kansas City Royals,9,1,0,0,0,0,0,14.0,3,Observed,1,1,1
P02914,TOR_20260905_1_PA040,TOR_20260905_1,B001,Alejandro Kirk,2026-09-05,Train,0,Kansas City Royals,9,2,1,0,0,0,0,30.0,2,Observed,1,1,1
P02915,TOR_20260905_1_PA041,TOR_20260905_1,B014,Nathan Lukes,2026-09-05,Train,0,Kansas City Royals,9,1,0,0,0,0,0,13.0,3,Observed,1,1,1
P02916,TOR_20260905_1_PA041,TOR_20260905_1,B014,Nathan Lukes,2026-09-05,Train,0,Kansas City Royals,9,2,1,0,0,0,0,19.0,3,Observed,1,1,1
P02917,TOR_20260905_1_PA042,TOR_20260905_1,B012,Kazuma Okamoto,2026-09-05,Train,0,Kansas City Royals,9,1,0,0,0,1,0,9.0,2,Observed,1,1,1
P02918,TOR_20260905_1_PA042,TOR_20260905_1,B012,Kazuma Okamoto,2026-09-05,Train,0,Kansas City Royals,9,2,0,1,0,1,0,13.0,0,Observed,1,1,1
P02919,TOR_20260905_1_PA042,TOR_20260905_1,B012,Kazuma Okamoto,2026-09-05,Train,0,Kansas City Royals,9,3,0,2,0,1,0,12.0,1,Observed,1,1,1
P02920,TOR_20260906_1_PA001,TOR_20260906_1,B004,Brett Bateman,2026-09-06,Train,0,Kansas City Royals,1,1,0,0,0,0,0,12.0,1,Observed,1,1,1
P02921,TOR_20260906_1_PA001,TOR_20260906_1,B004,Brett Bateman,2026-09-06,Train,0,Kansas City Royals,1,2,0,1,0,0,0,12.0,0,Observed,1,1,1
P02922,TOR_20260906_1_PA001,TOR_20260906_1,B004,Brett Bateman,2026-09-06,Train,0,Kansas City Royals,1,3,1,1,0,0,0,10.0,1,Observed,1,1,1
P02923,TOR_20260906_1_PA001,TOR_20260906_1,B004,Brett Bateman,2026-09-06,Train,0,Kansas City Royals,1,4,1,2,0,0,0,16.0,0,Observed,1,1,1
P02924,TOR_20260906_1_PA002,TOR_20260906_1,B014,Nathan Lukes,2026-09-06,Train,0,Kansas City Royals,1,1,0,0,0,1,0,15.0,2,Observed,1,1,1
P02925,TOR_20260906_1_PA002,TOR_20260906_1,B014,Nathan Lukes,2026-09-06,Train,0,Kansas City Royals,1,2,1,0,0,1,0,16.0,3,Observed,1,1,1
P02926,TOR_20260906_1_PA003,TOR_20260906_1,B017,Vladimir Guerrero Jr.,2026-09-06,Train,0,Kansas City Royals,1,1,0,0,0,0,0,14.0,1,Observed,1,1,1
P02927,TOR_20260906_1_PA003,TOR_20260906_1,B017,Vladimir Guerrero Jr.,2026-09-06,Train,0,Kansas City Royals,1,2,0,1,0,0,0,11.0,2,Observed,1,1,1
P02928,TOR_20260906_1_PA003,TOR_20260906_1,B017,Vladimir Guerrero Jr.,2026-09-06,Train,0,Kansas City Royals,1,3,1,1,0,0,0,15.0,0,Observed,1,1,1
P02929,TOR_20260906_1_PA004,TOR_20260906_1,B010,Jesús Sánchez,2026-09-06,Train,0,Kansas City Royals,2,1,0,0,0,0,0,17.0,2,Observed,1,1,1
P02930,TOR_20260906_1_PA004,TOR_20260906_1,B010,Jesús Sánchez,2026-09-06,Train,0,Kansas City Royals,2,2,1,0,0,0,0,10.0,1,Observed,1,1,1
P02931,TOR_20260906_1_PA004,TOR_20260906_1,B010,Jesús Sánchez,2026-09-06,Train,0,Kansas City Royals,2,3,2,0,0,0,0,17.0,1,Observed,1,1,1
P02932,TOR_20260906_1_PA004,TOR_20260906_1,B010,Jesús Sánchez,2026-09-06,Train,0,Kansas City Royals,2,4,2,1,0,0,0,12.0,3,Observed,1,1,1
P02933,TOR_20260906_1_PA004,TOR_20260906_1,B010,Jesús Sánchez,2026-09-06,Train,0,Kansas City Royals,2,5,2,2,0,0,0,17.0,1,Observed,1,1,1
P02934,TOR_20260906_1_PA005,TOR_20260906_1,B012,Kazuma Okamoto,2026-09-06,Train,0,Kansas City Royals,2,1,0,0,0,0,0,16.0,0,Observed,1,1,1
P02935,TOR_20260906_1_PA005,TOR_20260906_1,B012,Kazuma Okamoto,2026-09-06,Train,0,Kansas City Royals,2,2,1,0,0,0,0,12.0,1,Observed,1,1,1
P02936,TOR_20260906_1_PA005,TOR_20260906_1,B012,Kazuma Okamoto,2026-09-06,Train,0,Kansas City Royals,2,3,2,0,0,0,0,10.0,2,Observed,1,1,1
P02937,TOR_20260906_1_PA005,TOR_20260906_1,B012,Kazuma Okamoto,2026-09-06,Train,0,Kansas City Royals,2,4,2,1,0,0,0,13.0,0,Observed,1,1,1
P02938,TOR_20260906_1_PA005,TOR_20260906_1,B012,Kazuma Okamoto,2026-09-06,Train,0,Kansas City Royals,2,5,2,2,0,0,0,14.0,0,Observed,1,1,1
P02939,TOR_20260906_1_PA005,TOR_20260906_1,B012,Kazuma Okamoto,2026-09-06,Train,0,Kansas City Royals,2,6,3,2,0,0,0,11.0,1,Observed,1,1,1
P02940,TOR_20260906_1_PA006,TOR_20260906_1,B016,Sean Keys,2026-09-06,Train,0,Kansas City Royals,2,1,0,0,0,0,0,4.0,0,Observed,1,1,1
P02941,TOR_20260906_1_PA006,TOR_20260906_1,B016,Sean Keys,2026-09-06,Train,0,Kansas City Royals,2,2,0,1,0,0,0,4.0,0,Observed,1,1,1
P02942,TOR_20260906_1_PA006,TOR_20260906_1,B016,Sean Keys,2026-09-06,Train,0,Kansas City Royals,2,3,1,1,0,0,0,4.0,0,Observed,1,1,1
P02943,TOR_20260906_1_PA006,TOR_20260906_1,B016,Sean Keys,2026-09-06,Train,0,Kansas City Royals,2,4,1,2,0,0,0,4.0,0,Observed,1,1,1
P02944,TOR_20260906_1_PA006,TOR_20260906_1,B016,Sean Keys,2026-09-06,Train,0,Kansas City Royals,2,5,2,2,0,0,0,4.0,0,Observed,1,1,1
P02945,TOR_20260906_1_PA006,TOR_20260906_1,B016,Sean Keys,2026-09-06,Train,0,Kansas City Royals,2,6,2,2,0,0,0,4.0,0,Observed,1,1,1
P02946,TOR_20260906_1_PA007,TOR_20260906_1,B011,Josh H. Smith,2026-09-06,Train,0,Kansas City Royals,3,1,0,0,0,0,0,11.0,1,Observed,1,1,1
P02947,TOR_20260906_1_PA007,TOR_20260906_1,B011,Josh H. Smith,2026-09-06,Train,0,Kansas City Royals,3,2,1,0,0,0,0,17.0,2,Observed,1,1,1
P02948,TOR_20260906_1_PA007,TOR_20260906_1,B011,Josh H. Smith,2026-09-06,Train,0,Kansas City Royals,3,3,2,0,0,0,0,26.0,4,Observed,1,1,1
P02949,TOR_20260906_1_PA008,TOR_20260906_1,B002,Andrés Giménez,2026-09-06,Train,0,Kansas City Royals,3,1,0,0,0,0,0,10.0,1,Observed,1,1,1
P02950,TOR_20260906_1_PA008,TOR_20260906_1,B002,Andrés Giménez,2026-09-06,Train,0,Kansas City Royals,3,2,0,1,0,0,0,18.0,2,Observed,1,1,1
P02951,TOR_20260906_1_PA008,TOR_20260906_1,B002,Andrés Giménez,2026-09-06,Train,0,Kansas City Royals,3,3,1,1,0,0,0,14.0,1,Observed,1,1,1
P02952,TOR_20260906_1_PA008,TOR_20260906_1,B002,Andrés Giménez,2026-09-06,Train,0,Kansas City Royals,3,4,1,2,0,0,0,16.0,0,Observed,1,1,1
P02953,TOR_20260906_1_PA008,TOR_20260906_1,B002,Andrés Giménez,2026-09-06,Train,0,Kansas City Royals,3,5,1,2,0,0,0,19.0,3,Observed,1,1,1
P02954,TOR_20260906_1_PA008,TOR_20260906_1,B002,Andrés Giménez,2026-09-06,Train,0,Kansas City Royals,3,6,2,2,0,0,0,13.0,0,Observed,1,1,1
P02955,TOR_20260906_1_PA009,TOR_20260906_1,B003,Brandon Valenzuela,2026-09-06,Train,0,Kansas City Royals,3,1,0,0,0,0,0,11.0,1,Observed,1,1,1
P02956,TOR_20260906_1_PA009,TOR_20260906_1,B003,Brandon Valenzuela,2026-09-06,Train,0,Kansas City Royals,3,2,0,1,0,0,0,14.0,1,Observed,1,1,1
P02957,TOR_20260906_1_PA009,TOR_20260906_1,B003,Brandon Valenzuela,2026-09-06,Train,0,Kansas City Royals,3,3,1,1,0,0,0,15.0,1,Observed,1,1,1
P02958,TOR_20260906_1_PA009,TOR_20260906_1,B003,Brandon Valenzuela,2026-09-06,Train,0,Kansas City Royals,3,4,2,1,0,0,0,13.0,2,Observed,1,1,1
P02959,TOR_20260906_1_PA010,TOR_20260906_1,B004,Brett Bateman,2026-09-06,Train,0,Kansas City Royals,4,1,0,0,0,0,0,13.0,1,Observed,1,1,1
P02960,TOR_20260906_1_PA011,TOR_20260906_1,B014,Nathan Lukes,2026-09-06,Train,0,Kansas City Royals,4,1,0,0,0,1,0,13.0,2,Observed,1,1,1
P02961,TOR_20260906_1_PA011,TOR_20260906_1,B014,Nathan Lukes,2026-09-06,Train,0,Kansas City Royals,4,2,1,0,0,1,0,16.0,3,Observed,1,1,1
P02962,TOR_20260906_1_PA011,TOR_20260906_1,B014,Nathan Lukes,2026-09-06,Train,0,Kansas City Royals,4,3,2,0,0,1,0,11.0,4,Observed,1,1,1
P02963,TOR_20260906_1_PA011,TOR_20260906_1,B014,Nathan Lukes,2026-09-06,Train,0,Kansas City Royals,4,4,3,0,0,1,0,8.0,2,Observed,1,1,1
P02964,TOR_20260906_1_PA011,TOR_20260906_1,B014,Nathan Lukes,2026-09-06,Train,0,Kansas City Royals,4,5,3,1,0,1,0,10.0,3,Observed,1,1,1
P02965,TOR_20260906_1_PA012,TOR_20260906_1,B017,Vladimir Guerrero Jr.,2026-09-06,Train,0,Kansas City Royals,4,1,0,0,0,1,0,17.0,2,Observed,1,1,1
P02966,TOR_20260906_1_PA012,TOR_20260906_1,B017,Vladimir Guerrero Jr.,2026-09-06,Train,0,Kansas City Royals,4,2,1,0,0,1,0,20.0,1,Observed,1,1,1
P02967,TOR_20260906_1_PA013,TOR_20260906_1,B010,Jesús Sánchez,2026-09-06,Train,0,Kansas City Royals,5,1,0,0,0,0,0,40.0,2,Observed,1,1,1
P02968,TOR_20260906_1_PA013,TOR_20260906_1,B010,Jesús Sánchez,2026-09-06,Train,0,Kansas City Royals,5,2,0,1,0,0,0,15.0,3,Observed,1,1,1
P02969,TOR_20260906_1_PA013,TOR_20260906_1,B010,Jesús Sánchez,2026-09-06,Train,0,Kansas City Royals,5,3,0,2,0,0,0,19.0,1,Observed,1,1,1
P02970,TOR_20260906_1_PA013,TOR_20260906_1,B010,Jesús Sánchez,2026-09-06,Train,0,Kansas City Royals,5,4,0,2,0,0,0,17.0,2,Observed,1,1,1
P02971,TOR_20260906_1_PA014,TOR_20260906_1,B012,Kazuma Okamoto,2026-09-06,Train,0,Kansas City Royals,5,1,0,0,0,0,0,13.0,3,Observed,1,1,1
P02972,TOR_20260906_1_PA014,TOR_20260906_1,B012,Kazuma Okamoto,2026-09-06,Train,0,Kansas City Royals,5,2,0,1,0,0,0,14.0,0,Observed,1,1,1
P02973,TOR_20260906_1_PA014,TOR_20260906_1,B012,Kazuma Okamoto,2026-09-06,Train,0,Kansas City Royals,5,3,0,2,0,0,0,12.0,0,Observed,1,1,1
P02974,TOR_20260906_1_PA014,TOR_20260906_1,B012,Kazuma Okamoto,2026-09-06,Train,0,Kansas City Royals,5,4,1,2,0,0,0,14.0,1,Observed,1,1,1
P02975,TOR_20260906_1_PA015,TOR_20260906_1,B016,Sean Keys,2026-09-06,Train,0,Kansas City Royals,5,1,0,0,0,0,0,4.0,0,Observed,1,1,1
P02976,TOR_20260906_1_PA015,TOR_20260906_1,B016,Sean Keys,2026-09-06,Train,0,Kansas City Royals,5,2,0,1,0,0,0,8.0,0,Observed,1,1,1
P02977,TOR_20260906_1_PA015,TOR_20260906_1,B016,Sean Keys,2026-09-06,Train,0,Kansas City Royals,5,3,1,1,0,0,0,5.0,0,Observed,1,1,1
P02978,TOR_20260906_1_PA015,TOR_20260906_1,B016,Sean Keys,2026-09-06,Train,0,Kansas City Royals,5,4,1,2,0,0,0,4.0,0,Observed,1,1,1
P02979,TOR_20260906_1_PA016,TOR_20260906_1,B011,Josh H. Smith,2026-09-06,Train,0,Kansas City Royals,6,1,0,0,0,0,0,11.0,2,Observed,1,1,1
P02980,TOR_20260906_1_PA016,TOR_20260906_1,B011,Josh H. Smith,2026-09-06,Train,0,Kansas City Royals,6,2,0,1,0,0,0,34.0,2,Observed,1,1,1
P02981,TOR_20260906_1_PA016,TOR_20260906_1,B011,Josh H. Smith,2026-09-06,Train,0,Kansas City Royals,6,3,0,2,0,0,0,40.0,2,Observed,1,1,1
P02982,TOR_20260906_1_PA016,TOR_20260906_1,B011,Josh H. Smith,2026-09-06,Train,0,Kansas City Royals,6,4,0,2,0,0,0,17.0,5,Observed,1,1,1
P02983,TOR_20260906_1_PA016,TOR_20260906_1,B011,Josh H. Smith,2026-09-06,Train,0,Kansas City Royals,6,5,1,2,0,0,0,19.0,4,Observed,1,1,1
P02984,TOR_20260906_1_PA016,TOR_20260906_1,B011,Josh H. Smith,2026-09-06,Train,0,Kansas City Royals,6,6,1,2,0,0,0,7.0,2,Observed,1,1,1
P02985,TOR_20260906_1_PA016,TOR_20260906_1,B011,Josh H. Smith,2026-09-06,Train,0,Kansas City Royals,6,7,1,2,0,0,0,21.0,3,Observed,1,1,1
P02986,TOR_20260906_1_PA016,TOR_20260906_1,B011,Josh H. Smith,2026-09-06,Train,0,Kansas City Royals,6,8,1,2,0,0,0,19.0,4,Observed,1,1,1
P02987,TOR_20260906_1_PA017,TOR_20260906_1,B002,Andrés Giménez,2026-09-06,Train,0,Kansas City Royals,6,1,0,0,0,0,0,12.0,0,Observed,1,1,1
P02988,TOR_20260906_1_PA018,TOR_20260906_1,B003,Brandon Valenzuela,2026-09-06,Train,0,Kansas City Royals,6,1,0,0,0,0,0,12.0,0,Observed,1,1,1
P02989,TOR_20260906_1_PA018,TOR_20260906_1,B003,Brandon Valenzuela,2026-09-06,Train,0,Kansas City Royals,6,2,1,0,0,0,0,14.0,2,Observed,1,1,1
P02990,TOR_20260906_1_PA018,TOR_20260906_1,B003,Brandon Valenzuela,2026-09-06,Train,0,Kansas City Royals,6,3,1,1,0,0,0,15.0,3,Observed,1,1,1
P02991,TOR_20260906_1_PA018,TOR_20260906_1,B003,Brandon Valenzuela,2026-09-06,Train,0,Kansas City Royals,6,4,2,1,0,0,0,17.0,1,Observed,1,1,1
P02992,TOR_20260906_1_PA018,TOR_20260906_1,B003,Brandon Valenzuela,2026-09-06,Train,0,Kansas City Royals,6,5,2,2,0,0,0,14.0,1,Observed,1,1,1
P02993,TOR_20260906_1_PA019,TOR_20260906_1,B004,Brett Bateman,2026-09-06,Train,0,Kansas City Royals,6,1,0,0,0,0,0,11.0,1,Observed,1,1,1
P02994,TOR_20260906_1_PA019,TOR_20260906_1,B004,Brett Bateman,2026-09-06,Train,0,Kansas City Royals,6,2,0,1,0,0,0,20.0,0,Observed,1,1,1
P02995,TOR_20260906_1_PA019,TOR_20260906_1,B004,Brett Bateman,2026-09-06,Train,0,Kansas City Royals,6,3,1,1,0,0,0,20.0,0,Observed,1,1,1
P02996,TOR_20260906_1_PA019,TOR_20260906_1,B004,Brett Bateman,2026-09-06,Train,0,Kansas City Royals,6,4,1,2,0,0,0,15.0,1,Observed,1,1,1
P02997,TOR_20260906_1_PA020,TOR_20260906_1,B014,Nathan Lukes,2026-09-06,Train,0,Kansas City Royals,6,1,0,0,0,1,0,21.0,2,Observed,1,1,1
P02998,TOR_20260906_1_PA020,TOR_20260906_1,B014,Nathan Lukes,2026-09-06,Train,0,Kansas City Royals,6,2,0,1,0,1,0,11.0,2,Observed,1,1,1
P02999,TOR_20260906_1_PA021,TOR_20260906_1,B017,Vladimir Guerrero Jr.,2026-09-06,Train,0,Kansas City Royals,6,1,0,0,1,2,0,8.0,1,Observed,1,1,1
P03000,TOR_20260906_1_PA021,TOR_20260906_1,B017,Vladimir Guerrero Jr.,2026-09-06,Train,0,Kansas City Royals,6,2,1,0,1,2,0,17.0,1,Observed,1,1,1
P03001,TOR_20260906_1_PA021,TOR_20260906_1,B017,Vladimir Guerrero Jr.,2026-09-06,Train,0,Kansas City Royals,6,3,2,0,1,2,0,14.0,1,Observed,1,1,1
P03002,TOR_20260906_1_PA021,TOR_20260906_1,B017,Vladimir Guerrero Jr.,2026-09-06,Train,0,Kansas City Royals,6,4,3,0,1,2,0,20.0,2,Observed,1,1,1
P03003,TOR_20260906_1_PA021,TOR_20260906_1,B017,Vladimir Guerrero Jr.,2026-09-06,Train,0,Kansas City Royals,6,5,3,1,1,2,0,11.0,1,Observed,1,1,1
P03004,TOR_20260906_1_PA022,TOR_20260906_1,B013,Myles Straw,2026-09-06,Train,0,Kansas City Royals,7,1,0,0,0,0,0,14.0,0,Observed,1,1,1
P03005,TOR_20260906_1_PA022,TOR_20260906_1,B013,Myles Straw,2026-09-06,Train,0,Kansas City Royals,7,2,1,0,0,0,0,19.0,0,Observed,1,1,1
P03006,TOR_20260906_1_PA022,TOR_20260906_1,B013,Myles Straw,2026-09-06,Train,0,Kansas City Royals,7,3,1,1,0,0,0,13.0,0,Observed,1,1,1
P03007,TOR_20260906_1_PA022,TOR_20260906_1,B013,Myles Straw,2026-09-06,Train,0,Kansas City Royals,7,4,2,1,0,0,0,18.0,0,Observed,1,1,1
P03008,TOR_20260906_1_PA022,TOR_20260906_1,B013,Myles Straw,2026-09-06,Train,0,Kansas City Royals,7,5,2,2,0,0,0,16.0,1,Observed,1,1,1
P03009,TOR_20260906_1_PA022,TOR_20260906_1,B013,Myles Straw,2026-09-06,Train,0,Kansas City Royals,7,6,3,2,0,0,0,15.0,1,Observed,1,1,1
P03010,TOR_20260906_1_PA023,TOR_20260906_1,B012,Kazuma Okamoto,2026-09-06,Train,0,Kansas City Royals,7,1,0,0,0,1,0,11.0,2,Observed,1,1,1
P03011,TOR_20260906_1_PA023,TOR_20260906_1,B012,Kazuma Okamoto,2026-09-06,Train,0,Kansas City Royals,7,2,1,0,0,1,0,20.0,1,Observed,1,1,1
P03012,TOR_20260906_1_PA023,TOR_20260906_1,B012,Kazuma Okamoto,2026-09-06,Train,0,Kansas City Royals,7,3,2,0,0,1,0,14.0,3,Observed,1,1,1
P03013,TOR_20260906_1_PA023,TOR_20260906_1,B012,Kazuma Okamoto,2026-09-06,Train,0,Kansas City Royals,7,4,2,1,0,1,0,12.0,1,Observed,1,1,1
P03014,TOR_20260906_1_PA024,TOR_20260906_1,B005,Charles McAdoo,2026-09-06,Train,0,Kansas City Royals,7,1,0,0,1,1,0,14.0,1,Observed,1,1,1
P03015,TOR_20260906_1_PA024,TOR_20260906_1,B005,Charles McAdoo,2026-09-06,Train,0,Kansas City Royals,7,2,0,1,1,1,0,12.0,3,Observed,1,1,1
P03016,TOR_20260906_1_PA024,TOR_20260906_1,B005,Charles McAdoo,2026-09-06,Train,0,Kansas City Royals,7,3,0,2,1,1,0,10.0,0,Observed,1,1,1
P03017,TOR_20260906_1_PA024,TOR_20260906_1,B005,Charles McAdoo,2026-09-06,Train,0,Kansas City Royals,7,4,0,2,1,1,0,13.0,1,Observed,1,1,1
P03018,TOR_20260906_1_PA024,TOR_20260906_1,B005,Charles McAdoo,2026-09-06,Train,0,Kansas City Royals,7,5,1,2,1,1,0,15.0,0,Observed,1,1,1
P03019,TOR_20260906_1_PA025,TOR_20260906_1,B009,George Springer,2026-09-06,Train,0,Kansas City Royals,7,1,0,0,1,2,0,14.0,0,Observed,1,1,1
P03020,TOR_20260906_1_PA025,TOR_20260906_1,B009,George Springer,2026-09-06,Train,0,Kansas City Royals,7,2,0,1,1,2,0,14.0,1,Observed,1,1,1
P03021,TOR_20260906_1_PA025,TOR_20260906_1,B009,George Springer,2026-09-06,Train,0,Kansas City Royals,7,3,0,2,1,2,0,18.0,1,Observed,1,1,1
P03022,TOR_20260906_1_PA025,TOR_20260906_1,B009,George Springer,2026-09-06,Train,0,Kansas City Royals,7,4,1,2,1,2,0,15.0,2,Observed,1,1,1
P03023,TOR_20260906_1_PA025,TOR_20260906_1,B009,George Springer,2026-09-06,Train,0,Kansas City Royals,7,5,1,2,1,2,0,15.0,1,Observed,1,1,1
P03024,TOR_20260906_1_PA026,TOR_20260906_1,B002,Andrés Giménez,2026-09-06,Train,0,Kansas City Royals,7,1,0,0,1,3,0,17.0,1,Observed,1,1,1
P03025,TOR_20260906_1_PA026,TOR_20260906_1,B002,Andrés Giménez,2026-09-06,Train,0,Kansas City Royals,7,2,0,1,1,3,0,9.0,1,Observed,1,1,1
P03026,TOR_20260906_1_PA027,TOR_20260906_1,B003,Brandon Valenzuela,2026-09-06,Train,0,Kansas City Royals,8,1,0,0,0,0,0,10.0,1,Observed,1,1,1
P03027,TOR_20260906_1_PA027,TOR_20260906_1,B003,Brandon Valenzuela,2026-09-06,Train,0,Kansas City Royals,8,2,0,1,0,0,0,15.0,2,Observed,1,1,1
P03028,TOR_20260906_1_PA027,TOR_20260906_1,B003,Brandon Valenzuela,2026-09-06,Train,0,Kansas City Royals,8,3,1,1,0,0,0,21.0,3,Observed,1,1,1
P03029,TOR_20260906_1_PA028,TOR_20260906_1,B004,Brett Bateman,2026-09-06,Train,0,Kansas City Royals,8,1,0,0,0,0,0,8.0,0,Observed,1,1,1
P03030,TOR_20260906_1_PA028,TOR_20260906_1,B004,Brett Bateman,2026-09-06,Train,0,Kansas City Royals,8,2,0,1,0,0,0,12.0,0,Observed,1,1,1
P03031,TOR_20260906_1_PA029,TOR_20260906_1,B014,Nathan Lukes,2026-09-06,Train,0,Kansas City Royals,8,1,0,0,0,1,0,17.0,4,Observed,1,1,1
P03032,TOR_20260906_1_PA029,TOR_20260906_1,B014,Nathan Lukes,2026-09-06,Train,0,Kansas City Royals,8,2,0,1,0,1,0,15.0,2,Observed,1,1,1
P03033,TOR_20260906_1_PA029,TOR_20260906_1,B014,Nathan Lukes,2026-09-06,Train,0,Kansas City Royals,8,3,0,2,0,1,0,17.0,3,Observed,1,1,1
P03034,TOR_20260906_1_PA029,TOR_20260906_1,B014,Nathan Lukes,2026-09-06,Train,0,Kansas City Royals,8,4,0,2,0,1,0,12.0,5,Observed,1,1,1
P03035,TOR_20260906_1_PA029,TOR_20260906_1,B014,Nathan Lukes,2026-09-06,Train,0,Kansas City Royals,8,5,1,2,0,1,0,20.0,2,Observed,1,1,1
P03036,TOR_20260906_1_PA030,TOR_20260906_1,B017,Vladimir Guerrero Jr.,2026-09-06,Train,0,Kansas City Royals,8,1,0,0,0,1,0,15.0,1,Observed,1,1,1
P03037,TOR_20260906_1_PA030,TOR_20260906_1,B017,Vladimir Guerrero Jr.,2026-09-06,Train,0,Kansas City Royals,8,2,0,1,0,1,0,10.0,1,Observed,1,1,1
P03038,TOR_20260906_1_PA030,TOR_20260906_1,B017,Vladimir Guerrero Jr.,2026-09-06,Train,0,Kansas City Royals,8,3,1,1,0,1,0,25.0,1,Observed,1,1,1
P03039,TOR_20260906_1_PA030,TOR_20260906_1,B017,Vladimir Guerrero Jr.,2026-09-06,Train,0,Kansas City Royals,8,4,2,1,0,1,0,33.0,3,Observed,1,1,1
P03040,TOR_20260906_1_PA030,TOR_20260906_1,B017,Vladimir Guerrero Jr.,2026-09-06,Train,0,Kansas City Royals,8,5,2,2,0,1,0,11.0,1,Observed,1,1,1
P03041,TOR_20260906_1_PA030,TOR_20260906_1,B017,Vladimir Guerrero Jr.,2026-09-06,Train,0,Kansas City Royals,8,6,2,2,0,1,0,32.0,1,Observed,1,1,1
P03042,TOR_20260906_1_PA030,TOR_20260906_1,B017,Vladimir Guerrero Jr.,2026-09-06,Train,0,Kansas City Royals,8,7,3,2,0,1,0,22.0,0,Observed,1,1,1
P03043,TOR_20260906_1_PA031,TOR_20260906_1,B013,Myles Straw,2026-09-06,Train,0,Kansas City Royals,9,1,0,0,0,0,0,11.0,1,Observed,1,1,1
P03044,TOR_20260906_1_PA032,TOR_20260906_1,B012,Kazuma Okamoto,2026-09-06,Train,0,Kansas City Royals,9,1,0,0,0,1,0,29.0,2,Observed,1,1,1
P03045,TOR_20260906_1_PA032,TOR_20260906_1,B012,Kazuma Okamoto,2026-09-06,Train,0,Kansas City Royals,9,2,1,0,0,1,0,14.0,1,Observed,1,1,1
P03046,TOR_20260906_1_PA032,TOR_20260906_1,B012,Kazuma Okamoto,2026-09-06,Train,0,Kansas City Royals,9,3,2,0,0,1,0,21.0,2,Observed,1,1,1
P03047,TOR_20260906_1_PA032,TOR_20260906_1,B012,Kazuma Okamoto,2026-09-06,Train,0,Kansas City Royals,9,4,2,1,0,1,0,15.0,1,Observed,1,1,1
P03048,TOR_20260906_1_PA032,TOR_20260906_1,B012,Kazuma Okamoto,2026-09-06,Train,0,Kansas City Royals,9,5,3,1,0,1,0,14.0,1,Observed,1,1,1
P03049,TOR_20260906_1_PA032,TOR_20260906_1,B012,Kazuma Okamoto,2026-09-06,Train,0,Kansas City Royals,9,6,3,2,0,1,0,26.0,3,Observed,1,1,1
P03050,TOR_20260906_1_PA032,TOR_20260906_1,B012,Kazuma Okamoto,2026-09-06,Train,0,Kansas City Royals,9,7,3,2,0,1,0,16.0,1,Observed,1,1,1
P03051,TOR_20260906_1_PA033,TOR_20260906_1,B005,Charles McAdoo,2026-09-06,Train,0,Kansas City Royals,9,1,0,0,1,1,0,15.0,2,Observed,1,1,1
P03052,TOR_20260906_1_PA033,TOR_20260906_1,B005,Charles McAdoo,2026-09-06,Train,0,Kansas City Royals,9,2,1,0,1,1,0,12.0,1,Observed,1,1,1
P03053,TOR_20260906_1_PA033,TOR_20260906_1,B005,Charles McAdoo,2026-09-06,Train,0,Kansas City Royals,9,3,2,0,1,1,0,14.0,3,Observed,1,1,1
P03054,TOR_20260906_1_PA033,TOR_20260906_1,B005,Charles McAdoo,2026-09-06,Train,0,Kansas City Royals,9,4,2,1,1,1,0,16.0,3,Observed,1,1,1
P03055,TOR_20260906_1_PA033,TOR_20260906_1,B005,Charles McAdoo,2026-09-06,Train,0,Kansas City Royals,9,5,2,2,1,1,0,14.0,1,Observed,1,1,1
P03056,TOR_20260906_1_PA034,TOR_20260906_1,B008,Ernie Clement,2026-09-06,Train,0,Kansas City Royals,9,1,0,0,1,1,0,9.0,2,Observed,1,1,1
P03057,TOR_20260906_1_PA034,TOR_20260906_1,B008,Ernie Clement,2026-09-06,Train,0,Kansas City Royals,9,2,1,0,1,1,0,12.0,0,Observed,1,1,1
P03058,TOR_20260907_1_PA001,TOR_20260907_1,B004,Brett Bateman,2026-09-07,Train,0,Athletics,1,1,0,0,0,0,0,12.0,1,Observed,1,1,1
P03059,TOR_20260907_1_PA001,TOR_20260907_1,B004,Brett Bateman,2026-09-07,Train,0,Athletics,1,2,0,1,0,0,0,12.0,0,Observed,1,1,1
P03060,TOR_20260907_1_PA001,TOR_20260907_1,B004,Brett Bateman,2026-09-07,Train,0,Athletics,1,3,1,1,0,0,0,10.0,1,Observed,1,1,1
P03061,TOR_20260907_1_PA001,TOR_20260907_1,B004,Brett Bateman,2026-09-07,Train,0,Athletics,1,4,2,1,0,0,0,16.0,0,Observed,1,1,1
P03062,TOR_20260907_1_PA002,TOR_20260907_1,B009,George Springer,2026-09-07,Train,0,Athletics,1,1,0,0,0,0,0,13.0,1,Observed,1,1,1
P03063,TOR_20260907_1_PA002,TOR_20260907_1,B009,George Springer,2026-09-07,Train,0,Athletics,1,2,1,0,0,0,0,13.0,0,Observed,1,1,1
P03064,TOR_20260907_1_PA002,TOR_20260907_1,B009,George Springer,2026-09-07,Train,0,Athletics,1,3,1,1,0,0,0,21.0,0,Observed,1,1,1
P03065,TOR_20260907_1_PA002,TOR_20260907_1,B009,George Springer,2026-09-07,Train,0,Athletics,1,4,1,2,0,0,0,15.0,1,Observed,1,1,1
P03066,TOR_20260907_1_PA003,TOR_20260907_1,B017,Vladimir Guerrero Jr.,2026-09-07,Train,0,Athletics,1,1,0,0,0,0,0,14.0,1,Observed,1,1,1
P03067,TOR_20260907_1_PA003,TOR_20260907_1,B017,Vladimir Guerrero Jr.,2026-09-07,Train,0,Athletics,1,2,0,1,0,0,0,10.0,4,Observed,1,1,1
P03068,TOR_20260907_1_PA003,TOR_20260907_1,B017,Vladimir Guerrero Jr.,2026-09-07,Train,0,Athletics,1,3,0,2,0,0,0,16.0,2,Observed,1,1,1
P03069,TOR_20260907_1_PA003,TOR_20260907_1,B017,Vladimir Guerrero Jr.,2026-09-07,Train,0,Athletics,1,4,1,2,0,0,0,9.0,1,Observed,1,1,1
P03070,TOR_20260907_1_PA003,TOR_20260907_1,B017,Vladimir Guerrero Jr.,2026-09-07,Train,0,Athletics,1,5,1,2,0,0,0,9.0,1,Observed,1,1,1
P03071,TOR_20260907_1_PA003,TOR_20260907_1,B017,Vladimir Guerrero Jr.,2026-09-07,Train,0,Athletics,1,6,2,2,0,0,0,20.0,1,Observed,1,1,1
P03072,TOR_20260907_1_PA004,TOR_20260907_1,B001,Alejandro Kirk,2026-09-07,Train,0,Athletics,2,1,0,0,0,0,0,14.0,1,Observed,1,1,1
P03073,TOR_20260907_1_PA004,TOR_20260907_1,B001,Alejandro Kirk,2026-09-07,Train,0,Athletics,2,2,1,0,0,0,0,7.0,1,Observed,1,1,1
P03074,TOR_20260907_1_PA005,TOR_20260907_1,B012,Kazuma Okamoto,2026-09-07,Train,0,Athletics,2,1,0,0,0,0,0,16.0,0,Observed,1,1,1
P03075,TOR_20260907_1_PA005,TOR_20260907_1,B012,Kazuma Okamoto,2026-09-07,Train,0,Athletics,2,2,1,0,0,0,0,11.0,0,Observed,1,1,1
P03076,TOR_20260907_1_PA005,TOR_20260907_1,B012,Kazuma Okamoto,2026-09-07,Train,0,Athletics,2,3,2,0,0,0,0,10.0,1,Observed,1,1,1
P03077,TOR_20260907_1_PA005,TOR_20260907_1,B012,Kazuma Okamoto,2026-09-07,Train,0,Athletics,2,4,3,0,0,0,0,12.0,0,Observed,1,1,1
P03078,TOR_20260907_1_PA006,TOR_20260907_1,B014,Nathan Lukes,2026-09-07,Train,0,Athletics,2,1,0,0,0,1,0,17.0,2,Observed,1,1,1
P03079,TOR_20260907_1_PA006,TOR_20260907_1,B014,Nathan Lukes,2026-09-07,Train,0,Athletics,2,2,0,1,0,1,0,16.0,2,Observed,1,1,1
P03080,TOR_20260907_1_PA006,TOR_20260907_1,B014,Nathan Lukes,2026-09-07,Train,0,Athletics,2,3,0,2,0,1,0,12.0,3,Observed,1,1,1
P03081,TOR_20260907_1_PA007,TOR_20260907_1,B008,Ernie Clement,2026-09-07,Train,0,Athletics,2,1,0,0,1,2,0,11.0,2,Observed,1,1,1
P03082,TOR_20260907_1_PA007,TOR_20260907_1,B008,Ernie Clement,2026-09-07,Train,0,Athletics,2,2,1,0,1,2,0,10.0,1,Observed,1,1,1
P03083,TOR_20260907_1_PA007,TOR_20260907_1,B008,Ernie Clement,2026-09-07,Train,0,Athletics,2,3,1,1,1,2,0,12.0,0,Observed,1,1,1
P03084,TOR_20260907_1_PA008,TOR_20260907_1,B002,Andrés Giménez,2026-09-07,Train,0,Athletics,2,1,0,0,1,2,0,9.0,1,Observed,1,1,1
P03085,TOR_20260907_1_PA008,TOR_20260907_1,B002,Andrés Giménez,2026-09-07,Train,0,Athletics,2,2,0,1,1,2,0,11.0,1,Observed,1,1,1
P03086,TOR_20260907_1_PA009,TOR_20260907_1,B013,Myles Straw,2026-09-07,Train,0,Athletics,2,1,0,0,1,2,0,9.0,1,Observed,1,1,1
P03087,TOR_20260907_1_PA009,TOR_20260907_1,B013,Myles Straw,2026-09-07,Train,0,Athletics,2,2,1,0,1,2,0,10.0,1,Observed,1,1,1
P03088,TOR_20260907_1_PA009,TOR_20260907_1,B013,Myles Straw,2026-09-07,Train,0,Athletics,2,3,1,1,1,2,0,11.0,0,Observed,1,1,1
P03089,TOR_20260907_1_PA009,TOR_20260907_1,B013,Myles Straw,2026-09-07,Train,0,Athletics,2,4,2,1,1,2,0,18.0,0,Observed,1,1,1
P03090,TOR_20260907_1_PA009,TOR_20260907_1,B013,Myles Straw,2026-09-07,Train,0,Athletics,2,5,2,2,1,2,0,16.0,1,Observed,1,1,1
P03091,TOR_20260907_1_PA010,TOR_20260907_1,B004,Brett Bateman,2026-09-07,Train,0,Athletics,3,1,0,0,0,0,0,14.0,2,Observed,1,1,1
P03092,TOR_20260907_1_PA010,TOR_20260907_1,B004,Brett Bateman,2026-09-07,Train,0,Athletics,3,2,0,1,0,0,0,13.0,0,Observed,1,1,1
P03093,TOR_20260907_1_PA011,TOR_20260907_1,B009,George Springer,2026-09-07,Train,0,Athletics,3,1,0,0,0,0,0,10.0,1,Observed,1,1,1
P03094,TOR_20260907_1_PA011,TOR_20260907_1,B009,George Springer,2026-09-07,Train,0,Athletics,3,2,1,0,0,0,0,10.0,1,Observed,1,1,1
P03095,TOR_20260907_1_PA011,TOR_20260907_1,B009,George Springer,2026-09-07,Train,0,Athletics,3,3,1,1,0,0,0,14.0,1,Observed,1,1,1
P03096,TOR_20260907_1_PA011,TOR_20260907_1,B009,George Springer,2026-09-07,Train,0,Athletics,3,4,2,1,0,0,0,19.0,0,Observed,1,1,1
P03097,TOR_20260907_1_PA011,TOR_20260907_1,B009,George Springer,2026-09-07,Train,0,Athletics,3,5,2,2,0,0,0,15.0,1,Observed,1,1,1
P03098,TOR_20260907_1_PA011,TOR_20260907_1,B009,George Springer,2026-09-07,Train,0,Athletics,3,6,3,2,0,0,0,12.0,0,Observed,1,1,1
P03099,TOR_20260907_1_PA012,TOR_20260907_1,B017,Vladimir Guerrero Jr.,2026-09-07,Train,0,Athletics,3,1,0,0,0,0,0,16.0,2,Observed,1,1,1
P03100,TOR_20260907_1_PA012,TOR_20260907_1,B017,Vladimir Guerrero Jr.,2026-09-07,Train,0,Athletics,3,2,1,0,0,0,0,24.0,0,Observed,1,1,1
P03101,TOR_20260907_1_PA012,TOR_20260907_1,B017,Vladimir Guerrero Jr.,2026-09-07,Train,0,Athletics,3,3,2,0,0,0,0,11.0,2,Observed,1,1,1
P03102,TOR_20260907_1_PA012,TOR_20260907_1,B017,Vladimir Guerrero Jr.,2026-09-07,Train,0,Athletics,3,4,3,0,0,0,0,9.0,2,Observed,1,1,1
P03103,TOR_20260907_1_PA013,TOR_20260907_1,B001,Alejandro Kirk,2026-09-07,Train,0,Athletics,4,1,0,0,0,0,0,17.0,1,Observed,1,1,1
P03104,TOR_20260907_1_PA013,TOR_20260907_1,B001,Alejandro Kirk,2026-09-07,Train,0,Athletics,4,2,1,0,0,0,0,11.0,2,Observed,1,1,1
P03105,TOR_20260907_1_PA013,TOR_20260907_1,B001,Alejandro Kirk,2026-09-07,Train,0,Athletics,4,3,1,1,0,0,0,28.0,2,Observed,1,1,1
P03106,TOR_20260907_1_PA014,TOR_20260907_1,B012,Kazuma Okamoto,2026-09-07,Train,0,Athletics,4,1,0,0,0,0,0,21.0,1,Observed,1,1,1
P03107,TOR_20260907_1_PA014,TOR_20260907_1,B012,Kazuma Okamoto,2026-09-07,Train,0,Athletics,4,2,0,1,0,0,0,11.0,3,Observed,1,1,1
P03108,TOR_20260907_1_PA014,TOR_20260907_1,B012,Kazuma Okamoto,2026-09-07,Train,0,Athletics,4,3,1,1,0,0,0,14.0,0,Observed,1,1,1
P03109,TOR_20260907_1_PA015,TOR_20260907_1,B014,Nathan Lukes,2026-09-07,Train,0,Athletics,4,1,0,0,0,0,0,17.0,4,Observed,1,1,1
P03110,TOR_20260907_1_PA015,TOR_20260907_1,B014,Nathan Lukes,2026-09-07,Train,0,Athletics,4,2,0,1,0,0,0,14.0,3,Observed,1,1,1
P03111,TOR_20260907_1_PA015,TOR_20260907_1,B014,Nathan Lukes,2026-09-07,Train,0,Athletics,4,3,0,2,0,0,0,17.0,3,Observed,1,1,1
P03112,TOR_20260907_1_PA015,TOR_20260907_1,B014,Nathan Lukes,2026-09-07,Train,0,Athletics,4,4,1,2,0,0,0,14.0,4,Observed,1,1,1
P03113,TOR_20260907_1_PA015,TOR_20260907_1,B014,Nathan Lukes,2026-09-07,Train,0,Athletics,4,5,1,2,0,0,0,20.0,4,Observed,1,1,1
P03114,TOR_20260907_1_PA016,TOR_20260907_1,B008,Ernie Clement,2026-09-07,Train,0,Athletics,5,1,0,0,0,0,0,10.0,0,Observed,1,1,1
P03115,TOR_20260907_1_PA016,TOR_20260907_1,B008,Ernie Clement,2026-09-07,Train,0,Athletics,5,2,0,1,0,0,0,10.0,2,Observed,1,1,1
P03116,TOR_20260907_1_PA016,TOR_20260907_1,B008,Ernie Clement,2026-09-07,Train,0,Athletics,5,3,0,2,0,0,0,11.0,1,Observed,1,1,1
P03117,TOR_20260907_1_PA016,TOR_20260907_1,B008,Ernie Clement,2026-09-07,Train,0,Athletics,5,4,1,2,0,0,0,17.0,1,Observed,1,1,1
P03118,TOR_20260907_1_PA017,TOR_20260907_1,B002,Andrés Giménez,2026-09-07,Train,0,Athletics,5,1,0,0,0,0,0,13.0,0,Observed,1,1,1
P03119,TOR_20260907_1_PA017,TOR_20260907_1,B002,Andrés Giménez,2026-09-07,Train,0,Athletics,5,2,0,1,0,0,0,13.0,2,Observed,1,1,1
P03120,TOR_20260907_1_PA017,TOR_20260907_1,B002,Andrés Giménez,2026-09-07,Train,0,Athletics,5,3,0,2,0,0,0,12.0,1,Observed,1,1,1
P03121,TOR_20260907_1_PA017,TOR_20260907_1,B002,Andrés Giménez,2026-09-07,Train,0,Athletics,5,4,1,2,0,0,0,21.0,1,Observed,1,1,1
P03122,TOR_20260907_1_PA018,TOR_20260907_1,B013,Myles Straw,2026-09-07,Train,0,Athletics,5,1,0,0,0,0,0,14.0,3,Observed,1,1,1
P03123,TOR_20260907_1_PA018,TOR_20260907_1,B013,Myles Straw,2026-09-07,Train,0,Athletics,5,2,0,1,0,0,0,10.0,1,Observed,1,1,1
P03124,TOR_20260907_1_PA018,TOR_20260907_1,B013,Myles Straw,2026-09-07,Train,0,Athletics,5,3,1,1,0,0,0,15.0,1,Observed,1,1,1
P03125,TOR_20260907_1_PA019,TOR_20260907_1,B004,Brett Bateman,2026-09-07,Train,0,Athletics,6,1,0,0,0,0,0,13.0,0,Observed,1,1,1
P03126,TOR_20260907_1_PA019,TOR_20260907_1,B004,Brett Bateman,2026-09-07,Train,0,Athletics,6,2,1,0,0,0,0,9.0,1,Observed,1,1,1
P03127,TOR_20260907_1_PA019,TOR_20260907_1,B004,Brett Bateman,2026-09-07,Train,0,Athletics,6,3,1,1,0,0,0,12.0,0,Observed,1,1,1
P03128,TOR_20260907_1_PA019,TOR_20260907_1,B004,Brett Bateman,2026-09-07,Train,0,Athletics,6,4,1,2,0,0,0,18.0,1,Observed,1,1,1
P03129,TOR_20260907_1_PA020,TOR_20260907_1,B009,George Springer,2026-09-07,Train,0,Athletics,6,1,0,0,0,0,0,10.0,0,Observed,1,1,1
P03130,TOR_20260907_1_PA021,TOR_20260907_1,B017,Vladimir Guerrero Jr.,2026-09-07,Train,0,Athletics,6,1,0,0,0,0,0,9.0,1,Observed,1,1,1
P03131,TOR_20260907_1_PA021,TOR_20260907_1,B017,Vladimir Guerrero Jr.,2026-09-07,Train,0,Athletics,6,2,0,1,0,0,0,16.0,0,Observed,1,1,1
P03132,TOR_20260907_1_PA022,TOR_20260907_1,B001,Alejandro Kirk,2026-09-07,Train,0,Athletics,6,1,0,0,0,1,0,13.0,3,Observed,1,1,1
P03133,TOR_20260907_1_PA022,TOR_20260907_1,B001,Alejandro Kirk,2026-09-07,Train,0,Athletics,6,2,0,1,0,1,0,14.0,3,Observed,1,1,1
P03134,TOR_20260907_1_PA022,TOR_20260907_1,B001,Alejandro Kirk,2026-09-07,Train,0,Athletics,6,3,1,1,0,1,0,23.0,2,Observed,1,1,1
P03135,TOR_20260907_1_PA022,TOR_20260907_1,B001,Alejandro Kirk,2026-09-07,Train,0,Athletics,6,4,2,1,0,1,0,11.0,2,Observed,1,1,1
P03136,TOR_20260907_1_PA022,TOR_20260907_1,B001,Alejandro Kirk,2026-09-07,Train,0,Athletics,6,5,2,2,0,1,0,17.0,2,Observed,1,1,1
P03137,TOR_20260907_1_PA023,TOR_20260907_1,B012,Kazuma Okamoto,2026-09-07,Train,0,Athletics,7,1,0,0,0,0,0,17.0,2,Observed,1,1,1
P03138,TOR_20260907_1_PA023,TOR_20260907_1,B012,Kazuma Okamoto,2026-09-07,Train,0,Athletics,7,2,0,1,0,0,0,11.0,2,Observed,1,1,1
P03139,TOR_20260907_1_PA024,TOR_20260907_1,B014,Nathan Lukes,2026-09-07,Train,0,Athletics,7,1,0,0,0,0,0,18.0,3,Observed,1,1,1
P03140,TOR_20260907_1_PA024,TOR_20260907_1,B014,Nathan Lukes,2026-09-07,Train,0,Athletics,7,2,0,1,0,0,0,17.0,2,Observed,1,1,1
P03141,TOR_20260907_1_PA024,TOR_20260907_1,B014,Nathan Lukes,2026-09-07,Train,0,Athletics,7,3,1,1,0,0,0,21.0,5,Observed,1,1,1
P03142,TOR_20260907_1_PA024,TOR_20260907_1,B014,Nathan Lukes,2026-09-07,Train,0,Athletics,7,4,1,2,0,0,0,23.0,3,Observed,1,1,1
P03143,TOR_20260907_1_PA025,TOR_20260907_1,B008,Ernie Clement,2026-09-07,Train,0,Athletics,7,1,0,0,0,1,0,12.0,2,Observed,1,1,1
P03144,TOR_20260907_1_PA025,TOR_20260907_1,B008,Ernie Clement,2026-09-07,Train,0,Athletics,7,2,0,1,0,1,0,14.0,2,Observed,1,1,1
P03145,TOR_20260907_1_PA025,TOR_20260907_1,B008,Ernie Clement,2026-09-07,Train,0,Athletics,7,3,0,2,0,1,0,13.0,2,Observed,1,1,1
P03146,TOR_20260907_1_PA025,TOR_20260907_1,B008,Ernie Clement,2026-09-07,Train,0,Athletics,7,4,1,2,0,1,0,25.0,0,Observed,1,1,1
P03147,TOR_20260907_1_PA025,TOR_20260907_1,B008,Ernie Clement,2026-09-07,Train,0,Athletics,7,5,1,2,0,1,0,32.0,0,Observed,1,1,1
P03148,TOR_20260907_1_PA026,TOR_20260907_1,B002,Andrés Giménez,2026-09-07,Train,0,Athletics,7,1,0,0,1,2,0,10.0,0,Observed,1,1,1
P03149,TOR_20260907_1_PA026,TOR_20260907_1,B002,Andrés Giménez,2026-09-07,Train,0,Athletics,7,2,0,1,1,2,0,15.0,2,Observed,1,1,1
P03150,TOR_20260907_1_PA026,TOR_20260907_1,B002,Andrés Giménez,2026-09-07,Train,0,Athletics,7,3,0,2,1,2,0,12.0,1,Observed,1,1,1
P03151,TOR_20260907_1_PA027,TOR_20260907_1,B011,Josh H. Smith,2026-09-07,Train,0,Athletics,7,1,0,0,1,2,0,10.0,2,Observed,1,1,1
P03152,TOR_20260907_1_PA027,TOR_20260907_1,B011,Josh H. Smith,2026-09-07,Train,0,Athletics,7,2,1,0,1,2,0,11.0,2,Observed,1,1,1
P03153,TOR_20260907_1_PA027,TOR_20260907_1,B011,Josh H. Smith,2026-09-07,Train,0,Athletics,7,3,2,0,1,2,0,28.0,5,Observed,1,1,1
P03154,TOR_20260907_1_PA028,TOR_20260907_1,B004,Brett Bateman,2026-09-07,Train,0,Athletics,7,1,0,0,1,1,0,10.0,1,Observed,1,1,1
P03155,TOR_20260907_1_PA028,TOR_20260907_1,B004,Brett Bateman,2026-09-07,Train,0,Athletics,7,2,0,1,1,1,0,19.0,1,Observed,1,1,1
P03156,TOR_20260907_1_PA028,TOR_20260907_1,B004,Brett Bateman,2026-09-07,Train,0,Athletics,7,3,0,2,1,1,0,9.0,1,Observed,1,1,1
P03157,TOR_20260907_1_PA028,TOR_20260907_1,B004,Brett Bateman,2026-09-07,Train,0,Athletics,7,4,1,2,1,1,0,23.0,0,Observed,1,1,1
P03158,TOR_20260907_1_PA028,TOR_20260907_1,B004,Brett Bateman,2026-09-07,Train,0,Athletics,7,5,2,2,1,1,0,11.0,0,Observed,1,1,1
P03159,TOR_20260907_1_PA029,TOR_20260907_1,B009,George Springer,2026-09-07,Train,0,Athletics,8,1,0,0,0,0,0,13.0,1,Observed,1,1,1
P03160,TOR_20260907_1_PA029,TOR_20260907_1,B009,George Springer,2026-09-07,Train,0,Athletics,8,2,0,1,0,0,0,13.0,1,Observed,1,1,1
P03161,TOR_20260907_1_PA029,TOR_20260907_1,B009,George Springer,2026-09-07,Train,0,Athletics,8,3,0,2,0,0,0,17.0,1,Observed,1,1,1
P03162,TOR_20260907_1_PA029,TOR_20260907_1,B009,George Springer,2026-09-07,Train,0,Athletics,8,4,0,2,0,0,0,15.0,1,Observed,1,1,1
P03163,TOR_20260907_1_PA029,TOR_20260907_1,B009,George Springer,2026-09-07,Train,0,Athletics,8,5,1,2,0,0,0,15.0,1,Observed,1,1,1
P03164,TOR_20260907_1_PA030,TOR_20260907_1,B017,Vladimir Guerrero Jr.,2026-09-07,Train,0,Athletics,8,1,0,0,0,0,0,19.0,2,Observed,1,1,1
P03165,TOR_20260907_1_PA030,TOR_20260907_1,B017,Vladimir Guerrero Jr.,2026-09-07,Train,0,Athletics,8,2,1,0,0,0,0,30.0,0,Observed,1,1,1
P03166,TOR_20260907_1_PA030,TOR_20260907_1,B017,Vladimir Guerrero Jr.,2026-09-07,Train,0,Athletics,8,3,1,1,0,0,0,10.0,3,Observed,1,1,1
P03167,TOR_20260907_1_PA030,TOR_20260907_1,B017,Vladimir Guerrero Jr.,2026-09-07,Train,0,Athletics,8,4,2,1,0,0,0,13.0,0,Observed,1,1,1
P03168,TOR_20260907_1_PA031,TOR_20260907_1,B001,Alejandro Kirk,2026-09-07,Train,0,Athletics,8,1,0,0,0,0,0,11.0,3,Observed,1,1,1
P03169,TOR_20260907_1_PA031,TOR_20260907_1,B001,Alejandro Kirk,2026-09-07,Train,0,Athletics,8,2,0,1,0,0,0,7.0,5,Observed,1,1,1
P03170,TOR_20260907_1_PA032,TOR_20260907_1,B012,Kazuma Okamoto,2026-09-07,Train,0,Athletics,8,1,0,0,0,1,0,14.0,0,Observed,1,1,1
P03171,TOR_20260907_1_PA032,TOR_20260907_1,B012,Kazuma Okamoto,2026-09-07,Train,0,Athletics,8,2,1,0,0,1,0,14.0,2,Observed,1,1,1
P03172,TOR_20260907_1_PA032,TOR_20260907_1,B012,Kazuma Okamoto,2026-09-07,Train,0,Athletics,8,3,1,1,0,1,0,10.0,1,Observed,1,1,1
P03173,TOR_20260907_1_PA032,TOR_20260907_1,B012,Kazuma Okamoto,2026-09-07,Train,0,Athletics,8,4,2,1,0,1,0,11.0,0,Observed,1,1,1
P03174,TOR_20260907_1_PA032,TOR_20260907_1,B012,Kazuma Okamoto,2026-09-07,Train,0,Athletics,8,5,3,1,0,1,0,15.0,1,Observed,1,1,1
P03175,TOR_20260907_1_PA032,TOR_20260907_1,B012,Kazuma Okamoto,2026-09-07,Train,0,Athletics,8,6,3,2,0,1,0,10.0,1,Observed,1,1,1
P03176,TOR_20260907_1_PA033,TOR_20260907_1,B014,Nathan Lukes,2026-09-07,Train,0,Athletics,8,1,0,0,1,2,0,17.0,5,Observed,1,1,1
P03177,TOR_20260907_1_PA033,TOR_20260907_1,B014,Nathan Lukes,2026-09-07,Train,0,Athletics,8,2,0,1,1,2,0,16.0,2,Observed,1,1,1
P03178,TOR_20260907_1_PA033,TOR_20260907_1,B014,Nathan Lukes,2026-09-07,Train,0,Athletics,8,3,0,2,1,2,0,13.0,2,Observed,1,1,1
P03179,TOR_20260907_1_PA034,TOR_20260907_1,B008,Ernie Clement,2026-09-07,Train,0,Athletics,9,1,0,0,0,0,0,14.0,3,Observed,1,1,1
P03180,TOR_20260907_1_PA034,TOR_20260907_1,B008,Ernie Clement,2026-09-07,Train,0,Athletics,9,2,0,1,0,0,0,12.0,2,Observed,1,1,1
P03181,TOR_20260907_1_PA034,TOR_20260907_1,B008,Ernie Clement,2026-09-07,Train,0,Athletics,9,3,0,2,0,0,0,11.0,4,Observed,1,1,1
P03182,TOR_20260907_1_PA035,TOR_20260907_1,B002,Andrés Giménez,2026-09-07,Train,0,Athletics,9,1,0,0,0,0,0,18.0,1,Observed,1,1,1
P03183,TOR_20260907_1_PA035,TOR_20260907_1,B002,Andrés Giménez,2026-09-07,Train,0,Athletics,9,2,1,0,0,0,0,10.0,1,Observed,1,1,1
P03184,TOR_20260907_1_PA035,TOR_20260907_1,B002,Andrés Giménez,2026-09-07,Train,0,Athletics,9,3,1,1,0,0,0,13.0,3,Observed,1,1,1
P03185,TOR_20260907_1_PA036,TOR_20260907_1,B011,Josh H. Smith,2026-09-07,Train,0,Athletics,9,1,0,0,0,0,0,12.0,1,Observed,1,1,1
P03186,TOR_20260907_1_PA036,TOR_20260907_1,B011,Josh H. Smith,2026-09-07,Train,0,Athletics,9,2,1,0,0,0,0,21.0,3,Observed,1,1,1
P03187,TOR_20260907_1_PA036,TOR_20260907_1,B011,Josh H. Smith,2026-09-07,Train,0,Athletics,9,3,1,1,0,0,0,20.0,3,Observed,1,1,1
P03188,TOR_20260907_1_PA036,TOR_20260907_1,B011,Josh H. Smith,2026-09-07,Train,0,Athletics,9,4,1,2,0,0,0,19.0,4,Observed,1,1,1
P03189,TOR_20260907_1_PA037,TOR_20260907_1,B004,Brett Bateman,2026-09-07,Train,0,Athletics,9,1,0,0,0,0,0,13.0,0,Observed,1,1,1
P03190,TOR_20260907_1_PA037,TOR_20260907_1,B004,Brett Bateman,2026-09-07,Train,0,Athletics,9,2,1,0,0,0,0,12.0,0,Observed,1,1,1
P03191,TOR_20260907_1_PA037,TOR_20260907_1,B004,Brett Bateman,2026-09-07,Train,0,Athletics,9,3,1,1,0,0,0,10.0,1,Observed,1,1,1
P03192,TOR_20260907_1_PA037,TOR_20260907_1,B004,Brett Bateman,2026-09-07,Train,0,Athletics,9,4,1,2,0,0,0,14.0,0,Observed,1,1,1
P03193,TOR_20260907_1_PA037,TOR_20260907_1,B004,Brett Bateman,2026-09-07,Train,0,Athletics,9,5,2,2,0,0,0,40.0,0,Observed,1,1,1
P03194,TOR_20260907_1_PA037,TOR_20260907_1,B004,Brett Bateman,2026-09-07,Train,0,Athletics,9,6,3,2,0,0,0,10.0,0,Observed,1,1,1
P03195,TOR_20260907_1_PA037,TOR_20260907_1,B004,Brett Bateman,2026-09-07,Train,0,Athletics,9,7,3,2,0,0,0,12.0,0,Observed,1,1,1
P03196,TOR_20260907_1_PA037,TOR_20260907_1,B004,Brett Bateman,2026-09-07,Train,0,Athletics,9,8,3,2,0,0,0,9.0,0,Observed,1,1,1
P03197,TOR_20260907_1_PA038,TOR_20260907_1,B009,George Springer,2026-09-07,Train,0,Athletics,9,1,0,0,0,1,0,11.0,1,Observed,1,1,1
P03198,TOR_20260907_1_PA038,TOR_20260907_1,B009,George Springer,2026-09-07,Train,0,Athletics,9,2,0,1,0,1,0,10.0,1,Observed,1,1,1
P03199,TOR_20260907_1_PA038,TOR_20260907_1,B009,George Springer,2026-09-07,Train,0,Athletics,9,3,0,2,0,1,0,20.0,0,Observed,1,1,1
P03200,TOR_20260907_1_PA038,TOR_20260907_1,B009,George Springer,2026-09-07,Train,0,Athletics,9,4,0,2,0,1,0,13.0,1,Observed,1,1,1
P03201,TOR_20260908_1_PA001,TOR_20260908_1,B004,Brett Bateman,2026-09-08,Train,0,Athletics,1,1,0,0,0,0,0,12.0,1,Observed,1,1,1
P03202,TOR_20260908_1_PA001,TOR_20260908_1,B004,Brett Bateman,2026-09-08,Train,0,Athletics,1,2,0,1,0,0,0,12.0,0,Observed,1,1,1
P03203,TOR_20260908_1_PA001,TOR_20260908_1,B004,Brett Bateman,2026-09-08,Train,0,Athletics,1,3,0,2,0,0,0,9.0,1,Observed,1,1,1
P03204,TOR_20260908_1_PA002,TOR_20260908_1,B014,Nathan Lukes,2026-09-08,Train,0,Athletics,1,1,0,0,0,1,0,17.0,2,Observed,1,1,1
P03205,TOR_20260908_1_PA002,TOR_20260908_1,B014,Nathan Lukes,2026-09-08,Train,0,Athletics,1,2,0,1,0,1,0,13.0,4,Observed,1,1,1
P03206,TOR_20260908_1_PA002,TOR_20260908_1,B014,Nathan Lukes,2026-09-08,Train,0,Athletics,1,3,0,2,0,1,0,17.0,3,Observed,1,1,1
P03207,TOR_20260908_1_PA002,TOR_20260908_1,B014,Nathan Lukes,2026-09-08,Train,0,Athletics,1,4,1,2,0,1,0,24.0,2,Observed,1,1,1
P03208,TOR_20260908_1_PA003,TOR_20260908_1,B017,Vladimir Guerrero Jr.,2026-09-08,Train,0,Athletics,1,1,0,0,0,1,0,21.0,1,Observed,1,1,1
P03209,TOR_20260908_1_PA003,TOR_20260908_1,B017,Vladimir Guerrero Jr.,2026-09-08,Train,0,Athletics,1,2,0,1,0,1,0,12.0,1,Observed,1,1,1
P03210,TOR_20260908_1_PA003,TOR_20260908_1,B017,Vladimir Guerrero Jr.,2026-09-08,Train,0,Athletics,1,3,0,2,0,1,0,15.0,0,Observed,1,1,1
P03211,TOR_20260908_1_PA003,TOR_20260908_1,B017,Vladimir Guerrero Jr.,2026-09-08,Train,0,Athletics,1,4,1,2,0,1,0,17.0,1,Observed,1,1,1
P03212,TOR_20260908_1_PA004,TOR_20260908_1,B001,Alejandro Kirk,2026-09-08,Train,0,Athletics,1,1,0,0,0,1,0,16.0,3,Observed,1,1,1
P03213,TOR_20260908_1_PA004,TOR_20260908_1,B001,Alejandro Kirk,2026-09-08,Train,0,Athletics,1,2,1,0,0,1,0,7.0,1,Observed,1,1,1
P03214,TOR_20260908_1_PA004,TOR_20260908_1,B001,Alejandro Kirk,2026-09-08,Train,0,Athletics,1,3,1,1,0,1,0,18.0,3,Observed,1,1,1
P03215,TOR_20260908_1_PA004,TOR_20260908_1,B001,Alejandro Kirk,2026-09-08,Train,0,Athletics,1,4,1,2,0,1,0,16.0,3,Observed,1,1,1
P03216,TOR_20260908_1_PA004,TOR_20260908_1,B001,Alejandro Kirk,2026-09-08,Train,0,Athletics,1,5,1,2,0,1,0,10.0,3,Observed,1,1,1
P03217,TOR_20260908_1_PA005,TOR_20260908_1,B011,Josh H. Smith,2026-09-08,Train,0,Athletics,2,1,0,0,0,0,0,11.0,4,Observed,1,1,1
P03218,TOR_20260908_1_PA005,TOR_20260908_1,B011,Josh H. Smith,2026-09-08,Train,0,Athletics,2,2,1,0,0,0,0,23.0,4,Observed,1,1,1
P03219,TOR_20260908_1_PA005,TOR_20260908_1,B011,Josh H. Smith,2026-09-08,Train,0,Athletics,2,3,1,1,0,0,0,16.0,2,Observed,1,1,1
P03220,TOR_20260908_1_PA005,TOR_20260908_1,B011,Josh H. Smith,2026-09-08,Train,0,Athletics,2,4,1,2,0,0,0,18.0,2,Observed,1,1,1
P03221,TOR_20260908_1_PA005,TOR_20260908_1,B011,Josh H. Smith,2026-09-08,Train,0,Athletics,2,5,2,2,0,0,0,19.0,4,Observed,1,1,1
P03222,TOR_20260908_1_PA006,TOR_20260908_1,B012,Kazuma Okamoto,2026-09-08,Train,0,Athletics,2,1,0,0,0,0,0,15.0,1,Observed,1,1,1
P03223,TOR_20260908_1_PA006,TOR_20260908_1,B012,Kazuma Okamoto,2026-09-08,Train,0,Athletics,2,2,0,1,0,0,0,17.0,0,Observed,1,1,1
P03224,TOR_20260908_1_PA006,TOR_20260908_1,B012,Kazuma Okamoto,2026-09-08,Train,0,Athletics,2,3,1,1,0,0,0,14.0,2,Observed,1,1,1
P03225,TOR_20260908_1_PA006,TOR_20260908_1,B012,Kazuma Okamoto,2026-09-08,Train,0,Athletics,2,4,2,1,0,0,0,15.0,1,Observed,1,1,1
P03226,TOR_20260908_1_PA007,TOR_20260908_1,B002,Andrés Giménez,2026-09-08,Train,0,Athletics,2,1,0,0,0,0,0,9.0,1,Observed,1,1,1
P03227,TOR_20260908_1_PA007,TOR_20260908_1,B002,Andrés Giménez,2026-09-08,Train,0,Athletics,2,2,1,0,0,0,0,8.0,0,Observed,1,1,1
P03228,TOR_20260908_1_PA007,TOR_20260908_1,B002,Andrés Giménez,2026-09-08,Train,0,Athletics,2,3,2,0,0,0,0,15.0,1,Observed,1,1,1
P03229,TOR_20260908_1_PA007,TOR_20260908_1,B002,Andrés Giménez,2026-09-08,Train,0,Athletics,2,4,2,1,0,0,0,11.0,2,Observed,1,1,1
P03230,TOR_20260908_1_PA008,TOR_20260908_1,B010,Jesús Sánchez,2026-09-08,Train,0,Athletics,2,1,0,0,0,1,0,4.0,1,Observed,1,1,1
P03231,TOR_20260908_1_PA008,TOR_20260908_1,B010,Jesús Sánchez,2026-09-08,Train,0,Athletics,2,2,0,1,0,1,0,20.0,3,Observed,1,1,1
P03232,TOR_20260908_1_PA008,TOR_20260908_1,B010,Jesús Sánchez,2026-09-08,Train,0,Athletics,2,3,0,2,0,1,0,17.0,0,Observed,1,1,1
P03233,TOR_20260908_1_PA009,TOR_20260908_1,B008,Ernie Clement,2026-09-08,Train,0,Athletics,2,1,0,0,0,0,0,20.0,0,Observed,1,1,1
P03234,TOR_20260908_1_PA009,TOR_20260908_1,B008,Ernie Clement,2026-09-08,Train,0,Athletics,2,2,0,1,0,0,0,14.0,2,Observed,1,1,1
P03235,TOR_20260908_1_PA009,TOR_20260908_1,B008,Ernie Clement,2026-09-08,Train,0,Athletics,2,3,1,1,0,0,0,14.0,0,Observed,1,1,1
P03236,TOR_20260908_1_PA010,TOR_20260908_1,B004,Brett Bateman,2026-09-08,Train,0,Athletics,3,1,0,0,0,0,0,14.0,2,Observed,1,1,1
P03237,TOR_20260908_1_PA010,TOR_20260908_1,B004,Brett Bateman,2026-09-08,Train,0,Athletics,3,2,1,0,0,0,0,14.0,0,Observed,1,1,1
P03238,TOR_20260908_1_PA010,TOR_20260908_1,B004,Brett Bateman,2026-09-08,Train,0,Athletics,3,3,2,0,0,0,0,14.0,0,Observed,1,1,1
P03239,TOR_20260908_1_PA010,TOR_20260908_1,B004,Brett Bateman,2026-09-08,Train,0,Athletics,3,4,2,1,0,0,0,15.0,0,Observed,1,1,1
P03240,TOR_20260908_1_PA010,TOR_20260908_1,B004,Brett Bateman,2026-09-08,Train,0,Athletics,3,5,3,1,0,0,0,18.0,0,Observed,1,1,1
P03241,TOR_20260908_1_PA011,TOR_20260908_1,B014,Nathan Lukes,2026-09-08,Train,0,Athletics,3,1,0,0,0,0,0,13.0,2,Observed,1,1,1
P03242,TOR_20260908_1_PA011,TOR_20260908_1,B014,Nathan Lukes,2026-09-08,Train,0,Athletics,3,2,1,0,0,0,0,16.0,3,Observed,1,1,1
P03243,TOR_20260908_1_PA012,TOR_20260908_1,B017,Vladimir Guerrero Jr.,2026-09-08,Train,0,Athletics,3,1,0,0,0,0,0,16.0,1,Observed,1,1,1
P03244,TOR_20260908_1_PA012,TOR_20260908_1,B017,Vladimir Guerrero Jr.,2026-09-08,Train,0,Athletics,3,2,0,1,0,0,0,21.0,1,Observed,1,1,1
P03245,TOR_20260908_1_PA013,TOR_20260908_1,B001,Alejandro Kirk,2026-09-08,Train,0,Athletics,4,1,0,0,0,0,0,13.0,1,Observed,1,1,1
P03246,TOR_20260908_1_PA013,TOR_20260908_1,B001,Alejandro Kirk,2026-09-08,Train,0,Athletics,4,2,0,1,0,0,0,12.0,2,Observed,1,1,1
P03247,TOR_20260908_1_PA014,TOR_20260908_1,B011,Josh H. Smith,2026-09-08,Train,0,Athletics,4,1,0,0,0,0,0,34.0,3,Observed,1,1,1
P03248,TOR_20260908_1_PA014,TOR_20260908_1,B011,Josh H. Smith,2026-09-08,Train,0,Athletics,4,2,0,1,0,0,0,18.0,2,Observed,1,1,1
P03249,TOR_20260908_1_PA014,TOR_20260908_1,B011,Josh H. Smith,2026-09-08,Train,0,Athletics,4,3,1,1,0,0,0,21.0,4,Observed,1,1,1
P03250,TOR_20260908_1_PA014,TOR_20260908_1,B011,Josh H. Smith,2026-09-08,Train,0,Athletics,4,4,2,1,0,0,0,18.0,4,Observed,1,1,1
P03251,TOR_20260908_1_PA015,TOR_20260908_1,B012,Kazuma Okamoto,2026-09-08,Train,0,Athletics,4,1,0,0,0,1,0,10.0,1,Observed,1,1,1
P03252,TOR_20260908_1_PA015,TOR_20260908_1,B012,Kazuma Okamoto,2026-09-08,Train,0,Athletics,4,2,1,0,0,1,0,14.0,1,Observed,1,1,1
P03253,TOR_20260908_1_PA015,TOR_20260908_1,B012,Kazuma Okamoto,2026-09-08,Train,0,Athletics,4,3,1,1,0,1,0,14.0,0,Observed,1,1,1
P03254,TOR_20260908_1_PA015,TOR_20260908_1,B012,Kazuma Okamoto,2026-09-08,Train,0,Athletics,4,4,2,1,0,1,0,13.0,1,Observed,1,1,1
P03255,TOR_20260908_1_PA016,TOR_20260908_1,B002,Andrés Giménez,2026-09-08,Train,0,Athletics,4,1,0,0,1,1,0,13.0,1,Observed,1,1,1
P03256,TOR_20260908_1_PA016,TOR_20260908_1,B002,Andrés Giménez,2026-09-08,Train,0,Athletics,4,2,1,0,1,1,0,10.0,3,Observed,1,1,1
P03257,TOR_20260908_1_PA016,TOR_20260908_1,B002,Andrés Giménez,2026-09-08,Train,0,Athletics,4,3,1,1,1,1,0,19.0,1,Observed,1,1,1
P03258,TOR_20260908_1_PA016,TOR_20260908_1,B002,Andrés Giménez,2026-09-08,Train,0,Athletics,4,4,1,2,1,1,0,15.0,1,Observed,1,1,1
P03259,TOR_20260908_1_PA016,TOR_20260908_1,B002,Andrés Giménez,2026-09-08,Train,0,Athletics,4,5,1,2,1,1,0,13.0,2,Observed,1,1,1
P03260,TOR_20260908_1_PA016,TOR_20260908_1,B002,Andrés Giménez,2026-09-08,Train,0,Athletics,4,6,1,2,1,1,0,15.0,0,Observed,1,1,1
P03261,TOR_20260908_1_PA017,TOR_20260908_1,B010,Jesús Sánchez,2026-09-08,Train,0,Athletics,5,1,0,0,0,0,0,22.0,3,Observed,1,1,1
P03262,TOR_20260908_1_PA017,TOR_20260908_1,B010,Jesús Sánchez,2026-09-08,Train,0,Athletics,5,2,1,0,0,0,0,13.0,6,Observed,1,1,1
P03263,TOR_20260908_1_PA017,TOR_20260908_1,B010,Jesús Sánchez,2026-09-08,Train,0,Athletics,5,3,1,1,0,0,0,23.0,1,Observed,1,1,1
P03264,TOR_20260908_1_PA017,TOR_20260908_1,B010,Jesús Sánchez,2026-09-08,Train,0,Athletics,5,4,1,2,0,0,0,15.0,4,Observed,1,1,1
P03265,TOR_20260908_1_PA017,TOR_20260908_1,B010,Jesús Sánchez,2026-09-08,Train,0,Athletics,5,5,1,2,0,0,0,19.0,2,Observed,1,1,1
P03266,TOR_20260908_1_PA017,TOR_20260908_1,B010,Jesús Sánchez,2026-09-08,Train,0,Athletics,5,6,1,2,0,0,0,7.0,0,Observed,1,1,1
P03267,TOR_20260908_1_PA017,TOR_20260908_1,B010,Jesús Sánchez,2026-09-08,Train,0,Athletics,5,7,1,2,0,0,0,19.0,1,Observed,1,1,1
P03268,TOR_20260908_1_PA017,TOR_20260908_1,B010,Jesús Sánchez,2026-09-08,Train,0,Athletics,5,8,2,2,0,0,0,18.0,1,Observed,1,1,1
P03269,TOR_20260908_1_PA018,TOR_20260908_1,B008,Ernie Clement,2026-09-08,Train,0,Athletics,5,1,0,0,0,0,0,14.0,1,Observed,1,1,1
P03270,TOR_20260908_1_PA018,TOR_20260908_1,B008,Ernie Clement,2026-09-08,Train,0,Athletics,5,2,1,0,0,0,0,13.0,1,Observed,1,1,1
P03271,TOR_20260908_1_PA019,TOR_20260908_1,B004,Brett Bateman,2026-09-08,Train,0,Athletics,5,1,0,0,0,0,0,10.0,1,Observed,1,1,1
P03272,TOR_20260908_1_PA019,TOR_20260908_1,B004,Brett Bateman,2026-09-08,Train,0,Athletics,5,2,1,0,0,0,0,19.0,0,Observed,1,1,1
P03273,TOR_20260908_1_PA019,TOR_20260908_1,B004,Brett Bateman,2026-09-08,Train,0,Athletics,5,3,2,0,0,0,0,17.0,0,Observed,1,1,1
P03274,TOR_20260908_1_PA019,TOR_20260908_1,B004,Brett Bateman,2026-09-08,Train,0,Athletics,5,4,2,1,0,0,0,26.0,1,Observed,1,1,1
P03275,TOR_20260908_1_PA019,TOR_20260908_1,B004,Brett Bateman,2026-09-08,Train,0,Athletics,5,5,3,1,0,0,0,40.0,0,Observed,1,1,1
P03276,TOR_20260908_1_PA019,TOR_20260908_1,B004,Brett Bateman,2026-09-08,Train,0,Athletics,5,6,3,2,0,0,0,11.0,0,Observed,1,1,1
P03277,TOR_20260908_1_PA020,TOR_20260908_1,B014,Nathan Lukes,2026-09-08,Train,0,Athletics,6,1,0,0,0,0,0,32.0,3,Observed,1,1,1
P03278,TOR_20260908_1_PA020,TOR_20260908_1,B014,Nathan Lukes,2026-09-08,Train,0,Athletics,6,2,1,0,0,0,0,11.0,2,Observed,1,1,1
P03279,TOR_20260908_1_PA020,TOR_20260908_1,B014,Nathan Lukes,2026-09-08,Train,0,Athletics,6,3,2,0,0,0,0,17.0,2,Observed,1,1,1
P03280,TOR_20260908_1_PA020,TOR_20260908_1,B014,Nathan Lukes,2026-09-08,Train,0,Athletics,6,4,2,1,0,0,0,4.0,3,Observed,1,1,1
P03281,TOR_20260908_1_PA020,TOR_20260908_1,B014,Nathan Lukes,2026-09-08,Train,0,Athletics,6,5,3,1,0,0,0,11.0,5,Observed,1,1,1
P03282,TOR_20260908_1_PA020,TOR_20260908_1,B014,Nathan Lukes,2026-09-08,Train,0,Athletics,6,6,3,2,0,0,0,16.0,2,Observed,1,1,1
P03283,TOR_20260908_1_PA021,TOR_20260908_1,B017,Vladimir Guerrero Jr.,2026-09-08,Train,0,Athletics,6,1,0,0,0,1,0,13.0,3,Observed,1,1,1
P03284,TOR_20260908_1_PA021,TOR_20260908_1,B017,Vladimir Guerrero Jr.,2026-09-08,Train,0,Athletics,6,2,1,0,0,1,0,12.0,0,Observed,1,1,1
P03285,TOR_20260908_1_PA021,TOR_20260908_1,B017,Vladimir Guerrero Jr.,2026-09-08,Train,0,Athletics,6,3,1,1,0,1,0,14.0,3,Observed,1,1,1
P03286,TOR_20260908_1_PA021,TOR_20260908_1,B017,Vladimir Guerrero Jr.,2026-09-08,Train,0,Athletics,6,4,1,2,0,1,0,20.0,1,Observed,1,1,1
P03287,TOR_20260908_1_PA022,TOR_20260908_1,B001,Alejandro Kirk,2026-09-08,Train,0,Athletics,6,1,0,0,1,2,0,9.0,2,Observed,1,1,1
P03288,TOR_20260908_1_PA022,TOR_20260908_1,B001,Alejandro Kirk,2026-09-08,Train,0,Athletics,6,2,1,0,1,2,0,7.0,1,Observed,1,1,1
P03289,TOR_20260908_1_PA022,TOR_20260908_1,B001,Alejandro Kirk,2026-09-08,Train,0,Athletics,6,3,1,1,1,2,0,19.0,2,Observed,1,1,1
P03290,TOR_20260908_1_PA022,TOR_20260908_1,B001,Alejandro Kirk,2026-09-08,Train,0,Athletics,6,4,2,1,1,2,0,27.0,3,Observed,1,1,1
P03291,TOR_20260908_1_PA022,TOR_20260908_1,B001,Alejandro Kirk,2026-09-08,Train,0,Athletics,6,5,3,1,1,2,0,27.0,2,Observed,1,1,1
P03292,TOR_20260908_1_PA022,TOR_20260908_1,B001,Alejandro Kirk,2026-09-08,Train,0,Athletics,6,6,3,2,1,2,0,14.0,3,Observed,1,1,1
P03293,TOR_20260908_1_PA022,TOR_20260908_1,B001,Alejandro Kirk,2026-09-08,Train,0,Athletics,6,7,3,2,1,2,0,22.0,3,Observed,1,1,1
P03294,TOR_20260908_1_PA023,TOR_20260908_1,B011,Josh H. Smith,2026-09-08,Train,0,Athletics,6,1,0,0,1,2,0,9.0,1,Observed,1,1,1
P03295,TOR_20260908_1_PA024,TOR_20260908_1,B012,Kazuma Okamoto,2026-09-08,Train,0,Athletics,6,1,0,0,0,0,0,9.0,2,Observed,1,1,1
P03296,TOR_20260908_1_PA024,TOR_20260908_1,B012,Kazuma Okamoto,2026-09-08,Train,0,Athletics,6,2,0,1,0,0,0,17.0,1,Observed,1,1,1
P03297,TOR_20260908_1_PA024,TOR_20260908_1,B012,Kazuma Okamoto,2026-09-08,Train,0,Athletics,6,3,1,1,0,0,0,14.0,3,Observed,1,1,1
P03298,TOR_20260908_1_PA024,TOR_20260908_1,B012,Kazuma Okamoto,2026-09-08,Train,0,Athletics,6,4,1,2,0,0,0,16.0,1,Observed,1,1,1
P03299,TOR_20260908_1_PA024,TOR_20260908_1,B012,Kazuma Okamoto,2026-09-08,Train,0,Athletics,6,5,2,2,0,0,0,15.0,2,Observed,1,1,1
P03300,TOR_20260908_1_PA025,TOR_20260908_1,B002,Andrés Giménez,2026-09-08,Train,0,Athletics,6,1,0,0,0,1,0,9.0,0,Observed,1,1,1
P03301,TOR_20260908_1_PA025,TOR_20260908_1,B002,Andrés Giménez,2026-09-08,Train,0,Athletics,6,2,1,0,0,1,0,9.0,1,Observed,1,1,1
P03302,TOR_20260908_1_PA025,TOR_20260908_1,B002,Andrés Giménez,2026-09-08,Train,0,Athletics,6,3,1,1,0,1,0,14.0,1,Observed,1,1,1
P03303,TOR_20260908_1_PA026,TOR_20260908_1,B010,Jesús Sánchez,2026-09-08,Train,0,Athletics,7,1,0,0,0,0,0,25.0,2,Observed,1,1,1
P03304,TOR_20260908_1_PA026,TOR_20260908_1,B010,Jesús Sánchez,2026-09-08,Train,0,Athletics,7,2,0,1,0,0,0,14.0,1,Observed,1,1,1
P03305,TOR_20260908_1_PA026,TOR_20260908_1,B010,Jesús Sánchez,2026-09-08,Train,0,Athletics,7,3,1,1,0,0,0,11.0,0,Observed,1,1,1
P03306,TOR_20260908_1_PA026,TOR_20260908_1,B010,Jesús Sánchez,2026-09-08,Train,0,Athletics,7,4,1,2,0,0,0,12.0,0,Observed,1,1,1
P03307,TOR_20260908_1_PA026,TOR_20260908_1,B010,Jesús Sánchez,2026-09-08,Train,0,Athletics,7,5,2,2,0,0,0,23.0,0,Observed,1,1,1
P03308,TOR_20260908_1_PA026,TOR_20260908_1,B010,Jesús Sánchez,2026-09-08,Train,0,Athletics,7,6,2,2,0,0,0,18.0,3,Observed,1,1,1
P03309,TOR_20260908_1_PA026,TOR_20260908_1,B010,Jesús Sánchez,2026-09-08,Train,0,Athletics,7,7,3,2,0,0,0,7.0,1,Observed,1,1,1
P03310,TOR_20260908_1_PA026,TOR_20260908_1,B010,Jesús Sánchez,2026-09-08,Train,0,Athletics,7,8,3,2,0,0,0,16.0,0,Observed,1,1,1
P03311,TOR_20260908_1_PA027,TOR_20260908_1,B008,Ernie Clement,2026-09-08,Train,0,Athletics,7,1,0,0,0,1,0,9.0,3,Observed,1,1,1
P03312,TOR_20260908_1_PA027,TOR_20260908_1,B008,Ernie Clement,2026-09-08,Train,0,Athletics,7,2,0,1,0,1,0,11.0,2,Observed,1,1,1
P03313,TOR_20260908_1_PA027,TOR_20260908_1,B008,Ernie Clement,2026-09-08,Train,0,Athletics,7,3,1,1,0,1,0,16.0,0,Observed,1,1,1
P03314,TOR_20260908_1_PA027,TOR_20260908_1,B008,Ernie Clement,2026-09-08,Train,0,Athletics,7,4,2,1,1,1,0,12.0,0,Observed,1,1,1
P03315,TOR_20260908_1_PA027,TOR_20260908_1,B008,Ernie Clement,2026-09-08,Train,0,Athletics,7,5,2,2,1,1,0,35.0,2,Observed,1,1,1
P03316,TOR_20260908_1_PA027,TOR_20260908_1,B008,Ernie Clement,2026-09-08,Train,0,Athletics,7,6,2,2,1,1,0,20.0,1,Observed,1,1,1
P03317,TOR_20260908_1_PA028,TOR_20260908_1,B004,Brett Bateman,2026-09-08,Train,0,Athletics,7,1,0,0,1,1,0,22.0,1,Observed,1,1,1
P03318,TOR_20260908_1_PA028,TOR_20260908_1,B004,Brett Bateman,2026-09-08,Train,0,Athletics,7,2,0,1,1,1,0,13.0,0,Observed,1,1,1
P03319,TOR_20260908_1_PA028,TOR_20260908_1,B004,Brett Bateman,2026-09-08,Train,0,Athletics,7,3,0,2,1,1,0,12.0,0,Observed,1,1,1
P03320,TOR_20260908_1_PA028,TOR_20260908_1,B004,Brett Bateman,2026-09-08,Train,0,Athletics,7,4,1,2,1,1,0,12.0,0,Observed,1,1,1
P03321,TOR_20260908_1_PA029,TOR_20260908_1,B014,Nathan Lukes,2026-09-08,Train,0,Athletics,7,1,0,0,1,1,0,10.0,2,Observed,1,1,1
P03322,TOR_20260908_1_PA030,TOR_20260908_1,B017,Vladimir Guerrero Jr.,2026-09-08,Train,0,Athletics,8,1,0,0,0,0,0,16.0,2,Observed,1,1,1
P03323,TOR_20260908_1_PA030,TOR_20260908_1,B017,Vladimir Guerrero Jr.,2026-09-08,Train,0,Athletics,8,2,1,0,0,0,0,25.0,1,Observed,1,1,1
P03324,TOR_20260908_1_PA030,TOR_20260908_1,B017,Vladimir Guerrero Jr.,2026-09-08,Train,0,Athletics,8,3,2,0,0,0,0,10.0,1,Observed,1,1,1
P03325,TOR_20260908_1_PA031,TOR_20260908_1,B001,Alejandro Kirk,2026-09-08,Train,0,Athletics,8,1,0,0,0,1,0,13.0,1,Observed,1,1,1
P03326,TOR_20260908_1_PA031,TOR_20260908_1,B001,Alejandro Kirk,2026-09-08,Train,0,Athletics,8,2,0,1,0,1,0,16.0,1,Observed,1,1,1
P03327,TOR_20260908_1_PA031,TOR_20260908_1,B001,Alejandro Kirk,2026-09-08,Train,0,Athletics,8,3,0,2,0,1,0,26.0,4,Observed,1,1,1
P03328,TOR_20260908_1_PA031,TOR_20260908_1,B001,Alejandro Kirk,2026-09-08,Train,0,Athletics,8,4,1,2,0,1,0,27.0,4,Observed,1,1,1
P03329,TOR_20260908_1_PA032,TOR_20260908_1,B011,Josh H. Smith,2026-09-08,Train,0,Athletics,8,1,0,0,0,1,0,14.0,3,Observed,1,1,1
P03330,TOR_20260908_1_PA032,TOR_20260908_1,B011,Josh H. Smith,2026-09-08,Train,0,Athletics,8,2,1,0,0,1,0,35.0,1,Observed,1,1,1
P03331,TOR_20260908_1_PA032,TOR_20260908_1,B011,Josh H. Smith,2026-09-08,Train,0,Athletics,8,3,1,1,0,1,0,27.0,4,Observed,1,1,1
P03332,TOR_20260908_1_PA032,TOR_20260908_1,B011,Josh H. Smith,2026-09-08,Train,0,Athletics,8,4,1,2,0,1,0,18.0,5,Observed,1,1,1
P03333,TOR_20260908_1_PA032,TOR_20260908_1,B011,Josh H. Smith,2026-09-08,Train,0,Athletics,8,5,2,2,0,1,0,20.0,4,Observed,1,1,1
P03334,TOR_20260908_1_PA032,TOR_20260908_1,B011,Josh H. Smith,2026-09-08,Train,0,Athletics,8,6,2,2,0,1,0,40.0,2,Observed,1,1,1
P03335,TOR_20260908_1_PA032,TOR_20260908_1,B011,Josh H. Smith,2026-09-08,Train,0,Athletics,8,7,3,2,0,1,0,10.0,3,Observed,1,1,1
P03336,TOR_20260908_1_PA032,TOR_20260908_1,B011,Josh H. Smith,2026-09-08,Train,0,Athletics,8,8,3,2,0,1,0,13.0,3,Observed,1,1,1
P03337,TOR_20260908_1_PA032,TOR_20260908_1,B011,Josh H. Smith,2026-09-08,Train,0,Athletics,8,9,3,2,0,1,0,17.0,4,Observed,1,1,1
P03338,TOR_20260908_1_PA033,TOR_20260908_1,B012,Kazuma Okamoto,2026-09-08,Train,0,Athletics,9,1,0,0,0,0,0,13.0,0,Observed,1,1,1
P03339,TOR_20260908_1_PA033,TOR_20260908_1,B012,Kazuma Okamoto,2026-09-08,Train,0,Athletics,9,2,0,1,0,0,0,20.0,2,Observed,1,1,1
P03340,TOR_20260908_1_PA033,TOR_20260908_1,B012,Kazuma Okamoto,2026-09-08,Train,0,Athletics,9,3,1,1,0,0,0,10.0,1,Observed,1,1,1
P03341,TOR_20260908_1_PA033,TOR_20260908_1,B012,Kazuma Okamoto,2026-09-08,Train,0,Athletics,9,4,1,2,0,0,0,14.0,0,Observed,1,1,1
P03342,TOR_20260908_1_PA033,TOR_20260908_1,B012,Kazuma Okamoto,2026-09-08,Train,0,Athletics,9,5,2,2,0,0,0,11.0,1,Observed,1,1,1
P03343,TOR_20260908_1_PA034,TOR_20260908_1,B002,Andrés Giménez,2026-09-08,Train,0,Athletics,9,1,0,0,0,0,0,11.0,1,Observed,1,1,1
P03344,TOR_20260908_1_PA034,TOR_20260908_1,B002,Andrés Giménez,2026-09-08,Train,0,Athletics,9,2,1,0,0,0,0,15.0,1,Observed,1,1,1
P03345,TOR_20260908_1_PA034,TOR_20260908_1,B002,Andrés Giménez,2026-09-08,Train,0,Athletics,9,3,1,1,0,0,0,17.0,1,Observed,1,1,1
P03346,TOR_20260908_1_PA034,TOR_20260908_1,B002,Andrés Giménez,2026-09-08,Train,0,Athletics,9,4,2,1,0,0,0,20.0,1,Observed,1,1,1
P03347,TOR_20260908_1_PA034,TOR_20260908_1,B002,Andrés Giménez,2026-09-08,Train,0,Athletics,9,5,3,1,0,0,0,13.0,5,Observed,1,1,1
P03348,TOR_20260908_1_PA035,TOR_20260908_1,B010,Jesús Sánchez,2026-09-08,Train,0,Athletics,9,1,0,0,0,1,0,40.0,3,Observed,1,1,1
P03349,TOR_20260908_1_PA035,TOR_20260908_1,B010,Jesús Sánchez,2026-09-08,Train,0,Athletics,9,2,0,1,0,1,0,23.0,2,Observed,1,1,1
P03350,TOR_20260908_1_PA035,TOR_20260908_1,B010,Jesús Sánchez,2026-09-08,Train,0,Athletics,9,3,0,2,0,1,0,25.0,3,Observed,1,1,1
P03351,TOR_20260908_1_PA036,TOR_20260908_1,B008,Ernie Clement,2026-09-08,Train,0,Athletics,9,1,0,0,0,1,0,14.0,2,Observed,1,1,1
P03352,TOR_20260909_1_PA001,TOR_20260909_1,B004,Brett Bateman,2026-09-09,Train,0,Athletics,1,1,0,0,0,0,0,12.0,1,Observed,1,1,1
P03353,TOR_20260909_1_PA001,TOR_20260909_1,B004,Brett Bateman,2026-09-09,Train,0,Athletics,1,2,0,1,0,0,0,13.0,0,Observed,1,1,1
P03354,TOR_20260909_1_PA001,TOR_20260909_1,B004,Brett Bateman,2026-09-09,Train,0,Athletics,1,3,0,2,0,0,0,9.0,1,Observed,1,1,1
P03355,TOR_20260909_1_PA001,TOR_20260909_1,B004,Brett Bateman,2026-09-09,Train,0,Athletics,1,4,0,2,0,0,0,16.0,0,Observed,1,1,1
P03356,TOR_20260909_1_PA002,TOR_20260909_1,B005,Charles McAdoo,2026-09-09,Train,0,Athletics,1,1,0,0,0,0,0,13.0,0,Observed,1,1,1
P03357,TOR_20260909_1_PA002,TOR_20260909_1,B005,Charles McAdoo,2026-09-09,Train,0,Athletics,1,2,1,0,0,0,0,15.0,1,Observed,1,1,1
P03358,TOR_20260909_1_PA002,TOR_20260909_1,B005,Charles McAdoo,2026-09-09,Train,0,Athletics,1,3,2,0,0,0,0,14.0,1,Observed,1,1,1
P03359,TOR_20260909_1_PA002,TOR_20260909_1,B005,Charles McAdoo,2026-09-09,Train,0,Athletics,1,4,2,1,0,0,0,10.0,3,Observed,1,1,1
P03360,TOR_20260909_1_PA002,TOR_20260909_1,B005,Charles McAdoo,2026-09-09,Train,0,Athletics,1,5,3,1,0,0,0,12.0,0,Observed,1,1,1
P03361,TOR_20260909_1_PA002,TOR_20260909_1,B005,Charles McAdoo,2026-09-09,Train,0,Athletics,1,6,3,2,0,0,0,15.0,2,Observed,1,1,1
P03362,TOR_20260909_1_PA003,TOR_20260909_1,B017,Vladimir Guerrero Jr.,2026-09-09,Train,0,Athletics,1,1,0,0,0,0,0,8.0,3,Observed,1,1,1
P03363,TOR_20260909_1_PA003,TOR_20260909_1,B017,Vladimir Guerrero Jr.,2026-09-09,Train,0,Athletics,1,2,0,1,0,0,0,10.0,0,Observed,1,1,1
P03364,TOR_20260909_1_PA003,TOR_20260909_1,B017,Vladimir Guerrero Jr.,2026-09-09,Train,0,Athletics,1,3,1,1,0,0,0,15.0,3,Observed,1,1,1
P03365,TOR_20260909_1_PA003,TOR_20260909_1,B017,Vladimir Guerrero Jr.,2026-09-09,Train,0,Athletics,1,4,1,2,0,0,0,22.0,1,Observed,1,1,1
P03366,TOR_20260909_1_PA003,TOR_20260909_1,B017,Vladimir Guerrero Jr.,2026-09-09,Train,0,Athletics,1,5,1,2,0,0,0,9.0,1,Observed,1,1,1
P03367,TOR_20260909_1_PA003,TOR_20260909_1,B017,Vladimir Guerrero Jr.,2026-09-09,Train,0,Athletics,1,6,2,2,0,0,0,15.0,0,Observed,1,1,1
P03368,TOR_20260909_1_PA003,TOR_20260909_1,B017,Vladimir Guerrero Jr.,2026-09-09,Train,0,Athletics,1,7,3,2,0,0,0,25.0,0,Observed,1,1,1
P03369,TOR_20260909_1_PA004,TOR_20260909_1,B001,Alejandro Kirk,2026-09-09,Train,0,Athletics,1,1,0,0,0,1,0,10.0,2,Observed,1,1,1
P03370,TOR_20260909_1_PA004,TOR_20260909_1,B001,Alejandro Kirk,2026-09-09,Train,0,Athletics,1,2,0,1,0,1,0,7.0,1,Observed,1,1,1
P03371,TOR_20260909_1_PA005,TOR_20260909_1,B012,Kazuma Okamoto,2026-09-09,Train,0,Athletics,2,1,0,0,0,0,0,17.0,0,Observed,1,1,1
P03372,TOR_20260909_1_PA005,TOR_20260909_1,B012,Kazuma Okamoto,2026-09-09,Train,0,Athletics,2,2,0,1,0,0,0,16.0,1,Observed,1,1,1
P03373,TOR_20260909_1_PA005,TOR_20260909_1,B012,Kazuma Okamoto,2026-09-09,Train,0,Athletics,2,3,0,2,0,0,0,14.0,4,Observed,1,1,1
P03374,TOR_20260909_1_PA005,TOR_20260909_1,B012,Kazuma Okamoto,2026-09-09,Train,0,Athletics,2,4,1,2,0,0,0,15.0,2,Observed,1,1,1
P03375,TOR_20260909_1_PA005,TOR_20260909_1,B012,Kazuma Okamoto,2026-09-09,Train,0,Athletics,2,5,2,2,0,0,0,10.0,1,Observed,1,1,1
P03376,TOR_20260909_1_PA006,TOR_20260909_1,B002,Andrés Giménez,2026-09-09,Train,0,Athletics,2,1,0,0,0,0,0,9.0,1,Observed,1,1,1
P03377,TOR_20260909_1_PA006,TOR_20260909_1,B002,Andrés Giménez,2026-09-09,Train,0,Athletics,2,2,1,0,0,0,0,10.0,1,Observed,1,1,1
P03378,TOR_20260909_1_PA006,TOR_20260909_1,B002,Andrés Giménez,2026-09-09,Train,0,Athletics,2,3,1,1,0,0,0,18.0,3,Observed,1,1,1
P03379,TOR_20260909_1_PA006,TOR_20260909_1,B002,Andrés Giménez,2026-09-09,Train,0,Athletics,2,4,2,1,0,0,0,14.0,1,Observed,1,1,1
P03380,TOR_20260909_1_PA007,TOR_20260909_1,B008,Ernie Clement,2026-09-09,Train,0,Athletics,2,1,0,0,0,0,0,12.0,2,Observed,1,1,1
P03381,TOR_20260909_1_PA007,TOR_20260909_1,B008,Ernie Clement,2026-09-09,Train,0,Athletics,2,2,0,1,0,0,0,10.0,1,Observed,1,1,1
P03382,TOR_20260909_1_PA007,TOR_20260909_1,B008,Ernie Clement,2026-09-09,Train,0,Athletics,2,3,0,2,0,0,0,13.0,1,Observed,1,1,1
P03383,TOR_20260909_1_PA007,TOR_20260909_1,B008,Ernie Clement,2026-09-09,Train,0,Athletics,2,4,1,2,0,0,0,10.0,0,Observed,1,1,1
P03384,TOR_20260909_1_PA007,TOR_20260909_1,B008,Ernie Clement,2026-09-09,Train,0,Athletics,2,5,2,2,0,0,0,14.0,2,Observed,1,1,1
P03385,TOR_20260909_1_PA007,TOR_20260909_1,B008,Ernie Clement,2026-09-09,Train,0,Athletics,2,6,3,2,0,0,0,21.0,1,Observed,1,1,1
P03386,TOR_20260909_1_PA007,TOR_20260909_1,B008,Ernie Clement,2026-09-09,Train,0,Athletics,2,7,3,2,0,0,0,22.0,1,Observed,1,1,1
P03387,TOR_20260909_1_PA008,TOR_20260909_1,B003,Brandon Valenzuela,2026-09-09,Train,0,Athletics,2,1,0,0,0,1,0,11.0,1,Observed,1,1,1
P03388,TOR_20260909_1_PA008,TOR_20260909_1,B003,Brandon Valenzuela,2026-09-09,Train,0,Athletics,2,2,1,0,0,1,0,14.0,2,Observed,1,1,1
P03389,TOR_20260909_1_PA008,TOR_20260909_1,B003,Brandon Valenzuela,2026-09-09,Train,0,Athletics,2,3,2,0,0,1,0,15.0,1,Observed,1,1,1
P03390,TOR_20260909_1_PA008,TOR_20260909_1,B003,Brandon Valenzuela,2026-09-09,Train,0,Athletics,2,4,2,1,0,1,0,13.0,2,Observed,1,1,1
P03391,TOR_20260909_1_PA008,TOR_20260909_1,B003,Brandon Valenzuela,2026-09-09,Train,0,Athletics,2,5,3,1,0,1,0,16.0,0,Observed,1,1,1
P03392,TOR_20260909_1_PA009,TOR_20260909_1,B013,Myles Straw,2026-09-09,Train,0,Athletics,3,1,0,0,0,0,0,14.0,1,Observed,1,1,1
P03393,TOR_20260909_1_PA009,TOR_20260909_1,B013,Myles Straw,2026-09-09,Train,0,Athletics,3,2,0,1,0,0,0,15.0,2,Observed,1,1,1
P03394,TOR_20260909_1_PA009,TOR_20260909_1,B013,Myles Straw,2026-09-09,Train,0,Athletics,3,3,1,1,0,0,0,14.0,0,Observed,1,1,1
P03395,TOR_20260909_1_PA010,TOR_20260909_1,B004,Brett Bateman,2026-09-09,Train,0,Athletics,3,1,0,0,0,0,0,14.0,0,Observed,1,1,1
P03396,TOR_20260909_1_PA010,TOR_20260909_1,B004,Brett Bateman,2026-09-09,Train,0,Athletics,3,2,1,0,0,0,0,12.0,0,Observed,1,1,1
P03397,TOR_20260909_1_PA011,TOR_20260909_1,B005,Charles McAdoo,2026-09-09,Train,0,Athletics,3,1,0,0,0,0,0,15.0,1,Observed,1,1,1
P03398,TOR_20260909_1_PA011,TOR_20260909_1,B005,Charles McAdoo,2026-09-09,Train,0,Athletics,3,2,0,1,0,0,0,15.0,1,Observed,1,1,1
P03399,TOR_20260909_1_PA011,TOR_20260909_1,B005,Charles McAdoo,2026-09-09,Train,0,Athletics,3,3,1,1,0,0,0,15.0,1,Observed,1,1,1
P03400,TOR_20260909_1_PA011,TOR_20260909_1,B005,Charles McAdoo,2026-09-09,Train,0,Athletics,3,4,1,2,0,0,0,12.0,0,Observed,1,1,1
P03401,TOR_20260909_1_PA012,TOR_20260909_1,B017,Vladimir Guerrero Jr.,2026-09-09,Train,0,Athletics,3,1,0,0,0,1,0,17.0,2,Observed,1,1,1
P03402,TOR_20260909_1_PA012,TOR_20260909_1,B017,Vladimir Guerrero Jr.,2026-09-09,Train,0,Athletics,3,2,1,0,0,1,0,15.0,0,Observed,1,1,1
P03403,TOR_20260909_1_PA013,TOR_20260909_1,B001,Alejandro Kirk,2026-09-09,Train,0,Athletics,4,1,0,0,0,0,0,9.0,3,Observed,1,1,1
P03404,TOR_20260909_1_PA013,TOR_20260909_1,B001,Alejandro Kirk,2026-09-09,Train,0,Athletics,4,2,0,1,0,0,0,20.0,4,Observed,1,1,1
P03405,TOR_20260909_1_PA013,TOR_20260909_1,B001,Alejandro Kirk,2026-09-09,Train,0,Athletics,4,3,1,1,0,0,0,11.0,3,Observed,1,1,1
P03406,TOR_20260909_1_PA013,TOR_20260909_1,B001,Alejandro Kirk,2026-09-09,Train,0,Athletics,4,4,1,2,0,0,0,14.0,3,Observed,1,1,1
P03407,TOR_20260909_1_PA013,TOR_20260909_1,B001,Alejandro Kirk,2026-09-09,Train,0,Athletics,4,5,2,2,0,0,0,30.0,2,Observed,1,1,1
P03408,TOR_20260909_1_PA014,TOR_20260909_1,B012,Kazuma Okamoto,2026-09-09,Train,0,Athletics,4,1,0,0,0,1,0,9.0,3,Observed,1,1,1
P03409,TOR_20260909_1_PA014,TOR_20260909_1,B012,Kazuma Okamoto,2026-09-09,Train,0,Athletics,4,2,1,0,0,1,0,14.0,0,Observed,1,1,1
P03410,TOR_20260909_1_PA014,TOR_20260909_1,B012,Kazuma Okamoto,2026-09-09,Train,0,Athletics,4,3,1,1,0,1,0,14.0,0,Observed,1,1,1
P03411,TOR_20260909_1_PA014,TOR_20260909_1,B012,Kazuma Okamoto,2026-09-09,Train,0,Athletics,4,4,1,2,0,1,0,11.0,0,Observed,1,1,1
P03412,TOR_20260909_1_PA014,TOR_20260909_1,B012,Kazuma Okamoto,2026-09-09,Train,0,Athletics,4,5,2,2,0,1,0,14.0,1,Observed,1,1,1
P03413,TOR_20260909_1_PA014,TOR_20260909_1,B012,Kazuma Okamoto,2026-09-09,Train,0,Athletics,4,6,2,2,0,1,0,17.0,2,Observed,1,1,1
P03414,TOR_20260909_1_PA015,TOR_20260909_1,B002,Andrés Giménez,2026-09-09,Train,0,Athletics,4,1,0,0,0,1,0,12.0,0,Observed,1,1,1
P03415,TOR_20260909_1_PA016,TOR_20260909_1,B008,Ernie Clement,2026-09-09,Train,0,Athletics,4,1,0,0,1,1,0,18.0,1,Observed,1,1,1
P03416,TOR_20260909_1_PA017,TOR_20260909_1,B003,Brandon Valenzuela,2026-09-09,Train,0,Athletics,4,1,0,0,1,2,0,14.0,2,Observed,1,1,1
P03417,TOR_20260909_1_PA017,TOR_20260909_1,B003,Brandon Valenzuela,2026-09-09,Train,0,Athletics,4,2,0,1,1,2,0,15.0,3,Observed,1,1,1
P03418,TOR_20260909_1_PA017,TOR_20260909_1,B003,Brandon Valenzuela,2026-09-09,Train,0,Athletics,4,3,0,2,1,2,0,12.0,1,Observed,1,1,1
P03419,TOR_20260909_1_PA017,TOR_20260909_1,B003,Brandon Valenzuela,2026-09-09,Train,0,Athletics,4,4,1,2,1,2,0,25.0,4,Observed,1,1,1
P03420,TOR_20260909_1_PA018,TOR_20260909_1,B013,Myles Straw,2026-09-09,Train,0,Athletics,5,1,0,0,0,0,0,14.0,2,Observed,1,1,1
P03421,TOR_20260909_1_PA018,TOR_20260909_1,B013,Myles Straw,2026-09-09,Train,0,Athletics,5,2,1,0,0,0,0,10.0,1,Observed,1,1,1
P03422,TOR_20260909_1_PA018,TOR_20260909_1,B013,Myles Straw,2026-09-09,Train,0,Athletics,5,3,1,1,0,0,0,15.0,1,Observed,1,1,1
P03423,TOR_20260909_1_PA018,TOR_20260909_1,B013,Myles Straw,2026-09-09,Train,0,Athletics,5,4,1,2,0,0,0,24.0,1,Observed,1,1,1
P03424,TOR_20260909_1_PA018,TOR_20260909_1,B013,Myles Straw,2026-09-09,Train,0,Athletics,5,5,1,2,0,0,0,11.0,0,Observed,1,1,1
P03425,TOR_20260909_1_PA019,TOR_20260909_1,B004,Brett Bateman,2026-09-09,Train,0,Athletics,5,1,0,0,0,0,0,11.0,1,Observed,1,1,1
P03426,TOR_20260909_1_PA019,TOR_20260909_1,B004,Brett Bateman,2026-09-09,Train,0,Athletics,5,2,1,0,0,0,0,21.0,0,Observed,1,1,1
P03427,TOR_20260909_1_PA019,TOR_20260909_1,B004,Brett Bateman,2026-09-09,Train,0,Athletics,5,3,1,1,0,0,0,21.0,0,Observed,1,1,1
P03428,TOR_20260909_1_PA020,TOR_20260909_1,B014,Nathan Lukes,2026-09-09,Train,0,Athletics,5,1,0,0,1,1,0,33.0,3,Observed,1,1,1
P03429,TOR_20260909_1_PA020,TOR_20260909_1,B014,Nathan Lukes,2026-09-09,Train,0,Athletics,5,2,0,1,1,1,0,11.0,2,Observed,1,1,1
P03430,TOR_20260909_1_PA020,TOR_20260909_1,B014,Nathan Lukes,2026-09-09,Train,0,Athletics,5,3,0,2,1,1,0,17.0,2,Observed,1,1,1
P03431,TOR_20260909_1_PA021,TOR_20260909_1,B017,Vladimir Guerrero Jr.,2026-09-09,Train,0,Athletics,5,1,0,0,1,2,0,8.0,1,Observed,1,1,1
P03432,TOR_20260909_1_PA022,TOR_20260909_1,B001,Alejandro Kirk,2026-09-09,Train,0,Athletics,6,1,0,0,0,0,0,10.0,2,Observed,1,1,1
P03433,TOR_20260909_1_PA022,TOR_20260909_1,B001,Alejandro Kirk,2026-09-09,Train,0,Athletics,6,2,0,1,0,0,0,9.0,1,Observed,1,1,1
P03434,TOR_20260909_1_PA022,TOR_20260909_1,B001,Alejandro Kirk,2026-09-09,Train,0,Athletics,6,3,1,1,0,0,0,18.0,3,Observed,1,1,1
P03435,TOR_20260909_1_PA022,TOR_20260909_1,B001,Alejandro Kirk,2026-09-09,Train,0,Athletics,6,4,2,1,0,0,0,27.0,3,Observed,1,1,1
P03436,TOR_20260909_1_PA022,TOR_20260909_1,B001,Alejandro Kirk,2026-09-09,Train,0,Athletics,6,5,3,1,0,0,0,10.0,3,Observed,1,1,1
P03437,TOR_20260909_1_PA023,TOR_20260909_1,B012,Kazuma Okamoto,2026-09-09,Train,0,Athletics,6,1,0,0,0,1,0,18.0,0,Observed,1,1,1
P03438,TOR_20260909_1_PA023,TOR_20260909_1,B012,Kazuma Okamoto,2026-09-09,Train,0,Athletics,6,2,0,1,0,1,0,11.0,4,Observed,1,1,1
P03439,TOR_20260909_1_PA023,TOR_20260909_1,B012,Kazuma Okamoto,2026-09-09,Train,0,Athletics,6,3,0,2,0,1,0,10.0,0,Observed,1,1,1
P03440,TOR_20260909_1_PA024,TOR_20260909_1,B002,Andrés Giménez,2026-09-09,Train,0,Athletics,6,1,0,0,0,0,0,21.0,1,Observed,1,1,1
P03441,TOR_20260909_1_PA024,TOR_20260909_1,B002,Andrés Giménez,2026-09-09,Train,0,Athletics,6,2,0,1,0,0,0,13.0,3,Observed,1,1,1
P03442,TOR_20260909_1_PA024,TOR_20260909_1,B002,Andrés Giménez,2026-09-09,Train,0,Athletics,6,3,0,2,0,0,0,12.0,3,Observed,1,1,1
P03443,TOR_20260909_1_PA025,TOR_20260909_1,B008,Ernie Clement,2026-09-09,Train,0,Athletics,7,1,0,0,0,0,0,10.0,3,Observed,1,1,1
P03444,TOR_20260909_1_PA025,TOR_20260909_1,B008,Ernie Clement,2026-09-09,Train,0,Athletics,7,2,0,1,0,0,0,11.0,2,Observed,1,1,1
P03445,TOR_20260909_1_PA026,TOR_20260909_1,B003,Brandon Valenzuela,2026-09-09,Train,0,Athletics,7,1,0,0,0,0,0,13.0,3,Observed,1,1,1
P03446,TOR_20260909_1_PA026,TOR_20260909_1,B003,Brandon Valenzuela,2026-09-09,Train,0,Athletics,7,2,1,0,0,0,0,15.0,1,Observed,1,1,1
P03447,TOR_20260909_1_PA026,TOR_20260909_1,B003,Brandon Valenzuela,2026-09-09,Train,0,Athletics,7,3,1,1,0,0,0,16.0,1,Observed,1,1,1
P03448,TOR_20260909_1_PA026,TOR_20260909_1,B003,Brandon Valenzuela,2026-09-09,Train,0,Athletics,7,4,1,2,0,0,0,26.0,1,Observed,1,1,1
P03449,TOR_20260909_1_PA027,TOR_20260909_1,B011,Josh H. Smith,2026-09-09,Train,0,Athletics,7,1,0,0,0,0,0,17.0,1,Observed,1,1,1
P03450,TOR_20260909_1_PA027,TOR_20260909_1,B011,Josh H. Smith,2026-09-09,Train,0,Athletics,7,2,1,0,0,0,0,11.0,1,Observed,1,1,1
P03451,TOR_20260909_1_PA027,TOR_20260909_1,B011,Josh H. Smith,2026-09-09,Train,0,Athletics,7,3,2,0,0,0,0,28.0,5,Observed,1,1,1
P03452,TOR_20260909_1_PA027,TOR_20260909_1,B011,Josh H. Smith,2026-09-09,Train,0,Athletics,7,4,3,0,0,0,0,18.0,1,Observed,1,1,1
P03453,TOR_20260909_1_PA027,TOR_20260909_1,B011,Josh H. Smith,2026-09-09,Train,0,Athletics,7,5,3,1,0,0,0,18.0,5,Observed,1,1,1
P03454,TOR_20260909_1_PA027,TOR_20260909_1,B011,Josh H. Smith,2026-09-09,Train,0,Athletics,7,6,3,2,0,0,0,5.0,2,Observed,1,1,1
P03455,TOR_20260909_1_PA027,TOR_20260909_1,B011,Josh H. Smith,2026-09-09,Train,0,Athletics,7,7,3,2,0,0,0,16.0,4,Observed,1,1,1
P03456,TOR_20260909_1_PA028,TOR_20260909_1,B004,Brett Bateman,2026-09-09,Train,0,Athletics,8,1,0,0,0,0,0,8.0,0,Observed,1,1,1
P03457,TOR_20260909_1_PA029,TOR_20260909_1,B009,George Springer,2026-09-09,Train,0,Athletics,8,1,0,0,0,0,0,18.0,3,Observed,1,1,1
P03458,TOR_20260909_1_PA029,TOR_20260909_1,B009,George Springer,2026-09-09,Train,0,Athletics,8,2,1,0,0,0,0,12.0,1,Observed,1,1,1
P03459,TOR_20260909_1_PA029,TOR_20260909_1,B009,George Springer,2026-09-09,Train,0,Athletics,8,3,1,1,0,0,0,18.0,1,Observed,1,1,1
P03460,TOR_20260909_1_PA030,TOR_20260909_1,B017,Vladimir Guerrero Jr.,2026-09-09,Train,0,Athletics,8,1,0,0,0,0,0,26.0,1,Observed,1,1,1
P03461,TOR_20260909_1_PA030,TOR_20260909_1,B017,Vladimir Guerrero Jr.,2026-09-09,Train,0,Athletics,8,2,0,1,0,0,0,24.0,0,Observed,1,1,1
P03462,TOR_20260909_1_PA030,TOR_20260909_1,B017,Vladimir Guerrero Jr.,2026-09-09,Train,0,Athletics,8,3,0,2,0,0,0,15.0,0,Observed,1,1,1
P03463,TOR_20260909_1_PA030,TOR_20260909_1,B017,Vladimir Guerrero Jr.,2026-09-09,Train,0,Athletics,8,4,0,2,0,0,0,16.0,1,Observed,1,1,1
P03464,TOR_20260909_1_PA030,TOR_20260909_1,B017,Vladimir Guerrero Jr.,2026-09-09,Train,0,Athletics,8,5,1,2,0,0,0,13.0,0,Observed,1,1,1
P03465,TOR_20260909_1_PA030,TOR_20260909_1,B017,Vladimir Guerrero Jr.,2026-09-09,Train,0,Athletics,8,6,2,2,0,0,0,40.0,1,Observed,1,1,1
P03466,TOR_20260909_1_PA031,TOR_20260909_1,B001,Alejandro Kirk,2026-09-09,Train,0,Athletics,9,1,0,0,0,0,0,9.0,4,Observed,1,1,1
P03467,TOR_20260909_1_PA031,TOR_20260909_1,B001,Alejandro Kirk,2026-09-09,Train,0,Athletics,9,2,0,1,0,0,0,11.0,4,Observed,1,1,1
P03468,TOR_20260909_1_PA031,TOR_20260909_1,B001,Alejandro Kirk,2026-09-09,Train,0,Athletics,9,3,1,1,0,0,0,15.0,2,Observed,1,1,1
P03469,TOR_20260909_1_PA031,TOR_20260909_1,B001,Alejandro Kirk,2026-09-09,Train,0,Athletics,9,4,2,1,0,0,0,12.0,3,Observed,1,1,1
P03470,TOR_20260909_1_PA031,TOR_20260909_1,B001,Alejandro Kirk,2026-09-09,Train,0,Athletics,9,5,2,2,0,0,0,12.0,3,Observed,1,1,1
P03471,TOR_20260909_1_PA031,TOR_20260909_1,B001,Alejandro Kirk,2026-09-09,Train,0,Athletics,9,6,3,2,0,0,0,16.0,2,Observed,1,1,1
P03472,TOR_20260909_1_PA032,TOR_20260909_1,B012,Kazuma Okamoto,2026-09-09,Train,0,Athletics,9,1,0,0,0,0,0,19.0,1,Observed,1,1,1
P03473,TOR_20260909_1_PA032,TOR_20260909_1,B012,Kazuma Okamoto,2026-09-09,Train,0,Athletics,9,2,0,1,0,0,0,13.0,0,Observed,1,1,1
P03474,TOR_20260909_1_PA032,TOR_20260909_1,B012,Kazuma Okamoto,2026-09-09,Train,0,Athletics,9,3,1,1,0,0,0,18.0,1,Observed,1,1,1
P03475,TOR_20260909_1_PA032,TOR_20260909_1,B012,Kazuma Okamoto,2026-09-09,Train,0,Athletics,9,4,1,2,0,0,0,15.0,3,Observed,1,1,1
P03476,TOR_20260909_1_PA032,TOR_20260909_1,B012,Kazuma Okamoto,2026-09-09,Train,0,Athletics,9,5,2,2,0,0,0,19.0,1,Observed,1,1,1
P03477,TOR_20260909_1_PA032,TOR_20260909_1,B012,Kazuma Okamoto,2026-09-09,Train,0,Athletics,9,6,3,2,0,0,0,29.0,2,Observed,1,1,1
P03478,TOR_20260909_1_PA032,TOR_20260909_1,B012,Kazuma Okamoto,2026-09-09,Train,0,Athletics,9,7,3,2,0,0,0,17.0,1,Observed,1,1,1
P03479,TOR_20260909_1_PA033,TOR_20260909_1,B002,Andrés Giménez,2026-09-09,Train,0,Athletics,9,1,0,0,0,0,0,12.0,1,Observed,1,1,1
P03480,TOR_20260909_1_PA033,TOR_20260909_1,B002,Andrés Giménez,2026-09-09,Train,0,Athletics,9,2,0,1,0,0,0,10.0,2,Observed,1,1,1
P03481,TOR_20260909_1_PA034,TOR_20260909_1,B008,Ernie Clement,2026-09-09,Train,0,Athletics,9,1,0,0,0,1,0,20.0,3,Observed,1,1,1
P03482,TOR_20260911_1_PA001,TOR_20260911_1,B004,Brett Bateman,2026-09-11,Train,1,Baltimore Orioles,1,1,0,0,0,0,0,12.0,2,Observed,1,1,1
P03483,TOR_20260911_1_PA001,TOR_20260911_1,B004,Brett Bateman,2026-09-11,Train,1,Baltimore Orioles,1,2,1,0,0,0,0,16.0,2,Observed,1,1,1
P03484,TOR_20260911_1_PA001,TOR_20260911_1,B004,Brett Bateman,2026-09-11,Train,1,Baltimore Orioles,1,3,1,1,0,0,0,10.0,1,Observed,1,1,1
P03485,TOR_20260911_1_PA001,TOR_20260911_1,B004,Brett Bateman,2026-09-11,Train,1,Baltimore Orioles,1,4,1,2,0,0,0,16.0,0,Observed,1,1,1
P03486,TOR_20260911_1_PA002,TOR_20260911_1,B009,George Springer,2026-09-11,Train,1,Baltimore Orioles,1,1,0,0,0,0,0,8.0,1,Observed,1,1,1
P03487,TOR_20260911_1_PA003,TOR_20260911_1,B017,Vladimir Guerrero Jr.,2026-09-11,Train,1,Baltimore Orioles,1,1,0,0,0,1,1,26.0,1,Observed,1,1,1
P03488,TOR_20260911_1_PA003,TOR_20260911_1,B017,Vladimir Guerrero Jr.,2026-09-11,Train,1,Baltimore Orioles,1,2,1,0,0,1,0,16.0,0,Observed,1,1,1
P03489,TOR_20260911_1_PA003,TOR_20260911_1,B017,Vladimir Guerrero Jr.,2026-09-11,Train,1,Baltimore Orioles,1,3,1,1,0,1,0,12.0,3,Observed,1,1,1
P03490,TOR_20260911_1_PA003,TOR_20260911_1,B017,Vladimir Guerrero Jr.,2026-09-11,Train,1,Baltimore Orioles,1,4,1,2,0,1,0,13.0,1,Observed,1,1,1
P03491,TOR_20260911_1_PA003,TOR_20260911_1,B017,Vladimir Guerrero Jr.,2026-09-11,Train,1,Baltimore Orioles,1,5,2,2,0,1,0,11.0,1,Observed,1,1,1
P03492,TOR_20260911_1_PA003,TOR_20260911_1,B017,Vladimir Guerrero Jr.,2026-09-11,Train,1,Baltimore Orioles,1,6,2,2,0,1,0,32.0,1,Observed,1,1,1
P03493,TOR_20260911_1_PA003,TOR_20260911_1,B017,Vladimir Guerrero Jr.,2026-09-11,Train,1,Baltimore Orioles,1,7,3,2,0,1,0,25.0,0,Observed,1,1,1
P03494,TOR_20260911_1_PA004,TOR_20260911_1,B001,Alejandro Kirk,2026-09-11,Train,1,Baltimore Orioles,1,1,0,0,1,2,0,25.0,5,Observed,1,1,1
P03495,TOR_20260911_1_PA004,TOR_20260911_1,B001,Alejandro Kirk,2026-09-11,Train,1,Baltimore Orioles,1,2,1,0,1,2,0,7.0,1,Observed,1,1,1
P03496,TOR_20260911_1_PA004,TOR_20260911_1,B001,Alejandro Kirk,2026-09-11,Train,1,Baltimore Orioles,1,3,1,1,1,2,0,19.0,2,Observed,1,1,1
P03497,TOR_20260911_1_PA004,TOR_20260911_1,B001,Alejandro Kirk,2026-09-11,Train,1,Baltimore Orioles,1,4,2,1,1,2,0,27.0,3,Observed,1,1,1
P03498,TOR_20260911_1_PA004,TOR_20260911_1,B001,Alejandro Kirk,2026-09-11,Train,1,Baltimore Orioles,1,5,3,1,1,2,0,15.0,3,Observed,1,1,1
P03499,TOR_20260911_1_PA005,TOR_20260911_1,B014,Nathan Lukes,2026-09-11,Train,1,Baltimore Orioles,1,1,0,0,1,3,0,19.0,2,Observed,1,1,1
P03500,TOR_20260911_1_PA005,TOR_20260911_1,B014,Nathan Lukes,2026-09-11,Train,1,Baltimore Orioles,1,2,0,1,1,3,0,16.0,2,Observed,1,1,1
P03501,TOR_20260911_1_PA005,TOR_20260911_1,B014,Nathan Lukes,2026-09-11,Train,1,Baltimore Orioles,1,3,0,2,1,3,0,21.0,2,Observed,1,1,1
P03502,TOR_20260911_1_PA005,TOR_20260911_1,B014,Nathan Lukes,2026-09-11,Train,1,Baltimore Orioles,1,4,1,2,1,3,0,20.0,2,Observed,1,1,1
P03503,TOR_20260911_1_PA006,TOR_20260911_1,B012,Kazuma Okamoto,2026-09-11,Train,1,Baltimore Orioles,2,1,0,0,0,0,0,13.0,1,Observed,1,1,1
P03504,TOR_20260911_1_PA006,TOR_20260911_1,B012,Kazuma Okamoto,2026-09-11,Train,1,Baltimore Orioles,2,2,1,0,0,0,0,15.0,1,Observed,1,1,1
P03505,TOR_20260911_1_PA006,TOR_20260911_1,B012,Kazuma Okamoto,2026-09-11,Train,1,Baltimore Orioles,2,3,1,1,0,0,0,14.0,3,Observed,1,1,1
P03506,TOR_20260911_1_PA006,TOR_20260911_1,B012,Kazuma Okamoto,2026-09-11,Train,1,Baltimore Orioles,2,4,1,2,0,0,0,15.0,1,Observed,1,1,1
P03507,TOR_20260911_1_PA007,TOR_20260911_1,B011,Josh H. Smith,2026-09-11,Train,1,Baltimore Orioles,2,1,0,0,0,0,0,24.0,3,Observed,1,1,1
P03508,TOR_20260911_1_PA007,TOR_20260911_1,B011,Josh H. Smith,2026-09-11,Train,1,Baltimore Orioles,2,2,0,1,0,0,0,13.0,2,Observed,1,1,1
P03509,TOR_20260911_1_PA007,TOR_20260911_1,B011,Josh H. Smith,2026-09-11,Train,1,Baltimore Orioles,2,3,0,2,0,0,0,26.0,4,Observed,1,1,1
P03510,TOR_20260911_1_PA008,TOR_20260911_1,B002,Andrés Giménez,2026-09-11,Train,1,Baltimore Orioles,2,1,0,0,0,0,0,17.0,0,Observed,1,1,1
P03511,TOR_20260911_1_PA008,TOR_20260911_1,B002,Andrés Giménez,2026-09-11,Train,1,Baltimore Orioles,2,2,0,1,0,0,0,14.0,3,Observed,1,1,1
P03512,TOR_20260911_1_PA008,TOR_20260911_1,B002,Andrés Giménez,2026-09-11,Train,1,Baltimore Orioles,2,3,0,2,0,0,0,19.0,0,Observed,1,1,1
P03513,TOR_20260911_1_PA008,TOR_20260911_1,B002,Andrés Giménez,2026-09-11,Train,1,Baltimore Orioles,2,4,0,2,0,0,0,19.0,0,Observed,1,1,1
P03514,TOR_20260911_1_PA008,TOR_20260911_1,B002,Andrés Giménez,2026-09-11,Train,1,Baltimore Orioles,2,5,0,2,0,0,0,19.0,0,Observed,1,1,1
P03515,TOR_20260911_1_PA008,TOR_20260911_1,B002,Andrés Giménez,2026-09-11,Train,1,Baltimore Orioles,2,6,0,2,0,0,0,13.0,0,Observed,1,1,1
P03516,TOR_20260911_1_PA009,TOR_20260911_1,B008,Ernie Clement,2026-09-11,Train,1,Baltimore Orioles,3,1,0,0,0,0,0,9.0,1,Observed,1,1,1
P03517,TOR_20260911_1_PA009,TOR_20260911_1,B008,Ernie Clement,2026-09-11,Train,1,Baltimore Orioles,3,2,1,0,0,0,0,10.0,3,Observed,1,1,1
P03518,TOR_20260911_1_PA009,TOR_20260911_1,B008,Ernie Clement,2026-09-11,Train,1,Baltimore Orioles,3,3,1,1,0,0,0,10.0,0,Observed,1,1,1
P03519,TOR_20260911_1_PA009,TOR_20260911_1,B008,Ernie Clement,2026-09-11,Train,1,Baltimore Orioles,3,4,2,1,0,0,0,13.0,1,Observed,1,1,1
P03520,TOR_20260911_1_PA010,TOR_20260911_1,B004,Brett Bateman,2026-09-11,Train,1,Baltimore Orioles,3,1,0,0,0,0,0,17.0,2,Observed,1,1,1
P03521,TOR_20260911_1_PA010,TOR_20260911_1,B004,Brett Bateman,2026-09-11,Train,1,Baltimore Orioles,3,2,1,0,0,0,0,13.0,0,Observed,1,1,1
P03522,TOR_20260911_1_PA010,TOR_20260911_1,B004,Brett Bateman,2026-09-11,Train,1,Baltimore Orioles,3,3,1,1,0,0,0,10.0,1,Observed,1,1,1
P03523,TOR_20260911_1_PA010,TOR_20260911_1,B004,Brett Bateman,2026-09-11,Train,1,Baltimore Orioles,3,4,1,2,0,0,0,14.0,0,Observed,1,1,1
P03524,TOR_20260911_1_PA010,TOR_20260911_1,B004,Brett Bateman,2026-09-11,Train,1,Baltimore Orioles,3,5,2,2,0,0,0,23.0,0,Observed,1,1,1
P03525,TOR_20260911_1_PA010,TOR_20260911_1,B004,Brett Bateman,2026-09-11,Train,1,Baltimore Orioles,3,6,3,2,0,0,0,11.0,0,Observed,1,1,1
P03526,TOR_20260911_1_PA011,TOR_20260911_1,B009,George Springer,2026-09-11,Train,1,Baltimore Orioles,3,1,0,0,0,1,0,12.0,1,Observed,1,1,1
P03527,TOR_20260911_1_PA011,TOR_20260911_1,B009,George Springer,2026-09-11,Train,1,Baltimore Orioles,3,2,1,0,0,1,0,13.0,0,Observed,1,1,1
P03528,TOR_20260911_1_PA011,TOR_20260911_1,B009,George Springer,2026-09-11,Train,1,Baltimore Orioles,3,3,2,0,0,1,0,16.0,1,Observed,1,1,1
P03529,TOR_20260911_1_PA011,TOR_20260911_1,B009,George Springer,2026-09-11,Train,1,Baltimore Orioles,3,4,2,1,0,1,0,13.0,2,Observed,1,1,1
P03530,TOR_20260911_1_PA011,TOR_20260911_1,B009,George Springer,2026-09-11,Train,1,Baltimore Orioles,3,5,2,2,0,1,0,15.0,2,Observed,1,1,1
P03531,TOR_20260911_1_PA011,TOR_20260911_1,B009,George Springer,2026-09-11,Train,1,Baltimore Orioles,3,6,3,2,0,1,0,15.0,0,Observed,1,1,1
P03532,TOR_20260911_1_PA012,TOR_20260911_1,B017,Vladimir Guerrero Jr.,2026-09-11,Train,1,Baltimore Orioles,3,1,0,0,1,2,0,14.0,1,Observed,1,1,1
P03533,TOR_20260911_1_PA012,TOR_20260911_1,B017,Vladimir Guerrero Jr.,2026-09-11,Train,1,Baltimore Orioles,3,2,1,0,1,2,0,15.0,3,Observed,1,1,1
P03534,TOR_20260911_1_PA012,TOR_20260911_1,B017,Vladimir Guerrero Jr.,2026-09-11,Train,1,Baltimore Orioles,3,3,1,1,1,2,0,11.0,2,Observed,1,1,1
P03535,TOR_20260911_1_PA012,TOR_20260911_1,B017,Vladimir Guerrero Jr.,2026-09-11,Train,1,Baltimore Orioles,3,4,1,2,1,2,0,17.0,1,Observed,1,1,1
P03536,TOR_20260911_1_PA013,TOR_20260911_1,B001,Alejandro Kirk,2026-09-11,Train,1,Baltimore Orioles,3,1,0,0,1,2,0,12.0,3,Observed,1,1,1
P03537,TOR_20260911_1_PA013,TOR_20260911_1,B001,Alejandro Kirk,2026-09-11,Train,1,Baltimore Orioles,3,2,0,1,1,2,0,14.0,3,Observed,1,1,1
P03538,TOR_20260911_1_PA013,TOR_20260911_1,B001,Alejandro Kirk,2026-09-11,Train,1,Baltimore Orioles,3,3,1,1,1,2,0,23.0,2,Observed,1,1,1
P03539,TOR_20260911_1_PA013,TOR_20260911_1,B001,Alejandro Kirk,2026-09-11,Train,1,Baltimore Orioles,3,4,2,1,1,2,0,15.0,3,Observed,1,1,1
P03540,TOR_20260911_1_PA013,TOR_20260911_1,B001,Alejandro Kirk,2026-09-11,Train,1,Baltimore Orioles,3,5,3,1,1,2,1,36.0,3,Observed,1,1,1
P03541,TOR_20260911_1_PA014,TOR_20260911_1,B014,Nathan Lukes,2026-09-11,Train,1,Baltimore Orioles,3,1,0,0,1,3,0,14.0,3,Observed,1,1,1
P03542,TOR_20260911_1_PA014,TOR_20260911_1,B014,Nathan Lukes,2026-09-11,Train,1,Baltimore Orioles,3,2,0,1,1,3,0,22.0,2,Observed,1,1,1
P03543,TOR_20260911_1_PA015,TOR_20260911_1,B012,Kazuma Okamoto,2026-09-11,Train,1,Baltimore Orioles,4,1,0,0,0,0,0,12.0,0,Observed,1,1,1
P03544,TOR_20260911_1_PA015,TOR_20260911_1,B012,Kazuma Okamoto,2026-09-11,Train,1,Baltimore Orioles,4,2,1,0,0,0,0,13.0,3,Observed,1,1,1
P03545,TOR_20260911_1_PA016,TOR_20260911_1,B011,Josh H. Smith,2026-09-11,Train,1,Baltimore Orioles,4,1,0,0,0,0,0,13.0,1,Observed,1,1,1
P03546,TOR_20260911_1_PA016,TOR_20260911_1,B011,Josh H. Smith,2026-09-11,Train,1,Baltimore Orioles,4,2,0,1,0,0,0,14.0,4,Observed,1,1,1
P03547,TOR_20260911_1_PA016,TOR_20260911_1,B011,Josh H. Smith,2026-09-11,Train,1,Baltimore Orioles,4,3,0,2,0,0,0,17.0,1,Observed,1,1,1
P03548,TOR_20260911_1_PA017,TOR_20260911_1,B002,Andrés Giménez,2026-09-11,Train,1,Baltimore Orioles,4,1,0,0,0,0,0,9.0,1,Observed,1,1,1
P03549,TOR_20260911_1_PA017,TOR_20260911_1,B002,Andrés Giménez,2026-09-11,Train,1,Baltimore Orioles,4,2,0,1,0,0,0,8.0,0,Observed,1,1,1
P03550,TOR_20260911_1_PA017,TOR_20260911_1,B002,Andrés Giménez,2026-09-11,Train,1,Baltimore Orioles,4,3,0,2,0,0,0,12.0,1,Observed,1,1,1
P03551,TOR_20260911_1_PA017,TOR_20260911_1,B002,Andrés Giménez,2026-09-11,Train,1,Baltimore Orioles,4,4,1,2,0,0,0,15.0,2,Observed,1,1,1
P03552,TOR_20260911_1_PA017,TOR_20260911_1,B002,Andrés Giménez,2026-09-11,Train,1,Baltimore Orioles,4,5,1,2,0,0,0,14.0,1,Observed,1,1,1
P03553,TOR_20260911_1_PA018,TOR_20260911_1,B008,Ernie Clement,2026-09-11,Train,1,Baltimore Orioles,4,1,0,0,0,0,0,13.0,1,Observed,1,1,1
P03554,TOR_20260911_1_PA018,TOR_20260911_1,B008,Ernie Clement,2026-09-11,Train,1,Baltimore Orioles,4,2,0,1,0,0,0,12.0,1,Observed,1,1,1
P03555,TOR_20260911_1_PA019,TOR_20260911_1,B004,Brett Bateman,2026-09-11,Train,1,Baltimore Orioles,6,1,0,0,0,0,0,11.0,0,Observed,1,1,1
P03556,TOR_20260911_1_PA019,TOR_20260911_1,B004,Brett Bateman,2026-09-11,Train,1,Baltimore Orioles,6,2,0,1,0,0,0,16.0,0,Observed,1,1,1
P03557,TOR_20260911_1_PA019,TOR_20260911_1,B004,Brett Bateman,2026-09-11,Train,1,Baltimore Orioles,6,3,0,2,0,0,0,19.0,0,Observed,1,1,1
P03558,TOR_20260911_1_PA019,TOR_20260911_1,B004,Brett Bateman,2026-09-11,Train,1,Baltimore Orioles,6,4,0,2,0,0,0,18.0,0,Observed,1,1,1
P03559,TOR_20260911_1_PA019,TOR_20260911_1,B004,Brett Bateman,2026-09-11,Train,1,Baltimore Orioles,6,5,1,2,0,0,0,12.0,0,Observed,1,1,1
P03560,TOR_20260911_1_PA019,TOR_20260911_1,B004,Brett Bateman,2026-09-11,Train,1,Baltimore Orioles,6,6,2,2,0,0,0,12.0,0,Observed,1,1,1
P03561,TOR_20260911_1_PA019,TOR_20260911_1,B004,Brett Bateman,2026-09-11,Train,1,Baltimore Orioles,6,7,2,2,0,0,0,13.0,0,Observed,1,1,1
P03562,TOR_20260911_1_PA019,TOR_20260911_1,B004,Brett Bateman,2026-09-11,Train,1,Baltimore Orioles,6,8,2,2,0,0,0,12.0,0,Observed,1,1,1
P03563,TOR_20260911_1_PA020,TOR_20260911_1,B009,George Springer,2026-09-11,Train,1,Baltimore Orioles,6,1,0,0,0,1,0,17.0,2,Observed,1,1,1
P03564,TOR_20260911_1_PA021,TOR_20260911_1,B017,Vladimir Guerrero Jr.,2026-09-11,Train,1,Baltimore Orioles,6,1,0,0,0,1,0,13.0,3,Observed,1,1,1
P03565,TOR_20260911_1_PA021,TOR_20260911_1,B017,Vladimir Guerrero Jr.,2026-09-11,Train,1,Baltimore Orioles,6,2,1,0,0,1,0,15.0,3,Observed,1,1,1
P03566,TOR_20260911_1_PA021,TOR_20260911_1,B017,Vladimir Guerrero Jr.,2026-09-11,Train,1,Baltimore Orioles,6,3,1,1,0,1,0,10.0,1,Observed,1,1,1
P03567,TOR_20260911_1_PA022,TOR_20260911_1,B001,Alejandro Kirk,2026-09-11,Train,1,Baltimore Orioles,6,1,0,0,1,1,0,16.0,3,Observed,1,1,1
P03568,TOR_20260911_1_PA022,TOR_20260911_1,B001,Alejandro Kirk,2026-09-11,Train,1,Baltimore Orioles,6,2,1,0,1,1,0,15.0,4,Observed,1,1,1
P03569,TOR_20260911_1_PA022,TOR_20260911_1,B001,Alejandro Kirk,2026-09-11,Train,1,Baltimore Orioles,6,3,1,1,1,1,0,16.0,3,Observed,1,1,1
P03570,TOR_20260911_1_PA022,TOR_20260911_1,B001,Alejandro Kirk,2026-09-11,Train,1,Baltimore Orioles,6,4,1,2,1,1,0,12.0,3,Observed,1,1,1
P03571,TOR_20260911_1_PA022,TOR_20260911_1,B001,Alejandro Kirk,2026-09-11,Train,1,Baltimore Orioles,6,5,1,2,1,1,0,10.0,3,Observed,1,1,1
P03572,TOR_20260911_1_PA023,TOR_20260911_1,B014,Nathan Lukes,2026-09-11,Train,1,Baltimore Orioles,6,1,0,0,0,0,0,21.0,2,Observed,1,1,1
P03573,TOR_20260911_1_PA024,TOR_20260911_1,B012,Kazuma Okamoto,2026-09-11,Train,1,Baltimore Orioles,6,1,0,0,0,1,0,12.0,1,Observed,1,1,1
P03574,TOR_20260911_1_PA024,TOR_20260911_1,B012,Kazuma Okamoto,2026-09-11,Train,1,Baltimore Orioles,6,2,1,0,0,1,0,14.0,1,Observed,1,1,1
P03575,TOR_20260911_1_PA024,TOR_20260911_1,B012,Kazuma Okamoto,2026-09-11,Train,1,Baltimore Orioles,6,3,1,1,0,1,0,14.0,2,Observed,1,1,1
P03576,TOR_20260911_1_PA024,TOR_20260911_1,B012,Kazuma Okamoto,2026-09-11,Train,1,Baltimore Orioles,6,4,1,2,0,1,0,17.0,1,Observed,1,1,1
P03577,TOR_20260911_1_PA024,TOR_20260911_1,B012,Kazuma Okamoto,2026-09-11,Train,1,Baltimore Orioles,6,5,1,2,0,1,0,21.0,2,Observed,1,1,1
P03578,TOR_20260911_1_PA025,TOR_20260911_1,B005,Charles McAdoo,2026-09-11,Train,1,Baltimore Orioles,6,1,0,0,1,2,0,11.0,2,Observed,1,1,1
P03579,TOR_20260911_1_PA025,TOR_20260911_1,B005,Charles McAdoo,2026-09-11,Train,1,Baltimore Orioles,6,2,1,0,1,2,0,13.0,1,Observed,1,1,1
P03580,TOR_20260911_1_PA025,TOR_20260911_1,B005,Charles McAdoo,2026-09-11,Train,1,Baltimore Orioles,6,3,1,1,1,2,0,15.0,3,Observed,1,1,1
P03581,TOR_20260911_1_PA025,TOR_20260911_1,B005,Charles McAdoo,2026-09-11,Train,1,Baltimore Orioles,6,4,1,2,1,2,0,17.0,0,Observed,1,1,1
P03582,TOR_20260911_1_PA025,TOR_20260911_1,B005,Charles McAdoo,2026-09-11,Train,1,Baltimore Orioles,6,5,2,2,1,2,0,16.0,3,Observed,1,1,1
P03583,TOR_20260911_1_PA025,TOR_20260911_1,B005,Charles McAdoo,2026-09-11,Train,1,Baltimore Orioles,6,6,2,2,1,2,0,15.0,1,Observed,1,1,1
P03584,TOR_20260911_1_PA025,TOR_20260911_1,B005,Charles McAdoo,2026-09-11,Train,1,Baltimore Orioles,6,7,2,2,1,2,0,8.0,1,Observed,1,1,1
P03585,TOR_20260911_1_PA025,TOR_20260911_1,B005,Charles McAdoo,2026-09-11,Train,1,Baltimore Orioles,6,8,3,2,1,2,0,15.0,2,Observed,1,1,1
P03586,TOR_20260911_1_PA026,TOR_20260911_1,B002,Andrés Giménez,2026-09-11,Train,1,Baltimore Orioles,6,1,0,0,1,2,0,14.0,1,Observed,1,1,1
P03587,TOR_20260911_1_PA026,TOR_20260911_1,B002,Andrés Giménez,2026-09-11,Train,1,Baltimore Orioles,6,2,0,1,1,2,0,18.0,3,Observed,1,1,1
P03588,TOR_20260911_1_PA026,TOR_20260911_1,B002,Andrés Giménez,2026-09-11,Train,1,Baltimore Orioles,6,3,1,1,1,2,0,16.0,3,Observed,1,1,1
P03589,TOR_20260911_1_PA027,TOR_20260911_1,B008,Ernie Clement,2026-09-11,Train,1,Baltimore Orioles,6,1,0,0,1,1,0,14.0,0,Observed,1,1,1
P03590,TOR_20260911_1_PA027,TOR_20260911_1,B008,Ernie Clement,2026-09-11,Train,1,Baltimore Orioles,6,2,1,0,1,1,0,14.0,0,Observed,1,1,1
P03591,TOR_20260911_1_PA028,TOR_20260911_1,B004,Brett Bateman,2026-09-11,Train,1,Baltimore Orioles,7,1,0,0,0,0,0,13.0,2,Observed,1,1,1
P03592,TOR_20260911_1_PA028,TOR_20260911_1,B004,Brett Bateman,2026-09-11,Train,1,Baltimore Orioles,7,2,1,0,0,0,0,20.0,0,Observed,1,1,1
P03593,TOR_20260911_1_PA029,TOR_20260911_1,B009,George Springer,2026-09-11,Train,1,Baltimore Orioles,7,1,0,0,0,0,0,10.0,0,Observed,1,1,1
P03594,TOR_20260911_1_PA030,TOR_20260911_1,B017,Vladimir Guerrero Jr.,2026-09-11,Train,1,Baltimore Orioles,7,1,0,0,0,0,0,26.0,1,Observed,1,1,1
P03595,TOR_20260911_1_PA030,TOR_20260911_1,B017,Vladimir Guerrero Jr.,2026-09-11,Train,1,Baltimore Orioles,7,2,0,1,0,0,0,11.0,0,Observed,1,1,1
P03596,TOR_20260911_1_PA030,TOR_20260911_1,B017,Vladimir Guerrero Jr.,2026-09-11,Train,1,Baltimore Orioles,7,3,1,1,0,0,0,13.0,1,Observed,1,1,1
P03597,TOR_20260911_1_PA030,TOR_20260911_1,B017,Vladimir Guerrero Jr.,2026-09-11,Train,1,Baltimore Orioles,7,4,1,2,0,0,0,15.0,1,Observed,1,1,1
P03598,TOR_20260911_1_PA031,TOR_20260911_1,B001,Alejandro Kirk,2026-09-11,Train,1,Baltimore Orioles,8,1,0,0,0,0,0,9.0,3,Observed,1,1,1
P03599,TOR_20260911_1_PA031,TOR_20260911_1,B001,Alejandro Kirk,2026-09-11,Train,1,Baltimore Orioles,8,2,1,0,0,0,0,11.0,3,Observed,1,1,1
P03600,TOR_20260911_1_PA031,TOR_20260911_1,B001,Alejandro Kirk,2026-09-11,Train,1,Baltimore Orioles,8,3,1,1,0,0,0,14.0,4,Observed,1,1,1
P03601,TOR_20260911_1_PA032,TOR_20260911_1,B014,Nathan Lukes,2026-09-11,Train,1,Baltimore Orioles,8,1,0,0,0,0,0,17.0,3,Observed,1,1,1
P03602,TOR_20260911_1_PA032,TOR_20260911_1,B014,Nathan Lukes,2026-09-11,Train,1,Baltimore Orioles,8,2,1,0,0,0,0,11.0,3,Observed,1,1,1
P03603,TOR_20260911_1_PA033,TOR_20260911_1,B012,Kazuma Okamoto,2026-09-11,Train,1,Baltimore Orioles,8,1,0,0,0,0,0,9.0,0,Observed,1,1,1
P03604,TOR_20260911_1_PA033,TOR_20260911_1,B012,Kazuma Okamoto,2026-09-11,Train,1,Baltimore Orioles,8,2,0,1,0,0,0,14.0,1,Observed,1,1,1
P03605,TOR_20260911_1_PA033,TOR_20260911_1,B012,Kazuma Okamoto,2026-09-11,Train,1,Baltimore Orioles,8,3,0,2,0,0,0,10.0,1,Observed,1,1,1
P03606,TOR_20260911_1_PA033,TOR_20260911_1,B012,Kazuma Okamoto,2026-09-11,Train,1,Baltimore Orioles,8,4,1,2,0,0,0,12.0,0,Observed,1,1,1
P03607,TOR_20260911_1_PA034,TOR_20260911_1,B005,Charles McAdoo,2026-09-11,Train,1,Baltimore Orioles,9,1,0,0,0,0,0,19.0,2,Observed,1,1,1
P03608,TOR_20260911_1_PA034,TOR_20260911_1,B005,Charles McAdoo,2026-09-11,Train,1,Baltimore Orioles,9,2,0,1,0,0,0,17.0,1,Observed,1,1,1
P03609,TOR_20260911_1_PA034,TOR_20260911_1,B005,Charles McAdoo,2026-09-11,Train,1,Baltimore Orioles,9,3,0,2,0,0,0,16.0,0,Observed,1,1,1
P03610,TOR_20260911_1_PA034,TOR_20260911_1,B005,Charles McAdoo,2026-09-11,Train,1,Baltimore Orioles,9,4,1,2,0,0,0,16.0,1,Observed,1,1,1
P03611,TOR_20260911_1_PA034,TOR_20260911_1,B005,Charles McAdoo,2026-09-11,Train,1,Baltimore Orioles,9,5,1,2,0,0,0,18.0,1,Observed,1,1,1
P03612,TOR_20260911_1_PA034,TOR_20260911_1,B005,Charles McAdoo,2026-09-11,Train,1,Baltimore Orioles,9,6,1,2,0,0,0,15.0,2,Observed,1,1,1
P03613,TOR_20260911_1_PA035,TOR_20260911_1,B002,Andrés Giménez,2026-09-11,Train,1,Baltimore Orioles,9,1,0,0,0,0,0,11.0,1,Observed,1,1,1
P03614,TOR_20260911_1_PA035,TOR_20260911_1,B002,Andrés Giménez,2026-09-11,Train,1,Baltimore Orioles,9,2,1,0,0,0,0,9.0,1,Observed,1,1,1
P03615,TOR_20260911_1_PA035,TOR_20260911_1,B002,Andrés Giménez,2026-09-11,Train,1,Baltimore Orioles,9,3,1,1,0,0,0,12.0,3,Observed,1,1,1
P03616,TOR_20260911_1_PA035,TOR_20260911_1,B002,Andrés Giménez,2026-09-11,Train,1,Baltimore Orioles,9,4,1,2,0,0,0,16.0,1,Observed,1,1,1
P03617,TOR_20260911_1_PA035,TOR_20260911_1,B002,Andrés Giménez,2026-09-11,Train,1,Baltimore Orioles,9,5,2,2,0,0,0,14.0,2,Observed,1,1,1
P03618,TOR_20260911_1_PA035,TOR_20260911_1,B002,Andrés Giménez,2026-09-11,Train,1,Baltimore Orioles,9,6,2,2,0,0,0,13.0,0,Observed,1,1,1
P03619,TOR_20260911_1_PA036,TOR_20260911_1,B008,Ernie Clement,2026-09-11,Train,1,Baltimore Orioles,9,1,0,0,0,0,0,12.0,1,Observed,1,1,1
P03620,TOR_20260911_1_PA036,TOR_20260911_1,B008,Ernie Clement,2026-09-11,Train,1,Baltimore Orioles,9,2,1,0,0,0,0,15.0,1,Observed,1,1,1
P03621,TOR_20260911_1_PA037,TOR_20260911_1,B004,Brett Bateman,2026-09-11,Train,1,Baltimore Orioles,9,1,0,0,1,1,0,10.0,1,Observed,1,1,1
P03622,TOR_20260911_1_PA037,TOR_20260911_1,B004,Brett Bateman,2026-09-11,Train,1,Baltimore Orioles,9,2,0,1,1,1,0,9.0,1,Observed,1,1,1
P03623,TOR_20260911_1_PA037,TOR_20260911_1,B004,Brett Bateman,2026-09-11,Train,1,Baltimore Orioles,9,3,0,2,1,1,0,9.0,1,Observed,1,1,1
P03624,TOR_20260911_1_PA037,TOR_20260911_1,B004,Brett Bateman,2026-09-11,Train,1,Baltimore Orioles,9,4,1,2,1,1,0,18.0,0,Observed,1,1,1
P03625,TOR_20260911_1_PA038,TOR_20260911_1,B009,George Springer,2026-09-11,Train,1,Baltimore Orioles,9,1,0,0,0,0,0,12.0,2,Observed,1,1,1
P03626,TOR_20260911_1_PA038,TOR_20260911_1,B009,George Springer,2026-09-11,Train,1,Baltimore Orioles,9,2,0,1,0,0,0,13.0,0,Observed,1,1,1
P03627,TOR_20260911_1_PA038,TOR_20260911_1,B009,George Springer,2026-09-11,Train,1,Baltimore Orioles,9,3,0,2,0,0,0,9.0,1,Observed,1,1,1
P03628,TOR_20260911_1_PA038,TOR_20260911_1,B009,George Springer,2026-09-11,Train,1,Baltimore Orioles,9,4,1,2,0,0,0,11.0,1,Observed,1,1,1
P03629,TOR_20260911_1_PA038,TOR_20260911_1,B009,George Springer,2026-09-11,Train,1,Baltimore Orioles,9,5,1,2,0,0,0,14.0,0,Observed,1,1,1
P03630,TOR_20260911_1_PA038,TOR_20260911_1,B009,George Springer,2026-09-11,Train,1,Baltimore Orioles,9,6,2,2,0,0,0,18.0,0,Observed,1,1,1
P03631,TOR_20260911_1_PA039,TOR_20260911_1,B017,Vladimir Guerrero Jr.,2026-09-11,Train,1,Baltimore Orioles,9,1,0,0,0,1,0,9.0,2,Observed,1,1,1
P03632,TOR_20260911_1_PA039,TOR_20260911_1,B017,Vladimir Guerrero Jr.,2026-09-11,Train,1,Baltimore Orioles,9,2,0,1,0,1,0,11.0,1,Observed,1,1,1
P03633,TOR_20260911_1_PA039,TOR_20260911_1,B017,Vladimir Guerrero Jr.,2026-09-11,Train,1,Baltimore Orioles,9,3,1,1,0,1,0,25.0,1,Observed,1,1,1
P03634,TOR_20260911_1_PA039,TOR_20260911_1,B017,Vladimir Guerrero Jr.,2026-09-11,Train,1,Baltimore Orioles,9,4,2,1,0,1,0,11.0,1,Observed,1,1,1
P03635,TOR_20260911_1_PA039,TOR_20260911_1,B017,Vladimir Guerrero Jr.,2026-09-11,Train,1,Baltimore Orioles,9,5,2,2,0,1,0,11.0,1,Observed,1,1,1
P03636,TOR_20260911_1_PA039,TOR_20260911_1,B017,Vladimir Guerrero Jr.,2026-09-11,Train,1,Baltimore Orioles,9,6,2,2,0,1,0,19.0,3,Observed,1,1,1
P03637,TOR_20260911_1_PA039,TOR_20260911_1,B017,Vladimir Guerrero Jr.,2026-09-11,Train,1,Baltimore Orioles,9,7,2,2,0,1,0,32.0,1,Observed,1,1,1
P03638,TOR_20260911_1_PA039,TOR_20260911_1,B017,Vladimir Guerrero Jr.,2026-09-11,Train,1,Baltimore Orioles,9,8,3,2,0,1,0,23.0,2,Observed,1,1,1
P03639,TOR_20260911_1_PA040,TOR_20260911_1,B001,Alejandro Kirk,2026-09-11,Train,1,Baltimore Orioles,9,1,0,0,1,2,0,14.0,3,Observed,1,1,1
P03640,TOR_20260911_1_PA040,TOR_20260911_1,B001,Alejandro Kirk,2026-09-11,Train,1,Baltimore Orioles,9,2,0,1,1,2,0,15.0,1,Observed,1,1,1
P03641,TOR_20260911_1_PA040,TOR_20260911_1,B001,Alejandro Kirk,2026-09-11,Train,1,Baltimore Orioles,9,3,0,2,1,2,0,14.0,4,Observed,1,1,1
P03642,TOR_20260911_1_PA040,TOR_20260911_1,B001,Alejandro Kirk,2026-09-11,Train,1,Baltimore Orioles,9,4,0,2,1,2,0,26.0,4,Observed,1,1,1
P03643,TOR_20260911_1_PA040,TOR_20260911_1,B001,Alejandro Kirk,2026-09-11,Train,1,Baltimore Orioles,9,5,1,2,1,2,0,17.0,3,Observed,1,1,1
P03644,TOR_20260911_1_PA040,TOR_20260911_1,B001,Alejandro Kirk,2026-09-11,Train,1,Baltimore Orioles,9,6,1,2,1,2,0,18.0,3,Observed,1,1,1
P03645,TOR_20260912_1_PA001,TOR_20260912_1,B004,Brett Bateman,2026-09-12,Train,1,Baltimore Orioles,1,1,0,0,0,0,0,12.0,2,Observed,1,1,1
P03646,TOR_20260912_1_PA001,TOR_20260912_1,B004,Brett Bateman,2026-09-12,Train,1,Baltimore Orioles,1,2,1,0,0,0,0,12.0,0,Observed,1,1,1
P03647,TOR_20260912_1_PA001,TOR_20260912_1,B004,Brett Bateman,2026-09-12,Train,1,Baltimore Orioles,1,3,1,1,0,0,0,14.0,0,Observed,1,1,1
P03648,TOR_20260912_1_PA001,TOR_20260912_1,B004,Brett Bateman,2026-09-12,Train,1,Baltimore Orioles,1,4,2,1,0,0,0,10.0,0,Observed,1,1,1
P03649,TOR_20260912_1_PA001,TOR_20260912_1,B004,Brett Bateman,2026-09-12,Train,1,Baltimore Orioles,1,5,3,1,0,0,0,23.0,0,Observed,1,1,1
P03650,TOR_20260912_1_PA002,TOR_20260912_1,B009,George Springer,2026-09-12,Train,1,Baltimore Orioles,1,1,0,0,0,1,0,10.0,0,Observed,1,1,1
P03651,TOR_20260912_1_PA002,TOR_20260912_1,B009,George Springer,2026-09-12,Train,1,Baltimore Orioles,1,2,0,1,0,1,0,14.0,3,Observed,1,1,1
P03652,TOR_20260912_1_PA003,TOR_20260912_1,B017,Vladimir Guerrero Jr.,2026-09-12,Train,1,Baltimore Orioles,1,1,0,0,1,1,0,9.0,1,Observed,1,1,1
P03653,TOR_20260912_1_PA003,TOR_20260912_1,B017,Vladimir Guerrero Jr.,2026-09-12,Train,1,Baltimore Orioles,1,2,0,1,1,1,0,11.0,1,Observed,1,1,1
P03654,TOR_20260912_1_PA004,TOR_20260912_1,B001,Alejandro Kirk,2026-09-12,Train,1,Baltimore Orioles,1,1,0,0,1,1,0,11.0,2,Observed,1,1,1
P03655,TOR_20260912_1_PA004,TOR_20260912_1,B001,Alejandro Kirk,2026-09-12,Train,1,Baltimore Orioles,1,2,0,1,1,1,0,11.0,3,Observed,1,1,1
P03656,TOR_20260912_1_PA005,TOR_20260912_1,B014,Nathan Lukes,2026-09-12,Train,1,Baltimore Orioles,1,1,0,0,0,1,0,11.0,3,Observed,1,1,1
P03657,TOR_20260912_1_PA006,TOR_20260912_1,B012,Kazuma Okamoto,2026-09-12,Train,1,Baltimore Orioles,2,1,0,0,0,0,0,13.0,1,Observed,1,1,1
P03658,TOR_20260912_1_PA006,TOR_20260912_1,B012,Kazuma Okamoto,2026-09-12,Train,1,Baltimore Orioles,2,2,1,0,0,0,0,11.0,0,Observed,1,1,1
P03659,TOR_20260912_1_PA006,TOR_20260912_1,B012,Kazuma Okamoto,2026-09-12,Train,1,Baltimore Orioles,2,3,2,0,0,0,0,12.0,1,Observed,1,1,1
P03660,TOR_20260912_1_PA006,TOR_20260912_1,B012,Kazuma Okamoto,2026-09-12,Train,1,Baltimore Orioles,2,4,2,1,0,0,0,11.0,0,Observed,1,1,1
P03661,TOR_20260912_1_PA006,TOR_20260912_1,B012,Kazuma Okamoto,2026-09-12,Train,1,Baltimore Orioles,2,5,3,1,0,0,0,10.0,0,Observed,1,1,1
P03662,TOR_20260912_1_PA006,TOR_20260912_1,B012,Kazuma Okamoto,2026-09-12,Train,1,Baltimore Orioles,2,6,3,2,0,0,0,9.0,1,Observed,1,1,1
P03663,TOR_20260912_1_PA007,TOR_20260912_1,B011,Josh H. Smith,2026-09-12,Train,1,Baltimore Orioles,2,1,0,0,0,1,0,16.0,4,Observed,1,1,1
P03664,TOR_20260912_1_PA007,TOR_20260912_1,B011,Josh H. Smith,2026-09-12,Train,1,Baltimore Orioles,2,2,0,1,0,1,0,12.0,2,Observed,1,1,1
P03665,TOR_20260912_1_PA007,TOR_20260912_1,B011,Josh H. Smith,2026-09-12,Train,1,Baltimore Orioles,2,3,0,2,0,1,0,17.0,1,Observed,1,1,1
P03666,TOR_20260912_1_PA008,TOR_20260912_1,B002,Andrés Giménez,2026-09-12,Train,1,Baltimore Orioles,2,1,0,0,0,1,0,12.0,0,Observed,1,1,1
P03667,TOR_20260912_1_PA009,TOR_20260912_1,B015,Rudy Martin Jr.,2026-09-12,Train,1,Baltimore Orioles,2,1,0,0,1,2,0,7.0,1,Observed,1,1,1
P03668,TOR_20260912_1_PA009,TOR_20260912_1,B015,Rudy Martin Jr.,2026-09-12,Train,1,Baltimore Orioles,2,2,0,1,1,2,0,9.0,1,Observed,1,1,1
P03669,TOR_20260912_1_PA010,TOR_20260912_1,B004,Brett Bateman,2026-09-12,Train,1,Baltimore Orioles,3,1,0,0,0,0,0,14.0,2,Observed,1,1,1
P03670,TOR_20260912_1_PA010,TOR_20260912_1,B004,Brett Bateman,2026-09-12,Train,1,Baltimore Orioles,3,2,0,1,0,0,0,10.0,0,Observed,1,1,1
P03671,TOR_20260912_1_PA010,TOR_20260912_1,B004,Brett Bateman,2026-09-12,Train,1,Baltimore Orioles,3,3,1,1,0,0,0,14.0,0,Observed,1,1,1
P03672,TOR_20260912_1_PA011,TOR_20260912_1,B009,George Springer,2026-09-12,Train,1,Baltimore Orioles,3,1,0,0,0,0,0,10.0,1,Observed,1,1,1
P03673,TOR_20260912_1_PA011,TOR_20260912_1,B009,George Springer,2026-09-12,Train,1,Baltimore Orioles,3,2,1,0,0,0,0,13.0,0,Observed,1,1,1
P03674,TOR_20260912_1_PA011,TOR_20260912_1,B009,George Springer,2026-09-12,Train,1,Baltimore Orioles,3,3,1,1,0,0,0,14.0,1,Observed,1,1,1
P03675,TOR_20260912_1_PA011,TOR_20260912_1,B009,George Springer,2026-09-12,Train,1,Baltimore Orioles,3,4,2,1,0,0,0,15.0,0,Observed,1,1,1
P03676,TOR_20260912_1_PA011,TOR_20260912_1,B009,George Springer,2026-09-12,Train,1,Baltimore Orioles,3,5,2,2,0,0,0,14.0,1,Observed,1,1,1
P03677,TOR_20260912_1_PA012,TOR_20260912_1,B017,Vladimir Guerrero Jr.,2026-09-12,Train,1,Baltimore Orioles,3,1,0,0,0,1,0,17.0,2,Observed,1,1,1
P03678,TOR_20260912_1_PA012,TOR_20260912_1,B017,Vladimir Guerrero Jr.,2026-09-12,Train,1,Baltimore Orioles,3,2,1,0,0,1,0,12.0,0,Observed,1,1,1
P03679,TOR_20260912_1_PA012,TOR_20260912_1,B017,Vladimir Guerrero Jr.,2026-09-12,Train,1,Baltimore Orioles,3,3,1,1,0,1,0,12.0,3,Observed,1,1,1
P03680,TOR_20260912_1_PA012,TOR_20260912_1,B017,Vladimir Guerrero Jr.,2026-09-12,Train,1,Baltimore Orioles,3,4,1,2,0,1,0,13.0,1,Observed,1,1,1
P03681,TOR_20260912_1_PA012,TOR_20260912_1,B017,Vladimir Guerrero Jr.,2026-09-12,Train,1,Baltimore Orioles,3,5,2,2,0,1,0,17.0,1,Observed,1,1,1
P03682,TOR_20260912_1_PA013,TOR_20260912_1,B001,Alejandro Kirk,2026-09-12,Train,1,Baltimore Orioles,3,1,0,0,0,1,0,14.0,3,Observed,1,1,1
P03683,TOR_20260912_1_PA014,TOR_20260912_1,B014,Nathan Lukes,2026-09-12,Train,1,Baltimore Orioles,3,1,0,0,0,0,0,7.0,2,Observed,1,1,1
P03684,TOR_20260912_1_PA014,TOR_20260912_1,B014,Nathan Lukes,2026-09-12,Train,1,Baltimore Orioles,3,2,0,1,0,0,0,12.0,4,Observed,1,1,1
P03685,TOR_20260912_1_PA014,TOR_20260912_1,B014,Nathan Lukes,2026-09-12,Train,1,Baltimore Orioles,3,3,1,1,0,0,0,16.0,4,Observed,1,1,1
P03686,TOR_20260912_1_PA014,TOR_20260912_1,B014,Nathan Lukes,2026-09-12,Train,1,Baltimore Orioles,3,4,1,2,0,0,0,14.0,4,Observed,1,1,1
P03687,TOR_20260912_1_PA014,TOR_20260912_1,B014,Nathan Lukes,2026-09-12,Train,1,Baltimore Orioles,3,5,1,2,0,0,0,25.0,3,Observed,1,1,1
P03688,TOR_20260912_1_PA014,TOR_20260912_1,B014,Nathan Lukes,2026-09-12,Train,1,Baltimore Orioles,3,6,2,2,0,0,0,16.0,2,Observed,1,1,1
P03689,TOR_20260912_1_PA015,TOR_20260912_1,B012,Kazuma Okamoto,2026-09-12,Train,1,Baltimore Orioles,3,1,0,0,0,0,0,13.0,1,Observed,1,1,1
P03690,TOR_20260912_1_PA015,TOR_20260912_1,B012,Kazuma Okamoto,2026-09-12,Train,1,Baltimore Orioles,3,2,1,0,0,0,0,11.0,0,Observed,1,1,1
P03691,TOR_20260912_1_PA015,TOR_20260912_1,B012,Kazuma Okamoto,2026-09-12,Train,1,Baltimore Orioles,3,3,2,0,0,0,0,10.0,1,Observed,1,1,1
P03692,TOR_20260912_1_PA015,TOR_20260912_1,B012,Kazuma Okamoto,2026-09-12,Train,1,Baltimore Orioles,3,4,3,0,0,0,0,16.0,1,Observed,1,1,1
P03693,TOR_20260912_1_PA015,TOR_20260912_1,B012,Kazuma Okamoto,2026-09-12,Train,1,Baltimore Orioles,3,5,3,1,0,0,0,15.0,1,Observed,1,1,1
P03694,TOR_20260912_1_PA015,TOR_20260912_1,B012,Kazuma Okamoto,2026-09-12,Train,1,Baltimore Orioles,3,6,3,2,0,0,0,17.0,2,Observed,1,1,1
P03695,TOR_20260912_1_PA016,TOR_20260912_1,B011,Josh H. Smith,2026-09-12,Train,1,Baltimore Orioles,3,1,0,0,0,1,0,10.0,2,Observed,1,1,1
P03696,TOR_20260912_1_PA016,TOR_20260912_1,B011,Josh H. Smith,2026-09-12,Train,1,Baltimore Orioles,3,2,1,0,0,1,0,17.0,1,Observed,1,1,1
P03697,TOR_20260912_1_PA016,TOR_20260912_1,B011,Josh H. Smith,2026-09-12,Train,1,Baltimore Orioles,3,3,1,1,0,1,0,13.0,3,Observed,1,1,1
P03698,TOR_20260912_1_PA017,TOR_20260912_1,B002,Andrés Giménez,2026-09-12,Train,1,Baltimore Orioles,3,1,0,0,1,2,0,10.0,0,Observed,1,1,1
P03699,TOR_20260912_1_PA017,TOR_20260912_1,B002,Andrés Giménez,2026-09-12,Train,1,Baltimore Orioles,3,2,0,1,1,2,0,14.0,1,Observed,1,1,1
P03700,TOR_20260912_1_PA017,TOR_20260912_1,B002,Andrés Giménez,2026-09-12,Train,1,Baltimore Orioles,3,3,0,2,1,2,0,12.0,1,Observed,1,1,1
P03701,TOR_20260912_1_PA018,TOR_20260912_1,B015,Rudy Martin Jr.,2026-09-12,Train,1,Baltimore Orioles,4,1,0,0,0,0,0,7.0,1,Observed,1,1,1
P03702,TOR_20260912_1_PA018,TOR_20260912_1,B015,Rudy Martin Jr.,2026-09-12,Train,1,Baltimore Orioles,4,2,0,1,0,0,0,7.0,1,Observed,1,1,1
P03703,TOR_20260912_1_PA018,TOR_20260912_1,B015,Rudy Martin Jr.,2026-09-12,Train,1,Baltimore Orioles,4,3,0,2,0,0,0,9.0,1,Observed,1,1,1
P03704,TOR_20260912_1_PA019,TOR_20260912_1,B004,Brett Bateman,2026-09-12,Train,1,Baltimore Orioles,4,1,0,0,0,0,0,17.0,2,Observed,1,1,1
P03705,TOR_20260912_1_PA019,TOR_20260912_1,B004,Brett Bateman,2026-09-12,Train,1,Baltimore Orioles,4,2,1,0,0,0,0,13.0,0,Observed,1,1,1
P03706,TOR_20260912_1_PA019,TOR_20260912_1,B004,Brett Bateman,2026-09-12,Train,1,Baltimore Orioles,4,3,1,1,0,0,0,14.0,0,Observed,1,1,1
P03707,TOR_20260912_1_PA019,TOR_20260912_1,B004,Brett Bateman,2026-09-12,Train,1,Baltimore Orioles,4,4,1,2,0,0,0,11.0,0,Observed,1,1,1
P03708,TOR_20260912_1_PA019,TOR_20260912_1,B004,Brett Bateman,2026-09-12,Train,1,Baltimore Orioles,4,5,1,2,0,0,0,12.0,0,Observed,1,1,1
P03709,TOR_20260912_1_PA019,TOR_20260912_1,B004,Brett Bateman,2026-09-12,Train,1,Baltimore Orioles,4,6,2,2,0,0,0,12.0,0,Observed,1,1,1
P03710,TOR_20260912_1_PA019,TOR_20260912_1,B004,Brett Bateman,2026-09-12,Train,1,Baltimore Orioles,4,7,2,2,0,0,0,13.0,0,Observed,1,1,1
P03711,TOR_20260912_1_PA019,TOR_20260912_1,B004,Brett Bateman,2026-09-12,Train,1,Baltimore Orioles,4,8,2,2,0,0,0,23.0,0,Observed,1,1,1
P03712,TOR_20260912_1_PA019,TOR_20260912_1,B004,Brett Bateman,2026-09-12,Train,1,Baltimore Orioles,4,9,3,2,0,0,0,12.0,0,Observed,1,1,1
P03713,TOR_20260912_1_PA019,TOR_20260912_1,B004,Brett Bateman,2026-09-12,Train,1,Baltimore Orioles,4,10,3,2,0,0,0,12.0,0,Observed,1,1,1
P03714,TOR_20260912_1_PA019,TOR_20260912_1,B004,Brett Bateman,2026-09-12,Train,1,Baltimore Orioles,4,11,3,2,0,0,0,12.0,0,Observed,1,1,1
P03715,TOR_20260912_1_PA020,TOR_20260912_1,B009,George Springer,2026-09-12,Train,1,Baltimore Orioles,4,1,0,0,0,0,0,10.0,1,Observed,1,1,1
P03716,TOR_20260912_1_PA020,TOR_20260912_1,B009,George Springer,2026-09-12,Train,1,Baltimore Orioles,4,2,1,0,0,0,0,12.0,2,Observed,1,1,1
P03717,TOR_20260912_1_PA020,TOR_20260912_1,B009,George Springer,2026-09-12,Train,1,Baltimore Orioles,4,3,1,1,0,0,0,21.0,0,Observed,1,1,1
P03718,TOR_20260912_1_PA020,TOR_20260912_1,B009,George Springer,2026-09-12,Train,1,Baltimore Orioles,4,4,1,2,0,0,0,11.0,1,Observed,1,1,1
P03719,TOR_20260912_1_PA020,TOR_20260912_1,B009,George Springer,2026-09-12,Train,1,Baltimore Orioles,4,5,1,2,0,0,0,14.0,0,Observed,1,1,1
P03720,TOR_20260912_1_PA020,TOR_20260912_1,B009,George Springer,2026-09-12,Train,1,Baltimore Orioles,4,6,2,2,0,0,0,16.0,1,Observed,1,1,1
P03721,TOR_20260912_1_PA021,TOR_20260912_1,B017,Vladimir Guerrero Jr.,2026-09-12,Train,1,Baltimore Orioles,5,1,0,0,0,0,0,11.0,1,Observed,1,1,1
P03722,TOR_20260912_1_PA021,TOR_20260912_1,B017,Vladimir Guerrero Jr.,2026-09-12,Train,1,Baltimore Orioles,5,2,0,1,0,0,0,11.0,0,Observed,1,1,1
P03723,TOR_20260912_1_PA021,TOR_20260912_1,B017,Vladimir Guerrero Jr.,2026-09-12,Train,1,Baltimore Orioles,5,3,1,1,0,0,0,13.0,1,Observed,1,1,1
P03724,TOR_20260912_1_PA021,TOR_20260912_1,B017,Vladimir Guerrero Jr.,2026-09-12,Train,1,Baltimore Orioles,5,4,1,2,0,0,0,15.0,1,Observed,1,1,1
P03725,TOR_20260912_1_PA022,TOR_20260912_1,B001,Alejandro Kirk,2026-09-12,Train,1,Baltimore Orioles,5,1,0,0,0,0,0,15.0,2,Observed,1,1,1
P03726,TOR_20260912_1_PA022,TOR_20260912_1,B001,Alejandro Kirk,2026-09-12,Train,1,Baltimore Orioles,5,2,1,0,0,0,0,11.0,2,Observed,1,1,1
P03727,TOR_20260912_1_PA022,TOR_20260912_1,B001,Alejandro Kirk,2026-09-12,Train,1,Baltimore Orioles,5,3,1,1,0,0,0,18.0,3,Observed,1,1,1
P03728,TOR_20260912_1_PA022,TOR_20260912_1,B001,Alejandro Kirk,2026-09-12,Train,1,Baltimore Orioles,5,4,1,2,0,0,0,12.0,3,Observed,1,1,1
P03729,TOR_20260912_1_PA023,TOR_20260912_1,B014,Nathan Lukes,2026-09-12,Train,1,Baltimore Orioles,5,1,0,0,0,0,0,11.0,3,Observed,1,1,1
P03730,TOR_20260912_1_PA023,TOR_20260912_1,B014,Nathan Lukes,2026-09-12,Train,1,Baltimore Orioles,5,2,1,0,0,0,0,12.0,1,Observed,1,1,1
P03731,TOR_20260912_1_PA023,TOR_20260912_1,B014,Nathan Lukes,2026-09-12,Train,1,Baltimore Orioles,5,3,1,1,0,0,0,17.0,2,Observed,1,1,1
P03732,TOR_20260912_1_PA023,TOR_20260912_1,B014,Nathan Lukes,2026-09-12,Train,1,Baltimore Orioles,5,4,2,1,0,0,0,14.0,2,Observed,1,1,1
P03733,TOR_20260912_1_PA023,TOR_20260912_1,B014,Nathan Lukes,2026-09-12,Train,1,Baltimore Orioles,5,5,2,2,0,0,0,11.0,3,Observed,1,1,1
P03734,TOR_20260912_1_PA023,TOR_20260912_1,B014,Nathan Lukes,2026-09-12,Train,1,Baltimore Orioles,5,6,2,2,0,0,0,13.0,3,Observed,1,1,1
P03735,TOR_20260912_1_PA023,TOR_20260912_1,B014,Nathan Lukes,2026-09-12,Train,1,Baltimore Orioles,5,7,3,2,0,0,0,14.0,4,Observed,1,1,1
P03736,TOR_20260912_1_PA023,TOR_20260912_1,B014,Nathan Lukes,2026-09-12,Train,1,Baltimore Orioles,5,8,3,2,0,0,0,14.0,4,Observed,1,1,1
P03737,TOR_20260912_1_PA023,TOR_20260912_1,B014,Nathan Lukes,2026-09-12,Train,1,Baltimore Orioles,5,9,3,2,0,0,0,13.0,4,Observed,1,1,1
P03738,TOR_20260912_1_PA024,TOR_20260912_1,B012,Kazuma Okamoto,2026-09-12,Train,1,Baltimore Orioles,6,1,0,0,0,0,0,15.0,1,Observed,1,1,1
P03739,TOR_20260912_1_PA025,TOR_20260912_1,B011,Josh H. Smith,2026-09-12,Train,1,Baltimore Orioles,6,1,0,0,0,0,0,11.0,2,Observed,1,1,1
P03740,TOR_20260912_1_PA025,TOR_20260912_1,B011,Josh H. Smith,2026-09-12,Train,1,Baltimore Orioles,6,2,0,1,0,0,0,13.0,2,Observed,1,1,1
P03741,TOR_20260912_1_PA025,TOR_20260912_1,B011,Josh H. Smith,2026-09-12,Train,1,Baltimore Orioles,6,3,0,2,0,0,0,17.0,1,Observed,1,1,1
P03742,TOR_20260912_1_PA026,TOR_20260912_1,B002,Andrés Giménez,2026-09-12,Train,1,Baltimore Orioles,6,1,0,0,0,1,0,8.0,0,Observed,1,1,1
P03743,TOR_20260912_1_PA026,TOR_20260912_1,B002,Andrés Giménez,2026-09-12,Train,1,Baltimore Orioles,6,2,0,1,0,1,0,11.0,2,Observed,1,1,1
P03744,TOR_20260912_1_PA026,TOR_20260912_1,B002,Andrés Giménez,2026-09-12,Train,1,Baltimore Orioles,6,3,1,1,0,1,0,14.0,1,Observed,1,1,1
P03745,TOR_20260912_1_PA027,TOR_20260912_1,B015,Rudy Martin Jr.,2026-09-12,Train,1,Baltimore Orioles,6,1,0,0,1,1,0,7.0,1,Observed,1,1,1
P03746,TOR_20260912_1_PA027,TOR_20260912_1,B015,Rudy Martin Jr.,2026-09-12,Train,1,Baltimore Orioles,6,2,1,0,1,1,0,9.0,1,Observed,1,1,1
P03747,TOR_20260912_1_PA027,TOR_20260912_1,B015,Rudy Martin Jr.,2026-09-12,Train,1,Baltimore Orioles,6,3,2,0,1,1,0,9.0,1,Observed,1,1,1
P03748,TOR_20260912_1_PA027,TOR_20260912_1,B015,Rudy Martin Jr.,2026-09-12,Train,1,Baltimore Orioles,6,4,3,0,1,1,0,7.0,1,Observed,1,1,1
P03749,TOR_20260912_1_PA027,TOR_20260912_1,B015,Rudy Martin Jr.,2026-09-12,Train,1,Baltimore Orioles,6,5,3,1,1,1,0,9.0,1,Observed,1,1,1
P03750,TOR_20260912_1_PA028,TOR_20260912_1,B004,Brett Bateman,2026-09-12,Train,1,Baltimore Orioles,6,1,0,0,1,2,0,19.0,1,Observed,1,1,1
P03751,TOR_20260912_1_PA028,TOR_20260912_1,B004,Brett Bateman,2026-09-12,Train,1,Baltimore Orioles,6,2,0,1,1,2,0,11.0,0,Observed,1,1,1
P03752,TOR_20260912_1_PA028,TOR_20260912_1,B004,Brett Bateman,2026-09-12,Train,1,Baltimore Orioles,6,3,1,1,1,2,0,14.0,0,Observed,1,1,1
P03753,TOR_20260912_1_PA028,TOR_20260912_1,B004,Brett Bateman,2026-09-12,Train,1,Baltimore Orioles,6,4,2,1,1,2,0,12.0,0,Observed,1,1,1
P03754,TOR_20260912_1_PA028,TOR_20260912_1,B004,Brett Bateman,2026-09-12,Train,1,Baltimore Orioles,6,5,3,1,1,2,0,40.0,0,Observed,1,1,1
P03755,TOR_20260912_1_PA028,TOR_20260912_1,B004,Brett Bateman,2026-09-12,Train,1,Baltimore Orioles,6,6,3,2,1,2,0,11.0,0,Observed,1,1,1
P03756,TOR_20260912_1_PA029,TOR_20260912_1,B009,George Springer,2026-09-12,Train,1,Baltimore Orioles,6,1,0,0,1,2,0,14.0,1,Observed,1,1,1
P03757,TOR_20260912_1_PA029,TOR_20260912_1,B009,George Springer,2026-09-12,Train,1,Baltimore Orioles,6,2,0,1,1,2,0,13.0,1,Observed,1,1,1
P03758,TOR_20260912_1_PA029,TOR_20260912_1,B009,George Springer,2026-09-12,Train,1,Baltimore Orioles,6,3,1,1,1,2,0,16.0,1,Observed,1,1,1
P03759,TOR_20260912_1_PA029,TOR_20260912_1,B009,George Springer,2026-09-12,Train,1,Baltimore Orioles,6,4,1,2,1,2,0,14.0,2,Observed,1,1,1
P03760,TOR_20260912_1_PA030,TOR_20260912_1,B017,Vladimir Guerrero Jr.,2026-09-12,Train,1,Baltimore Orioles,7,1,0,0,0,0,0,9.0,3,Observed,1,1,1
P03761,TOR_20260912_1_PA030,TOR_20260912_1,B017,Vladimir Guerrero Jr.,2026-09-12,Train,1,Baltimore Orioles,7,2,1,0,0,0,0,25.0,1,Observed,1,1,1
P03762,TOR_20260912_1_PA030,TOR_20260912_1,B017,Vladimir Guerrero Jr.,2026-09-12,Train,1,Baltimore Orioles,7,3,2,0,0,0,0,12.0,0,Observed,1,1,1
P03763,TOR_20260912_1_PA030,TOR_20260912_1,B017,Vladimir Guerrero Jr.,2026-09-12,Train,1,Baltimore Orioles,7,4,2,1,0,0,0,15.0,1,Observed,1,1,1
P03764,TOR_20260912_1_PA031,TOR_20260912_1,B001,Alejandro Kirk,2026-09-12,Train,1,Baltimore Orioles,7,1,0,0,0,1,0,13.0,1,Observed,1,1,1
P03765,TOR_20260912_1_PA031,TOR_20260912_1,B001,Alejandro Kirk,2026-09-12,Train,1,Baltimore Orioles,7,2,0,1,0,1,0,14.0,3,Observed,1,1,1
P03766,TOR_20260912_1_PA031,TOR_20260912_1,B001,Alejandro Kirk,2026-09-12,Train,1,Baltimore Orioles,7,3,1,1,0,1,0,10.0,3,Observed,1,1,1
P03767,TOR_20260912_1_PA032,TOR_20260912_1,B014,Nathan Lukes,2026-09-12,Train,1,Baltimore Orioles,7,1,0,0,0,1,0,9.0,3,Observed,1,1,1
P03768,TOR_20260912_1_PA032,TOR_20260912_1,B014,Nathan Lukes,2026-09-12,Train,1,Baltimore Orioles,7,2,0,1,0,1,0,17.0,3,Observed,1,1,1
P03769,TOR_20260912_1_PA032,TOR_20260912_1,B014,Nathan Lukes,2026-09-12,Train,1,Baltimore Orioles,7,3,1,1,0,1,0,25.0,2,Observed,1,1,1
P03770,TOR_20260912_1_PA032,TOR_20260912_1,B014,Nathan Lukes,2026-09-12,Train,1,Baltimore Orioles,7,4,2,1,0,1,0,23.0,3,Observed,1,1,1
P03771,TOR_20260912_1_PA032,TOR_20260912_1,B014,Nathan Lukes,2026-09-12,Train,1,Baltimore Orioles,7,5,3,1,0,1,0,19.0,3,Observed,1,1,1
P03772,TOR_20260912_1_PA032,TOR_20260912_1,B014,Nathan Lukes,2026-09-12,Train,1,Baltimore Orioles,7,6,3,2,0,1,0,14.0,4,Observed,1,1,1
P03773,TOR_20260912_1_PA032,TOR_20260912_1,B014,Nathan Lukes,2026-09-12,Train,1,Baltimore Orioles,7,7,3,2,0,1,0,26.0,3,Observed,1,1,1
P03774,TOR_20260912_1_PA033,TOR_20260912_1,B012,Kazuma Okamoto,2026-09-12,Train,1,Baltimore Orioles,7,1,0,0,1,2,0,10.0,0,Observed,1,1,1
P03775,TOR_20260912_1_PA033,TOR_20260912_1,B012,Kazuma Okamoto,2026-09-12,Train,1,Baltimore Orioles,7,2,1,0,1,2,0,16.0,2,Observed,1,1,1
P03776,TOR_20260912_1_PA033,TOR_20260912_1,B012,Kazuma Okamoto,2026-09-12,Train,1,Baltimore Orioles,7,3,2,0,1,2,0,18.0,0,Observed,1,1,1
P03777,TOR_20260912_1_PA033,TOR_20260912_1,B012,Kazuma Okamoto,2026-09-12,Train,1,Baltimore Orioles,7,4,2,1,1,2,0,11.0,0,Observed,1,1,1
P03778,TOR_20260912_1_PA033,TOR_20260912_1,B012,Kazuma Okamoto,2026-09-12,Train,1,Baltimore Orioles,7,5,3,1,1,2,0,20.0,1,Observed,1,1,1
P03779,TOR_20260912_1_PA034,TOR_20260912_1,B008,Ernie Clement,2026-09-12,Train,1,Baltimore Orioles,7,1,0,0,1,3,0,10.0,3,Observed,1,1,1
P03780,TOR_20260912_1_PA034,TOR_20260912_1,B008,Ernie Clement,2026-09-12,Train,1,Baltimore Orioles,7,2,1,0,1,3,0,11.0,1,Observed,1,1,1
P03781,TOR_20260912_1_PA035,TOR_20260912_1,B002,Andrés Giménez,2026-09-12,Train,1,Baltimore Orioles,7,1,0,0,1,2,0,10.0,0,Observed,1,1,1
P03782,TOR_20260912_1_PA035,TOR_20260912_1,B002,Andrés Giménez,2026-09-12,Train,1,Baltimore Orioles,7,2,0,1,1,2,0,15.0,2,Observed,1,1,1
P03783,TOR_20260912_1_PA035,TOR_20260912_1,B002,Andrés Giménez,2026-09-12,Train,1,Baltimore Orioles,7,3,0,2,1,2,0,14.0,1,Observed,1,1,1
P03784,TOR_20260912_1_PA036,TOR_20260912_1,B015,Rudy Martin Jr.,2026-09-12,Train,1,Baltimore Orioles,8,1,0,0,0,0,0,7.0,1,Observed,1,1,1
P03785,TOR_20260912_1_PA036,TOR_20260912_1,B015,Rudy Martin Jr.,2026-09-12,Train,1,Baltimore Orioles,8,2,1,0,0,0,0,7.0,1,Observed,1,1,1
P03786,TOR_20260912_1_PA036,TOR_20260912_1,B015,Rudy Martin Jr.,2026-09-12,Train,1,Baltimore Orioles,8,3,1,1,0,0,0,9.0,1,Observed,1,1,1
P03787,TOR_20260912_1_PA036,TOR_20260912_1,B015,Rudy Martin Jr.,2026-09-12,Train,1,Baltimore Orioles,8,4,2,1,0,0,0,7.0,1,Observed,1,1,1
P03788,TOR_20260912_1_PA036,TOR_20260912_1,B015,Rudy Martin Jr.,2026-09-12,Train,1,Baltimore Orioles,8,5,2,2,0,0,0,9.0,1,Observed,1,1,1
P03789,TOR_20260912_1_PA036,TOR_20260912_1,B015,Rudy Martin Jr.,2026-09-12,Train,1,Baltimore Orioles,8,6,2,2,0,0,0,9.0,1,Observed,1,1,1
P03790,TOR_20260912_1_PA036,TOR_20260912_1,B015,Rudy Martin Jr.,2026-09-12,Train,1,Baltimore Orioles,8,7,3,2,0,0,0,9.0,1,Observed,1,1,1
P03791,TOR_20260912_1_PA036,TOR_20260912_1,B015,Rudy Martin Jr.,2026-09-12,Train,1,Baltimore Orioles,8,8,3,2,0,0,0,9.0,1,Observed,1,1,1
P03792,TOR_20260912_1_PA036,TOR_20260912_1,B015,Rudy Martin Jr.,2026-09-12,Train,1,Baltimore Orioles,8,9,3,2,0,0,0,9.0,1,Observed,1,1,1
P03793,TOR_20260912_1_PA037,TOR_20260912_1,B004,Brett Bateman,2026-09-12,Train,1,Baltimore Orioles,8,1,0,0,0,1,0,13.0,2,Observed,1,1,1
P03794,TOR_20260912_1_PA037,TOR_20260912_1,B004,Brett Bateman,2026-09-12,Train,1,Baltimore Orioles,8,2,0,1,0,1,0,12.0,1,Observed,1,1,1
P03795,TOR_20260912_1_PA037,TOR_20260912_1,B004,Brett Bateman,2026-09-12,Train,1,Baltimore Orioles,8,3,0,2,0,1,0,13.0,0,Observed,1,1,1
P03796,TOR_20260912_1_PA038,TOR_20260912_1,B009,George Springer,2026-09-12,Train,1,Baltimore Orioles,8,1,0,0,0,1,0,16.0,0,Observed,1,1,1
P03797,TOR_20260912_1_PA039,TOR_20260912_1,B017,Vladimir Guerrero Jr.,2026-09-12,Train,1,Baltimore Orioles,8,1,0,0,0,1,0,9.0,2,Observed,1,1,1
P03798,TOR_20260912_1_PA039,TOR_20260912_1,B017,Vladimir Guerrero Jr.,2026-09-12,Train,1,Baltimore Orioles,8,2,0,1,0,1,0,16.0,0,Observed,1,1,1
P03799,TOR_20260913_1_PA001,TOR_20260913_1,B004,Brett Bateman,2026-09-13,Train,1,Baltimore Orioles,1,1,0,0,0,0,0,12.0,2,Observed,1,1,1
P03800,TOR_20260913_1_PA001,TOR_20260913_1,B004,Brett Bateman,2026-09-13,Train,1,Baltimore Orioles,1,2,1,0,0,0,0,12.0,0,Observed,1,1,1
P03801,TOR_20260913_1_PA001,TOR_20260913_1,B004,Brett Bateman,2026-09-13,Train,1,Baltimore Orioles,1,3,1,1,0,0,0,14.0,0,Observed,1,1,1
P03802,TOR_20260913_1_PA001,TOR_20260913_1,B004,Brett Bateman,2026-09-13,Train,1,Baltimore Orioles,1,4,2,1,0,0,0,7.0,0,Observed,1,1,1
P03803,TOR_20260913_1_PA002,TOR_20260913_1,B009,George Springer,2026-09-13,Train,1,Baltimore Orioles,1,1,0,0,0,0,0,10.0,0,Observed,1,1,1
P03804,TOR_20260913_1_PA002,TOR_20260913_1,B009,George Springer,2026-09-13,Train,1,Baltimore Orioles,1,2,0,1,0,0,0,13.0,0,Observed,1,1,1
P03805,TOR_20260913_1_PA002,TOR_20260913_1,B009,George Springer,2026-09-13,Train,1,Baltimore Orioles,1,3,1,1,0,0,0,16.0,1,Observed,1,1,1
P03806,TOR_20260913_1_PA003,TOR_20260913_1,B017,Vladimir Guerrero Jr.,2026-09-13,Train,1,Baltimore Orioles,1,1,0,0,0,0,0,9.0,1,Observed,1,1,1
P03807,TOR_20260913_1_PA003,TOR_20260913_1,B017,Vladimir Guerrero Jr.,2026-09-13,Train,1,Baltimore Orioles,1,2,0,1,0,0,0,8.0,1,Observed,1,1,1
P03808,TOR_20260913_1_PA003,TOR_20260913_1,B017,Vladimir Guerrero Jr.,2026-09-13,Train,1,Baltimore Orioles,1,3,0,2,0,0,0,15.0,0,Observed,1,1,1
P03809,TOR_20260913_1_PA004,TOR_20260913_1,B012,Kazuma Okamoto,2026-09-13,Train,1,Baltimore Orioles,1,1,0,0,0,1,1,29.0,0,Observed,1,1,1
P03810,TOR_20260913_1_PA004,TOR_20260913_1,B012,Kazuma Okamoto,2026-09-13,Train,1,Baltimore Orioles,1,2,0,1,0,1,0,16.0,2,Observed,1,1,1
P03811,TOR_20260913_1_PA005,TOR_20260913_1,B005,Charles McAdoo,2026-09-13,Train,1,Baltimore Orioles,2,1,0,0,0,0,0,8.0,2,Observed,1,1,1
P03812,TOR_20260913_1_PA005,TOR_20260913_1,B005,Charles McAdoo,2026-09-13,Train,1,Baltimore Orioles,2,2,0,1,0,0,0,16.0,2,Observed,1,1,1
P03813,TOR_20260913_1_PA006,TOR_20260913_1,B008,Ernie Clement,2026-09-13,Train,1,Baltimore Orioles,2,1,0,0,0,1,0,14.0,0,Observed,1,1,1
P03814,TOR_20260913_1_PA006,TOR_20260913_1,B008,Ernie Clement,2026-09-13,Train,1,Baltimore Orioles,2,2,0,1,0,1,1,32.0,2,Observed,1,1,1
P03815,TOR_20260913_1_PA007,TOR_20260913_1,B002,Andrés Giménez,2026-09-13,Train,1,Baltimore Orioles,2,1,0,0,0,1,0,12.0,2,Observed,1,1,1
P03816,TOR_20260913_1_PA007,TOR_20260913_1,B002,Andrés Giménez,2026-09-13,Train,1,Baltimore Orioles,2,2,0,1,0,1,0,9.0,2,Observed,1,1,1
P03817,TOR_20260913_1_PA007,TOR_20260913_1,B002,Andrés Giménez,2026-09-13,Train,1,Baltimore Orioles,2,3,0,2,0,1,1,26.0,1,Observed,1,1,1
P03818,TOR_20260913_1_PA007,TOR_20260913_1,B002,Andrés Giménez,2026-09-13,Train,1,Baltimore Orioles,2,4,0,2,0,1,0,19.0,1,Observed,1,1,1
P03819,TOR_20260913_1_PA007,TOR_20260913_1,B002,Andrés Giménez,2026-09-13,Train,1,Baltimore Orioles,2,5,0,2,0,1,0,18.0,2,Observed,1,1,1
P03820,TOR_20260913_1_PA007,TOR_20260913_1,B002,Andrés Giménez,2026-09-13,Train,1,Baltimore Orioles,2,6,1,2,0,1,0,21.0,1,Observed,1,1,1
P03821,TOR_20260913_1_PA008,TOR_20260913_1,B003,Brandon Valenzuela,2026-09-13,Train,1,Baltimore Orioles,2,1,0,0,1,2,0,14.0,2,Observed,1,1,1
P03822,TOR_20260913_1_PA008,TOR_20260913_1,B003,Brandon Valenzuela,2026-09-13,Train,1,Baltimore Orioles,2,2,0,1,1,2,0,15.0,3,Observed,1,1,1
P03823,TOR_20260913_1_PA008,TOR_20260913_1,B003,Brandon Valenzuela,2026-09-13,Train,1,Baltimore Orioles,2,3,0,2,1,2,0,12.0,1,Observed,1,1,1
P03824,TOR_20260913_1_PA008,TOR_20260913_1,B003,Brandon Valenzuela,2026-09-13,Train,1,Baltimore Orioles,2,4,1,2,1,2,0,25.0,4,Observed,1,1,1
P03825,TOR_20260913_1_PA009,TOR_20260913_1,B013,Myles Straw,2026-09-13,Train,1,Baltimore Orioles,2,1,0,0,1,2,0,20.0,1,Observed,1,1,1
P03826,TOR_20260913_1_PA009,TOR_20260913_1,B013,Myles Straw,2026-09-13,Train,1,Baltimore Orioles,2,2,0,1,1,2,0,11.0,1,Observed,1,1,1
P03827,TOR_20260913_1_PA009,TOR_20260913_1,B013,Myles Straw,2026-09-13,Train,1,Baltimore Orioles,2,3,0,2,1,2,0,16.0,1,Observed,1,1,1
P03828,TOR_20260913_1_PA010,TOR_20260913_1,B004,Brett Bateman,2026-09-13,Train,1,Baltimore Orioles,3,1,0,0,0,0,0,14.0,2,Observed,1,1,1
P03829,TOR_20260913_1_PA010,TOR_20260913_1,B004,Brett Bateman,2026-09-13,Train,1,Baltimore Orioles,3,2,0,1,0,0,0,10.0,0,Observed,1,1,1
P03830,TOR_20260913_1_PA010,TOR_20260913_1,B004,Brett Bateman,2026-09-13,Train,1,Baltimore Orioles,3,3,1,1,0,0,0,14.0,0,Observed,1,1,1
P03831,TOR_20260913_1_PA011,TOR_20260913_1,B009,George Springer,2026-09-13,Train,1,Baltimore Orioles,3,1,0,0,0,0,0,18.0,1,Observed,1,1,1
P03832,TOR_20260913_1_PA011,TOR_20260913_1,B009,George Springer,2026-09-13,Train,1,Baltimore Orioles,3,2,0,1,0,0,0,10.0,1,Observed,1,1,1
P03833,TOR_20260913_1_PA011,TOR_20260913_1,B009,George Springer,2026-09-13,Train,1,Baltimore Orioles,3,3,0,2,0,0,0,11.0,1,Observed,1,1,1
P03834,TOR_20260913_1_PA011,TOR_20260913_1,B009,George Springer,2026-09-13,Train,1,Baltimore Orioles,3,4,1,2,0,0,0,11.0,1,Observed,1,1,1
P03835,TOR_20260913_1_PA011,TOR_20260913_1,B009,George Springer,2026-09-13,Train,1,Baltimore Orioles,3,5,1,2,0,0,0,16.0,1,Observed,1,1,1
P03836,TOR_20260913_1_PA012,TOR_20260913_1,B017,Vladimir Guerrero Jr.,2026-09-13,Train,1,Baltimore Orioles,3,1,0,0,0,0,0,13.0,1,Observed,1,1,1
P03837,TOR_20260913_1_PA012,TOR_20260913_1,B017,Vladimir Guerrero Jr.,2026-09-13,Train,1,Baltimore Orioles,3,2,1,0,0,0,0,14.0,1,Observed,1,1,1
P03838,TOR_20260913_1_PA013,TOR_20260913_1,B012,Kazuma Okamoto,2026-09-13,Train,1,Baltimore Orioles,3,1,0,0,1,1,0,12.0,1,Observed,1,1,1
P03839,TOR_20260913_1_PA013,TOR_20260913_1,B012,Kazuma Okamoto,2026-09-13,Train,1,Baltimore Orioles,3,2,0,1,1,1,0,12.0,0,Observed,1,1,1
P03840,TOR_20260913_1_PA013,TOR_20260913_1,B012,Kazuma Okamoto,2026-09-13,Train,1,Baltimore Orioles,3,3,1,1,1,1,0,10.0,1,Observed,1,1,1
P03841,TOR_20260913_1_PA013,TOR_20260913_1,B012,Kazuma Okamoto,2026-09-13,Train,1,Baltimore Orioles,3,4,2,1,1,1,0,14.0,1,Observed,1,1,1
P03842,TOR_20260913_1_PA013,TOR_20260913_1,B012,Kazuma Okamoto,2026-09-13,Train,1,Baltimore Orioles,3,5,2,2,1,1,0,13.0,3,Observed,1,1,1
P03843,TOR_20260913_1_PA013,TOR_20260913_1,B012,Kazuma Okamoto,2026-09-13,Train,1,Baltimore Orioles,3,6,3,2,1,1,0,9.0,1,Observed,1,1,1
P03844,TOR_20260913_1_PA014,TOR_20260913_1,B005,Charles McAdoo,2026-09-13,Train,1,Baltimore Orioles,3,1,0,0,1,2,0,28.0,2,Observed,1,1,1
P03845,TOR_20260913_1_PA014,TOR_20260913_1,B005,Charles McAdoo,2026-09-13,Train,1,Baltimore Orioles,3,2,1,0,1,2,0,16.0,1,Observed,1,1,1
P03846,TOR_20260913_1_PA014,TOR_20260913_1,B005,Charles McAdoo,2026-09-13,Train,1,Baltimore Orioles,3,3,2,0,1,2,0,14.0,3,Observed,1,1,1
P03847,TOR_20260913_1_PA014,TOR_20260913_1,B005,Charles McAdoo,2026-09-13,Train,1,Baltimore Orioles,3,4,3,0,1,2,0,16.0,2,Observed,1,1,1
P03848,TOR_20260913_1_PA014,TOR_20260913_1,B005,Charles McAdoo,2026-09-13,Train,1,Baltimore Orioles,3,5,3,1,1,2,0,16.0,0,Observed,1,1,1
P03849,TOR_20260913_1_PA014,TOR_20260913_1,B005,Charles McAdoo,2026-09-13,Train,1,Baltimore Orioles,3,6,3,2,1,2,0,15.0,2,Observed,1,1,1
P03850,TOR_20260913_1_PA015,TOR_20260913_1,B008,Ernie Clement,2026-09-13,Train,1,Baltimore Orioles,4,1,0,0,0,0,0,13.0,1,Observed,1,1,1
P03851,TOR_20260913_1_PA015,TOR_20260913_1,B008,Ernie Clement,2026-09-13,Train,1,Baltimore Orioles,4,2,0,1,0,0,0,13.0,0,Observed,1,1,1
P03852,TOR_20260913_1_PA015,TOR_20260913_1,B008,Ernie Clement,2026-09-13,Train,1,Baltimore Orioles,4,3,1,1,0,0,0,10.0,0,Observed,1,1,1
P03853,TOR_20260913_1_PA015,TOR_20260913_1,B008,Ernie Clement,2026-09-13,Train,1,Baltimore Orioles,4,4,2,1,0,0,0,13.0,1,Observed,1,1,1
P03854,TOR_20260913_1_PA016,TOR_20260913_1,B002,Andrés Giménez,2026-09-13,Train,1,Baltimore Orioles,4,1,0,0,0,0,0,17.0,1,Observed,1,1,1
P03855,TOR_20260913_1_PA016,TOR_20260913_1,B002,Andrés Giménez,2026-09-13,Train,1,Baltimore Orioles,4,2,1,0,0,0,0,9.0,2,Observed,1,1,1
P03856,TOR_20260913_1_PA016,TOR_20260913_1,B002,Andrés Giménez,2026-09-13,Train,1,Baltimore Orioles,4,3,1,1,0,0,0,15.0,1,Observed,1,1,1
P03857,TOR_20260913_1_PA017,TOR_20260913_1,B003,Brandon Valenzuela,2026-09-13,Train,1,Baltimore Orioles,4,1,0,0,0,0,0,13.0,1,Observed,1,1,1
P03858,TOR_20260913_1_PA017,TOR_20260913_1,B003,Brandon Valenzuela,2026-09-13,Train,1,Baltimore Orioles,4,2,0,1,0,0,0,12.0,1,Observed,1,1,1
P03859,TOR_20260913_1_PA017,TOR_20260913_1,B003,Brandon Valenzuela,2026-09-13,Train,1,Baltimore Orioles,4,3,0,2,0,0,0,26.0,1,Observed,1,1,1
P03860,TOR_20260913_1_PA018,TOR_20260913_1,B013,Myles Straw,2026-09-13,Train,1,Baltimore Orioles,5,1,0,0,0,0,0,7.0,0,Observed,1,1,1
P03861,TOR_20260913_1_PA018,TOR_20260913_1,B013,Myles Straw,2026-09-13,Train,1,Baltimore Orioles,5,2,1,0,0,0,0,14.0,1,Observed,1,1,1
P03862,TOR_20260913_1_PA019,TOR_20260913_1,B004,Brett Bateman,2026-09-13,Train,1,Baltimore Orioles,5,1,0,0,0,0,0,9.0,0,Observed,1,1,1
P03863,TOR_20260913_1_PA019,TOR_20260913_1,B004,Brett Bateman,2026-09-13,Train,1,Baltimore Orioles,5,2,1,0,0,0,0,16.0,2,Observed,1,1,1
P03864,TOR_20260913_1_PA019,TOR_20260913_1,B004,Brett Bateman,2026-09-13,Train,1,Baltimore Orioles,5,3,1,1,0,0,0,11.0,0,Observed,1,1,1
P03865,TOR_20260913_1_PA019,TOR_20260913_1,B004,Brett Bateman,2026-09-13,Train,1,Baltimore Orioles,5,4,1,2,0,0,0,11.0,0,Observed,1,1,1
P03866,TOR_20260913_1_PA019,TOR_20260913_1,B004,Brett Bateman,2026-09-13,Train,1,Baltimore Orioles,5,5,1,2,0,0,0,11.0,0,Observed,1,1,1
P03867,TOR_20260913_1_PA020,TOR_20260913_1,B009,George Springer,2026-09-13,Train,1,Baltimore Orioles,5,1,0,0,0,0,0,10.0,1,Observed,1,1,1
P03868,TOR_20260913_1_PA020,TOR_20260913_1,B009,George Springer,2026-09-13,Train,1,Baltimore Orioles,5,2,1,0,0,0,0,9.0,0,Observed,1,1,1
P03869,TOR_20260913_1_PA021,TOR_20260913_1,B017,Vladimir Guerrero Jr.,2026-09-13,Train,1,Baltimore Orioles,5,1,0,0,0,0,0,12.0,1,Observed,1,1,1
P03870,TOR_20260913_1_PA021,TOR_20260913_1,B017,Vladimir Guerrero Jr.,2026-09-13,Train,1,Baltimore Orioles,5,2,1,0,0,0,0,9.0,0,Observed,1,1,1
P03871,TOR_20260913_1_PA021,TOR_20260913_1,B017,Vladimir Guerrero Jr.,2026-09-13,Train,1,Baltimore Orioles,5,3,2,0,0,0,0,12.0,0,Observed,1,1,1
P03872,TOR_20260913_1_PA021,TOR_20260913_1,B017,Vladimir Guerrero Jr.,2026-09-13,Train,1,Baltimore Orioles,5,4,2,1,0,0,0,11.0,1,Observed,1,1,1
P03873,TOR_20260913_1_PA021,TOR_20260913_1,B017,Vladimir Guerrero Jr.,2026-09-13,Train,1,Baltimore Orioles,5,5,2,2,0,0,0,20.0,1,Observed,1,1,1
P03874,TOR_20260913_1_PA021,TOR_20260913_1,B017,Vladimir Guerrero Jr.,2026-09-13,Train,1,Baltimore Orioles,5,6,3,2,0,0,0,40.0,1,Observed,1,1,1
P03875,TOR_20260913_1_PA022,TOR_20260913_1,B012,Kazuma Okamoto,2026-09-13,Train,1,Baltimore Orioles,5,1,0,0,0,0,0,13.0,3,Observed,1,1,1
P03876,TOR_20260913_1_PA022,TOR_20260913_1,B012,Kazuma Okamoto,2026-09-13,Train,1,Baltimore Orioles,5,2,0,1,0,0,0,8.0,0,Observed,1,1,1
P03877,TOR_20260913_1_PA022,TOR_20260913_1,B012,Kazuma Okamoto,2026-09-13,Train,1,Baltimore Orioles,5,3,1,1,0,0,0,14.0,0,Observed,1,1,1
P03878,TOR_20260913_1_PA022,TOR_20260913_1,B012,Kazuma Okamoto,2026-09-13,Train,1,Baltimore Orioles,5,4,1,2,0,0,0,8.0,1,Observed,1,1,1
P03879,TOR_20260913_1_PA022,TOR_20260913_1,B012,Kazuma Okamoto,2026-09-13,Train,1,Baltimore Orioles,5,5,2,2,0,0,0,15.0,0,Observed,1,1,1
P03880,TOR_20260913_1_PA022,TOR_20260913_1,B012,Kazuma Okamoto,2026-09-13,Train,1,Baltimore Orioles,5,6,3,2,0,0,0,11.0,1,Observed,1,1,1
P03881,TOR_20260913_1_PA022,TOR_20260913_1,B012,Kazuma Okamoto,2026-09-13,Train,1,Baltimore Orioles,5,7,3,2,0,0,0,14.0,1,Observed,1,1,1
P03882,TOR_20260913_1_PA022,TOR_20260913_1,B012,Kazuma Okamoto,2026-09-13,Train,1,Baltimore Orioles,5,8,3,2,0,0,0,14.0,1,Observed,1,1,1
P03883,TOR_20260913_1_PA022,TOR_20260913_1,B012,Kazuma Okamoto,2026-09-13,Train,1,Baltimore Orioles,5,9,3,2,0,0,0,15.0,2,Observed,1,1,1
P03884,TOR_20260913_1_PA023,TOR_20260913_1,B005,Charles McAdoo,2026-09-13,Train,1,Baltimore Orioles,5,1,0,0,0,0,0,7.0,0,Observed,1,1,1
P03885,TOR_20260913_1_PA023,TOR_20260913_1,B005,Charles McAdoo,2026-09-13,Train,1,Baltimore Orioles,5,2,1,0,0,0,0,13.0,1,Observed,1,1,1
P03886,TOR_20260913_1_PA023,TOR_20260913_1,B005,Charles McAdoo,2026-09-13,Train,1,Baltimore Orioles,5,3,1,1,0,0,0,14.0,2,Observed,1,1,1
P03887,TOR_20260913_1_PA024,TOR_20260913_1,B008,Ernie Clement,2026-09-13,Train,1,Baltimore Orioles,6,1,0,0,0,0,0,13.0,0,Observed,1,1,1
P03888,TOR_20260913_1_PA025,TOR_20260913_1,B002,Andrés Giménez,2026-09-13,Train,1,Baltimore Orioles,6,1,0,0,0,0,0,10.0,0,Observed,1,1,1
P03889,TOR_20260913_1_PA025,TOR_20260913_1,B002,Andrés Giménez,2026-09-13,Train,1,Baltimore Orioles,6,2,0,1,0,0,0,14.0,1,Observed,1,1,1
P03890,TOR_20260913_1_PA026,TOR_20260913_1,B003,Brandon Valenzuela,2026-09-13,Train,1,Baltimore Orioles,6,1,0,0,0,0,0,12.0,0,Observed,1,1,1
P03891,TOR_20260913_1_PA026,TOR_20260913_1,B003,Brandon Valenzuela,2026-09-13,Train,1,Baltimore Orioles,6,2,1,0,0,0,0,10.0,1,Observed,1,1,1
P03892,TOR_20260913_1_PA026,TOR_20260913_1,B003,Brandon Valenzuela,2026-09-13,Train,1,Baltimore Orioles,6,3,2,0,0,0,0,13.0,2,Observed,1,1,1
P03893,TOR_20260913_1_PA026,TOR_20260913_1,B003,Brandon Valenzuela,2026-09-13,Train,1,Baltimore Orioles,6,4,2,1,0,0,0,13.0,2,Observed,1,1,1
P03894,TOR_20260913_1_PA026,TOR_20260913_1,B003,Brandon Valenzuela,2026-09-13,Train,1,Baltimore Orioles,6,5,2,2,0,0,0,14.0,1,Observed,1,1,1
P03895,TOR_20260913_1_PA027,TOR_20260913_1,B013,Myles Straw,2026-09-13,Train,1,Baltimore Orioles,7,1,0,0,0,0,0,13.0,1,Observed,1,1,1
P03896,TOR_20260913_1_PA027,TOR_20260913_1,B013,Myles Straw,2026-09-13,Train,1,Baltimore Orioles,7,2,0,1,0,0,0,14.0,0,Observed,1,1,1
P03897,TOR_20260913_1_PA027,TOR_20260913_1,B013,Myles Straw,2026-09-13,Train,1,Baltimore Orioles,7,3,0,2,0,0,0,18.0,1,Observed,1,1,1
P03898,TOR_20260913_1_PA028,TOR_20260913_1,B004,Brett Bateman,2026-09-13,Train,1,Baltimore Orioles,7,1,0,0,0,0,0,13.0,2,Observed,1,1,1
P03899,TOR_20260913_1_PA028,TOR_20260913_1,B004,Brett Bateman,2026-09-13,Train,1,Baltimore Orioles,7,2,1,0,0,0,0,14.0,0,Observed,1,1,1
P03900,TOR_20260913_1_PA028,TOR_20260913_1,B004,Brett Bateman,2026-09-13,Train,1,Baltimore Orioles,7,3,2,0,0,0,0,11.0,0,Observed,1,1,1
P03901,TOR_20260913_1_PA028,TOR_20260913_1,B004,Brett Bateman,2026-09-13,Train,1,Baltimore Orioles,7,4,3,0,0,0,0,11.0,0,Observed,1,1,1
P03902,TOR_20260913_1_PA028,TOR_20260913_1,B004,Brett Bateman,2026-09-13,Train,1,Baltimore Orioles,7,5,3,1,0,0,0,16.0,0,Observed,1,1,1
P03903,TOR_20260913_1_PA028,TOR_20260913_1,B004,Brett Bateman,2026-09-13,Train,1,Baltimore Orioles,7,6,3,2,0,0,0,10.0,0,Observed,1,1,1
P03904,TOR_20260913_1_PA028,TOR_20260913_1,B004,Brett Bateman,2026-09-13,Train,1,Baltimore Orioles,7,7,3,2,0,0,0,12.0,0,Observed,1,1,1
P03905,TOR_20260913_1_PA028,TOR_20260913_1,B004,Brett Bateman,2026-09-13,Train,1,Baltimore Orioles,7,8,3,2,0,0,0,12.0,0,Observed,1,1,1
P03906,TOR_20260913_1_PA028,TOR_20260913_1,B004,Brett Bateman,2026-09-13,Train,1,Baltimore Orioles,7,9,3,2,0,0,0,12.0,0,Observed,1,1,1
P03907,TOR_20260913_1_PA028,TOR_20260913_1,B004,Brett Bateman,2026-09-13,Train,1,Baltimore Orioles,7,10,3,2,0,0,0,23.0,0,Observed,1,1,1
P03908,TOR_20260913_1_PA029,TOR_20260913_1,B009,George Springer,2026-09-13,Train,1,Baltimore Orioles,7,1,0,0,0,1,0,12.0,1,Observed,1,1,1
P03909,TOR_20260913_1_PA029,TOR_20260913_1,B009,George Springer,2026-09-13,Train,1,Baltimore Orioles,7,2,1,0,0,1,0,13.0,0,Observed,1,1,1
P03910,TOR_20260913_1_PA029,TOR_20260913_1,B009,George Springer,2026-09-13,Train,1,Baltimore Orioles,7,3,2,0,0,1,0,12.0,1,Observed,1,1,1
P03911,TOR_20260913_1_PA029,TOR_20260913_1,B009,George Springer,2026-09-13,Train,1,Baltimore Orioles,7,4,2,1,0,1,0,14.0,1,Observed,1,1,1
P03912,TOR_20260913_1_PA030,TOR_20260913_1,B017,Vladimir Guerrero Jr.,2026-09-13,Train,1,Baltimore Orioles,7,1,0,0,0,1,0,13.0,3,Observed,1,1,1
P03913,TOR_20260913_1_PA030,TOR_20260913_1,B017,Vladimir Guerrero Jr.,2026-09-13,Train,1,Baltimore Orioles,7,2,1,0,0,1,0,16.0,0,Observed,1,1,1
P03914,TOR_20260913_1_PA031,TOR_20260913_1,B012,Kazuma Okamoto,2026-09-13,Train,1,Baltimore Orioles,7,1,0,0,1,2,0,14.0,1,Observed,1,1,1
P03915,TOR_20260913_1_PA031,TOR_20260913_1,B012,Kazuma Okamoto,2026-09-13,Train,1,Baltimore Orioles,7,2,0,1,1,2,0,14.0,1,Observed,1,1,1
P03916,TOR_20260913_1_PA032,TOR_20260913_1,B014,Nathan Lukes,2026-09-13,Train,1,Baltimore Orioles,8,1,0,0,0,0,0,17.0,3,Observed,1,1,1
P03917,TOR_20260913_1_PA032,TOR_20260913_1,B014,Nathan Lukes,2026-09-13,Train,1,Baltimore Orioles,8,2,1,0,0,0,0,11.0,2,Observed,1,1,1
P03918,TOR_20260913_1_PA032,TOR_20260913_1,B014,Nathan Lukes,2026-09-13,Train,1,Baltimore Orioles,8,3,2,0,0,0,0,11.0,4,Observed,1,1,1
P03919,TOR_20260913_1_PA032,TOR_20260913_1,B014,Nathan Lukes,2026-09-13,Train,1,Baltimore Orioles,8,4,3,0,0,0,0,8.0,2,Observed,1,1,1
P03920,TOR_20260913_1_PA032,TOR_20260913_1,B014,Nathan Lukes,2026-09-13,Train,1,Baltimore Orioles,8,5,3,1,0,0,0,13.0,3,Observed,1,1,1
P03921,TOR_20260913_1_PA033,TOR_20260913_1,B008,Ernie Clement,2026-09-13,Train,1,Baltimore Orioles,8,1,0,0,0,1,0,9.0,3,Observed,1,1,1
P03922,TOR_20260913_1_PA033,TOR_20260913_1,B008,Ernie Clement,2026-09-13,Train,1,Baltimore Orioles,8,2,0,1,0,1,0,10.0,1,Observed,1,1,1
P03923,TOR_20260913_1_PA033,TOR_20260913_1,B008,Ernie Clement,2026-09-13,Train,1,Baltimore Orioles,8,3,0,2,0,1,0,15.0,0,Observed,1,1,1
P03924,TOR_20260913_1_PA034,TOR_20260913_1,B002,Andrés Giménez,2026-09-13,Train,1,Baltimore Orioles,8,1,0,0,0,1,0,10.0,2,Observed,1,1,1
P03925,TOR_20260913_1_PA034,TOR_20260913_1,B002,Andrés Giménez,2026-09-13,Train,1,Baltimore Orioles,8,2,0,1,0,1,0,21.0,4,Observed,1,1,1
P03926,TOR_20260913_1_PA035,TOR_20260913_1,B003,Brandon Valenzuela,2026-09-13,Train,1,Baltimore Orioles,8,1,0,0,0,1,0,12.0,1,Observed,1,1,1
P03927,TOR_20260913_1_PA035,TOR_20260913_1,B003,Brandon Valenzuela,2026-09-13,Train,1,Baltimore Orioles,8,2,0,1,0,1,0,12.0,1,Observed,1,1,1
P03928,TOR_20260913_1_PA035,TOR_20260913_1,B003,Brandon Valenzuela,2026-09-13,Train,1,Baltimore Orioles,8,3,0,2,0,1,0,15.0,2,Observed,1,1,1
P03929,TOR_20260913_1_PA035,TOR_20260913_1,B003,Brandon Valenzuela,2026-09-13,Train,1,Baltimore Orioles,8,4,1,2,0,1,0,14.0,1,Observed,1,1,1
P03930,TOR_20260913_1_PA035,TOR_20260913_1,B003,Brandon Valenzuela,2026-09-13,Train,1,Baltimore Orioles,8,5,2,2,0,1,0,13.0,1,Observed,1,1,1
P03931,TOR_20260913_1_PA035,TOR_20260913_1,B003,Brandon Valenzuela,2026-09-13,Train,1,Baltimore Orioles,8,6,2,2,0,1,0,20.0,2,Observed,1,1,1
P03932,TOR_20260913_1_PA035,TOR_20260913_1,B003,Brandon Valenzuela,2026-09-13,Train,1,Baltimore Orioles,8,7,3,2,0,1,0,13.0,0,Observed,1,1,1
P03933,TOR_20260913_1_PA035,TOR_20260913_1,B003,Brandon Valenzuela,2026-09-13,Train,1,Baltimore Orioles,8,8,3,2,0,1,0,17.0,1,Observed,1,1,1
P03934,TOR_20260913_1_PA036,TOR_20260913_1,B013,Myles Straw,2026-09-13,Train,1,Baltimore Orioles,8,1,0,0,1,2,0,11.0,1,Observed,1,1,1
P03935,TOR_20260913_1_PA036,TOR_20260913_1,B013,Myles Straw,2026-09-13,Train,1,Baltimore Orioles,8,2,0,1,1,2,0,9.0,0,Observed,1,1,1
P03936,TOR_20260913_1_PA036,TOR_20260913_1,B013,Myles Straw,2026-09-13,Train,1,Baltimore Orioles,8,3,0,2,1,2,0,18.0,2,Observed,1,1,1
P03937,TOR_20260913_1_PA036,TOR_20260913_1,B013,Myles Straw,2026-09-13,Train,1,Baltimore Orioles,8,4,1,2,1,2,0,12.0,3,Observed,1,1,1
P03938,TOR_20260913_1_PA036,TOR_20260913_1,B013,Myles Straw,2026-09-13,Train,1,Baltimore Orioles,8,5,2,2,1,2,0,18.0,1,Observed,1,1,1
P03939,TOR_20260913_1_PA036,TOR_20260913_1,B013,Myles Straw,2026-09-13,Train,1,Baltimore Orioles,8,6,3,2,1,2,0,19.0,2,Observed,1,1,1
P03940,TOR_20260913_1_PA037,TOR_20260913_1,B004,Brett Bateman,2026-09-13,Train,1,Baltimore Orioles,8,1,0,0,1,3,0,11.0,2,Observed,1,1,1
P03941,TOR_20260913_1_PA037,TOR_20260913_1,B004,Brett Bateman,2026-09-13,Train,1,Baltimore Orioles,8,2,0,1,1,3,0,9.0,0,Observed,1,1,1
P03942,TOR_20260913_1_PA037,TOR_20260913_1,B004,Brett Bateman,2026-09-13,Train,1,Baltimore Orioles,8,3,1,1,1,3,0,12.0,0,Observed,1,1,1
P03943,TOR_20260913_1_PA037,TOR_20260913_1,B004,Brett Bateman,2026-09-13,Train,1,Baltimore Orioles,8,4,1,2,1,3,0,14.0,0,Observed,1,1,1
P03944,TOR_20260913_1_PA037,TOR_20260913_1,B004,Brett Bateman,2026-09-13,Train,1,Baltimore Orioles,8,5,2,2,1,3,1,59.0,0,Observed,1,1,1
P03945,TOR_20260913_1_PA037,TOR_20260913_1,B004,Brett Bateman,2026-09-13,Train,1,Baltimore Orioles,8,6,3,2,1,3,0,17.0,0,Observed,1,1,1
P03946,TOR_20260913_1_PA038,TOR_20260913_1,B009,George Springer,2026-09-13,Train,1,Baltimore Orioles,8,1,0,0,1,3,0,10.0,1,Observed,1,1,1
P03947,TOR_20260913_1_PA038,TOR_20260913_1,B009,George Springer,2026-09-13,Train,1,Baltimore Orioles,8,2,1,0,1,3,0,15.0,1,Observed,1,1,1
P03948,TOR_20260913_1_PA038,TOR_20260913_1,B009,George Springer,2026-09-13,Train,1,Baltimore Orioles,8,3,1,1,1,3,0,16.0,0,Observed,1,1,1
P03949,TOR_20260913_1_PA039,TOR_20260913_1,B017,Vladimir Guerrero Jr.,2026-09-13,Train,1,Baltimore Orioles,8,1,0,0,1,1,0,17.0,1,Observed,1,1,1
P03950,TOR_20260913_1_PA039,TOR_20260913_1,B017,Vladimir Guerrero Jr.,2026-09-13,Train,1,Baltimore Orioles,8,2,0,1,1,1,0,10.0,0,Observed,1,1,1
P03951,TOR_20260913_1_PA039,TOR_20260913_1,B017,Vladimir Guerrero Jr.,2026-09-13,Train,1,Baltimore Orioles,8,3,0,2,1,1,0,9.0,0,Observed,1,1,1
P03952,TOR_20260913_1_PA039,TOR_20260913_1,B017,Vladimir Guerrero Jr.,2026-09-13,Train,1,Baltimore Orioles,8,4,1,2,1,1,0,19.0,1,Observed,1,1,1
P03953,TOR_20260913_1_PA039,TOR_20260913_1,B017,Vladimir Guerrero Jr.,2026-09-13,Train,1,Baltimore Orioles,8,5,2,2,1,1,0,11.0,1,Observed,1,1,1
P03954,TOR_20260914_1_PA001,TOR_20260914_1,B004,Brett Bateman,2026-09-14,Validation,1,Detroit Tigers,1,1,0,0,0,0,0,12.0,2,Observed,1,1,1
P03955,TOR_20260914_1_PA001,TOR_20260914_1,B004,Brett Bateman,2026-09-14,Validation,1,Detroit Tigers,1,2,1,0,0,0,0,12.0,0,Observed,1,1,1
P03956,TOR_20260914_1_PA001,TOR_20260914_1,B004,Brett Bateman,2026-09-14,Validation,1,Detroit Tigers,1,3,1,1,0,0,0,14.0,0,Observed,1,1,1
P03957,TOR_20260914_1_PA001,TOR_20260914_1,B004,Brett Bateman,2026-09-14,Validation,1,Detroit Tigers,1,4,2,1,0,0,0,7.0,0,Observed,1,1,1
P03958,TOR_20260914_1_PA002,TOR_20260914_1,B009,George Springer,2026-09-14,Validation,1,Detroit Tigers,1,1,0,0,0,1,0,15.0,1,Observed,1,1,1
P03959,TOR_20260914_1_PA002,TOR_20260914_1,B009,George Springer,2026-09-14,Validation,1,Detroit Tigers,1,2,0,1,0,1,0,17.0,0,Observed,1,1,1
P03960,TOR_20260914_1_PA002,TOR_20260914_1,B009,George Springer,2026-09-14,Validation,1,Detroit Tigers,1,3,1,1,0,1,0,21.0,0,Observed,1,1,1
P03961,TOR_20260914_1_PA002,TOR_20260914_1,B009,George Springer,2026-09-14,Validation,1,Detroit Tigers,1,4,1,2,0,1,0,15.0,2,Observed,1,1,1
P03962,TOR_20260914_1_PA002,TOR_20260914_1,B009,George Springer,2026-09-14,Validation,1,Detroit Tigers,1,5,2,2,0,1,0,15.0,2,Observed,1,1,1
P03963,TOR_20260914_1_PA002,TOR_20260914_1,B009,George Springer,2026-09-14,Validation,1,Detroit Tigers,1,6,3,2,0,1,0,15.0,2,Observed,1,1,1
P03964,TOR_20260914_1_PA003,TOR_20260914_1,B017,Vladimir Guerrero Jr.,2026-09-14,Validation,1,Detroit Tigers,1,1,0,0,1,2,0,13.0,2,Observed,1,1,1
P03965,TOR_20260914_1_PA003,TOR_20260914_1,B017,Vladimir Guerrero Jr.,2026-09-14,Validation,1,Detroit Tigers,1,2,0,1,1,2,0,20.0,2,Observed,1,1,1
P03966,TOR_20260914_1_PA003,TOR_20260914_1,B017,Vladimir Guerrero Jr.,2026-09-14,Validation,1,Detroit Tigers,1,3,1,1,1,2,0,13.0,1,Observed,1,1,1
P03967,TOR_20260914_1_PA003,TOR_20260914_1,B017,Vladimir Guerrero Jr.,2026-09-14,Validation,1,Detroit Tigers,1,4,2,1,1,2,0,9.0,1,Observed,1,1,1
P03968,TOR_20260914_1_PA003,TOR_20260914_1,B017,Vladimir Guerrero Jr.,2026-09-14,Validation,1,Detroit Tigers,1,5,2,2,1,2,0,32.0,1,Observed,1,1,1
P03969,TOR_20260914_1_PA003,TOR_20260914_1,B017,Vladimir Guerrero Jr.,2026-09-14,Validation,1,Detroit Tigers,1,6,3,2,1,2,0,37.0,1,Observed,1,1,1
P03970,TOR_20260914_1_PA004,TOR_20260914_1,B001,Alejandro Kirk,2026-09-14,Validation,1,Detroit Tigers,1,1,0,0,1,2,0,25.0,5,Observed,1,1,1
P03971,TOR_20260914_1_PA004,TOR_20260914_1,B001,Alejandro Kirk,2026-09-14,Validation,1,Detroit Tigers,1,2,1,0,1,2,0,7.0,1,Observed,1,1,1
P03972,TOR_20260914_1_PA004,TOR_20260914_1,B001,Alejandro Kirk,2026-09-14,Validation,1,Detroit Tigers,1,3,1,1,1,2,0,11.0,3,Observed,1,1,1
P03973,TOR_20260914_1_PA004,TOR_20260914_1,B001,Alejandro Kirk,2026-09-14,Validation,1,Detroit Tigers,1,4,1,2,1,2,0,17.0,3,Observed,1,1,1
P03974,TOR_20260914_1_PA004,TOR_20260914_1,B001,Alejandro Kirk,2026-09-14,Validation,1,Detroit Tigers,1,5,1,2,1,2,0,17.0,3,Observed,1,1,1
P03975,TOR_20260914_1_PA004,TOR_20260914_1,B001,Alejandro Kirk,2026-09-14,Validation,1,Detroit Tigers,1,6,1,2,1,2,0,18.0,3,Observed,1,1,1
P03976,TOR_20260914_1_PA005,TOR_20260914_1,B014,Nathan Lukes,2026-09-14,Validation,1,Detroit Tigers,1,1,0,0,1,2,0,14.0,3,Observed,1,1,1
P03977,TOR_20260914_1_PA005,TOR_20260914_1,B014,Nathan Lukes,2026-09-14,Validation,1,Detroit Tigers,1,2,0,1,1,2,0,26.0,4,Observed,1,1,1
P03978,TOR_20260914_1_PA005,TOR_20260914_1,B014,Nathan Lukes,2026-09-14,Validation,1,Detroit Tigers,1,3,1,1,1,2,0,13.0,3,Observed,1,1,1
P03979,TOR_20260914_1_PA005,TOR_20260914_1,B014,Nathan Lukes,2026-09-14,Validation,1,Detroit Tigers,1,4,1,2,1,2,0,16.0,3,Observed,1,1,1
P03980,TOR_20260914_1_PA006,TOR_20260914_1,B012,Kazuma Okamoto,2026-09-14,Validation,1,Detroit Tigers,1,1,0,0,1,1,0,11.0,0,Observed,1,1,1
P03981,TOR_20260914_1_PA006,TOR_20260914_1,B012,Kazuma Okamoto,2026-09-14,Validation,1,Detroit Tigers,1,2,1,0,1,1,0,10.0,1,Observed,1,1,1
P03982,TOR_20260914_1_PA007,TOR_20260914_1,B002,Andrés Giménez,2026-09-14,Validation,1,Detroit Tigers,2,1,0,0,0,0,0,12.0,2,Observed,1,1,1
P03983,TOR_20260914_1_PA007,TOR_20260914_1,B002,Andrés Giménez,2026-09-14,Validation,1,Detroit Tigers,2,2,0,1,0,0,0,11.0,1,Observed,1,1,1
P03984,TOR_20260914_1_PA008,TOR_20260914_1,B011,Josh H. Smith,2026-09-14,Validation,1,Detroit Tigers,2,1,0,0,0,1,0,16.0,4,Observed,1,1,1
P03985,TOR_20260914_1_PA008,TOR_20260914_1,B011,Josh H. Smith,2026-09-14,Validation,1,Detroit Tigers,2,2,0,1,0,1,0,15.0,3,Observed,1,1,1
P03986,TOR_20260914_1_PA008,TOR_20260914_1,B011,Josh H. Smith,2026-09-14,Validation,1,Detroit Tigers,2,3,1,1,0,1,0,27.0,4,Observed,1,1,1
P03987,TOR_20260914_1_PA008,TOR_20260914_1,B011,Josh H. Smith,2026-09-14,Validation,1,Detroit Tigers,2,4,1,2,0,1,0,18.0,5,Observed,1,1,1
P03988,TOR_20260914_1_PA008,TOR_20260914_1,B011,Josh H. Smith,2026-09-14,Validation,1,Detroit Tigers,2,5,2,2,0,1,0,19.0,4,Observed,1,1,1
P03989,TOR_20260914_1_PA008,TOR_20260914_1,B011,Josh H. Smith,2026-09-14,Validation,1,Detroit Tigers,2,6,2,2,0,1,0,40.0,2,Observed,1,1,1
P03990,TOR_20260914_1_PA008,TOR_20260914_1,B011,Josh H. Smith,2026-09-14,Validation,1,Detroit Tigers,2,7,3,2,0,1,0,11.0,3,Observed,1,1,1
P03991,TOR_20260914_1_PA009,TOR_20260914_1,B008,Ernie Clement,2026-09-14,Validation,1,Detroit Tigers,2,1,0,0,0,1,1,32.0,2,Observed,1,1,1
P03992,TOR_20260914_1_PA010,TOR_20260914_1,B004,Brett Bateman,2026-09-14,Validation,1,Detroit Tigers,2,1,0,0,1,2,0,19.0,1,Observed,1,1,1
P03993,TOR_20260914_1_PA010,TOR_20260914_1,B004,Brett Bateman,2026-09-14,Validation,1,Detroit Tigers,2,2,0,1,1,2,0,14.0,0,Observed,1,1,1
P03994,TOR_20260914_1_PA010,TOR_20260914_1,B004,Brett Bateman,2026-09-14,Validation,1,Detroit Tigers,2,3,0,2,1,2,0,14.0,0,Observed,1,1,1
P03995,TOR_20260914_1_PA010,TOR_20260914_1,B004,Brett Bateman,2026-09-14,Validation,1,Detroit Tigers,2,4,1,2,1,2,0,13.0,0,Observed,1,1,1
P03996,TOR_20260914_1_PA011,TOR_20260914_1,B009,George Springer,2026-09-14,Validation,1,Detroit Tigers,2,1,0,0,1,2,0,16.0,0,Observed,1,1,1
P03997,TOR_20260914_1_PA011,TOR_20260914_1,B009,George Springer,2026-09-14,Validation,1,Detroit Tigers,2,2,1,0,1,2,0,13.0,0,Observed,1,1,1
P03998,TOR_20260914_1_PA011,TOR_20260914_1,B009,George Springer,2026-09-14,Validation,1,Detroit Tigers,2,3,1,1,1,2,0,15.0,2,Observed,1,1,1
P03999,TOR_20260914_1_PA011,TOR_20260914_1,B009,George Springer,2026-09-14,Validation,1,Detroit Tigers,2,4,1,2,1,2,0,15.0,2,Observed,1,1,1
P04000,TOR_20260914_1_PA011,TOR_20260914_1,B009,George Springer,2026-09-14,Validation,1,Detroit Tigers,2,5,1,2,1,2,0,15.0,2,Observed,1,1,1
P04001,TOR_20260914_1_PA011,TOR_20260914_1,B009,George Springer,2026-09-14,Validation,1,Detroit Tigers,2,6,2,2,1,2,0,15.0,2,Observed,1,1,1
P04002,TOR_20260914_1_PA011,TOR_20260914_1,B009,George Springer,2026-09-14,Validation,1,Detroit Tigers,2,7,3,2,1,2,0,17.0,2,Observed,1,1,1
P04003,TOR_20260914_1_PA012,TOR_20260914_1,B017,Vladimir Guerrero Jr.,2026-09-14,Validation,1,Detroit Tigers,2,1,0,0,1,3,0,14.0,1,Observed,1,1,1
P04004,TOR_20260914_1_PA012,TOR_20260914_1,B017,Vladimir Guerrero Jr.,2026-09-14,Validation,1,Detroit Tigers,2,2,1,0,1,3,0,15.0,3,Observed,1,1,1
P04005,TOR_20260914_1_PA012,TOR_20260914_1,B017,Vladimir Guerrero Jr.,2026-09-14,Validation,1,Detroit Tigers,2,3,1,1,1,3,0,18.0,0,Observed,1,1,1
P04006,TOR_20260914_1_PA013,TOR_20260914_1,B001,Alejandro Kirk,2026-09-14,Validation,1,Detroit Tigers,3,1,0,0,0,0,0,12.0,3,Observed,1,1,1
P04007,TOR_20260914_1_PA013,TOR_20260914_1,B001,Alejandro Kirk,2026-09-14,Validation,1,Detroit Tigers,3,2,0,1,0,0,0,20.0,4,Observed,1,1,1
P04008,TOR_20260914_1_PA013,TOR_20260914_1,B001,Alejandro Kirk,2026-09-14,Validation,1,Detroit Tigers,3,3,1,1,0,0,0,17.0,3,Observed,1,1,1
P04009,TOR_20260914_1_PA013,TOR_20260914_1,B001,Alejandro Kirk,2026-09-14,Validation,1,Detroit Tigers,3,4,2,1,0,0,0,8.0,2,Observed,1,1,1
P04010,TOR_20260914_1_PA013,TOR_20260914_1,B001,Alejandro Kirk,2026-09-14,Validation,1,Detroit Tigers,3,5,2,2,0,0,0,24.0,3,Observed,1,1,1
P04011,TOR_20260914_1_PA013,TOR_20260914_1,B001,Alejandro Kirk,2026-09-14,Validation,1,Detroit Tigers,3,6,3,2,0,0,0,13.0,1,Observed,1,1,1
P04012,TOR_20260914_1_PA013,TOR_20260914_1,B001,Alejandro Kirk,2026-09-14,Validation,1,Detroit Tigers,3,7,3,2,0,0,0,12.0,2,Observed,1,1,1
P04013,TOR_20260914_1_PA014,TOR_20260914_1,B014,Nathan Lukes,2026-09-14,Validation,1,Detroit Tigers,3,1,0,0,0,1,0,11.0,3,Observed,1,1,1
P04014,TOR_20260914_1_PA015,TOR_20260914_1,B012,Kazuma Okamoto,2026-09-14,Validation,1,Detroit Tigers,3,1,0,0,1,2,0,16.0,2,Observed,1,1,1
P04015,TOR_20260914_1_PA015,TOR_20260914_1,B012,Kazuma Okamoto,2026-09-14,Validation,1,Detroit Tigers,3,2,0,1,1,2,0,12.0,0,Observed,1,1,1
P04016,TOR_20260914_1_PA015,TOR_20260914_1,B012,Kazuma Okamoto,2026-09-14,Validation,1,Detroit Tigers,3,3,1,1,1,2,0,14.0,2,Observed,1,1,1
P04017,TOR_20260914_1_PA016,TOR_20260914_1,B002,Andrés Giménez,2026-09-14,Validation,1,Detroit Tigers,3,1,0,0,1,2,0,13.0,1,Observed,1,1,1
P04018,TOR_20260914_1_PA016,TOR_20260914_1,B002,Andrés Giménez,2026-09-14,Validation,1,Detroit Tigers,3,2,1,0,1,2,0,14.0,1,Observed,1,1,1
P04019,TOR_20260914_1_PA016,TOR_20260914_1,B002,Andrés Giménez,2026-09-14,Validation,1,Detroit Tigers,3,3,1,1,1,2,0,14.0,0,Observed,1,1,1
P04020,TOR_20260914_1_PA016,TOR_20260914_1,B002,Andrés Giménez,2026-09-14,Validation,1,Detroit Tigers,3,4,1,2,1,2,0,16.0,1,Observed,1,1,1
P04021,TOR_20260914_1_PA016,TOR_20260914_1,B002,Andrés Giménez,2026-09-14,Validation,1,Detroit Tigers,3,5,2,2,1,2,0,25.0,3,Observed,1,1,1
P04022,TOR_20260914_1_PA016,TOR_20260914_1,B002,Andrés Giménez,2026-09-14,Validation,1,Detroit Tigers,3,6,2,2,1,2,0,20.0,3,Observed,1,1,1
P04023,TOR_20260914_1_PA017,TOR_20260914_1,B011,Josh H. Smith,2026-09-14,Validation,1,Detroit Tigers,3,1,0,0,1,2,0,10.0,2,Observed,1,1,1
P04024,TOR_20260914_1_PA017,TOR_20260914_1,B011,Josh H. Smith,2026-09-14,Validation,1,Detroit Tigers,3,2,1,0,1,2,0,11.0,2,Observed,1,1,1
P04025,TOR_20260914_1_PA017,TOR_20260914_1,B011,Josh H. Smith,2026-09-14,Validation,1,Detroit Tigers,3,3,2,0,1,2,0,28.0,5,Observed,1,1,1
P04026,TOR_20260914_1_PA017,TOR_20260914_1,B011,Josh H. Smith,2026-09-14,Validation,1,Detroit Tigers,3,4,3,0,1,2,0,17.0,1,Observed,1,1,1
P04027,TOR_20260914_1_PA017,TOR_20260914_1,B011,Josh H. Smith,2026-09-14,Validation,1,Detroit Tigers,3,5,3,1,1,2,0,14.0,2,Observed,1,1,1
P04028,TOR_20260914_1_PA017,TOR_20260914_1,B011,Josh H. Smith,2026-09-14,Validation,1,Detroit Tigers,3,6,3,2,1,2,0,14.0,2,Observed,1,1,1
P04029,TOR_20260914_1_PA017,TOR_20260914_1,B011,Josh H. Smith,2026-09-14,Validation,1,Detroit Tigers,3,7,3,2,1,2,0,17.0,4,Observed,1,1,1
P04030,TOR_20260914_1_PA017,TOR_20260914_1,B011,Josh H. Smith,2026-09-14,Validation,1,Detroit Tigers,3,8,3,2,1,2,0,26.0,1,Observed,1,1,1
P04031,TOR_20260914_1_PA018,TOR_20260914_1,B008,Ernie Clement,2026-09-14,Validation,1,Detroit Tigers,3,1,0,0,1,3,0,15.0,2,Observed,1,1,1
P04032,TOR_20260914_1_PA018,TOR_20260914_1,B008,Ernie Clement,2026-09-14,Validation,1,Detroit Tigers,3,2,0,1,1,3,0,11.0,1,Observed,1,1,1
P04033,TOR_20260914_1_PA019,TOR_20260914_1,B004,Brett Bateman,2026-09-14,Validation,1,Detroit Tigers,4,1,0,0,0,0,0,14.0,2,Observed,1,1,1
P04034,TOR_20260914_1_PA019,TOR_20260914_1,B004,Brett Bateman,2026-09-14,Validation,1,Detroit Tigers,4,2,0,1,0,0,0,10.0,0,Observed,1,1,1
P04035,TOR_20260914_1_PA019,TOR_20260914_1,B004,Brett Bateman,2026-09-14,Validation,1,Detroit Tigers,4,3,1,1,0,0,0,11.0,0,Observed,1,1,1
P04036,TOR_20260914_1_PA019,TOR_20260914_1,B004,Brett Bateman,2026-09-14,Validation,1,Detroit Tigers,4,4,1,2,0,0,0,11.0,0,Observed,1,1,1
P04037,TOR_20260914_1_PA020,TOR_20260914_1,B009,George Springer,2026-09-14,Validation,1,Detroit Tigers,4,1,0,0,0,0,0,11.0,0,Observed,1,1,1
P04038,TOR_20260914_1_PA020,TOR_20260914_1,B009,George Springer,2026-09-14,Validation,1,Detroit Tigers,4,2,0,1,0,0,0,13.0,0,Observed,1,1,1
P04039,TOR_20260914_1_PA020,TOR_20260914_1,B009,George Springer,2026-09-14,Validation,1,Detroit Tigers,4,3,1,1,0,0,0,21.0,0,Observed,1,1,1
P04040,TOR_20260914_1_PA020,TOR_20260914_1,B009,George Springer,2026-09-14,Validation,1,Detroit Tigers,4,4,1,2,0,0,0,14.0,0,Observed,1,1,1
P04041,TOR_20260914_1_PA020,TOR_20260914_1,B009,George Springer,2026-09-14,Validation,1,Detroit Tigers,4,5,2,2,0,0,0,14.0,1,Observed,1,1,1
P04042,TOR_20260914_1_PA020,TOR_20260914_1,B009,George Springer,2026-09-14,Validation,1,Detroit Tigers,4,6,2,2,0,0,0,14.0,1,Observed,1,1,1
P04043,TOR_20260914_1_PA020,TOR_20260914_1,B009,George Springer,2026-09-14,Validation,1,Detroit Tigers,4,7,2,2,0,0,0,14.0,1,Observed,1,1,1
P04044,TOR_20260914_1_PA020,TOR_20260914_1,B009,George Springer,2026-09-14,Validation,1,Detroit Tigers,4,8,2,2,0,0,0,14.0,1,Observed,1,1,1
P04045,TOR_20260914_1_PA020,TOR_20260914_1,B009,George Springer,2026-09-14,Validation,1,Detroit Tigers,4,9,2,2,0,0,0,16.0,2,Observed,1,1,1
P04046,TOR_20260914_1_PA021,TOR_20260914_1,B017,Vladimir Guerrero Jr.,2026-09-14,Validation,1,Detroit Tigers,4,1,0,0,0,0,0,19.0,1,Observed,1,1,1
P04047,TOR_20260914_1_PA021,TOR_20260914_1,B017,Vladimir Guerrero Jr.,2026-09-14,Validation,1,Detroit Tigers,4,2,1,0,0,0,0,9.0,0,Observed,1,1,1
P04048,TOR_20260914_1_PA021,TOR_20260914_1,B017,Vladimir Guerrero Jr.,2026-09-14,Validation,1,Detroit Tigers,4,3,2,0,0,0,0,12.0,0,Observed,1,1,1
P04049,TOR_20260914_1_PA021,TOR_20260914_1,B017,Vladimir Guerrero Jr.,2026-09-14,Validation,1,Detroit Tigers,4,4,2,1,0,0,0,19.0,2,Observed,1,1,1
P04050,TOR_20260914_1_PA021,TOR_20260914_1,B017,Vladimir Guerrero Jr.,2026-09-14,Validation,1,Detroit Tigers,4,5,3,1,0,0,0,15.0,1,Observed,1,1,1
P04051,TOR_20260914_1_PA021,TOR_20260914_1,B017,Vladimir Guerrero Jr.,2026-09-14,Validation,1,Detroit Tigers,4,6,3,2,0,0,0,25.0,0,Observed,1,1,1
P04052,TOR_20260914_1_PA022,TOR_20260914_1,B001,Alejandro Kirk,2026-09-14,Validation,1,Detroit Tigers,4,1,0,0,0,1,0,14.0,3,Observed,1,1,1
P04053,TOR_20260914_1_PA022,TOR_20260914_1,B001,Alejandro Kirk,2026-09-14,Validation,1,Detroit Tigers,4,2,0,1,0,1,0,14.0,3,Observed,1,1,1
P04054,TOR_20260914_1_PA022,TOR_20260914_1,B001,Alejandro Kirk,2026-09-14,Validation,1,Detroit Tigers,4,3,1,1,0,1,0,23.0,2,Observed,1,1,1
P04055,TOR_20260914_1_PA022,TOR_20260914_1,B001,Alejandro Kirk,2026-09-14,Validation,1,Detroit Tigers,4,4,2,1,0,1,0,15.0,3,Observed,1,1,1
P04056,TOR_20260914_1_PA022,TOR_20260914_1,B001,Alejandro Kirk,2026-09-14,Validation,1,Detroit Tigers,4,5,2,2,0,1,0,17.0,2,Observed,1,1,1
P04057,TOR_20260914_1_PA023,TOR_20260914_1,B014,Nathan Lukes,2026-09-14,Validation,1,Detroit Tigers,5,1,0,0,0,0,0,11.0,3,Observed,1,1,1
P04058,TOR_20260914_1_PA023,TOR_20260914_1,B014,Nathan Lukes,2026-09-14,Validation,1,Detroit Tigers,5,2,1,0,0,0,0,14.0,4,Observed,1,1,1
P04059,TOR_20260914_1_PA023,TOR_20260914_1,B014,Nathan Lukes,2026-09-14,Validation,1,Detroit Tigers,5,3,1,1,0,0,0,17.0,2,Observed,1,1,1
P04060,TOR_20260914_1_PA023,TOR_20260914_1,B014,Nathan Lukes,2026-09-14,Validation,1,Detroit Tigers,5,4,2,1,0,0,0,14.0,2,Observed,1,1,1
P04061,TOR_20260914_1_PA023,TOR_20260914_1,B014,Nathan Lukes,2026-09-14,Validation,1,Detroit Tigers,5,5,2,2,0,0,0,11.0,3,Observed,1,1,1
P04062,TOR_20260914_1_PA023,TOR_20260914_1,B014,Nathan Lukes,2026-09-14,Validation,1,Detroit Tigers,5,6,2,2,0,0,0,13.0,3,Observed,1,1,1
P04063,TOR_20260914_1_PA023,TOR_20260914_1,B014,Nathan Lukes,2026-09-14,Validation,1,Detroit Tigers,5,7,3,2,0,0,0,14.0,4,Observed,1,1,1
P04064,TOR_20260914_1_PA023,TOR_20260914_1,B014,Nathan Lukes,2026-09-14,Validation,1,Detroit Tigers,5,8,3,2,0,0,0,13.0,4,Observed,1,1,1
P04065,TOR_20260914_1_PA024,TOR_20260914_1,B012,Kazuma Okamoto,2026-09-14,Validation,1,Detroit Tigers,5,1,0,0,0,0,0,13.0,3,Observed,1,1,1
P04066,TOR_20260914_1_PA024,TOR_20260914_1,B012,Kazuma Okamoto,2026-09-14,Validation,1,Detroit Tigers,5,2,0,1,0,0,0,13.0,1,Observed,1,1,1
P04067,TOR_20260914_1_PA024,TOR_20260914_1,B012,Kazuma Okamoto,2026-09-14,Validation,1,Detroit Tigers,5,3,0,2,0,0,0,12.0,3,Observed,1,1,1
P04068,TOR_20260914_1_PA024,TOR_20260914_1,B012,Kazuma Okamoto,2026-09-14,Validation,1,Detroit Tigers,5,4,1,2,0,0,0,8.0,1,Observed,1,1,1
P04069,TOR_20260914_1_PA024,TOR_20260914_1,B012,Kazuma Okamoto,2026-09-14,Validation,1,Detroit Tigers,5,5,2,2,0,0,0,15.0,1,Observed,1,1,1
P04070,TOR_20260914_1_PA024,TOR_20260914_1,B012,Kazuma Okamoto,2026-09-14,Validation,1,Detroit Tigers,5,6,2,2,0,0,0,16.0,1,Observed,1,1,1
P04071,TOR_20260914_1_PA025,TOR_20260914_1,B002,Andrés Giménez,2026-09-14,Validation,1,Detroit Tigers,5,1,0,0,0,0,0,12.0,2,Observed,1,1,1
P04072,TOR_20260914_1_PA025,TOR_20260914_1,B002,Andrés Giménez,2026-09-14,Validation,1,Detroit Tigers,5,2,0,1,0,0,0,15.0,0,Observed,1,1,1
P04073,TOR_20260914_1_PA025,TOR_20260914_1,B002,Andrés Giménez,2026-09-14,Validation,1,Detroit Tigers,5,3,0,2,0,0,0,12.0,1,Observed,1,1,1
P04074,TOR_20260914_1_PA025,TOR_20260914_1,B002,Andrés Giménez,2026-09-14,Validation,1,Detroit Tigers,5,4,1,2,0,0,0,21.0,1,Observed,1,1,1
P04075,TOR_20260914_1_PA026,TOR_20260914_1,B013,Myles Straw,2026-09-14,Validation,1,Detroit Tigers,6,1,0,0,0,0,0,13.0,1,Observed,1,1,1
P04076,TOR_20260914_1_PA026,TOR_20260914_1,B013,Myles Straw,2026-09-14,Validation,1,Detroit Tigers,6,2,0,1,0,0,0,14.0,1,Observed,1,1,1
P04077,TOR_20260914_1_PA026,TOR_20260914_1,B013,Myles Straw,2026-09-14,Validation,1,Detroit Tigers,6,3,1,1,0,0,0,13.0,0,Observed,1,1,1
P04078,TOR_20260914_1_PA026,TOR_20260914_1,B013,Myles Straw,2026-09-14,Validation,1,Detroit Tigers,6,4,2,1,0,0,0,27.0,2,Observed,1,1,1
P04079,TOR_20260914_1_PA026,TOR_20260914_1,B013,Myles Straw,2026-09-14,Validation,1,Detroit Tigers,6,5,3,1,0,0,0,12.0,0,Observed,1,1,1
P04080,TOR_20260914_1_PA026,TOR_20260914_1,B013,Myles Straw,2026-09-14,Validation,1,Detroit Tigers,6,6,3,2,0,0,0,12.0,0,Observed,1,1,1
P04081,TOR_20260914_1_PA026,TOR_20260914_1,B013,Myles Straw,2026-09-14,Validation,1,Detroit Tigers,6,7,3,2,0,0,0,11.0,0,Observed,1,1,1
P04082,TOR_20260914_1_PA027,TOR_20260914_1,B008,Ernie Clement,2026-09-14,Validation,1,Detroit Tigers,6,1,0,0,0,0,0,13.0,1,Observed,1,1,1
P04083,TOR_20260914_1_PA027,TOR_20260914_1,B008,Ernie Clement,2026-09-14,Validation,1,Detroit Tigers,6,2,1,0,0,0,0,14.0,1,Observed,1,1,1
P04084,TOR_20260914_1_PA027,TOR_20260914_1,B008,Ernie Clement,2026-09-14,Validation,1,Detroit Tigers,6,3,1,1,0,0,0,14.0,1,Observed,1,1,1
P04085,TOR_20260914_1_PA028,TOR_20260914_1,B004,Brett Bateman,2026-09-14,Validation,1,Detroit Tigers,6,1,0,0,0,0,0,8.0,0,Observed,1,1,1
P04086,TOR_20260914_1_PA029,TOR_20260914_1,B009,George Springer,2026-09-14,Validation,1,Detroit Tigers,7,1,0,0,0,0,0,11.0,1,Observed,1,1,1
P04087,TOR_20260914_1_PA029,TOR_20260914_1,B009,George Springer,2026-09-14,Validation,1,Detroit Tigers,7,2,0,1,0,0,0,13.0,1,Observed,1,1,1
P04088,TOR_20260914_1_PA029,TOR_20260914_1,B009,George Springer,2026-09-14,Validation,1,Detroit Tigers,7,3,0,2,0,0,0,9.0,1,Observed,1,1,1
P04089,TOR_20260914_1_PA029,TOR_20260914_1,B009,George Springer,2026-09-14,Validation,1,Detroit Tigers,7,4,1,2,0,0,0,14.0,0,Observed,1,1,1
P04090,TOR_20260914_1_PA029,TOR_20260914_1,B009,George Springer,2026-09-14,Validation,1,Detroit Tigers,7,5,2,2,0,0,0,15.0,0,Observed,1,1,1
P04091,TOR_20260914_1_PA029,TOR_20260914_1,B009,George Springer,2026-09-14,Validation,1,Detroit Tigers,7,6,2,2,0,0,0,18.0,0,Observed,1,1,1
P04092,TOR_20260914_1_PA030,TOR_20260914_1,B017,Vladimir Guerrero Jr.,2026-09-14,Validation,1,Detroit Tigers,7,1,0,0,0,1,0,16.0,0,Observed,1,1,1
P04093,TOR_20260914_1_PA031,TOR_20260914_1,B001,Alejandro Kirk,2026-09-14,Validation,1,Detroit Tigers,7,1,0,0,0,1,0,13.0,3,Observed,1,1,1
P04094,TOR_20260914_1_PA031,TOR_20260914_1,B001,Alejandro Kirk,2026-09-14,Validation,1,Detroit Tigers,7,2,1,0,0,1,0,14.0,3,Observed,1,1,1
P04095,TOR_20260914_1_PA031,TOR_20260914_1,B001,Alejandro Kirk,2026-09-14,Validation,1,Detroit Tigers,7,3,2,0,0,1,0,17.0,1,Observed,1,1,1
P04096,TOR_20260914_1_PA031,TOR_20260914_1,B001,Alejandro Kirk,2026-09-14,Validation,1,Detroit Tigers,7,4,3,0,0,1,0,15.0,3,Observed,1,1,1
P04097,TOR_20260914_1_PA031,TOR_20260914_1,B001,Alejandro Kirk,2026-09-14,Validation,1,Detroit Tigers,7,5,3,1,0,1,0,17.0,2,Observed,1,1,1
P04098,TOR_20260914_1_PA032,TOR_20260914_1,B014,Nathan Lukes,2026-09-14,Validation,1,Detroit Tigers,7,1,0,0,1,2,0,19.0,2,Observed,1,1,1
P04099,TOR_20260914_1_PA032,TOR_20260914_1,B014,Nathan Lukes,2026-09-14,Validation,1,Detroit Tigers,7,2,0,1,1,2,0,17.0,3,Observed,1,1,1
P04100,TOR_20260914_1_PA032,TOR_20260914_1,B014,Nathan Lukes,2026-09-14,Validation,1,Detroit Tigers,7,3,1,1,1,2,0,25.0,2,Observed,1,1,1
P04101,TOR_20260914_1_PA032,TOR_20260914_1,B014,Nathan Lukes,2026-09-14,Validation,1,Detroit Tigers,7,4,2,1,1,2,1,34.0,4,Observed,1,1,1
P04102,TOR_20260914_1_PA032,TOR_20260914_1,B014,Nathan Lukes,2026-09-14,Validation,1,Detroit Tigers,7,5,2,2,1,2,0,18.0,3,Observed,1,1,1
P04103,TOR_20260914_1_PA032,TOR_20260914_1,B014,Nathan Lukes,2026-09-14,Validation,1,Detroit Tigers,7,6,3,2,1,2,0,14.0,4,Observed,1,1,1
P04104,TOR_20260914_1_PA032,TOR_20260914_1,B014,Nathan Lukes,2026-09-14,Validation,1,Detroit Tigers,7,7,3,2,1,2,0,14.0,4,Observed,1,1,1
P04105,TOR_20260914_1_PA032,TOR_20260914_1,B014,Nathan Lukes,2026-09-14,Validation,1,Detroit Tigers,7,8,3,2,1,2,0,20.0,3,Observed,1,1,1
P04106,TOR_20260914_1_PA033,TOR_20260914_1,B012,Kazuma Okamoto,2026-09-14,Validation,1,Detroit Tigers,7,1,0,0,1,2,0,12.0,1,Observed,1,1,1
P04107,TOR_20260914_1_PA033,TOR_20260914_1,B012,Kazuma Okamoto,2026-09-14,Validation,1,Detroit Tigers,7,2,0,1,1,2,0,12.0,2,Observed,1,1,1
P04108,TOR_20260914_1_PA033,TOR_20260914_1,B012,Kazuma Okamoto,2026-09-14,Validation,1,Detroit Tigers,7,3,0,2,1,2,0,12.0,2,Observed,1,1,1
P04109,TOR_20260914_1_PA033,TOR_20260914_1,B012,Kazuma Okamoto,2026-09-14,Validation,1,Detroit Tigers,7,4,0,2,1,2,0,26.0,1,Observed,1,1,1
P04110,TOR_20260914_1_PA034,TOR_20260914_1,B002,Andrés Giménez,2026-09-14,Validation,1,Detroit Tigers,7,1,0,0,0,0,0,13.0,2,Observed,1,1,1
P04111,TOR_20260914_1_PA034,TOR_20260914_1,B002,Andrés Giménez,2026-09-14,Validation,1,Detroit Tigers,7,2,1,0,0,0,0,10.0,1,Observed,1,1,1
P04112,TOR_20260914_1_PA034,TOR_20260914_1,B002,Andrés Giménez,2026-09-14,Validation,1,Detroit Tigers,7,3,1,1,0,0,0,14.0,1,Observed,1,1,1
P04113,TOR_20260914_1_PA034,TOR_20260914_1,B002,Andrés Giménez,2026-09-14,Validation,1,Detroit Tigers,7,4,1,2,0,0,0,13.0,2,Observed,1,1,1
P04114,TOR_20260914_1_PA035,TOR_20260914_1,B013,Myles Straw,2026-09-14,Validation,1,Detroit Tigers,8,1,0,0,0,0,0,13.0,1,Observed,1,1,1
P04115,TOR_20260914_1_PA035,TOR_20260914_1,B013,Myles Straw,2026-09-14,Validation,1,Detroit Tigers,8,2,0,1,0,0,0,13.0,1,Observed,1,1,1
P04116,TOR_20260914_1_PA035,TOR_20260914_1,B013,Myles Straw,2026-09-14,Validation,1,Detroit Tigers,8,3,1,1,0,0,0,11.0,0,Observed,1,1,1
P04117,TOR_20260914_1_PA035,TOR_20260914_1,B013,Myles Straw,2026-09-14,Validation,1,Detroit Tigers,8,4,2,1,0,0,0,12.0,0,Observed,1,1,1
P04118,TOR_20260914_1_PA035,TOR_20260914_1,B013,Myles Straw,2026-09-14,Validation,1,Detroit Tigers,8,5,2,2,0,0,0,14.0,1,Observed,1,1,1
P04119,TOR_20260914_1_PA036,TOR_20260914_1,B008,Ernie Clement,2026-09-14,Validation,1,Detroit Tigers,8,1,0,0,0,0,0,13.0,1,Observed,1,1,1
P04120,TOR_20260914_1_PA036,TOR_20260914_1,B008,Ernie Clement,2026-09-14,Validation,1,Detroit Tigers,8,2,0,1,0,0,0,15.0,1,Observed,1,1,1
P04121,TOR_20260914_1_PA037,TOR_20260914_1,B004,Brett Bateman,2026-09-14,Validation,1,Detroit Tigers,8,1,0,0,0,0,0,8.0,2,Observed,1,1,1
P04122,TOR_20260914_1_PA037,TOR_20260914_1,B004,Brett Bateman,2026-09-14,Validation,1,Detroit Tigers,8,2,1,0,0,0,0,9.0,0,Observed,1,1,1
P04123,TOR_20260914_1_PA037,TOR_20260914_1,B004,Brett Bateman,2026-09-14,Validation,1,Detroit Tigers,8,3,1,1,0,0,0,11.0,0,Observed,1,1,1
P04124,TOR_20260914_1_PA037,TOR_20260914_1,B004,Brett Bateman,2026-09-14,Validation,1,Detroit Tigers,8,4,1,2,0,0,0,18.0,1,Observed,1,1,1
P04125,TOR_20260914_1_PA038,TOR_20260914_1,B009,George Springer,2026-09-14,Validation,1,Detroit Tigers,9,1,0,0,0,0,0,13.0,1,Observed,1,1,1
P04126,TOR_20260914_1_PA038,TOR_20260914_1,B009,George Springer,2026-09-14,Validation,1,Detroit Tigers,9,2,1,0,0,0,0,10.0,3,Observed,1,1,1
P04127,TOR_20260914_1_PA038,TOR_20260914_1,B009,George Springer,2026-09-14,Validation,1,Detroit Tigers,9,3,2,0,0,0,0,9.0,1,Observed,1,1,1
P04128,TOR_20260914_1_PA038,TOR_20260914_1,B009,George Springer,2026-09-14,Validation,1,Detroit Tigers,9,4,3,0,0,0,0,23.0,1,Observed,1,1,1
P04129,TOR_20260914_1_PA038,TOR_20260914_1,B009,George Springer,2026-09-14,Validation,1,Detroit Tigers,9,5,3,1,0,0,0,14.0,0,Observed,1,1,1
P04130,TOR_20260914_1_PA039,TOR_20260914_1,B017,Vladimir Guerrero Jr.,2026-09-14,Validation,1,Detroit Tigers,9,1,0,0,0,1,0,9.0,2,Observed,1,1,1
P04131,TOR_20260914_1_PA039,TOR_20260914_1,B017,Vladimir Guerrero Jr.,2026-09-14,Validation,1,Detroit Tigers,9,2,0,1,0,1,0,16.0,2,Observed,1,1,1
P04132,TOR_20260914_1_PA039,TOR_20260914_1,B017,Vladimir Guerrero Jr.,2026-09-14,Validation,1,Detroit Tigers,9,3,0,2,0,1,0,15.0,0,Observed,1,1,1
P04133,TOR_20260914_1_PA039,TOR_20260914_1,B017,Vladimir Guerrero Jr.,2026-09-14,Validation,1,Detroit Tigers,9,4,0,2,0,1,0,22.0,0,Observed,1,1,1
P04134,TOR_20260914_1_PA040,TOR_20260914_1,B001,Alejandro Kirk,2026-09-14,Validation,1,Detroit Tigers,9,1,0,0,0,1,0,13.0,3,Observed,1,1,1
P04135,TOR_20260914_1_PA040,TOR_20260914_1,B001,Alejandro Kirk,2026-09-14,Validation,1,Detroit Tigers,9,2,1,0,0,1,0,11.0,3,Observed,1,1,1
P04136,TOR_20260914_1_PA040,TOR_20260914_1,B001,Alejandro Kirk,2026-09-14,Validation,1,Detroit Tigers,9,3,1,1,0,1,0,18.0,3,Observed,1,1,1
P04137,TOR_20260914_1_PA040,TOR_20260914_1,B001,Alejandro Kirk,2026-09-14,Validation,1,Detroit Tigers,9,4,1,2,0,1,0,27.0,4,Observed,1,1,1
P04138,TOR_20260915_1_PA001,TOR_20260915_1,B004,Brett Bateman,2026-09-15,Validation,1,Detroit Tigers,1,1,0,0,0,0,0,14.0,2,Observed,1,1,1
P04139,TOR_20260915_1_PA001,TOR_20260915_1,B004,Brett Bateman,2026-09-15,Validation,1,Detroit Tigers,1,2,0,1,0,0,0,12.0,0,Observed,1,1,1
P04140,TOR_20260915_1_PA001,TOR_20260915_1,B004,Brett Bateman,2026-09-15,Validation,1,Detroit Tigers,1,3,0,2,0,0,0,9.0,1,Observed,1,1,1
P04141,TOR_20260915_1_PA002,TOR_20260915_1,B009,George Springer,2026-09-15,Validation,1,Detroit Tigers,1,1,0,0,0,0,0,12.0,1,Observed,1,1,1
P04142,TOR_20260915_1_PA002,TOR_20260915_1,B009,George Springer,2026-09-15,Validation,1,Detroit Tigers,1,2,1,0,0,0,0,14.0,0,Observed,1,1,1
P04143,TOR_20260915_1_PA002,TOR_20260915_1,B009,George Springer,2026-09-15,Validation,1,Detroit Tigers,1,3,2,0,0,0,0,16.0,1,Observed,1,1,1
P04144,TOR_20260915_1_PA002,TOR_20260915_1,B009,George Springer,2026-09-15,Validation,1,Detroit Tigers,1,4,2,1,0,0,0,14.0,1,Observed,1,1,1
P04145,TOR_20260915_1_PA002,TOR_20260915_1,B009,George Springer,2026-09-15,Validation,1,Detroit Tigers,1,5,3,1,0,0,0,14.0,1,Observed,1,1,1
P04146,TOR_20260915_1_PA003,TOR_20260915_1,B017,Vladimir Guerrero Jr.,2026-09-15,Validation,1,Detroit Tigers,1,1,0,0,0,0,0,12.0,2,Observed,1,1,1
P04147,TOR_20260915_1_PA004,TOR_20260915_1,B001,Alejandro Kirk,2026-09-15,Validation,1,Detroit Tigers,2,1,0,0,0,0,0,12.0,3,Observed,1,1,1
P04148,TOR_20260915_1_PA004,TOR_20260915_1,B001,Alejandro Kirk,2026-09-15,Validation,1,Detroit Tigers,2,2,0,1,0,0,0,7.0,1,Observed,1,1,1
P04149,TOR_20260915_1_PA005,TOR_20260915_1,B014,Nathan Lukes,2026-09-15,Validation,1,Detroit Tigers,2,1,0,0,0,0,0,7.0,2,Observed,1,1,1
P04150,TOR_20260915_1_PA005,TOR_20260915_1,B014,Nathan Lukes,2026-09-15,Validation,1,Detroit Tigers,2,2,0,1,0,0,0,13.0,4,Observed,1,1,1
P04151,TOR_20260915_1_PA005,TOR_20260915_1,B014,Nathan Lukes,2026-09-15,Validation,1,Detroit Tigers,2,3,0,2,0,0,0,15.0,3,Observed,1,1,1
P04152,TOR_20260915_1_PA005,TOR_20260915_1,B014,Nathan Lukes,2026-09-15,Validation,1,Detroit Tigers,2,4,1,2,0,0,0,21.0,4,Observed,1,1,1
P04153,TOR_20260915_1_PA006,TOR_20260915_1,B012,Kazuma Okamoto,2026-09-15,Validation,1,Detroit Tigers,2,1,0,0,0,0,0,10.0,2,Observed,1,1,1
P04154,TOR_20260915_1_PA006,TOR_20260915_1,B012,Kazuma Okamoto,2026-09-15,Validation,1,Detroit Tigers,2,2,0,1,0,0,0,10.0,2,Observed,1,1,1
P04155,TOR_20260915_1_PA006,TOR_20260915_1,B012,Kazuma Okamoto,2026-09-15,Validation,1,Detroit Tigers,2,3,1,1,0,0,0,14.0,0,Observed,1,1,1
P04156,TOR_20260915_1_PA007,TOR_20260915_1,B002,Andrés Giménez,2026-09-15,Validation,1,Detroit Tigers,2,1,0,0,0,1,0,12.0,2,Observed,1,1,1
P04157,TOR_20260915_1_PA007,TOR_20260915_1,B002,Andrés Giménez,2026-09-15,Validation,1,Detroit Tigers,2,2,0,1,0,1,0,9.0,2,Observed,1,1,1
P04158,TOR_20260915_1_PA007,TOR_20260915_1,B002,Andrés Giménez,2026-09-15,Validation,1,Detroit Tigers,2,3,0,2,0,1,1,26.0,1,Observed,1,1,1
P04159,TOR_20260915_1_PA007,TOR_20260915_1,B002,Andrés Giménez,2026-09-15,Validation,1,Detroit Tigers,2,4,0,2,0,1,0,19.0,1,Observed,1,1,1
P04160,TOR_20260915_1_PA007,TOR_20260915_1,B002,Andrés Giménez,2026-09-15,Validation,1,Detroit Tigers,2,5,0,2,0,1,0,18.0,2,Observed,1,1,1
P04161,TOR_20260915_1_PA007,TOR_20260915_1,B002,Andrés Giménez,2026-09-15,Validation,1,Detroit Tigers,2,6,1,2,0,1,0,21.0,1,Observed,1,1,1
P04162,TOR_20260915_1_PA008,TOR_20260915_1,B011,Josh H. Smith,2026-09-15,Validation,1,Detroit Tigers,3,1,0,0,0,0,0,13.0,1,Observed,1,1,1
P04163,TOR_20260915_1_PA008,TOR_20260915_1,B011,Josh H. Smith,2026-09-15,Validation,1,Detroit Tigers,3,2,0,1,0,0,0,16.0,2,Observed,1,1,1
P04164,TOR_20260915_1_PA008,TOR_20260915_1,B011,Josh H. Smith,2026-09-15,Validation,1,Detroit Tigers,3,3,0,2,0,0,0,40.0,2,Observed,1,1,1
P04165,TOR_20260915_1_PA008,TOR_20260915_1,B011,Josh H. Smith,2026-09-15,Validation,1,Detroit Tigers,3,4,0,2,0,0,0,40.0,2,Observed,1,1,1
P04166,TOR_20260915_1_PA008,TOR_20260915_1,B011,Josh H. Smith,2026-09-15,Validation,1,Detroit Tigers,3,5,0,2,0,0,0,17.0,5,Observed,1,1,1
P04167,TOR_20260915_1_PA008,TOR_20260915_1,B011,Josh H. Smith,2026-09-15,Validation,1,Detroit Tigers,3,6,1,2,0,0,0,17.0,4,Observed,1,1,1
P04168,TOR_20260915_1_PA009,TOR_20260915_1,B008,Ernie Clement,2026-09-15,Validation,1,Detroit Tigers,3,1,0,0,0,0,0,9.0,1,Observed,1,1,1
P04169,TOR_20260915_1_PA009,TOR_20260915_1,B008,Ernie Clement,2026-09-15,Validation,1,Detroit Tigers,3,2,1,0,0,0,0,13.0,2,Observed,1,1,1
P04170,TOR_20260915_1_PA009,TOR_20260915_1,B008,Ernie Clement,2026-09-15,Validation,1,Detroit Tigers,3,3,2,0,0,0,0,12.0,0,Observed,1,1,1
P04171,TOR_20260915_1_PA009,TOR_20260915_1,B008,Ernie Clement,2026-09-15,Validation,1,Detroit Tigers,3,4,3,0,0,0,0,28.0,1,Observed,1,1,1
P04172,TOR_20260915_1_PA010,TOR_20260915_1,B004,Brett Bateman,2026-09-15,Validation,1,Detroit Tigers,3,1,0,0,0,1,0,14.0,2,Observed,1,1,1
P04173,TOR_20260915_1_PA010,TOR_20260915_1,B004,Brett Bateman,2026-09-15,Validation,1,Detroit Tigers,3,2,0,1,0,1,0,11.0,0,Observed,1,1,1
P04174,TOR_20260915_1_PA010,TOR_20260915_1,B004,Brett Bateman,2026-09-15,Validation,1,Detroit Tigers,3,3,1,1,0,1,0,21.0,0,Observed,1,1,1
P04175,TOR_20260915_1_PA010,TOR_20260915_1,B004,Brett Bateman,2026-09-15,Validation,1,Detroit Tigers,3,4,1,2,0,1,0,13.0,0,Observed,1,1,1
P04176,TOR_20260915_1_PA011,TOR_20260915_1,B009,George Springer,2026-09-15,Validation,1,Detroit Tigers,3,1,0,0,0,1,0,11.0,1,Observed,1,1,1
P04177,TOR_20260915_1_PA011,TOR_20260915_1,B009,George Springer,2026-09-15,Validation,1,Detroit Tigers,3,2,0,1,0,1,0,17.0,0,Observed,1,1,1
P04178,TOR_20260915_1_PA011,TOR_20260915_1,B009,George Springer,2026-09-15,Validation,1,Detroit Tigers,3,3,1,1,0,1,0,18.0,0,Observed,1,1,1
P04179,TOR_20260915_1_PA011,TOR_20260915_1,B009,George Springer,2026-09-15,Validation,1,Detroit Tigers,3,4,2,1,0,1,0,17.0,0,Observed,1,1,1
P04180,TOR_20260915_1_PA011,TOR_20260915_1,B009,George Springer,2026-09-15,Validation,1,Detroit Tigers,3,5,3,1,0,1,0,15.0,2,Observed,1,1,1
P04181,TOR_20260915_1_PA012,TOR_20260915_1,B017,Vladimir Guerrero Jr.,2026-09-15,Validation,1,Detroit Tigers,3,1,0,0,1,2,0,11.0,1,Observed,1,1,1
P04182,TOR_20260915_1_PA012,TOR_20260915_1,B017,Vladimir Guerrero Jr.,2026-09-15,Validation,1,Detroit Tigers,3,2,0,1,1,2,0,20.0,2,Observed,1,1,1
P04183,TOR_20260915_1_PA012,TOR_20260915_1,B017,Vladimir Guerrero Jr.,2026-09-15,Validation,1,Detroit Tigers,3,3,1,1,1,2,0,12.0,3,Observed,1,1,1
P04184,TOR_20260915_1_PA012,TOR_20260915_1,B017,Vladimir Guerrero Jr.,2026-09-15,Validation,1,Detroit Tigers,3,4,1,2,1,2,0,13.0,1,Observed,1,1,1
P04185,TOR_20260915_1_PA012,TOR_20260915_1,B017,Vladimir Guerrero Jr.,2026-09-15,Validation,1,Detroit Tigers,3,5,2,2,1,2,0,32.0,1,Observed,1,1,1
P04186,TOR_20260915_1_PA012,TOR_20260915_1,B017,Vladimir Guerrero Jr.,2026-09-15,Validation,1,Detroit Tigers,3,6,3,2,1,2,0,25.0,0,Observed,1,1,1
P04187,TOR_20260915_1_PA013,TOR_20260915_1,B001,Alejandro Kirk,2026-09-15,Validation,1,Detroit Tigers,3,1,0,0,1,3,0,20.0,2,Observed,1,1,1
P04188,TOR_20260915_1_PA013,TOR_20260915_1,B001,Alejandro Kirk,2026-09-15,Validation,1,Detroit Tigers,3,2,0,1,1,3,0,14.0,3,Observed,1,1,1
P04189,TOR_20260915_1_PA013,TOR_20260915_1,B001,Alejandro Kirk,2026-09-15,Validation,1,Detroit Tigers,3,3,0,2,1,3,0,13.0,3,Observed,1,1,1
P04190,TOR_20260915_1_PA014,TOR_20260915_1,B014,Nathan Lukes,2026-09-15,Validation,1,Detroit Tigers,4,1,0,0,0,0,0,7.0,2,Observed,1,1,1
P04191,TOR_20260915_1_PA014,TOR_20260915_1,B014,Nathan Lukes,2026-09-15,Validation,1,Detroit Tigers,4,2,0,1,0,0,0,16.0,3,Observed,1,1,1
P04192,TOR_20260915_1_PA015,TOR_20260915_1,B012,Kazuma Okamoto,2026-09-15,Validation,1,Detroit Tigers,4,1,0,0,0,0,0,12.0,0,Observed,1,1,1
P04193,TOR_20260915_1_PA015,TOR_20260915_1,B012,Kazuma Okamoto,2026-09-15,Validation,1,Detroit Tigers,4,2,1,0,0,0,0,15.0,1,Observed,1,1,1
P04194,TOR_20260915_1_PA015,TOR_20260915_1,B012,Kazuma Okamoto,2026-09-15,Validation,1,Detroit Tigers,4,3,1,1,0,0,0,12.0,1,Observed,1,1,1
P04195,TOR_20260915_1_PA015,TOR_20260915_1,B012,Kazuma Okamoto,2026-09-15,Validation,1,Detroit Tigers,4,4,2,1,0,0,0,11.0,0,Observed,1,1,1
P04196,TOR_20260915_1_PA015,TOR_20260915_1,B012,Kazuma Okamoto,2026-09-15,Validation,1,Detroit Tigers,4,5,3,1,0,0,0,15.0,2,Observed,1,1,1
P04197,TOR_20260915_1_PA015,TOR_20260915_1,B012,Kazuma Okamoto,2026-09-15,Validation,1,Detroit Tigers,4,6,3,2,0,0,0,11.0,1,Observed,1,1,1
P04198,TOR_20260915_1_PA015,TOR_20260915_1,B012,Kazuma Okamoto,2026-09-15,Validation,1,Detroit Tigers,4,7,3,2,0,0,0,14.0,1,Observed,1,1,1
P04199,TOR_20260915_1_PA015,TOR_20260915_1,B012,Kazuma Okamoto,2026-09-15,Validation,1,Detroit Tigers,4,8,3,2,0,0,0,16.0,1,Observed,1,1,1
P04200,TOR_20260915_1_PA016,TOR_20260915_1,B002,Andrés Giménez,2026-09-15,Validation,1,Detroit Tigers,4,1,0,0,0,0,0,17.0,1,Observed,1,1,1
P04201,TOR_20260915_1_PA016,TOR_20260915_1,B002,Andrés Giménez,2026-09-15,Validation,1,Detroit Tigers,4,2,1,0,0,0,0,9.0,2,Observed,1,1,1
P04202,TOR_20260915_1_PA016,TOR_20260915_1,B002,Andrés Giménez,2026-09-15,Validation,1,Detroit Tigers,4,3,1,1,0,0,0,14.0,1,Observed,1,1,1
P04203,TOR_20260915_1_PA016,TOR_20260915_1,B002,Andrés Giménez,2026-09-15,Validation,1,Detroit Tigers,4,4,1,2,0,0,0,16.0,1,Observed,1,1,1
P04204,TOR_20260915_1_PA016,TOR_20260915_1,B002,Andrés Giménez,2026-09-15,Validation,1,Detroit Tigers,4,5,2,2,0,0,0,14.0,1,Observed,1,1,1
P04205,TOR_20260915_1_PA017,TOR_20260915_1,B011,Josh H. Smith,2026-09-15,Validation,1,Detroit Tigers,5,1,0,0,0,0,0,17.0,1,Observed,1,1,1
P04206,TOR_20260915_1_PA017,TOR_20260915_1,B011,Josh H. Smith,2026-09-15,Validation,1,Detroit Tigers,5,2,1,0,0,0,0,11.0,1,Observed,1,1,1
P04207,TOR_20260915_1_PA017,TOR_20260915_1,B011,Josh H. Smith,2026-09-15,Validation,1,Detroit Tigers,5,3,2,0,0,0,0,17.0,1,Observed,1,1,1
P04208,TOR_20260915_1_PA017,TOR_20260915_1,B011,Josh H. Smith,2026-09-15,Validation,1,Detroit Tigers,5,4,2,1,0,0,0,19.0,4,Observed,1,1,1
P04209,TOR_20260915_1_PA017,TOR_20260915_1,B011,Josh H. Smith,2026-09-15,Validation,1,Detroit Tigers,5,5,2,2,0,0,0,13.0,3,Observed,1,1,1
P04210,TOR_20260915_1_PA018,TOR_20260915_1,B008,Ernie Clement,2026-09-15,Validation,1,Detroit Tigers,5,1,0,0,0,0,0,12.0,2,Observed,1,1,1
P04211,TOR_20260915_1_PA018,TOR_20260915_1,B008,Ernie Clement,2026-09-15,Validation,1,Detroit Tigers,5,2,0,1,0,0,0,10.0,2,Observed,1,1,1
P04212,TOR_20260915_1_PA018,TOR_20260915_1,B008,Ernie Clement,2026-09-15,Validation,1,Detroit Tigers,5,3,0,2,0,0,0,15.0,1,Observed,1,1,1
P04213,TOR_20260915_1_PA019,TOR_20260915_1,B004,Brett Bateman,2026-09-15,Validation,1,Detroit Tigers,5,1,0,0,0,0,0,8.0,2,Observed,1,1,1
P04214,TOR_20260915_1_PA019,TOR_20260915_1,B004,Brett Bateman,2026-09-15,Validation,1,Detroit Tigers,5,2,0,1,0,0,0,19.0,0,Observed,1,1,1
P04215,TOR_20260915_1_PA019,TOR_20260915_1,B004,Brett Bateman,2026-09-15,Validation,1,Detroit Tigers,5,3,0,2,0,0,0,19.0,0,Observed,1,1,1
P04216,TOR_20260915_1_PA019,TOR_20260915_1,B004,Brett Bateman,2026-09-15,Validation,1,Detroit Tigers,5,4,0,2,0,0,0,18.0,0,Observed,1,1,1
P04217,TOR_20260915_1_PA019,TOR_20260915_1,B004,Brett Bateman,2026-09-15,Validation,1,Detroit Tigers,5,5,1,2,0,0,0,18.0,0,Observed,1,1,1
P04218,TOR_20260915_1_PA019,TOR_20260915_1,B004,Brett Bateman,2026-09-15,Validation,1,Detroit Tigers,5,6,1,2,0,0,0,12.0,0,Observed,1,1,1
P04219,TOR_20260915_1_PA019,TOR_20260915_1,B004,Brett Bateman,2026-09-15,Validation,1,Detroit Tigers,5,7,2,2,0,0,0,23.0,0,Observed,1,1,1
P04220,TOR_20260915_1_PA019,TOR_20260915_1,B004,Brett Bateman,2026-09-15,Validation,1,Detroit Tigers,5,8,3,2,0,0,0,12.0,0,Observed,1,1,1
P04221,TOR_20260915_1_PA019,TOR_20260915_1,B004,Brett Bateman,2026-09-15,Validation,1,Detroit Tigers,5,9,3,2,0,0,0,12.0,0,Observed,1,1,1
P04222,TOR_20260915_1_PA019,TOR_20260915_1,B004,Brett Bateman,2026-09-15,Validation,1,Detroit Tigers,5,10,3,2,0,0,0,12.0,0,Observed,1,1,1
P04223,TOR_20260915_1_PA019,TOR_20260915_1,B004,Brett Bateman,2026-09-15,Validation,1,Detroit Tigers,5,11,3,2,0,0,0,12.0,0,Observed,1,1,1
P04224,TOR_20260915_1_PA020,TOR_20260915_1,B009,George Springer,2026-09-15,Validation,1,Detroit Tigers,5,1,0,0,0,1,0,11.0,1,Observed,1,1,1
P04225,TOR_20260915_1_PA020,TOR_20260915_1,B009,George Springer,2026-09-15,Validation,1,Detroit Tigers,5,2,0,1,0,1,0,14.0,3,Observed,1,1,1
P04226,TOR_20260915_1_PA021,TOR_20260915_1,B017,Vladimir Guerrero Jr.,2026-09-15,Validation,1,Detroit Tigers,6,1,0,0,0,0,0,26.0,1,Observed,1,1,1
P04227,TOR_20260915_1_PA021,TOR_20260915_1,B017,Vladimir Guerrero Jr.,2026-09-15,Validation,1,Detroit Tigers,6,2,0,1,0,0,0,24.0,0,Observed,1,1,1
P04228,TOR_20260915_1_PA021,TOR_20260915_1,B017,Vladimir Guerrero Jr.,2026-09-15,Validation,1,Detroit Tigers,6,3,0,2,0,0,0,9.0,0,Observed,1,1,1
P04229,TOR_20260915_1_PA021,TOR_20260915_1,B017,Vladimir Guerrero Jr.,2026-09-15,Validation,1,Detroit Tigers,6,4,1,2,0,0,0,18.0,1,Observed,1,1,1
P04230,TOR_20260915_1_PA021,TOR_20260915_1,B017,Vladimir Guerrero Jr.,2026-09-15,Validation,1,Detroit Tigers,6,5,2,2,0,0,0,12.0,1,Observed,1,1,1
P04231,TOR_20260915_1_PA022,TOR_20260915_1,B001,Alejandro Kirk,2026-09-15,Validation,1,Detroit Tigers,6,1,0,0,0,0,0,20.0,2,Observed,1,1,1
P04232,TOR_20260915_1_PA023,TOR_20260915_1,B014,Nathan Lukes,2026-09-15,Validation,1,Detroit Tigers,6,1,0,0,0,0,0,18.0,3,Observed,1,1,1
P04233,TOR_20260915_1_PA023,TOR_20260915_1,B014,Nathan Lukes,2026-09-15,Validation,1,Detroit Tigers,6,2,0,1,0,0,0,13.0,4,Observed,1,1,1
P04234,TOR_20260915_1_PA023,TOR_20260915_1,B014,Nathan Lukes,2026-09-15,Validation,1,Detroit Tigers,6,3,0,2,0,0,0,11.0,3,Observed,1,1,1
P04235,TOR_20260915_1_PA024,TOR_20260915_1,B012,Kazuma Okamoto,2026-09-15,Validation,1,Detroit Tigers,6,1,0,0,0,1,0,12.0,1,Observed,1,1,1
P04236,TOR_20260915_1_PA024,TOR_20260915_1,B012,Kazuma Okamoto,2026-09-15,Validation,1,Detroit Tigers,6,2,1,0,0,1,0,12.0,2,Observed,1,1,1
P04237,TOR_20260915_1_PA024,TOR_20260915_1,B012,Kazuma Okamoto,2026-09-15,Validation,1,Detroit Tigers,6,3,1,1,0,1,0,14.0,0,Observed,1,1,1
P04238,TOR_20260915_1_PA024,TOR_20260915_1,B012,Kazuma Okamoto,2026-09-15,Validation,1,Detroit Tigers,6,4,2,1,0,1,0,21.0,2,Observed,1,1,1
P04239,TOR_20260915_1_PA025,TOR_20260915_1,B002,Andrés Giménez,2026-09-15,Validation,1,Detroit Tigers,7,1,0,0,0,0,0,17.0,1,Observed,1,1,1
P04240,TOR_20260915_1_PA025,TOR_20260915_1,B002,Andrés Giménez,2026-09-15,Validation,1,Detroit Tigers,7,2,0,1,0,0,0,9.0,2,Observed,1,1,1
P04241,TOR_20260915_1_PA025,TOR_20260915_1,B002,Andrés Giménez,2026-09-15,Validation,1,Detroit Tigers,7,3,0,2,0,0,0,12.0,1,Observed,1,1,1
P04242,TOR_20260915_1_PA025,TOR_20260915_1,B002,Andrés Giménez,2026-09-15,Validation,1,Detroit Tigers,7,4,1,2,0,0,0,13.0,2,Observed,1,1,1
P04243,TOR_20260915_1_PA026,TOR_20260915_1,B011,Josh H. Smith,2026-09-15,Validation,1,Detroit Tigers,7,1,0,0,0,0,0,11.0,2,Observed,1,1,1
P04244,TOR_20260915_1_PA026,TOR_20260915_1,B011,Josh H. Smith,2026-09-15,Validation,1,Detroit Tigers,7,2,0,1,0,0,0,13.0,2,Observed,1,1,1
P04245,TOR_20260915_1_PA026,TOR_20260915_1,B011,Josh H. Smith,2026-09-15,Validation,1,Detroit Tigers,7,3,0,2,0,0,0,22.0,2,Observed,1,1,1
P04246,TOR_20260915_1_PA027,TOR_20260915_1,B008,Ernie Clement,2026-09-15,Validation,1,Detroit Tigers,7,1,0,0,0,0,0,12.0,2,Observed,1,1,1
P04247,TOR_20260915_1_PA027,TOR_20260915_1,B008,Ernie Clement,2026-09-15,Validation,1,Detroit Tigers,7,2,0,1,0,0,0,10.0,2,Observed,1,1,1
P04248,TOR_20260915_1_PA028,TOR_20260915_1,B004,Brett Bateman,2026-09-15,Validation,1,Detroit Tigers,8,1,0,0,0,0,0,16.0,0,Observed,1,1,1
P04249,TOR_20260915_1_PA028,TOR_20260915_1,B004,Brett Bateman,2026-09-15,Validation,1,Detroit Tigers,8,2,0,1,0,0,0,19.0,0,Observed,1,1,1
P04250,TOR_20260915_1_PA028,TOR_20260915_1,B004,Brett Bateman,2026-09-15,Validation,1,Detroit Tigers,8,3,1,1,0,0,0,9.0,2,Observed,1,1,1
P04251,TOR_20260915_1_PA028,TOR_20260915_1,B004,Brett Bateman,2026-09-15,Validation,1,Detroit Tigers,8,4,1,2,0,0,0,11.0,0,Observed,1,1,1
P04252,TOR_20260915_1_PA028,TOR_20260915_1,B004,Brett Bateman,2026-09-15,Validation,1,Detroit Tigers,8,5,1,2,0,0,0,18.0,1,Observed,1,1,1
P04253,TOR_20260915_1_PA029,TOR_20260915_1,B009,George Springer,2026-09-15,Validation,1,Detroit Tigers,8,1,0,0,0,1,0,11.0,1,Observed,1,1,1
P04254,TOR_20260915_1_PA029,TOR_20260915_1,B009,George Springer,2026-09-15,Validation,1,Detroit Tigers,8,2,0,1,0,1,0,13.0,1,Observed,1,1,1
P04255,TOR_20260915_1_PA029,TOR_20260915_1,B009,George Springer,2026-09-15,Validation,1,Detroit Tigers,8,3,0,2,0,1,0,20.0,0,Observed,1,1,1
P04256,TOR_20260915_1_PA029,TOR_20260915_1,B009,George Springer,2026-09-15,Validation,1,Detroit Tigers,8,4,0,2,0,1,1,41.0,1,Observed,1,1,1
P04257,TOR_20260915_1_PA029,TOR_20260915_1,B009,George Springer,2026-09-15,Validation,1,Detroit Tigers,8,5,1,2,0,1,0,14.0,0,Observed,1,1,1
P04258,TOR_20260915_1_PA030,TOR_20260915_1,B017,Vladimir Guerrero Jr.,2026-09-15,Validation,1,Detroit Tigers,8,1,0,0,1,2,0,10.0,1,Observed,1,1,1
P04259,TOR_20260915_1_PA030,TOR_20260915_1,B017,Vladimir Guerrero Jr.,2026-09-15,Validation,1,Detroit Tigers,8,2,0,1,1,2,0,20.0,2,Observed,1,1,1
P04260,TOR_20260915_1_PA030,TOR_20260915_1,B017,Vladimir Guerrero Jr.,2026-09-15,Validation,1,Detroit Tigers,8,3,1,1,1,2,0,10.0,1,Observed,1,1,1
P04261,TOR_20260915_1_PA031,TOR_20260915_1,B001,Alejandro Kirk,2026-09-15,Validation,1,Detroit Tigers,8,1,0,0,1,2,0,14.0,2,Observed,1,1,1
P04262,TOR_20260915_1_PA031,TOR_20260915_1,B001,Alejandro Kirk,2026-09-15,Validation,1,Detroit Tigers,8,2,0,1,1,2,0,16.0,3,Observed,1,1,1
P04263,TOR_20260915_1_PA031,TOR_20260915_1,B001,Alejandro Kirk,2026-09-15,Validation,1,Detroit Tigers,8,3,0,2,1,2,0,14.0,4,Observed,1,1,1
P04264,TOR_20260915_1_PA031,TOR_20260915_1,B001,Alejandro Kirk,2026-09-15,Validation,1,Detroit Tigers,8,4,0,2,1,2,0,26.0,4,Observed,1,1,1
P04265,TOR_20260915_1_PA031,TOR_20260915_1,B001,Alejandro Kirk,2026-09-15,Validation,1,Detroit Tigers,8,5,1,2,1,2,0,16.0,3,Observed,1,1,1
P04266,TOR_20260915_1_PA032,TOR_20260915_1,B013,Myles Straw,2026-09-15,Validation,1,Detroit Tigers,8,1,0,0,1,2,0,13.0,1,Observed,1,1,1
P04267,TOR_20260915_1_PA032,TOR_20260915_1,B013,Myles Straw,2026-09-15,Validation,1,Detroit Tigers,8,2,1,0,1,2,0,10.0,2,Observed,1,1,1
P04268,TOR_20260915_1_PA032,TOR_20260915_1,B013,Myles Straw,2026-09-15,Validation,1,Detroit Tigers,8,3,1,1,1,2,0,14.0,2,Observed,1,1,1
P04269,TOR_20260915_1_PA032,TOR_20260915_1,B013,Myles Straw,2026-09-15,Validation,1,Detroit Tigers,8,4,1,2,1,2,0,15.0,1,Observed,1,1,1
P04270,TOR_20260915_1_PA033,TOR_20260915_1,B012,Kazuma Okamoto,2026-09-15,Validation,1,Detroit Tigers,9,1,0,0,0,0,0,18.0,1,Observed,1,1,1
P04271,TOR_20260915_1_PA033,TOR_20260915_1,B012,Kazuma Okamoto,2026-09-15,Validation,1,Detroit Tigers,9,2,1,0,0,0,0,13.0,0,Observed,1,1,1
P04272,TOR_20260915_1_PA033,TOR_20260915_1,B012,Kazuma Okamoto,2026-09-15,Validation,1,Detroit Tigers,9,3,1,1,0,0,0,14.0,3,Observed,1,1,1
P04273,TOR_20260915_1_PA033,TOR_20260915_1,B012,Kazuma Okamoto,2026-09-15,Validation,1,Detroit Tigers,9,4,1,2,0,0,0,11.0,0,Observed,1,1,1
P04274,TOR_20260915_1_PA034,TOR_20260915_1,B006,Davis Schneider,2026-09-15,Validation,1,Detroit Tigers,9,1,0,0,0,0,0,13.0,1,Observed,1,1,1
P04275,TOR_20260915_1_PA034,TOR_20260915_1,B006,Davis Schneider,2026-09-15,Validation,1,Detroit Tigers,9,2,1,0,0,0,0,10.0,3,Observed,1,1,1
P04276,TOR_20260915_1_PA034,TOR_20260915_1,B006,Davis Schneider,2026-09-15,Validation,1,Detroit Tigers,9,3,2,0,0,0,0,13.0,2,Observed,1,1,1
P04277,TOR_20260915_1_PA034,TOR_20260915_1,B006,Davis Schneider,2026-09-15,Validation,1,Detroit Tigers,9,4,2,1,0,0,0,9.0,0,Observed,1,1,1
P04278,TOR_20260915_1_PA034,TOR_20260915_1,B006,Davis Schneider,2026-09-15,Validation,1,Detroit Tigers,9,5,2,2,0,0,0,14.0,2,Observed,1,1,1
P04279,TOR_20260915_1_PA034,TOR_20260915_1,B006,Davis Schneider,2026-09-15,Validation,1,Detroit Tigers,9,6,2,2,0,0,0,9.0,1,Observed,1,1,1
P04280,TOR_20260915_1_PA034,TOR_20260915_1,B006,Davis Schneider,2026-09-15,Validation,1,Detroit Tigers,9,7,3,2,0,0,0,9.0,1,Observed,1,1,1
P04281,TOR_20260915_1_PA034,TOR_20260915_1,B006,Davis Schneider,2026-09-15,Validation,1,Detroit Tigers,9,8,3,2,0,0,0,13.0,4,Observed,1,1,1
P04282,TOR_20260915_1_PA035,TOR_20260915_1,B005,Charles McAdoo,2026-09-15,Validation,1,Detroit Tigers,9,1,0,0,0,0,0,15.0,1,Observed,1,1,1
P04283,TOR_20260915_1_PA036,TOR_20260915_1,B008,Ernie Clement,2026-09-15,Validation,1,Detroit Tigers,9,1,0,0,0,1,0,9.0,2,Observed,1,1,1
P04284,TOR_20260915_1_PA036,TOR_20260915_1,B008,Ernie Clement,2026-09-15,Validation,1,Detroit Tigers,9,2,1,0,0,1,0,12.0,1,Observed,1,1,1
P04285,TOR_20260916_1_PA001,TOR_20260916_1,B004,Brett Bateman,2026-09-16,Validation,1,Detroit Tigers,1,1,0,0,0,0,0,13.0,2,Observed,1,1,1
P04286,TOR_20260916_1_PA001,TOR_20260916_1,B004,Brett Bateman,2026-09-16,Validation,1,Detroit Tigers,1,2,0,1,0,0,0,12.0,0,Observed,1,1,1
P04287,TOR_20260916_1_PA002,TOR_20260916_1,B014,Nathan Lukes,2026-09-16,Validation,1,Detroit Tigers,1,1,0,0,0,1,0,17.0,2,Observed,1,1,1
P04288,TOR_20260916_1_PA002,TOR_20260916_1,B014,Nathan Lukes,2026-09-16,Validation,1,Detroit Tigers,1,2,0,1,0,1,0,13.0,4,Observed,1,1,1
P04289,TOR_20260916_1_PA002,TOR_20260916_1,B014,Nathan Lukes,2026-09-16,Validation,1,Detroit Tigers,1,3,0,2,0,1,0,17.0,3,Observed,1,1,1
P04290,TOR_20260916_1_PA002,TOR_20260916_1,B014,Nathan Lukes,2026-09-16,Validation,1,Detroit Tigers,1,4,1,2,0,1,0,13.0,3,Observed,1,1,1
P04291,TOR_20260916_1_PA002,TOR_20260916_1,B014,Nathan Lukes,2026-09-16,Validation,1,Detroit Tigers,1,5,1,2,0,1,0,16.0,4,Observed,1,1,1
P04292,TOR_20260916_1_PA002,TOR_20260916_1,B014,Nathan Lukes,2026-09-16,Validation,1,Detroit Tigers,1,6,2,2,0,1,0,16.0,4,Observed,1,1,1
P04293,TOR_20260916_1_PA002,TOR_20260916_1,B014,Nathan Lukes,2026-09-16,Validation,1,Detroit Tigers,1,7,2,2,0,1,0,14.0,4,Observed,1,1,1
P04294,TOR_20260916_1_PA003,TOR_20260916_1,B017,Vladimir Guerrero Jr.,2026-09-16,Validation,1,Detroit Tigers,1,1,0,0,0,1,0,11.0,1,Observed,1,1,1
P04295,TOR_20260916_1_PA003,TOR_20260916_1,B017,Vladimir Guerrero Jr.,2026-09-16,Validation,1,Detroit Tigers,1,2,0,1,0,1,0,12.0,1,Observed,1,1,1
P04296,TOR_20260916_1_PA003,TOR_20260916_1,B017,Vladimir Guerrero Jr.,2026-09-16,Validation,1,Detroit Tigers,1,3,0,2,0,1,0,18.0,1,Observed,1,1,1
P04297,TOR_20260916_1_PA004,TOR_20260916_1,B009,George Springer,2026-09-16,Validation,1,Detroit Tigers,1,1,0,0,1,2,0,16.0,0,Observed,1,1,1
P04298,TOR_20260916_1_PA004,TOR_20260916_1,B009,George Springer,2026-09-16,Validation,1,Detroit Tigers,1,2,1,0,1,2,0,16.0,1,Observed,1,1,1
P04299,TOR_20260916_1_PA004,TOR_20260916_1,B009,George Springer,2026-09-16,Validation,1,Detroit Tigers,1,3,2,0,1,2,0,16.0,1,Observed,1,1,1
P04300,TOR_20260916_1_PA004,TOR_20260916_1,B009,George Springer,2026-09-16,Validation,1,Detroit Tigers,1,4,2,1,1,2,0,12.0,1,Observed,1,1,1
P04301,TOR_20260916_1_PA004,TOR_20260916_1,B009,George Springer,2026-09-16,Validation,1,Detroit Tigers,1,5,2,2,1,2,0,15.0,2,Observed,1,1,1
P04302,TOR_20260916_1_PA005,TOR_20260916_1,B012,Kazuma Okamoto,2026-09-16,Validation,1,Detroit Tigers,1,1,0,0,1,2,0,25.0,0,Observed,1,1,1
P04303,TOR_20260916_1_PA005,TOR_20260916_1,B012,Kazuma Okamoto,2026-09-16,Validation,1,Detroit Tigers,1,2,0,1,1,2,0,16.0,1,Observed,1,1,1
P04304,TOR_20260916_1_PA005,TOR_20260916_1,B012,Kazuma Okamoto,2026-09-16,Validation,1,Detroit Tigers,1,3,0,2,1,2,0,17.0,1,Observed,1,1,1
P04305,TOR_20260916_1_PA005,TOR_20260916_1,B012,Kazuma Okamoto,2026-09-16,Validation,1,Detroit Tigers,1,4,1,2,1,2,0,15.0,1,Observed,1,1,1
P04306,TOR_20260916_1_PA005,TOR_20260916_1,B012,Kazuma Okamoto,2026-09-16,Validation,1,Detroit Tigers,1,5,2,2,1,2,0,10.0,0,Observed,1,1,1
P04307,TOR_20260916_1_PA006,TOR_20260916_1,B011,Josh H. Smith,2026-09-16,Validation,1,Detroit Tigers,2,1,0,0,0,0,0,11.0,4,Observed,1,1,1
P04308,TOR_20260916_1_PA006,TOR_20260916_1,B011,Josh H. Smith,2026-09-16,Validation,1,Detroit Tigers,2,2,1,0,0,0,0,17.0,2,Observed,1,1,1
P04309,TOR_20260916_1_PA006,TOR_20260916_1,B011,Josh H. Smith,2026-09-16,Validation,1,Detroit Tigers,2,3,2,0,0,0,0,16.0,2,Observed,1,1,1
P04310,TOR_20260916_1_PA006,TOR_20260916_1,B011,Josh H. Smith,2026-09-16,Validation,1,Detroit Tigers,2,4,2,1,0,0,0,19.0,4,Observed,1,1,1
P04311,TOR_20260916_1_PA006,TOR_20260916_1,B011,Josh H. Smith,2026-09-16,Validation,1,Detroit Tigers,2,5,2,2,0,0,0,19.0,4,Observed,1,1,1
P04312,TOR_20260916_1_PA007,TOR_20260916_1,B008,Ernie Clement,2026-09-16,Validation,1,Detroit Tigers,2,1,0,0,0,0,0,9.0,1,Observed,1,1,1
P04313,TOR_20260916_1_PA007,TOR_20260916_1,B008,Ernie Clement,2026-09-16,Validation,1,Detroit Tigers,2,2,1,0,0,0,0,10.0,1,Observed,1,1,1
P04314,TOR_20260916_1_PA007,TOR_20260916_1,B008,Ernie Clement,2026-09-16,Validation,1,Detroit Tigers,2,3,1,1,0,0,0,10.0,0,Observed,1,1,1
P04315,TOR_20260916_1_PA007,TOR_20260916_1,B008,Ernie Clement,2026-09-16,Validation,1,Detroit Tigers,2,4,2,1,0,0,0,13.0,1,Observed,1,1,1
P04316,TOR_20260916_1_PA008,TOR_20260916_1,B003,Brandon Valenzuela,2026-09-16,Validation,1,Detroit Tigers,2,1,0,0,0,0,0,16.0,1,Observed,1,1,1
P04317,TOR_20260916_1_PA009,TOR_20260916_1,B013,Myles Straw,2026-09-16,Validation,1,Detroit Tigers,2,1,0,0,0,1,0,21.0,1,Observed,1,1,1
P04318,TOR_20260916_1_PA009,TOR_20260916_1,B013,Myles Straw,2026-09-16,Validation,1,Detroit Tigers,2,2,1,0,0,1,0,13.0,0,Observed,1,1,1
P04319,TOR_20260916_1_PA009,TOR_20260916_1,B013,Myles Straw,2026-09-16,Validation,1,Detroit Tigers,2,3,2,0,0,1,0,16.0,1,Observed,1,1,1
P04320,TOR_20260916_1_PA009,TOR_20260916_1,B013,Myles Straw,2026-09-16,Validation,1,Detroit Tigers,2,4,2,1,0,1,0,16.0,1,Observed,1,1,1
P04321,TOR_20260916_1_PA009,TOR_20260916_1,B013,Myles Straw,2026-09-16,Validation,1,Detroit Tigers,2,5,2,2,0,1,0,14.0,1,Observed,1,1,1
P04322,TOR_20260916_1_PA009,TOR_20260916_1,B013,Myles Straw,2026-09-16,Validation,1,Detroit Tigers,2,6,3,2,0,1,0,17.0,2,Observed,1,1,1
P04323,TOR_20260916_1_PA010,TOR_20260916_1,B004,Brett Bateman,2026-09-16,Validation,1,Detroit Tigers,2,1,0,0,1,2,0,12.0,1,Observed,1,1,1
P04324,TOR_20260916_1_PA010,TOR_20260916_1,B004,Brett Bateman,2026-09-16,Validation,1,Detroit Tigers,2,2,1,0,1,2,0,13.0,0,Observed,1,1,1
P04325,TOR_20260916_1_PA010,TOR_20260916_1,B004,Brett Bateman,2026-09-16,Validation,1,Detroit Tigers,2,3,1,1,1,2,0,13.0,0,Observed,1,1,1
P04326,TOR_20260916_1_PA010,TOR_20260916_1,B004,Brett Bateman,2026-09-16,Validation,1,Detroit Tigers,2,4,1,2,1,2,0,14.0,0,Observed,1,1,1
P04327,TOR_20260916_1_PA010,TOR_20260916_1,B004,Brett Bateman,2026-09-16,Validation,1,Detroit Tigers,2,5,2,2,1,2,0,15.0,0,Observed,1,1,1
P04328,TOR_20260916_1_PA010,TOR_20260916_1,B004,Brett Bateman,2026-09-16,Validation,1,Detroit Tigers,2,6,2,2,1,2,0,12.0,1,Observed,1,1,1
P04329,TOR_20260916_1_PA010,TOR_20260916_1,B004,Brett Bateman,2026-09-16,Validation,1,Detroit Tigers,2,7,2,2,1,2,0,13.0,0,Observed,1,1,1
P04330,TOR_20260916_1_PA010,TOR_20260916_1,B004,Brett Bateman,2026-09-16,Validation,1,Detroit Tigers,2,8,2,2,1,2,0,13.0,0,Observed,1,1,1
P04331,TOR_20260916_1_PA010,TOR_20260916_1,B004,Brett Bateman,2026-09-16,Validation,1,Detroit Tigers,2,9,2,2,1,2,0,13.0,0,Observed,1,1,1
P04332,TOR_20260916_1_PA011,TOR_20260916_1,B014,Nathan Lukes,2026-09-16,Validation,1,Detroit Tigers,3,1,0,0,0,0,0,13.0,2,Observed,1,1,1
P04333,TOR_20260916_1_PA011,TOR_20260916_1,B014,Nathan Lukes,2026-09-16,Validation,1,Detroit Tigers,3,2,1,0,0,0,0,14.0,4,Observed,1,1,1
P04334,TOR_20260916_1_PA011,TOR_20260916_1,B014,Nathan Lukes,2026-09-16,Validation,1,Detroit Tigers,3,3,1,1,0,0,0,15.0,3,Observed,1,1,1
P04335,TOR_20260916_1_PA011,TOR_20260916_1,B014,Nathan Lukes,2026-09-16,Validation,1,Detroit Tigers,3,4,1,2,0,0,0,4.0,3,Observed,1,1,1
P04336,TOR_20260916_1_PA012,TOR_20260916_1,B017,Vladimir Guerrero Jr.,2026-09-16,Validation,1,Detroit Tigers,3,1,0,0,0,0,0,13.0,1,Observed,1,1,1
P04337,TOR_20260916_1_PA012,TOR_20260916_1,B017,Vladimir Guerrero Jr.,2026-09-16,Validation,1,Detroit Tigers,3,2,1,0,0,0,0,9.0,0,Observed,1,1,1
P04338,TOR_20260916_1_PA012,TOR_20260916_1,B017,Vladimir Guerrero Jr.,2026-09-16,Validation,1,Detroit Tigers,3,3,2,0,0,0,0,11.0,2,Observed,1,1,1
P04339,TOR_20260916_1_PA012,TOR_20260916_1,B017,Vladimir Guerrero Jr.,2026-09-16,Validation,1,Detroit Tigers,3,4,3,0,0,0,0,25.0,0,Observed,1,1,1
P04340,TOR_20260916_1_PA013,TOR_20260916_1,B009,George Springer,2026-09-16,Validation,1,Detroit Tigers,3,1,0,0,0,1,0,11.0,1,Observed,1,1,1
P04341,TOR_20260916_1_PA013,TOR_20260916_1,B009,George Springer,2026-09-16,Validation,1,Detroit Tigers,3,2,0,1,0,1,0,17.0,0,Observed,1,1,1
P04342,TOR_20260916_1_PA013,TOR_20260916_1,B009,George Springer,2026-09-16,Validation,1,Detroit Tigers,3,3,1,1,0,1,0,18.0,0,Observed,1,1,1
P04343,TOR_20260916_1_PA013,TOR_20260916_1,B009,George Springer,2026-09-16,Validation,1,Detroit Tigers,3,4,2,1,0,1,0,15.0,0,Observed,1,1,1
P04344,TOR_20260916_1_PA014,TOR_20260916_1,B012,Kazuma Okamoto,2026-09-16,Validation,1,Detroit Tigers,4,1,0,0,0,0,0,13.0,3,Observed,1,1,1
P04345,TOR_20260916_1_PA014,TOR_20260916_1,B012,Kazuma Okamoto,2026-09-16,Validation,1,Detroit Tigers,4,2,0,1,0,0,0,14.0,0,Observed,1,1,1
P04346,TOR_20260916_1_PA014,TOR_20260916_1,B012,Kazuma Okamoto,2026-09-16,Validation,1,Detroit Tigers,4,3,0,2,0,0,0,12.0,3,Observed,1,1,1
P04347,TOR_20260916_1_PA014,TOR_20260916_1,B012,Kazuma Okamoto,2026-09-16,Validation,1,Detroit Tigers,4,4,1,2,0,0,0,16.0,1,Observed,1,1,1
P04348,TOR_20260916_1_PA014,TOR_20260916_1,B012,Kazuma Okamoto,2026-09-16,Validation,1,Detroit Tigers,4,5,1,2,0,0,0,14.0,0,Observed,1,1,1
P04349,TOR_20260916_1_PA014,TOR_20260916_1,B012,Kazuma Okamoto,2026-09-16,Validation,1,Detroit Tigers,4,6,2,2,0,0,0,15.0,1,Observed,1,1,1
P04350,TOR_20260916_1_PA014,TOR_20260916_1,B012,Kazuma Okamoto,2026-09-16,Validation,1,Detroit Tigers,4,7,2,2,0,0,0,15.0,0,Observed,1,1,1
P04351,TOR_20260916_1_PA014,TOR_20260916_1,B012,Kazuma Okamoto,2026-09-16,Validation,1,Detroit Tigers,4,8,3,2,0,0,0,9.0,1,Observed,1,1,1
P04352,TOR_20260916_1_PA015,TOR_20260916_1,B011,Josh H. Smith,2026-09-16,Validation,1,Detroit Tigers,4,1,0,0,0,1,0,16.0,4,Observed,1,1,1
P04353,TOR_20260916_1_PA015,TOR_20260916_1,B011,Josh H. Smith,2026-09-16,Validation,1,Detroit Tigers,4,2,0,1,0,1,0,16.0,4,Observed,1,1,1
P04354,TOR_20260916_1_PA015,TOR_20260916_1,B011,Josh H. Smith,2026-09-16,Validation,1,Detroit Tigers,4,3,0,2,0,1,0,14.0,3,Observed,1,1,1
P04355,TOR_20260916_1_PA015,TOR_20260916_1,B011,Josh H. Smith,2026-09-16,Validation,1,Detroit Tigers,4,4,1,2,0,1,0,27.0,4,Observed,1,1,1
P04356,TOR_20260916_1_PA015,TOR_20260916_1,B011,Josh H. Smith,2026-09-16,Validation,1,Detroit Tigers,4,5,1,2,0,1,0,13.0,3,Observed,1,1,1
P04357,TOR_20260916_1_PA016,TOR_20260916_1,B008,Ernie Clement,2026-09-16,Validation,1,Detroit Tigers,4,1,0,0,1,2,0,14.0,0,Observed,1,1,1
P04358,TOR_20260916_1_PA016,TOR_20260916_1,B008,Ernie Clement,2026-09-16,Validation,1,Detroit Tigers,4,2,1,0,1,2,0,10.0,3,Observed,1,1,1
P04359,TOR_20260916_1_PA016,TOR_20260916_1,B008,Ernie Clement,2026-09-16,Validation,1,Detroit Tigers,4,3,1,1,1,2,0,13.0,0,Observed,1,1,1
P04360,TOR_20260916_1_PA017,TOR_20260916_1,B003,Brandon Valenzuela,2026-09-16,Validation,1,Detroit Tigers,4,1,0,0,1,1,0,14.0,1,Observed,1,1,1
P04361,TOR_20260916_1_PA017,TOR_20260916_1,B003,Brandon Valenzuela,2026-09-16,Validation,1,Detroit Tigers,4,2,1,0,1,1,0,10.0,1,Observed,1,1,1
P04362,TOR_20260916_1_PA017,TOR_20260916_1,B003,Brandon Valenzuela,2026-09-16,Validation,1,Detroit Tigers,4,3,2,0,1,1,0,16.0,1,Observed,1,1,1
P04363,TOR_20260916_1_PA017,TOR_20260916_1,B003,Brandon Valenzuela,2026-09-16,Validation,1,Detroit Tigers,4,4,2,1,1,1,0,16.0,1,Observed,1,1,1
P04364,TOR_20260916_1_PA017,TOR_20260916_1,B003,Brandon Valenzuela,2026-09-16,Validation,1,Detroit Tigers,4,5,2,2,1,1,0,17.0,0,Observed,1,1,1
P04365,TOR_20260916_1_PA017,TOR_20260916_1,B003,Brandon Valenzuela,2026-09-16,Validation,1,Detroit Tigers,4,6,3,2,1,1,0,37.0,1,Observed,1,1,1
P04366,TOR_20260916_1_PA018,TOR_20260916_1,B013,Myles Straw,2026-09-16,Validation,1,Detroit Tigers,4,1,0,0,1,1,0,9.0,0,Observed,1,1,1
P04367,TOR_20260916_1_PA018,TOR_20260916_1,B013,Myles Straw,2026-09-16,Validation,1,Detroit Tigers,4,2,0,1,1,1,0,17.0,1,Observed,1,1,1
P04368,TOR_20260916_1_PA018,TOR_20260916_1,B013,Myles Straw,2026-09-16,Validation,1,Detroit Tigers,4,3,1,1,1,1,0,15.0,1,Observed,1,1,1
P04369,TOR_20260916_1_PA018,TOR_20260916_1,B013,Myles Straw,2026-09-16,Validation,1,Detroit Tigers,4,4,1,2,1,1,0,11.0,1,Observed,1,1,1
P04370,TOR_20260916_1_PA018,TOR_20260916_1,B013,Myles Straw,2026-09-16,Validation,1,Detroit Tigers,4,5,2,2,1,1,0,21.0,1,Observed,1,1,1
P04371,TOR_20260916_1_PA019,TOR_20260916_1,B004,Brett Bateman,2026-09-16,Validation,1,Detroit Tigers,5,1,0,0,0,0,0,8.0,2,Observed,1,1,1
P04372,TOR_20260916_1_PA019,TOR_20260916_1,B004,Brett Bateman,2026-09-16,Validation,1,Detroit Tigers,5,2,0,1,0,0,0,12.0,0,Observed,1,1,1
P04373,TOR_20260916_1_PA019,TOR_20260916_1,B004,Brett Bateman,2026-09-16,Validation,1,Detroit Tigers,5,3,1,1,0,0,0,12.0,0,Observed,1,1,1
P04374,TOR_20260916_1_PA019,TOR_20260916_1,B004,Brett Bateman,2026-09-16,Validation,1,Detroit Tigers,5,4,2,1,0,0,0,11.0,0,Observed,1,1,1
P04375,TOR_20260916_1_PA020,TOR_20260916_1,B014,Nathan Lukes,2026-09-16,Validation,1,Detroit Tigers,5,1,0,0,0,1,0,11.0,3,Observed,1,1,1
P04376,TOR_20260916_1_PA021,TOR_20260916_1,B017,Vladimir Guerrero Jr.,2026-09-16,Validation,1,Detroit Tigers,5,1,0,0,1,2,0,13.0,2,Observed,1,1,1
P04377,TOR_20260916_1_PA021,TOR_20260916_1,B017,Vladimir Guerrero Jr.,2026-09-16,Validation,1,Detroit Tigers,5,2,0,1,1,2,0,20.0,2,Observed,1,1,1
P04378,TOR_20260916_1_PA021,TOR_20260916_1,B017,Vladimir Guerrero Jr.,2026-09-16,Validation,1,Detroit Tigers,5,3,1,1,1,2,0,10.0,2,Observed,1,1,1
P04379,TOR_20260916_1_PA021,TOR_20260916_1,B017,Vladimir Guerrero Jr.,2026-09-16,Validation,1,Detroit Tigers,5,4,1,2,1,2,0,20.0,1,Observed,1,1,1
P04380,TOR_20260916_1_PA022,TOR_20260916_1,B009,George Springer,2026-09-16,Validation,1,Detroit Tigers,5,1,0,0,1,2,0,17.0,2,Observed,1,1,1
P04381,TOR_20260916_1_PA023,TOR_20260916_1,B012,Kazuma Okamoto,2026-09-16,Validation,1,Detroit Tigers,5,1,0,0,1,2,0,13.0,0,Observed,1,1,1
P04382,TOR_20260916_1_PA023,TOR_20260916_1,B012,Kazuma Okamoto,2026-09-16,Validation,1,Detroit Tigers,5,2,1,0,1,2,0,14.0,1,Observed,1,1,1
P04383,TOR_20260916_1_PA024,TOR_20260916_1,B011,Josh H. Smith,2026-09-16,Validation,1,Detroit Tigers,6,1,0,0,0,0,0,21.0,3,Observed,1,1,1
P04384,TOR_20260916_1_PA025,TOR_20260916_1,B008,Ernie Clement,2026-09-16,Validation,1,Detroit Tigers,6,1,0,0,0,0,0,13.0,1,Observed,1,1,1
P04385,TOR_20260916_1_PA025,TOR_20260916_1,B008,Ernie Clement,2026-09-16,Validation,1,Detroit Tigers,6,2,1,0,0,0,0,13.0,3,Observed,1,1,1
P04386,TOR_20260916_1_PA025,TOR_20260916_1,B008,Ernie Clement,2026-09-16,Validation,1,Detroit Tigers,6,3,2,0,0,0,0,12.0,0,Observed,1,1,1
P04387,TOR_20260916_1_PA025,TOR_20260916_1,B008,Ernie Clement,2026-09-16,Validation,1,Detroit Tigers,6,4,3,0,0,0,0,13.0,1,Observed,1,1,1
P04388,TOR_20260916_1_PA025,TOR_20260916_1,B008,Ernie Clement,2026-09-16,Validation,1,Detroit Tigers,6,5,3,1,0,0,0,16.0,0,Observed,1,1,1
P04389,TOR_20260916_1_PA026,TOR_20260916_1,B003,Brandon Valenzuela,2026-09-16,Validation,1,Detroit Tigers,6,1,0,0,0,1,0,16.0,1,Observed,1,1,1
P04390,TOR_20260916_1_PA027,TOR_20260916_1,B013,Myles Straw,2026-09-16,Validation,1,Detroit Tigers,6,1,0,0,1,1,0,9.0,0,Observed,1,1,1
P04391,TOR_20260916_1_PA027,TOR_20260916_1,B013,Myles Straw,2026-09-16,Validation,1,Detroit Tigers,6,2,0,1,1,1,0,14.0,1,Observed,1,1,1
P04392,TOR_20260916_1_PA028,TOR_20260916_1,B004,Brett Bateman,2026-09-16,Validation,1,Detroit Tigers,6,1,0,0,1,2,0,19.0,1,Observed,1,1,1
P04393,TOR_20260916_1_PA028,TOR_20260916_1,B004,Brett Bateman,2026-09-16,Validation,1,Detroit Tigers,6,2,0,1,1,2,0,10.0,0,Observed,1,1,1
P04394,TOR_20260916_1_PA029,TOR_20260916_1,B014,Nathan Lukes,2026-09-16,Validation,1,Detroit Tigers,6,1,0,0,1,2,0,21.0,4,Observed,1,1,1
P04395,TOR_20260916_1_PA029,TOR_20260916_1,B014,Nathan Lukes,2026-09-16,Validation,1,Detroit Tigers,6,2,0,1,1,2,0,11.0,4,Observed,1,1,1
P04396,TOR_20260916_1_PA030,TOR_20260916_1,B017,Vladimir Guerrero Jr.,2026-09-16,Validation,1,Detroit Tigers,6,1,0,0,1,2,0,13.0,3,Observed,1,1,1
P04397,TOR_20260916_1_PA030,TOR_20260916_1,B017,Vladimir Guerrero Jr.,2026-09-16,Validation,1,Detroit Tigers,6,2,1,0,1,2,0,12.0,0,Observed,1,1,1
P04398,TOR_20260916_1_PA030,TOR_20260916_1,B017,Vladimir Guerrero Jr.,2026-09-16,Validation,1,Detroit Tigers,6,3,1,1,1,2,0,10.0,1,Observed,1,1,1
P04399,TOR_20260916_1_PA031,TOR_20260916_1,B009,George Springer,2026-09-16,Validation,1,Detroit Tigers,7,1,0,0,0,0,0,12.0,1,Observed,1,1,1
P04400,TOR_20260916_1_PA031,TOR_20260916_1,B009,George Springer,2026-09-16,Validation,1,Detroit Tigers,7,2,0,1,0,0,0,11.0,1,Observed,1,1,1
P04401,TOR_20260916_1_PA032,TOR_20260916_1,B012,Kazuma Okamoto,2026-09-16,Validation,1,Detroit Tigers,7,1,0,0,0,0,0,16.0,0,Observed,1,1,1
P04402,TOR_20260916_1_PA032,TOR_20260916_1,B012,Kazuma Okamoto,2026-09-16,Validation,1,Detroit Tigers,7,2,0,1,0,0,0,14.0,1,Observed,1,1,1
P04403,TOR_20260916_1_PA032,TOR_20260916_1,B012,Kazuma Okamoto,2026-09-16,Validation,1,Detroit Tigers,7,3,0,2,0,0,0,14.0,1,Observed,1,1,1
P04404,TOR_20260916_1_PA032,TOR_20260916_1,B012,Kazuma Okamoto,2026-09-16,Validation,1,Detroit Tigers,7,4,0,2,0,0,0,14.0,1,Observed,1,1,1
P04405,TOR_20260916_1_PA032,TOR_20260916_1,B012,Kazuma Okamoto,2026-09-16,Validation,1,Detroit Tigers,7,5,0,2,0,0,0,13.0,0,Observed,1,1,1
P04406,TOR_20260916_1_PA033,TOR_20260916_1,B011,Josh H. Smith,2026-09-16,Validation,1,Detroit Tigers,7,1,0,0,0,0,0,11.0,2,Observed,1,1,1
P04407,TOR_20260916_1_PA033,TOR_20260916_1,B011,Josh H. Smith,2026-09-16,Validation,1,Detroit Tigers,7,2,0,1,0,0,0,16.0,1,Observed,1,1,1
P04408,TOR_20260916_1_PA033,TOR_20260916_1,B011,Josh H. Smith,2026-09-16,Validation,1,Detroit Tigers,7,3,1,1,0,0,0,17.0,3,Observed,1,1,1
P04409,TOR_20260916_1_PA033,TOR_20260916_1,B011,Josh H. Smith,2026-09-16,Validation,1,Detroit Tigers,7,4,2,1,0,0,0,19.0,4,Observed,1,1,1
P04410,TOR_20260916_1_PA034,TOR_20260916_1,B008,Ernie Clement,2026-09-16,Validation,1,Detroit Tigers,8,1,0,0,0,0,0,9.0,1,Observed,1,1,1
P04411,TOR_20260916_1_PA034,TOR_20260916_1,B008,Ernie Clement,2026-09-16,Validation,1,Detroit Tigers,8,2,1,0,0,0,0,15.0,1,Observed,1,1,1
P04412,TOR_20260916_1_PA035,TOR_20260916_1,B003,Brandon Valenzuela,2026-09-16,Validation,1,Detroit Tigers,8,1,0,0,0,0,0,14.0,0,Observed,1,1,1
P04413,TOR_20260916_1_PA035,TOR_20260916_1,B003,Brandon Valenzuela,2026-09-16,Validation,1,Detroit Tigers,8,2,1,0,0,0,0,14.0,2,Observed,1,1,1
P04414,TOR_20260916_1_PA035,TOR_20260916_1,B003,Brandon Valenzuela,2026-09-16,Validation,1,Detroit Tigers,8,3,1,1,0,0,0,15.0,3,Observed,1,1,1
P04415,TOR_20260916_1_PA035,TOR_20260916_1,B003,Brandon Valenzuela,2026-09-16,Validation,1,Detroit Tigers,8,4,2,1,0,0,0,13.0,2,Observed,1,1,1
P04416,TOR_20260916_1_PA035,TOR_20260916_1,B003,Brandon Valenzuela,2026-09-16,Validation,1,Detroit Tigers,8,5,3,1,0,0,0,19.0,3,Observed,1,1,1
P04417,TOR_20260916_1_PA035,TOR_20260916_1,B003,Brandon Valenzuela,2026-09-16,Validation,1,Detroit Tigers,8,6,3,2,0,0,0,11.0,0,Observed,1,1,1
P04418,TOR_20260916_1_PA036,TOR_20260916_1,B013,Myles Straw,2026-09-16,Validation,1,Detroit Tigers,8,1,0,0,0,1,0,13.0,3,Observed,1,1,1
P04419,TOR_20260916_1_PA036,TOR_20260916_1,B013,Myles Straw,2026-09-16,Validation,1,Detroit Tigers,8,2,0,1,0,1,0,18.0,1,Observed,1,1,1
P04420,TOR_20260916_1_PA036,TOR_20260916_1,B013,Myles Straw,2026-09-16,Validation,1,Detroit Tigers,8,3,1,1,0,1,0,15.0,0,Observed,1,1,1
P04421,TOR_20260916_1_PA036,TOR_20260916_1,B013,Myles Straw,2026-09-16,Validation,1,Detroit Tigers,8,4,2,1,0,1,0,12.0,0,Observed,1,1,1
P04422,TOR_20260916_1_PA036,TOR_20260916_1,B013,Myles Straw,2026-09-16,Validation,1,Detroit Tigers,8,5,2,2,0,1,0,17.0,2,Observed,1,1,1
P04423,TOR_20260918_1_PA001,TOR_20260918_1,B004,Brett Bateman,2026-09-18,Validation,0,Texas Rangers,1,1,0,0,0,0,0,12.0,1,Observed,1,1,1
P04424,TOR_20260918_1_PA001,TOR_20260918_1,B004,Brett Bateman,2026-09-18,Validation,0,Texas Rangers,1,2,0,1,0,0,0,12.0,0,Observed,1,1,1
P04425,TOR_20260918_1_PA001,TOR_20260918_1,B004,Brett Bateman,2026-09-18,Validation,0,Texas Rangers,1,3,1,1,0,0,0,10.0,1,Observed,1,1,1
P04426,TOR_20260918_1_PA001,TOR_20260918_1,B004,Brett Bateman,2026-09-18,Validation,0,Texas Rangers,1,4,2,1,0,0,0,16.0,0,Observed,1,1,1
P04427,TOR_20260918_1_PA002,TOR_20260918_1,B014,Nathan Lukes,2026-09-18,Validation,0,Texas Rangers,1,1,0,0,0,0,0,10.0,3,Observed,1,1,1
P04428,TOR_20260918_1_PA002,TOR_20260918_1,B014,Nathan Lukes,2026-09-18,Validation,0,Texas Rangers,1,2,1,0,0,0,0,14.0,4,Observed,1,1,1
P04429,TOR_20260918_1_PA002,TOR_20260918_1,B014,Nathan Lukes,2026-09-18,Validation,0,Texas Rangers,1,3,1,1,0,0,0,14.0,2,Observed,1,1,1
P04430,TOR_20260918_1_PA002,TOR_20260918_1,B014,Nathan Lukes,2026-09-18,Validation,0,Texas Rangers,1,4,2,1,0,0,0,14.0,2,Observed,1,1,1
P04431,TOR_20260918_1_PA002,TOR_20260918_1,B014,Nathan Lukes,2026-09-18,Validation,0,Texas Rangers,1,5,2,2,0,0,0,20.0,4,Observed,1,1,1
P04432,TOR_20260918_1_PA003,TOR_20260918_1,B017,Vladimir Guerrero Jr.,2026-09-18,Validation,0,Texas Rangers,1,1,0,0,0,0,0,11.0,1,Observed,1,1,1
P04433,TOR_20260918_1_PA003,TOR_20260918_1,B017,Vladimir Guerrero Jr.,2026-09-18,Validation,0,Texas Rangers,1,2,0,1,0,0,0,8.0,1,Observed,1,1,1
P04434,TOR_20260918_1_PA003,TOR_20260918_1,B017,Vladimir Guerrero Jr.,2026-09-18,Validation,0,Texas Rangers,1,3,0,2,0,0,0,15.0,1,Observed,1,1,1
P04435,TOR_20260918_1_PA004,TOR_20260918_1,B009,George Springer,2026-09-18,Validation,0,Texas Rangers,2,1,0,0,0,0,0,10.0,2,Observed,1,1,1
P04436,TOR_20260918_1_PA004,TOR_20260918_1,B009,George Springer,2026-09-18,Validation,0,Texas Rangers,2,2,1,0,0,0,0,15.0,0,Observed,1,1,1
P04437,TOR_20260918_1_PA005,TOR_20260918_1,B001,Alejandro Kirk,2026-09-18,Validation,0,Texas Rangers,2,1,0,0,0,0,0,12.0,3,Observed,1,1,1
P04438,TOR_20260918_1_PA005,TOR_20260918_1,B001,Alejandro Kirk,2026-09-18,Validation,0,Texas Rangers,2,2,0,1,0,0,0,13.0,2,Observed,1,1,1
P04439,TOR_20260918_1_PA005,TOR_20260918_1,B001,Alejandro Kirk,2026-09-18,Validation,0,Texas Rangers,2,3,0,2,0,0,0,14.0,1,Observed,1,1,1
P04440,TOR_20260918_1_PA005,TOR_20260918_1,B001,Alejandro Kirk,2026-09-18,Validation,0,Texas Rangers,2,4,1,2,0,0,0,16.0,4,Observed,1,1,1
P04441,TOR_20260918_1_PA006,TOR_20260918_1,B012,Kazuma Okamoto,2026-09-18,Validation,0,Texas Rangers,2,1,0,0,0,1,0,16.0,2,Observed,1,1,1
P04442,TOR_20260918_1_PA007,TOR_20260918_1,B011,Josh H. Smith,2026-09-18,Validation,0,Texas Rangers,2,1,0,0,1,2,0,16.0,4,Observed,1,1,1
P04443,TOR_20260918_1_PA007,TOR_20260918_1,B011,Josh H. Smith,2026-09-18,Validation,0,Texas Rangers,2,2,0,1,1,2,0,15.0,3,Observed,1,1,1
P04444,TOR_20260918_1_PA007,TOR_20260918_1,B011,Josh H. Smith,2026-09-18,Validation,0,Texas Rangers,2,3,1,1,1,2,0,17.0,1,Observed,1,1,1
P04445,TOR_20260918_1_PA007,TOR_20260918_1,B011,Josh H. Smith,2026-09-18,Validation,0,Texas Rangers,2,4,1,2,1,2,0,18.0,5,Observed,1,1,1
P04446,TOR_20260918_1_PA007,TOR_20260918_1,B011,Josh H. Smith,2026-09-18,Validation,0,Texas Rangers,2,5,2,2,1,2,0,19.0,4,Observed,1,1,1
P04447,TOR_20260918_1_PA007,TOR_20260918_1,B011,Josh H. Smith,2026-09-18,Validation,0,Texas Rangers,2,6,2,2,1,2,0,13.0,3,Observed,1,1,1
P04448,TOR_20260918_1_PA008,TOR_20260918_1,B008,Ernie Clement,2026-09-18,Validation,0,Texas Rangers,2,1,0,0,1,2,0,12.0,1,Observed,1,1,1
P04449,TOR_20260918_1_PA008,TOR_20260918_1,B008,Ernie Clement,2026-09-18,Validation,0,Texas Rangers,2,2,0,1,1,2,0,10.0,1,Observed,1,1,1
P04450,TOR_20260918_1_PA008,TOR_20260918_1,B008,Ernie Clement,2026-09-18,Validation,0,Texas Rangers,2,3,0,2,1,2,0,12.0,2,Observed,1,1,1
P04451,TOR_20260918_1_PA009,TOR_20260918_1,B013,Myles Straw,2026-09-18,Validation,0,Texas Rangers,3,1,0,0,0,0,0,13.0,1,Observed,1,1,1
P04452,TOR_20260918_1_PA009,TOR_20260918_1,B013,Myles Straw,2026-09-18,Validation,0,Texas Rangers,3,2,1,0,0,0,0,16.0,1,Observed,1,1,1
P04453,TOR_20260918_1_PA009,TOR_20260918_1,B013,Myles Straw,2026-09-18,Validation,0,Texas Rangers,3,3,2,0,0,0,0,15.0,1,Observed,1,1,1
P04454,TOR_20260918_1_PA009,TOR_20260918_1,B013,Myles Straw,2026-09-18,Validation,0,Texas Rangers,3,4,2,1,0,0,0,15.0,1,Observed,1,1,1
P04455,TOR_20260918_1_PA009,TOR_20260918_1,B013,Myles Straw,2026-09-18,Validation,0,Texas Rangers,3,5,3,1,0,0,0,12.0,0,Observed,1,1,1
P04456,TOR_20260918_1_PA009,TOR_20260918_1,B013,Myles Straw,2026-09-18,Validation,0,Texas Rangers,3,6,3,2,0,0,0,10.0,1,Observed,1,1,1
P04457,TOR_20260918_1_PA010,TOR_20260918_1,B004,Brett Bateman,2026-09-18,Validation,0,Texas Rangers,3,1,0,0,0,0,0,14.0,2,Observed,1,1,1
P04458,TOR_20260918_1_PA010,TOR_20260918_1,B004,Brett Bateman,2026-09-18,Validation,0,Texas Rangers,3,2,0,1,0,0,0,10.0,0,Observed,1,1,1
P04459,TOR_20260918_1_PA010,TOR_20260918_1,B004,Brett Bateman,2026-09-18,Validation,0,Texas Rangers,3,3,1,1,0,0,0,13.0,0,Observed,1,1,1
P04460,TOR_20260918_1_PA011,TOR_20260918_1,B014,Nathan Lukes,2026-09-18,Validation,0,Texas Rangers,3,1,0,0,0,0,0,13.0,2,Observed,1,1,1
P04461,TOR_20260918_1_PA011,TOR_20260918_1,B014,Nathan Lukes,2026-09-18,Validation,0,Texas Rangers,3,2,1,0,0,0,0,14.0,3,Observed,1,1,1
P04462,TOR_20260918_1_PA011,TOR_20260918_1,B014,Nathan Lukes,2026-09-18,Validation,0,Texas Rangers,3,3,1,1,0,0,0,16.0,4,Observed,1,1,1
P04463,TOR_20260918_1_PA011,TOR_20260918_1,B014,Nathan Lukes,2026-09-18,Validation,0,Texas Rangers,3,4,1,2,0,0,0,14.0,4,Observed,1,1,1
P04464,TOR_20260918_1_PA011,TOR_20260918_1,B014,Nathan Lukes,2026-09-18,Validation,0,Texas Rangers,3,5,1,2,0,0,0,20.0,4,Observed,1,1,1
P04465,TOR_20260918_1_PA012,TOR_20260918_1,B017,Vladimir Guerrero Jr.,2026-09-18,Validation,0,Texas Rangers,4,1,0,0,0,0,0,17.0,3,Observed,1,1,1
P04466,TOR_20260918_1_PA012,TOR_20260918_1,B017,Vladimir Guerrero Jr.,2026-09-18,Validation,0,Texas Rangers,4,2,0,1,0,0,0,14.0,1,Observed,1,1,1
P04467,TOR_20260918_1_PA013,TOR_20260918_1,B009,George Springer,2026-09-18,Validation,0,Texas Rangers,4,1,0,0,0,0,0,18.0,0,Observed,1,1,1
P04468,TOR_20260918_1_PA013,TOR_20260918_1,B009,George Springer,2026-09-18,Validation,0,Texas Rangers,4,2,1,0,0,0,0,10.0,1,Observed,1,1,1
P04469,TOR_20260918_1_PA013,TOR_20260918_1,B009,George Springer,2026-09-18,Validation,0,Texas Rangers,4,3,1,1,0,0,0,10.0,1,Observed,1,1,1
P04470,TOR_20260918_1_PA013,TOR_20260918_1,B009,George Springer,2026-09-18,Validation,0,Texas Rangers,4,4,1,2,0,0,0,15.0,0,Observed,1,1,1
P04471,TOR_20260918_1_PA014,TOR_20260918_1,B001,Alejandro Kirk,2026-09-18,Validation,0,Texas Rangers,4,1,0,0,0,0,0,9.0,3,Observed,1,1,1
P04472,TOR_20260918_1_PA014,TOR_20260918_1,B001,Alejandro Kirk,2026-09-18,Validation,0,Texas Rangers,4,2,0,1,0,0,0,20.0,4,Observed,1,1,1
P04473,TOR_20260918_1_PA014,TOR_20260918_1,B001,Alejandro Kirk,2026-09-18,Validation,0,Texas Rangers,4,3,1,1,0,0,0,14.0,3,Observed,1,1,1
P04474,TOR_20260918_1_PA014,TOR_20260918_1,B001,Alejandro Kirk,2026-09-18,Validation,0,Texas Rangers,4,4,2,1,0,0,0,15.0,3,Observed,1,1,1
P04475,TOR_20260918_1_PA014,TOR_20260918_1,B001,Alejandro Kirk,2026-09-18,Validation,0,Texas Rangers,4,5,2,2,0,0,0,14.0,3,Observed,1,1,1
P04476,TOR_20260918_1_PA014,TOR_20260918_1,B001,Alejandro Kirk,2026-09-18,Validation,0,Texas Rangers,4,6,2,2,0,0,0,13.0,3,Observed,1,1,1
P04477,TOR_20260918_1_PA014,TOR_20260918_1,B001,Alejandro Kirk,2026-09-18,Validation,0,Texas Rangers,4,7,2,2,0,0,0,12.0,2,Observed,1,1,1
P04478,TOR_20260918_1_PA014,TOR_20260918_1,B001,Alejandro Kirk,2026-09-18,Validation,0,Texas Rangers,4,8,2,2,0,0,0,17.0,3,Observed,1,1,1
P04479,TOR_20260918_1_PA015,TOR_20260918_1,B012,Kazuma Okamoto,2026-09-18,Validation,0,Texas Rangers,5,1,0,0,0,0,0,27.0,0,Observed,1,1,1
P04480,TOR_20260918_1_PA015,TOR_20260918_1,B012,Kazuma Okamoto,2026-09-18,Validation,0,Texas Rangers,5,2,1,0,0,0,0,10.0,3,Observed,1,1,1
P04481,TOR_20260918_1_PA015,TOR_20260918_1,B012,Kazuma Okamoto,2026-09-18,Validation,0,Texas Rangers,5,3,1,1,0,0,0,10.0,1,Observed,1,1,1
P04482,TOR_20260918_1_PA015,TOR_20260918_1,B012,Kazuma Okamoto,2026-09-18,Validation,0,Texas Rangers,5,4,1,2,0,0,0,8.0,1,Observed,1,1,1
P04483,TOR_20260918_1_PA015,TOR_20260918_1,B012,Kazuma Okamoto,2026-09-18,Validation,0,Texas Rangers,5,5,2,2,0,0,0,15.0,1,Observed,1,1,1
P04484,TOR_20260918_1_PA015,TOR_20260918_1,B012,Kazuma Okamoto,2026-09-18,Validation,0,Texas Rangers,5,6,2,2,0,0,0,15.0,0,Observed,1,1,1
P04485,TOR_20260918_1_PA015,TOR_20260918_1,B012,Kazuma Okamoto,2026-09-18,Validation,0,Texas Rangers,5,7,3,2,0,0,0,14.0,1,Observed,1,1,1
P04486,TOR_20260918_1_PA015,TOR_20260918_1,B012,Kazuma Okamoto,2026-09-18,Validation,0,Texas Rangers,5,8,3,2,0,0,0,9.0,1,Observed,1,1,1
P04487,TOR_20260918_1_PA016,TOR_20260918_1,B011,Josh H. Smith,2026-09-18,Validation,0,Texas Rangers,5,1,0,0,0,1,0,10.0,2,Observed,1,1,1
P04488,TOR_20260918_1_PA016,TOR_20260918_1,B011,Josh H. Smith,2026-09-18,Validation,0,Texas Rangers,5,2,1,0,0,1,0,11.0,2,Observed,1,1,1
P04489,TOR_20260918_1_PA016,TOR_20260918_1,B011,Josh H. Smith,2026-09-18,Validation,0,Texas Rangers,5,3,2,0,0,1,0,28.0,5,Observed,1,1,1
P04490,TOR_20260918_1_PA016,TOR_20260918_1,B011,Josh H. Smith,2026-09-18,Validation,0,Texas Rangers,5,4,3,0,0,1,0,18.0,1,Observed,1,1,1
P04491,TOR_20260918_1_PA016,TOR_20260918_1,B011,Josh H. Smith,2026-09-18,Validation,0,Texas Rangers,5,5,3,1,0,1,0,18.0,3,Observed,1,1,1
P04492,TOR_20260918_1_PA016,TOR_20260918_1,B011,Josh H. Smith,2026-09-18,Validation,0,Texas Rangers,5,6,3,2,0,1,0,40.0,2,Observed,1,1,1
P04493,TOR_20260918_1_PA017,TOR_20260918_1,B008,Ernie Clement,2026-09-18,Validation,0,Texas Rangers,5,1,0,0,1,2,0,22.0,2,Observed,1,1,1
P04494,TOR_20260918_1_PA017,TOR_20260918_1,B008,Ernie Clement,2026-09-18,Validation,0,Texas Rangers,5,2,1,0,1,2,0,13.0,2,Observed,1,1,1
P04495,TOR_20260918_1_PA017,TOR_20260918_1,B008,Ernie Clement,2026-09-18,Validation,0,Texas Rangers,5,3,2,0,1,2,0,13.0,2,Observed,1,1,1
P04496,TOR_20260918_1_PA017,TOR_20260918_1,B008,Ernie Clement,2026-09-18,Validation,0,Texas Rangers,5,4,2,1,1,2,0,14.0,2,Observed,1,1,1
P04497,TOR_20260918_1_PA017,TOR_20260918_1,B008,Ernie Clement,2026-09-18,Validation,0,Texas Rangers,5,5,3,1,1,2,0,25.0,2,Observed,1,1,1
P04498,TOR_20260918_1_PA018,TOR_20260918_1,B013,Myles Straw,2026-09-18,Validation,0,Texas Rangers,5,1,0,0,1,2,0,13.0,1,Observed,1,1,1
P04499,TOR_20260918_1_PA018,TOR_20260918_1,B013,Myles Straw,2026-09-18,Validation,0,Texas Rangers,5,2,1,0,1,2,0,14.0,0,Observed,1,1,1
P04500,TOR_20260918_1_PA019,TOR_20260918_1,B004,Brett Bateman,2026-09-18,Validation,0,Texas Rangers,5,1,0,0,1,2,0,11.0,2,Observed,1,1,1
P04501,TOR_20260918_1_PA019,TOR_20260918_1,B004,Brett Bateman,2026-09-18,Validation,0,Texas Rangers,5,2,0,1,1,2,0,9.0,1,Observed,1,1,1
P04502,TOR_20260918_1_PA019,TOR_20260918_1,B004,Brett Bateman,2026-09-18,Validation,0,Texas Rangers,5,3,0,2,1,2,0,13.0,0,Observed,1,1,1
P04503,TOR_20260918_1_PA020,TOR_20260918_1,B006,Davis Schneider,2026-09-18,Validation,0,Texas Rangers,5,1,0,0,1,2,0,9.0,0,Observed,1,1,1
P04504,TOR_20260918_1_PA020,TOR_20260918_1,B006,Davis Schneider,2026-09-18,Validation,0,Texas Rangers,5,2,0,1,1,2,0,9.0,0,Observed,1,1,1
P04505,TOR_20260918_1_PA020,TOR_20260918_1,B006,Davis Schneider,2026-09-18,Validation,0,Texas Rangers,5,3,0,2,1,2,0,9.0,0,Observed,1,1,1
P04506,TOR_20260918_1_PA020,TOR_20260918_1,B006,Davis Schneider,2026-09-18,Validation,0,Texas Rangers,5,4,0,2,1,2,0,9.0,1,Observed,1,1,1
P04507,TOR_20260918_1_PA020,TOR_20260918_1,B006,Davis Schneider,2026-09-18,Validation,0,Texas Rangers,5,5,1,2,1,2,0,9.0,1,Observed,1,1,1
P04508,TOR_20260918_1_PA020,TOR_20260918_1,B006,Davis Schneider,2026-09-18,Validation,0,Texas Rangers,5,6,2,2,1,2,0,9.0,1,Observed,1,1,1
P04509,TOR_20260918_1_PA020,TOR_20260918_1,B006,Davis Schneider,2026-09-18,Validation,0,Texas Rangers,5,7,3,2,1,2,0,13.0,4,Observed,1,1,1
P04510,TOR_20260918_1_PA021,TOR_20260918_1,B017,Vladimir Guerrero Jr.,2026-09-18,Validation,0,Texas Rangers,6,1,0,0,0,0,0,12.0,1,Observed,1,1,1
P04511,TOR_20260918_1_PA021,TOR_20260918_1,B017,Vladimir Guerrero Jr.,2026-09-18,Validation,0,Texas Rangers,6,2,1,0,0,0,0,8.0,0,Observed,1,1,1
P04512,TOR_20260918_1_PA021,TOR_20260918_1,B017,Vladimir Guerrero Jr.,2026-09-18,Validation,0,Texas Rangers,6,3,1,1,0,0,0,13.0,4,Observed,1,1,1
P04513,TOR_20260918_1_PA022,TOR_20260918_1,B009,George Springer,2026-09-18,Validation,0,Texas Rangers,6,1,0,0,0,1,0,12.0,1,Observed,1,1,1
P04514,TOR_20260918_1_PA022,TOR_20260918_1,B009,George Springer,2026-09-18,Validation,0,Texas Rangers,6,2,1,0,0,1,0,14.0,3,Observed,1,1,1
P04515,TOR_20260918_1_PA023,TOR_20260918_1,B001,Alejandro Kirk,2026-09-18,Validation,0,Texas Rangers,6,1,0,0,0,1,0,13.0,3,Observed,1,1,1
P04516,TOR_20260918_1_PA023,TOR_20260918_1,B001,Alejandro Kirk,2026-09-18,Validation,0,Texas Rangers,6,2,1,0,0,1,0,7.0,1,Observed,1,1,1
P04517,TOR_20260918_1_PA023,TOR_20260918_1,B001,Alejandro Kirk,2026-09-18,Validation,0,Texas Rangers,6,3,1,1,0,1,0,13.0,2,Observed,1,1,1
P04518,TOR_20260918_1_PA023,TOR_20260918_1,B001,Alejandro Kirk,2026-09-18,Validation,0,Texas Rangers,6,4,1,2,0,1,0,10.0,4,Observed,1,1,1
P04519,TOR_20260918_1_PA023,TOR_20260918_1,B001,Alejandro Kirk,2026-09-18,Validation,0,Texas Rangers,6,5,2,2,0,1,0,11.0,2,Observed,1,1,1
P04520,TOR_20260918_1_PA023,TOR_20260918_1,B001,Alejandro Kirk,2026-09-18,Validation,0,Texas Rangers,6,6,3,2,0,1,0,14.0,3,Observed,1,1,1
P04521,TOR_20260918_1_PA023,TOR_20260918_1,B001,Alejandro Kirk,2026-09-18,Validation,0,Texas Rangers,6,7,3,2,0,1,0,14.0,3,Observed,1,1,1
P04522,TOR_20260918_1_PA023,TOR_20260918_1,B001,Alejandro Kirk,2026-09-18,Validation,0,Texas Rangers,6,8,3,2,0,1,0,15.0,3,Observed,1,1,1
P04523,TOR_20260918_1_PA024,TOR_20260918_1,B012,Kazuma Okamoto,2026-09-18,Validation,0,Texas Rangers,6,1,0,0,0,1,0,16.0,1,Observed,1,1,1
P04524,TOR_20260918_1_PA024,TOR_20260918_1,B012,Kazuma Okamoto,2026-09-18,Validation,0,Texas Rangers,6,2,0,1,0,1,0,11.0,1,Observed,1,1,1
P04525,TOR_20260918_1_PA024,TOR_20260918_1,B012,Kazuma Okamoto,2026-09-18,Validation,0,Texas Rangers,6,3,1,1,0,1,0,16.0,2,Observed,1,1,1
P04526,TOR_20260918_1_PA024,TOR_20260918_1,B012,Kazuma Okamoto,2026-09-18,Validation,0,Texas Rangers,6,4,1,2,0,1,0,17.0,2,Observed,1,1,1
P04527,TOR_20260918_1_PA025,TOR_20260918_1,B011,Josh H. Smith,2026-09-18,Validation,0,Texas Rangers,7,1,0,0,0,0,0,20.0,1,Observed,1,1,1
P04528,TOR_20260918_1_PA025,TOR_20260918_1,B011,Josh H. Smith,2026-09-18,Validation,0,Texas Rangers,7,2,0,1,0,0,0,13.0,2,Observed,1,1,1
P04529,TOR_20260918_1_PA025,TOR_20260918_1,B011,Josh H. Smith,2026-09-18,Validation,0,Texas Rangers,7,3,0,2,0,0,0,17.0,1,Observed,1,1,1
P04530,TOR_20260918_1_PA026,TOR_20260918_1,B008,Ernie Clement,2026-09-18,Validation,0,Texas Rangers,7,1,0,0,0,0,0,9.0,3,Observed,1,1,1
P04531,TOR_20260918_1_PA026,TOR_20260918_1,B008,Ernie Clement,2026-09-18,Validation,0,Texas Rangers,7,2,1,0,0,0,0,13.0,3,Observed,1,1,1
P04532,TOR_20260918_1_PA026,TOR_20260918_1,B008,Ernie Clement,2026-09-18,Validation,0,Texas Rangers,7,3,2,0,0,0,0,15.0,0,Observed,1,1,1
P04533,TOR_20260918_1_PA027,TOR_20260918_1,B013,Myles Straw,2026-09-18,Validation,0,Texas Rangers,7,1,0,0,0,0,0,10.0,1,Observed,1,1,1
P04534,TOR_20260918_1_PA028,TOR_20260918_1,B004,Brett Bateman,2026-09-18,Validation,0,Texas Rangers,7,1,0,0,0,1,0,13.0,2,Observed,1,1,1
P04535,TOR_20260918_1_PA028,TOR_20260918_1,B004,Brett Bateman,2026-09-18,Validation,0,Texas Rangers,7,2,0,1,0,1,0,13.0,0,Observed,1,1,1
P04536,TOR_20260918_1_PA028,TOR_20260918_1,B004,Brett Bateman,2026-09-18,Validation,0,Texas Rangers,7,3,0,2,0,1,0,14.0,1,Observed,1,1,1
P04537,TOR_20260918_1_PA029,TOR_20260918_1,B016,Sean Keys,2026-09-18,Validation,0,Texas Rangers,8,1,0,0,0,0,0,5.0,0,Observed,1,1,1
P04538,TOR_20260918_1_PA029,TOR_20260918_1,B016,Sean Keys,2026-09-18,Validation,0,Texas Rangers,8,2,0,1,0,0,0,4.0,0,Observed,1,1,1
P04539,TOR_20260918_1_PA030,TOR_20260918_1,B017,Vladimir Guerrero Jr.,2026-09-18,Validation,0,Texas Rangers,8,1,0,0,0,0,0,11.0,1,Observed,1,1,1
P04540,TOR_20260918_1_PA030,TOR_20260918_1,B017,Vladimir Guerrero Jr.,2026-09-18,Validation,0,Texas Rangers,8,2,0,1,0,0,0,24.0,0,Observed,1,1,1
P04541,TOR_20260918_1_PA031,TOR_20260918_1,B009,George Springer,2026-09-18,Validation,0,Texas Rangers,8,1,0,0,0,0,0,12.0,1,Observed,1,1,1
P04542,TOR_20260918_1_PA031,TOR_20260918_1,B009,George Springer,2026-09-18,Validation,0,Texas Rangers,8,2,0,1,0,0,0,15.0,0,Observed,1,1,1
P04543,TOR_20260918_1_PA031,TOR_20260918_1,B009,George Springer,2026-09-18,Validation,0,Texas Rangers,8,3,1,1,0,0,0,17.0,1,Observed,1,1,1
P04544,TOR_20260918_1_PA031,TOR_20260918_1,B009,George Springer,2026-09-18,Validation,0,Texas Rangers,8,4,1,2,0,0,0,14.0,0,Observed,1,1,1
P04545,TOR_20260918_1_PA031,TOR_20260918_1,B009,George Springer,2026-09-18,Validation,0,Texas Rangers,8,5,2,2,0,0,0,23.0,1,Observed,1,1,1
P04546,TOR_20260918_1_PA032,TOR_20260918_1,B001,Alejandro Kirk,2026-09-18,Validation,0,Texas Rangers,9,1,0,0,0,0,0,14.0,3,Observed,1,1,1
P04547,TOR_20260918_1_PA032,TOR_20260918_1,B001,Alejandro Kirk,2026-09-18,Validation,0,Texas Rangers,9,2,1,0,0,0,0,11.0,3,Observed,1,1,1
P04548,TOR_20260918_1_PA032,TOR_20260918_1,B001,Alejandro Kirk,2026-09-18,Validation,0,Texas Rangers,9,3,1,1,0,0,0,22.0,4,Observed,1,1,1
P04549,TOR_20260918_1_PA033,TOR_20260918_1,B012,Kazuma Okamoto,2026-09-18,Validation,0,Texas Rangers,9,1,0,0,0,0,0,13.0,0,Observed,1,1,1
P04550,TOR_20260918_1_PA033,TOR_20260918_1,B012,Kazuma Okamoto,2026-09-18,Validation,0,Texas Rangers,9,2,0,1,0,0,0,14.0,1,Observed,1,1,1
P04551,TOR_20260918_1_PA033,TOR_20260918_1,B012,Kazuma Okamoto,2026-09-18,Validation,0,Texas Rangers,9,3,0,2,0,0,0,15.0,0,Observed,1,1,1
P04552,TOR_20260918_1_PA033,TOR_20260918_1,B012,Kazuma Okamoto,2026-09-18,Validation,0,Texas Rangers,9,4,1,2,0,0,0,11.0,0,Observed,1,1,1
P04553,TOR_20260918_1_PA034,TOR_20260918_1,B011,Josh H. Smith,2026-09-18,Validation,0,Texas Rangers,9,1,0,0,0,0,0,12.0,1,Observed,1,1,1
P04554,TOR_20260918_1_PA034,TOR_20260918_1,B011,Josh H. Smith,2026-09-18,Validation,0,Texas Rangers,9,2,1,0,0,0,0,15.0,2,Observed,1,1,1
P04555,TOR_20260918_1_PA034,TOR_20260918_1,B011,Josh H. Smith,2026-09-18,Validation,0,Texas Rangers,9,3,2,0,0,0,0,40.0,2,Observed,1,1,1
P04556,TOR_20260918_1_PA034,TOR_20260918_1,B011,Josh H. Smith,2026-09-18,Validation,0,Texas Rangers,9,4,2,1,0,0,0,17.0,1,Observed,1,1,1
P04557,TOR_20260918_1_PA034,TOR_20260918_1,B011,Josh H. Smith,2026-09-18,Validation,0,Texas Rangers,9,5,2,2,0,0,0,19.0,1,Observed,1,1,1
P04558,TOR_20260918_1_PA034,TOR_20260918_1,B011,Josh H. Smith,2026-09-18,Validation,0,Texas Rangers,9,6,3,2,0,0,0,19.0,4,Observed,1,1,1
P04559,TOR_20260919_1_PA001,TOR_20260919_1,B004,Brett Bateman,2026-09-19,Validation,0,Texas Rangers,1,1,0,0,0,0,0,15.0,0,Observed,1,1,1
P04560,TOR_20260919_1_PA001,TOR_20260919_1,B004,Brett Bateman,2026-09-19,Validation,0,Texas Rangers,1,2,1,0,0,0,0,14.0,0,Observed,1,1,1
P04561,TOR_20260919_1_PA001,TOR_20260919_1,B004,Brett Bateman,2026-09-19,Validation,0,Texas Rangers,1,3,1,1,0,0,0,15.0,0,Observed,1,1,1
P04562,TOR_20260919_1_PA001,TOR_20260919_1,B004,Brett Bateman,2026-09-19,Validation,0,Texas Rangers,1,4,2,1,0,0,0,15.0,0,Observed,1,1,1
P04563,TOR_20260919_1_PA001,TOR_20260919_1,B004,Brett Bateman,2026-09-19,Validation,0,Texas Rangers,1,5,3,1,0,0,0,14.0,0,Observed,1,1,1
P04564,TOR_20260919_1_PA001,TOR_20260919_1,B004,Brett Bateman,2026-09-19,Validation,0,Texas Rangers,1,6,3,2,0,0,0,14.0,0,Observed,1,1,1
P04565,TOR_20260919_1_PA001,TOR_20260919_1,B004,Brett Bateman,2026-09-19,Validation,0,Texas Rangers,1,7,3,2,0,0,0,14.0,0,Observed,1,1,1
P04566,TOR_20260919_1_PA002,TOR_20260919_1,B017,Vladimir Guerrero Jr.,2026-09-19,Validation,0,Texas Rangers,1,1,0,0,0,0,0,16.0,1,Observed,1,1,1
P04567,TOR_20260919_1_PA002,TOR_20260919_1,B017,Vladimir Guerrero Jr.,2026-09-19,Validation,0,Texas Rangers,1,2,1,0,0,0,0,17.0,1,Observed,1,1,1
P04568,TOR_20260919_1_PA003,TOR_20260919_1,B001,Alejandro Kirk,2026-09-19,Validation,0,Texas Rangers,1,1,0,0,0,0,0,16.0,3,Observed,1,1,1
P04569,TOR_20260919_1_PA003,TOR_20260919_1,B001,Alejandro Kirk,2026-09-19,Validation,0,Texas Rangers,1,2,1,0,0,0,0,17.0,3,Observed,1,1,1
P04570,TOR_20260919_1_PA004,TOR_20260919_1,B009,George Springer,2026-09-19,Validation,0,Texas Rangers,2,1,0,0,0,0,0,14.0,1,Observed,1,1,1
P04571,TOR_20260919_1_PA005,TOR_20260919_1,B014,Nathan Lukes,2026-09-19,Validation,0,Texas Rangers,2,1,0,0,0,0,0,15.0,3,Observed,1,1,1
P04572,TOR_20260919_1_PA005,TOR_20260919_1,B014,Nathan Lukes,2026-09-19,Validation,0,Texas Rangers,2,2,0,1,0,0,0,16.0,3,Observed,1,1,1
P04573,TOR_20260919_1_PA005,TOR_20260919_1,B014,Nathan Lukes,2026-09-19,Validation,0,Texas Rangers,2,3,1,1,0,0,0,15.0,3,Observed,1,1,1
P04574,TOR_20260919_1_PA005,TOR_20260919_1,B014,Nathan Lukes,2026-09-19,Validation,0,Texas Rangers,2,4,1,2,0,0,0,16.0,3,Observed,1,1,1
P04575,TOR_20260919_1_PA006,TOR_20260919_1,B012,Kazuma Okamoto,2026-09-19,Validation,0,Texas Rangers,2,1,0,0,0,0,0,13.0,1,Observed,1,1,1
P04576,TOR_20260919_1_PA006,TOR_20260919_1,B012,Kazuma Okamoto,2026-09-19,Validation,0,Texas Rangers,2,2,0,1,0,0,0,14.0,1,Observed,1,1,1
P04577,TOR_20260919_1_PA006,TOR_20260919_1,B012,Kazuma Okamoto,2026-09-19,Validation,0,Texas Rangers,2,3,1,1,0,0,0,14.0,1,Observed,1,1,1
P04578,TOR_20260919_1_PA006,TOR_20260919_1,B012,Kazuma Okamoto,2026-09-19,Validation,0,Texas Rangers,2,4,2,1,0,0,0,13.0,1,Observed,1,1,1
P04579,TOR_20260919_1_PA006,TOR_20260919_1,B012,Kazuma Okamoto,2026-09-19,Validation,0,Texas Rangers,2,5,2,2,0,0,0,15.0,1,Observed,1,1,1
P04580,TOR_20260919_1_PA006,TOR_20260919_1,B012,Kazuma Okamoto,2026-09-19,Validation,0,Texas Rangers,2,6,2,2,0,0,0,15.0,1,Observed,1,1,1
P04581,TOR_20260919_1_PA007,TOR_20260919_1,B011,Josh H. Smith,2026-09-19,Validation,0,Texas Rangers,3,1,0,0,0,0,0,18.0,3,Observed,1,1,1
P04582,TOR_20260919_1_PA007,TOR_20260919_1,B011,Josh H. Smith,2026-09-19,Validation,0,Texas Rangers,3,2,0,1,0,0,0,18.0,3,Observed,1,1,1
P04583,TOR_20260919_1_PA007,TOR_20260919_1,B011,Josh H. Smith,2026-09-19,Validation,0,Texas Rangers,3,3,0,2,0,0,0,18.0,3,Observed,1,1,1
P04584,TOR_20260919_1_PA007,TOR_20260919_1,B011,Josh H. Smith,2026-09-19,Validation,0,Texas Rangers,3,4,1,2,0,0,0,20.0,3,Observed,1,1,1
P04585,TOR_20260919_1_PA007,TOR_20260919_1,B011,Josh H. Smith,2026-09-19,Validation,0,Texas Rangers,3,5,1,2,0,0,0,18.0,3,Observed,1,1,1
P04586,TOR_20260919_1_PA007,TOR_20260919_1,B011,Josh H. Smith,2026-09-19,Validation,0,Texas Rangers,3,6,2,2,0,0,0,20.0,3,Observed,1,1,1
P04587,TOR_20260919_1_PA007,TOR_20260919_1,B011,Josh H. Smith,2026-09-19,Validation,0,Texas Rangers,3,7,2,2,0,0,1,16.0,2,Observed,1,1,1
P04588,TOR_20260919_1_PA008,TOR_20260919_1,B002,Andrés Giménez,2026-09-19,Validation,0,Texas Rangers,3,1,0,0,0,0,0,13.0,1,Observed,1,1,1
P04589,TOR_20260919_1_PA008,TOR_20260919_1,B002,Andrés Giménez,2026-09-19,Validation,0,Texas Rangers,3,2,0,1,0,0,0,14.0,1,Observed,1,1,1
P04590,TOR_20260919_1_PA008,TOR_20260919_1,B002,Andrés Giménez,2026-09-19,Validation,0,Texas Rangers,3,3,0,2,0,0,0,14.0,1,Observed,1,1,1
P04591,TOR_20260919_1_PA008,TOR_20260919_1,B002,Andrés Giménez,2026-09-19,Validation,0,Texas Rangers,3,4,0,2,0,0,0,14.0,1,Observed,1,1,1
P04592,TOR_20260919_1_PA009,TOR_20260919_1,B013,Myles Straw,2026-09-19,Validation,0,Texas Rangers,3,1,0,0,0,0,0,15.0,1,Observed,1,1,1
P04593,TOR_20260919_1_PA009,TOR_20260919_1,B013,Myles Straw,2026-09-19,Validation,0,Texas Rangers,3,2,1,0,0,0,0,15.0,1,Observed,1,1,1
P04594,TOR_20260919_1_PA010,TOR_20260919_1,B004,Brett Bateman,2026-09-19,Validation,0,Texas Rangers,4,1,0,0,0,0,0,14.0,0,Observed,1,1,1
P04595,TOR_20260919_1_PA010,TOR_20260919_1,B004,Brett Bateman,2026-09-19,Validation,0,Texas Rangers,4,2,0,1,0,0,0,14.0,0,Observed,1,1,1
P04596,TOR_20260919_1_PA011,TOR_20260919_1,B017,Vladimir Guerrero Jr.,2026-09-19,Validation,0,Texas Rangers,4,1,0,0,0,0,0,16.0,1,Observed,1,1,1
P04597,TOR_20260919_1_PA011,TOR_20260919_1,B017,Vladimir Guerrero Jr.,2026-09-19,Validation,0,Texas Rangers,4,2,1,0,0,0,0,15.0,1,Observed,1,1,1
P04598,TOR_20260919_1_PA011,TOR_20260919_1,B017,Vladimir Guerrero Jr.,2026-09-19,Validation,0,Texas Rangers,4,3,1,1,0,0,0,16.0,1,Observed,1,1,1
P04599,TOR_20260919_1_PA011,TOR_20260919_1,B017,Vladimir Guerrero Jr.,2026-09-19,Validation,0,Texas Rangers,4,4,2,1,0,0,0,16.0,1,Observed,1,1,1
P04600,TOR_20260919_1_PA011,TOR_20260919_1,B017,Vladimir Guerrero Jr.,2026-09-19,Validation,0,Texas Rangers,4,5,3,1,0,0,0,14.0,1,Observed,1,1,1
P04601,TOR_20260919_1_PA011,TOR_20260919_1,B017,Vladimir Guerrero Jr.,2026-09-19,Validation,0,Texas Rangers,4,6,3,2,0,0,0,14.0,1,Observed,1,1,1
P04602,TOR_20260919_1_PA011,TOR_20260919_1,B017,Vladimir Guerrero Jr.,2026-09-19,Validation,0,Texas Rangers,4,7,3,2,0,0,0,16.0,1,Observed,1,1,1
P04603,TOR_20260919_1_PA012,TOR_20260919_1,B001,Alejandro Kirk,2026-09-19,Validation,0,Texas Rangers,4,1,0,0,0,1,0,14.0,3,Observed,1,1,1
P04604,TOR_20260919_1_PA012,TOR_20260919_1,B001,Alejandro Kirk,2026-09-19,Validation,0,Texas Rangers,4,2,0,1,0,1,0,14.0,3,Observed,1,1,1
P04605,TOR_20260919_1_PA012,TOR_20260919_1,B001,Alejandro Kirk,2026-09-19,Validation,0,Texas Rangers,4,3,0,2,0,1,0,17.0,3,Observed,1,1,1
P04606,TOR_20260919_1_PA013,TOR_20260919_1,B009,George Springer,2026-09-19,Validation,0,Texas Rangers,4,1,0,0,0,1,0,14.0,1,Observed,1,1,1
P04607,TOR_20260919_1_PA013,TOR_20260919_1,B009,George Springer,2026-09-19,Validation,0,Texas Rangers,4,2,1,0,0,1,0,14.0,1,Observed,1,1,1
P04608,TOR_20260919_1_PA013,TOR_20260919_1,B009,George Springer,2026-09-19,Validation,0,Texas Rangers,4,3,2,0,0,1,0,13.0,1,Observed,1,1,1
P04609,TOR_20260919_1_PA013,TOR_20260919_1,B009,George Springer,2026-09-19,Validation,0,Texas Rangers,4,4,2,1,0,1,0,14.0,1,Observed,1,1,1
P04610,TOR_20260919_1_PA013,TOR_20260919_1,B009,George Springer,2026-09-19,Validation,0,Texas Rangers,4,5,2,2,0,1,0,13.0,1,Observed,1,1,1
P04611,TOR_20260919_1_PA013,TOR_20260919_1,B009,George Springer,2026-09-19,Validation,0,Texas Rangers,4,6,2,2,0,1,0,14.0,1,Observed,1,1,1
P04612,TOR_20260919_1_PA014,TOR_20260919_1,B014,Nathan Lukes,2026-09-19,Validation,0,Texas Rangers,5,1,0,0,0,0,0,16.0,3,Observed,1,1,1
P04613,TOR_20260919_1_PA014,TOR_20260919_1,B014,Nathan Lukes,2026-09-19,Validation,0,Texas Rangers,5,2,1,0,0,0,0,15.0,3,Observed,1,1,1
P04614,TOR_20260919_1_PA014,TOR_20260919_1,B014,Nathan Lukes,2026-09-19,Validation,0,Texas Rangers,5,3,1,1,0,0,0,16.0,3,Observed,1,1,1
P04615,TOR_20260919_1_PA014,TOR_20260919_1,B014,Nathan Lukes,2026-09-19,Validation,0,Texas Rangers,5,4,2,1,0,0,0,16.0,3,Observed,1,1,1
P04616,TOR_20260919_1_PA014,TOR_20260919_1,B014,Nathan Lukes,2026-09-19,Validation,0,Texas Rangers,5,5,3,1,0,0,0,16.0,3,Observed,1,1,1
P04617,TOR_20260919_1_PA015,TOR_20260919_1,B012,Kazuma Okamoto,2026-09-19,Validation,0,Texas Rangers,5,1,0,0,0,0,0,13.0,1,Observed,1,1,1
P04618,TOR_20260919_1_PA015,TOR_20260919_1,B012,Kazuma Okamoto,2026-09-19,Validation,0,Texas Rangers,5,2,0,1,0,0,0,14.0,1,Observed,1,1,1
P04619,TOR_20260919_1_PA015,TOR_20260919_1,B012,Kazuma Okamoto,2026-09-19,Validation,0,Texas Rangers,5,3,1,1,0,0,0,15.0,1,Observed,1,1,1
P04620,TOR_20260919_1_PA015,TOR_20260919_1,B012,Kazuma Okamoto,2026-09-19,Validation,0,Texas Rangers,5,4,1,2,0,0,0,14.0,1,Observed,1,1,1
P04621,TOR_20260919_1_PA015,TOR_20260919_1,B012,Kazuma Okamoto,2026-09-19,Validation,0,Texas Rangers,5,5,2,2,0,0,0,15.0,1,Observed,1,1,1
P04622,TOR_20260919_1_PA016,TOR_20260919_1,B008,Ernie Clement,2026-09-19,Validation,0,Texas Rangers,5,1,0,0,0,0,0,15.0,0,Observed,1,1,1
P04623,TOR_20260919_1_PA017,TOR_20260919_1,B002,Andrés Giménez,2026-09-19,Validation,0,Texas Rangers,6,1,0,0,0,0,0,13.0,1,Observed,1,1,1
P04624,TOR_20260919_1_PA017,TOR_20260919_1,B002,Andrés Giménez,2026-09-19,Validation,0,Texas Rangers,6,2,0,1,0,0,0,14.0,1,Observed,1,1,1
P04625,TOR_20260919_1_PA017,TOR_20260919_1,B002,Andrés Giménez,2026-09-19,Validation,0,Texas Rangers,6,3,1,1,0,0,0,14.0,1,Observed,1,1,1
P04626,TOR_20260919_1_PA017,TOR_20260919_1,B002,Andrés Giménez,2026-09-19,Validation,0,Texas Rangers,6,4,1,2,0,0,0,15.0,3,Observed,1,1,1
P04627,TOR_20260919_1_PA018,TOR_20260919_1,B013,Myles Straw,2026-09-19,Validation,0,Texas Rangers,6,1,0,0,0,1,0,14.0,1,Observed,1,1,1
P04628,TOR_20260919_1_PA018,TOR_20260919_1,B013,Myles Straw,2026-09-19,Validation,0,Texas Rangers,6,2,0,1,0,1,0,14.0,1,Observed,1,1,1
P04629,TOR_20260919_1_PA018,TOR_20260919_1,B013,Myles Straw,2026-09-19,Validation,0,Texas Rangers,6,3,0,2,0,1,0,15.0,1,Observed,1,1,1
P04630,TOR_20260919_1_PA019,TOR_20260919_1,B004,Brett Bateman,2026-09-19,Validation,0,Texas Rangers,6,1,0,0,0,1,0,15.0,0,Observed,1,1,1
P04631,TOR_20260919_1_PA019,TOR_20260919_1,B004,Brett Bateman,2026-09-19,Validation,0,Texas Rangers,6,2,1,0,0,1,0,15.0,0,Observed,1,1,1
P04632,TOR_20260919_1_PA019,TOR_20260919_1,B004,Brett Bateman,2026-09-19,Validation,0,Texas Rangers,6,3,2,0,0,1,0,14.0,0,Observed,1,1,1
P04633,TOR_20260919_1_PA019,TOR_20260919_1,B004,Brett Bateman,2026-09-19,Validation,0,Texas Rangers,6,4,2,1,0,1,0,14.0,0,Observed,1,1,1
P04634,TOR_20260919_1_PA019,TOR_20260919_1,B004,Brett Bateman,2026-09-19,Validation,0,Texas Rangers,6,5,2,2,0,1,0,14.0,0,Observed,1,1,1
P04635,TOR_20260919_1_PA020,TOR_20260919_1,B017,Vladimir Guerrero Jr.,2026-09-19,Validation,0,Texas Rangers,6,1,0,0,1,2,0,15.0,1,Observed,1,1,1
P04636,TOR_20260919_1_PA020,TOR_20260919_1,B017,Vladimir Guerrero Jr.,2026-09-19,Validation,0,Texas Rangers,6,2,0,1,1,2,0,14.0,1,Observed,1,1,1
P04637,TOR_20260919_1_PA020,TOR_20260919_1,B017,Vladimir Guerrero Jr.,2026-09-19,Validation,0,Texas Rangers,6,3,0,2,1,2,0,17.0,1,Observed,1,1,1
P04638,TOR_20260919_1_PA021,TOR_20260919_1,B001,Alejandro Kirk,2026-09-19,Validation,0,Texas Rangers,6,1,0,0,1,2,0,14.0,3,Observed,1,1,1
P04639,TOR_20260919_1_PA021,TOR_20260919_1,B001,Alejandro Kirk,2026-09-19,Validation,0,Texas Rangers,6,2,0,1,1,2,0,17.0,3,Observed,1,1,1
P04640,TOR_20260919_1_PA022,TOR_20260919_1,B009,George Springer,2026-09-19,Validation,0,Texas Rangers,6,1,0,0,1,2,0,14.0,1,Observed,1,1,1
P04641,TOR_20260919_1_PA022,TOR_20260919_1,B009,George Springer,2026-09-19,Validation,0,Texas Rangers,6,2,1,0,1,2,0,14.0,1,Observed,1,1,1
P04642,TOR_20260919_1_PA022,TOR_20260919_1,B009,George Springer,2026-09-19,Validation,0,Texas Rangers,6,3,1,1,1,2,0,14.0,1,Observed,1,1,1
P04643,TOR_20260919_1_PA022,TOR_20260919_1,B009,George Springer,2026-09-19,Validation,0,Texas Rangers,6,4,1,2,1,2,0,14.0,1,Observed,1,1,1
P04644,TOR_20260919_1_PA022,TOR_20260919_1,B009,George Springer,2026-09-19,Validation,0,Texas Rangers,6,5,2,2,1,2,0,14.0,1,Observed,1,1,1
P04645,TOR_20260919_1_PA023,TOR_20260919_1,B006,Davis Schneider,2026-09-19,Validation,0,Texas Rangers,7,1,0,0,0,0,0,13.0,4,Observed,1,1,1
P04646,TOR_20260919_1_PA024,TOR_20260919_1,B012,Kazuma Okamoto,2026-09-19,Validation,0,Texas Rangers,7,1,0,0,0,0,0,13.0,1,Observed,1,1,1
P04647,TOR_20260919_1_PA024,TOR_20260919_1,B012,Kazuma Okamoto,2026-09-19,Validation,0,Texas Rangers,7,2,0,1,0,0,0,15.0,1,Observed,1,1,1
P04648,TOR_20260919_1_PA024,TOR_20260919_1,B012,Kazuma Okamoto,2026-09-19,Validation,0,Texas Rangers,7,3,0,2,0,0,0,15.0,1,Observed,1,1,1
P04649,TOR_20260919_1_PA024,TOR_20260919_1,B012,Kazuma Okamoto,2026-09-19,Validation,0,Texas Rangers,7,4,0,2,0,0,0,15.0,1,Observed,1,1,1
P04650,TOR_20260919_1_PA025,TOR_20260919_1,B008,Ernie Clement,2026-09-19,Validation,0,Texas Rangers,7,1,0,0,0,1,0,13.0,2,Observed,1,1,1
P04651,TOR_20260919_1_PA025,TOR_20260919_1,B008,Ernie Clement,2026-09-19,Validation,0,Texas Rangers,7,2,0,1,0,1,0,14.0,2,Observed,1,1,1
P04652,TOR_20260919_1_PA025,TOR_20260919_1,B008,Ernie Clement,2026-09-19,Validation,0,Texas Rangers,7,3,0,2,0,1,0,15.0,0,Observed,1,1,1
P04653,TOR_20260919_1_PA026,TOR_20260919_1,B002,Andrés Giménez,2026-09-19,Validation,0,Texas Rangers,7,1,0,0,0,0,0,15.0,1,Observed,1,1,1
P04654,TOR_20260919_1_PA026,TOR_20260919_1,B002,Andrés Giménez,2026-09-19,Validation,0,Texas Rangers,7,2,0,1,0,0,0,14.0,1,Observed,1,1,1
P04655,TOR_20260919_1_PA026,TOR_20260919_1,B002,Andrés Giménez,2026-09-19,Validation,0,Texas Rangers,7,3,0,2,0,0,0,14.0,1,Observed,1,1,1
P04656,TOR_20260919_1_PA026,TOR_20260919_1,B002,Andrés Giménez,2026-09-19,Validation,0,Texas Rangers,7,4,1,2,0,0,0,14.0,1,Observed,1,1,1
P04657,TOR_20260919_1_PA027,TOR_20260919_1,B013,Myles Straw,2026-09-19,Validation,0,Texas Rangers,8,1,0,0,0,0,0,13.0,0,Observed,1,1,1
P04658,TOR_20260919_1_PA027,TOR_20260919_1,B013,Myles Straw,2026-09-19,Validation,0,Texas Rangers,8,2,0,1,0,0,0,15.0,1,Observed,1,1,1
P04659,TOR_20260919_1_PA027,TOR_20260919_1,B013,Myles Straw,2026-09-19,Validation,0,Texas Rangers,8,3,1,1,0,0,0,15.0,1,Observed,1,1,1
P04660,TOR_20260919_1_PA027,TOR_20260919_1,B013,Myles Straw,2026-09-19,Validation,0,Texas Rangers,8,4,1,2,0,0,0,15.0,1,Observed,1,1,1
P04661,TOR_20260919_1_PA027,TOR_20260919_1,B013,Myles Straw,2026-09-19,Validation,0,Texas Rangers,8,5,2,2,0,0,0,15.0,1,Observed,1,1,1
P04662,TOR_20260919_1_PA027,TOR_20260919_1,B013,Myles Straw,2026-09-19,Validation,0,Texas Rangers,8,6,2,2,0,0,0,15.0,1,Observed,1,1,1
P04663,TOR_20260919_1_PA027,TOR_20260919_1,B013,Myles Straw,2026-09-19,Validation,0,Texas Rangers,8,7,3,2,0,0,0,15.0,1,Observed,1,1,1
P04664,TOR_20260919_1_PA027,TOR_20260919_1,B013,Myles Straw,2026-09-19,Validation,0,Texas Rangers,8,8,3,2,0,0,0,13.0,0,Observed,1,1,1
P04665,TOR_20260919_1_PA028,TOR_20260919_1,B004,Brett Bateman,2026-09-19,Validation,0,Texas Rangers,8,1,0,0,0,0,0,14.0,0,Observed,1,1,1
P04666,TOR_20260919_1_PA028,TOR_20260919_1,B004,Brett Bateman,2026-09-19,Validation,0,Texas Rangers,8,2,0,1,0,0,0,13.0,0,Observed,1,1,1
P04667,TOR_20260919_1_PA028,TOR_20260919_1,B004,Brett Bateman,2026-09-19,Validation,0,Texas Rangers,8,3,0,2,0,0,0,14.0,0,Observed,1,1,1
P04668,TOR_20260919_1_PA029,TOR_20260919_1,B017,Vladimir Guerrero Jr.,2026-09-19,Validation,0,Texas Rangers,8,1,0,0,0,0,0,17.0,1,Observed,1,1,1
P04669,TOR_20260919_1_PA030,TOR_20260919_1,B001,Alejandro Kirk,2026-09-19,Validation,0,Texas Rangers,8,1,0,0,0,1,0,14.0,3,Observed,1,1,1
P04670,TOR_20260919_1_PA030,TOR_20260919_1,B001,Alejandro Kirk,2026-09-19,Validation,0,Texas Rangers,8,2,0,1,0,1,0,14.0,3,Observed,1,1,1
P04671,TOR_20260919_1_PA030,TOR_20260919_1,B001,Alejandro Kirk,2026-09-19,Validation,0,Texas Rangers,8,3,0,2,0,1,0,16.0,3,Observed,1,1,1
P04672,TOR_20260919_1_PA030,TOR_20260919_1,B001,Alejandro Kirk,2026-09-19,Validation,0,Texas Rangers,8,4,1,2,0,1,0,16.0,3,Observed,1,1,1
P04673,TOR_20260919_1_PA030,TOR_20260919_1,B001,Alejandro Kirk,2026-09-19,Validation,0,Texas Rangers,8,5,2,2,0,1,0,17.0,3,Observed,1,1,1
P04674,TOR_20260919_1_PA031,TOR_20260919_1,B009,George Springer,2026-09-19,Validation,0,Texas Rangers,8,1,0,0,1,2,0,14.0,1,Observed,1,1,1
P04675,TOR_20260919_1_PA031,TOR_20260919_1,B009,George Springer,2026-09-19,Validation,0,Texas Rangers,8,2,0,1,1,2,0,14.0,1,Observed,1,1,1
P04676,TOR_20260919_1_PA032,TOR_20260919_1,B006,Davis Schneider,2026-09-19,Validation,0,Texas Rangers,9,1,0,0,0,0,0,10.0,2,Observed,1,1,1
P04677,TOR_20260919_1_PA032,TOR_20260919_1,B006,Davis Schneider,2026-09-19,Validation,0,Texas Rangers,9,2,1,0,0,0,0,10.0,1,Observed,1,1,1
P04678,TOR_20260919_1_PA032,TOR_20260919_1,B006,Davis Schneider,2026-09-19,Validation,0,Texas Rangers,9,3,1,1,0,0,0,10.0,0,Observed,1,1,1
P04679,TOR_20260919_1_PA032,TOR_20260919_1,B006,Davis Schneider,2026-09-19,Validation,0,Texas Rangers,9,4,1,2,0,0,0,10.0,0,Observed,1,1,1
P04680,TOR_20260919_1_PA032,TOR_20260919_1,B006,Davis Schneider,2026-09-19,Validation,0,Texas Rangers,9,5,1,2,0,0,0,13.0,3,Observed,1,1,1
P04681,TOR_20260919_1_PA033,TOR_20260919_1,B012,Kazuma Okamoto,2026-09-19,Validation,0,Texas Rangers,9,1,0,0,0,0,0,14.0,1,Observed,1,1,1
P04682,TOR_20260919_1_PA033,TOR_20260919_1,B012,Kazuma Okamoto,2026-09-19,Validation,0,Texas Rangers,9,2,1,0,0,0,0,15.0,1,Observed,1,1,1
P04683,TOR_20260919_1_PA034,TOR_20260919_1,B008,Ernie Clement,2026-09-19,Validation,0,Texas Rangers,9,1,0,0,0,0,1,14.0,1,Observed,1,1,1
P04684,TOR_20260919_1_PA034,TOR_20260919_1,B008,Ernie Clement,2026-09-19,Validation,0,Texas Rangers,9,2,0,1,0,0,0,15.0,0,Observed,1,1,1
P04685,TOR_20260920_1_PA001,TOR_20260920_1,B004,Brett Bateman,2026-09-20,Validation,0,Texas Rangers,1,1,0,0,0,0,0,14.0,0,Observed,1,1,1
P04686,TOR_20260920_1_PA001,TOR_20260920_1,B004,Brett Bateman,2026-09-20,Validation,0,Texas Rangers,1,2,0,1,0,0,0,15.0,0,Observed,1,1,1
P04687,TOR_20260920_1_PA001,TOR_20260920_1,B004,Brett Bateman,2026-09-20,Validation,0,Texas Rangers,1,3,1,1,0,0,0,14.0,0,Observed,1,1,1
P04688,TOR_20260920_1_PA001,TOR_20260920_1,B004,Brett Bateman,2026-09-20,Validation,0,Texas Rangers,1,4,1,2,0,0,0,15.0,0,Observed,1,1,1
P04689,TOR_20260920_1_PA001,TOR_20260920_1,B004,Brett Bateman,2026-09-20,Validation,0,Texas Rangers,1,5,2,2,0,0,0,15.0,0,Observed,1,1,1
P04690,TOR_20260920_1_PA001,TOR_20260920_1,B004,Brett Bateman,2026-09-20,Validation,0,Texas Rangers,1,6,3,2,0,0,0,15.0,0,Observed,1,1,1
P04691,TOR_20260920_1_PA002,TOR_20260920_1,B017,Vladimir Guerrero Jr.,2026-09-20,Validation,0,Texas Rangers,1,1,0,0,0,1,0,14.0,1,Observed,1,1,1
P04692,TOR_20260920_1_PA002,TOR_20260920_1,B017,Vladimir Guerrero Jr.,2026-09-20,Validation,0,Texas Rangers,1,2,0,1,0,1,0,17.0,1,Observed,1,1,1
P04693,TOR_20260920_1_PA003,TOR_20260920_1,B014,Nathan Lukes,2026-09-20,Validation,0,Texas Rangers,1,1,0,0,1,2,0,15.0,3,Observed,1,1,1
P04694,TOR_20260920_1_PA003,TOR_20260920_1,B014,Nathan Lukes,2026-09-20,Validation,0,Texas Rangers,1,2,0,1,1,2,0,16.0,3,Observed,1,1,1
P04695,TOR_20260920_1_PA004,TOR_20260920_1,B012,Kazuma Okamoto,2026-09-20,Validation,0,Texas Rangers,1,1,0,0,0,1,0,14.0,1,Observed,1,1,1
P04696,TOR_20260920_1_PA004,TOR_20260920_1,B012,Kazuma Okamoto,2026-09-20,Validation,0,Texas Rangers,1,2,1,0,0,1,0,15.0,1,Observed,1,1,1
P04697,TOR_20260920_1_PA004,TOR_20260920_1,B012,Kazuma Okamoto,2026-09-20,Validation,0,Texas Rangers,1,3,1,1,0,1,0,15.0,1,Observed,1,1,1
P04698,TOR_20260920_1_PA005,TOR_20260920_1,B016,Sean Keys,2026-09-20,Validation,0,Texas Rangers,1,1,0,0,0,1,0,4.0,0,Observed,1,1,1
P04699,TOR_20260920_1_PA005,TOR_20260920_1,B016,Sean Keys,2026-09-20,Validation,0,Texas Rangers,1,2,0,1,0,1,0,4.0,0,Observed,1,1,1
P04700,TOR_20260920_1_PA005,TOR_20260920_1,B016,Sean Keys,2026-09-20,Validation,0,Texas Rangers,1,3,0,2,0,1,0,5.0,0,Observed,1,1,1
P04701,TOR_20260920_1_PA006,TOR_20260920_1,B011,Josh H. Smith,2026-09-20,Validation,0,Texas Rangers,1,1,0,0,1,2,0,18.0,3,Observed,1,1,1
P04702,TOR_20260920_1_PA006,TOR_20260920_1,B011,Josh H. Smith,2026-09-20,Validation,0,Texas Rangers,1,2,0,1,1,2,0,16.0,2,Observed,1,1,1
P04703,TOR_20260920_1_PA006,TOR_20260920_1,B011,Josh H. Smith,2026-09-20,Validation,0,Texas Rangers,1,3,0,2,1,2,0,16.0,2,Observed,1,1,1
P04704,TOR_20260920_1_PA007,TOR_20260920_1,B002,Andrés Giménez,2026-09-20,Validation,0,Texas Rangers,2,1,0,0,0,0,0,14.0,1,Observed,1,1,1
P04705,TOR_20260920_1_PA008,TOR_20260920_1,B003,Brandon Valenzuela,2026-09-20,Validation,0,Texas Rangers,2,1,0,0,0,0,0,14.0,1,Observed,1,1,1
P04706,TOR_20260920_1_PA008,TOR_20260920_1,B003,Brandon Valenzuela,2026-09-20,Validation,0,Texas Rangers,2,2,1,0,0,0,0,14.0,1,Observed,1,1,1
P04707,TOR_20260920_1_PA008,TOR_20260920_1,B003,Brandon Valenzuela,2026-09-20,Validation,0,Texas Rangers,2,3,1,1,0,0,0,16.0,2,Observed,1,1,1
P04708,TOR_20260920_1_PA008,TOR_20260920_1,B003,Brandon Valenzuela,2026-09-20,Validation,0,Texas Rangers,2,4,1,2,0,0,0,14.0,1,Observed,1,1,1
P04709,TOR_20260920_1_PA008,TOR_20260920_1,B003,Brandon Valenzuela,2026-09-20,Validation,0,Texas Rangers,2,5,2,2,0,0,0,14.0,1,Observed,1,1,1
P04710,TOR_20260920_1_PA008,TOR_20260920_1,B003,Brandon Valenzuela,2026-09-20,Validation,0,Texas Rangers,2,6,3,2,0,0,0,14.0,1,Observed,1,1,1
P04711,TOR_20260920_1_PA009,TOR_20260920_1,B008,Ernie Clement,2026-09-20,Validation,0,Texas Rangers,2,1,0,0,0,1,0,14.0,2,Observed,1,1,1
P04712,TOR_20260920_1_PA009,TOR_20260920_1,B008,Ernie Clement,2026-09-20,Validation,0,Texas Rangers,2,2,0,1,0,1,0,14.0,1,Observed,1,1,1
P04713,TOR_20260920_1_PA009,TOR_20260920_1,B008,Ernie Clement,2026-09-20,Validation,0,Texas Rangers,2,3,1,1,0,1,0,15.0,0,Observed,1,1,1
P04714,TOR_20260920_1_PA010,TOR_20260920_1,B004,Brett Bateman,2026-09-20,Validation,0,Texas Rangers,2,1,0,0,0,1,0,13.0,0,Observed,1,1,1
P04715,TOR_20260920_1_PA010,TOR_20260920_1,B004,Brett Bateman,2026-09-20,Validation,0,Texas Rangers,2,2,0,1,0,1,0,15.0,0,Observed,1,1,1
P04716,TOR_20260920_1_PA010,TOR_20260920_1,B004,Brett Bateman,2026-09-20,Validation,0,Texas Rangers,2,3,1,1,0,1,0,14.0,0,Observed,1,1,1
P04717,TOR_20260920_1_PA011,TOR_20260920_1,B017,Vladimir Guerrero Jr.,2026-09-20,Validation,0,Texas Rangers,3,1,0,0,0,0,0,16.0,1,Observed,1,1,1
P04718,TOR_20260920_1_PA011,TOR_20260920_1,B017,Vladimir Guerrero Jr.,2026-09-20,Validation,0,Texas Rangers,3,2,1,0,0,0,0,14.0,1,Observed,1,1,1
P04719,TOR_20260920_1_PA011,TOR_20260920_1,B017,Vladimir Guerrero Jr.,2026-09-20,Validation,0,Texas Rangers,3,3,1,1,0,0,0,15.0,1,Observed,1,1,1
P04720,TOR_20260920_1_PA011,TOR_20260920_1,B017,Vladimir Guerrero Jr.,2026-09-20,Validation,0,Texas Rangers,3,4,1,2,0,0,0,14.0,1,Observed,1,1,1
P04721,TOR_20260920_1_PA011,TOR_20260920_1,B017,Vladimir Guerrero Jr.,2026-09-20,Validation,0,Texas Rangers,3,5,1,2,0,0,0,17.0,1,Observed,1,1,1
P04722,TOR_20260920_1_PA012,TOR_20260920_1,B014,Nathan Lukes,2026-09-20,Validation,0,Texas Rangers,3,1,0,0,0,0,0,15.0,3,Observed,1,1,1
P04723,TOR_20260920_1_PA012,TOR_20260920_1,B014,Nathan Lukes,2026-09-20,Validation,0,Texas Rangers,3,2,0,1,0,0,0,16.0,3,Observed,1,1,1
P04724,TOR_20260920_1_PA012,TOR_20260920_1,B014,Nathan Lukes,2026-09-20,Validation,0,Texas Rangers,3,3,1,1,0,0,0,16.0,3,Observed,1,1,1
P04725,TOR_20260920_1_PA012,TOR_20260920_1,B014,Nathan Lukes,2026-09-20,Validation,0,Texas Rangers,3,4,2,1,0,0,0,17.0,2,Observed,1,1,1
P04726,TOR_20260920_1_PA012,TOR_20260920_1,B014,Nathan Lukes,2026-09-20,Validation,0,Texas Rangers,3,5,2,2,0,0,0,16.0,3,Observed,1,1,1
P04727,TOR_20260920_1_PA013,TOR_20260920_1,B012,Kazuma Okamoto,2026-09-20,Validation,0,Texas Rangers,3,1,0,0,0,1,0,15.0,1,Observed,1,1,1
P04728,TOR_20260920_1_PA014,TOR_20260920_1,B016,Sean Keys,2026-09-20,Validation,0,Texas Rangers,3,1,0,0,0,1,0,5.0,0,Observed,1,1,1
P04729,TOR_20260920_1_PA014,TOR_20260920_1,B016,Sean Keys,2026-09-20,Validation,0,Texas Rangers,3,2,1,0,0,1,0,4.0,0,Observed,1,1,1
P04730,TOR_20260920_1_PA014,TOR_20260920_1,B016,Sean Keys,2026-09-20,Validation,0,Texas Rangers,3,3,1,1,0,1,0,4.0,0,Observed,1,1,1
P04731,TOR_20260920_1_PA014,TOR_20260920_1,B016,Sean Keys,2026-09-20,Validation,0,Texas Rangers,3,4,1,2,0,1,0,4.0,0,Observed,1,1,1
P04732,TOR_20260920_1_PA014,TOR_20260920_1,B016,Sean Keys,2026-09-20,Validation,0,Texas Rangers,3,5,1,2,0,1,0,4.0,0,Observed,1,1,1
P04733,TOR_20260920_1_PA015,TOR_20260920_1,B011,Josh H. Smith,2026-09-20,Validation,0,Texas Rangers,3,1,0,0,1,1,0,20.0,3,Observed,1,1,1
P04734,TOR_20260920_1_PA015,TOR_20260920_1,B011,Josh H. Smith,2026-09-20,Validation,0,Texas Rangers,3,2,0,1,1,1,0,16.0,2,Observed,1,1,1
P04735,TOR_20260920_1_PA015,TOR_20260920_1,B011,Josh H. Smith,2026-09-20,Validation,0,Texas Rangers,3,3,0,2,1,1,0,18.0,3,Observed,1,1,1
P04736,TOR_20260920_1_PA016,TOR_20260920_1,B002,Andrés Giménez,2026-09-20,Validation,0,Texas Rangers,4,1,0,0,0,0,0,14.0,1,Observed,1,1,1
P04737,TOR_20260920_1_PA016,TOR_20260920_1,B002,Andrés Giménez,2026-09-20,Validation,0,Texas Rangers,4,2,1,0,0,0,0,13.0,1,Observed,1,1,1
P04738,TOR_20260920_1_PA016,TOR_20260920_1,B002,Andrés Giménez,2026-09-20,Validation,0,Texas Rangers,4,3,1,1,0,0,0,14.0,1,Observed,1,1,1
P04739,TOR_20260920_1_PA016,TOR_20260920_1,B002,Andrés Giménez,2026-09-20,Validation,0,Texas Rangers,4,4,1,2,0,0,0,15.0,1,Observed,1,1,1
P04740,TOR_20260920_1_PA017,TOR_20260920_1,B003,Brandon Valenzuela,2026-09-20,Validation,0,Texas Rangers,4,1,0,0,0,0,0,14.0,1,Observed,1,1,1
P04741,TOR_20260920_1_PA017,TOR_20260920_1,B003,Brandon Valenzuela,2026-09-20,Validation,0,Texas Rangers,4,2,1,0,0,0,0,18.0,1,Observed,1,1,1
P04742,TOR_20260920_1_PA018,TOR_20260920_1,B008,Ernie Clement,2026-09-20,Validation,0,Texas Rangers,4,1,0,0,0,0,0,15.0,0,Observed,1,1,1
P04743,TOR_20260920_1_PA019,TOR_20260920_1,B004,Brett Bateman,2026-09-20,Validation,0,Texas Rangers,5,1,0,0,0,0,0,13.0,0,Observed,1,1,1
P04744,TOR_20260920_1_PA019,TOR_20260920_1,B004,Brett Bateman,2026-09-20,Validation,0,Texas Rangers,5,2,0,1,0,0,0,13.0,0,Observed,1,1,1
P04745,TOR_20260920_1_PA019,TOR_20260920_1,B004,Brett Bateman,2026-09-20,Validation,0,Texas Rangers,5,3,0,2,0,0,0,14.0,0,Observed,1,1,1
P04746,TOR_20260920_1_PA019,TOR_20260920_1,B004,Brett Bateman,2026-09-20,Validation,0,Texas Rangers,5,4,0,2,0,0,0,15.0,0,Observed,1,1,1
P04747,TOR_20260920_1_PA019,TOR_20260920_1,B004,Brett Bateman,2026-09-20,Validation,0,Texas Rangers,5,5,1,2,0,0,0,15.0,0,Observed,1,1,1
P04748,TOR_20260920_1_PA019,TOR_20260920_1,B004,Brett Bateman,2026-09-20,Validation,0,Texas Rangers,5,6,2,2,0,0,0,15.0,0,Observed,1,1,1
P04749,TOR_20260920_1_PA019,TOR_20260920_1,B004,Brett Bateman,2026-09-20,Validation,0,Texas Rangers,5,7,3,2,0,0,0,14.0,0,Observed,1,1,1
P04750,TOR_20260920_1_PA019,TOR_20260920_1,B004,Brett Bateman,2026-09-20,Validation,0,Texas Rangers,5,8,3,2,0,0,0,14.0,0,Observed,1,1,1
P04751,TOR_20260920_1_PA019,TOR_20260920_1,B004,Brett Bateman,2026-09-20,Validation,0,Texas Rangers,5,9,3,2,0,0,0,14.0,0,Observed,1,1,1
P04752,TOR_20260920_1_PA019,TOR_20260920_1,B004,Brett Bateman,2026-09-20,Validation,0,Texas Rangers,5,10,3,2,0,0,0,15.0,0,Observed,1,1,1
P04753,TOR_20260920_1_PA020,TOR_20260920_1,B013,Myles Straw,2026-09-20,Validation,0,Texas Rangers,5,1,0,0,0,1,0,15.0,1,Observed,1,1,1
P04754,TOR_20260920_1_PA020,TOR_20260920_1,B013,Myles Straw,2026-09-20,Validation,0,Texas Rangers,5,2,0,1,0,1,0,15.0,1,Observed,1,1,1
P04755,TOR_20260920_1_PA020,TOR_20260920_1,B013,Myles Straw,2026-09-20,Validation,0,Texas Rangers,5,3,1,1,0,1,0,13.0,0,Observed,1,1,1
P04756,TOR_20260920_1_PA020,TOR_20260920_1,B013,Myles Straw,2026-09-20,Validation,0,Texas Rangers,5,4,1,2,0,1,0,15.0,1,Observed,1,1,1
P04757,TOR_20260920_1_PA021,TOR_20260920_1,B014,Nathan Lukes,2026-09-20,Validation,0,Texas Rangers,5,1,0,0,1,2,0,16.0,3,Observed,1,1,1
P04758,TOR_20260920_1_PA021,TOR_20260920_1,B014,Nathan Lukes,2026-09-20,Validation,0,Texas Rangers,5,2,1,0,1,2,0,16.0,3,Observed,1,1,1
P04759,TOR_20260920_1_PA022,TOR_20260920_1,B012,Kazuma Okamoto,2026-09-20,Validation,0,Texas Rangers,5,1,0,0,1,2,0,14.0,1,Observed,1,1,1
P04760,TOR_20260920_1_PA022,TOR_20260920_1,B012,Kazuma Okamoto,2026-09-20,Validation,0,Texas Rangers,5,2,1,0,1,2,0,15.0,1,Observed,1,1,1
P04761,TOR_20260920_1_PA023,TOR_20260920_1,B016,Sean Keys,2026-09-20,Validation,0,Texas Rangers,5,1,0,0,1,2,0,5.0,0,Observed,1,1,1
P04762,TOR_20260920_1_PA023,TOR_20260920_1,B016,Sean Keys,2026-09-20,Validation,0,Texas Rangers,5,2,1,0,1,2,0,5.0,0,Observed,1,1,1
P04763,TOR_20260920_1_PA023,TOR_20260920_1,B016,Sean Keys,2026-09-20,Validation,0,Texas Rangers,5,3,1,1,1,2,0,5.0,0,Observed,1,1,1
P04764,TOR_20260920_1_PA023,TOR_20260920_1,B016,Sean Keys,2026-09-20,Validation,0,Texas Rangers,5,4,1,2,1,2,0,5.0,0,Observed,1,1,1
P04765,TOR_20260920_1_PA023,TOR_20260920_1,B016,Sean Keys,2026-09-20,Validation,0,Texas Rangers,5,5,2,2,1,2,0,5.0,0,Observed,1,1,1
P04766,TOR_20260920_1_PA023,TOR_20260920_1,B016,Sean Keys,2026-09-20,Validation,0,Texas Rangers,5,6,3,2,1,2,0,5.0,0,Observed,1,1,1
P04767,TOR_20260920_1_PA024,TOR_20260920_1,B005,Charles McAdoo,2026-09-20,Validation,0,Texas Rangers,5,1,0,0,1,3,0,14.0,1,Observed,1,1,1
P04768,TOR_20260920_1_PA025,TOR_20260920_1,B002,Andrés Giménez,2026-09-20,Validation,0,Texas Rangers,6,1,0,0,0,0,0,13.0,1,Observed,1,1,1
P04769,TOR_20260920_1_PA025,TOR_20260920_1,B002,Andrés Giménez,2026-09-20,Validation,0,Texas Rangers,6,2,0,1,0,0,0,14.0,1,Observed,1,1,1
P04770,TOR_20260920_1_PA026,TOR_20260920_1,B003,Brandon Valenzuela,2026-09-20,Validation,0,Texas Rangers,6,1,0,0,0,0,0,14.0,1,Observed,1,1,1
P04771,TOR_20260920_1_PA026,TOR_20260920_1,B003,Brandon Valenzuela,2026-09-20,Validation,0,Texas Rangers,6,2,1,0,0,0,0,14.0,1,Observed,1,1,1
P04772,TOR_20260920_1_PA026,TOR_20260920_1,B003,Brandon Valenzuela,2026-09-20,Validation,0,Texas Rangers,6,3,2,0,0,0,0,15.0,1,Observed,1,1,1
P04773,TOR_20260920_1_PA026,TOR_20260920_1,B003,Brandon Valenzuela,2026-09-20,Validation,0,Texas Rangers,6,4,2,1,0,0,0,15.0,1,Observed,1,1,1
P04774,TOR_20260920_1_PA026,TOR_20260920_1,B003,Brandon Valenzuela,2026-09-20,Validation,0,Texas Rangers,6,5,2,2,0,0,0,14.0,1,Observed,1,1,1
P04775,TOR_20260920_1_PA026,TOR_20260920_1,B003,Brandon Valenzuela,2026-09-20,Validation,0,Texas Rangers,6,6,3,2,0,0,0,15.0,1,Observed,1,1,1
P04776,TOR_20260920_1_PA026,TOR_20260920_1,B003,Brandon Valenzuela,2026-09-20,Validation,0,Texas Rangers,6,7,3,2,0,0,0,18.0,1,Observed,1,1,1
P04777,TOR_20260920_1_PA027,TOR_20260920_1,B008,Ernie Clement,2026-09-20,Validation,0,Texas Rangers,6,1,0,0,0,1,0,15.0,0,Observed,1,1,1
P04778,TOR_20260920_1_PA028,TOR_20260920_1,B004,Brett Bateman,2026-09-20,Validation,0,Texas Rangers,7,1,0,0,0,0,0,13.0,0,Observed,1,1,1
P04779,TOR_20260920_1_PA028,TOR_20260920_1,B004,Brett Bateman,2026-09-20,Validation,0,Texas Rangers,7,2,0,1,0,0,0,14.0,0,Observed,1,1,1
P04780,TOR_20260920_1_PA028,TOR_20260920_1,B004,Brett Bateman,2026-09-20,Validation,0,Texas Rangers,7,3,0,2,0,0,0,15.0,0,Observed,1,1,1
P04781,TOR_20260920_1_PA028,TOR_20260920_1,B004,Brett Bateman,2026-09-20,Validation,0,Texas Rangers,7,4,1,2,0,0,0,15.0,0,Observed,1,1,1
P04782,TOR_20260920_1_PA028,TOR_20260920_1,B004,Brett Bateman,2026-09-20,Validation,0,Texas Rangers,7,5,2,2,0,0,0,14.0,0,Observed,1,1,1
P04783,TOR_20260920_1_PA029,TOR_20260920_1,B013,Myles Straw,2026-09-20,Validation,0,Texas Rangers,7,1,0,0,1,1,0,15.0,1,Observed,1,1,1
P04784,TOR_20260920_1_PA029,TOR_20260920_1,B013,Myles Straw,2026-09-20,Validation,0,Texas Rangers,7,2,1,0,1,1,0,15.0,1,Observed,1,1,1
P04785,TOR_20260920_1_PA029,TOR_20260920_1,B013,Myles Straw,2026-09-20,Validation,0,Texas Rangers,7,3,2,0,1,1,0,14.0,1,Observed,1,1,1
P04786,TOR_20260920_1_PA029,TOR_20260920_1,B013,Myles Straw,2026-09-20,Validation,0,Texas Rangers,7,4,2,1,1,1,0,15.0,1,Observed,1,1,1
P04787,TOR_20260920_1_PA029,TOR_20260920_1,B013,Myles Straw,2026-09-20,Validation,0,Texas Rangers,7,5,3,1,1,1,0,15.0,1,Observed,1,1,1
P04788,TOR_20260920_1_PA030,TOR_20260920_1,B014,Nathan Lukes,2026-09-20,Validation,0,Texas Rangers,7,1,0,0,1,2,0,15.0,3,Observed,1,1,1
P04789,TOR_20260920_1_PA030,TOR_20260920_1,B014,Nathan Lukes,2026-09-20,Validation,0,Texas Rangers,7,2,0,1,1,2,0,15.0,3,Observed,1,1,1
P04790,TOR_20260920_1_PA030,TOR_20260920_1,B014,Nathan Lukes,2026-09-20,Validation,0,Texas Rangers,7,3,0,2,1,2,0,16.0,3,Observed,1,1,1
P04791,TOR_20260920_1_PA031,TOR_20260920_1,B012,Kazuma Okamoto,2026-09-20,Validation,0,Texas Rangers,7,1,0,0,1,2,0,15.0,1,Observed,1,1,1
P04792,TOR_20260920_1_PA031,TOR_20260920_1,B012,Kazuma Okamoto,2026-09-20,Validation,0,Texas Rangers,7,2,0,1,1,2,0,13.0,1,Observed,1,1,1
P04793,TOR_20260920_1_PA031,TOR_20260920_1,B012,Kazuma Okamoto,2026-09-20,Validation,0,Texas Rangers,7,3,0,2,1,2,0,14.0,1,Observed,1,1,1
P04794,TOR_20260920_1_PA031,TOR_20260920_1,B012,Kazuma Okamoto,2026-09-20,Validation,0,Texas Rangers,7,4,1,2,1,2,0,15.0,1,Observed,1,1,1
P04795,TOR_20260920_1_PA032,TOR_20260920_1,B016,Sean Keys,2026-09-20,Validation,0,Texas Rangers,7,1,0,0,1,2,0,4.0,0,Observed,1,1,1
P04796,TOR_20260920_1_PA033,TOR_20260920_1,B005,Charles McAdoo,2026-09-20,Validation,0,Texas Rangers,7,1,0,0,1,2,0,14.0,1,Observed,1,1,1
P04797,TOR_20260920_1_PA033,TOR_20260920_1,B005,Charles McAdoo,2026-09-20,Validation,0,Texas Rangers,7,2,1,0,1,2,1,15.0,1,Observed,1,1,1
P04798,TOR_20260920_1_PA033,TOR_20260920_1,B005,Charles McAdoo,2026-09-20,Validation,0,Texas Rangers,7,3,1,1,1,2,0,15.0,1,Observed,1,1,1
P04799,TOR_20260920_1_PA033,TOR_20260920_1,B005,Charles McAdoo,2026-09-20,Validation,0,Texas Rangers,7,4,1,2,1,2,0,14.0,1,Observed,1,1,1
P04800,TOR_20260920_1_PA034,TOR_20260920_1,B002,Andrés Giménez,2026-09-20,Validation,0,Texas Rangers,7,1,0,0,1,1,0,13.0,1,Observed,1,1,1
P04801,TOR_20260920_1_PA034,TOR_20260920_1,B002,Andrés Giménez,2026-09-20,Validation,0,Texas Rangers,7,2,0,1,1,1,0,14.0,1,Observed,1,1,1
P04802,TOR_20260920_1_PA035,TOR_20260920_1,B003,Brandon Valenzuela,2026-09-20,Validation,0,Texas Rangers,7,1,0,0,0,1,0,18.0,1,Observed,1,1,1
P04803,TOR_20260920_1_PA036,TOR_20260920_1,B008,Ernie Clement,2026-09-20,Validation,0,Texas Rangers,8,1,0,0,0,0,1,14.0,1,Observed,1,1,1
P04804,TOR_20260920_1_PA036,TOR_20260920_1,B008,Ernie Clement,2026-09-20,Validation,0,Texas Rangers,8,2,0,1,0,0,0,15.0,0,Observed,1,1,1
P04805,TOR_20260920_1_PA037,TOR_20260920_1,B004,Brett Bateman,2026-09-20,Validation,0,Texas Rangers,8,1,0,0,1,1,0,15.0,0,Observed,1,1,1
P04806,TOR_20260920_1_PA037,TOR_20260920_1,B004,Brett Bateman,2026-09-20,Validation,0,Texas Rangers,8,2,1,0,1,1,0,14.0,0,Observed,1,1,1
P04807,TOR_20260920_1_PA037,TOR_20260920_1,B004,Brett Bateman,2026-09-20,Validation,0,Texas Rangers,8,3,1,1,1,1,0,13.0,0,Observed,1,1,1
P04808,TOR_20260920_1_PA037,TOR_20260920_1,B004,Brett Bateman,2026-09-20,Validation,0,Texas Rangers,8,4,1,2,1,1,0,15.0,0,Observed,1,1,1
P04809,TOR_20260920_1_PA037,TOR_20260920_1,B004,Brett Bateman,2026-09-20,Validation,0,Texas Rangers,8,5,2,2,1,1,0,14.0,0,Observed,1,1,1
P04810,TOR_20260920_1_PA037,TOR_20260920_1,B004,Brett Bateman,2026-09-20,Validation,0,Texas Rangers,8,6,2,2,1,1,0,14.0,0,Observed,1,1,1
P04811,TOR_20260920_1_PA038,TOR_20260920_1,B013,Myles Straw,2026-09-20,Validation,0,Texas Rangers,8,1,0,0,1,1,0,15.0,1,Observed,1,1,1
P04812,TOR_20260920_1_PA038,TOR_20260920_1,B013,Myles Straw,2026-09-20,Validation,0,Texas Rangers,8,2,1,0,1,1,0,15.0,1,Observed,1,1,1
P04813,TOR_20260920_1_PA039,TOR_20260920_1,B014,Nathan Lukes,2026-09-20,Validation,0,Texas Rangers,8,1,0,0,1,1,0,16.0,3,Observed,1,1,1
P04814,TOR_20260920_1_PA039,TOR_20260920_1,B014,Nathan Lukes,2026-09-20,Validation,0,Texas Rangers,8,2,1,0,1,1,0,16.0,3,Observed,1,1,1
P04815,TOR_20260920_1_PA039,TOR_20260920_1,B014,Nathan Lukes,2026-09-20,Validation,0,Texas Rangers,8,3,2,0,1,1,0,15.0,3,Observed,1,1,1
P04816,TOR_20260920_1_PA039,TOR_20260920_1,B014,Nathan Lukes,2026-09-20,Validation,0,Texas Rangers,8,4,2,1,1,1,0,16.0,3,Observed,1,1,1
P04817,TOR_20260920_1_PA039,TOR_20260920_1,B014,Nathan Lukes,2026-09-20,Validation,0,Texas Rangers,8,5,3,1,1,1,0,16.0,3,Observed,1,1,1
P04818,TOR_20260920_1_PA040,TOR_20260920_1,B012,Kazuma Okamoto,2026-09-20,Validation,0,Texas Rangers,8,1,0,0,1,2,0,13.0,1,Observed,1,1,1
P04819,TOR_20260920_1_PA040,TOR_20260920_1,B012,Kazuma Okamoto,2026-09-20,Validation,0,Texas Rangers,8,2,0,1,1,2,0,14.0,1,Observed,1,1,1
P04820,TOR_20260920_1_PA040,TOR_20260920_1,B012,Kazuma Okamoto,2026-09-20,Validation,0,Texas Rangers,8,3,1,1,1,2,0,15.0,1,Observed,1,1,1
P04821,TOR_20260920_1_PA041,TOR_20260920_1,B009,George Springer,2026-09-20,Validation,0,Texas Rangers,9,1,0,0,0,0,0,14.0,1,Observed,1,1,1
P04822,TOR_20260920_1_PA041,TOR_20260920_1,B009,George Springer,2026-09-20,Validation,0,Texas Rangers,9,2,1,0,0,0,0,14.0,1,Observed,1,1,1
P04823,TOR_20260920_1_PA041,TOR_20260920_1,B009,George Springer,2026-09-20,Validation,0,Texas Rangers,9,3,1,1,0,0,0,14.0,1,Observed,1,1,1
P04824,TOR_20260920_1_PA041,TOR_20260920_1,B009,George Springer,2026-09-20,Validation,0,Texas Rangers,9,4,2,1,0,0,0,14.0,1,Observed,1,1,1
P04825,TOR_20260920_1_PA041,TOR_20260920_1,B009,George Springer,2026-09-20,Validation,0,Texas Rangers,9,5,2,2,0,0,0,13.0,1,Observed,1,1,1
P04826,TOR_20260920_1_PA041,TOR_20260920_1,B009,George Springer,2026-09-20,Validation,0,Texas Rangers,9,6,2,2,0,0,0,14.0,1,Observed,1,1,1
P04827,TOR_20260920_1_PA042,TOR_20260920_1,B005,Charles McAdoo,2026-09-20,Validation,0,Texas Rangers,9,1,0,0,0,0,0,14.0,1,Observed,1,1,1
P04828,TOR_20260920_1_PA042,TOR_20260920_1,B005,Charles McAdoo,2026-09-20,Validation,0,Texas Rangers,9,2,1,0,0,0,0,15.0,1,Observed,1,1,1
P04829,TOR_20260920_1_PA042,TOR_20260920_1,B005,Charles McAdoo,2026-09-20,Validation,0,Texas Rangers,9,3,1,1,0,0,0,14.0,1,Observed,1,1,1
P04830,TOR_20260920_1_PA042,TOR_20260920_1,B005,Charles McAdoo,2026-09-20,Validation,0,Texas Rangers,9,4,2,1,0,0,0,13.0,1,Observed,1,1,1
P04831,TOR_20260920_1_PA042,TOR_20260920_1,B005,Charles McAdoo,2026-09-20,Validation,0,Texas Rangers,9,5,2,2,0,0,0,14.0,1,Observed,1,1,1
P04832,TOR_20260920_1_PA043,TOR_20260920_1,B002,Andrés Giménez,2026-09-20,Validation,0,Texas Rangers,9,1,0,0,0,0,0,13.0,1,Observed,1,1,1
P04833,TOR_20260920_1_PA043,TOR_20260920_1,B002,Andrés Giménez,2026-09-20,Validation,0,Texas Rangers,9,2,0,1,0,0,0,14.0,1,Observed,1,1,1
P04834,TOR_20260921_1_PA001,TOR_20260921_1,B004,Brett Bateman,2026-09-21,Test,0,Baltimore Orioles,1,1,0,0,0,0,0,13.0,1,Observed,1,1,1
P04835,TOR_20260921_1_PA001,TOR_20260921_1,B004,Brett Bateman,2026-09-21,Test,0,Baltimore Orioles,1,2,0,1,0,0,0,13.0,0,Observed,1,1,1
P04836,TOR_20260921_1_PA001,TOR_20260921_1,B004,Brett Bateman,2026-09-21,Test,0,Baltimore Orioles,1,3,0,2,0,0,0,13.0,0,Observed,1,1,1
P04837,TOR_20260921_1_PA001,TOR_20260921_1,B004,Brett Bateman,2026-09-21,Test,0,Baltimore Orioles,1,4,1,2,0,0,0,15.0,0,Observed,1,1,1
P04838,TOR_20260921_1_PA001,TOR_20260921_1,B004,Brett Bateman,2026-09-21,Test,0,Baltimore Orioles,1,5,2,2,0,0,0,13.0,0,Observed,1,1,1
P04839,TOR_20260921_1_PA001,TOR_20260921_1,B004,Brett Bateman,2026-09-21,Test,0,Baltimore Orioles,1,6,2,2,0,0,0,13.0,0,Observed,1,1,1
P04840,TOR_20260921_1_PA001,TOR_20260921_1,B004,Brett Bateman,2026-09-21,Test,0,Baltimore Orioles,1,7,2,2,0,0,0,15.0,0,Observed,1,1,1
P04841,TOR_20260921_1_PA001,TOR_20260921_1,B004,Brett Bateman,2026-09-21,Test,0,Baltimore Orioles,1,8,3,2,0,0,0,15.0,0,Observed,1,1,1
P04842,TOR_20260921_1_PA002,TOR_20260921_1,B001,Alejandro Kirk,2026-09-21,Test,0,Baltimore Orioles,1,1,0,0,0,1,0,13.0,3,Observed,1,1,1
P04843,TOR_20260921_1_PA002,TOR_20260921_1,B001,Alejandro Kirk,2026-09-21,Test,0,Baltimore Orioles,1,2,0,1,0,1,0,12.0,3,Observed,1,1,1
P04844,TOR_20260921_1_PA002,TOR_20260921_1,B001,Alejandro Kirk,2026-09-21,Test,0,Baltimore Orioles,1,3,0,2,0,1,0,17.0,3,Observed,1,1,1
P04845,TOR_20260921_1_PA002,TOR_20260921_1,B001,Alejandro Kirk,2026-09-21,Test,0,Baltimore Orioles,1,4,1,2,0,1,0,15.0,3,Observed,1,1,1
P04846,TOR_20260921_1_PA002,TOR_20260921_1,B001,Alejandro Kirk,2026-09-21,Test,0,Baltimore Orioles,1,5,2,2,0,1,0,15.0,3,Observed,1,1,1
P04847,TOR_20260921_1_PA002,TOR_20260921_1,B001,Alejandro Kirk,2026-09-21,Test,0,Baltimore Orioles,1,6,3,2,0,1,0,15.0,3,Observed,1,1,1
P04848,TOR_20260921_1_PA003,TOR_20260921_1,B014,Nathan Lukes,2026-09-21,Test,0,Baltimore Orioles,1,1,0,0,1,2,0,15.0,3,Observed,1,1,1
P04849,TOR_20260921_1_PA003,TOR_20260921_1,B014,Nathan Lukes,2026-09-21,Test,0,Baltimore Orioles,1,2,0,1,1,2,0,15.0,3,Observed,1,1,1
P04850,TOR_20260921_1_PA004,TOR_20260921_1,B009,George Springer,2026-09-21,Test,0,Baltimore Orioles,1,1,0,0,1,2,0,14.0,1,Observed,1,1,1
P04851,TOR_20260921_1_PA005,TOR_20260921_1,B016,Sean Keys,2026-09-21,Test,0,Baltimore Orioles,1,1,0,0,1,2,0,4.0,0,Observed,1,1,1
P04852,TOR_20260921_1_PA006,TOR_20260921_1,B012,Kazuma Okamoto,2026-09-21,Test,0,Baltimore Orioles,1,1,0,0,0,1,0,13.0,1,Observed,1,1,1
P04853,TOR_20260921_1_PA006,TOR_20260921_1,B012,Kazuma Okamoto,2026-09-21,Test,0,Baltimore Orioles,1,2,0,1,0,1,0,13.0,1,Observed,1,1,1
P04854,TOR_20260921_1_PA006,TOR_20260921_1,B012,Kazuma Okamoto,2026-09-21,Test,0,Baltimore Orioles,1,3,1,1,0,1,0,14.0,1,Observed,1,1,1
P04855,TOR_20260921_1_PA006,TOR_20260921_1,B012,Kazuma Okamoto,2026-09-21,Test,0,Baltimore Orioles,1,4,2,1,0,1,0,15.0,1,Observed,1,1,1
P04856,TOR_20260921_1_PA006,TOR_20260921_1,B012,Kazuma Okamoto,2026-09-21,Test,0,Baltimore Orioles,1,5,2,2,0,1,0,14.0,1,Observed,1,1,1
P04857,TOR_20260921_1_PA006,TOR_20260921_1,B012,Kazuma Okamoto,2026-09-21,Test,0,Baltimore Orioles,1,6,3,2,0,1,0,15.0,1,Observed,1,1,1
P04858,TOR_20260921_1_PA007,TOR_20260921_1,B011,Josh H. Smith,2026-09-21,Test,0,Baltimore Orioles,1,1,0,0,1,2,1,16.0,2,Observed,1,1,1
P04859,TOR_20260921_1_PA007,TOR_20260921_1,B011,Josh H. Smith,2026-09-21,Test,0,Baltimore Orioles,1,2,0,1,1,2,0,16.0,3,Observed,1,1,1
P04860,TOR_20260921_1_PA007,TOR_20260921_1,B011,Josh H. Smith,2026-09-21,Test,0,Baltimore Orioles,1,3,0,2,1,2,0,24.0,4,Observed,1,1,1
P04861,TOR_20260921_1_PA007,TOR_20260921_1,B011,Josh H. Smith,2026-09-21,Test,0,Baltimore Orioles,1,4,1,2,1,2,0,19.0,3,Observed,1,1,1
P04862,TOR_20260921_1_PA008,TOR_20260921_1,B002,Andrés Giménez,2026-09-21,Test,0,Baltimore Orioles,1,1,0,0,1,2,0,12.0,1,Observed,1,1,1
P04863,TOR_20260921_1_PA009,TOR_20260921_1,B008,Ernie Clement,2026-09-21,Test,0,Baltimore Orioles,2,1,0,0,0,0,0,12.0,1,Observed,1,1,1
P04864,TOR_20260921_1_PA009,TOR_20260921_1,B008,Ernie Clement,2026-09-21,Test,0,Baltimore Orioles,2,2,1,0,0,0,0,13.0,2,Observed,1,1,1
P04865,TOR_20260921_1_PA009,TOR_20260921_1,B008,Ernie Clement,2026-09-21,Test,0,Baltimore Orioles,2,3,2,0,0,0,0,15.0,0,Observed,1,1,1
P04866,TOR_20260921_1_PA010,TOR_20260921_1,B004,Brett Bateman,2026-09-21,Test,0,Baltimore Orioles,2,1,0,0,0,0,0,13.0,1,Observed,1,1,1
P04867,TOR_20260921_1_PA010,TOR_20260921_1,B004,Brett Bateman,2026-09-21,Test,0,Baltimore Orioles,2,2,0,1,0,0,0,12.0,0,Observed,1,1,1
P04868,TOR_20260921_1_PA010,TOR_20260921_1,B004,Brett Bateman,2026-09-21,Test,0,Baltimore Orioles,2,3,1,1,0,0,0,13.0,0,Observed,1,1,1
P04869,TOR_20260921_1_PA010,TOR_20260921_1,B004,Brett Bateman,2026-09-21,Test,0,Baltimore Orioles,2,4,1,2,0,0,0,13.0,0,Observed,1,1,1
P04870,TOR_20260921_1_PA010,TOR_20260921_1,B004,Brett Bateman,2026-09-21,Test,0,Baltimore Orioles,2,5,1,2,0,0,0,15.0,0,Observed,1,1,1
P04871,TOR_20260921_1_PA010,TOR_20260921_1,B004,Brett Bateman,2026-09-21,Test,0,Baltimore Orioles,2,6,2,2,0,0,0,13.0,0,Observed,1,1,1
P04872,TOR_20260921_1_PA010,TOR_20260921_1,B004,Brett Bateman,2026-09-21,Test,0,Baltimore Orioles,2,7,2,2,0,0,0,15.0,0,Observed,1,1,1
P04873,TOR_20260921_1_PA010,TOR_20260921_1,B004,Brett Bateman,2026-09-21,Test,0,Baltimore Orioles,2,8,3,2,0,0,0,13.0,0,Observed,1,1,1
P04874,TOR_20260921_1_PA010,TOR_20260921_1,B004,Brett Bateman,2026-09-21,Test,0,Baltimore Orioles,2,9,3,2,0,0,0,14.0,0,Observed,1,1,1
P04875,TOR_20260921_1_PA011,TOR_20260921_1,B001,Alejandro Kirk,2026-09-21,Test,0,Baltimore Orioles,2,1,0,0,0,0,0,13.0,3,Observed,1,1,1
P04876,TOR_20260921_1_PA012,TOR_20260921_1,B014,Nathan Lukes,2026-09-21,Test,0,Baltimore Orioles,3,1,0,0,0,0,0,14.0,3,Observed,1,1,1
P04877,TOR_20260921_1_PA012,TOR_20260921_1,B014,Nathan Lukes,2026-09-21,Test,0,Baltimore Orioles,3,2,1,0,0,0,0,14.0,2,Observed,1,1,1
P04878,TOR_20260921_1_PA012,TOR_20260921_1,B014,Nathan Lukes,2026-09-21,Test,0,Baltimore Orioles,3,3,1,1,0,0,0,16.0,2,Observed,1,1,1
P04879,TOR_20260921_1_PA012,TOR_20260921_1,B014,Nathan Lukes,2026-09-21,Test,0,Baltimore Orioles,3,4,2,1,0,0,0,16.0,3,Observed,1,1,1
P04880,TOR_20260921_1_PA012,TOR_20260921_1,B014,Nathan Lukes,2026-09-21,Test,0,Baltimore Orioles,3,5,3,1,0,0,0,16.0,3,Observed,1,1,1
P04881,TOR_20260921_1_PA013,TOR_20260921_1,B009,George Springer,2026-09-21,Test,0,Baltimore Orioles,3,1,0,0,0,1,0,12.0,1,Observed,1,1,1
P04882,TOR_20260921_1_PA013,TOR_20260921_1,B009,George Springer,2026-09-21,Test,0,Baltimore Orioles,3,2,0,1,0,1,0,14.0,1,Observed,1,1,1
P04883,TOR_20260921_1_PA014,TOR_20260921_1,B016,Sean Keys,2026-09-21,Test,0,Baltimore Orioles,3,1,0,0,1,2,0,4.0,0,Observed,1,1,1
P04884,TOR_20260921_1_PA014,TOR_20260921_1,B016,Sean Keys,2026-09-21,Test,0,Baltimore Orioles,3,2,0,1,1,2,0,5.0,0,Observed,1,1,1
P04885,TOR_20260921_1_PA014,TOR_20260921_1,B016,Sean Keys,2026-09-21,Test,0,Baltimore Orioles,3,3,1,1,1,2,0,4.0,0,Observed,1,1,1
P04886,TOR_20260921_1_PA015,TOR_20260921_1,B012,Kazuma Okamoto,2026-09-21,Test,0,Baltimore Orioles,3,1,0,0,1,2,0,14.0,1,Observed,1,1,1
P04887,TOR_20260921_1_PA016,TOR_20260921_1,B011,Josh H. Smith,2026-09-21,Test,0,Baltimore Orioles,4,1,0,0,0,0,0,19.0,3,Observed,1,1,1
P04888,TOR_20260921_1_PA016,TOR_20260921_1,B011,Josh H. Smith,2026-09-21,Test,0,Baltimore Orioles,4,2,0,1,0,0,0,15.0,2,Observed,1,1,1
P04889,TOR_20260921_1_PA016,TOR_20260921_1,B011,Josh H. Smith,2026-09-21,Test,0,Baltimore Orioles,4,3,1,1,0,0,0,24.0,4,Observed,1,1,1
P04890,TOR_20260921_1_PA016,TOR_20260921_1,B011,Josh H. Smith,2026-09-21,Test,0,Baltimore Orioles,4,4,2,1,0,0,0,18.0,3,Observed,1,1,1
P04891,TOR_20260921_1_PA016,TOR_20260921_1,B011,Josh H. Smith,2026-09-21,Test,0,Baltimore Orioles,4,5,2,2,0,0,0,19.0,3,Observed,1,1,1
P04892,TOR_20260921_1_PA017,TOR_20260921_1,B002,Andrés Giménez,2026-09-21,Test,0,Baltimore Orioles,4,1,0,0,0,0,0,13.0,1,Observed,1,1,1
P04893,TOR_20260921_1_PA017,TOR_20260921_1,B002,Andrés Giménez,2026-09-21,Test,0,Baltimore Orioles,4,2,1,0,0,0,0,13.0,0,Observed,1,1,1
P04894,TOR_20260921_1_PA017,TOR_20260921_1,B002,Andrés Giménez,2026-09-21,Test,0,Baltimore Orioles,4,3,1,1,0,0,0,14.0,1,Observed,1,1,1
P04895,TOR_20260921_1_PA018,TOR_20260921_1,B008,Ernie Clement,2026-09-21,Test,0,Baltimore Orioles,4,1,0,0,0,0,0,12.0,1,Observed,1,1,1
P04896,TOR_20260921_1_PA018,TOR_20260921_1,B008,Ernie Clement,2026-09-21,Test,0,Baltimore Orioles,4,2,1,0,0,0,0,13.0,2,Observed,1,1,1
P04897,TOR_20260921_1_PA018,TOR_20260921_1,B008,Ernie Clement,2026-09-21,Test,0,Baltimore Orioles,4,3,1,1,0,0,0,14.0,2,Observed,1,1,1
P04898,TOR_20260921_1_PA018,TOR_20260921_1,B008,Ernie Clement,2026-09-21,Test,0,Baltimore Orioles,4,4,1,2,0,0,0,15.0,0,Observed,1,1,1
P04899,TOR_20260921_1_PA019,TOR_20260921_1,B013,Myles Straw,2026-09-21,Test,0,Baltimore Orioles,5,1,0,0,0,0,0,12.0,1,Observed,1,1,1
P04900,TOR_20260921_1_PA019,TOR_20260921_1,B013,Myles Straw,2026-09-21,Test,0,Baltimore Orioles,5,2,0,1,0,0,0,14.0,1,Observed,1,1,1
P04901,TOR_20260921_1_PA019,TOR_20260921_1,B013,Myles Straw,2026-09-21,Test,0,Baltimore Orioles,5,3,0,2,0,0,0,15.0,1,Observed,1,1,1
P04902,TOR_20260921_1_PA020,TOR_20260921_1,B001,Alejandro Kirk,2026-09-21,Test,0,Baltimore Orioles,5,1,0,0,0,0,0,13.0,3,Observed,1,1,1
P04903,TOR_20260921_1_PA020,TOR_20260921_1,B001,Alejandro Kirk,2026-09-21,Test,0,Baltimore Orioles,5,2,1,0,0,0,0,12.0,3,Observed,1,1,1
P04904,TOR_20260921_1_PA020,TOR_20260921_1,B001,Alejandro Kirk,2026-09-21,Test,0,Baltimore Orioles,5,3,1,1,0,0,0,17.0,3,Observed,1,1,1
P04905,TOR_20260921_1_PA020,TOR_20260921_1,B001,Alejandro Kirk,2026-09-21,Test,0,Baltimore Orioles,5,4,2,1,0,0,0,14.0,3,Observed,1,1,1
P04906,TOR_20260921_1_PA020,TOR_20260921_1,B001,Alejandro Kirk,2026-09-21,Test,0,Baltimore Orioles,5,5,2,2,0,0,0,17.0,3,Observed,1,1,1
P04907,TOR_20260921_1_PA021,TOR_20260921_1,B014,Nathan Lukes,2026-09-21,Test,0,Baltimore Orioles,5,1,0,0,0,0,0,12.0,3,Observed,1,1,1
P04908,TOR_20260921_1_PA022,TOR_20260921_1,B009,George Springer,2026-09-21,Test,0,Baltimore Orioles,6,1,0,0,0,0,0,13.0,1,Observed,1,1,1
P04909,TOR_20260921_1_PA022,TOR_20260921_1,B009,George Springer,2026-09-21,Test,0,Baltimore Orioles,6,2,1,0,0,0,0,13.0,1,Observed,1,1,1
P04910,TOR_20260921_1_PA022,TOR_20260921_1,B009,George Springer,2026-09-21,Test,0,Baltimore Orioles,6,3,2,0,0,0,0,16.0,1,Observed,1,1,1
P04911,TOR_20260921_1_PA023,TOR_20260921_1,B016,Sean Keys,2026-09-21,Test,0,Baltimore Orioles,6,1,0,0,0,0,0,5.0,0,Observed,1,1,1
P04912,TOR_20260921_1_PA023,TOR_20260921_1,B016,Sean Keys,2026-09-21,Test,0,Baltimore Orioles,6,2,0,1,0,0,0,4.0,0,Observed,1,1,1
P04913,TOR_20260921_1_PA023,TOR_20260921_1,B016,Sean Keys,2026-09-21,Test,0,Baltimore Orioles,6,3,0,2,0,0,0,5.0,0,Observed,1,1,1
P04914,TOR_20260921_1_PA023,TOR_20260921_1,B016,Sean Keys,2026-09-21,Test,0,Baltimore Orioles,6,4,1,2,0,0,0,5.0,0,Observed,1,1,1
P04915,TOR_20260921_1_PA024,TOR_20260921_1,B012,Kazuma Okamoto,2026-09-21,Test,0,Baltimore Orioles,6,1,0,0,0,0,0,13.0,1,Observed,1,1,1
P04916,TOR_20260921_1_PA024,TOR_20260921_1,B012,Kazuma Okamoto,2026-09-21,Test,0,Baltimore Orioles,6,2,1,0,0,0,0,14.0,1,Observed,1,1,1
P04917,TOR_20260921_1_PA024,TOR_20260921_1,B012,Kazuma Okamoto,2026-09-21,Test,0,Baltimore Orioles,6,3,1,1,0,0,0,14.0,1,Observed,1,1,1
P04918,TOR_20260921_1_PA025,TOR_20260921_1,B011,Josh H. Smith,2026-09-21,Test,0,Baltimore Orioles,7,1,0,0,0,0,0,19.0,3,Observed,1,1,1
P04919,TOR_20260921_1_PA025,TOR_20260921_1,B011,Josh H. Smith,2026-09-21,Test,0,Baltimore Orioles,7,2,0,1,0,0,0,15.0,2,Observed,1,1,1
P04920,TOR_20260921_1_PA025,TOR_20260921_1,B011,Josh H. Smith,2026-09-21,Test,0,Baltimore Orioles,7,3,1,1,0,0,0,24.0,4,Observed,1,1,1
P04921,TOR_20260921_1_PA025,TOR_20260921_1,B011,Josh H. Smith,2026-09-21,Test,0,Baltimore Orioles,7,4,2,1,0,0,0,18.0,3,Observed,1,1,1
P04922,TOR_20260921_1_PA025,TOR_20260921_1,B011,Josh H. Smith,2026-09-21,Test,0,Baltimore Orioles,7,5,2,2,0,0,0,19.0,3,Observed,1,1,1
P04923,TOR_20260921_1_PA025,TOR_20260921_1,B011,Josh H. Smith,2026-09-21,Test,0,Baltimore Orioles,7,6,2,2,0,0,0,18.0,3,Observed,1,1,1
P04924,TOR_20260921_1_PA026,TOR_20260921_1,B002,Andrés Giménez,2026-09-21,Test,0,Baltimore Orioles,7,1,0,0,0,0,0,12.0,1,Observed,1,1,1
P04925,TOR_20260921_1_PA027,TOR_20260921_1,B008,Ernie Clement,2026-09-21,Test,0,Baltimore Orioles,7,1,0,0,0,1,0,13.0,2,Observed,1,1,1
P04926,TOR_20260921_1_PA027,TOR_20260921_1,B008,Ernie Clement,2026-09-21,Test,0,Baltimore Orioles,7,2,0,1,0,1,0,13.0,2,Observed,1,1,1
P04927,TOR_20260921_1_PA028,TOR_20260921_1,B013,Myles Straw,2026-09-21,Test,0,Baltimore Orioles,7,1,0,0,1,1,0,12.0,0,Observed,1,1,1
P04928,TOR_20260921_1_PA029,TOR_20260921_1,B001,Alejandro Kirk,2026-09-21,Test,0,Baltimore Orioles,8,1,0,0,0,0,0,13.0,3,Observed,1,1,1
P04929,TOR_20260921_1_PA029,TOR_20260921_1,B001,Alejandro Kirk,2026-09-21,Test,0,Baltimore Orioles,8,2,0,1,0,0,0,12.0,3,Observed,1,1,1
P04930,TOR_20260921_1_PA029,TOR_20260921_1,B001,Alejandro Kirk,2026-09-21,Test,0,Baltimore Orioles,8,3,0,2,0,0,0,14.0,3,Observed,1,1,1
P04931,TOR_20260921_1_PA029,TOR_20260921_1,B001,Alejandro Kirk,2026-09-21,Test,0,Baltimore Orioles,8,4,0,2,0,0,0,15.0,3,Observed,1,1,1
P04932,TOR_20260921_1_PA029,TOR_20260921_1,B001,Alejandro Kirk,2026-09-21,Test,0,Baltimore Orioles,8,5,1,2,0,0,0,14.0,3,Observed,1,1,1
P04933,TOR_20260921_1_PA029,TOR_20260921_1,B001,Alejandro Kirk,2026-09-21,Test,0,Baltimore Orioles,8,6,1,2,0,0,0,15.0,3,Observed,1,1,1
P04934,TOR_20260921_1_PA029,TOR_20260921_1,B001,Alejandro Kirk,2026-09-21,Test,0,Baltimore Orioles,8,7,2,2,0,0,0,15.0,3,Observed,1,1,1
P04935,TOR_20260921_1_PA029,TOR_20260921_1,B001,Alejandro Kirk,2026-09-21,Test,0,Baltimore Orioles,8,8,3,2,0,0,0,14.0,3,Observed,1,1,1
P04936,TOR_20260921_1_PA029,TOR_20260921_1,B001,Alejandro Kirk,2026-09-21,Test,0,Baltimore Orioles,8,9,3,2,0,0,0,17.0,3,Observed,1,1,1
P04937,TOR_20260921_1_PA030,TOR_20260921_1,B014,Nathan Lukes,2026-09-21,Test,0,Baltimore Orioles,8,1,0,0,0,1,0,15.0,3,Observed,1,1,1
P04938,TOR_20260921_1_PA030,TOR_20260921_1,B014,Nathan Lukes,2026-09-21,Test,0,Baltimore Orioles,8,2,0,1,0,1,0,15.0,3,Observed,1,1,1
P04939,TOR_20260921_1_PA031,TOR_20260921_1,B009,George Springer,2026-09-21,Test,0,Baltimore Orioles,8,1,0,0,1,1,0,13.0,1,Observed,1,1,1
P04940,TOR_20260921_1_PA031,TOR_20260921_1,B009,George Springer,2026-09-21,Test,0,Baltimore Orioles,8,2,0,1,1,1,0,13.0,1,Observed,1,1,1
P04941,TOR_20260921_1_PA031,TOR_20260921_1,B009,George Springer,2026-09-21,Test,0,Baltimore Orioles,8,3,1,1,1,1,0,16.0,1,Observed,1,1,1
P04942,TOR_20260921_1_PA031,TOR_20260921_1,B009,George Springer,2026-09-21,Test,0,Baltimore Orioles,8,4,1,2,1,1,0,15.0,1,Observed,1,1,1
P04943,TOR_20260921_1_PA031,TOR_20260921_1,B009,George Springer,2026-09-21,Test,0,Baltimore Orioles,8,5,2,2,1,1,0,14.0,1,Observed,1,1,1
P04944,TOR_20260921_1_PA031,TOR_20260921_1,B009,George Springer,2026-09-21,Test,0,Baltimore Orioles,8,6,2,2,1,1,0,14.0,1,Observed,1,1,1
P04945,TOR_20260921_1_PA032,TOR_20260921_1,B016,Sean Keys,2026-09-21,Test,0,Baltimore Orioles,9,1,0,0,0,0,0,5.0,0,Observed,1,1,1
P04946,TOR_20260921_1_PA032,TOR_20260921_1,B016,Sean Keys,2026-09-21,Test,0,Baltimore Orioles,9,2,1,0,0,0,0,4.0,0,Observed,1,1,1
P04947,TOR_20260921_1_PA032,TOR_20260921_1,B016,Sean Keys,2026-09-21,Test,0,Baltimore Orioles,9,3,1,1,0,0,0,5.0,0,Observed,1,1,1
P04948,TOR_20260921_1_PA032,TOR_20260921_1,B016,Sean Keys,2026-09-21,Test,0,Baltimore Orioles,9,4,2,1,0,0,0,5.0,0,Observed,1,1,1
P04949,TOR_20260921_1_PA032,TOR_20260921_1,B016,Sean Keys,2026-09-21,Test,0,Baltimore Orioles,9,5,2,2,0,0,0,4.0,0,Observed,1,1,1
P04950,TOR_20260921_1_PA032,TOR_20260921_1,B016,Sean Keys,2026-09-21,Test,0,Baltimore Orioles,9,6,2,2,0,0,0,5.0,0,Observed,1,1,1
P04951,TOR_20260921_1_PA033,TOR_20260921_1,B012,Kazuma Okamoto,2026-09-21,Test,0,Baltimore Orioles,9,1,0,0,0,0,0,13.0,1,Observed,1,1,1
P04952,TOR_20260921_1_PA033,TOR_20260921_1,B012,Kazuma Okamoto,2026-09-21,Test,0,Baltimore Orioles,9,2,0,1,0,0,0,13.0,1,Observed,1,1,1
P04953,TOR_20260921_1_PA033,TOR_20260921_1,B012,Kazuma Okamoto,2026-09-21,Test,0,Baltimore Orioles,9,3,0,2,0,0,0,14.0,1,Observed,1,1,1
P04954,TOR_20260921_1_PA033,TOR_20260921_1,B012,Kazuma Okamoto,2026-09-21,Test,0,Baltimore Orioles,9,4,0,2,0,0,0,15.0,1,Observed,1,1,1
P04955,TOR_20260921_1_PA034,TOR_20260921_1,B011,Josh H. Smith,2026-09-21,Test,0,Baltimore Orioles,9,1,0,0,0,0,0,12.0,2,Observed,1,1,1
P04956,TOR_20260921_1_PA034,TOR_20260921_1,B011,Josh H. Smith,2026-09-21,Test,0,Baltimore Orioles,9,2,1,0,0,0,0,15.0,2,Observed,1,1,1
P04957,TOR_20260921_1_PA034,TOR_20260921_1,B011,Josh H. Smith,2026-09-21,Test,0,Baltimore Orioles,9,3,2,0,0,0,0,24.0,4,Observed,1,1,1
P04958,TOR_20260921_1_PA034,TOR_20260921_1,B011,Josh H. Smith,2026-09-21,Test,0,Baltimore Orioles,9,4,3,0,0,0,0,18.0,3,Observed,1,1,1
P04959,TOR_20260921_1_PA034,TOR_20260921_1,B011,Josh H. Smith,2026-09-21,Test,0,Baltimore Orioles,9,5,3,1,0,0,0,18.0,3,Observed,1,1,1
P04960,TOR_20260921_1_PA034,TOR_20260921_1,B011,Josh H. Smith,2026-09-21,Test,0,Baltimore Orioles,9,6,3,2,0,0,0,19.0,3,Observed,1,1,1
P04961,TOR_20260921_1_PA034,TOR_20260921_1,B011,Josh H. Smith,2026-09-21,Test,0,Baltimore Orioles,9,7,3,2,0,0,0,19.0,3,Observed,1,1,1
P04962,TOR_20260923_1_PA001,TOR_20260923_1,B014,Nathan Lukes,2026-09-23,Test,0,Baltimore Orioles,1,1,0,0,0,0,0,14.0,3,Observed,1,1,1
P04963,TOR_20260923_1_PA001,TOR_20260923_1,B014,Nathan Lukes,2026-09-23,Test,0,Baltimore Orioles,1,2,1,0,0,0,0,14.0,3,Observed,1,1,1
P04964,TOR_20260923_1_PA001,TOR_20260923_1,B014,Nathan Lukes,2026-09-23,Test,0,Baltimore Orioles,1,3,1,1,0,0,0,16.0,2,Observed,1,1,1
P04965,TOR_20260923_1_PA001,TOR_20260923_1,B014,Nathan Lukes,2026-09-23,Test,0,Baltimore Orioles,1,4,2,1,0,0,0,14.0,4,Observed,1,1,1
P04966,TOR_20260923_1_PA001,TOR_20260923_1,B014,Nathan Lukes,2026-09-23,Test,0,Baltimore Orioles,1,5,2,2,0,0,0,16.0,3,Observed,1,1,1
P04967,TOR_20260923_1_PA002,TOR_20260923_1,B017,Vladimir Guerrero Jr.,2026-09-23,Test,0,Baltimore Orioles,1,1,0,0,0,0,0,14.0,1,Observed,1,1,1
P04968,TOR_20260923_1_PA002,TOR_20260923_1,B017,Vladimir Guerrero Jr.,2026-09-23,Test,0,Baltimore Orioles,1,2,0,1,0,0,0,14.0,0,Observed,1,1,1
P04969,TOR_20260923_1_PA002,TOR_20260923_1,B017,Vladimir Guerrero Jr.,2026-09-23,Test,0,Baltimore Orioles,1,3,0,2,0,0,0,15.0,3,Observed,1,1,1
P04970,TOR_20260923_1_PA002,TOR_20260923_1,B017,Vladimir Guerrero Jr.,2026-09-23,Test,0,Baltimore Orioles,1,4,0,2,0,0,0,16.0,0,Observed,1,1,1
P04971,TOR_20260923_1_PA002,TOR_20260923_1,B017,Vladimir Guerrero Jr.,2026-09-23,Test,0,Baltimore Orioles,1,5,1,2,0,0,0,16.0,0,Observed,1,1,1
P04972,TOR_20260923_1_PA002,TOR_20260923_1,B017,Vladimir Guerrero Jr.,2026-09-23,Test,0,Baltimore Orioles,1,6,2,2,0,0,0,19.0,1,Observed,1,1,1
P04973,TOR_20260923_1_PA003,TOR_20260923_1,B012,Kazuma Okamoto,2026-09-23,Test,0,Baltimore Orioles,1,1,0,0,1,1,0,13.0,1,Observed,1,1,1
P04974,TOR_20260923_1_PA003,TOR_20260923_1,B012,Kazuma Okamoto,2026-09-23,Test,0,Baltimore Orioles,1,2,0,1,1,1,0,13.0,1,Observed,1,1,1
P04975,TOR_20260923_1_PA003,TOR_20260923_1,B012,Kazuma Okamoto,2026-09-23,Test,0,Baltimore Orioles,1,3,1,1,1,1,0,14.0,1,Observed,1,1,1
P04976,TOR_20260923_1_PA003,TOR_20260923_1,B012,Kazuma Okamoto,2026-09-23,Test,0,Baltimore Orioles,1,4,1,2,1,1,0,14.0,1,Observed,1,1,1
P04977,TOR_20260923_1_PA003,TOR_20260923_1,B012,Kazuma Okamoto,2026-09-23,Test,0,Baltimore Orioles,1,5,2,2,1,1,0,15.0,1,Observed,1,1,1
P04978,TOR_20260923_1_PA004,TOR_20260923_1,B009,George Springer,2026-09-23,Test,0,Baltimore Orioles,1,1,0,0,1,1,0,13.0,1,Observed,1,1,1
P04979,TOR_20260923_1_PA004,TOR_20260923_1,B009,George Springer,2026-09-23,Test,0,Baltimore Orioles,1,2,1,0,1,1,0,13.0,1,Observed,1,1,1
P04980,TOR_20260923_1_PA004,TOR_20260923_1,B009,George Springer,2026-09-23,Test,0,Baltimore Orioles,1,3,1,1,1,1,1,14.0,1,Observed,1,1,1
P04981,TOR_20260923_1_PA004,TOR_20260923_1,B009,George Springer,2026-09-23,Test,0,Baltimore Orioles,1,4,1,2,1,1,0,14.0,1,Observed,1,1,1
P04982,TOR_20260923_1_PA004,TOR_20260923_1,B009,George Springer,2026-09-23,Test,0,Baltimore Orioles,1,5,1,2,1,1,0,14.0,1,Observed,1,1,1
P04983,TOR_20260923_1_PA004,TOR_20260923_1,B009,George Springer,2026-09-23,Test,0,Baltimore Orioles,1,6,1,2,1,1,0,15.0,1,Observed,1,1,1
P04984,TOR_20260923_1_PA004,TOR_20260923_1,B009,George Springer,2026-09-23,Test,0,Baltimore Orioles,1,7,2,2,1,1,0,14.0,1,Observed,1,1,1
P04985,TOR_20260923_1_PA005,TOR_20260923_1,B011,Josh H. Smith,2026-09-23,Test,0,Baltimore Orioles,2,1,0,0,0,0,0,16.0,2,Observed,1,1,1
P04986,TOR_20260923_1_PA005,TOR_20260923_1,B011,Josh H. Smith,2026-09-23,Test,0,Baltimore Orioles,2,2,0,1,0,0,0,16.0,3,Observed,1,1,1
P04987,TOR_20260923_1_PA005,TOR_20260923_1,B011,Josh H. Smith,2026-09-23,Test,0,Baltimore Orioles,2,3,0,2,0,0,0,24.0,4,Observed,1,1,1
P04988,TOR_20260923_1_PA005,TOR_20260923_1,B011,Josh H. Smith,2026-09-23,Test,0,Baltimore Orioles,2,4,1,2,0,0,0,19.0,3,Observed,1,1,1
P04989,TOR_20260923_1_PA005,TOR_20260923_1,B011,Josh H. Smith,2026-09-23,Test,0,Baltimore Orioles,2,5,1,2,0,0,0,18.0,3,Observed,1,1,1
P04990,TOR_20260923_1_PA005,TOR_20260923_1,B011,Josh H. Smith,2026-09-23,Test,0,Baltimore Orioles,2,6,2,2,0,0,0,19.0,3,Observed,1,1,1
P04991,TOR_20260923_1_PA005,TOR_20260923_1,B011,Josh H. Smith,2026-09-23,Test,0,Baltimore Orioles,2,7,2,2,0,0,1,17.0,3,Observed,1,1,1
P04992,TOR_20260923_1_PA006,TOR_20260923_1,B002,Andrés Giménez,2026-09-23,Test,0,Baltimore Orioles,2,1,0,0,0,0,0,12.0,1,Observed,1,1,1
P04993,TOR_20260923_1_PA007,TOR_20260923_1,B003,Brandon Valenzuela,2026-09-23,Test,0,Baltimore Orioles,2,1,0,0,1,1,0,16.0,1,Observed,1,1,1
P04994,TOR_20260923_1_PA008,TOR_20260923_1,B013,Myles Straw,2026-09-23,Test,0,Baltimore Orioles,2,1,0,0,1,1,0,13.0,1,Observed,1,1,1
P04995,TOR_20260923_1_PA008,TOR_20260923_1,B013,Myles Straw,2026-09-23,Test,0,Baltimore Orioles,2,2,0,1,1,1,0,14.0,1,Observed,1,1,1
P04996,TOR_20260923_1_PA008,TOR_20260923_1,B013,Myles Straw,2026-09-23,Test,0,Baltimore Orioles,2,3,0,2,1,1,0,15.0,0,Observed,1,1,1
P04997,TOR_20260923_1_PA008,TOR_20260923_1,B013,Myles Straw,2026-09-23,Test,0,Baltimore Orioles,2,4,1,2,1,1,0,15.0,1,Observed,1,1,1
P04998,TOR_20260923_1_PA008,TOR_20260923_1,B013,Myles Straw,2026-09-23,Test,0,Baltimore Orioles,2,5,1,2,1,1,0,15.0,1,Observed,1,1,1
P04999,TOR_20260923_1_PA008,TOR_20260923_1,B013,Myles Straw,2026-09-23,Test,0,Baltimore Orioles,2,6,1,2,1,1,0,16.0,1,Observed,1,1,1
P05000,TOR_20260923_1_PA008,TOR_20260923_1,B013,Myles Straw,2026-09-23,Test,0,Baltimore Orioles,2,7,2,2,1,1,0,15.0,1,Observed,1,1,1
P05001,TOR_20260923_1_PA008,TOR_20260923_1,B013,Myles Straw,2026-09-23,Test,0,Baltimore Orioles,2,8,2,2,1,1,0,15.0,1,Observed,1,1,1
P05002,TOR_20260923_1_PA009,TOR_20260923_1,B008,Ernie Clement,2026-09-23,Test,0,Baltimore Orioles,3,1,0,0,0,0,0,13.0,2,Observed,1,1,1
P05003,TOR_20260923_1_PA009,TOR_20260923_1,B008,Ernie Clement,2026-09-23,Test,0,Baltimore Orioles,3,2,0,1,0,0,0,13.0,2,Observed,1,1,1
P05004,TOR_20260923_1_PA009,TOR_20260923_1,B008,Ernie Clement,2026-09-23,Test,0,Baltimore Orioles,3,3,1,1,0,0,0,15.0,0,Observed,1,1,1
P05005,TOR_20260923_1_PA010,TOR_20260923_1,B014,Nathan Lukes,2026-09-23,Test,0,Baltimore Orioles,3,1,0,0,1,1,0,12.0,3,Observed,1,1,1
P05006,TOR_20260923_1_PA011,TOR_20260923_1,B017,Vladimir Guerrero Jr.,2026-09-23,Test,0,Baltimore Orioles,3,1,0,0,0,1,0,15.0,1,Observed,1,1,1
P05007,TOR_20260923_1_PA011,TOR_20260923_1,B017,Vladimir Guerrero Jr.,2026-09-23,Test,0,Baltimore Orioles,3,2,0,1,0,1,0,15.0,1,Observed,1,1,1
P05008,TOR_20260923_1_PA011,TOR_20260923_1,B017,Vladimir Guerrero Jr.,2026-09-23,Test,0,Baltimore Orioles,3,3,0,2,0,1,0,15.0,3,Observed,1,1,1
P05009,TOR_20260923_1_PA011,TOR_20260923_1,B017,Vladimir Guerrero Jr.,2026-09-23,Test,0,Baltimore Orioles,3,4,0,2,0,1,0,19.0,1,Observed,1,1,1
P05010,TOR_20260923_1_PA012,TOR_20260923_1,B012,Kazuma Okamoto,2026-09-23,Test,0,Baltimore Orioles,3,1,0,0,0,1,0,16.0,1,Observed,1,1,1
P05011,TOR_20260923_1_PA012,TOR_20260923_1,B012,Kazuma Okamoto,2026-09-23,Test,0,Baltimore Orioles,3,2,0,1,0,1,0,14.0,1,Observed,1,1,1
P05012,TOR_20260923_1_PA013,TOR_20260923_1,B009,George Springer,2026-09-23,Test,0,Baltimore Orioles,4,1,0,0,0,0,0,13.0,1,Observed,1,1,1
P05013,TOR_20260923_1_PA013,TOR_20260923_1,B009,George Springer,2026-09-23,Test,0,Baltimore Orioles,4,2,1,0,0,0,0,13.0,1,Observed,1,1,1
P05014,TOR_20260923_1_PA013,TOR_20260923_1,B009,George Springer,2026-09-23,Test,0,Baltimore Orioles,4,3,2,0,0,0,0,16.0,1,Observed,1,1,1
P05015,TOR_20260923_1_PA013,TOR_20260923_1,B009,George Springer,2026-09-23,Test,0,Baltimore Orioles,4,4,2,1,0,0,0,14.0,1,Observed,1,1,1
P05016,TOR_20260923_1_PA013,TOR_20260923_1,B009,George Springer,2026-09-23,Test,0,Baltimore Orioles,4,5,2,2,0,0,0,14.0,1,Observed,1,1,1
P05017,TOR_20260923_1_PA013,TOR_20260923_1,B009,George Springer,2026-09-23,Test,0,Baltimore Orioles,4,6,2,2,0,0,0,14.0,1,Observed,1,1,1
P05018,TOR_20260923_1_PA013,TOR_20260923_1,B009,George Springer,2026-09-23,Test,0,Baltimore Orioles,4,7,2,2,0,0,0,15.0,1,Observed,1,1,1
P05019,TOR_20260923_1_PA013,TOR_20260923_1,B009,George Springer,2026-09-23,Test,0,Baltimore Orioles,4,8,3,2,0,0,0,15.0,1,Observed,1,1,1
P05020,TOR_20260923_1_PA014,TOR_20260923_1,B011,Josh H. Smith,2026-09-23,Test,0,Baltimore Orioles,4,1,0,0,0,0,0,16.0,2,Observed,1,1,1
P05021,TOR_20260923_1_PA014,TOR_20260923_1,B011,Josh H. Smith,2026-09-23,Test,0,Baltimore Orioles,4,2,0,1,0,0,0,15.0,2,Observed,1,1,1
P05022,TOR_20260923_1_PA014,TOR_20260923_1,B011,Josh H. Smith,2026-09-23,Test,0,Baltimore Orioles,4,3,1,1,0,0,0,27.0,3,Observed,1,1,1
P05023,TOR_20260923_1_PA014,TOR_20260923_1,B011,Josh H. Smith,2026-09-23,Test,0,Baltimore Orioles,4,4,1,2,0,0,0,18.0,3,Observed,1,1,1
P05024,TOR_20260923_1_PA014,TOR_20260923_1,B011,Josh H. Smith,2026-09-23,Test,0,Baltimore Orioles,4,5,2,2,0,0,0,19.0,3,Observed,1,1,1
P05025,TOR_20260923_1_PA015,TOR_20260923_1,B002,Andrés Giménez,2026-09-23,Test,0,Baltimore Orioles,4,1,0,0,0,0,0,13.0,1,Observed,1,1,1
P05026,TOR_20260923_1_PA015,TOR_20260923_1,B002,Andrés Giménez,2026-09-23,Test,0,Baltimore Orioles,4,2,1,0,0,0,0,13.0,1,Observed,1,1,1
P05027,TOR_20260923_1_PA015,TOR_20260923_1,B002,Andrés Giménez,2026-09-23,Test,0,Baltimore Orioles,4,3,1,1,0,0,0,16.0,1,Observed,1,1,1
P05028,TOR_20260923_1_PA015,TOR_20260923_1,B002,Andrés Giménez,2026-09-23,Test,0,Baltimore Orioles,4,4,2,1,0,0,0,14.0,1,Observed,1,1,1
P05029,TOR_20260923_1_PA016,TOR_20260923_1,B013,Myles Straw,2026-09-23,Test,0,Baltimore Orioles,5,1,0,0,0,0,0,13.0,1,Observed,1,1,1
P05030,TOR_20260923_1_PA016,TOR_20260923_1,B013,Myles Straw,2026-09-23,Test,0,Baltimore Orioles,5,2,0,1,0,0,0,14.0,1,Observed,1,1,1
P05031,TOR_20260923_1_PA016,TOR_20260923_1,B013,Myles Straw,2026-09-23,Test,0,Baltimore Orioles,5,3,1,1,0,0,0,15.0,0,Observed,1,1,1
P05032,TOR_20260923_1_PA016,TOR_20260923_1,B013,Myles Straw,2026-09-23,Test,0,Baltimore Orioles,5,4,2,1,0,0,0,15.0,1,Observed,1,1,1
P05033,TOR_20260923_1_PA017,TOR_20260923_1,B008,Ernie Clement,2026-09-23,Test,0,Baltimore Orioles,5,1,0,0,0,0,0,12.0,2,Observed,1,1,1
P05034,TOR_20260923_1_PA017,TOR_20260923_1,B008,Ernie Clement,2026-09-23,Test,0,Baltimore Orioles,5,2,0,1,0,0,0,13.0,2,Observed,1,1,1
P05035,TOR_20260923_1_PA017,TOR_20260923_1,B008,Ernie Clement,2026-09-23,Test,0,Baltimore Orioles,5,3,1,1,0,0,0,15.0,0,Observed,1,1,1
P05036,TOR_20260923_1_PA018,TOR_20260923_1,B014,Nathan Lukes,2026-09-23,Test,0,Baltimore Orioles,5,1,0,0,0,1,0,15.0,3,Observed,1,1,1
P05037,TOR_20260923_1_PA018,TOR_20260923_1,B014,Nathan Lukes,2026-09-23,Test,0,Baltimore Orioles,5,2,0,1,0,1,0,15.0,3,Observed,1,1,1
P05038,TOR_20260923_1_PA019,TOR_20260923_1,B017,Vladimir Guerrero Jr.,2026-09-23,Test,0,Baltimore Orioles,5,1,0,0,1,2,0,14.0,1,Observed,1,1,1
P05039,TOR_20260923_1_PA019,TOR_20260923_1,B017,Vladimir Guerrero Jr.,2026-09-23,Test,0,Baltimore Orioles,5,2,1,0,1,2,0,13.0,1,Observed,1,1,1
P05040,TOR_20260923_1_PA019,TOR_20260923_1,B017,Vladimir Guerrero Jr.,2026-09-23,Test,0,Baltimore Orioles,5,3,2,0,1,2,0,12.0,1,Observed,1,1,1
P05041,TOR_20260923_1_PA019,TOR_20260923_1,B017,Vladimir Guerrero Jr.,2026-09-23,Test,0,Baltimore Orioles,5,4,2,1,1,2,0,19.0,1,Observed,1,1,1
P05042,TOR_20260923_1_PA020,TOR_20260923_1,B012,Kazuma Okamoto,2026-09-23,Test,0,Baltimore Orioles,6,1,0,0,0,0,0,13.0,1,Observed,1,1,1
P05043,TOR_20260923_1_PA020,TOR_20260923_1,B012,Kazuma Okamoto,2026-09-23,Test,0,Baltimore Orioles,6,2,1,0,0,0,0,13.0,1,Observed,1,1,1
P05044,TOR_20260923_1_PA020,TOR_20260923_1,B012,Kazuma Okamoto,2026-09-23,Test,0,Baltimore Orioles,6,3,1,1,0,0,0,14.0,1,Observed,1,1,1
P05045,TOR_20260923_1_PA020,TOR_20260923_1,B012,Kazuma Okamoto,2026-09-23,Test,0,Baltimore Orioles,6,4,2,1,0,0,0,15.0,1,Observed,1,1,1
P05046,TOR_20260923_1_PA020,TOR_20260923_1,B012,Kazuma Okamoto,2026-09-23,Test,0,Baltimore Orioles,6,5,2,2,0,0,0,14.0,1,Observed,1,1,1
P05047,TOR_20260923_1_PA020,TOR_20260923_1,B012,Kazuma Okamoto,2026-09-23,Test,0,Baltimore Orioles,6,6,3,2,0,0,0,14.0,1,Observed,1,1,1
P05048,TOR_20260923_1_PA021,TOR_20260923_1,B009,George Springer,2026-09-23,Test,0,Baltimore Orioles,6,1,0,0,0,1,0,13.0,1,Observed,1,1,1
P05049,TOR_20260923_1_PA021,TOR_20260923_1,B009,George Springer,2026-09-23,Test,0,Baltimore Orioles,6,2,0,1,0,1,0,14.0,1,Observed,1,1,1
P05050,TOR_20260923_1_PA022,TOR_20260923_1,B006,Davis Schneider,2026-09-23,Test,0,Baltimore Orioles,6,1,0,0,1,2,0,10.0,2,Observed,1,1,1
P05051,TOR_20260923_1_PA023,TOR_20260923_1,B002,Andrés Giménez,2026-09-23,Test,0,Baltimore Orioles,6,1,0,0,1,2,0,10.0,1,Observed,1,1,1
P05052,TOR_20260923_1_PA023,TOR_20260923_1,B002,Andrés Giménez,2026-09-23,Test,0,Baltimore Orioles,6,2,0,1,1,2,0,13.0,2,Observed,1,1,1
P05053,TOR_20260923_1_PA023,TOR_20260923_1,B002,Andrés Giménez,2026-09-23,Test,0,Baltimore Orioles,6,3,1,1,1,2,0,15.0,2,Observed,1,1,1
P05054,TOR_20260923_1_PA023,TOR_20260923_1,B002,Andrés Giménez,2026-09-23,Test,0,Baltimore Orioles,6,4,1,2,1,2,0,15.0,1,Observed,1,1,1
P05055,TOR_20260923_1_PA023,TOR_20260923_1,B002,Andrés Giménez,2026-09-23,Test,0,Baltimore Orioles,6,5,1,2,1,2,0,16.0,1,Observed,1,1,1
P05056,TOR_20260923_1_PA024,TOR_20260923_1,B003,Brandon Valenzuela,2026-09-23,Test,0,Baltimore Orioles,6,1,0,0,1,2,0,16.0,1,Observed,1,1,1
P05057,TOR_20260923_1_PA025,TOR_20260923_1,B013,Myles Straw,2026-09-23,Test,0,Baltimore Orioles,6,1,0,0,0,1,0,12.0,1,Observed,1,1,1
P05058,TOR_20260923_1_PA025,TOR_20260923_1,B013,Myles Straw,2026-09-23,Test,0,Baltimore Orioles,6,2,0,1,0,1,0,14.0,1,Observed,1,1,1
P05059,TOR_20260923_1_PA025,TOR_20260923_1,B013,Myles Straw,2026-09-23,Test,0,Baltimore Orioles,6,3,1,1,0,1,0,15.0,0,Observed,1,1,1
P05060,TOR_20260923_1_PA025,TOR_20260923_1,B013,Myles Straw,2026-09-23,Test,0,Baltimore Orioles,6,4,2,1,0,1,0,16.0,1,Observed,1,1,1
P05061,TOR_20260923_1_PA025,TOR_20260923_1,B013,Myles Straw,2026-09-23,Test,0,Baltimore Orioles,6,5,3,1,0,1,0,15.0,1,Observed,1,1,1
P05062,TOR_20260923_1_PA026,TOR_20260923_1,B008,Ernie Clement,2026-09-23,Test,0,Baltimore Orioles,6,1,0,0,1,2,0,12.0,1,Observed,1,1,1
P05063,TOR_20260923_1_PA026,TOR_20260923_1,B008,Ernie Clement,2026-09-23,Test,0,Baltimore Orioles,6,2,1,0,1,2,0,13.0,2,Observed,1,1,1
P05064,TOR_20260923_1_PA027,TOR_20260923_1,B014,Nathan Lukes,2026-09-23,Test,0,Baltimore Orioles,7,1,0,0,0,0,0,15.0,3,Observed,1,1,1
P05065,TOR_20260923_1_PA027,TOR_20260923_1,B014,Nathan Lukes,2026-09-23,Test,0,Baltimore Orioles,7,2,0,1,0,0,0,16.0,3,Observed,1,1,1
P05066,TOR_20260923_1_PA027,TOR_20260923_1,B014,Nathan Lukes,2026-09-23,Test,0,Baltimore Orioles,7,3,1,1,0,0,0,16.0,4,Observed,1,1,1
P05067,TOR_20260923_1_PA027,TOR_20260923_1,B014,Nathan Lukes,2026-09-23,Test,0,Baltimore Orioles,7,4,1,2,0,0,0,14.0,4,Observed,1,1,1
P05068,TOR_20260923_1_PA027,TOR_20260923_1,B014,Nathan Lukes,2026-09-23,Test,0,Baltimore Orioles,7,5,1,2,0,0,0,16.0,3,Observed,1,1,1
P05069,TOR_20260923_1_PA028,TOR_20260923_1,B012,Kazuma Okamoto,2026-09-23,Test,0,Baltimore Orioles,7,1,0,0,0,0,0,13.0,1,Observed,1,1,1
P05070,TOR_20260923_1_PA028,TOR_20260923_1,B012,Kazuma Okamoto,2026-09-23,Test,0,Baltimore Orioles,7,2,0,1,0,0,0,14.0,1,Observed,1,1,1
P05071,TOR_20260923_1_PA029,TOR_20260923_1,B009,George Springer,2026-09-23,Test,0,Baltimore Orioles,8,1,0,0,0,0,0,13.0,1,Observed,1,1,1
P05072,TOR_20260923_1_PA029,TOR_20260923_1,B009,George Springer,2026-09-23,Test,0,Baltimore Orioles,8,2,1,0,0,0,0,13.0,1,Observed,1,1,1
P05073,TOR_20260923_1_PA029,TOR_20260923_1,B009,George Springer,2026-09-23,Test,0,Baltimore Orioles,8,3,1,1,0,0,0,14.0,1,Observed,1,1,1
P05074,TOR_20260923_1_PA029,TOR_20260923_1,B009,George Springer,2026-09-23,Test,0,Baltimore Orioles,8,4,2,1,0,0,0,14.0,1,Observed,1,1,1
P05075,TOR_20260923_1_PA030,TOR_20260923_1,B016,Sean Keys,2026-09-23,Test,0,Baltimore Orioles,8,1,0,0,0,0,0,5.0,0,Observed,1,1,1
P05076,TOR_20260923_1_PA030,TOR_20260923_1,B016,Sean Keys,2026-09-23,Test,0,Baltimore Orioles,8,2,1,0,0,0,0,4.0,0,Observed,1,1,1
P05077,TOR_20260923_1_PA031,TOR_20260923_1,B003,Brandon Valenzuela,2026-09-23,Test,0,Baltimore Orioles,9,1,0,0,0,0,0,14.0,2,Observed,1,1,1
P05078,TOR_20260923_1_PA031,TOR_20260923_1,B003,Brandon Valenzuela,2026-09-23,Test,0,Baltimore Orioles,9,2,0,1,0,0,0,14.0,1,Observed,1,1,1
P05079,TOR_20260923_1_PA031,TOR_20260923_1,B003,Brandon Valenzuela,2026-09-23,Test,0,Baltimore Orioles,9,3,1,1,0,0,0,15.0,1,Observed,1,1,1
P05080,TOR_20260923_1_PA031,TOR_20260923_1,B003,Brandon Valenzuela,2026-09-23,Test,0,Baltimore Orioles,9,4,2,1,0,0,0,17.0,1,Observed,1,1,1
P05081,TOR_20260923_1_PA032,TOR_20260923_1,B001,Alejandro Kirk,2026-09-23,Test,0,Baltimore Orioles,9,1,0,0,0,1,0,13.0,3,Observed,1,1,1
P05082,TOR_20260923_1_PA033,TOR_20260923_1,B008,Ernie Clement,2026-09-23,Test,0,Baltimore Orioles,9,1,0,0,0,1,0,13.0,2,Observed,1,1,1
P05083,TOR_20260923_1_PA033,TOR_20260923_1,B008,Ernie Clement,2026-09-23,Test,0,Baltimore Orioles,9,2,0,1,0,1,0,13.0,2,Observed,1,1,1
P05084,TOR_20260923_1_PA034,TOR_20260923_1,B014,Nathan Lukes,2026-09-23,Test,0,Baltimore Orioles,9,1,0,0,0,1,0,14.0,3,Observed,1,1,1
P05085,TOR_20260923_1_PA034,TOR_20260923_1,B014,Nathan Lukes,2026-09-23,Test,0,Baltimore Orioles,9,2,1,0,0,1,0,14.0,2,Observed,1,1,1
P05086,TOR_20260923_1_PA034,TOR_20260923_1,B014,Nathan Lukes,2026-09-23,Test,0,Baltimore Orioles,9,3,1,1,0,1,0,16.0,2,Observed,1,1,1
P05087,TOR_20260923_1_PA034,TOR_20260923_1,B014,Nathan Lukes,2026-09-23,Test,0,Baltimore Orioles,9,4,2,1,0,1,0,14.0,4,Observed,1,1,1
P05088,TOR_20260923_1_PA034,TOR_20260923_1,B014,Nathan Lukes,2026-09-23,Test,0,Baltimore Orioles,9,5,2,2,0,1,0,14.0,4,Observed,1,1,1
P05089,TOR_20260923_1_PA034,TOR_20260923_1,B014,Nathan Lukes,2026-09-23,Test,0,Baltimore Orioles,9,6,2,2,0,1,0,17.0,3,Observed,1,1,1
P05090,TOR_20260923_2_PA001,TOR_20260923_2,B014,Nathan Lukes,2026-09-23,Test,0,Baltimore Orioles,1,1,0,0,0,0,0,15.0,3,Observed,1,1,1
P05091,TOR_20260923_2_PA001,TOR_20260923_2,B014,Nathan Lukes,2026-09-23,Test,0,Baltimore Orioles,1,2,0,1,0,0,0,16.0,3,Observed,1,1,1
P05092,TOR_20260923_2_PA001,TOR_20260923_2,B014,Nathan Lukes,2026-09-23,Test,0,Baltimore Orioles,1,3,1,1,0,0,0,16.0,4,Observed,1,1,1
P05093,TOR_20260923_2_PA001,TOR_20260923_2,B014,Nathan Lukes,2026-09-23,Test,0,Baltimore Orioles,1,4,1,2,0,0,0,14.0,4,Observed,1,1,1
P05094,TOR_20260923_2_PA001,TOR_20260923_2,B014,Nathan Lukes,2026-09-23,Test,0,Baltimore Orioles,1,5,1,2,0,0,0,14.0,4,Observed,1,1,1
P05095,TOR_20260923_2_PA001,TOR_20260923_2,B014,Nathan Lukes,2026-09-23,Test,0,Baltimore Orioles,1,6,1,2,0,0,0,16.0,3,Observed,1,1,1
P05096,TOR_20260923_2_PA002,TOR_20260923_2,B011,Josh H. Smith,2026-09-23,Test,0,Baltimore Orioles,1,1,0,0,0,0,0,16.0,2,Observed,1,1,1
P05097,TOR_20260923_2_PA002,TOR_20260923_2,B011,Josh H. Smith,2026-09-23,Test,0,Baltimore Orioles,1,2,0,1,0,0,0,15.0,2,Observed,1,1,1
P05098,TOR_20260923_2_PA002,TOR_20260923_2,B011,Josh H. Smith,2026-09-23,Test,0,Baltimore Orioles,1,3,1,1,0,0,0,24.0,4,Observed,1,1,1
P05099,TOR_20260923_2_PA002,TOR_20260923_2,B011,Josh H. Smith,2026-09-23,Test,0,Baltimore Orioles,1,4,2,1,0,0,1,17.0,3,Observed,1,1,1
P05100,TOR_20260923_2_PA002,TOR_20260923_2,B011,Josh H. Smith,2026-09-23,Test,0,Baltimore Orioles,1,5,2,2,0,0,0,19.0,3,Observed,1,1,1
P05101,TOR_20260923_2_PA002,TOR_20260923_2,B011,Josh H. Smith,2026-09-23,Test,0,Baltimore Orioles,1,6,2,2,0,0,0,19.0,3,Observed,1,1,1
P05102,TOR_20260923_2_PA002,TOR_20260923_2,B011,Josh H. Smith,2026-09-23,Test,0,Baltimore Orioles,1,7,2,2,0,0,0,19.0,3,Observed,1,1,1
P05103,TOR_20260923_2_PA003,TOR_20260923_2,B001,Alejandro Kirk,2026-09-23,Test,0,Baltimore Orioles,1,1,0,0,0,0,0,13.0,3,Observed,1,1,1
P05104,TOR_20260923_2_PA003,TOR_20260923_2,B001,Alejandro Kirk,2026-09-23,Test,0,Baltimore Orioles,1,2,0,1,0,0,0,14.0,3,Observed,1,1,1
P05105,TOR_20260923_2_PA003,TOR_20260923_2,B001,Alejandro Kirk,2026-09-23,Test,0,Baltimore Orioles,1,3,1,1,0,0,0,16.0,3,Observed,1,1,1
P05106,TOR_20260923_2_PA003,TOR_20260923_2,B001,Alejandro Kirk,2026-09-23,Test,0,Baltimore Orioles,1,4,1,2,0,0,0,15.0,3,Observed,1,1,1
P05107,TOR_20260923_2_PA003,TOR_20260923_2,B001,Alejandro Kirk,2026-09-23,Test,0,Baltimore Orioles,1,5,2,2,0,0,0,15.0,2,Observed,1,1,1
P05108,TOR_20260923_2_PA004,TOR_20260923_2,B012,Kazuma Okamoto,2026-09-23,Test,0,Baltimore Orioles,2,1,0,0,0,0,0,13.0,1,Observed,1,1,1
P05109,TOR_20260923_2_PA004,TOR_20260923_2,B012,Kazuma Okamoto,2026-09-23,Test,0,Baltimore Orioles,2,2,0,1,0,0,0,13.0,1,Observed,1,1,1
P05110,TOR_20260923_2_PA004,TOR_20260923_2,B012,Kazuma Okamoto,2026-09-23,Test,0,Baltimore Orioles,2,3,0,2,0,0,0,14.0,1,Observed,1,1,1
P05111,TOR_20260923_2_PA004,TOR_20260923_2,B012,Kazuma Okamoto,2026-09-23,Test,0,Baltimore Orioles,2,4,0,2,0,0,0,14.0,1,Observed,1,1,1
P05112,TOR_20260923_2_PA004,TOR_20260923_2,B012,Kazuma Okamoto,2026-09-23,Test,0,Baltimore Orioles,2,5,1,2,0,0,0,15.0,1,Observed,1,1,1
P05113,TOR_20260923_2_PA005,TOR_20260923_2,B016,Sean Keys,2026-09-23,Test,0,Baltimore Orioles,2,1,0,0,0,0,0,4.0,0,Observed,1,1,1
P05114,TOR_20260923_2_PA005,TOR_20260923_2,B016,Sean Keys,2026-09-23,Test,0,Baltimore Orioles,2,2,0,1,0,0,0,4.0,0,Observed,1,1,1
P05115,TOR_20260923_2_PA005,TOR_20260923_2,B016,Sean Keys,2026-09-23,Test,0,Baltimore Orioles,2,3,0,2,0,0,0,4.0,0,Observed,1,1,1
P05116,TOR_20260923_2_PA005,TOR_20260923_2,B016,Sean Keys,2026-09-23,Test,0,Baltimore Orioles,2,4,0,2,0,0,0,4.0,0,Observed,1,1,1
P05117,TOR_20260923_2_PA006,TOR_20260923_2,B006,Davis Schneider,2026-09-23,Test,0,Baltimore Orioles,2,1,0,0,0,0,0,9.0,2,Observed,1,1,1
P05118,TOR_20260923_2_PA006,TOR_20260923_2,B006,Davis Schneider,2026-09-23,Test,0,Baltimore Orioles,2,2,1,0,0,0,0,9.0,2,Observed,1,1,1
P05119,TOR_20260923_2_PA006,TOR_20260923_2,B006,Davis Schneider,2026-09-23,Test,0,Baltimore Orioles,2,3,2,0,0,0,0,9.0,2,Observed,1,1,1
P05120,TOR_20260923_2_PA006,TOR_20260923_2,B006,Davis Schneider,2026-09-23,Test,0,Baltimore Orioles,2,4,3,0,0,0,0,9.0,1,Observed,1,1,1
P05121,TOR_20260923_2_PA006,TOR_20260923_2,B006,Davis Schneider,2026-09-23,Test,0,Baltimore Orioles,2,5,3,1,0,0,0,9.0,2,Observed,1,1,1
P05122,TOR_20260923_2_PA007,TOR_20260923_2,B005,Charles McAdoo,2026-09-23,Test,0,Baltimore Orioles,2,1,0,0,0,1,0,14.0,1,Observed,1,1,1
P05123,TOR_20260923_2_PA007,TOR_20260923_2,B005,Charles McAdoo,2026-09-23,Test,0,Baltimore Orioles,2,2,0,1,0,1,0,14.0,1,Observed,1,1,1
P05124,TOR_20260923_2_PA007,TOR_20260923_2,B005,Charles McAdoo,2026-09-23,Test,0,Baltimore Orioles,2,3,1,1,0,1,0,15.0,1,Observed,1,1,1
P05125,TOR_20260923_2_PA007,TOR_20260923_2,B005,Charles McAdoo,2026-09-23,Test,0,Baltimore Orioles,2,4,1,2,0,1,0,13.0,1,Observed,1,1,1
P05126,TOR_20260923_2_PA008,TOR_20260923_2,B013,Myles Straw,2026-09-23,Test,0,Baltimore Orioles,3,1,0,0,0,0,0,13.0,1,Observed,1,1,1
P05127,TOR_20260923_2_PA008,TOR_20260923_2,B013,Myles Straw,2026-09-23,Test,0,Baltimore Orioles,3,2,0,1,0,0,0,14.0,1,Observed,1,1,1
P05128,TOR_20260923_2_PA009,TOR_20260923_2,B008,Ernie Clement,2026-09-23,Test,0,Baltimore Orioles,3,1,0,0,0,1,0,12.0,1,Observed,1,1,1
P05129,TOR_20260923_2_PA009,TOR_20260923_2,B008,Ernie Clement,2026-09-23,Test,0,Baltimore Orioles,3,2,1,0,0,1,0,13.0,2,Observed,1,1,1
P05130,TOR_20260923_2_PA009,TOR_20260923_2,B008,Ernie Clement,2026-09-23,Test,0,Baltimore Orioles,3,3,2,0,0,1,0,13.0,0,Observed,1,1,1
P05131,TOR_20260923_2_PA009,TOR_20260923_2,B008,Ernie Clement,2026-09-23,Test,0,Baltimore Orioles,3,4,3,0,0,1,0,13.0,2,Observed,1,1,1
P05132,TOR_20260923_2_PA009,TOR_20260923_2,B008,Ernie Clement,2026-09-23,Test,0,Baltimore Orioles,3,5,3,1,0,1,0,13.0,2,Observed,1,1,1
P05133,TOR_20260923_2_PA009,TOR_20260923_2,B008,Ernie Clement,2026-09-23,Test,0,Baltimore Orioles,3,6,3,2,0,1,0,15.0,0,Observed,1,1,1
P05134,TOR_20260923_2_PA010,TOR_20260923_2,B014,Nathan Lukes,2026-09-23,Test,0,Baltimore Orioles,3,1,0,0,0,0,0,15.0,3,Observed,1,1,1
P05135,TOR_20260923_2_PA010,TOR_20260923_2,B014,Nathan Lukes,2026-09-23,Test,0,Baltimore Orioles,3,2,0,1,0,0,0,16.0,3,Observed,1,1,1
P05136,TOR_20260923_2_PA010,TOR_20260923_2,B014,Nathan Lukes,2026-09-23,Test,0,Baltimore Orioles,3,3,1,1,0,0,0,15.0,4,Observed,1,1,1
P05137,TOR_20260923_2_PA011,TOR_20260923_2,B011,Josh H. Smith,2026-09-23,Test,0,Baltimore Orioles,3,1,0,0,0,1,0,16.0,2,Observed,1,1,1
P05138,TOR_20260923_2_PA011,TOR_20260923_2,B011,Josh H. Smith,2026-09-23,Test,0,Baltimore Orioles,3,2,0,1,0,1,0,18.0,2,Observed,1,1,1
P05139,TOR_20260923_2_PA011,TOR_20260923_2,B011,Josh H. Smith,2026-09-23,Test,0,Baltimore Orioles,3,3,0,2,0,1,0,27.0,3,Observed,1,1,1
P05140,TOR_20260923_2_PA011,TOR_20260923_2,B011,Josh H. Smith,2026-09-23,Test,0,Baltimore Orioles,3,4,0,2,0,1,0,19.0,3,Observed,1,1,1
P05141,TOR_20260923_2_PA011,TOR_20260923_2,B011,Josh H. Smith,2026-09-23,Test,0,Baltimore Orioles,3,5,0,2,0,1,0,19.0,3,Observed,1,1,1
P05142,TOR_20260923_2_PA011,TOR_20260923_2,B011,Josh H. Smith,2026-09-23,Test,0,Baltimore Orioles,3,6,0,2,0,1,0,19.0,3,Observed,1,1,1
P05143,TOR_20260923_2_PA012,TOR_20260923_2,B001,Alejandro Kirk,2026-09-23,Test,0,Baltimore Orioles,4,1,0,0,0,0,0,12.0,3,Observed,1,1,1
P05144,TOR_20260923_2_PA012,TOR_20260923_2,B001,Alejandro Kirk,2026-09-23,Test,0,Baltimore Orioles,4,2,0,1,0,0,0,14.0,3,Observed,1,1,1
P05145,TOR_20260923_2_PA012,TOR_20260923_2,B001,Alejandro Kirk,2026-09-23,Test,0,Baltimore Orioles,4,3,1,1,0,0,0,17.0,3,Observed,1,1,1
P05146,TOR_20260923_2_PA012,TOR_20260923_2,B001,Alejandro Kirk,2026-09-23,Test,0,Baltimore Orioles,4,4,2,1,0,0,0,15.0,3,Observed,1,1,1
P05147,TOR_20260923_2_PA012,TOR_20260923_2,B001,Alejandro Kirk,2026-09-23,Test,0,Baltimore Orioles,4,5,2,2,0,0,0,15.0,3,Observed,1,1,1
P05148,TOR_20260923_2_PA013,TOR_20260923_2,B012,Kazuma Okamoto,2026-09-23,Test,0,Baltimore Orioles,4,1,0,0,0,0,0,13.0,1,Observed,1,1,1
P05149,TOR_20260923_2_PA013,TOR_20260923_2,B012,Kazuma Okamoto,2026-09-23,Test,0,Baltimore Orioles,4,2,1,0,0,0,0,14.0,1,Observed,1,1,1
P05150,TOR_20260923_2_PA014,TOR_20260923_2,B016,Sean Keys,2026-09-23,Test,0,Baltimore Orioles,4,1,0,0,0,0,0,4.0,0,Observed,1,1,1
P05151,TOR_20260923_2_PA014,TOR_20260923_2,B016,Sean Keys,2026-09-23,Test,0,Baltimore Orioles,4,2,0,1,0,0,0,4.0,0,Observed,1,1,1
P05152,TOR_20260923_2_PA015,TOR_20260923_2,B006,Davis Schneider,2026-09-23,Test,0,Baltimore Orioles,5,1,0,0,0,0,0,10.0,2,Observed,1,1,1
P05153,TOR_20260923_2_PA016,TOR_20260923_2,B005,Charles McAdoo,2026-09-23,Test,0,Baltimore Orioles,5,1,0,0,0,0,0,14.0,1,Observed,1,1,1
P05154,TOR_20260923_2_PA016,TOR_20260923_2,B005,Charles McAdoo,2026-09-23,Test,0,Baltimore Orioles,5,2,0,1,0,0,1,15.0,1,Observed,1,1,1
P05155,TOR_20260923_2_PA016,TOR_20260923_2,B005,Charles McAdoo,2026-09-23,Test,0,Baltimore Orioles,5,3,0,2,0,0,0,14.0,1,Observed,1,1,1
P05156,TOR_20260923_2_PA017,TOR_20260923_2,B013,Myles Straw,2026-09-23,Test,0,Baltimore Orioles,5,1,0,0,0,0,0,12.0,1,Observed,1,1,1
P05157,TOR_20260923_2_PA017,TOR_20260923_2,B013,Myles Straw,2026-09-23,Test,0,Baltimore Orioles,5,2,0,1,0,0,0,14.0,1,Observed,1,1,1
P05158,TOR_20260923_2_PA017,TOR_20260923_2,B013,Myles Straw,2026-09-23,Test,0,Baltimore Orioles,5,3,1,1,0,0,0,15.0,1,Observed,1,1,1
P05159,TOR_20260923_2_PA017,TOR_20260923_2,B013,Myles Straw,2026-09-23,Test,0,Baltimore Orioles,5,4,1,2,0,0,0,12.0,0,Observed,1,1,1
P05160,TOR_20260923_2_PA018,TOR_20260923_2,B008,Ernie Clement,2026-09-23,Test,0,Baltimore Orioles,6,1,0,0,0,0,0,13.0,2,Observed,1,1,1
P05161,TOR_20260923_2_PA018,TOR_20260923_2,B008,Ernie Clement,2026-09-23,Test,0,Baltimore Orioles,6,2,0,1,0,0,0,13.0,2,Observed,1,1,1
P05162,TOR_20260923_2_PA018,TOR_20260923_2,B008,Ernie Clement,2026-09-23,Test,0,Baltimore Orioles,6,3,0,2,0,0,0,14.0,1,Observed,1,1,1
P05163,TOR_20260923_2_PA019,TOR_20260923_2,B014,Nathan Lukes,2026-09-23,Test,0,Baltimore Orioles,6,1,0,0,0,0,0,14.0,3,Observed,1,1,1
P05164,TOR_20260923_2_PA019,TOR_20260923_2,B014,Nathan Lukes,2026-09-23,Test,0,Baltimore Orioles,6,2,1,0,0,0,0,15.0,3,Observed,1,1,1
P05165,TOR_20260923_2_PA020,TOR_20260923_2,B011,Josh H. Smith,2026-09-23,Test,0,Baltimore Orioles,6,1,0,0,0,0,0,16.0,2,Observed,1,1,1
P05166,TOR_20260923_2_PA020,TOR_20260923_2,B011,Josh H. Smith,2026-09-23,Test,0,Baltimore Orioles,6,2,0,1,0,0,0,16.0,3,Observed,1,1,1
P05167,TOR_20260923_2_PA020,TOR_20260923_2,B011,Josh H. Smith,2026-09-23,Test,0,Baltimore Orioles,6,3,0,2,0,0,0,17.0,1,Observed,1,1,1
P05168,TOR_20260923_2_PA021,TOR_20260923_2,B001,Alejandro Kirk,2026-09-23,Test,0,Baltimore Orioles,7,1,0,0,0,0,0,13.0,3,Observed,1,1,1
P05169,TOR_20260923_2_PA021,TOR_20260923_2,B001,Alejandro Kirk,2026-09-23,Test,0,Baltimore Orioles,7,2,0,1,0,0,0,12.0,3,Observed,1,1,1
P05170,TOR_20260923_2_PA021,TOR_20260923_2,B001,Alejandro Kirk,2026-09-23,Test,0,Baltimore Orioles,7,3,0,2,0,0,0,17.0,3,Observed,1,1,1
P05171,TOR_20260923_2_PA021,TOR_20260923_2,B001,Alejandro Kirk,2026-09-23,Test,0,Baltimore Orioles,7,4,1,2,0,0,0,14.0,3,Observed,1,1,1
P05172,TOR_20260923_2_PA021,TOR_20260923_2,B001,Alejandro Kirk,2026-09-23,Test,0,Baltimore Orioles,7,5,1,2,0,0,0,17.0,3,Observed,1,1,1
P05173,TOR_20260923_2_PA022,TOR_20260923_2,B012,Kazuma Okamoto,2026-09-23,Test,0,Baltimore Orioles,7,1,0,0,0,1,0,13.0,1,Observed,1,1,1
P05174,TOR_20260923_2_PA022,TOR_20260923_2,B012,Kazuma Okamoto,2026-09-23,Test,0,Baltimore Orioles,7,2,1,0,0,1,0,14.0,1,Observed,1,1,1
P05175,TOR_20260923_2_PA023,TOR_20260923_2,B016,Sean Keys,2026-09-23,Test,0,Baltimore Orioles,7,1,0,0,0,0,0,4.0,0,Observed,1,1,1
P05176,TOR_20260923_2_PA023,TOR_20260923_2,B016,Sean Keys,2026-09-23,Test,0,Baltimore Orioles,7,2,0,1,0,0,0,5.0,0,Observed,1,1,1
P05177,TOR_20260923_2_PA023,TOR_20260923_2,B016,Sean Keys,2026-09-23,Test,0,Baltimore Orioles,7,3,1,1,0,0,0,5.0,0,Observed,1,1,1
P05178,TOR_20260923_2_PA023,TOR_20260923_2,B016,Sean Keys,2026-09-23,Test,0,Baltimore Orioles,7,4,1,2,0,0,0,4.0,0,Observed,1,1,1
P05179,TOR_20260923_2_PA024,TOR_20260923_2,B006,Davis Schneider,2026-09-23,Test,0,Baltimore Orioles,7,1,0,0,0,1,0,9.0,2,Observed,1,1,1
P05180,TOR_20260923_2_PA024,TOR_20260923_2,B006,Davis Schneider,2026-09-23,Test,0,Baltimore Orioles,7,2,1,0,0,1,0,9.0,2,Observed,1,1,1
P05181,TOR_20260923_2_PA024,TOR_20260923_2,B006,Davis Schneider,2026-09-23,Test,0,Baltimore Orioles,7,3,2,0,0,1,0,9.0,2,Observed,1,1,1
P05182,TOR_20260923_2_PA024,TOR_20260923_2,B006,Davis Schneider,2026-09-23,Test,0,Baltimore Orioles,7,4,3,0,0,1,0,9.0,2,Observed,1,1,1
P05183,TOR_20260923_2_PA025,TOR_20260923_2,B005,Charles McAdoo,2026-09-23,Test,0,Baltimore Orioles,7,1,0,0,1,2,0,12.0,1,Observed,1,1,1
P05184,TOR_20260923_2_PA025,TOR_20260923_2,B005,Charles McAdoo,2026-09-23,Test,0,Baltimore Orioles,7,2,1,0,1,2,0,14.0,1,Observed,1,1,1
P05185,TOR_20260923_2_PA025,TOR_20260923_2,B005,Charles McAdoo,2026-09-23,Test,0,Baltimore Orioles,7,3,2,0,1,2,0,13.0,1,Observed,1,1,1
P05186,TOR_20260923_2_PA025,TOR_20260923_2,B005,Charles McAdoo,2026-09-23,Test,0,Baltimore Orioles,7,4,2,1,1,2,0,12.0,2,Observed,1,1,1
P05187,TOR_20260923_2_PA025,TOR_20260923_2,B005,Charles McAdoo,2026-09-23,Test,0,Baltimore Orioles,7,5,3,1,1,2,0,12.0,2,Observed,1,1,1
P05188,TOR_20260923_2_PA026,TOR_20260923_2,B013,Myles Straw,2026-09-23,Test,0,Baltimore Orioles,7,1,0,0,1,3,0,13.0,1,Observed,1,1,1
P05189,TOR_20260923_2_PA026,TOR_20260923_2,B013,Myles Straw,2026-09-23,Test,0,Baltimore Orioles,7,2,0,1,1,3,0,10.0,1,Observed,1,1,1
P05190,TOR_20260923_2_PA026,TOR_20260923_2,B013,Myles Straw,2026-09-23,Test,0,Baltimore Orioles,7,3,0,2,1,3,0,15.0,0,Observed,1,1,1
P05191,TOR_20260923_2_PA026,TOR_20260923_2,B013,Myles Straw,2026-09-23,Test,0,Baltimore Orioles,7,4,1,2,1,3,0,15.0,1,Observed,1,1,1
P05192,TOR_20260923_2_PA026,TOR_20260923_2,B013,Myles Straw,2026-09-23,Test,0,Baltimore Orioles,7,5,1,2,1,3,0,12.0,0,Observed,1,1,1
P05193,TOR_20260923_2_PA027,TOR_20260923_2,B008,Ernie Clement,2026-09-23,Test,0,Baltimore Orioles,8,1,0,0,0,0,0,12.0,1,Observed,1,1,1
P05194,TOR_20260923_2_PA027,TOR_20260923_2,B008,Ernie Clement,2026-09-23,Test,0,Baltimore Orioles,8,2,1,0,0,0,0,13.0,2,Observed,1,1,1
P05195,TOR_20260923_2_PA028,TOR_20260923_2,B014,Nathan Lukes,2026-09-23,Test,0,Baltimore Orioles,8,1,0,0,0,0,0,15.0,3,Observed,1,1,1
P05196,TOR_20260923_2_PA028,TOR_20260923_2,B014,Nathan Lukes,2026-09-23,Test,0,Baltimore Orioles,8,2,0,1,0,0,0,16.0,3,Observed,1,1,1
P05197,TOR_20260923_2_PA028,TOR_20260923_2,B014,Nathan Lukes,2026-09-23,Test,0,Baltimore Orioles,8,3,1,1,0,0,0,16.0,3,Observed,1,1,1
P05198,TOR_20260923_2_PA028,TOR_20260923_2,B014,Nathan Lukes,2026-09-23,Test,0,Baltimore Orioles,8,4,1,2,0,0,0,14.0,4,Observed,1,1,1
P05199,TOR_20260923_2_PA028,TOR_20260923_2,B014,Nathan Lukes,2026-09-23,Test,0,Baltimore Orioles,8,5,1,2,0,0,0,16.0,3,Observed,1,1,1
P05200,TOR_20260923_2_PA029,TOR_20260923_2,B011,Josh H. Smith,2026-09-23,Test,0,Baltimore Orioles,8,1,0,0,0,1,0,12.0,2,Observed,1,1,1
P05201,TOR_20260923_2_PA029,TOR_20260923_2,B011,Josh H. Smith,2026-09-23,Test,0,Baltimore Orioles,8,2,1,0,0,1,0,19.0,3,Observed,1,1,1
P05202,TOR_20260923_2_PA030,TOR_20260923_2,B001,Alejandro Kirk,2026-09-23,Test,0,Baltimore Orioles,8,1,0,0,1,1,0,13.0,3,Observed,1,1,1
P05203,TOR_20260923_2_PA030,TOR_20260923_2,B001,Alejandro Kirk,2026-09-23,Test,0,Baltimore Orioles,8,2,0,1,1,1,0,12.0,3,Observed,1,1,1
P05204,TOR_20260923_2_PA030,TOR_20260923_2,B001,Alejandro Kirk,2026-09-23,Test,0,Baltimore Orioles,8,3,0,2,1,1,0,17.0,3,Observed,1,1,1
P05205,TOR_20260923_2_PA030,TOR_20260923_2,B001,Alejandro Kirk,2026-09-23,Test,0,Baltimore Orioles,8,4,1,2,1,1,0,15.0,3,Observed,1,1,1
P05206,TOR_20260923_2_PA030,TOR_20260923_2,B001,Alejandro Kirk,2026-09-23,Test,0,Baltimore Orioles,8,5,2,2,1,1,0,14.0,3,Observed,1,1,1
P05207,TOR_20260923_2_PA030,TOR_20260923_2,B001,Alejandro Kirk,2026-09-23,Test,0,Baltimore Orioles,8,6,2,2,1,1,0,15.0,3,Observed,1,1,1
P05208,TOR_20260923_2_PA030,TOR_20260923_2,B001,Alejandro Kirk,2026-09-23,Test,0,Baltimore Orioles,8,7,3,2,1,1,0,17.0,3,Observed,1,1,1
P05209,TOR_20260923_2_PA031,TOR_20260923_2,B012,Kazuma Okamoto,2026-09-23,Test,0,Baltimore Orioles,9,1,0,0,0,0,0,13.0,1,Observed,1,1,1
P05210,TOR_20260923_2_PA031,TOR_20260923_2,B012,Kazuma Okamoto,2026-09-23,Test,0,Baltimore Orioles,9,2,0,1,0,0,0,14.0,1,Observed,1,1,1
P05211,TOR_20260923_2_PA031,TOR_20260923_2,B012,Kazuma Okamoto,2026-09-23,Test,0,Baltimore Orioles,9,3,0,2,0,0,0,14.0,1,Observed,1,1,1
P05212,TOR_20260923_2_PA032,TOR_20260923_2,B016,Sean Keys,2026-09-23,Test,0,Baltimore Orioles,9,1,0,0,0,0,0,4.0,0,Observed,1,1,1
P05213,TOR_20260923_2_PA032,TOR_20260923_2,B016,Sean Keys,2026-09-23,Test,0,Baltimore Orioles,9,2,0,1,0,0,0,5.0,0,Observed,1,1,1
P05214,TOR_20260923_2_PA032,TOR_20260923_2,B016,Sean Keys,2026-09-23,Test,0,Baltimore Orioles,9,3,1,1,0,0,0,4.0,0,Observed,1,1,1
P05215,TOR_20260923_2_PA032,TOR_20260923_2,B016,Sean Keys,2026-09-23,Test,0,Baltimore Orioles,9,4,1,2,0,0,0,4.0,0,Observed,1,1,1
P05216,TOR_20260923_2_PA033,TOR_20260923_2,B006,Davis Schneider,2026-09-23,Test,0,Baltimore Orioles,9,1,0,0,0,1,0,10.0,2,Observed,1,1,1
P05217,TOR_20260923_2_PA033,TOR_20260923_2,B006,Davis Schneider,2026-09-23,Test,0,Baltimore Orioles,9,2,0,1,0,1,0,10.0,2,Observed,1,1,1
P05218,TOR_20260923_2_PA033,TOR_20260923_2,B006,Davis Schneider,2026-09-23,Test,0,Baltimore Orioles,9,3,0,2,0,1,0,9.0,2,Observed,1,1,1
P05219,TOR_20260923_2_PA033,TOR_20260923_2,B006,Davis Schneider,2026-09-23,Test,0,Baltimore Orioles,9,4,1,2,0,1,0,9.0,2,Observed,1,1,1
P05220,TOR_20260923_2_PA033,TOR_20260923_2,B006,Davis Schneider,2026-09-23,Test,0,Baltimore Orioles,9,5,2,2,0,1,0,9.0,1,Observed,1,1,1
P05221,TOR_20260923_2_PA034,TOR_20260923_2,B005,Charles McAdoo,2026-09-23,Test,0,Baltimore Orioles,9,1,0,0,0,0,0,14.0,1,Observed,1,1,1
P05222,TOR_20260923_2_PA034,TOR_20260923_2,B005,Charles McAdoo,2026-09-23,Test,0,Baltimore Orioles,9,2,0,1,0,0,0,15.0,1,Observed,1,1,1
P05223,TOR_20260923_2_PA034,TOR_20260923_2,B005,Charles McAdoo,2026-09-23,Test,0,Baltimore Orioles,9,3,0,2,0,0,0,14.0,1,Observed,1,1,1
P05224,TOR_20260925_1_PA001,TOR_20260925_1,B005,Charles McAdoo,2026-09-25,Test,1,Cincinnati Reds,1,1,0,0,0,0,0,12.0,1,Observed,1,1,1
P05225,TOR_20260925_1_PA001,TOR_20260925_1,B005,Charles McAdoo,2026-09-25,Test,1,Cincinnati Reds,1,2,1,0,0,0,0,14.0,1,Observed,1,1,1
P05226,TOR_20260925_1_PA001,TOR_20260925_1,B005,Charles McAdoo,2026-09-25,Test,1,Cincinnati Reds,1,3,2,0,0,0,0,13.0,1,Observed,1,1,1
P05227,TOR_20260925_1_PA001,TOR_20260925_1,B005,Charles McAdoo,2026-09-25,Test,1,Cincinnati Reds,1,4,2,1,0,0,0,12.0,2,Observed,1,1,1
P05228,TOR_20260925_1_PA001,TOR_20260925_1,B005,Charles McAdoo,2026-09-25,Test,1,Cincinnati Reds,1,5,3,1,0,0,0,14.0,1,Observed,1,1,1
P05229,TOR_20260925_1_PA002,TOR_20260925_1,B001,Alejandro Kirk,2026-09-25,Test,1,Cincinnati Reds,1,1,0,0,1,1,0,13.0,3,Observed,1,1,1
P05230,TOR_20260925_1_PA002,TOR_20260925_1,B001,Alejandro Kirk,2026-09-25,Test,1,Cincinnati Reds,1,2,1,0,1,1,0,13.0,3,Observed,1,1,1
P05231,TOR_20260925_1_PA003,TOR_20260925_1,B017,Vladimir Guerrero Jr.,2026-09-25,Test,1,Cincinnati Reds,1,1,0,0,1,1,0,14.0,1,Observed,1,1,1
P05232,TOR_20260925_1_PA003,TOR_20260925_1,B017,Vladimir Guerrero Jr.,2026-09-25,Test,1,Cincinnati Reds,1,2,1,0,1,1,0,14.0,0,Observed,1,1,1
P05233,TOR_20260925_1_PA003,TOR_20260925_1,B017,Vladimir Guerrero Jr.,2026-09-25,Test,1,Cincinnati Reds,1,3,1,1,1,1,0,14.0,1,Observed,1,1,1
P05234,TOR_20260925_1_PA004,TOR_20260925_1,B009,George Springer,2026-09-25,Test,1,Cincinnati Reds,1,1,0,0,1,1,0,13.0,1,Observed,1,1,1
P05235,TOR_20260925_1_PA004,TOR_20260925_1,B009,George Springer,2026-09-25,Test,1,Cincinnati Reds,1,2,0,1,1,1,0,13.0,1,Observed,1,1,1
P05236,TOR_20260925_1_PA004,TOR_20260925_1,B009,George Springer,2026-09-25,Test,1,Cincinnati Reds,1,3,1,1,1,1,0,14.0,1,Observed,1,1,1
P05237,TOR_20260925_1_PA004,TOR_20260925_1,B009,George Springer,2026-09-25,Test,1,Cincinnati Reds,1,4,2,1,1,1,0,15.0,1,Observed,1,1,1
P05238,TOR_20260925_1_PA004,TOR_20260925_1,B009,George Springer,2026-09-25,Test,1,Cincinnati Reds,1,5,3,1,1,1,0,14.0,1,Observed,1,1,1
P05239,TOR_20260925_1_PA005,TOR_20260925_1,B012,Kazuma Okamoto,2026-09-25,Test,1,Cincinnati Reds,1,1,0,0,1,1,0,13.0,1,Observed,1,1,1
P05240,TOR_20260925_1_PA005,TOR_20260925_1,B012,Kazuma Okamoto,2026-09-25,Test,1,Cincinnati Reds,1,2,1,0,1,1,0,13.0,1,Observed,1,1,1
P05241,TOR_20260925_1_PA005,TOR_20260925_1,B012,Kazuma Okamoto,2026-09-25,Test,1,Cincinnati Reds,1,3,2,0,1,1,0,14.0,1,Observed,1,1,1
P05242,TOR_20260925_1_PA006,TOR_20260925_1,B014,Nathan Lukes,2026-09-25,Test,1,Cincinnati Reds,1,1,0,0,1,1,0,14.0,3,Observed,1,1,1
P05243,TOR_20260925_1_PA006,TOR_20260925_1,B014,Nathan Lukes,2026-09-25,Test,1,Cincinnati Reds,1,2,1,0,1,1,0,14.0,2,Observed,1,1,1
P05244,TOR_20260925_1_PA006,TOR_20260925_1,B014,Nathan Lukes,2026-09-25,Test,1,Cincinnati Reds,1,3,1,1,1,1,0,16.0,3,Observed,1,1,1
P05245,TOR_20260925_1_PA006,TOR_20260925_1,B014,Nathan Lukes,2026-09-25,Test,1,Cincinnati Reds,1,4,1,2,1,1,0,16.0,3,Observed,1,1,1
P05246,TOR_20260925_1_PA007,TOR_20260925_1,B006,Davis Schneider,2026-09-25,Test,1,Cincinnati Reds,2,1,0,0,0,0,0,9.0,2,Observed,1,1,1
P05247,TOR_20260925_1_PA007,TOR_20260925_1,B006,Davis Schneider,2026-09-25,Test,1,Cincinnati Reds,2,2,1,0,0,0,0,10.0,2,Observed,1,1,1
P05248,TOR_20260925_1_PA007,TOR_20260925_1,B006,Davis Schneider,2026-09-25,Test,1,Cincinnati Reds,2,3,1,1,0,0,0,9.0,2,Observed,1,1,1
P05249,TOR_20260925_1_PA008,TOR_20260925_1,B008,Ernie Clement,2026-09-25,Test,1,Cincinnati Reds,2,1,0,0,0,1,0,15.0,2,Observed,1,1,1
P05250,TOR_20260925_1_PA009,TOR_20260925_1,B013,Myles Straw,2026-09-25,Test,1,Cincinnati Reds,2,1,0,0,0,1,0,13.0,1,Observed,1,1,1
P05251,TOR_20260925_1_PA009,TOR_20260925_1,B013,Myles Straw,2026-09-25,Test,1,Cincinnati Reds,2,2,1,0,0,1,0,14.0,1,Observed,1,1,1
P05252,TOR_20260925_1_PA009,TOR_20260925_1,B013,Myles Straw,2026-09-25,Test,1,Cincinnati Reds,2,3,1,1,0,1,0,15.0,0,Observed,1,1,1
P05253,TOR_20260925_1_PA009,TOR_20260925_1,B013,Myles Straw,2026-09-25,Test,1,Cincinnati Reds,2,4,2,1,0,1,0,15.0,1,Observed,1,1,1
P05254,TOR_20260925_1_PA009,TOR_20260925_1,B013,Myles Straw,2026-09-25,Test,1,Cincinnati Reds,2,5,2,2,0,1,0,15.0,1,Observed,1,1,1
P05255,TOR_20260925_1_PA010,TOR_20260925_1,B005,Charles McAdoo,2026-09-25,Test,1,Cincinnati Reds,2,1,0,0,1,2,0,12.0,1,Observed,1,1,1
P05256,TOR_20260925_1_PA010,TOR_20260925_1,B005,Charles McAdoo,2026-09-25,Test,1,Cincinnati Reds,2,2,1,0,1,2,0,14.0,1,Observed,1,1,1
P05257,TOR_20260925_1_PA010,TOR_20260925_1,B005,Charles McAdoo,2026-09-25,Test,1,Cincinnati Reds,2,3,2,0,1,2,0,15.0,1,Observed,1,1,1
P05258,TOR_20260925_1_PA010,TOR_20260925_1,B005,Charles McAdoo,2026-09-25,Test,1,Cincinnati Reds,2,4,2,1,1,2,0,12.0,2,Observed,1,1,1
P05259,TOR_20260925_1_PA010,TOR_20260925_1,B005,Charles McAdoo,2026-09-25,Test,1,Cincinnati Reds,2,5,3,1,1,2,0,14.0,1,Observed,1,1,1
P05260,TOR_20260925_1_PA011,TOR_20260925_1,B001,Alejandro Kirk,2026-09-25,Test,1,Cincinnati Reds,2,1,0,0,1,3,0,14.0,3,Observed,1,1,1
P05261,TOR_20260925_1_PA011,TOR_20260925_1,B001,Alejandro Kirk,2026-09-25,Test,1,Cincinnati Reds,2,2,0,1,1,3,0,13.0,3,Observed,1,1,1
P05262,TOR_20260925_1_PA012,TOR_20260925_1,B017,Vladimir Guerrero Jr.,2026-09-25,Test,1,Cincinnati Reds,3,1,0,0,0,0,0,14.0,1,Observed,1,1,1
P05263,TOR_20260925_1_PA012,TOR_20260925_1,B017,Vladimir Guerrero Jr.,2026-09-25,Test,1,Cincinnati Reds,3,2,1,0,0,0,0,15.0,1,Observed,1,1,1
P05264,TOR_20260925_1_PA012,TOR_20260925_1,B017,Vladimir Guerrero Jr.,2026-09-25,Test,1,Cincinnati Reds,3,3,1,1,0,0,0,14.0,1,Observed,1,1,1
P05265,TOR_20260925_1_PA013,TOR_20260925_1,B009,George Springer,2026-09-25,Test,1,Cincinnati Reds,3,1,0,0,0,0,0,13.0,1,Observed,1,1,1
P05266,TOR_20260925_1_PA013,TOR_20260925_1,B009,George Springer,2026-09-25,Test,1,Cincinnati Reds,3,2,0,1,0,0,0,13.0,1,Observed,1,1,1
P05267,TOR_20260925_1_PA013,TOR_20260925_1,B009,George Springer,2026-09-25,Test,1,Cincinnati Reds,3,3,0,2,0,0,0,14.0,1,Observed,1,1,1
P05268,TOR_20260925_1_PA014,TOR_20260925_1,B012,Kazuma Okamoto,2026-09-25,Test,1,Cincinnati Reds,3,1,0,0,0,0,0,13.0,1,Observed,1,1,1
P05269,TOR_20260925_1_PA014,TOR_20260925_1,B012,Kazuma Okamoto,2026-09-25,Test,1,Cincinnati Reds,3,2,1,0,0,0,0,13.0,1,Observed,1,1,1
P05270,TOR_20260925_1_PA014,TOR_20260925_1,B012,Kazuma Okamoto,2026-09-25,Test,1,Cincinnati Reds,3,3,1,1,0,0,0,14.0,1,Observed,1,1,1
P05271,TOR_20260925_1_PA014,TOR_20260925_1,B012,Kazuma Okamoto,2026-09-25,Test,1,Cincinnati Reds,3,4,2,1,0,0,0,13.0,1,Observed,1,1,1
P05272,TOR_20260925_1_PA014,TOR_20260925_1,B012,Kazuma Okamoto,2026-09-25,Test,1,Cincinnati Reds,3,5,2,2,0,0,0,15.0,1,Observed,1,1,1
P05273,TOR_20260925_1_PA014,TOR_20260925_1,B012,Kazuma Okamoto,2026-09-25,Test,1,Cincinnati Reds,3,6,2,2,0,0,0,14.0,1,Observed,1,1,1
P05274,TOR_20260925_1_PA014,TOR_20260925_1,B012,Kazuma Okamoto,2026-09-25,Test,1,Cincinnati Reds,3,7,3,2,0,0,0,14.0,1,Observed,1,1,1
P05275,TOR_20260925_1_PA015,TOR_20260925_1,B014,Nathan Lukes,2026-09-25,Test,1,Cincinnati Reds,3,1,0,0,0,1,0,15.0,3,Observed,1,1,1
P05276,TOR_20260925_1_PA015,TOR_20260925_1,B014,Nathan Lukes,2026-09-25,Test,1,Cincinnati Reds,3,2,0,1,0,1,0,16.0,3,Observed,1,1,1
P05277,TOR_20260925_1_PA015,TOR_20260925_1,B014,Nathan Lukes,2026-09-25,Test,1,Cincinnati Reds,3,3,1,1,0,1,0,16.0,3,Observed,1,1,1
P05278,TOR_20260925_1_PA015,TOR_20260925_1,B014,Nathan Lukes,2026-09-25,Test,1,Cincinnati Reds,3,4,1,2,0,1,0,14.0,4,Observed,1,1,1
P05279,TOR_20260925_1_PA015,TOR_20260925_1,B014,Nathan Lukes,2026-09-25,Test,1,Cincinnati Reds,3,5,1,2,0,1,0,16.0,3,Observed,1,1,1
P05280,TOR_20260925_1_PA016,TOR_20260925_1,B006,Davis Schneider,2026-09-25,Test,1,Cincinnati Reds,3,1,0,0,1,2,0,10.0,2,Observed,1,1,1
P05281,TOR_20260925_1_PA016,TOR_20260925_1,B006,Davis Schneider,2026-09-25,Test,1,Cincinnati Reds,3,2,0,1,1,2,0,10.0,2,Observed,1,1,1
P05282,TOR_20260925_1_PA016,TOR_20260925_1,B006,Davis Schneider,2026-09-25,Test,1,Cincinnati Reds,3,3,0,2,1,2,0,9.0,2,Observed,1,1,1
P05283,TOR_20260925_1_PA016,TOR_20260925_1,B006,Davis Schneider,2026-09-25,Test,1,Cincinnati Reds,3,4,1,2,1,2,0,9.0,1,Observed,1,1,1
P05284,TOR_20260925_1_PA016,TOR_20260925_1,B006,Davis Schneider,2026-09-25,Test,1,Cincinnati Reds,3,5,2,2,1,2,0,9.0,0,Observed,1,1,1
P05285,TOR_20260925_1_PA016,TOR_20260925_1,B006,Davis Schneider,2026-09-25,Test,1,Cincinnati Reds,3,6,2,2,1,2,0,9.0,1,Observed,1,1,1
P05286,TOR_20260925_1_PA016,TOR_20260925_1,B006,Davis Schneider,2026-09-25,Test,1,Cincinnati Reds,3,7,3,2,1,2,0,9.0,0,Observed,1,1,1
P05287,TOR_20260925_1_PA016,TOR_20260925_1,B006,Davis Schneider,2026-09-25,Test,1,Cincinnati Reds,3,8,3,2,1,2,0,9.0,2,Observed,1,1,1
P05288,TOR_20260925_1_PA017,TOR_20260925_1,B008,Ernie Clement,2026-09-25,Test,1,Cincinnati Reds,3,1,0,0,1,3,0,13.0,2,Observed,1,1,1
P05289,TOR_20260925_1_PA017,TOR_20260925_1,B008,Ernie Clement,2026-09-25,Test,1,Cincinnati Reds,3,2,0,1,1,3,0,13.0,2,Observed,1,1,1
P05290,TOR_20260925_1_PA018,TOR_20260925_1,B013,Myles Straw,2026-09-25,Test,1,Cincinnati Reds,4,1,0,0,0,0,0,13.0,1,Observed,1,1,1
P05291,TOR_20260925_1_PA018,TOR_20260925_1,B013,Myles Straw,2026-09-25,Test,1,Cincinnati Reds,4,2,1,0,0,0,0,14.0,1,Observed,1,1,1
P05292,TOR_20260925_1_PA019,TOR_20260925_1,B005,Charles McAdoo,2026-09-25,Test,1,Cincinnati Reds,4,1,0,0,0,1,0,14.0,1,Observed,1,1,1
P05293,TOR_20260925_1_PA019,TOR_20260925_1,B005,Charles McAdoo,2026-09-25,Test,1,Cincinnati Reds,4,2,0,1,0,1,0,15.0,1,Observed,1,1,1
P05294,TOR_20260925_1_PA019,TOR_20260925_1,B005,Charles McAdoo,2026-09-25,Test,1,Cincinnati Reds,4,3,0,2,0,1,0,14.0,1,Observed,1,1,1
P05295,TOR_20260925_1_PA019,TOR_20260925_1,B005,Charles McAdoo,2026-09-25,Test,1,Cincinnati Reds,4,4,1,2,0,1,0,16.0,1,Observed,1,1,1
P05296,TOR_20260925_1_PA019,TOR_20260925_1,B005,Charles McAdoo,2026-09-25,Test,1,Cincinnati Reds,4,5,1,2,0,1,0,15.0,1,Observed,1,1,1
P05297,TOR_20260925_1_PA020,TOR_20260925_1,B001,Alejandro Kirk,2026-09-25,Test,1,Cincinnati Reds,4,1,0,0,0,1,0,13.0,3,Observed,1,1,1
P05298,TOR_20260925_1_PA020,TOR_20260925_1,B001,Alejandro Kirk,2026-09-25,Test,1,Cincinnati Reds,4,2,0,1,0,1,0,12.0,3,Observed,1,1,1
P05299,TOR_20260925_1_PA020,TOR_20260925_1,B001,Alejandro Kirk,2026-09-25,Test,1,Cincinnati Reds,4,3,0,2,0,1,0,14.0,3,Observed,1,1,1
P05300,TOR_20260925_1_PA020,TOR_20260925_1,B001,Alejandro Kirk,2026-09-25,Test,1,Cincinnati Reds,4,4,0,2,0,1,0,15.0,3,Observed,1,1,1
P05301,TOR_20260925_1_PA020,TOR_20260925_1,B001,Alejandro Kirk,2026-09-25,Test,1,Cincinnati Reds,4,5,1,2,0,1,0,17.0,3,Observed,1,1,1
P05302,TOR_20260925_1_PA021,TOR_20260925_1,B017,Vladimir Guerrero Jr.,2026-09-25,Test,1,Cincinnati Reds,5,1,0,0,0,0,0,14.0,1,Observed,1,1,1
P05303,TOR_20260925_1_PA021,TOR_20260925_1,B017,Vladimir Guerrero Jr.,2026-09-25,Test,1,Cincinnati Reds,5,2,0,1,0,0,0,12.0,1,Observed,1,1,1
P05304,TOR_20260925_1_PA021,TOR_20260925_1,B017,Vladimir Guerrero Jr.,2026-09-25,Test,1,Cincinnati Reds,5,3,0,2,0,0,0,14.0,1,Observed,1,1,1
P05305,TOR_20260925_1_PA021,TOR_20260925_1,B017,Vladimir Guerrero Jr.,2026-09-25,Test,1,Cincinnati Reds,5,4,1,2,0,0,0,21.0,1,Observed,1,1,1
P05306,TOR_20260925_1_PA022,TOR_20260925_1,B009,George Springer,2026-09-25,Test,1,Cincinnati Reds,5,1,0,0,0,0,0,13.0,1,Observed,1,1,1
P05307,TOR_20260925_1_PA022,TOR_20260925_1,B009,George Springer,2026-09-25,Test,1,Cincinnati Reds,5,2,1,0,0,0,0,13.0,1,Observed,1,1,1
P05308,TOR_20260925_1_PA022,TOR_20260925_1,B009,George Springer,2026-09-25,Test,1,Cincinnati Reds,5,3,1,1,0,0,0,14.0,1,Observed,1,1,1
P05309,TOR_20260925_1_PA022,TOR_20260925_1,B009,George Springer,2026-09-25,Test,1,Cincinnati Reds,5,4,2,1,0,0,0,14.0,1,Observed,1,1,1
P05310,TOR_20260925_1_PA023,TOR_20260925_1,B012,Kazuma Okamoto,2026-09-25,Test,1,Cincinnati Reds,5,1,0,0,0,0,0,13.0,1,Observed,1,1,1
P05311,TOR_20260925_1_PA023,TOR_20260925_1,B012,Kazuma Okamoto,2026-09-25,Test,1,Cincinnati Reds,5,2,0,1,0,0,0,13.0,1,Observed,1,1,1
P05312,TOR_20260925_1_PA023,TOR_20260925_1,B012,Kazuma Okamoto,2026-09-25,Test,1,Cincinnati Reds,5,3,1,1,0,0,0,14.0,1,Observed,1,1,1
P05313,TOR_20260925_1_PA023,TOR_20260925_1,B012,Kazuma Okamoto,2026-09-25,Test,1,Cincinnati Reds,5,4,2,1,0,0,0,15.0,1,Observed,1,1,1
P05314,TOR_20260925_1_PA024,TOR_20260925_1,B014,Nathan Lukes,2026-09-25,Test,1,Cincinnati Reds,6,1,0,0,0,0,0,14.0,3,Observed,1,1,1
P05315,TOR_20260925_1_PA025,TOR_20260925_1,B006,Davis Schneider,2026-09-25,Test,1,Cincinnati Reds,6,1,0,0,0,1,0,9.0,2,Observed,1,1,1
P05316,TOR_20260925_1_PA025,TOR_20260925_1,B006,Davis Schneider,2026-09-25,Test,1,Cincinnati Reds,6,2,1,0,0,1,0,10.0,2,Observed,1,1,1
P05317,TOR_20260925_1_PA025,TOR_20260925_1,B006,Davis Schneider,2026-09-25,Test,1,Cincinnati Reds,6,3,1,1,0,1,0,9.0,2,Observed,1,1,1
P05318,TOR_20260925_1_PA025,TOR_20260925_1,B006,Davis Schneider,2026-09-25,Test,1,Cincinnati Reds,6,4,1,2,0,1,0,9.0,2,Observed,1,1,1
P05319,TOR_20260925_1_PA026,TOR_20260925_1,B008,Ernie Clement,2026-09-25,Test,1,Cincinnati Reds,6,1,0,0,0,1,0,12.0,1,Observed,1,1,1
P05320,TOR_20260925_1_PA026,TOR_20260925_1,B008,Ernie Clement,2026-09-25,Test,1,Cincinnati Reds,6,2,1,0,0,1,0,13.0,2,Observed,1,1,1
P05321,TOR_20260925_1_PA027,TOR_20260925_1,B011,Josh H. Smith,2026-09-25,Test,1,Cincinnati Reds,6,1,0,0,0,1,0,12.0,2,Observed,1,1,1
P05322,TOR_20260925_1_PA027,TOR_20260925_1,B011,Josh H. Smith,2026-09-25,Test,1,Cincinnati Reds,6,2,1,0,0,1,0,15.0,2,Observed,1,1,1
P05323,TOR_20260925_1_PA027,TOR_20260925_1,B011,Josh H. Smith,2026-09-25,Test,1,Cincinnati Reds,6,3,2,0,0,1,0,24.0,4,Observed,1,1,1
P05324,TOR_20260925_1_PA027,TOR_20260925_1,B011,Josh H. Smith,2026-09-25,Test,1,Cincinnati Reds,6,4,3,0,0,1,0,18.0,3,Observed,1,1,1
P05325,TOR_20260925_1_PA027,TOR_20260925_1,B011,Josh H. Smith,2026-09-25,Test,1,Cincinnati Reds,6,5,3,1,0,1,0,19.0,3,Observed,1,1,1
P05326,TOR_20260925_1_PA028,TOR_20260925_1,B002,Andrés Giménez,2026-09-25,Test,1,Cincinnati Reds,7,1,0,0,0,0,0,13.0,1,Observed,1,1,1
P05327,TOR_20260925_1_PA028,TOR_20260925_1,B002,Andrés Giménez,2026-09-25,Test,1,Cincinnati Reds,7,2,1,0,0,0,0,13.0,2,Observed,1,1,1
P05328,TOR_20260925_1_PA028,TOR_20260925_1,B002,Andrés Giménez,2026-09-25,Test,1,Cincinnati Reds,7,3,2,0,0,0,0,16.0,1,Observed,1,1,1
P05329,TOR_20260925_1_PA028,TOR_20260925_1,B002,Andrés Giménez,2026-09-25,Test,1,Cincinnati Reds,7,4,3,0,0,0,0,16.0,2,Observed,1,1,1
P05330,TOR_20260925_1_PA029,TOR_20260925_1,B001,Alejandro Kirk,2026-09-25,Test,1,Cincinnati Reds,7,1,0,0,0,1,0,13.0,3,Observed,1,1,1
P05331,TOR_20260925_1_PA029,TOR_20260925_1,B001,Alejandro Kirk,2026-09-25,Test,1,Cincinnati Reds,7,2,1,0,0,1,0,12.0,3,Observed,1,1,1
P05332,TOR_20260925_1_PA029,TOR_20260925_1,B001,Alejandro Kirk,2026-09-25,Test,1,Cincinnati Reds,7,3,1,1,0,1,0,14.0,3,Observed,1,1,1
P05333,TOR_20260925_1_PA029,TOR_20260925_1,B001,Alejandro Kirk,2026-09-25,Test,1,Cincinnati Reds,7,4,1,2,0,1,0,15.0,3,Observed,1,1,1
P05334,TOR_20260925_1_PA029,TOR_20260925_1,B001,Alejandro Kirk,2026-09-25,Test,1,Cincinnati Reds,7,5,2,2,0,1,0,14.0,3,Observed,1,1,1
P05335,TOR_20260925_1_PA029,TOR_20260925_1,B001,Alejandro Kirk,2026-09-25,Test,1,Cincinnati Reds,7,6,2,2,0,1,0,15.0,3,Observed,1,1,1
P05336,TOR_20260925_1_PA029,TOR_20260925_1,B001,Alejandro Kirk,2026-09-25,Test,1,Cincinnati Reds,7,7,3,2,0,1,0,15.0,3,Observed,1,1,1
P05337,TOR_20260925_1_PA030,TOR_20260925_1,B017,Vladimir Guerrero Jr.,2026-09-25,Test,1,Cincinnati Reds,7,1,0,0,1,2,0,14.0,1,Observed,1,1,1
P05338,TOR_20260925_1_PA030,TOR_20260925_1,B017,Vladimir Guerrero Jr.,2026-09-25,Test,1,Cincinnati Reds,7,2,0,1,1,2,0,15.0,1,Observed,1,1,1
P05339,TOR_20260925_1_PA030,TOR_20260925_1,B017,Vladimir Guerrero Jr.,2026-09-25,Test,1,Cincinnati Reds,7,3,0,2,1,2,0,14.0,1,Observed,1,1,1
P05340,TOR_20260925_1_PA031,TOR_20260925_1,B009,George Springer,2026-09-25,Test,1,Cincinnati Reds,7,1,0,0,1,2,0,13.0,1,Observed,1,1,1
P05341,TOR_20260925_1_PA031,TOR_20260925_1,B009,George Springer,2026-09-25,Test,1,Cincinnati Reds,7,2,1,0,1,2,0,14.0,1,Observed,1,1,1
P05342,TOR_20260925_1_PA032,TOR_20260925_1,B012,Kazuma Okamoto,2026-09-25,Test,1,Cincinnati Reds,7,1,0,0,1,3,0,14.0,1,Observed,1,1,1
P05343,TOR_20260925_1_PA033,TOR_20260925_1,B014,Nathan Lukes,2026-09-25,Test,1,Cincinnati Reds,7,1,0,0,1,2,0,15.0,3,Observed,1,1,1
P05344,TOR_20260925_1_PA033,TOR_20260925_1,B014,Nathan Lukes,2026-09-25,Test,1,Cincinnati Reds,7,2,0,1,1,2,0,14.0,2,Observed,1,1,1
P05345,TOR_20260925_1_PA033,TOR_20260925_1,B014,Nathan Lukes,2026-09-25,Test,1,Cincinnati Reds,7,3,0,2,1,2,0,16.0,4,Observed,1,1,1
P05346,TOR_20260925_1_PA033,TOR_20260925_1,B014,Nathan Lukes,2026-09-25,Test,1,Cincinnati Reds,7,4,0,2,1,2,0,14.0,4,Observed,1,1,1
P05347,TOR_20260925_1_PA033,TOR_20260925_1,B014,Nathan Lukes,2026-09-25,Test,1,Cincinnati Reds,7,5,0,2,1,2,0,14.0,4,Observed,1,1,1
P05348,TOR_20260925_1_PA033,TOR_20260925_1,B014,Nathan Lukes,2026-09-25,Test,1,Cincinnati Reds,7,6,0,2,1,2,0,16.0,3,Observed,1,1,1
P05349,TOR_20260925_1_PA034,TOR_20260925_1,B004,Brett Bateman,2026-09-25,Test,1,Cincinnati Reds,7,1,0,0,1,2,0,12.0,1,Observed,1,1,1
P05350,TOR_20260925_1_PA034,TOR_20260925_1,B004,Brett Bateman,2026-09-25,Test,1,Cincinnati Reds,7,2,1,0,1,2,0,12.0,0,Observed,1,1,1
P05351,TOR_20260925_1_PA034,TOR_20260925_1,B004,Brett Bateman,2026-09-25,Test,1,Cincinnati Reds,7,3,2,0,1,2,0,13.0,0,Observed,1,1,1
P05352,TOR_20260925_1_PA034,TOR_20260925_1,B004,Brett Bateman,2026-09-25,Test,1,Cincinnati Reds,7,4,2,1,1,2,0,14.0,0,Observed,1,1,1
P05353,TOR_20260925_1_PA035,TOR_20260925_1,B008,Ernie Clement,2026-09-25,Test,1,Cincinnati Reds,7,1,0,0,1,2,0,12.0,1,Observed,1,1,1
P05354,TOR_20260925_1_PA035,TOR_20260925_1,B008,Ernie Clement,2026-09-25,Test,1,Cincinnati Reds,7,2,1,0,1,2,0,13.0,2,Observed,1,1,1
P05355,TOR_20260925_1_PA035,TOR_20260925_1,B008,Ernie Clement,2026-09-25,Test,1,Cincinnati Reds,7,3,2,0,1,2,0,15.0,0,Observed,1,1,1
P05356,TOR_20260925_1_PA036,TOR_20260925_1,B011,Josh H. Smith,2026-09-25,Test,1,Cincinnati Reds,7,1,0,0,1,2,0,16.0,2,Observed,1,1,1
P05357,TOR_20260925_1_PA036,TOR_20260925_1,B011,Josh H. Smith,2026-09-25,Test,1,Cincinnati Reds,7,2,0,1,1,2,0,15.0,2,Observed,1,1,1
P05358,TOR_20260925_1_PA036,TOR_20260925_1,B011,Josh H. Smith,2026-09-25,Test,1,Cincinnati Reds,7,3,1,1,1,2,0,24.0,4,Observed,1,1,1
P05359,TOR_20260925_1_PA036,TOR_20260925_1,B011,Josh H. Smith,2026-09-25,Test,1,Cincinnati Reds,7,4,2,1,1,2,0,18.0,3,Observed,1,1,1
P05360,TOR_20260925_1_PA036,TOR_20260925_1,B011,Josh H. Smith,2026-09-25,Test,1,Cincinnati Reds,7,5,2,2,1,2,1,17.0,3,Observed,1,1,1
P05361,TOR_20260925_1_PA037,TOR_20260925_1,B002,Andrés Giménez,2026-09-25,Test,1,Cincinnati Reds,8,1,0,0,0,0,0,10.0,1,Observed,1,1,1
P05362,TOR_20260925_1_PA037,TOR_20260925_1,B002,Andrés Giménez,2026-09-25,Test,1,Cincinnati Reds,8,2,0,1,0,0,0,13.0,1,Observed,1,1,1
P05363,TOR_20260925_1_PA037,TOR_20260925_1,B002,Andrés Giménez,2026-09-25,Test,1,Cincinnati Reds,8,3,0,2,0,0,1,14.0,1,Observed,1,1,1
P05364,TOR_20260925_1_PA037,TOR_20260925_1,B002,Andrés Giménez,2026-09-25,Test,1,Cincinnati Reds,8,4,0,2,0,0,0,16.0,1,Observed,1,1,1
P05365,TOR_20260925_1_PA038,TOR_20260925_1,B001,Alejandro Kirk,2026-09-25,Test,1,Cincinnati Reds,8,1,0,0,0,0,0,14.0,3,Observed,1,1,1
P05366,TOR_20260925_1_PA038,TOR_20260925_1,B001,Alejandro Kirk,2026-09-25,Test,1,Cincinnati Reds,8,2,0,1,0,0,0,14.0,3,Observed,1,1,1
P05367,TOR_20260925_1_PA038,TOR_20260925_1,B001,Alejandro Kirk,2026-09-25,Test,1,Cincinnati Reds,8,3,1,1,0,0,0,14.0,3,Observed,1,1,1
P05368,TOR_20260925_1_PA038,TOR_20260925_1,B001,Alejandro Kirk,2026-09-25,Test,1,Cincinnati Reds,8,4,1,2,0,0,0,15.0,3,Observed,1,1,1
P05369,TOR_20260925_1_PA038,TOR_20260925_1,B001,Alejandro Kirk,2026-09-25,Test,1,Cincinnati Reds,8,5,2,2,0,0,0,15.0,3,Observed,1,1,1
P05370,TOR_20260925_1_PA038,TOR_20260925_1,B001,Alejandro Kirk,2026-09-25,Test,1,Cincinnati Reds,8,6,3,2,0,0,0,14.0,3,Observed,1,1,1
P05371,TOR_20260925_1_PA038,TOR_20260925_1,B001,Alejandro Kirk,2026-09-25,Test,1,Cincinnati Reds,8,7,3,2,0,0,0,15.0,3,Observed,1,1,1
P05372,TOR_20260925_1_PA039,TOR_20260925_1,B017,Vladimir Guerrero Jr.,2026-09-25,Test,1,Cincinnati Reds,8,1,0,0,0,1,0,14.0,1,Observed,1,1,1
P05373,TOR_20260925_1_PA039,TOR_20260925_1,B017,Vladimir Guerrero Jr.,2026-09-25,Test,1,Cincinnati Reds,8,2,1,0,0,1,0,15.0,1,Observed,1,1,1
P05374,TOR_20260925_1_PA040,TOR_20260925_1,B009,George Springer,2026-09-25,Test,1,Cincinnati Reds,8,1,0,0,1,1,0,12.0,1,Observed,1,1,1
P05375,TOR_20260925_1_PA040,TOR_20260925_1,B009,George Springer,2026-09-25,Test,1,Cincinnati Reds,8,2,0,1,1,1,0,14.0,1,Observed,1,1,1
P05376,TOR_20260927_1_PA001,TOR_20260927_1,B004,Brett Bateman,2026-09-27,Test,1,Cincinnati Reds,1,1,0,0,0,0,0,12.0,1,Observed,1,1,1
P05377,TOR_20260927_1_PA001,TOR_20260927_1,B004,Brett Bateman,2026-09-27,Test,1,Cincinnati Reds,1,2,1,0,0,0,0,12.0,0,Observed,1,1,1
P05378,TOR_20260927_1_PA001,TOR_20260927_1,B004,Brett Bateman,2026-09-27,Test,1,Cincinnati Reds,1,3,2,0,0,0,0,13.0,0,Observed,1,1,1
P05379,TOR_20260927_1_PA001,TOR_20260927_1,B004,Brett Bateman,2026-09-27,Test,1,Cincinnati Reds,1,4,3,0,0,0,0,15.0,0,Observed,1,1,1
P05380,TOR_20260927_1_PA002,TOR_20260927_1,B014,Nathan Lukes,2026-09-27,Test,1,Cincinnati Reds,1,1,0,0,0,1,0,14.0,3,Observed,1,1,1
P05381,TOR_20260927_1_PA002,TOR_20260927_1,B014,Nathan Lukes,2026-09-27,Test,1,Cincinnati Reds,1,2,1,0,0,1,0,16.0,3,Observed,1,1,1
P05382,TOR_20260927_1_PA002,TOR_20260927_1,B014,Nathan Lukes,2026-09-27,Test,1,Cincinnati Reds,1,3,2,0,0,1,0,16.0,2,Observed,1,1,1
P05383,TOR_20260927_1_PA002,TOR_20260927_1,B014,Nathan Lukes,2026-09-27,Test,1,Cincinnati Reds,1,4,3,0,0,1,0,16.0,3,Observed,1,1,1
P05384,TOR_20260927_1_PA003,TOR_20260927_1,B017,Vladimir Guerrero Jr.,2026-09-27,Test,1,Cincinnati Reds,1,1,0,0,1,2,0,14.0,1,Observed,1,1,1
P05385,TOR_20260927_1_PA003,TOR_20260927_1,B017,Vladimir Guerrero Jr.,2026-09-27,Test,1,Cincinnati Reds,1,2,0,1,1,2,0,15.0,1,Observed,1,1,1
P05386,TOR_20260927_1_PA003,TOR_20260927_1,B017,Vladimir Guerrero Jr.,2026-09-27,Test,1,Cincinnati Reds,1,3,0,2,1,2,0,13.0,2,Observed,1,1,1
P05387,TOR_20260927_1_PA004,TOR_20260927_1,B001,Alejandro Kirk,2026-09-27,Test,1,Cincinnati Reds,1,1,0,0,1,2,0,12.0,3,Observed,1,1,1
P05388,TOR_20260927_1_PA004,TOR_20260927_1,B001,Alejandro Kirk,2026-09-27,Test,1,Cincinnati Reds,1,2,0,1,1,2,0,12.0,3,Observed,1,1,1
P05389,TOR_20260927_1_PA004,TOR_20260927_1,B001,Alejandro Kirk,2026-09-27,Test,1,Cincinnati Reds,1,3,0,2,1,2,0,14.0,3,Observed,1,1,1
P05390,TOR_20260927_1_PA004,TOR_20260927_1,B001,Alejandro Kirk,2026-09-27,Test,1,Cincinnati Reds,1,4,0,2,1,2,0,14.0,3,Observed,1,1,1
P05391,TOR_20260927_1_PA004,TOR_20260927_1,B001,Alejandro Kirk,2026-09-27,Test,1,Cincinnati Reds,1,5,0,2,1,2,0,17.0,3,Observed,1,1,1
P05392,TOR_20260927_1_PA005,TOR_20260927_1,B012,Kazuma Okamoto,2026-09-27,Test,1,Cincinnati Reds,2,1,0,0,0,0,0,13.0,1,Observed,1,1,1
P05393,TOR_20260927_1_PA005,TOR_20260927_1,B012,Kazuma Okamoto,2026-09-27,Test,1,Cincinnati Reds,2,2,0,1,0,0,0,14.0,1,Observed,1,1,1
P05394,TOR_20260927_1_PA005,TOR_20260927_1,B012,Kazuma Okamoto,2026-09-27,Test,1,Cincinnati Reds,2,3,0,2,0,0,0,14.0,1,Observed,1,1,1
P05395,TOR_20260927_1_PA005,TOR_20260927_1,B012,Kazuma Okamoto,2026-09-27,Test,1,Cincinnati Reds,2,4,0,2,0,0,0,14.0,1,Observed,1,1,1
P05396,TOR_20260927_1_PA005,TOR_20260927_1,B012,Kazuma Okamoto,2026-09-27,Test,1,Cincinnati Reds,2,5,1,2,0,0,0,14.0,1,Observed,1,1,1
P05397,TOR_20260927_1_PA005,TOR_20260927_1,B012,Kazuma Okamoto,2026-09-27,Test,1,Cincinnati Reds,2,6,2,2,0,0,0,14.0,1,Observed,1,1,1
P05398,TOR_20260927_1_PA005,TOR_20260927_1,B012,Kazuma Okamoto,2026-09-27,Test,1,Cincinnati Reds,2,7,3,2,0,0,0,15.0,1,Observed,1,1,1
P05399,TOR_20260927_1_PA005,TOR_20260927_1,B012,Kazuma Okamoto,2026-09-27,Test,1,Cincinnati Reds,2,8,3,2,0,0,0,15.0,1,Observed,1,1,1
P05400,TOR_20260927_1_PA006,TOR_20260927_1,B016,Sean Keys,2026-09-27,Test,1,Cincinnati Reds,2,1,0,0,0,0,0,4.0,0,Observed,1,1,1
P05401,TOR_20260927_1_PA007,TOR_20260927_1,B011,Josh H. Smith,2026-09-27,Test,1,Cincinnati Reds,2,1,0,0,0,1,0,16.0,2,Observed,1,1,1
P05402,TOR_20260927_1_PA007,TOR_20260927_1,B011,Josh H. Smith,2026-09-27,Test,1,Cincinnati Reds,2,2,0,1,0,1,0,15.0,2,Observed,1,1,1
P05403,TOR_20260927_1_PA007,TOR_20260927_1,B011,Josh H. Smith,2026-09-27,Test,1,Cincinnati Reds,2,3,1,1,0,1,0,20.0,4,Observed,1,1,1
P05404,TOR_20260927_1_PA008,TOR_20260927_1,B002,Andrés Giménez,2026-09-27,Test,1,Cincinnati Reds,2,1,0,0,0,1,0,12.0,1,Observed,1,1,1
P05405,TOR_20260927_1_PA009,TOR_20260927_1,B008,Ernie Clement,2026-09-27,Test,1,Cincinnati Reds,3,1,0,0,0,0,0,13.0,2,Observed,1,1,1
P05406,TOR_20260927_1_PA009,TOR_20260927_1,B008,Ernie Clement,2026-09-27,Test,1,Cincinnati Reds,3,2,0,1,0,0,0,13.0,2,Observed,1,1,1
P05407,TOR_20260927_1_PA009,TOR_20260927_1,B008,Ernie Clement,2026-09-27,Test,1,Cincinnati Reds,3,3,1,1,0,0,0,14.0,2,Observed,1,1,1
P05408,TOR_20260927_1_PA009,TOR_20260927_1,B008,Ernie Clement,2026-09-27,Test,1,Cincinnati Reds,3,4,1,2,0,0,0,16.0,1,Observed,1,1,1
P05409,TOR_20260927_1_PA009,TOR_20260927_1,B008,Ernie Clement,2026-09-27,Test,1,Cincinnati Reds,3,5,2,2,0,0,0,16.0,1,Observed,1,1,1
P05410,TOR_20260927_1_PA009,TOR_20260927_1,B008,Ernie Clement,2026-09-27,Test,1,Cincinnati Reds,3,6,3,2,0,0,0,13.0,2,Observed,1,1,1
P05411,TOR_20260927_1_PA010,TOR_20260927_1,B004,Brett Bateman,2026-09-27,Test,1,Cincinnati Reds,3,1,0,0,0,0,1,12.0,1,Observed,1,1,1
P05412,TOR_20260927_1_PA011,TOR_20260927_1,B014,Nathan Lukes,2026-09-27,Test,1,Cincinnati Reds,3,1,0,0,1,1,0,12.0,3,Observed,1,1,1
P05413,TOR_20260927_1_PA012,TOR_20260927_1,B017,Vladimir Guerrero Jr.,2026-09-27,Test,1,Cincinnati Reds,3,1,0,0,1,1,0,12.0,1,Observed,1,1,1
P05414,TOR_20260927_1_PA013,TOR_20260927_1,B001,Alejandro Kirk,2026-09-27,Test,1,Cincinnati Reds,4,1,0,0,0,0,0,13.0,3,Observed,1,1,1
P05415,TOR_20260927_1_PA014,TOR_20260927_1,B012,Kazuma Okamoto,2026-09-27,Test,1,Cincinnati Reds,4,1,0,0,0,0,0,13.0,1,Observed,1,1,1
P05416,TOR_20260927_1_PA014,TOR_20260927_1,B012,Kazuma Okamoto,2026-09-27,Test,1,Cincinnati Reds,4,2,0,1,0,0,0,13.0,1,Observed,1,1,1
P05417,TOR_20260927_1_PA014,TOR_20260927_1,B012,Kazuma Okamoto,2026-09-27,Test,1,Cincinnati Reds,4,3,1,1,0,0,0,14.0,2,Observed,1,1,1
P05418,TOR_20260927_1_PA014,TOR_20260927_1,B012,Kazuma Okamoto,2026-09-27,Test,1,Cincinnati Reds,4,4,1,2,0,0,0,14.0,1,Observed,1,1,1
P05419,TOR_20260927_1_PA014,TOR_20260927_1,B012,Kazuma Okamoto,2026-09-27,Test,1,Cincinnati Reds,4,5,2,2,0,0,0,15.0,1,Observed,1,1,1
P05420,TOR_20260927_1_PA014,TOR_20260927_1,B012,Kazuma Okamoto,2026-09-27,Test,1,Cincinnati Reds,4,6,2,2,0,0,0,14.0,1,Observed,1,1,1
P05421,TOR_20260927_1_PA014,TOR_20260927_1,B012,Kazuma Okamoto,2026-09-27,Test,1,Cincinnati Reds,4,7,3,2,0,0,0,15.0,1,Observed,1,1,1
P05422,TOR_20260927_1_PA015,TOR_20260927_1,B016,Sean Keys,2026-09-27,Test,1,Cincinnati Reds,4,1,0,0,0,0,0,4.0,0,Observed,1,1,1
P05423,TOR_20260927_1_PA015,TOR_20260927_1,B016,Sean Keys,2026-09-27,Test,1,Cincinnati Reds,4,2,0,1,0,0,0,4.0,0,Observed,1,1,1
P05424,TOR_20260927_1_PA015,TOR_20260927_1,B016,Sean Keys,2026-09-27,Test,1,Cincinnati Reds,4,3,0,2,0,0,0,5.0,0,Observed,1,1,1
P05425,TOR_20260927_1_PA015,TOR_20260927_1,B016,Sean Keys,2026-09-27,Test,1,Cincinnati Reds,4,4,1,2,0,0,0,5.0,0,Observed,1,1,1
P05426,TOR_20260927_1_PA015,TOR_20260927_1,B016,Sean Keys,2026-09-27,Test,1,Cincinnati Reds,4,5,2,2,0,0,0,5.0,0,Observed,1,1,1
P05427,TOR_20260927_1_PA015,TOR_20260927_1,B016,Sean Keys,2026-09-27,Test,1,Cincinnati Reds,4,6,3,2,0,0,0,4.0,0,Observed,1,1,1
P05428,TOR_20260927_1_PA015,TOR_20260927_1,B016,Sean Keys,2026-09-27,Test,1,Cincinnati Reds,4,7,3,2,0,0,0,4.0,0,Observed,1,1,1
P05429,TOR_20260927_1_PA015,TOR_20260927_1,B016,Sean Keys,2026-09-27,Test,1,Cincinnati Reds,4,8,3,2,0,0,0,4.0,0,Observed,1,1,1
P05430,TOR_20260927_1_PA016,TOR_20260927_1,B011,Josh H. Smith,2026-09-27,Test,1,Cincinnati Reds,5,1,0,0,0,0,0,12.0,2,Observed,1,1,1
P05431,TOR_20260927_1_PA016,TOR_20260927_1,B011,Josh H. Smith,2026-09-27,Test,1,Cincinnati Reds,5,2,1,0,0,0,0,15.0,2,Observed,1,1,1
P05432,TOR_20260927_1_PA016,TOR_20260927_1,B011,Josh H. Smith,2026-09-27,Test,1,Cincinnati Reds,5,3,2,0,0,0,0,24.0,4,Observed,1,1,1
P05433,TOR_20260927_1_PA016,TOR_20260927_1,B011,Josh H. Smith,2026-09-27,Test,1,Cincinnati Reds,5,4,3,0,0,0,0,18.0,3,Observed,1,1,1
P05434,TOR_20260927_1_PA016,TOR_20260927_1,B011,Josh H. Smith,2026-09-27,Test,1,Cincinnati Reds,5,5,3,1,0,0,0,19.0,3,Observed,1,1,1
P05435,TOR_20260927_1_PA016,TOR_20260927_1,B011,Josh H. Smith,2026-09-27,Test,1,Cincinnati Reds,5,6,3,2,0,0,0,19.0,3,Observed,1,1,1
P05436,TOR_20260927_1_PA017,TOR_20260927_1,B002,Andrés Giménez,2026-09-27,Test,1,Cincinnati Reds,5,1,0,0,0,0,0,13.0,1,Observed,1,1,1
P05437,TOR_20260927_1_PA017,TOR_20260927_1,B002,Andrés Giménez,2026-09-27,Test,1,Cincinnati Reds,5,2,1,0,0,0,0,13.0,0,Observed,1,1,1
P05438,TOR_20260927_1_PA017,TOR_20260927_1,B002,Andrés Giménez,2026-09-27,Test,1,Cincinnati Reds,5,3,1,1,0,0,0,14.0,1,Observed,1,1,1
P05439,TOR_20260927_1_PA018,TOR_20260927_1,B008,Ernie Clement,2026-09-27,Test,1,Cincinnati Reds,5,1,0,0,0,1,0,12.0,1,Observed,1,1,1
P05440,TOR_20260927_1_PA018,TOR_20260927_1,B008,Ernie Clement,2026-09-27,Test,1,Cincinnati Reds,5,2,1,0,0,1,0,10.0,1,Observed,1,1,1
P05441,TOR_20260927_1_PA018,TOR_20260927_1,B008,Ernie Clement,2026-09-27,Test,1,Cincinnati Reds,5,3,1,1,0,1,0,14.0,2,Observed,1,1,1
P05442,TOR_20260927_1_PA018,TOR_20260927_1,B008,Ernie Clement,2026-09-27,Test,1,Cincinnati Reds,5,4,1,2,0,1,0,16.0,1,Observed,1,1,1
P05443,TOR_20260927_1_PA018,TOR_20260927_1,B008,Ernie Clement,2026-09-27,Test,1,Cincinnati Reds,5,5,2,2,0,1,0,16.0,1,Observed,1,1,1
P05444,TOR_20260927_1_PA018,TOR_20260927_1,B008,Ernie Clement,2026-09-27,Test,1,Cincinnati Reds,5,6,3,2,0,1,0,16.0,1,Observed,1,1,1
P05445,TOR_20260927_1_PA019,TOR_20260927_1,B004,Brett Bateman,2026-09-27,Test,1,Cincinnati Reds,5,1,0,0,1,2,0,12.0,1,Observed,1,1,1
P05446,TOR_20260927_1_PA019,TOR_20260927_1,B004,Brett Bateman,2026-09-27,Test,1,Cincinnati Reds,5,2,1,0,1,2,0,14.0,0,Observed,1,1,1
P05447,TOR_20260927_1_PA019,TOR_20260927_1,B004,Brett Bateman,2026-09-27,Test,1,Cincinnati Reds,5,3,1,1,1,2,0,13.0,0,Observed,1,1,1
P05448,TOR_20260927_1_PA019,TOR_20260927_1,B004,Brett Bateman,2026-09-27,Test,1,Cincinnati Reds,5,4,2,1,1,2,0,14.0,0,Observed,1,1,1
P05449,TOR_20260927_1_PA020,TOR_20260927_1,B014,Nathan Lukes,2026-09-27,Test,1,Cincinnati Reds,6,1,0,0,0,0,0,14.0,3,Observed,1,1,1
P05450,TOR_20260927_1_PA020,TOR_20260927_1,B014,Nathan Lukes,2026-09-27,Test,1,Cincinnati Reds,6,2,1,0,0,0,0,14.0,3,Observed,1,1,1
P05451,TOR_20260927_1_PA020,TOR_20260927_1,B014,Nathan Lukes,2026-09-27,Test,1,Cincinnati Reds,6,3,1,1,0,0,0,15.0,4,Observed,1,1,1
P05452,TOR_20260927_1_PA021,TOR_20260927_1,B017,Vladimir Guerrero Jr.,2026-09-27,Test,1,Cincinnati Reds,6,1,0,0,0,0,0,12.0,1,Observed,1,1,1
P05453,TOR_20260927_1_PA022,TOR_20260927_1,B001,Alejandro Kirk,2026-09-27,Test,1,Cincinnati Reds,6,1,0,0,0,0,0,13.0,3,Observed,1,1,1
P05454,TOR_20260927_1_PA022,TOR_20260927_1,B001,Alejandro Kirk,2026-09-27,Test,1,Cincinnati Reds,6,2,0,1,0,0,0,12.0,3,Observed,1,1,1
P05455,TOR_20260927_1_PA022,TOR_20260927_1,B001,Alejandro Kirk,2026-09-27,Test,1,Cincinnati Reds,6,3,0,2,0,0,0,14.0,3,Observed,1,1,1
P05456,TOR_20260927_1_PA022,TOR_20260927_1,B001,Alejandro Kirk,2026-09-27,Test,1,Cincinnati Reds,6,4,0,2,0,0,0,17.0,3,Observed,1,1,1
P05457,TOR_20260927_1_PA023,TOR_20260927_1,B012,Kazuma Okamoto,2026-09-27,Test,1,Cincinnati Reds,7,1,0,0,0,0,0,13.0,1,Observed,1,1,1
P05458,TOR_20260927_1_PA023,TOR_20260927_1,B012,Kazuma Okamoto,2026-09-27,Test,1,Cincinnati Reds,7,2,1,0,0,0,0,13.0,1,Observed,1,1,1
P05459,TOR_20260927_1_PA023,TOR_20260927_1,B012,Kazuma Okamoto,2026-09-27,Test,1,Cincinnati Reds,7,3,2,0,0,0,0,14.0,1,Observed,1,1,1
P05460,TOR_20260927_1_PA023,TOR_20260927_1,B012,Kazuma Okamoto,2026-09-27,Test,1,Cincinnati Reds,7,4,3,0,0,0,0,14.0,1,Observed,1,1,1
P05461,TOR_20260927_1_PA024,TOR_20260927_1,B016,Sean Keys,2026-09-27,Test,1,Cincinnati Reds,7,1,0,0,0,1,0,4.0,0,Observed,1,1,1
P05462,TOR_20260927_1_PA024,TOR_20260927_1,B016,Sean Keys,2026-09-27,Test,1,Cincinnati Reds,7,2,0,1,0,1,0,5.0,0,Observed,1,1,1
P05463,TOR_20260927_1_PA024,TOR_20260927_1,B016,Sean Keys,2026-09-27,Test,1,Cincinnati Reds,7,3,1,1,0,1,0,4.0,0,Observed,1,1,1
P05464,TOR_20260927_1_PA024,TOR_20260927_1,B016,Sean Keys,2026-09-27,Test,1,Cincinnati Reds,7,4,1,2,0,1,0,5.0,0,Observed,1,1,1
P05465,TOR_20260927_1_PA024,TOR_20260927_1,B016,Sean Keys,2026-09-27,Test,1,Cincinnati Reds,7,5,2,2,0,1,0,4.0,0,Observed,1,1,1
P05466,TOR_20260927_1_PA025,TOR_20260927_1,B011,Josh H. Smith,2026-09-27,Test,1,Cincinnati Reds,7,1,0,0,0,1,0,12.0,2,Observed,1,1,1
P05467,TOR_20260927_1_PA025,TOR_20260927_1,B011,Josh H. Smith,2026-09-27,Test,1,Cincinnati Reds,7,2,1,0,0,1,0,16.0,3,Observed,1,1,1
P05468,TOR_20260927_1_PA025,TOR_20260927_1,B011,Josh H. Smith,2026-09-27,Test,1,Cincinnati Reds,7,3,1,1,0,1,0,27.0,3,Observed,1,1,1
P05469,TOR_20260927_1_PA025,TOR_20260927_1,B011,Josh H. Smith,2026-09-27,Test,1,Cincinnati Reds,7,4,1,2,0,1,0,19.0,3,Observed,1,1,1
P05470,TOR_20260927_1_PA026,TOR_20260927_1,B002,Andrés Giménez,2026-09-27,Test,1,Cincinnati Reds,7,1,0,0,1,2,0,13.0,1,Observed,1,1,1
P05471,TOR_20260927_1_PA026,TOR_20260927_1,B002,Andrés Giménez,2026-09-27,Test,1,Cincinnati Reds,7,2,1,0,1,2,0,13.0,1,Observed,1,1,1
P05472,TOR_20260927_1_PA026,TOR_20260927_1,B002,Andrés Giménez,2026-09-27,Test,1,Cincinnati Reds,7,3,1,1,1,2,0,16.0,1,Observed,1,1,1
P05473,TOR_20260927_1_PA026,TOR_20260927_1,B002,Andrés Giménez,2026-09-27,Test,1,Cincinnati Reds,7,4,2,1,1,2,0,15.0,1,Observed,1,1,1
P05474,TOR_20260927_1_PA026,TOR_20260927_1,B002,Andrés Giménez,2026-09-27,Test,1,Cincinnati Reds,7,5,2,2,1,2,0,15.0,1,Observed,1,1,1
P05475,TOR_20260927_1_PA026,TOR_20260927_1,B002,Andrés Giménez,2026-09-27,Test,1,Cincinnati Reds,7,6,2,2,1,2,0,14.0,1,Observed,1,1,1
P05476,TOR_20260927_1_PA027,TOR_20260927_1,B008,Ernie Clement,2026-09-27,Test,1,Cincinnati Reds,7,1,0,0,1,1,0,12.0,1,Observed,1,1,1
P05477,TOR_20260927_1_PA027,TOR_20260927_1,B008,Ernie Clement,2026-09-27,Test,1,Cincinnati Reds,7,2,1,0,1,1,0,13.0,2,Observed,1,1,1
P05478,TOR_20260927_1_PA028,TOR_20260927_1,B004,Brett Bateman,2026-09-27,Test,1,Cincinnati Reds,8,1,0,0,0,0,0,13.0,1,Observed,1,1,1
P05479,TOR_20260927_1_PA028,TOR_20260927_1,B004,Brett Bateman,2026-09-27,Test,1,Cincinnati Reds,8,2,0,1,0,0,0,13.0,0,Observed,1,1,1
P05480,TOR_20260927_1_PA028,TOR_20260927_1,B004,Brett Bateman,2026-09-27,Test,1,Cincinnati Reds,8,3,0,2,0,0,0,13.0,0,Observed,1,1,1
P05481,TOR_20260927_1_PA028,TOR_20260927_1,B004,Brett Bateman,2026-09-27,Test,1,Cincinnati Reds,8,4,1,2,0,0,0,15.0,0,Observed,1,1,1
P05482,TOR_20260927_1_PA028,TOR_20260927_1,B004,Brett Bateman,2026-09-27,Test,1,Cincinnati Reds,8,5,2,2,0,0,0,14.0,0,Observed,1,1,1
P05483,TOR_20260927_1_PA029,TOR_20260927_1,B014,Nathan Lukes,2026-09-27,Test,1,Cincinnati Reds,8,1,0,0,0,1,0,12.0,3,Observed,1,1,1
P05484,TOR_20260927_1_PA030,TOR_20260927_1,B017,Vladimir Guerrero Jr.,2026-09-27,Test,1,Cincinnati Reds,8,1,0,0,1,1,0,14.0,1,Observed,1,1,1
P05485,TOR_20260927_1_PA030,TOR_20260927_1,B017,Vladimir Guerrero Jr.,2026-09-27,Test,1,Cincinnati Reds,8,2,0,1,1,1,0,14.0,0,Observed,1,1,1
P05486,TOR_20260927_1_PA030,TOR_20260927_1,B017,Vladimir Guerrero Jr.,2026-09-27,Test,1,Cincinnati Reds,8,3,0,2,1,1,0,13.0,2,Observed,1,1,1
P05487,TOR_20260927_1_PA031,TOR_20260927_1,B001,Alejandro Kirk,2026-09-27,Test,1,Cincinnati Reds,8,1,0,0,1,1,0,13.0,3,Observed,1,1,1
P05488,TOR_20260927_1_PA031,TOR_20260927_1,B001,Alejandro Kirk,2026-09-27,Test,1,Cincinnati Reds,8,2,0,1,1,1,0,13.0,3,Observed,1,1,1
P05489,TOR_20260927_1_PA032,TOR_20260927_1,B012,Kazuma Okamoto,2026-09-27,Test,1,Cincinnati Reds,9,1,0,0,0,0,0,13.0,1,Observed,1,1,1
P05490,TOR_20260927_1_PA032,TOR_20260927_1,B012,Kazuma Okamoto,2026-09-27,Test,1,Cincinnati Reds,9,2,1,0,0,0,0,14.0,1,Observed,1,1,1
P05491,TOR_20260927_1_PA032,TOR_20260927_1,B012,Kazuma Okamoto,2026-09-27,Test,1,Cincinnati Reds,9,3,1,1,0,0,0,14.0,1,Observed,1,1,1
P05492,TOR_20260927_1_PA032,TOR_20260927_1,B012,Kazuma Okamoto,2026-09-27,Test,1,Cincinnati Reds,9,4,2,1,0,0,0,13.0,1,Observed,1,1,1
P05493,TOR_20260927_1_PA032,TOR_20260927_1,B012,Kazuma Okamoto,2026-09-27,Test,1,Cincinnati Reds,9,5,2,2,0,0,0,15.0,1,Observed,1,1,1
P05494,TOR_20260927_1_PA033,TOR_20260927_1,B016,Sean Keys,2026-09-27,Test,1,Cincinnati Reds,9,1,0,0,0,0,0,4.0,0,Observed,1,1,1
P05495,TOR_20260927_1_PA033,TOR_20260927_1,B016,Sean Keys,2026-09-27,Test,1,Cincinnati Reds,9,2,0,1,0,0,0,5.0,0,Observed,1,1,1
P05496,TOR_20260927_1_PA033,TOR_20260927_1,B016,Sean Keys,2026-09-27,Test,1,Cincinnati Reds,9,3,1,1,0,0,0,4.0,0,Observed,1,1,1
P05497,TOR_20260927_1_PA034,TOR_20260927_1,B011,Josh H. Smith,2026-09-27,Test,1,Cincinnati Reds,9,1,0,0,0,0,0,16.0,2,Observed,1,1,1
P05498,TOR_20260927_1_PA034,TOR_20260927_1,B011,Josh H. Smith,2026-09-27,Test,1,Cincinnati Reds,9,2,0,1,0,0,0,19.0,3,Observed,1,1,1
P05499,TOR_20260927_2_PA001,TOR_20260927_2,B009,George Springer,2026-09-27,Test,1,Cincinnati Reds,1,1,0,0,0,0,0,13.0,1,Observed,1,1,1
P05500,TOR_20260927_2_PA001,TOR_20260927_2,B009,George Springer,2026-09-27,Test,1,Cincinnati Reds,1,2,1,0,0,0,0,13.0,1,Observed,1,1,1
P05501,TOR_20260927_2_PA001,TOR_20260927_2,B009,George Springer,2026-09-27,Test,1,Cincinnati Reds,1,3,1,1,0,0,0,16.0,1,Observed,1,1,1
P05502,TOR_20260927_2_PA001,TOR_20260927_2,B009,George Springer,2026-09-27,Test,1,Cincinnati Reds,1,4,1,2,0,0,0,15.0,1,Observed,1,1,1
P05503,TOR_20260927_2_PA002,TOR_20260927_2,B004,Brett Bateman,2026-09-27,Test,1,Cincinnati Reds,1,1,0,0,0,0,0,12.0,1,Observed,1,1,1
P05504,TOR_20260927_2_PA002,TOR_20260927_2,B004,Brett Bateman,2026-09-27,Test,1,Cincinnati Reds,1,2,1,0,0,0,0,13.0,0,Observed,1,1,1
P05505,TOR_20260927_2_PA002,TOR_20260927_2,B004,Brett Bateman,2026-09-27,Test,1,Cincinnati Reds,1,3,1,1,0,0,0,12.0,1,Observed,1,1,1
P05506,TOR_20260927_2_PA002,TOR_20260927_2,B004,Brett Bateman,2026-09-27,Test,1,Cincinnati Reds,1,4,1,2,0,0,0,15.0,0,Observed,1,1,1
P05507,TOR_20260927_2_PA002,TOR_20260927_2,B004,Brett Bateman,2026-09-27,Test,1,Cincinnati Reds,1,5,2,2,0,0,0,13.0,0,Observed,1,1,1
P05508,TOR_20260927_2_PA002,TOR_20260927_2,B004,Brett Bateman,2026-09-27,Test,1,Cincinnati Reds,1,6,2,2,0,0,0,15.0,0,Observed,1,1,1
P05509,TOR_20260927_2_PA002,TOR_20260927_2,B004,Brett Bateman,2026-09-27,Test,1,Cincinnati Reds,1,7,3,2,0,0,0,14.0,0,Observed,1,1,1
P05510,TOR_20260927_2_PA003,TOR_20260927_2,B012,Kazuma Okamoto,2026-09-27,Test,1,Cincinnati Reds,1,1,0,0,0,1,0,13.0,1,Observed,1,1,1
P05511,TOR_20260927_2_PA003,TOR_20260927_2,B012,Kazuma Okamoto,2026-09-27,Test,1,Cincinnati Reds,1,2,1,0,0,1,0,13.0,1,Observed,1,1,1
P05512,TOR_20260927_2_PA003,TOR_20260927_2,B012,Kazuma Okamoto,2026-09-27,Test,1,Cincinnati Reds,1,3,2,0,0,1,0,14.0,1,Observed,1,1,1
P05513,TOR_20260927_2_PA003,TOR_20260927_2,B012,Kazuma Okamoto,2026-09-27,Test,1,Cincinnati Reds,1,4,3,0,0,1,0,15.0,1,Observed,1,1,1
P05514,TOR_20260927_2_PA003,TOR_20260927_2,B012,Kazuma Okamoto,2026-09-27,Test,1,Cincinnati Reds,1,5,3,1,0,1,0,13.0,1,Observed,1,1,1
P05515,TOR_20260927_2_PA003,TOR_20260927_2,B012,Kazuma Okamoto,2026-09-27,Test,1,Cincinnati Reds,1,6,3,2,0,1,0,15.0,1,Observed,1,1,1
P05516,TOR_20260927_2_PA003,TOR_20260927_2,B012,Kazuma Okamoto,2026-09-27,Test,1,Cincinnati Reds,1,7,3,2,0,1,0,13.0,1,Observed,1,1,1
P05517,TOR_20260927_2_PA004,TOR_20260927_2,B005,Charles McAdoo,2026-09-27,Test,1,Cincinnati Reds,1,1,0,0,0,1,0,14.0,1,Observed,1,1,1
P05518,TOR_20260927_2_PA004,TOR_20260927_2,B005,Charles McAdoo,2026-09-27,Test,1,Cincinnati Reds,1,2,0,1,0,1,0,14.0,1,Observed,1,1,1
P05519,TOR_20260927_2_PA004,TOR_20260927_2,B005,Charles McAdoo,2026-09-27,Test,1,Cincinnati Reds,1,3,1,1,0,1,0,15.0,1,Observed,1,1,1
P05520,TOR_20260927_2_PA004,TOR_20260927_2,B005,Charles McAdoo,2026-09-27,Test,1,Cincinnati Reds,1,4,1,2,0,1,0,14.0,1,Observed,1,1,1
P05521,TOR_20260927_2_PA005,TOR_20260927_2,B006,Davis Schneider,2026-09-27,Test,1,Cincinnati Reds,2,1,0,0,0,0,0,9.0,2,Observed,1,1,1
P05522,TOR_20260927_2_PA005,TOR_20260927_2,B006,Davis Schneider,2026-09-27,Test,1,Cincinnati Reds,2,2,1,0,0,0,0,9.0,2,Observed,1,1,1
P05523,TOR_20260927_2_PA005,TOR_20260927_2,B006,Davis Schneider,2026-09-27,Test,1,Cincinnati Reds,2,3,2,0,0,0,0,9.0,2,Observed,1,1,1
P05524,TOR_20260927_2_PA005,TOR_20260927_2,B006,Davis Schneider,2026-09-27,Test,1,Cincinnati Reds,2,4,2,1,0,0,0,10.0,2,Observed,1,1,1
P05525,TOR_20260927_2_PA005,TOR_20260927_2,B006,Davis Schneider,2026-09-27,Test,1,Cincinnati Reds,2,5,2,2,0,0,0,9.0,0,Observed,1,1,1
P05526,TOR_20260927_2_PA005,TOR_20260927_2,B006,Davis Schneider,2026-09-27,Test,1,Cincinnati Reds,2,6,2,2,0,0,0,9.0,1,Observed,1,1,1
P05527,TOR_20260927_2_PA005,TOR_20260927_2,B006,Davis Schneider,2026-09-27,Test,1,Cincinnati Reds,2,7,3,2,0,0,0,9.0,1,Observed,1,1,1
P05528,TOR_20260927_2_PA006,TOR_20260927_2,B003,Brandon Valenzuela,2026-09-27,Test,1,Cincinnati Reds,2,1,0,0,0,1,0,14.0,1,Observed,1,1,1
P05529,TOR_20260927_2_PA006,TOR_20260927_2,B003,Brandon Valenzuela,2026-09-27,Test,1,Cincinnati Reds,2,2,1,0,0,1,0,14.0,1,Observed,1,1,1
P05530,TOR_20260927_2_PA006,TOR_20260927_2,B003,Brandon Valenzuela,2026-09-27,Test,1,Cincinnati Reds,2,3,2,0,0,1,0,16.0,1,Observed,1,1,1
P05531,TOR_20260927_2_PA007,TOR_20260927_2,B013,Myles Straw,2026-09-27,Test,1,Cincinnati Reds,2,1,0,0,0,0,0,13.0,1,Observed,1,1,1
P05532,TOR_20260927_2_PA007,TOR_20260927_2,B013,Myles Straw,2026-09-27,Test,1,Cincinnati Reds,2,2,1,0,0,0,0,14.0,1,Observed,1,1,1
P05533,TOR_20260927_2_PA007,TOR_20260927_2,B013,Myles Straw,2026-09-27,Test,1,Cincinnati Reds,2,3,1,1,0,0,0,15.0,0,Observed,1,1,1
P05534,TOR_20260927_2_PA007,TOR_20260927_2,B013,Myles Straw,2026-09-27,Test,1,Cincinnati Reds,2,4,2,1,0,0,0,16.0,1,Observed,1,1,1
P05535,TOR_20260927_2_PA007,TOR_20260927_2,B013,Myles Straw,2026-09-27,Test,1,Cincinnati Reds,2,5,3,1,0,0,0,15.0,1,Observed,1,1,1
P05536,TOR_20260927_2_PA007,TOR_20260927_2,B013,Myles Straw,2026-09-27,Test,1,Cincinnati Reds,2,6,3,2,0,0,0,15.0,1,Observed,1,1,1
P05537,TOR_20260927_2_PA008,TOR_20260927_2,B002,Andrés Giménez,2026-09-27,Test,1,Cincinnati Reds,2,1,0,0,0,0,0,13.0,1,Observed,1,1,1
P05538,TOR_20260927_2_PA008,TOR_20260927_2,B002,Andrés Giménez,2026-09-27,Test,1,Cincinnati Reds,2,2,0,1,0,0,0,13.0,2,Observed,1,1,1
P05539,TOR_20260927_2_PA008,TOR_20260927_2,B002,Andrés Giménez,2026-09-27,Test,1,Cincinnati Reds,2,3,1,1,0,0,1,14.0,1,Observed,1,1,1
P05540,TOR_20260927_2_PA008,TOR_20260927_2,B002,Andrés Giménez,2026-09-27,Test,1,Cincinnati Reds,2,4,1,2,0,0,0,14.0,1,Observed,1,1,1
P05541,TOR_20260927_2_PA009,TOR_20260927_2,B008,Ernie Clement,2026-09-27,Test,1,Cincinnati Reds,2,1,0,0,0,0,0,12.0,2,Observed,1,1,1
P05542,TOR_20260927_2_PA009,TOR_20260927_2,B008,Ernie Clement,2026-09-27,Test,1,Cincinnati Reds,2,2,0,1,0,0,0,13.0,2,Observed,1,1,1
P05543,TOR_20260927_2_PA010,TOR_20260927_2,B009,George Springer,2026-09-27,Test,1,Cincinnati Reds,3,1,0,0,0,0,0,13.0,1,Observed,1,1,1
P05544,TOR_20260927_2_PA010,TOR_20260927_2,B009,George Springer,2026-09-27,Test,1,Cincinnati Reds,3,2,1,0,0,0,0,13.0,1,Observed,1,1,1
P05545,TOR_20260927_2_PA010,TOR_20260927_2,B009,George Springer,2026-09-27,Test,1,Cincinnati Reds,3,3,2,0,0,0,0,14.0,1,Observed,1,1,1
P05546,TOR_20260927_2_PA010,TOR_20260927_2,B009,George Springer,2026-09-27,Test,1,Cincinnati Reds,3,4,2,1,0,0,0,14.0,1,Observed,1,1,1
P05547,TOR_20260927_2_PA010,TOR_20260927_2,B009,George Springer,2026-09-27,Test,1,Cincinnati Reds,3,5,2,2,0,0,0,14.0,1,Observed,1,1,1
P05548,TOR_20260927_2_PA010,TOR_20260927_2,B009,George Springer,2026-09-27,Test,1,Cincinnati Reds,3,6,2,2,0,0,0,14.0,1,Observed,1,1,1
P05549,TOR_20260927_2_PA011,TOR_20260927_2,B004,Brett Bateman,2026-09-27,Test,1,Cincinnati Reds,3,1,0,0,1,1,0,14.0,1,Observed,1,1,1
P05550,TOR_20260927_2_PA011,TOR_20260927_2,B004,Brett Bateman,2026-09-27,Test,1,Cincinnati Reds,3,2,0,1,1,1,0,12.0,0,Observed,1,1,1
P05551,TOR_20260927_2_PA012,TOR_20260927_2,B012,Kazuma Okamoto,2026-09-27,Test,1,Cincinnati Reds,3,1,0,0,1,2,0,13.0,1,Observed,1,1,1
P05552,TOR_20260927_2_PA012,TOR_20260927_2,B012,Kazuma Okamoto,2026-09-27,Test,1,Cincinnati Reds,3,2,1,0,1,2,0,13.0,1,Observed,1,1,1
P05553,TOR_20260927_2_PA012,TOR_20260927_2,B012,Kazuma Okamoto,2026-09-27,Test,1,Cincinnati Reds,3,3,2,0,1,2,0,14.0,1,Observed,1,1,1
P05554,TOR_20260927_2_PA012,TOR_20260927_2,B012,Kazuma Okamoto,2026-09-27,Test,1,Cincinnati Reds,3,4,3,0,1,2,0,14.0,1,Observed,1,1,1
P05555,TOR_20260927_2_PA013,TOR_20260927_2,B005,Charles McAdoo,2026-09-27,Test,1,Cincinnati Reds,3,1,0,0,1,3,0,12.0,1,Observed,1,1,1
P05556,TOR_20260927_2_PA013,TOR_20260927_2,B005,Charles McAdoo,2026-09-27,Test,1,Cincinnati Reds,3,2,1,0,1,3,0,14.0,1,Observed,1,1,1
P05557,TOR_20260927_2_PA013,TOR_20260927_2,B005,Charles McAdoo,2026-09-27,Test,1,Cincinnati Reds,3,3,2,0,1,3,0,14.0,1,Observed,1,1,1
P05558,TOR_20260927_2_PA014,TOR_20260927_2,B006,Davis Schneider,2026-09-27,Test,1,Cincinnati Reds,3,1,0,0,1,2,0,10.0,2,Observed,1,1,1
P05559,TOR_20260927_2_PA014,TOR_20260927_2,B006,Davis Schneider,2026-09-27,Test,1,Cincinnati Reds,3,2,0,1,1,2,0,9.0,2,Observed,1,1,1
P05560,TOR_20260927_2_PA014,TOR_20260927_2,B006,Davis Schneider,2026-09-27,Test,1,Cincinnati Reds,3,3,1,1,1,2,0,9.0,2,Observed,1,1,1
P05561,TOR_20260927_2_PA014,TOR_20260927_2,B006,Davis Schneider,2026-09-27,Test,1,Cincinnati Reds,3,4,2,1,1,2,0,9.0,1,Observed,1,1,1
P05562,TOR_20260927_2_PA014,TOR_20260927_2,B006,Davis Schneider,2026-09-27,Test,1,Cincinnati Reds,3,5,2,2,1,2,0,9.0,1,Observed,1,1,1
P05563,TOR_20260927_2_PA014,TOR_20260927_2,B006,Davis Schneider,2026-09-27,Test,1,Cincinnati Reds,3,6,3,2,1,2,0,9.0,0,Observed,1,1,1
P05564,TOR_20260927_2_PA014,TOR_20260927_2,B006,Davis Schneider,2026-09-27,Test,1,Cincinnati Reds,3,7,3,2,1,2,0,9.0,0,Observed,1,1,1
P05565,TOR_20260927_2_PA014,TOR_20260927_2,B006,Davis Schneider,2026-09-27,Test,1,Cincinnati Reds,3,8,3,2,1,2,0,9.0,1,Observed,1,1,1
P05566,TOR_20260927_2_PA015,TOR_20260927_2,B003,Brandon Valenzuela,2026-09-27,Test,1,Cincinnati Reds,3,1,0,0,1,2,0,14.0,1,Observed,1,1,1
P05567,TOR_20260927_2_PA015,TOR_20260927_2,B003,Brandon Valenzuela,2026-09-27,Test,1,Cincinnati Reds,3,2,1,0,1,2,0,14.0,1,Observed,1,1,1
P05568,TOR_20260927_2_PA015,TOR_20260927_2,B003,Brandon Valenzuela,2026-09-27,Test,1,Cincinnati Reds,3,3,2,0,1,2,0,15.0,1,Observed,1,1,1
P05569,TOR_20260927_2_PA015,TOR_20260927_2,B003,Brandon Valenzuela,2026-09-27,Test,1,Cincinnati Reds,3,4,3,0,1,2,0,14.0,1,Observed,1,1,1
P05570,TOR_20260927_2_PA016,TOR_20260927_2,B013,Myles Straw,2026-09-27,Test,1,Cincinnati Reds,3,1,0,0,1,3,0,13.0,1,Observed,1,1,1
P05571,TOR_20260927_2_PA016,TOR_20260927_2,B013,Myles Straw,2026-09-27,Test,1,Cincinnati Reds,3,2,0,1,1,3,0,14.0,1,Observed,1,1,1
P05572,TOR_20260927_2_PA016,TOR_20260927_2,B013,Myles Straw,2026-09-27,Test,1,Cincinnati Reds,3,3,1,1,1,3,0,15.0,1,Observed,1,1,1
P05573,TOR_20260927_2_PA016,TOR_20260927_2,B013,Myles Straw,2026-09-27,Test,1,Cincinnati Reds,3,4,1,2,1,3,0,16.0,1,Observed,1,1,1
P05574,TOR_20260927_2_PA016,TOR_20260927_2,B013,Myles Straw,2026-09-27,Test,1,Cincinnati Reds,3,5,2,2,1,3,0,14.0,1,Observed,1,1,1
P05575,TOR_20260927_2_PA017,TOR_20260927_2,B002,Andrés Giménez,2026-09-27,Test,1,Cincinnati Reds,4,1,0,0,0,0,0,13.0,1,Observed,1,1,1
P05576,TOR_20260927_2_PA017,TOR_20260927_2,B002,Andrés Giménez,2026-09-27,Test,1,Cincinnati Reds,4,2,0,1,0,0,0,13.0,1,Observed,1,1,1
P05577,TOR_20260927_2_PA017,TOR_20260927_2,B002,Andrés Giménez,2026-09-27,Test,1,Cincinnati Reds,4,3,0,2,0,0,0,14.0,1,Observed,1,1,1
P05578,TOR_20260927_2_PA018,TOR_20260927_2,B008,Ernie Clement,2026-09-27,Test,1,Cincinnati Reds,4,1,0,0,0,1,0,15.0,2,Observed,1,1,1
P05579,TOR_20260927_2_PA019,TOR_20260927_2,B016,Sean Keys,2026-09-27,Test,1,Cincinnati Reds,4,1,0,0,0,0,0,5.0,0,Observed,1,1,1
P05580,TOR_20260927_2_PA019,TOR_20260927_2,B016,Sean Keys,2026-09-27,Test,1,Cincinnati Reds,4,2,1,0,0,0,0,5.0,0,Observed,1,1,1
P05581,TOR_20260927_2_PA019,TOR_20260927_2,B016,Sean Keys,2026-09-27,Test,1,Cincinnati Reds,4,3,2,0,0,0,0,5.0,0,Observed,1,1,1
P05582,TOR_20260927_2_PA019,TOR_20260927_2,B016,Sean Keys,2026-09-27,Test,1,Cincinnati Reds,4,4,3,0,0,0,0,4.0,0,Observed,1,1,1
P05583,TOR_20260927_2_PA019,TOR_20260927_2,B016,Sean Keys,2026-09-27,Test,1,Cincinnati Reds,4,5,3,1,0,0,0,4.0,0,Observed,1,1,1
P05584,TOR_20260927_2_PA019,TOR_20260927_2,B016,Sean Keys,2026-09-27,Test,1,Cincinnati Reds,4,6,3,2,0,0,0,5.0,0,Observed,1,1,1
P05585,TOR_20260927_2_PA020,TOR_20260927_2,B004,Brett Bateman,2026-09-27,Test,1,Cincinnati Reds,5,1,0,0,0,0,0,12.0,1,Observed,1,1,1
P05586,TOR_20260927_2_PA020,TOR_20260927_2,B004,Brett Bateman,2026-09-27,Test,1,Cincinnati Reds,5,2,1,0,0,0,0,13.0,0,Observed,1,1,1
P05587,TOR_20260927_2_PA020,TOR_20260927_2,B004,Brett Bateman,2026-09-27,Test,1,Cincinnati Reds,5,3,1,1,0,0,0,12.0,1,Observed,1,1,1
P05588,TOR_20260927_2_PA020,TOR_20260927_2,B004,Brett Bateman,2026-09-27,Test,1,Cincinnati Reds,5,4,1,2,0,0,0,15.0,0,Observed,1,1,1
P05589,TOR_20260927_2_PA021,TOR_20260927_2,B012,Kazuma Okamoto,2026-09-27,Test,1,Cincinnati Reds,5,1,0,0,0,0,0,13.0,1,Observed,1,1,1
P05590,TOR_20260927_2_PA021,TOR_20260927_2,B012,Kazuma Okamoto,2026-09-27,Test,1,Cincinnati Reds,5,2,1,0,0,0,0,13.0,1,Observed,1,1,1
P05591,TOR_20260927_2_PA021,TOR_20260927_2,B012,Kazuma Okamoto,2026-09-27,Test,1,Cincinnati Reds,5,3,1,1,0,0,0,14.0,1,Observed,1,1,1
P05592,TOR_20260927_2_PA021,TOR_20260927_2,B012,Kazuma Okamoto,2026-09-27,Test,1,Cincinnati Reds,5,4,1,2,0,0,0,14.0,1,Observed,1,1,1
P05593,TOR_20260927_2_PA021,TOR_20260927_2,B012,Kazuma Okamoto,2026-09-27,Test,1,Cincinnati Reds,5,5,2,2,0,0,0,15.0,1,Observed,1,1,1
P05594,TOR_20260927_2_PA021,TOR_20260927_2,B012,Kazuma Okamoto,2026-09-27,Test,1,Cincinnati Reds,5,6,2,2,0,0,0,14.0,1,Observed,1,1,1
P05595,TOR_20260927_2_PA021,TOR_20260927_2,B012,Kazuma Okamoto,2026-09-27,Test,1,Cincinnati Reds,5,7,3,2,0,0,0,15.0,1,Observed,1,1,1
P05596,TOR_20260927_2_PA022,TOR_20260927_2,B005,Charles McAdoo,2026-09-27,Test,1,Cincinnati Reds,5,1,0,0,0,0,0,12.0,1,Observed,1,1,1
P05597,TOR_20260927_2_PA022,TOR_20260927_2,B005,Charles McAdoo,2026-09-27,Test,1,Cincinnati Reds,5,2,1,0,0,0,0,14.0,1,Observed,1,1,1
P05598,TOR_20260927_2_PA022,TOR_20260927_2,B005,Charles McAdoo,2026-09-27,Test,1,Cincinnati Reds,5,3,2,0,0,0,0,14.0,1,Observed,1,1,1
P05599,TOR_20260927_2_PA023,TOR_20260927_2,B006,Davis Schneider,2026-09-27,Test,1,Cincinnati Reds,6,1,0,0,0,0,0,10.0,2,Observed,1,1,1
P05600,TOR_20260927_2_PA023,TOR_20260927_2,B006,Davis Schneider,2026-09-27,Test,1,Cincinnati Reds,6,2,0,1,0,0,0,10.0,2,Observed,1,1,1
P05601,TOR_20260927_2_PA023,TOR_20260927_2,B006,Davis Schneider,2026-09-27,Test,1,Cincinnati Reds,6,3,0,2,0,0,0,9.0,2,Observed,1,1,1
P05602,TOR_20260927_2_PA023,TOR_20260927_2,B006,Davis Schneider,2026-09-27,Test,1,Cincinnati Reds,6,4,1,2,0,0,0,9.0,1,Observed,1,1,1
P05603,TOR_20260927_2_PA024,TOR_20260927_2,B003,Brandon Valenzuela,2026-09-27,Test,1,Cincinnati Reds,6,1,0,0,0,0,0,12.0,1,Observed,1,1,1
P05604,TOR_20260927_2_PA024,TOR_20260927_2,B003,Brandon Valenzuela,2026-09-27,Test,1,Cincinnati Reds,6,2,0,1,0,0,0,14.0,1,Observed,1,1,1
P05605,TOR_20260927_2_PA024,TOR_20260927_2,B003,Brandon Valenzuela,2026-09-27,Test,1,Cincinnati Reds,6,3,1,1,0,0,0,16.0,1,Observed,1,1,1
P05606,TOR_20260927_2_PA024,TOR_20260927_2,B003,Brandon Valenzuela,2026-09-27,Test,1,Cincinnati Reds,6,4,1,2,0,0,0,19.0,3,Observed,1,1,1
P05607,TOR_20260927_2_PA025,TOR_20260927_2,B013,Myles Straw,2026-09-27,Test,1,Cincinnati Reds,6,1,0,0,0,0,0,13.0,1,Observed,1,1,1
P05608,TOR_20260927_2_PA025,TOR_20260927_2,B013,Myles Straw,2026-09-27,Test,1,Cincinnati Reds,6,2,0,1,0,0,0,10.0,1,Observed,1,1,1
P05609,TOR_20260927_2_PA025,TOR_20260927_2,B013,Myles Straw,2026-09-27,Test,1,Cincinnati Reds,6,3,0,2,0,0,0,15.0,0,Observed,1,1,1
P05610,TOR_20260927_2_PA025,TOR_20260927_2,B013,Myles Straw,2026-09-27,Test,1,Cincinnati Reds,6,4,1,2,0,0,0,15.0,1,Observed,1,1,1
P05611,TOR_20260927_2_PA025,TOR_20260927_2,B013,Myles Straw,2026-09-27,Test,1,Cincinnati Reds,6,5,1,2,0,0,0,15.0,1,Observed,1,1,1
P05612,TOR_20260927_2_PA026,TOR_20260927_2,B002,Andrés Giménez,2026-09-27,Test,1,Cincinnati Reds,7,1,0,0,0,0,0,13.0,1,Observed,1,1,1
P05613,TOR_20260927_2_PA026,TOR_20260927_2,B002,Andrés Giménez,2026-09-27,Test,1,Cincinnati Reds,7,2,1,0,0,0,0,13.0,2,Observed,1,1,1
P05614,TOR_20260927_2_PA026,TOR_20260927_2,B002,Andrés Giménez,2026-09-27,Test,1,Cincinnati Reds,7,3,2,0,0,0,0,14.0,1,Observed,1,1,1
P05615,TOR_20260927_2_PA027,TOR_20260927_2,B008,Ernie Clement,2026-09-27,Test,1,Cincinnati Reds,7,1,0,0,0,0,0,12.0,2,Observed,1,1,1
P05616,TOR_20260927_2_PA027,TOR_20260927_2,B008,Ernie Clement,2026-09-27,Test,1,Cincinnati Reds,7,2,0,1,0,0,0,13.0,2,Observed,1,1,1
P05617,TOR_20260927_2_PA027,TOR_20260927_2,B008,Ernie Clement,2026-09-27,Test,1,Cincinnati Reds,7,3,1,1,0,0,0,15.0,0,Observed,1,1,1
P05618,TOR_20260927_2_PA028,TOR_20260927_2,B016,Sean Keys,2026-09-27,Test,1,Cincinnati Reds,7,1,0,0,0,0,0,5.0,0,Observed,1,1,1
P05619,TOR_20260927_2_PA028,TOR_20260927_2,B016,Sean Keys,2026-09-27,Test,1,Cincinnati Reds,7,2,0,1,0,0,0,4.0,0,Observed,1,1,1
P05620,TOR_20260927_2_PA028,TOR_20260927_2,B016,Sean Keys,2026-09-27,Test,1,Cincinnati Reds,7,3,0,2,0,0,0,4.0,0,Observed,1,1,1
P05621,TOR_20260927_2_PA029,TOR_20260927_2,B004,Brett Bateman,2026-09-27,Test,1,Cincinnati Reds,8,1,0,0,0,0,0,12.0,1,Observed,1,1,1
P05622,TOR_20260927_2_PA030,TOR_20260927_2,B011,Josh H. Smith,2026-09-27,Test,1,Cincinnati Reds,8,1,0,0,0,0,0,12.0,2,Observed,1,1,1
P05623,TOR_20260927_2_PA030,TOR_20260927_2,B011,Josh H. Smith,2026-09-27,Test,1,Cincinnati Reds,8,2,1,0,0,0,0,16.0,3,Observed,1,1,1
P05624,TOR_20260927_2_PA030,TOR_20260927_2,B011,Josh H. Smith,2026-09-27,Test,1,Cincinnati Reds,8,3,1,1,0,0,0,27.0,3,Observed,1,1,1
P05625,TOR_20260927_2_PA030,TOR_20260927_2,B011,Josh H. Smith,2026-09-27,Test,1,Cincinnati Reds,8,4,1,2,0,0,0,19.0,3,Observed,1,1,1
P05626,TOR_20260927_2_PA030,TOR_20260927_2,B011,Josh H. Smith,2026-09-27,Test,1,Cincinnati Reds,8,5,1,2,0,0,0,19.0,3,Observed,1,1,1
P05627,TOR_20260927_2_PA030,TOR_20260927_2,B011,Josh H. Smith,2026-09-27,Test,1,Cincinnati Reds,8,6,1,2,0,0,0,18.0,3,Observed,1,1,1
P05628,TOR_20260927_2_PA030,TOR_20260927_2,B011,Josh H. Smith,2026-09-27,Test,1,Cincinnati Reds,8,7,2,2,0,0,0,18.0,3,Observed,1,1,1
P05629,TOR_20260927_2_PA030,TOR_20260927_2,B011,Josh H. Smith,2026-09-27,Test,1,Cincinnati Reds,8,8,3,2,0,0,0,19.0,3,Observed,1,1,1
P05630,TOR_20260927_2_PA031,TOR_20260927_2,B005,Charles McAdoo,2026-09-27,Test,1,Cincinnati Reds,8,1,0,0,0,0,0,12.0,1,Observed,1,1,1
P05631,TOR_20260927_2_PA031,TOR_20260927_2,B005,Charles McAdoo,2026-09-27,Test,1,Cincinnati Reds,8,2,1,0,0,0,0,16.0,1,Observed,1,1,1
P05632,TOR_20260927_2_PA032,TOR_20260927_2,B006,Davis Schneider,2026-09-27,Test,1,Cincinnati Reds,8,1,0,0,0,0,0,9.0,0,Observed,1,1,1
P05633,TOR_20260927_2_PA032,TOR_20260927_2,B006,Davis Schneider,2026-09-27,Test,1,Cincinnati Reds,8,2,0,1,0,0,0,9.0,0,Observed,1,1,1
P05634,TOR_20260927_2_PA032,TOR_20260927_2,B006,Davis Schneider,2026-09-27,Test,1,Cincinnati Reds,8,3,0,2,0,0,0,9.0,2,Observed,1,1,1
