"fold","model","pa_id","game_id","game_date","target_strikeout","probability"
1,"M0_prevalence","TOR_20260828_1_PA001","TOR_20260828_1",2026-08-28,0,0.181818181818182
1,"M0_prevalence","TOR_20260828_1_PA002","TOR_20260828_1",2026-08-28,0,0.181818181818182
1,"M0_prevalence","TOR_20260828_1_PA003","TOR_20260828_1",2026-08-28,0,0.181818181818182
1,"M0_prevalence","TOR_20260828_1_PA004","TOR_20260828_1",2026-08-28,0,0.181818181818182
1,"M0_prevalence","TOR_20260828_1_PA005","TOR_20260828_1",2026-08-28,0,0.181818181818182
1,"M0_prevalence","TOR_20260828_1_PA006","TOR_20260828_1",2026-08-28,0,0.181818181818182
1,"M0_prevalence","TOR_20260828_1_PA007","TOR_20260828_1",2026-08-28,0,0.181818181818182
1,"M0_prevalence","TOR_20260828_1_PA008","TOR_20260828_1",2026-08-28,0,0.181818181818182
1,"M0_prevalence","TOR_20260828_1_PA009","TOR_20260828_1",2026-08-28,0,0.181818181818182
1,"M0_prevalence","TOR_20260828_1_PA010","TOR_20260828_1",2026-08-28,0,0.181818181818182
1,"M0_prevalence","TOR_20260828_1_PA011","TOR_20260828_1",2026-08-28,0,0.181818181818182
1,"M0_prevalence","TOR_20260828_1_PA012","TOR_20260828_1",2026-08-28,0,0.181818181818182
1,"M0_prevalence","TOR_20260828_1_PA013","TOR_20260828_1",2026-08-28,0,0.181818181818182
1,"M0_prevalence","TOR_20260828_1_PA014","TOR_20260828_1",2026-08-28,0,0.181818181818182
1,"M0_prevalence","TOR_20260828_1_PA015","TOR_20260828_1",2026-08-28,0,0.181818181818182
1,"M0_prevalence","TOR_20260828_1_PA016","TOR_20260828_1",2026-08-28,0,0.181818181818182
1,"M0_prevalence","TOR_20260828_1_PA017","TOR_20260828_1",2026-08-28,0,0.181818181818182
1,"M0_prevalence","TOR_20260828_1_PA018","TOR_20260828_1",2026-08-28,0,0.181818181818182
1,"M0_prevalence","TOR_20260828_1_PA019","TOR_20260828_1",2026-08-28,1,0.181818181818182
1,"M0_prevalence","TOR_20260828_1_PA020","TOR_20260828_1",2026-08-28,0,0.181818181818182
1,"M0_prevalence","TOR_20260828_1_PA021","TOR_20260828_1",2026-08-28,0,0.181818181818182
1,"M0_prevalence","TOR_20260828_1_PA022","TOR_20260828_1",2026-08-28,0,0.181818181818182
1,"M0_prevalence","TOR_20260828_1_PA023","TOR_20260828_1",2026-08-28,0,0.181818181818182
1,"M0_prevalence","TOR_20260828_1_PA024","TOR_20260828_1",2026-08-28,0,0.181818181818182
1,"M0_prevalence","TOR_20260828_1_PA025","TOR_20260828_1",2026-08-28,0,0.181818181818182
1,"M0_prevalence","TOR_20260828_1_PA026","TOR_20260828_1",2026-08-28,0,0.181818181818182
1,"M0_prevalence","TOR_20260828_1_PA027","TOR_20260828_1",2026-08-28,0,0.181818181818182
1,"M0_prevalence","TOR_20260828_1_PA028","TOR_20260828_1",2026-08-28,0,0.181818181818182
1,"M0_prevalence","TOR_20260828_1_PA029","TOR_20260828_1",2026-08-28,0,0.181818181818182
1,"M0_prevalence","TOR_20260828_1_PA030","TOR_20260828_1",2026-08-28,0,0.181818181818182
1,"M0_prevalence","TOR_20260828_1_PA031","TOR_20260828_1",2026-08-28,0,0.181818181818182
1,"M0_prevalence","TOR_20260828_1_PA032","TOR_20260828_1",2026-08-28,0,0.181818181818182
1,"M0_prevalence","TOR_20260828_1_PA033","TOR_20260828_1",2026-08-28,0,0.181818181818182
1,"M0_prevalence","TOR_20260828_1_PA034","TOR_20260828_1",2026-08-28,1,0.181818181818182
1,"M0_prevalence","TOR_20260828_1_PA035","TOR_20260828_1",2026-08-28,1,0.181818181818182
1,"M0_prevalence","TOR_20260828_1_PA036","TOR_20260828_1",2026-08-28,0,0.181818181818182
1,"M0_prevalence","TOR_20260828_1_PA037","TOR_20260828_1",2026-08-28,0,0.181818181818182
1,"M0_prevalence","TOR_20260828_1_PA038","TOR_20260828_1",2026-08-28,0,0.181818181818182
1,"M0_prevalence","TOR_20260829_1_PA001","TOR_20260829_1",2026-08-29,1,0.181818181818182
1,"M0_prevalence","TOR_20260829_1_PA002","TOR_20260829_1",2026-08-29,0,0.181818181818182
1,"M0_prevalence","TOR_20260829_1_PA003","TOR_20260829_1",2026-08-29,0,0.181818181818182
1,"M0_prevalence","TOR_20260829_1_PA004","TOR_20260829_1",2026-08-29,0,0.181818181818182
1,"M0_prevalence","TOR_20260829_1_PA005","TOR_20260829_1",2026-08-29,0,0.181818181818182
1,"M0_prevalence","TOR_20260829_1_PA006","TOR_20260829_1",2026-08-29,0,0.181818181818182
1,"M0_prevalence","TOR_20260829_1_PA007","TOR_20260829_1",2026-08-29,0,0.181818181818182
1,"M0_prevalence","TOR_20260829_1_PA008","TOR_20260829_1",2026-08-29,0,0.181818181818182
1,"M0_prevalence","TOR_20260829_1_PA009","TOR_20260829_1",2026-08-29,0,0.181818181818182
1,"M0_prevalence","TOR_20260829_1_PA010","TOR_20260829_1",2026-08-29,0,0.181818181818182
1,"M0_prevalence","TOR_20260829_1_PA011","TOR_20260829_1",2026-08-29,1,0.181818181818182
1,"M0_prevalence","TOR_20260829_1_PA012","TOR_20260829_1",2026-08-29,0,0.181818181818182
1,"M0_prevalence","TOR_20260829_1_PA013","TOR_20260829_1",2026-08-29,0,0.181818181818182
1,"M0_prevalence","TOR_20260829_1_PA014","TOR_20260829_1",2026-08-29,0,0.181818181818182
1,"M0_prevalence","TOR_20260829_1_PA015","TOR_20260829_1",2026-08-29,0,0.181818181818182
1,"M0_prevalence","TOR_20260829_1_PA016","TOR_20260829_1",2026-08-29,0,0.181818181818182
1,"M0_prevalence","TOR_20260829_1_PA017","TOR_20260829_1",2026-08-29,1,0.181818181818182
1,"M0_prevalence","TOR_20260829_1_PA018","TOR_20260829_1",2026-08-29,0,0.181818181818182
1,"M0_prevalence","TOR_20260829_1_PA019","TOR_20260829_1",2026-08-29,0,0.181818181818182
1,"M0_prevalence","TOR_20260829_1_PA020","TOR_20260829_1",2026-08-29,1,0.181818181818182
1,"M0_prevalence","TOR_20260829_1_PA021","TOR_20260829_1",2026-08-29,0,0.181818181818182
1,"M0_prevalence","TOR_20260829_1_PA022","TOR_20260829_1",2026-08-29,0,0.181818181818182
1,"M0_prevalence","TOR_20260829_1_PA023","TOR_20260829_1",2026-08-29,0,0.181818181818182
1,"M0_prevalence","TOR_20260829_1_PA024","TOR_20260829_1",2026-08-29,0,0.181818181818182
1,"M0_prevalence","TOR_20260829_1_PA025","TOR_20260829_1",2026-08-29,0,0.181818181818182
1,"M0_prevalence","TOR_20260829_1_PA026","TOR_20260829_1",2026-08-29,0,0.181818181818182
1,"M0_prevalence","TOR_20260829_1_PA027","TOR_20260829_1",2026-08-29,0,0.181818181818182
1,"M0_prevalence","TOR_20260829_1_PA028","TOR_20260829_1",2026-08-29,0,0.181818181818182
1,"M0_prevalence","TOR_20260829_1_PA029","TOR_20260829_1",2026-08-29,0,0.181818181818182
1,"M0_prevalence","TOR_20260829_1_PA030","TOR_20260829_1",2026-08-29,0,0.181818181818182
1,"M0_prevalence","TOR_20260829_1_PA031","TOR_20260829_1",2026-08-29,0,0.181818181818182
1,"M0_prevalence","TOR_20260829_1_PA032","TOR_20260829_1",2026-08-29,1,0.181818181818182
1,"M0_prevalence","TOR_20260829_1_PA033","TOR_20260829_1",2026-08-29,0,0.181818181818182
1,"M0_prevalence","TOR_20260829_1_PA034","TOR_20260829_1",2026-08-29,1,0.181818181818182
1,"M0_prevalence","TOR_20260829_1_PA035","TOR_20260829_1",2026-08-29,0,0.181818181818182
1,"M0_prevalence","TOR_20260829_1_PA036","TOR_20260829_1",2026-08-29,0,0.181818181818182
1,"M0_prevalence","TOR_20260830_1_PA001","TOR_20260830_1",2026-08-30,0,0.181818181818182
1,"M0_prevalence","TOR_20260830_1_PA002","TOR_20260830_1",2026-08-30,0,0.181818181818182
1,"M0_prevalence","TOR_20260830_1_PA003","TOR_20260830_1",2026-08-30,0,0.181818181818182
1,"M0_prevalence","TOR_20260830_1_PA004","TOR_20260830_1",2026-08-30,1,0.181818181818182
1,"M0_prevalence","TOR_20260830_1_PA005","TOR_20260830_1",2026-08-30,0,0.181818181818182
1,"M0_prevalence","TOR_20260830_1_PA006","TOR_20260830_1",2026-08-30,0,0.181818181818182
1,"M0_prevalence","TOR_20260830_1_PA007","TOR_20260830_1",2026-08-30,1,0.181818181818182
1,"M0_prevalence","TOR_20260830_1_PA008","TOR_20260830_1",2026-08-30,0,0.181818181818182
1,"M0_prevalence","TOR_20260830_1_PA009","TOR_20260830_1",2026-08-30,0,0.181818181818182
1,"M0_prevalence","TOR_20260830_1_PA010","TOR_20260830_1",2026-08-30,1,0.181818181818182
1,"M0_prevalence","TOR_20260830_1_PA011","TOR_20260830_1",2026-08-30,0,0.181818181818182
1,"M0_prevalence","TOR_20260830_1_PA012","TOR_20260830_1",2026-08-30,0,0.181818181818182
1,"M0_prevalence","TOR_20260830_1_PA013","TOR_20260830_1",2026-08-30,0,0.181818181818182
1,"M0_prevalence","TOR_20260830_1_PA014","TOR_20260830_1",2026-08-30,0,0.181818181818182
1,"M0_prevalence","TOR_20260830_1_PA015","TOR_20260830_1",2026-08-30,0,0.181818181818182
1,"M0_prevalence","TOR_20260830_1_PA016","TOR_20260830_1",2026-08-30,0,0.181818181818182
1,"M0_prevalence","TOR_20260830_1_PA017","TOR_20260830_1",2026-08-30,0,0.181818181818182
1,"M0_prevalence","TOR_20260830_1_PA018","TOR_20260830_1",2026-08-30,0,0.181818181818182
1,"M0_prevalence","TOR_20260830_1_PA019","TOR_20260830_1",2026-08-30,0,0.181818181818182
1,"M0_prevalence","TOR_20260830_1_PA020","TOR_20260830_1",2026-08-30,0,0.181818181818182
1,"M0_prevalence","TOR_20260830_1_PA021","TOR_20260830_1",2026-08-30,0,0.181818181818182
1,"M0_prevalence","TOR_20260830_1_PA022","TOR_20260830_1",2026-08-30,1,0.181818181818182
1,"M0_prevalence","TOR_20260830_1_PA023","TOR_20260830_1",2026-08-30,1,0.181818181818182
1,"M0_prevalence","TOR_20260830_1_PA024","TOR_20260830_1",2026-08-30,0,0.181818181818182
1,"M0_prevalence","TOR_20260830_1_PA025","TOR_20260830_1",2026-08-30,0,0.181818181818182
1,"M0_prevalence","TOR_20260830_1_PA026","TOR_20260830_1",2026-08-30,0,0.181818181818182
1,"M0_prevalence","TOR_20260830_1_PA027","TOR_20260830_1",2026-08-30,0,0.181818181818182
1,"M0_prevalence","TOR_20260830_1_PA028","TOR_20260830_1",2026-08-30,0,0.181818181818182
1,"M0_prevalence","TOR_20260830_1_PA029","TOR_20260830_1",2026-08-30,0,0.181818181818182
1,"M0_prevalence","TOR_20260830_1_PA030","TOR_20260830_1",2026-08-30,0,0.181818181818182
1,"M0_prevalence","TOR_20260830_1_PA031","TOR_20260830_1",2026-08-30,0,0.181818181818182
1,"M0_prevalence","TOR_20260830_1_PA032","TOR_20260830_1",2026-08-30,0,0.181818181818182
1,"M0_prevalence","TOR_20260830_1_PA033","TOR_20260830_1",2026-08-30,0,0.181818181818182
1,"M0_prevalence","TOR_20260830_1_PA034","TOR_20260830_1",2026-08-30,0,0.181818181818182
1,"M0_prevalence","TOR_20260830_1_PA035","TOR_20260830_1",2026-08-30,0,0.181818181818182
1,"M0_prevalence","TOR_20260830_1_PA036","TOR_20260830_1",2026-08-30,0,0.181818181818182
1,"M0_prevalence","TOR_20260830_1_PA037","TOR_20260830_1",2026-08-30,0,0.181818181818182
1,"M0_prevalence","TOR_20260830_1_PA038","TOR_20260830_1",2026-08-30,0,0.181818181818182
1,"M0_prevalence","TOR_20260901_1_PA001","TOR_20260901_1",2026-09-01,1,0.181818181818182
1,"M0_prevalence","TOR_20260901_1_PA002","TOR_20260901_1",2026-09-01,1,0.181818181818182
1,"M0_prevalence","TOR_20260901_1_PA003","TOR_20260901_1",2026-09-01,0,0.181818181818182
1,"M0_prevalence","TOR_20260901_1_PA004","TOR_20260901_1",2026-09-01,0,0.181818181818182
1,"M0_prevalence","TOR_20260901_1_PA005","TOR_20260901_1",2026-09-01,1,0.181818181818182
1,"M0_prevalence","TOR_20260901_1_PA006","TOR_20260901_1",2026-09-01,1,0.181818181818182
1,"M0_prevalence","TOR_20260901_1_PA007","TOR_20260901_1",2026-09-01,0,0.181818181818182
1,"M0_prevalence","TOR_20260901_1_PA008","TOR_20260901_1",2026-09-01,0,0.181818181818182
1,"M0_prevalence","TOR_20260901_1_PA009","TOR_20260901_1",2026-09-01,0,0.181818181818182
1,"M0_prevalence","TOR_20260901_1_PA010","TOR_20260901_1",2026-09-01,1,0.181818181818182
1,"M0_prevalence","TOR_20260901_1_PA011","TOR_20260901_1",2026-09-01,0,0.181818181818182
1,"M0_prevalence","TOR_20260901_1_PA012","TOR_20260901_1",2026-09-01,0,0.181818181818182
1,"M0_prevalence","TOR_20260901_1_PA013","TOR_20260901_1",2026-09-01,1,0.181818181818182
1,"M0_prevalence","TOR_20260901_1_PA014","TOR_20260901_1",2026-09-01,0,0.181818181818182
1,"M0_prevalence","TOR_20260901_1_PA015","TOR_20260901_1",2026-09-01,0,0.181818181818182
1,"M0_prevalence","TOR_20260901_1_PA016","TOR_20260901_1",2026-09-01,1,0.181818181818182
1,"M0_prevalence","TOR_20260901_1_PA017","TOR_20260901_1",2026-09-01,0,0.181818181818182
1,"M0_prevalence","TOR_20260901_1_PA018","TOR_20260901_1",2026-09-01,1,0.181818181818182
1,"M0_prevalence","TOR_20260901_1_PA019","TOR_20260901_1",2026-09-01,0,0.181818181818182
1,"M0_prevalence","TOR_20260901_1_PA020","TOR_20260901_1",2026-09-01,1,0.181818181818182
1,"M0_prevalence","TOR_20260901_1_PA021","TOR_20260901_1",2026-09-01,0,0.181818181818182
1,"M0_prevalence","TOR_20260901_1_PA022","TOR_20260901_1",2026-09-01,1,0.181818181818182
1,"M0_prevalence","TOR_20260901_1_PA023","TOR_20260901_1",2026-09-01,1,0.181818181818182
1,"M0_prevalence","TOR_20260901_1_PA024","TOR_20260901_1",2026-09-01,1,0.181818181818182
1,"M0_prevalence","TOR_20260901_1_PA025","TOR_20260901_1",2026-09-01,1,0.181818181818182
1,"M0_prevalence","TOR_20260901_1_PA026","TOR_20260901_1",2026-09-01,0,0.181818181818182
1,"M0_prevalence","TOR_20260901_1_PA027","TOR_20260901_1",2026-09-01,1,0.181818181818182
1,"M0_prevalence","TOR_20260901_1_PA028","TOR_20260901_1",2026-09-01,0,0.181818181818182
1,"M0_prevalence","TOR_20260901_1_PA029","TOR_20260901_1",2026-09-01,0,0.181818181818182
1,"M0_prevalence","TOR_20260901_1_PA030","TOR_20260901_1",2026-09-01,0,0.181818181818182
1,"M0_prevalence","TOR_20260901_1_PA031","TOR_20260901_1",2026-09-01,0,0.181818181818182
1,"M0_prevalence","TOR_20260901_1_PA032","TOR_20260901_1",2026-09-01,0,0.181818181818182
1,"M0_prevalence","TOR_20260902_1_PA001","TOR_20260902_1",2026-09-02,0,0.181818181818182
1,"M0_prevalence","TOR_20260902_1_PA002","TOR_20260902_1",2026-09-02,0,0.181818181818182
1,"M0_prevalence","TOR_20260902_1_PA003","TOR_20260902_1",2026-09-02,0,0.181818181818182
1,"M0_prevalence","TOR_20260902_1_PA004","TOR_20260902_1",2026-09-02,1,0.181818181818182
1,"M0_prevalence","TOR_20260902_1_PA005","TOR_20260902_1",2026-09-02,0,0.181818181818182
1,"M0_prevalence","TOR_20260902_1_PA006","TOR_20260902_1",2026-09-02,0,0.181818181818182
1,"M0_prevalence","TOR_20260902_1_PA007","TOR_20260902_1",2026-09-02,0,0.181818181818182
1,"M0_prevalence","TOR_20260902_1_PA008","TOR_20260902_1",2026-09-02,0,0.181818181818182
1,"M0_prevalence","TOR_20260902_1_PA009","TOR_20260902_1",2026-09-02,0,0.181818181818182
1,"M0_prevalence","TOR_20260902_1_PA010","TOR_20260902_1",2026-09-02,0,0.181818181818182
1,"M0_prevalence","TOR_20260902_1_PA011","TOR_20260902_1",2026-09-02,0,0.181818181818182
1,"M0_prevalence","TOR_20260902_1_PA012","TOR_20260902_1",2026-09-02,0,0.181818181818182
1,"M0_prevalence","TOR_20260902_1_PA013","TOR_20260902_1",2026-09-02,0,0.181818181818182
1,"M0_prevalence","TOR_20260902_1_PA014","TOR_20260902_1",2026-09-02,1,0.181818181818182
1,"M0_prevalence","TOR_20260902_1_PA015","TOR_20260902_1",2026-09-02,0,0.181818181818182
1,"M0_prevalence","TOR_20260902_1_PA016","TOR_20260902_1",2026-09-02,0,0.181818181818182
1,"M0_prevalence","TOR_20260902_1_PA017","TOR_20260902_1",2026-09-02,0,0.181818181818182
1,"M0_prevalence","TOR_20260902_1_PA018","TOR_20260902_1",2026-09-02,0,0.181818181818182
1,"M0_prevalence","TOR_20260902_1_PA019","TOR_20260902_1",2026-09-02,0,0.181818181818182
1,"M0_prevalence","TOR_20260902_1_PA020","TOR_20260902_1",2026-09-02,1,0.181818181818182
1,"M0_prevalence","TOR_20260902_1_PA021","TOR_20260902_1",2026-09-02,0,0.181818181818182
1,"M0_prevalence","TOR_20260902_1_PA022","TOR_20260902_1",2026-09-02,1,0.181818181818182
1,"M0_prevalence","TOR_20260902_1_PA023","TOR_20260902_1",2026-09-02,1,0.181818181818182
1,"M0_prevalence","TOR_20260902_1_PA024","TOR_20260902_1",2026-09-02,0,0.181818181818182
1,"M0_prevalence","TOR_20260902_1_PA025","TOR_20260902_1",2026-09-02,0,0.181818181818182
1,"M0_prevalence","TOR_20260902_1_PA026","TOR_20260902_1",2026-09-02,1,0.181818181818182
1,"M0_prevalence","TOR_20260902_1_PA027","TOR_20260902_1",2026-09-02,0,0.181818181818182
1,"M0_prevalence","TOR_20260902_1_PA028","TOR_20260902_1",2026-09-02,0,0.181818181818182
1,"M0_prevalence","TOR_20260902_1_PA029","TOR_20260902_1",2026-09-02,0,0.181818181818182
1,"M0_prevalence","TOR_20260902_1_PA030","TOR_20260902_1",2026-09-02,0,0.181818181818182
1,"M0_prevalence","TOR_20260902_1_PA031","TOR_20260902_1",2026-09-02,0,0.181818181818182
1,"M0_prevalence","TOR_20260902_1_PA032","TOR_20260902_1",2026-09-02,1,0.181818181818182
1,"M0_prevalence","TOR_20260902_1_PA033","TOR_20260902_1",2026-09-02,1,0.181818181818182
1,"M0_prevalence","TOR_20260902_1_PA034","TOR_20260902_1",2026-09-02,0,0.181818181818182
1,"M0_prevalence","TOR_20260902_1_PA035","TOR_20260902_1",2026-09-02,0,0.181818181818182
1,"M0_prevalence","TOR_20260902_1_PA036","TOR_20260902_1",2026-09-02,0,0.181818181818182
1,"M0_prevalence","TOR_20260902_1_PA037","TOR_20260902_1",2026-09-02,0,0.181818181818182
1,"M0_prevalence","TOR_20260902_1_PA038","TOR_20260902_1",2026-09-02,0,0.181818181818182
1,"M0_prevalence","TOR_20260902_1_PA040","TOR_20260902_1",2026-09-02,0,0.181818181818182
1,"M0_prevalence","TOR_20260902_1_PA041","TOR_20260902_1",2026-09-02,0,0.181818181818182
1,"M0_prevalence","TOR_20260902_1_PA042","TOR_20260902_1",2026-09-02,0,0.181818181818182
1,"M0_prevalence","TOR_20260902_1_PA043","TOR_20260902_1",2026-09-02,0,0.181818181818182
1,"M0_prevalence","TOR_20260902_1_PA044","TOR_20260902_1",2026-09-02,0,0.181818181818182
1,"M1_context","TOR_20260828_1_PA001","TOR_20260828_1",2026-08-28,0,0.230324407099459
1,"M1_context","TOR_20260828_1_PA002","TOR_20260828_1",2026-08-28,0,0.230324407099459
1,"M1_context","TOR_20260828_1_PA003","TOR_20260828_1",2026-08-28,0,0.202048985541142
1,"M1_context","TOR_20260828_1_PA004","TOR_20260828_1",2026-08-28,0,0.202048985541142
1,"M1_context","TOR_20260828_1_PA005","TOR_20260828_1",2026-08-28,0,0.202048985541142
1,"M1_context","TOR_20260828_1_PA006","TOR_20260828_1",2026-08-28,0,0.202048985541142
1,"M1_context","TOR_20260828_1_PA007","TOR_20260828_1",2026-08-28,0,0.202048985541142
1,"M1_context","TOR_20260828_1_PA008","TOR_20260828_1",2026-08-28,0,0.202048985541142
1,"M1_context","TOR_20260828_1_PA009","TOR_20260828_1",2026-08-28,0,0.21711281055159
1,"M1_context","TOR_20260828_1_PA010","TOR_20260828_1",2026-08-28,0,0.21711281055159
1,"M1_context","TOR_20260828_1_PA011","TOR_20260828_1",2026-08-28,0,0.21711281055159
1,"M1_context","TOR_20260828_1_PA012","TOR_20260828_1",2026-08-28,0,0.20445773147927
1,"M1_context","TOR_20260828_1_PA013","TOR_20260828_1",2026-08-28,0,0.20445773147927
1,"M1_context","TOR_20260828_1_PA014","TOR_20260828_1",2026-08-28,0,0.178620849090634
1,"M1_context","TOR_20260828_1_PA015","TOR_20260828_1",2026-08-28,0,0.178620849090634
1,"M1_context","TOR_20260828_1_PA016","TOR_20260828_1",2026-08-28,0,0.192359050569192
1,"M1_context","TOR_20260828_1_PA017","TOR_20260828_1",2026-08-28,0,0.192359050569192
1,"M1_context","TOR_20260828_1_PA018","TOR_20260828_1",2026-08-28,0,0.192359050569192
1,"M1_context","TOR_20260828_1_PA019","TOR_20260828_1",2026-08-28,1,0.180813583105729
1,"M1_context","TOR_20260828_1_PA020","TOR_20260828_1",2026-08-28,0,0.180813583105729
1,"M1_context","TOR_20260828_1_PA021","TOR_20260828_1",2026-08-28,0,0.180813583105729
1,"M1_context","TOR_20260828_1_PA022","TOR_20260828_1",2026-08-28,0,0.180813583105729
1,"M1_context","TOR_20260828_1_PA023","TOR_20260828_1",2026-08-28,0,0.180813583105729
1,"M1_context","TOR_20260828_1_PA024","TOR_20260828_1",2026-08-28,0,0.169815376032868
1,"M1_context","TOR_20260828_1_PA025","TOR_20260828_1",2026-08-28,0,0.169815376032868
1,"M1_context","TOR_20260828_1_PA026","TOR_20260828_1",2026-08-28,0,0.169815376032868
1,"M1_context","TOR_20260828_1_PA027","TOR_20260828_1",2026-08-28,0,0.169815376032868
1,"M1_context","TOR_20260828_1_PA028","TOR_20260828_1",2026-08-28,0,0.169815376032868
1,"M1_context","TOR_20260828_1_PA029","TOR_20260828_1",2026-08-28,0,0.149424914106619
1,"M1_context","TOR_20260828_1_PA030","TOR_20260828_1",2026-08-28,0,0.149424914106619
1,"M1_context","TOR_20260828_1_PA031","TOR_20260828_1",2026-08-28,0,0.149424914106619
1,"M1_context","TOR_20260828_1_PA032","TOR_20260828_1",2026-08-28,0,0.129411138946061
1,"M1_context","TOR_20260828_1_PA033","TOR_20260828_1",2026-08-28,0,0.129411138946061
1,"M1_context","TOR_20260828_1_PA034","TOR_20260828_1",2026-08-28,1,0.129411138946061
1,"M1_context","TOR_20260828_1_PA035","TOR_20260828_1",2026-08-28,1,0.129411138946061
1,"M1_context","TOR_20260828_1_PA036","TOR_20260828_1",2026-08-28,0,0.149424914106619
1,"M1_context","TOR_20260828_1_PA037","TOR_20260828_1",2026-08-28,0,0.149424914106619
1,"M1_context","TOR_20260828_1_PA038","TOR_20260828_1",2026-08-28,0,0.149424914106619
1,"M1_context","TOR_20260829_1_PA001","TOR_20260829_1",2026-08-29,1,0.230324407099459
1,"M1_context","TOR_20260829_1_PA002","TOR_20260829_1",2026-08-29,0,0.230324407099459
1,"M1_context","TOR_20260829_1_PA003","TOR_20260829_1",2026-08-29,0,0.230324407099459
1,"M1_context","TOR_20260829_1_PA004","TOR_20260829_1",2026-08-29,0,0.21711281055159
1,"M1_context","TOR_20260829_1_PA005","TOR_20260829_1",2026-08-29,0,0.21711281055159
1,"M1_context","TOR_20260829_1_PA006","TOR_20260829_1",2026-08-29,0,0.21711281055159
1,"M1_context","TOR_20260829_1_PA007","TOR_20260829_1",2026-08-29,0,0.21711281055159
1,"M1_context","TOR_20260829_1_PA008","TOR_20260829_1",2026-08-29,0,0.20445773147927
1,"M1_context","TOR_20260829_1_PA009","TOR_20260829_1",2026-08-29,0,0.20445773147927
1,"M1_context","TOR_20260829_1_PA010","TOR_20260829_1",2026-08-29,0,0.20445773147927
1,"M1_context","TOR_20260829_1_PA011","TOR_20260829_1",2026-08-29,1,0.20445773147927
1,"M1_context","TOR_20260829_1_PA012","TOR_20260829_1",2026-08-29,0,0.192359050569192
1,"M1_context","TOR_20260829_1_PA013","TOR_20260829_1",2026-08-29,0,0.192359050569192
1,"M1_context","TOR_20260829_1_PA014","TOR_20260829_1",2026-08-29,0,0.167728709015913
1,"M1_context","TOR_20260829_1_PA015","TOR_20260829_1",2026-08-29,0,0.167728709015913
1,"M1_context","TOR_20260829_1_PA016","TOR_20260829_1",2026-08-29,0,0.167728709015913
1,"M1_context","TOR_20260829_1_PA017","TOR_20260829_1",2026-08-29,1,0.180813583105729
1,"M1_context","TOR_20260829_1_PA018","TOR_20260829_1",2026-08-29,0,0.180813583105729
1,"M1_context","TOR_20260829_1_PA019","TOR_20260829_1",2026-08-29,0,0.180813583105729
1,"M1_context","TOR_20260829_1_PA020","TOR_20260829_1",2026-08-29,1,0.157373504768469
1,"M1_context","TOR_20260829_1_PA021","TOR_20260829_1",2026-08-29,0,0.157373504768469
1,"M1_context","TOR_20260829_1_PA022","TOR_20260829_1",2026-08-29,0,0.157373504768469
1,"M1_context","TOR_20260829_1_PA023","TOR_20260829_1",2026-08-29,0,0.157373504768469
1,"M1_context","TOR_20260829_1_PA024","TOR_20260829_1",2026-08-29,0,0.169815376032868
1,"M1_context","TOR_20260829_1_PA025","TOR_20260829_1",2026-08-29,0,0.169815376032868
1,"M1_context","TOR_20260829_1_PA026","TOR_20260829_1",2026-08-29,0,0.169815376032868
1,"M1_context","TOR_20260829_1_PA027","TOR_20260829_1",2026-08-29,0,0.147544272351872
1,"M1_context","TOR_20260829_1_PA028","TOR_20260829_1",2026-08-29,0,0.147544272351872
1,"M1_context","TOR_20260829_1_PA029","TOR_20260829_1",2026-08-29,0,0.147544272351872
1,"M1_context","TOR_20260829_1_PA030","TOR_20260829_1",2026-08-29,0,0.147544272351872
1,"M1_context","TOR_20260829_1_PA031","TOR_20260829_1",2026-08-29,0,0.159356012044302
1,"M1_context","TOR_20260829_1_PA032","TOR_20260829_1",2026-08-29,1,0.159356012044302
1,"M1_context","TOR_20260829_1_PA033","TOR_20260829_1",2026-08-29,0,0.159356012044302
1,"M1_context","TOR_20260829_1_PA034","TOR_20260829_1",2026-08-29,1,0.149424914106619
1,"M1_context","TOR_20260829_1_PA035","TOR_20260829_1",2026-08-29,0,0.149424914106619
1,"M1_context","TOR_20260829_1_PA036","TOR_20260829_1",2026-08-29,0,0.149424914106619
1,"M1_context","TOR_20260830_1_PA001","TOR_20260830_1",2026-08-30,0,0.230324407099459
1,"M1_context","TOR_20260830_1_PA002","TOR_20260830_1",2026-08-30,0,0.230324407099459
1,"M1_context","TOR_20260830_1_PA003","TOR_20260830_1",2026-08-30,0,0.230324407099459
1,"M1_context","TOR_20260830_1_PA004","TOR_20260830_1",2026-08-30,1,0.230324407099459
1,"M1_context","TOR_20260830_1_PA005","TOR_20260830_1",2026-08-30,0,0.230324407099459
1,"M1_context","TOR_20260830_1_PA006","TOR_20260830_1",2026-08-30,0,0.230324407099459
1,"M1_context","TOR_20260830_1_PA007","TOR_20260830_1",2026-08-30,1,0.21711281055159
1,"M1_context","TOR_20260830_1_PA008","TOR_20260830_1",2026-08-30,0,0.21711281055159
1,"M1_context","TOR_20260830_1_PA009","TOR_20260830_1",2026-08-30,0,0.21711281055159
1,"M1_context","TOR_20260830_1_PA010","TOR_20260830_1",2026-08-30,1,0.20445773147927
1,"M1_context","TOR_20260830_1_PA011","TOR_20260830_1",2026-08-30,0,0.20445773147927
1,"M1_context","TOR_20260830_1_PA012","TOR_20260830_1",2026-08-30,0,0.20445773147927
1,"M1_context","TOR_20260830_1_PA013","TOR_20260830_1",2026-08-30,0,0.20445773147927
1,"M1_context","TOR_20260830_1_PA014","TOR_20260830_1",2026-08-30,0,0.178620849090634
1,"M1_context","TOR_20260830_1_PA015","TOR_20260830_1",2026-08-30,0,0.192359050569192
1,"M1_context","TOR_20260830_1_PA016","TOR_20260830_1",2026-08-30,0,0.192359050569192
1,"M1_context","TOR_20260830_1_PA017","TOR_20260830_1",2026-08-30,0,0.192359050569192
1,"M1_context","TOR_20260830_1_PA018","TOR_20260830_1",2026-08-30,0,0.180813583105729
1,"M1_context","TOR_20260830_1_PA019","TOR_20260830_1",2026-08-30,0,0.180813583105729
1,"M1_context","TOR_20260830_1_PA020","TOR_20260830_1",2026-08-30,0,0.157373504768469
1,"M1_context","TOR_20260830_1_PA021","TOR_20260830_1",2026-08-30,0,0.157373504768469
1,"M1_context","TOR_20260830_1_PA022","TOR_20260830_1",2026-08-30,1,0.157373504768469
1,"M1_context","TOR_20260830_1_PA023","TOR_20260830_1",2026-08-30,1,0.169815376032868
1,"M1_context","TOR_20260830_1_PA024","TOR_20260830_1",2026-08-30,0,0.169815376032868
1,"M1_context","TOR_20260830_1_PA025","TOR_20260830_1",2026-08-30,0,0.169815376032868
1,"M1_context","TOR_20260830_1_PA026","TOR_20260830_1",2026-08-30,0,0.169815376032868
1,"M1_context","TOR_20260830_1_PA027","TOR_20260830_1",2026-08-30,0,0.159356012044302
1,"M1_context","TOR_20260830_1_PA028","TOR_20260830_1",2026-08-30,0,0.159356012044302
1,"M1_context","TOR_20260830_1_PA029","TOR_20260830_1",2026-08-30,0,0.159356012044302
1,"M1_context","TOR_20260830_1_PA030","TOR_20260830_1",2026-08-30,0,0.138228244782383
1,"M1_context","TOR_20260830_1_PA031","TOR_20260830_1",2026-08-30,0,0.149424914106619
1,"M1_context","TOR_20260830_1_PA032","TOR_20260830_1",2026-08-30,0,0.129411138946061
1,"M1_context","TOR_20260830_1_PA033","TOR_20260830_1",2026-08-30,0,0.129411138946061
1,"M1_context","TOR_20260830_1_PA034","TOR_20260830_1",2026-08-30,0,0.129411138946061
1,"M1_context","TOR_20260830_1_PA035","TOR_20260830_1",2026-08-30,0,0.129411138946061
1,"M1_context","TOR_20260830_1_PA036","TOR_20260830_1",2026-08-30,0,0.129411138946061
1,"M1_context","TOR_20260830_1_PA037","TOR_20260830_1",2026-08-30,0,0.129411138946061
1,"M1_context","TOR_20260830_1_PA038","TOR_20260830_1",2026-08-30,0,0.129411138946061
1,"M1_context","TOR_20260901_1_PA001","TOR_20260901_1",2026-09-01,1,0.244320022488377
1,"M1_context","TOR_20260901_1_PA002","TOR_20260901_1",2026-09-01,1,0.244320022488377
1,"M1_context","TOR_20260901_1_PA003","TOR_20260901_1",2026-09-01,0,0.244320022488377
1,"M1_context","TOR_20260901_1_PA004","TOR_20260901_1",2026-09-01,0,0.230546094041037
1,"M1_context","TOR_20260901_1_PA005","TOR_20260901_1",2026-09-01,1,0.230546094041037
1,"M1_context","TOR_20260901_1_PA006","TOR_20260901_1",2026-09-01,1,0.230546094041037
1,"M1_context","TOR_20260901_1_PA007","TOR_20260901_1",2026-09-01,0,0.217325371875486
1,"M1_context","TOR_20260901_1_PA008","TOR_20260901_1",2026-09-01,0,0.217325371875486
1,"M1_context","TOR_20260901_1_PA009","TOR_20260901_1",2026-09-01,0,0.217325371875486
1,"M1_context","TOR_20260901_1_PA010","TOR_20260901_1",2026-09-01,1,0.217325371875486
1,"M1_context","TOR_20260901_1_PA011","TOR_20260901_1",2026-09-01,0,0.204661141938659
1,"M1_context","TOR_20260901_1_PA012","TOR_20260901_1",2026-09-01,0,0.204661141938659
1,"M1_context","TOR_20260901_1_PA013","TOR_20260901_1",2026-09-01,1,0.204661141938659
1,"M1_context","TOR_20260901_1_PA014","TOR_20260901_1",2026-09-01,0,0.204661141938659
1,"M1_context","TOR_20260901_1_PA015","TOR_20260901_1",2026-09-01,0,0.192553337688876
1,"M1_context","TOR_20260901_1_PA016","TOR_20260901_1",2026-09-01,1,0.192553337688876
1,"M1_context","TOR_20260901_1_PA017","TOR_20260901_1",2026-09-01,0,0.192553337688876
1,"M1_context","TOR_20260901_1_PA018","TOR_20260901_1",2026-09-01,1,0.16790329072878
1,"M1_context","TOR_20260901_1_PA019","TOR_20260901_1",2026-09-01,0,0.16790329072878
1,"M1_context","TOR_20260901_1_PA020","TOR_20260901_1",2026-09-01,1,0.180998822401002
1,"M1_context","TOR_20260901_1_PA021","TOR_20260901_1",2026-09-01,0,0.180998822401002
1,"M1_context","TOR_20260901_1_PA022","TOR_20260901_1",2026-09-01,1,0.180998822401002
1,"M1_context","TOR_20260901_1_PA023","TOR_20260901_1",2026-09-01,1,0.169991686053036
1,"M1_context","TOR_20260901_1_PA024","TOR_20260901_1",2026-09-01,1,0.169991686053036
1,"M1_context","TOR_20260901_1_PA025","TOR_20260901_1",2026-09-01,1,0.169991686053036
1,"M1_context","TOR_20260901_1_PA026","TOR_20260901_1",2026-09-01,0,0.159523549356434
1,"M1_context","TOR_20260901_1_PA027","TOR_20260901_1",2026-09-01,1,0.159523549356434
1,"M1_context","TOR_20260901_1_PA028","TOR_20260901_1",2026-09-01,0,0.159523549356434
1,"M1_context","TOR_20260901_1_PA029","TOR_20260901_1",2026-09-01,0,0.149583868320672
1,"M1_context","TOR_20260901_1_PA030","TOR_20260901_1",2026-09-01,0,0.149583868320672
1,"M1_context","TOR_20260901_1_PA031","TOR_20260901_1",2026-09-01,0,0.149583868320672
1,"M1_context","TOR_20260901_1_PA032","TOR_20260901_1",2026-09-01,0,0.149583868320672
1,"M1_context","TOR_20260902_1_PA001","TOR_20260902_1",2026-09-02,0,0.244320022488377
1,"M1_context","TOR_20260902_1_PA002","TOR_20260902_1",2026-09-02,0,0.244320022488377
1,"M1_context","TOR_20260902_1_PA003","TOR_20260902_1",2026-09-02,0,0.244320022488377
1,"M1_context","TOR_20260902_1_PA004","TOR_20260902_1",2026-09-02,1,0.214805963026184
1,"M1_context","TOR_20260902_1_PA005","TOR_20260902_1",2026-09-02,0,0.214805963026184
1,"M1_context","TOR_20260902_1_PA006","TOR_20260902_1",2026-09-02,0,0.230546094041037
1,"M1_context","TOR_20260902_1_PA007","TOR_20260902_1",2026-09-02,0,0.230546094041037
1,"M1_context","TOR_20260902_1_PA008","TOR_20260902_1",2026-09-02,0,0.230546094041037
1,"M1_context","TOR_20260902_1_PA009","TOR_20260902_1",2026-09-02,0,0.202250608831123
1,"M1_context","TOR_20260902_1_PA010","TOR_20260902_1",2026-09-02,0,0.202250608831123
1,"M1_context","TOR_20260902_1_PA011","TOR_20260902_1",2026-09-02,0,0.202250608831123
1,"M1_context","TOR_20260902_1_PA012","TOR_20260902_1",2026-09-02,0,0.202250608831123
1,"M1_context","TOR_20260902_1_PA013","TOR_20260902_1",2026-09-02,0,0.230546094041037
1,"M1_context","TOR_20260902_1_PA014","TOR_20260902_1",2026-09-02,1,0.217325371875486
1,"M1_context","TOR_20260902_1_PA015","TOR_20260902_1",2026-09-02,0,0.217325371875486
1,"M1_context","TOR_20260902_1_PA016","TOR_20260902_1",2026-09-02,0,0.217325371875486
1,"M1_context","TOR_20260902_1_PA017","TOR_20260902_1",2026-09-02,0,0.217325371875486
1,"M1_context","TOR_20260902_1_PA018","TOR_20260902_1",2026-09-02,0,0.190251299430571
1,"M1_context","TOR_20260902_1_PA019","TOR_20260902_1",2026-09-02,0,0.190251299430571
1,"M1_context","TOR_20260902_1_PA020","TOR_20260902_1",2026-09-02,1,0.204661141938659
1,"M1_context","TOR_20260902_1_PA021","TOR_20260902_1",2026-09-02,0,0.204661141938659
1,"M1_context","TOR_20260902_1_PA022","TOR_20260902_1",2026-09-02,1,0.204661141938659
1,"M1_context","TOR_20260902_1_PA023","TOR_20260902_1",2026-09-02,1,0.192553337688876
1,"M1_context","TOR_20260902_1_PA024","TOR_20260902_1",2026-09-02,0,0.192553337688876
1,"M1_context","TOR_20260902_1_PA025","TOR_20260902_1",2026-09-02,0,0.192553337688876
1,"M1_context","TOR_20260902_1_PA026","TOR_20260902_1",2026-09-02,1,0.180998822401002
1,"M1_context","TOR_20260902_1_PA027","TOR_20260902_1",2026-09-02,0,0.180998822401002
1,"M1_context","TOR_20260902_1_PA028","TOR_20260902_1",2026-09-02,0,0.180998822401002
1,"M1_context","TOR_20260902_1_PA029","TOR_20260902_1",2026-09-02,0,0.157539348394185
1,"M1_context","TOR_20260902_1_PA030","TOR_20260902_1",2026-09-02,0,0.157539348394185
1,"M1_context","TOR_20260902_1_PA031","TOR_20260902_1",2026-09-02,0,0.157539348394185
1,"M1_context","TOR_20260902_1_PA032","TOR_20260902_1",2026-09-02,1,0.169991686053036
1,"M1_context","TOR_20260902_1_PA033","TOR_20260902_1",2026-09-02,1,0.169991686053036
1,"M1_context","TOR_20260902_1_PA034","TOR_20260902_1",2026-09-02,0,0.169991686053036
1,"M1_context","TOR_20260902_1_PA035","TOR_20260902_1",2026-09-02,0,0.159523549356434
1,"M1_context","TOR_20260902_1_PA036","TOR_20260902_1",2026-09-02,0,0.159523549356434
1,"M1_context","TOR_20260902_1_PA037","TOR_20260902_1",2026-09-02,0,0.159523549356434
1,"M1_context","TOR_20260902_1_PA038","TOR_20260902_1",2026-09-02,0,0.159523549356434
1,"M1_context","TOR_20260902_1_PA040","TOR_20260902_1",2026-09-02,0,0.149583868320672
1,"M1_context","TOR_20260902_1_PA041","TOR_20260902_1",2026-09-02,0,0.129552045764742
1,"M1_context","TOR_20260902_1_PA042","TOR_20260902_1",2026-09-02,0,0.129552045764742
1,"M1_context","TOR_20260902_1_PA043","TOR_20260902_1",2026-09-02,0,0.129552045764742
1,"M1_context","TOR_20260902_1_PA044","TOR_20260902_1",2026-09-02,0,0.129552045764742
1,"M2_behavior","TOR_20260828_1_PA001","TOR_20260828_1",2026-08-28,0,0.15777641446897
1,"M2_behavior","TOR_20260828_1_PA002","TOR_20260828_1",2026-08-28,0,0.139144153938507
1,"M2_behavior","TOR_20260828_1_PA003","TOR_20260828_1",2026-08-28,0,0.186082011799264
1,"M2_behavior","TOR_20260828_1_PA004","TOR_20260828_1",2026-08-28,0,0.181707265589366
1,"M2_behavior","TOR_20260828_1_PA005","TOR_20260828_1",2026-08-28,0,0.190177733369295
1,"M2_behavior","TOR_20260828_1_PA006","TOR_20260828_1",2026-08-28,0,0.213219240278881
1,"M2_behavior","TOR_20260828_1_PA007","TOR_20260828_1",2026-08-28,0,0.186082011799264
1,"M2_behavior","TOR_20260828_1_PA008","TOR_20260828_1",2026-08-28,0,0.164760980868959
1,"M2_behavior","TOR_20260828_1_PA009","TOR_20260828_1",2026-08-28,0,0.15777641446897
1,"M2_behavior","TOR_20260828_1_PA010","TOR_20260828_1",2026-08-28,0,0.153941264315832
1,"M2_behavior","TOR_20260828_1_PA011","TOR_20260828_1",2026-08-28,0,0.129745355960032
1,"M2_behavior","TOR_20260828_1_PA012","TOR_20260828_1",2026-08-28,0,0.15777641446897
1,"M2_behavior","TOR_20260828_1_PA013","TOR_20260828_1",2026-08-28,0,0.20753788789779
1,"M2_behavior","TOR_20260828_1_PA014","TOR_20260828_1",2026-08-28,0,0.190177733369295
1,"M2_behavior","TOR_20260828_1_PA015","TOR_20260828_1",2026-08-28,0,0.181707265589366
1,"M2_behavior","TOR_20260828_1_PA016","TOR_20260828_1",2026-08-28,0,0.19403095417485
1,"M2_behavior","TOR_20260828_1_PA017","TOR_20260828_1",2026-08-28,0,0.171010060464437
1,"M2_behavior","TOR_20260828_1_PA018","TOR_20260828_1",2026-08-28,0,0.190177733369295
1,"M2_behavior","TOR_20260828_1_PA019","TOR_20260828_1",2026-08-28,1,0.179327359440494
1,"M2_behavior","TOR_20260828_1_PA020","TOR_20260828_1",2026-08-28,0,0.129745355960032
1,"M2_behavior","TOR_20260828_1_PA021","TOR_20260828_1",2026-08-28,0,0.186082011799264
1,"M2_behavior","TOR_20260828_1_PA022","TOR_20260828_1",2026-08-28,0,0.181707265589366
1,"M2_behavior","TOR_20260828_1_PA023","TOR_20260828_1",2026-08-28,0,0.171923908003024
1,"M2_behavior","TOR_20260828_1_PA024","TOR_20260828_1",2026-08-28,0,0.19403095417485
1,"M2_behavior","TOR_20260828_1_PA025","TOR_20260828_1",2026-08-28,0,0.164760980868959
1,"M2_behavior","TOR_20260828_1_PA026","TOR_20260828_1",2026-08-28,0,0.15777641446897
1,"M2_behavior","TOR_20260828_1_PA027","TOR_20260828_1",2026-08-28,0,0.190177733369295
1,"M2_behavior","TOR_20260828_1_PA028","TOR_20260828_1",2026-08-28,0,0.153941264315832
1,"M2_behavior","TOR_20260828_1_PA029","TOR_20260828_1",2026-08-28,0,0.118167148366476
1,"M2_behavior","TOR_20260828_1_PA030","TOR_20260828_1",2026-08-28,0,0.145387253329546
1,"M2_behavior","TOR_20260828_1_PA031","TOR_20260828_1",2026-08-28,0,0.181707265589366
1,"M2_behavior","TOR_20260828_1_PA032","TOR_20260828_1",2026-08-28,0,0.197671235351675
1,"M2_behavior","TOR_20260828_1_PA033","TOR_20260828_1",2026-08-28,0,0.19403095417485
1,"M2_behavior","TOR_20260828_1_PA034","TOR_20260828_1",2026-08-28,1,0.19403095417485
1,"M2_behavior","TOR_20260828_1_PA035","TOR_20260828_1",2026-08-28,1,0.22708702368666
1,"M2_behavior","TOR_20260828_1_PA036","TOR_20260828_1",2026-08-28,0,0.164760980868959
1,"M2_behavior","TOR_20260828_1_PA037","TOR_20260828_1",2026-08-28,0,0.140552589524702
1,"M2_behavior","TOR_20260828_1_PA038","TOR_20260828_1",2026-08-28,0,0.129745355960032
1,"M2_behavior","TOR_20260829_1_PA001","TOR_20260829_1",2026-08-29,1,0.186082011799264
1,"M2_behavior","TOR_20260829_1_PA002","TOR_20260829_1",2026-08-29,0,0.202158391321735
1,"M2_behavior","TOR_20260829_1_PA003","TOR_20260829_1",2026-08-29,0,0.201122867785072
1,"M2_behavior","TOR_20260829_1_PA004","TOR_20260829_1",2026-08-29,0,0.186082011799264
1,"M2_behavior","TOR_20260829_1_PA005","TOR_20260829_1",2026-08-29,0,0.190177733369295
1,"M2_behavior","TOR_20260829_1_PA006","TOR_20260829_1",2026-08-29,0,0.153941264315832
1,"M2_behavior","TOR_20260829_1_PA007","TOR_20260829_1",2026-08-29,0,0.186082011799264
1,"M2_behavior","TOR_20260829_1_PA008","TOR_20260829_1",2026-08-29,0,0.136196727513609
1,"M2_behavior","TOR_20260829_1_PA009","TOR_20260829_1",2026-08-29,0,0.218150405235763
1,"M2_behavior","TOR_20260829_1_PA010","TOR_20260829_1",2026-08-29,0,0.153941264315832
1,"M2_behavior","TOR_20260829_1_PA011","TOR_20260829_1",2026-08-29,1,0.136196727513609
1,"M2_behavior","TOR_20260829_1_PA012","TOR_20260829_1",2026-08-29,0,0.210532794568115
1,"M2_behavior","TOR_20260829_1_PA013","TOR_20260829_1",2026-08-29,0,0.166378598762004
1,"M2_behavior","TOR_20260829_1_PA014","TOR_20260829_1",2026-08-29,0,0.186082011799264
1,"M2_behavior","TOR_20260829_1_PA015","TOR_20260829_1",2026-08-29,0,0.164760980868959
1,"M2_behavior","TOR_20260829_1_PA016","TOR_20260829_1",2026-08-29,0,0.167966561441084
1,"M2_behavior","TOR_20260829_1_PA017","TOR_20260829_1",2026-08-29,1,0.129745355960032
1,"M2_behavior","TOR_20260829_1_PA018","TOR_20260829_1",2026-08-29,0,0.188918101373411
1,"M2_behavior","TOR_20260829_1_PA019","TOR_20260829_1",2026-08-29,0,0.145387253329546
1,"M2_behavior","TOR_20260829_1_PA020","TOR_20260829_1",2026-08-29,1,0.133072522301957
1,"M2_behavior","TOR_20260829_1_PA021","TOR_20260829_1",2026-08-29,0,0.20753788789779
1,"M2_behavior","TOR_20260829_1_PA022","TOR_20260829_1",2026-08-29,0,0.181707265589366
1,"M2_behavior","TOR_20260829_1_PA023","TOR_20260829_1",2026-08-29,0,0.222758783986449
1,"M2_behavior","TOR_20260829_1_PA024","TOR_20260829_1",2026-08-29,0,0.164760980868959
1,"M2_behavior","TOR_20260829_1_PA025","TOR_20260829_1",2026-08-29,0,0.145387253329546
1,"M2_behavior","TOR_20260829_1_PA026","TOR_20260829_1",2026-08-29,0,0.122341417256487
1,"M2_behavior","TOR_20260829_1_PA027","TOR_20260829_1",2026-08-29,0,0.202158391321735
1,"M2_behavior","TOR_20260829_1_PA028","TOR_20260829_1",2026-08-29,0,0.140552589524702
1,"M2_behavior","TOR_20260829_1_PA029","TOR_20260829_1",2026-08-29,0,0.133072522301957
1,"M2_behavior","TOR_20260829_1_PA030","TOR_20260829_1",2026-08-29,0,0.171923908003024
1,"M2_behavior","TOR_20260829_1_PA031","TOR_20260829_1",2026-08-29,0,0.186082011799264
1,"M2_behavior","TOR_20260829_1_PA032","TOR_20260829_1",2026-08-29,1,0.202158391321735
1,"M2_behavior","TOR_20260829_1_PA033","TOR_20260829_1",2026-08-29,0,0.145387253329546
1,"M2_behavior","TOR_20260829_1_PA034","TOR_20260829_1",2026-08-29,1,0.171923908003024
1,"M2_behavior","TOR_20260829_1_PA035","TOR_20260829_1",2026-08-29,0,0.122341417256487
1,"M2_behavior","TOR_20260829_1_PA036","TOR_20260829_1",2026-08-29,0,0.213219240278881
1,"M2_behavior","TOR_20260830_1_PA001","TOR_20260830_1",2026-08-30,0,0.164760980868959
1,"M2_behavior","TOR_20260830_1_PA002","TOR_20260830_1",2026-08-30,0,0.228529444800059
1,"M2_behavior","TOR_20260830_1_PA003","TOR_20260830_1",2026-08-30,0,0.133072522301957
1,"M2_behavior","TOR_20260830_1_PA004","TOR_20260830_1",2026-08-30,1,0.186082011799264
1,"M2_behavior","TOR_20260830_1_PA005","TOR_20260830_1",2026-08-30,0,0.139144153938507
1,"M2_behavior","TOR_20260830_1_PA006","TOR_20260830_1",2026-08-30,0,0.272722291141422
1,"M2_behavior","TOR_20260830_1_PA007","TOR_20260830_1",2026-08-30,1,0.210532794568115
1,"M2_behavior","TOR_20260830_1_PA008","TOR_20260830_1",2026-08-30,0,0.15777641446897
1,"M2_behavior","TOR_20260830_1_PA009","TOR_20260830_1",2026-08-30,0,0.248741088560521
1,"M2_behavior","TOR_20260830_1_PA010","TOR_20260830_1",2026-08-30,1,0.173908705816376
1,"M2_behavior","TOR_20260830_1_PA011","TOR_20260830_1",2026-08-30,0,0.190177733369295
1,"M2_behavior","TOR_20260830_1_PA012","TOR_20260830_1",2026-08-30,0,0.129745355960032
1,"M2_behavior","TOR_20260830_1_PA013","TOR_20260830_1",2026-08-30,0,0.190177733369295
1,"M2_behavior","TOR_20260830_1_PA014","TOR_20260830_1",2026-08-30,0,0.151857534335086
1,"M2_behavior","TOR_20260830_1_PA015","TOR_20260830_1",2026-08-30,0,0.20791158865517
1,"M2_behavior","TOR_20260830_1_PA016","TOR_20260830_1",2026-08-30,0,0.204406074960167
1,"M2_behavior","TOR_20260830_1_PA017","TOR_20260830_1",2026-08-30,0,0.15777641446897
1,"M2_behavior","TOR_20260830_1_PA018","TOR_20260830_1",2026-08-30,0,0.167966561441084
1,"M2_behavior","TOR_20260830_1_PA019","TOR_20260830_1",2026-08-30,0,0.218150405235763
1,"M2_behavior","TOR_20260830_1_PA020","TOR_20260830_1",2026-08-30,0,0.204406074960167
1,"M2_behavior","TOR_20260830_1_PA021","TOR_20260830_1",2026-08-30,0,0.133072522301957
1,"M2_behavior","TOR_20260830_1_PA022","TOR_20260830_1",2026-08-30,1,0.19403095417485
1,"M2_behavior","TOR_20260830_1_PA023","TOR_20260830_1",2026-08-30,1,0.139144153938507
1,"M2_behavior","TOR_20260830_1_PA024","TOR_20260830_1",2026-08-30,0,0.197671235351675
1,"M2_behavior","TOR_20260830_1_PA025","TOR_20260830_1",2026-08-30,0,0.15777641446897
1,"M2_behavior","TOR_20260830_1_PA026","TOR_20260830_1",2026-08-30,0,0.15777641446897
1,"M2_behavior","TOR_20260830_1_PA027","TOR_20260830_1",2026-08-30,0,0.190177733369295
1,"M2_behavior","TOR_20260830_1_PA028","TOR_20260830_1",2026-08-30,0,0.16137264419034
1,"M2_behavior","TOR_20260830_1_PA029","TOR_20260830_1",2026-08-30,0,0.197671235351675
1,"M2_behavior","TOR_20260830_1_PA030","TOR_20260830_1",2026-08-30,0,0.139144153938507
1,"M2_behavior","TOR_20260830_1_PA031","TOR_20260830_1",2026-08-30,0,0.190177733369295
1,"M2_behavior","TOR_20260830_1_PA032","TOR_20260830_1",2026-08-30,0,0.139144153938507
1,"M2_behavior","TOR_20260830_1_PA033","TOR_20260830_1",2026-08-30,0,0.19403095417485
1,"M2_behavior","TOR_20260830_1_PA034","TOR_20260830_1",2026-08-30,0,0.186082011799264
1,"M2_behavior","TOR_20260830_1_PA035","TOR_20260830_1",2026-08-30,0,0.16137264419034
1,"M2_behavior","TOR_20260830_1_PA036","TOR_20260830_1",2026-08-30,0,0.222758783986449
1,"M2_behavior","TOR_20260830_1_PA037","TOR_20260830_1",2026-08-30,0,0.186082011799264
1,"M2_behavior","TOR_20260830_1_PA038","TOR_20260830_1",2026-08-30,0,0.197671235351675
1,"M2_behavior","TOR_20260901_1_PA001","TOR_20260901_1",2026-09-01,1,0.186082011799264
1,"M2_behavior","TOR_20260901_1_PA002","TOR_20260901_1",2026-09-01,1,0.14193603028155
1,"M2_behavior","TOR_20260901_1_PA003","TOR_20260901_1",2026-09-01,0,0.113584487447289
1,"M2_behavior","TOR_20260901_1_PA004","TOR_20260901_1",2026-09-01,0,0.14982821330017
1,"M2_behavior","TOR_20260901_1_PA005","TOR_20260901_1",2026-09-01,1,0.12793961285976
1,"M2_behavior","TOR_20260901_1_PA006","TOR_20260901_1",2026-09-01,1,0.235034814286767
1,"M2_behavior","TOR_20260901_1_PA007","TOR_20260901_1",2026-09-01,0,0.171923908003024
1,"M2_behavior","TOR_20260901_1_PA008","TOR_20260901_1",2026-09-01,0,0.136196727513609
1,"M2_behavior","TOR_20260901_1_PA009","TOR_20260901_1",2026-09-01,0,0.216159955679186
1,"M2_behavior","TOR_20260901_1_PA010","TOR_20260901_1",2026-09-01,1,0.164760980868959
1,"M2_behavior","TOR_20260901_1_PA011","TOR_20260901_1",2026-09-01,0,0.181870349363032
1,"M2_behavior","TOR_20260901_1_PA012","TOR_20260901_1",2026-09-01,0,0.147120124003318
1,"M2_behavior","TOR_20260901_1_PA013","TOR_20260901_1",2026-09-01,1,0.190177733369295
1,"M2_behavior","TOR_20260901_1_PA014","TOR_20260901_1",2026-09-01,0,0.121652403113537
1,"M2_behavior","TOR_20260901_1_PA015","TOR_20260901_1",2026-09-01,0,0.129745355960032
1,"M2_behavior","TOR_20260901_1_PA016","TOR_20260901_1",2026-09-01,1,0.14193603028155
1,"M2_behavior","TOR_20260901_1_PA017","TOR_20260901_1",2026-09-01,0,0.213219240278881
1,"M2_behavior","TOR_20260901_1_PA018","TOR_20260901_1",2026-09-01,1,0.14193603028155
1,"M2_behavior","TOR_20260901_1_PA019","TOR_20260901_1",2026-09-01,0,0.222758783986449
1,"M2_behavior","TOR_20260901_1_PA020","TOR_20260901_1",2026-09-01,1,0.136196727513609
1,"M2_behavior","TOR_20260901_1_PA021","TOR_20260901_1",2026-09-01,0,0.186082011799264
1,"M2_behavior","TOR_20260901_1_PA022","TOR_20260901_1",2026-09-01,1,0.177007561690363
1,"M2_behavior","TOR_20260901_1_PA023","TOR_20260901_1",2026-09-01,1,0.151857534335086
1,"M2_behavior","TOR_20260901_1_PA024","TOR_20260901_1",2026-09-01,1,0.260329756768003
1,"M2_behavior","TOR_20260901_1_PA025","TOR_20260901_1",2026-09-01,1,0.202158391321735
1,"M2_behavior","TOR_20260901_1_PA026","TOR_20260901_1",2026-09-01,0,0.153941264315832
1,"M2_behavior","TOR_20260901_1_PA027","TOR_20260901_1",2026-09-01,1,0.235034814286767
1,"M2_behavior","TOR_20260901_1_PA028","TOR_20260901_1",2026-09-01,0,0.195868553333467
1,"M2_behavior","TOR_20260901_1_PA029","TOR_20260901_1",2026-09-01,0,0.14193603028155
1,"M2_behavior","TOR_20260901_1_PA030","TOR_20260901_1",2026-09-01,0,0.201122867785072
1,"M2_behavior","TOR_20260901_1_PA031","TOR_20260901_1",2026-09-01,0,0.22708702368666
1,"M2_behavior","TOR_20260901_1_PA032","TOR_20260901_1",2026-09-01,0,0.16137264419034
1,"M2_behavior","TOR_20260902_1_PA001","TOR_20260902_1",2026-09-02,0,0.186082011799264
1,"M2_behavior","TOR_20260902_1_PA002","TOR_20260902_1",2026-09-02,0,0.139144153938507
1,"M2_behavior","TOR_20260902_1_PA003","TOR_20260902_1",2026-09-02,0,0.21340323055731
1,"M2_behavior","TOR_20260902_1_PA004","TOR_20260902_1",2026-09-02,1,0.14193603028155
1,"M2_behavior","TOR_20260902_1_PA005","TOR_20260902_1",2026-09-02,0,0.235034814286767
1,"M2_behavior","TOR_20260902_1_PA006","TOR_20260902_1",2026-09-02,0,0.156226757632961
1,"M2_behavior","TOR_20260902_1_PA007","TOR_20260902_1",2026-09-02,0,0.177007561690363
1,"M2_behavior","TOR_20260902_1_PA008","TOR_20260902_1",2026-09-02,0,0.190177733369295
1,"M2_behavior","TOR_20260902_1_PA009","TOR_20260902_1",2026-09-02,0,0.181707265589366
1,"M2_behavior","TOR_20260902_1_PA010","TOR_20260902_1",2026-09-02,0,0.202158391321735
1,"M2_behavior","TOR_20260902_1_PA011","TOR_20260902_1",2026-09-02,0,0.177007561690363
1,"M2_behavior","TOR_20260902_1_PA012","TOR_20260902_1",2026-09-02,0,0.19403095417485
1,"M2_behavior","TOR_20260902_1_PA013","TOR_20260902_1",2026-09-02,0,0.177007561690363
1,"M2_behavior","TOR_20260902_1_PA014","TOR_20260902_1",2026-09-02,1,0.242203554168889
1,"M2_behavior","TOR_20260902_1_PA015","TOR_20260902_1",2026-09-02,0,0.145387253329546
1,"M2_behavior","TOR_20260902_1_PA016","TOR_20260902_1",2026-09-02,0,0.213219240278881
1,"M2_behavior","TOR_20260902_1_PA017","TOR_20260902_1",2026-09-02,0,0.123839408158293
1,"M2_behavior","TOR_20260902_1_PA018","TOR_20260902_1",2026-09-02,0,0.119360852756153
1,"M2_behavior","TOR_20260902_1_PA019","TOR_20260902_1",2026-09-02,0,0.201122867785072
1,"M2_behavior","TOR_20260902_1_PA020","TOR_20260902_1",2026-09-02,1,0.20791158865517
1,"M2_behavior","TOR_20260902_1_PA021","TOR_20260902_1",2026-09-02,0,0.171923908003024
1,"M2_behavior","TOR_20260902_1_PA022","TOR_20260902_1",2026-09-02,1,0.133072522301957
1,"M2_behavior","TOR_20260902_1_PA023","TOR_20260902_1",2026-09-02,1,0.267999717195304
1,"M2_behavior","TOR_20260902_1_PA024","TOR_20260902_1",2026-09-02,0,0.105803874173438
1,"M2_behavior","TOR_20260902_1_PA025","TOR_20260902_1",2026-09-02,0,0.197671235351675
1,"M2_behavior","TOR_20260902_1_PA026","TOR_20260902_1",2026-09-02,1,0.145387253329546
1,"M2_behavior","TOR_20260902_1_PA027","TOR_20260902_1",2026-09-02,0,0.177007561690363
1,"M2_behavior","TOR_20260902_1_PA028","TOR_20260902_1",2026-09-02,0,0.190177733369295
1,"M2_behavior","TOR_20260902_1_PA029","TOR_20260902_1",2026-09-02,0,0.19403095417485
1,"M2_behavior","TOR_20260902_1_PA030","TOR_20260902_1",2026-09-02,0,0.190177733369295
1,"M2_behavior","TOR_20260902_1_PA031","TOR_20260902_1",2026-09-02,0,0.129745355960032
1,"M2_behavior","TOR_20260902_1_PA032","TOR_20260902_1",2026-09-02,1,0.235034814286767
1,"M2_behavior","TOR_20260902_1_PA033","TOR_20260902_1",2026-09-02,1,0.121652403113537
1,"M2_behavior","TOR_20260902_1_PA034","TOR_20260902_1",2026-09-02,0,0.122341417256487
1,"M2_behavior","TOR_20260902_1_PA035","TOR_20260902_1",2026-09-02,0,0.197671235351675
1,"M2_behavior","TOR_20260902_1_PA036","TOR_20260902_1",2026-09-02,0,0.181707265589366
1,"M2_behavior","TOR_20260902_1_PA037","TOR_20260902_1",2026-09-02,0,0.197671235351675
1,"M2_behavior","TOR_20260902_1_PA038","TOR_20260902_1",2026-09-02,0,0.114768696845058
1,"M2_behavior","TOR_20260902_1_PA040","TOR_20260902_1",2026-09-02,0,0.126182362815768
1,"M2_behavior","TOR_20260902_1_PA041","TOR_20260902_1",2026-09-02,0,0.140552589524702
1,"M2_behavior","TOR_20260902_1_PA042","TOR_20260902_1",2026-09-02,0,0.136196727513609
1,"M2_behavior","TOR_20260902_1_PA043","TOR_20260902_1",2026-09-02,0,0.210532794568115
1,"M2_behavior","TOR_20260902_1_PA044","TOR_20260902_1",2026-09-02,0,0.232936205988666
1,"M3_context_behavior","TOR_20260828_1_PA001","TOR_20260828_1",2026-08-28,0,0.208712688829717
1,"M3_context_behavior","TOR_20260828_1_PA002","TOR_20260828_1",2026-08-28,0,0.187079636821056
1,"M3_context_behavior","TOR_20260828_1_PA003","TOR_20260828_1",2026-08-28,0,0.215317338095282
1,"M3_context_behavior","TOR_20260828_1_PA004","TOR_20260828_1",2026-08-28,0,0.209391436314291
1,"M3_context_behavior","TOR_20260828_1_PA005","TOR_20260828_1",2026-08-28,0,0.220875273754269
1,"M3_context_behavior","TOR_20260828_1_PA006","TOR_20260828_1",2026-08-28,0,0.244266121105925
1,"M3_context_behavior","TOR_20260828_1_PA007","TOR_20260828_1",2026-08-28,0,0.215317338095282
1,"M3_context_behavior","TOR_20260828_1_PA008","TOR_20260828_1",2026-08-28,0,0.193166830389116
1,"M3_context_behavior","TOR_20260828_1_PA009","TOR_20260828_1",2026-08-28,0,0.195345129837536
1,"M3_context_behavior","TOR_20260828_1_PA010","TOR_20260828_1",2026-08-28,0,0.18983591756436
1,"M3_context_behavior","TOR_20260828_1_PA011","TOR_20260828_1",2026-08-28,0,0.161076074837509
1,"M3_context_behavior","TOR_20260828_1_PA012","TOR_20260828_1",2026-08-28,0,0.182636122186865
1,"M3_context_behavior","TOR_20260828_1_PA013","TOR_20260828_1",2026-08-28,0,0.243365441590614
1,"M3_context_behavior","TOR_20260828_1_PA014","TOR_20260828_1",2026-08-28,0,0.193651002265004
1,"M3_context_behavior","TOR_20260828_1_PA015","TOR_20260828_1",2026-08-28,0,0.183249705927569
1,"M3_context_behavior","TOR_20260828_1_PA016","TOR_20260828_1",2026-08-28,0,0.210885723130605
1,"M3_context_behavior","TOR_20260828_1_PA017","TOR_20260828_1",2026-08-28,0,0.187797231690476
1,"M3_context_behavior","TOR_20260828_1_PA018","TOR_20260828_1",2026-08-28,0,0.205907713965909
1,"M3_context_behavior","TOR_20260828_1_PA019","TOR_20260828_1",2026-08-28,1,0.185827621942678
1,"M3_context_behavior","TOR_20260828_1_PA020","TOR_20260828_1",2026-08-28,0,0.130213496292127
1,"M3_context_behavior","TOR_20260828_1_PA021","TOR_20260828_1",2026-08-28,0,0.187656802603457
1,"M3_context_behavior","TOR_20260828_1_PA022","TOR_20260828_1",2026-08-28,0,0.182315291678823
1,"M3_context_behavior","TOR_20260828_1_PA023","TOR_20260828_1",2026-08-28,0,0.170448416047476
1,"M3_context_behavior","TOR_20260828_1_PA024","TOR_20260828_1",2026-08-28,0,0.184600996077389
1,"M3_context_behavior","TOR_20260828_1_PA025","TOR_20260828_1",2026-08-28,0,0.156481053951022
1,"M3_context_behavior","TOR_20260828_1_PA026","TOR_20260828_1",2026-08-28,0,0.148373191528966
1,"M3_context_behavior","TOR_20260828_1_PA027","TOR_20260828_1",2026-08-28,0,0.180101835541515
1,"M3_context_behavior","TOR_20260828_1_PA028","TOR_20260828_1",2026-08-28,0,0.143951711840088
1,"M3_context_behavior","TOR_20260828_1_PA029","TOR_20260828_1",2026-08-28,0,0.0929971916134434
1,"M3_context_behavior","TOR_20260828_1_PA030","TOR_20260828_1",2026-08-28,0,0.116042929012533
1,"M3_context_behavior","TOR_20260828_1_PA031","TOR_20260828_1",2026-08-28,0,0.148101643706611
1,"M3_context_behavior","TOR_20260828_1_PA032","TOR_20260828_1",2026-08-28,0,0.143944983489443
1,"M3_context_behavior","TOR_20260828_1_PA033","TOR_20260828_1",2026-08-28,0,0.140517617887245
1,"M3_context_behavior","TOR_20260828_1_PA034","TOR_20260828_1",2026-08-28,1,0.140517617887245
1,"M3_context_behavior","TOR_20260828_1_PA035","TOR_20260828_1",2026-08-28,1,0.166334574946766
1,"M3_context_behavior","TOR_20260828_1_PA036","TOR_20260828_1",2026-08-28,0,0.135810268468166
1,"M3_context_behavior","TOR_20260828_1_PA037","TOR_20260828_1",2026-08-28,0,0.111213064178112
1,"M3_context_behavior","TOR_20260828_1_PA038","TOR_20260828_1",2026-08-28,0,0.104527479089511
1,"M3_context_behavior","TOR_20260829_1_PA001","TOR_20260829_1",2026-08-29,1,0.243509145239479
1,"M3_context_behavior","TOR_20260829_1_PA002","TOR_20260829_1",2026-08-29,0,0.258934509496792
1,"M3_context_behavior","TOR_20260829_1_PA003","TOR_20260829_1",2026-08-29,0,0.265730890739407
1,"M3_context_behavior","TOR_20260829_1_PA004","TOR_20260829_1",2026-08-29,0,0.228556676150578
1,"M3_context_behavior","TOR_20260829_1_PA005","TOR_20260829_1",2026-08-29,0,0.234354290062801
1,"M3_context_behavior","TOR_20260829_1_PA006","TOR_20260829_1",2026-08-29,0,0.18983591756436
1,"M3_context_behavior","TOR_20260829_1_PA007","TOR_20260829_1",2026-08-29,0,0.228556676150578
1,"M3_context_behavior","TOR_20260829_1_PA008","TOR_20260829_1",2026-08-29,0,0.159070316388652
1,"M3_context_behavior","TOR_20260829_1_PA009","TOR_20260829_1",2026-08-29,0,0.249692030513994
1,"M3_context_behavior","TOR_20260829_1_PA010","TOR_20260829_1",2026-08-29,0,0.177406311319638
1,"M3_context_behavior","TOR_20260829_1_PA011","TOR_20260829_1",2026-08-29,1,0.159070316388652
1,"M3_context_behavior","TOR_20260829_1_PA012","TOR_20260829_1",2026-08-29,0,0.232322538794
1,"M3_context_behavior","TOR_20260829_1_PA013","TOR_20260829_1",2026-08-29,0,0.175451845479333
1,"M3_context_behavior","TOR_20260829_1_PA014","TOR_20260829_1",2026-08-29,0,0.176245361615402
1,"M3_context_behavior","TOR_20260829_1_PA015","TOR_20260829_1",2026-08-29,0,0.15730853377748
1,"M3_context_behavior","TOR_20260829_1_PA016","TOR_20260829_1",2026-08-29,0,0.161068696686431
1,"M3_context_behavior","TOR_20260829_1_PA017","TOR_20260829_1",2026-08-29,1,0.130213496292127
1,"M3_context_behavior","TOR_20260829_1_PA018","TOR_20260829_1",2026-08-29,0,0.184579821376592
1,"M3_context_behavior","TOR_20260829_1_PA019","TOR_20260829_1",2026-08-29,0,0.144103315861888
1,"M3_context_behavior","TOR_20260829_1_PA020","TOR_20260829_1",2026-08-29,1,0.116781105435897
1,"M3_context_behavior","TOR_20260829_1_PA021","TOR_20260829_1",2026-08-29,0,0.188492899449756
1,"M3_context_behavior","TOR_20260829_1_PA022","TOR_20260829_1",2026-08-29,0,0.159712366278407
1,"M3_context_behavior","TOR_20260829_1_PA023","TOR_20260829_1",2026-08-29,0,0.198900797939411
1,"M3_context_behavior","TOR_20260829_1_PA024","TOR_20260829_1",2026-08-29,0,0.156481053951022
1,"M3_context_behavior","TOR_20260829_1_PA025","TOR_20260829_1",2026-08-29,0,0.134172175395273
1,"M3_context_behavior","TOR_20260829_1_PA026","TOR_20260829_1",2026-08-29,0,0.112672497944566
1,"M3_context_behavior","TOR_20260829_1_PA027","TOR_20260829_1",2026-08-29,0,0.164398348043004
1,"M3_context_behavior","TOR_20260829_1_PA028","TOR_20260829_1",2026-08-29,0,0.111832901245206
1,"M3_context_behavior","TOR_20260829_1_PA029","TOR_20260829_1",2026-08-29,0,0.108494238829959
1,"M3_context_behavior","TOR_20260829_1_PA030","TOR_20260829_1",2026-08-29,0,0.13883186793238
1,"M3_context_behavior","TOR_20260829_1_PA031","TOR_20260829_1",2026-08-29,0,0.163666830121312
1,"M3_context_behavior","TOR_20260829_1_PA032","TOR_20260829_1",2026-08-29,1,0.175205873161051
1,"M3_context_behavior","TOR_20260829_1_PA033","TOR_20260829_1",2026-08-29,0,0.124825639913489
1,"M3_context_behavior","TOR_20260829_1_PA034","TOR_20260829_1",2026-08-29,1,0.138085653633979
1,"M3_context_behavior","TOR_20260829_1_PA035","TOR_20260829_1",2026-08-29,0,0.0971224077181028
1,"M3_context_behavior","TOR_20260829_1_PA036","TOR_20260829_1",2026-08-29,0,0.175028239106739
1,"M3_context_behavior","TOR_20260830_1_PA001","TOR_20260830_1",2026-08-30,0,0.219268860523173
1,"M3_context_behavior","TOR_20260830_1_PA002","TOR_20260830_1",2026-08-30,0,0.306041346597719
1,"M3_context_behavior","TOR_20260830_1_PA003","TOR_20260830_1",2026-08-30,0,0.177720380783911
1,"M3_context_behavior","TOR_20260830_1_PA004","TOR_20260830_1",2026-08-30,1,0.243509145239479
1,"M3_context_behavior","TOR_20260830_1_PA005","TOR_20260830_1",2026-08-30,0,0.187079636821056
1,"M3_context_behavior","TOR_20260830_1_PA006","TOR_20260830_1",2026-08-30,0,0.360070187094473
1,"M3_context_behavior","TOR_20260830_1_PA007","TOR_20260830_1",2026-08-30,1,0.263208797665612
1,"M3_context_behavior","TOR_20260830_1_PA008","TOR_20260830_1",2026-08-30,0,0.195345129837536
1,"M3_context_behavior","TOR_20260830_1_PA009","TOR_20260830_1",2026-08-30,0,0.308038900678101
1,"M3_context_behavior","TOR_20260830_1_PA010","TOR_20260830_1",2026-08-30,1,0.204767760105966
1,"M3_context_behavior","TOR_20260830_1_PA011","TOR_20260830_1",2026-08-30,0,0.219800633798438
1,"M3_context_behavior","TOR_20260830_1_PA012","TOR_20260830_1",2026-08-30,0,0.150180469649535
1,"M3_context_behavior","TOR_20260830_1_PA013","TOR_20260830_1",2026-08-30,0,0.219800633798438
1,"M3_context_behavior","TOR_20260830_1_PA014","TOR_20260830_1",2026-08-30,0,0.15838903529703
1,"M3_context_behavior","TOR_20260830_1_PA015","TOR_20260830_1",2026-08-30,0,0.221414887523784
1,"M3_context_behavior","TOR_20260830_1_PA016","TOR_20260830_1",2026-08-30,0,0.224343011679692
1,"M3_context_behavior","TOR_20260830_1_PA017","TOR_20260830_1",2026-08-30,0,0.170578671665345
1,"M3_context_behavior","TOR_20260830_1_PA018","TOR_20260830_1",2026-08-30,0,0.171702309418062
1,"M3_context_behavior","TOR_20260830_1_PA019","TOR_20260830_1",2026-08-30,0,0.219918468673728
1,"M3_context_behavior","TOR_20260830_1_PA020","TOR_20260830_1",2026-08-30,0,0.18495846804828
1,"M3_context_behavior","TOR_20260830_1_PA021","TOR_20260830_1",2026-08-30,0,0.116781105435897
1,"M3_context_behavior","TOR_20260830_1_PA022","TOR_20260830_1",2026-08-30,1,0.173335728512222
1,"M3_context_behavior","TOR_20260830_1_PA023","TOR_20260830_1",2026-08-30,1,0.131951404481333
1,"M3_context_behavior","TOR_20260830_1_PA024","TOR_20260830_1",2026-08-30,0,0.188867320891249
1,"M3_context_behavior","TOR_20260830_1_PA025","TOR_20260830_1",2026-08-30,0,0.148373191528966
1,"M3_context_behavior","TOR_20260830_1_PA026","TOR_20260830_1",2026-08-30,0,0.148373191528966
1,"M3_context_behavior","TOR_20260830_1_PA027","TOR_20260830_1",2026-08-30,0,0.16817727084493
1,"M3_context_behavior","TOR_20260830_1_PA028","TOR_20260830_1",2026-08-30,0,0.142123065443419
1,"M3_context_behavior","TOR_20260830_1_PA029","TOR_20260830_1",2026-08-30,0,0.176487318652953
1,"M3_context_behavior","TOR_20260830_1_PA030","TOR_20260830_1",2026-08-30,0,0.106558422266046
1,"M3_context_behavior","TOR_20260830_1_PA031","TOR_20260830_1",2026-08-30,0,0.156891153567932
1,"M3_context_behavior","TOR_20260830_1_PA032","TOR_20260830_1",2026-08-30,0,0.0989157223853762
1,"M3_context_behavior","TOR_20260830_1_PA033","TOR_20260830_1",2026-08-30,0,0.140517617887245
1,"M3_context_behavior","TOR_20260830_1_PA034","TOR_20260830_1",2026-08-30,0,0.133106360790748
1,"M3_context_behavior","TOR_20260830_1_PA035","TOR_20260830_1",2026-08-30,0,0.115032027025198
1,"M3_context_behavior","TOR_20260830_1_PA036","TOR_20260830_1",2026-08-30,0,0.162192055629249
1,"M3_context_behavior","TOR_20260830_1_PA037","TOR_20260830_1",2026-08-30,0,0.133106360790748
1,"M3_context_behavior","TOR_20260830_1_PA038","TOR_20260830_1",2026-08-30,0,0.143944983489443
1,"M3_context_behavior","TOR_20260901_1_PA001","TOR_20260901_1",2026-09-01,1,0.247983112943012
1,"M3_context_behavior","TOR_20260901_1_PA002","TOR_20260901_1",2026-09-01,1,0.195153213837242
1,"M3_context_behavior","TOR_20260901_1_PA003","TOR_20260901_1",2026-09-01,0,0.150944640420752
1,"M3_context_behavior","TOR_20260901_1_PA004","TOR_20260901_1",2026-09-01,0,0.187589561604123
1,"M3_context_behavior","TOR_20260901_1_PA005","TOR_20260901_1",2026-09-01,1,0.167601965887956
1,"M3_context_behavior","TOR_20260901_1_PA006","TOR_20260901_1",2026-09-01,1,0.294001104752454
1,"M3_context_behavior","TOR_20260901_1_PA007","TOR_20260901_1",2026-09-01,0,0.199020315025362
1,"M3_context_behavior","TOR_20260901_1_PA008","TOR_20260901_1",2026-09-01,0,0.162325790639797
1,"M3_context_behavior","TOR_20260901_1_PA009","TOR_20260901_1",2026-09-01,0,0.259723135816403
1,"M3_context_behavior","TOR_20260901_1_PA010","TOR_20260901_1",2026-09-01,1,0.195969138115835
1,"M3_context_behavior","TOR_20260901_1_PA011","TOR_20260901_1",2026-09-01,0,0.205970921660043
1,"M3_context_behavior","TOR_20260901_1_PA012","TOR_20260901_1",2026-09-01,0,0.165933014279519
1,"M3_context_behavior","TOR_20260901_1_PA013","TOR_20260901_1",2026-09-01,1,0.209882504718026
1,"M3_context_behavior","TOR_20260901_1_PA014","TOR_20260901_1",2026-09-01,0,0.137219021386575
1,"M3_context_behavior","TOR_20260901_1_PA015","TOR_20260901_1",2026-09-01,0,0.132971781736834
1,"M3_context_behavior","TOR_20260901_1_PA016","TOR_20260901_1",2026-09-01,1,0.148218922477972
1,"M3_context_behavior","TOR_20260901_1_PA017","TOR_20260901_1",2026-09-01,0,0.217987181185212
1,"M3_context_behavior","TOR_20260901_1_PA018","TOR_20260901_1",2026-09-01,1,0.129175371278678
1,"M3_context_behavior","TOR_20260901_1_PA019","TOR_20260901_1",2026-09-01,0,0.202774868101531
1,"M3_context_behavior","TOR_20260901_1_PA020","TOR_20260901_1",2026-09-01,1,0.131261228473004
1,"M3_context_behavior","TOR_20260901_1_PA021","TOR_20260901_1",2026-09-01,0,0.178856604394156
1,"M3_context_behavior","TOR_20260901_1_PA022","TOR_20260901_1",2026-09-01,1,0.168211665737693
1,"M3_context_behavior","TOR_20260901_1_PA023","TOR_20260901_1",2026-09-01,1,0.139641891803914
1,"M3_context_behavior","TOR_20260901_1_PA024","TOR_20260901_1",2026-09-01,1,0.244966705608138
1,"M3_context_behavior","TOR_20260901_1_PA025","TOR_20260901_1",2026-09-01,1,0.178721389718206
1,"M3_context_behavior","TOR_20260901_1_PA026","TOR_20260901_1",2026-09-01,0,0.127349800344379
1,"M3_context_behavior","TOR_20260901_1_PA027","TOR_20260901_1",2026-09-01,1,0.202024579143648
1,"M3_context_behavior","TOR_20260901_1_PA028","TOR_20260901_1",2026-09-01,0,0.160307928523601
1,"M3_context_behavior","TOR_20260901_1_PA029","TOR_20260901_1",2026-09-01,0,0.111015364473492
1,"M3_context_behavior","TOR_20260901_1_PA030","TOR_20260901_1",2026-09-01,0,0.160326866263365
1,"M3_context_behavior","TOR_20260901_1_PA031","TOR_20260901_1",2026-09-01,0,0.180789810484195
1,"M3_context_behavior","TOR_20260901_1_PA032","TOR_20260901_1",2026-09-01,0,0.12570108333598
1,"M3_context_behavior","TOR_20260902_1_PA001","TOR_20260902_1",2026-09-02,0,0.247983112943012
1,"M3_context_behavior","TOR_20260902_1_PA002","TOR_20260902_1",2026-09-02,0,0.190778293471749
1,"M3_context_behavior","TOR_20260902_1_PA003","TOR_20260902_1",2026-09-02,0,0.28876506487413
1,"M3_context_behavior","TOR_20260902_1_PA004","TOR_20260902_1",2026-09-02,1,0.17129209678061
1,"M3_context_behavior","TOR_20260902_1_PA005","TOR_20260902_1",2026-09-02,0,0.27833861745647
1,"M3_context_behavior","TOR_20260902_1_PA006","TOR_20260902_1",2026-09-02,0,0.203785905949704
1,"M3_context_behavior","TOR_20260902_1_PA007","TOR_20260902_1",2026-09-02,0,0.219842796157018
1,"M3_context_behavior","TOR_20260902_1_PA008","TOR_20260902_1",2026-09-02,0,0.238713133009738
1,"M3_context_behavior","TOR_20260902_1_PA009","TOR_20260902_1",2026-09-02,0,0.199822706838383
1,"M3_context_behavior","TOR_20260902_1_PA010","TOR_20260902_1",2026-09-02,0,0.219265884958429
1,"M3_context_behavior","TOR_20260902_1_PA011","TOR_20260902_1",2026-09-02,0,0.193689393842338
1,"M3_context_behavior","TOR_20260902_1_PA012","TOR_20260902_1",2026-09-02,0,0.215988020240592
1,"M3_context_behavior","TOR_20260902_1_PA013","TOR_20260902_1",2026-09-02,0,0.219842796157018
1,"M3_context_behavior","TOR_20260902_1_PA014","TOR_20260902_1",2026-09-02,1,0.286792833818655
1,"M3_context_behavior","TOR_20260902_1_PA015","TOR_20260902_1",2026-09-02,0,0.169159574789597
1,"M3_context_behavior","TOR_20260902_1_PA016","TOR_20260902_1",2026-09-02,0,0.247582260772965
1,"M3_context_behavior","TOR_20260902_1_PA017","TOR_20260902_1",2026-09-02,0,0.150465713116164
1,"M3_context_behavior","TOR_20260902_1_PA018","TOR_20260902_1",2026-09-02,0,0.125477656122286
1,"M3_context_behavior","TOR_20260902_1_PA019","TOR_20260902_1",2026-09-02,0,0.211189501253833
1,"M3_context_behavior","TOR_20260902_1_PA020","TOR_20260902_1",2026-09-02,1,0.225603979602722
1,"M3_context_behavior","TOR_20260902_1_PA021","TOR_20260902_1",2026-09-02,0,0.186127510741868
1,"M3_context_behavior","TOR_20260902_1_PA022","TOR_20260902_1",2026-09-02,1,0.147221647767629
1,"M3_context_behavior","TOR_20260902_1_PA023","TOR_20260902_1",2026-09-02,1,0.286633265196425
1,"M3_context_behavior","TOR_20260902_1_PA024","TOR_20260902_1",2026-09-02,0,0.107848204696146
1,"M3_context_behavior","TOR_20260902_1_PA025","TOR_20260902_1",2026-09-02,0,0.205820346613182
1,"M3_context_behavior","TOR_20260902_1_PA026","TOR_20260902_1",2026-09-02,1,0.137001108478026
1,"M3_context_behavior","TOR_20260902_1_PA027","TOR_20260902_1",2026-09-02,0,0.168211665737693
1,"M3_context_behavior","TOR_20260902_1_PA028","TOR_20260902_1",2026-09-02,0,0.183693710892288
1,"M3_context_behavior","TOR_20260902_1_PA029","TOR_20260902_1",2026-09-02,0,0.165070650536727
1,"M3_context_behavior","TOR_20260902_1_PA030","TOR_20260902_1",2026-09-02,0,0.160953531611663
1,"M3_context_behavior","TOR_20260902_1_PA031","TOR_20260902_1",2026-09-02,0,0.107406732894453
1,"M3_context_behavior","TOR_20260902_1_PA032","TOR_20260902_1",2026-09-02,1,0.215726674153282
1,"M3_context_behavior","TOR_20260902_1_PA033","TOR_20260902_1",2026-09-02,1,0.110326375136307
1,"M3_context_behavior","TOR_20260902_1_PA034","TOR_20260902_1",2026-09-02,0,0.106925850170529
1,"M3_context_behavior","TOR_20260902_1_PA035","TOR_20260902_1",2026-09-02,0,0.168102523648072
1,"M3_context_behavior","TOR_20260902_1_PA036","TOR_20260902_1",2026-09-02,0,0.151172991822969
1,"M3_context_behavior","TOR_20260902_1_PA037","TOR_20260902_1",2026-09-02,0,0.168102523648072
1,"M3_context_behavior","TOR_20260902_1_PA038","TOR_20260902_1",2026-09-02,0,0.0881430419472001
1,"M3_context_behavior","TOR_20260902_1_PA040","TOR_20260902_1",2026-09-02,0,0.0957368456456454
1,"M3_context_behavior","TOR_20260902_1_PA041","TOR_20260902_1",2026-09-02,0,0.0913845592301332
1,"M3_context_behavior","TOR_20260902_1_PA042","TOR_20260902_1",2026-09-02,0,0.091262801299984
1,"M3_context_behavior","TOR_20260902_1_PA043","TOR_20260902_1",2026-09-02,0,0.148621886882755
1,"M3_context_behavior","TOR_20260902_1_PA044","TOR_20260902_1",2026-09-02,0,0.169728537899951
2,"M0_prevalence","TOR_20260903_1_PA001","TOR_20260903_1",2026-09-03,0,0.184952978056426
2,"M0_prevalence","TOR_20260903_1_PA002","TOR_20260903_1",2026-09-03,0,0.184952978056426
2,"M0_prevalence","TOR_20260903_1_PA003","TOR_20260903_1",2026-09-03,1,0.184952978056426
2,"M0_prevalence","TOR_20260903_1_PA004","TOR_20260903_1",2026-09-03,1,0.184952978056426
2,"M0_prevalence","TOR_20260903_1_PA005","TOR_20260903_1",2026-09-03,0,0.184952978056426
2,"M0_prevalence","TOR_20260903_1_PA006","TOR_20260903_1",2026-09-03,0,0.184952978056426
2,"M0_prevalence","TOR_20260903_1_PA007","TOR_20260903_1",2026-09-03,1,0.184952978056426
2,"M0_prevalence","TOR_20260903_1_PA008","TOR_20260903_1",2026-09-03,0,0.184952978056426
2,"M0_prevalence","TOR_20260903_1_PA009","TOR_20260903_1",2026-09-03,0,0.184952978056426
2,"M0_prevalence","TOR_20260903_1_PA010","TOR_20260903_1",2026-09-03,0,0.184952978056426
2,"M0_prevalence","TOR_20260903_1_PA011","TOR_20260903_1",2026-09-03,0,0.184952978056426
2,"M0_prevalence","TOR_20260903_1_PA012","TOR_20260903_1",2026-09-03,0,0.184952978056426
2,"M0_prevalence","TOR_20260903_1_PA013","TOR_20260903_1",2026-09-03,0,0.184952978056426
2,"M0_prevalence","TOR_20260903_1_PA014","TOR_20260903_1",2026-09-03,1,0.184952978056426
2,"M0_prevalence","TOR_20260903_1_PA015","TOR_20260903_1",2026-09-03,0,0.184952978056426
2,"M0_prevalence","TOR_20260903_1_PA016","TOR_20260903_1",2026-09-03,0,0.184952978056426
2,"M0_prevalence","TOR_20260903_1_PA017","TOR_20260903_1",2026-09-03,0,0.184952978056426
2,"M0_prevalence","TOR_20260903_1_PA018","TOR_20260903_1",2026-09-03,0,0.184952978056426
2,"M0_prevalence","TOR_20260903_1_PA019","TOR_20260903_1",2026-09-03,0,0.184952978056426
2,"M0_prevalence","TOR_20260903_1_PA020","TOR_20260903_1",2026-09-03,0,0.184952978056426
2,"M0_prevalence","TOR_20260903_1_PA021","TOR_20260903_1",2026-09-03,0,0.184952978056426
2,"M0_prevalence","TOR_20260903_1_PA022","TOR_20260903_1",2026-09-03,0,0.184952978056426
2,"M0_prevalence","TOR_20260903_1_PA023","TOR_20260903_1",2026-09-03,0,0.184952978056426
2,"M0_prevalence","TOR_20260903_1_PA024","TOR_20260903_1",2026-09-03,1,0.184952978056426
2,"M0_prevalence","TOR_20260903_1_PA025","TOR_20260903_1",2026-09-03,0,0.184952978056426
2,"M0_prevalence","TOR_20260903_1_PA026","TOR_20260903_1",2026-09-03,0,0.184952978056426
2,"M0_prevalence","TOR_20260903_1_PA027","TOR_20260903_1",2026-09-03,0,0.184952978056426
2,"M0_prevalence","TOR_20260903_1_PA028","TOR_20260903_1",2026-09-03,0,0.184952978056426
2,"M0_prevalence","TOR_20260903_1_PA029","TOR_20260903_1",2026-09-03,0,0.184952978056426
2,"M0_prevalence","TOR_20260903_1_PA030","TOR_20260903_1",2026-09-03,0,0.184952978056426
2,"M0_prevalence","TOR_20260903_1_PA031","TOR_20260903_1",2026-09-03,1,0.184952978056426
2,"M0_prevalence","TOR_20260903_1_PA032","TOR_20260903_1",2026-09-03,1,0.184952978056426
2,"M0_prevalence","TOR_20260903_1_PA033","TOR_20260903_1",2026-09-03,0,0.184952978056426
2,"M0_prevalence","TOR_20260903_1_PA034","TOR_20260903_1",2026-09-03,0,0.184952978056426
2,"M0_prevalence","TOR_20260903_1_PA035","TOR_20260903_1",2026-09-03,0,0.184952978056426
2,"M0_prevalence","TOR_20260903_1_PA036","TOR_20260903_1",2026-09-03,1,0.184952978056426
2,"M0_prevalence","TOR_20260903_1_PA037","TOR_20260903_1",2026-09-03,0,0.184952978056426
2,"M0_prevalence","TOR_20260903_1_PA038","TOR_20260903_1",2026-09-03,0,0.184952978056426
2,"M0_prevalence","TOR_20260903_1_PA039","TOR_20260903_1",2026-09-03,0,0.184952978056426
2,"M0_prevalence","TOR_20260903_1_PA040","TOR_20260903_1",2026-09-03,1,0.184952978056426
2,"M0_prevalence","TOR_20260903_1_PA041","TOR_20260903_1",2026-09-03,0,0.184952978056426
2,"M0_prevalence","TOR_20260903_1_PA042","TOR_20260903_1",2026-09-03,0,0.184952978056426
2,"M0_prevalence","TOR_20260903_1_PA043","TOR_20260903_1",2026-09-03,0,0.184952978056426
2,"M0_prevalence","TOR_20260903_1_PA044","TOR_20260903_1",2026-09-03,1,0.184952978056426
2,"M0_prevalence","TOR_20260904_1_PA001","TOR_20260904_1",2026-09-04,0,0.184952978056426
2,"M0_prevalence","TOR_20260904_1_PA002","TOR_20260904_1",2026-09-04,0,0.184952978056426
2,"M0_prevalence","TOR_20260904_1_PA003","TOR_20260904_1",2026-09-04,0,0.184952978056426
2,"M0_prevalence","TOR_20260904_1_PA004","TOR_20260904_1",2026-09-04,0,0.184952978056426
2,"M0_prevalence","TOR_20260904_1_PA005","TOR_20260904_1",2026-09-04,0,0.184952978056426
2,"M0_prevalence","TOR_20260904_1_PA006","TOR_20260904_1",2026-09-04,0,0.184952978056426
2,"M0_prevalence","TOR_20260904_1_PA007","TOR_20260904_1",2026-09-04,0,0.184952978056426
2,"M0_prevalence","TOR_20260904_1_PA008","TOR_20260904_1",2026-09-04,0,0.184952978056426
2,"M0_prevalence","TOR_20260904_1_PA009","TOR_20260904_1",2026-09-04,0,0.184952978056426
2,"M0_prevalence","TOR_20260904_1_PA010","TOR_20260904_1",2026-09-04,0,0.184952978056426
2,"M0_prevalence","TOR_20260904_1_PA011","TOR_20260904_1",2026-09-04,0,0.184952978056426
2,"M0_prevalence","TOR_20260904_1_PA012","TOR_20260904_1",2026-09-04,0,0.184952978056426
2,"M0_prevalence","TOR_20260904_1_PA013","TOR_20260904_1",2026-09-04,0,0.184952978056426
2,"M0_prevalence","TOR_20260904_1_PA014","TOR_20260904_1",2026-09-04,0,0.184952978056426
2,"M0_prevalence","TOR_20260904_1_PA015","TOR_20260904_1",2026-09-04,0,0.184952978056426
2,"M0_prevalence","TOR_20260904_1_PA016","TOR_20260904_1",2026-09-04,0,0.184952978056426
2,"M0_prevalence","TOR_20260904_1_PA017","TOR_20260904_1",2026-09-04,0,0.184952978056426
2,"M0_prevalence","TOR_20260904_1_PA018","TOR_20260904_1",2026-09-04,0,0.184952978056426
2,"M0_prevalence","TOR_20260904_1_PA019","TOR_20260904_1",2026-09-04,0,0.184952978056426
2,"M0_prevalence","TOR_20260904_1_PA020","TOR_20260904_1",2026-09-04,0,0.184952978056426
2,"M0_prevalence","TOR_20260904_1_PA021","TOR_20260904_1",2026-09-04,0,0.184952978056426
2,"M0_prevalence","TOR_20260904_1_PA022","TOR_20260904_1",2026-09-04,0,0.184952978056426
2,"M0_prevalence","TOR_20260904_1_PA023","TOR_20260904_1",2026-09-04,0,0.184952978056426
2,"M0_prevalence","TOR_20260904_1_PA024","TOR_20260904_1",2026-09-04,0,0.184952978056426
2,"M0_prevalence","TOR_20260904_1_PA025","TOR_20260904_1",2026-09-04,0,0.184952978056426
2,"M0_prevalence","TOR_20260904_1_PA026","TOR_20260904_1",2026-09-04,0,0.184952978056426
2,"M0_prevalence","TOR_20260904_1_PA027","TOR_20260904_1",2026-09-04,0,0.184952978056426
2,"M0_prevalence","TOR_20260904_1_PA028","TOR_20260904_1",2026-09-04,0,0.184952978056426
2,"M0_prevalence","TOR_20260904_1_PA029","TOR_20260904_1",2026-09-04,0,0.184952978056426
2,"M0_prevalence","TOR_20260904_1_PA030","TOR_20260904_1",2026-09-04,0,0.184952978056426
2,"M0_prevalence","TOR_20260904_1_PA031","TOR_20260904_1",2026-09-04,0,0.184952978056426
2,"M0_prevalence","TOR_20260904_1_PA032","TOR_20260904_1",2026-09-04,1,0.184952978056426
2,"M0_prevalence","TOR_20260904_1_PA033","TOR_20260904_1",2026-09-04,1,0.184952978056426
2,"M0_prevalence","TOR_20260904_1_PA034","TOR_20260904_1",2026-09-04,0,0.184952978056426
2,"M0_prevalence","TOR_20260904_1_PA035","TOR_20260904_1",2026-09-04,0,0.184952978056426
2,"M0_prevalence","TOR_20260904_1_PA036","TOR_20260904_1",2026-09-04,0,0.184952978056426
2,"M0_prevalence","TOR_20260904_1_PA037","TOR_20260904_1",2026-09-04,1,0.184952978056426
2,"M0_prevalence","TOR_20260904_1_PA038","TOR_20260904_1",2026-09-04,0,0.184952978056426
2,"M0_prevalence","TOR_20260904_1_PA039","TOR_20260904_1",2026-09-04,0,0.184952978056426
2,"M0_prevalence","TOR_20260904_1_PA040","TOR_20260904_1",2026-09-04,0,0.184952978056426
2,"M0_prevalence","TOR_20260904_1_PA041","TOR_20260904_1",2026-09-04,1,0.184952978056426
2,"M0_prevalence","TOR_20260904_1_PA042","TOR_20260904_1",2026-09-04,0,0.184952978056426
2,"M0_prevalence","TOR_20260904_1_PA043","TOR_20260904_1",2026-09-04,0,0.184952978056426
2,"M0_prevalence","TOR_20260905_1_PA001","TOR_20260905_1",2026-09-05,0,0.184952978056426
2,"M0_prevalence","TOR_20260905_1_PA002","TOR_20260905_1",2026-09-05,0,0.184952978056426
2,"M0_prevalence","TOR_20260905_1_PA003","TOR_20260905_1",2026-09-05,0,0.184952978056426
2,"M0_prevalence","TOR_20260905_1_PA004","TOR_20260905_1",2026-09-05,0,0.184952978056426
2,"M0_prevalence","TOR_20260905_1_PA005","TOR_20260905_1",2026-09-05,0,0.184952978056426
2,"M0_prevalence","TOR_20260905_1_PA006","TOR_20260905_1",2026-09-05,0,0.184952978056426
2,"M0_prevalence","TOR_20260905_1_PA007","TOR_20260905_1",2026-09-05,0,0.184952978056426
2,"M0_prevalence","TOR_20260905_1_PA008","TOR_20260905_1",2026-09-05,0,0.184952978056426
2,"M0_prevalence","TOR_20260905_1_PA009","TOR_20260905_1",2026-09-05,0,0.184952978056426
2,"M0_prevalence","TOR_20260905_1_PA010","TOR_20260905_1",2026-09-05,0,0.184952978056426
2,"M0_prevalence","TOR_20260905_1_PA011","TOR_20260905_1",2026-09-05,0,0.184952978056426
2,"M0_prevalence","TOR_20260905_1_PA012","TOR_20260905_1",2026-09-05,0,0.184952978056426
2,"M0_prevalence","TOR_20260905_1_PA013","TOR_20260905_1",2026-09-05,0,0.184952978056426
2,"M0_prevalence","TOR_20260905_1_PA014","TOR_20260905_1",2026-09-05,0,0.184952978056426
2,"M0_prevalence","TOR_20260905_1_PA015","TOR_20260905_1",2026-09-05,0,0.184952978056426
2,"M0_prevalence","TOR_20260905_1_PA016","TOR_20260905_1",2026-09-05,0,0.184952978056426
2,"M0_prevalence","TOR_20260905_1_PA017","TOR_20260905_1",2026-09-05,0,0.184952978056426
2,"M0_prevalence","TOR_20260905_1_PA018","TOR_20260905_1",2026-09-05,0,0.184952978056426
2,"M0_prevalence","TOR_20260905_1_PA019","TOR_20260905_1",2026-09-05,1,0.184952978056426
2,"M0_prevalence","TOR_20260905_1_PA020","TOR_20260905_1",2026-09-05,0,0.184952978056426
2,"M0_prevalence","TOR_20260905_1_PA021","TOR_20260905_1",2026-09-05,0,0.184952978056426
2,"M0_prevalence","TOR_20260905_1_PA022","TOR_20260905_1",2026-09-05,0,0.184952978056426
2,"M0_prevalence","TOR_20260905_1_PA023","TOR_20260905_1",2026-09-05,0,0.184952978056426
2,"M0_prevalence","TOR_20260905_1_PA024","TOR_20260905_1",2026-09-05,0,0.184952978056426
2,"M0_prevalence","TOR_20260905_1_PA025","TOR_20260905_1",2026-09-05,0,0.184952978056426
2,"M0_prevalence","TOR_20260905_1_PA026","TOR_20260905_1",2026-09-05,1,0.184952978056426
2,"M0_prevalence","TOR_20260905_1_PA027","TOR_20260905_1",2026-09-05,1,0.184952978056426
2,"M0_prevalence","TOR_20260905_1_PA028","TOR_20260905_1",2026-09-05,0,0.184952978056426
2,"M0_prevalence","TOR_20260905_1_PA029","TOR_20260905_1",2026-09-05,0,0.184952978056426
2,"M0_prevalence","TOR_20260905_1_PA030","TOR_20260905_1",2026-09-05,1,0.184952978056426
2,"M0_prevalence","TOR_20260905_1_PA031","TOR_20260905_1",2026-09-05,0,0.184952978056426
2,"M0_prevalence","TOR_20260905_1_PA032","TOR_20260905_1",2026-09-05,0,0.184952978056426
2,"M0_prevalence","TOR_20260905_1_PA033","TOR_20260905_1",2026-09-05,0,0.184952978056426
2,"M0_prevalence","TOR_20260905_1_PA034","TOR_20260905_1",2026-09-05,0,0.184952978056426
2,"M0_prevalence","TOR_20260905_1_PA035","TOR_20260905_1",2026-09-05,0,0.184952978056426
2,"M0_prevalence","TOR_20260905_1_PA036","TOR_20260905_1",2026-09-05,0,0.184952978056426
2,"M0_prevalence","TOR_20260905_1_PA037","TOR_20260905_1",2026-09-05,0,0.184952978056426
2,"M0_prevalence","TOR_20260905_1_PA038","TOR_20260905_1",2026-09-05,0,0.184952978056426
2,"M0_prevalence","TOR_20260905_1_PA039","TOR_20260905_1",2026-09-05,0,0.184952978056426
2,"M0_prevalence","TOR_20260905_1_PA040","TOR_20260905_1",2026-09-05,0,0.184952978056426
2,"M0_prevalence","TOR_20260905_1_PA041","TOR_20260905_1",2026-09-05,0,0.184952978056426
2,"M0_prevalence","TOR_20260905_1_PA042","TOR_20260905_1",2026-09-05,0,0.184952978056426
2,"M0_prevalence","TOR_20260906_1_PA001","TOR_20260906_1",2026-09-06,0,0.184952978056426
2,"M0_prevalence","TOR_20260906_1_PA002","TOR_20260906_1",2026-09-06,0,0.184952978056426
2,"M0_prevalence","TOR_20260906_1_PA003","TOR_20260906_1",2026-09-06,0,0.184952978056426
2,"M0_prevalence","TOR_20260906_1_PA004","TOR_20260906_1",2026-09-06,0,0.184952978056426
2,"M0_prevalence","TOR_20260906_1_PA005","TOR_20260906_1",2026-09-06,1,0.184952978056426
2,"M0_prevalence","TOR_20260906_1_PA006","TOR_20260906_1",2026-09-06,1,0.184952978056426
2,"M0_prevalence","TOR_20260906_1_PA007","TOR_20260906_1",2026-09-06,0,0.184952978056426
2,"M0_prevalence","TOR_20260906_1_PA008","TOR_20260906_1",2026-09-06,0,0.184952978056426
2,"M0_prevalence","TOR_20260906_1_PA009","TOR_20260906_1",2026-09-06,0,0.184952978056426
2,"M0_prevalence","TOR_20260906_1_PA010","TOR_20260906_1",2026-09-06,0,0.184952978056426
2,"M0_prevalence","TOR_20260906_1_PA011","TOR_20260906_1",2026-09-06,0,0.184952978056426
2,"M0_prevalence","TOR_20260906_1_PA012","TOR_20260906_1",2026-09-06,0,0.184952978056426
2,"M0_prevalence","TOR_20260906_1_PA013","TOR_20260906_1",2026-09-06,0,0.184952978056426
2,"M0_prevalence","TOR_20260906_1_PA014","TOR_20260906_1",2026-09-06,0,0.184952978056426
2,"M0_prevalence","TOR_20260906_1_PA015","TOR_20260906_1",2026-09-06,1,0.184952978056426
2,"M0_prevalence","TOR_20260906_1_PA016","TOR_20260906_1",2026-09-06,0,0.184952978056426
2,"M0_prevalence","TOR_20260906_1_PA017","TOR_20260906_1",2026-09-06,0,0.184952978056426
2,"M0_prevalence","TOR_20260906_1_PA018","TOR_20260906_1",2026-09-06,0,0.184952978056426
2,"M0_prevalence","TOR_20260906_1_PA019","TOR_20260906_1",2026-09-06,0,0.184952978056426
2,"M0_prevalence","TOR_20260906_1_PA020","TOR_20260906_1",2026-09-06,0,0.184952978056426
2,"M0_prevalence","TOR_20260906_1_PA021","TOR_20260906_1",2026-09-06,0,0.184952978056426
2,"M0_prevalence","TOR_20260906_1_PA022","TOR_20260906_1",2026-09-06,0,0.184952978056426
2,"M0_prevalence","TOR_20260906_1_PA023","TOR_20260906_1",2026-09-06,0,0.184952978056426
2,"M0_prevalence","TOR_20260906_1_PA024","TOR_20260906_1",2026-09-06,0,0.184952978056426
2,"M0_prevalence","TOR_20260906_1_PA025","TOR_20260906_1",2026-09-06,0,0.184952978056426
2,"M0_prevalence","TOR_20260906_1_PA026","TOR_20260906_1",2026-09-06,0,0.184952978056426
2,"M0_prevalence","TOR_20260906_1_PA027","TOR_20260906_1",2026-09-06,0,0.184952978056426
2,"M0_prevalence","TOR_20260906_1_PA028","TOR_20260906_1",2026-09-06,0,0.184952978056426
2,"M0_prevalence","TOR_20260906_1_PA029","TOR_20260906_1",2026-09-06,1,0.184952978056426
2,"M0_prevalence","TOR_20260906_1_PA030","TOR_20260906_1",2026-09-06,1,0.184952978056426
2,"M0_prevalence","TOR_20260906_1_PA031","TOR_20260906_1",2026-09-06,0,0.184952978056426
2,"M0_prevalence","TOR_20260906_1_PA032","TOR_20260906_1",2026-09-06,0,0.184952978056426
2,"M0_prevalence","TOR_20260906_1_PA033","TOR_20260906_1",2026-09-06,0,0.184952978056426
2,"M0_prevalence","TOR_20260906_1_PA034","TOR_20260906_1",2026-09-06,0,0.184952978056426
2,"M0_prevalence","TOR_20260907_1_PA001","TOR_20260907_1",2026-09-07,0,0.184952978056426
2,"M0_prevalence","TOR_20260907_1_PA002","TOR_20260907_1",2026-09-07,0,0.184952978056426
2,"M0_prevalence","TOR_20260907_1_PA003","TOR_20260907_1",2026-09-07,1,0.184952978056426
2,"M0_prevalence","TOR_20260907_1_PA004","TOR_20260907_1",2026-09-07,0,0.184952978056426
2,"M0_prevalence","TOR_20260907_1_PA005","TOR_20260907_1",2026-09-07,0,0.184952978056426
2,"M0_prevalence","TOR_20260907_1_PA006","TOR_20260907_1",2026-09-07,0,0.184952978056426
2,"M0_prevalence","TOR_20260907_1_PA007","TOR_20260907_1",2026-09-07,0,0.184952978056426
2,"M0_prevalence","TOR_20260907_1_PA008","TOR_20260907_1",2026-09-07,0,0.184952978056426
2,"M0_prevalence","TOR_20260907_1_PA009","TOR_20260907_1",2026-09-07,0,0.184952978056426
2,"M0_prevalence","TOR_20260907_1_PA010","TOR_20260907_1",2026-09-07,0,0.184952978056426
2,"M0_prevalence","TOR_20260907_1_PA011","TOR_20260907_1",2026-09-07,0,0.184952978056426
2,"M0_prevalence","TOR_20260907_1_PA012","TOR_20260907_1",2026-09-07,0,0.184952978056426
2,"M0_prevalence","TOR_20260907_1_PA013","TOR_20260907_1",2026-09-07,0,0.184952978056426
2,"M0_prevalence","TOR_20260907_1_PA014","TOR_20260907_1",2026-09-07,0,0.184952978056426
2,"M0_prevalence","TOR_20260907_1_PA015","TOR_20260907_1",2026-09-07,0,0.184952978056426
2,"M0_prevalence","TOR_20260907_1_PA016","TOR_20260907_1",2026-09-07,0,0.184952978056426
2,"M0_prevalence","TOR_20260907_1_PA017","TOR_20260907_1",2026-09-07,0,0.184952978056426
2,"M0_prevalence","TOR_20260907_1_PA018","TOR_20260907_1",2026-09-07,0,0.184952978056426
2,"M0_prevalence","TOR_20260907_1_PA019","TOR_20260907_1",2026-09-07,0,0.184952978056426
2,"M0_prevalence","TOR_20260907_1_PA020","TOR_20260907_1",2026-09-07,0,0.184952978056426
2,"M0_prevalence","TOR_20260907_1_PA021","TOR_20260907_1",2026-09-07,0,0.184952978056426
2,"M0_prevalence","TOR_20260907_1_PA022","TOR_20260907_1",2026-09-07,0,0.184952978056426
2,"M0_prevalence","TOR_20260907_1_PA023","TOR_20260907_1",2026-09-07,0,0.184952978056426
2,"M0_prevalence","TOR_20260907_1_PA024","TOR_20260907_1",2026-09-07,0,0.184952978056426
2,"M0_prevalence","TOR_20260907_1_PA025","TOR_20260907_1",2026-09-07,0,0.184952978056426
2,"M0_prevalence","TOR_20260907_1_PA026","TOR_20260907_1",2026-09-07,0,0.184952978056426
2,"M0_prevalence","TOR_20260907_1_PA027","TOR_20260907_1",2026-09-07,0,0.184952978056426
2,"M0_prevalence","TOR_20260907_1_PA028","TOR_20260907_1",2026-09-07,1,0.184952978056426
2,"M0_prevalence","TOR_20260907_1_PA029","TOR_20260907_1",2026-09-07,1,0.184952978056426
2,"M0_prevalence","TOR_20260907_1_PA030","TOR_20260907_1",2026-09-07,0,0.184952978056426
2,"M0_prevalence","TOR_20260907_1_PA031","TOR_20260907_1",2026-09-07,0,0.184952978056426
2,"M0_prevalence","TOR_20260907_1_PA032","TOR_20260907_1",2026-09-07,0,0.184952978056426
2,"M0_prevalence","TOR_20260907_1_PA033","TOR_20260907_1",2026-09-07,0,0.184952978056426
2,"M0_prevalence","TOR_20260907_1_PA034","TOR_20260907_1",2026-09-07,0,0.184952978056426
2,"M0_prevalence","TOR_20260907_1_PA035","TOR_20260907_1",2026-09-07,0,0.184952978056426
2,"M0_prevalence","TOR_20260907_1_PA036","TOR_20260907_1",2026-09-07,0,0.184952978056426
2,"M0_prevalence","TOR_20260907_1_PA037","TOR_20260907_1",2026-09-07,0,0.184952978056426
2,"M0_prevalence","TOR_20260907_1_PA038","TOR_20260907_1",2026-09-07,1,0.184952978056426
2,"M1_context","TOR_20260903_1_PA001","TOR_20260903_1",2026-09-03,0,0.267717884413272
2,"M1_context","TOR_20260903_1_PA002","TOR_20260903_1",2026-09-03,0,0.267717884413272
2,"M1_context","TOR_20260903_1_PA003","TOR_20260903_1",2026-09-03,1,0.267717884413272
2,"M1_context","TOR_20260903_1_PA004","TOR_20260903_1",2026-09-03,1,0.256908743024354
2,"M1_context","TOR_20260903_1_PA005","TOR_20260903_1",2026-09-03,0,0.256908743024354
2,"M1_context","TOR_20260903_1_PA006","TOR_20260903_1",2026-09-03,0,0.256908743024354
2,"M1_context","TOR_20260903_1_PA007","TOR_20260903_1",2026-09-03,1,0.256908743024354
2,"M1_context","TOR_20260903_1_PA008","TOR_20260903_1",2026-09-03,0,0.246389180704498
2,"M1_context","TOR_20260903_1_PA009","TOR_20260903_1",2026-09-03,0,0.246389180704498
2,"M1_context","TOR_20260903_1_PA010","TOR_20260903_1",2026-09-03,0,0.246389180704498
2,"M1_context","TOR_20260903_1_PA011","TOR_20260903_1",2026-09-03,0,0.236163464807197
2,"M1_context","TOR_20260903_1_PA012","TOR_20260903_1",2026-09-03,0,0.236163464807197
2,"M1_context","TOR_20260903_1_PA013","TOR_20260903_1",2026-09-03,0,0.181275477267454
2,"M1_context","TOR_20260903_1_PA014","TOR_20260903_1",2026-09-03,1,0.236163464807197
2,"M1_context","TOR_20260903_1_PA015","TOR_20260903_1",2026-09-03,0,0.236163464807197
2,"M1_context","TOR_20260903_1_PA016","TOR_20260903_1",2026-09-03,0,0.226234737056661
2,"M1_context","TOR_20260903_1_PA017","TOR_20260903_1",2026-09-03,0,0.226234737056661
2,"M1_context","TOR_20260903_1_PA018","TOR_20260903_1",2026-09-03,0,0.17313129898629
2,"M1_context","TOR_20260903_1_PA019","TOR_20260903_1",2026-09-03,0,0.17313129898629
2,"M1_context","TOR_20260903_1_PA020","TOR_20260903_1",2026-09-03,0,0.17313129898629
2,"M1_context","TOR_20260903_1_PA021","TOR_20260903_1",2026-09-03,0,0.17313129898629
2,"M1_context","TOR_20260903_1_PA022","TOR_20260903_1",2026-09-03,0,0.226234737056661
2,"M1_context","TOR_20260903_1_PA023","TOR_20260903_1",2026-09-03,0,0.17313129898629
2,"M1_context","TOR_20260903_1_PA024","TOR_20260903_1",2026-09-03,1,0.17313129898629
2,"M1_context","TOR_20260903_1_PA025","TOR_20260903_1",2026-09-03,0,0.17313129898629
2,"M1_context","TOR_20260903_1_PA026","TOR_20260903_1",2026-09-03,0,0.216605060220159
2,"M1_context","TOR_20260903_1_PA027","TOR_20260903_1",2026-09-03,0,0.216605060220159
2,"M1_context","TOR_20260903_1_PA028","TOR_20260903_1",2026-09-03,0,0.216605060220159
2,"M1_context","TOR_20260903_1_PA029","TOR_20260903_1",2026-09-03,0,0.216605060220159
2,"M1_context","TOR_20260903_1_PA030","TOR_20260903_1",2026-09-03,0,0.207275470255655
2,"M1_context","TOR_20260903_1_PA031","TOR_20260903_1",2026-09-03,1,0.207275470255655
2,"M1_context","TOR_20260903_1_PA032","TOR_20260903_1",2026-09-03,1,0.207275470255655
2,"M1_context","TOR_20260903_1_PA033","TOR_20260903_1",2026-09-03,0,0.207275470255655
2,"M1_context","TOR_20260903_1_PA034","TOR_20260903_1",2026-09-03,0,0.198246032920224
2,"M1_context","TOR_20260903_1_PA035","TOR_20260903_1",2026-09-03,0,0.198246032920224
2,"M1_context","TOR_20260903_1_PA036","TOR_20260903_1",2026-09-03,1,0.198246032920224
2,"M1_context","TOR_20260903_1_PA037","TOR_20260903_1",2026-09-03,0,0.198246032920224
2,"M1_context","TOR_20260903_1_PA038","TOR_20260903_1",2026-09-03,0,0.15043502467491
2,"M1_context","TOR_20260903_1_PA039","TOR_20260903_1",2026-09-03,0,0.189515903852794
2,"M1_context","TOR_20260903_1_PA040","TOR_20260903_1",2026-09-03,1,0.189515903852794
2,"M1_context","TOR_20260903_1_PA041","TOR_20260903_1",2026-09-03,0,0.189515903852794
2,"M1_context","TOR_20260903_1_PA042","TOR_20260903_1",2026-09-03,0,0.189515903852794
2,"M1_context","TOR_20260903_1_PA043","TOR_20260903_1",2026-09-03,0,0.143433677416761
2,"M1_context","TOR_20260903_1_PA044","TOR_20260903_1",2026-09-03,1,0.143433677416761
2,"M1_context","TOR_20260904_1_PA001","TOR_20260904_1",2026-09-04,0,0.267717884413272
2,"M1_context","TOR_20260904_1_PA002","TOR_20260904_1",2026-09-04,0,0.267717884413272
2,"M1_context","TOR_20260904_1_PA003","TOR_20260904_1",2026-09-04,0,0.267717884413272
2,"M1_context","TOR_20260904_1_PA004","TOR_20260904_1",2026-09-04,0,0.267717884413272
2,"M1_context","TOR_20260904_1_PA005","TOR_20260904_1",2026-09-04,0,0.207488300363869
2,"M1_context","TOR_20260904_1_PA006","TOR_20260904_1",2026-09-04,0,0.207488300363869
2,"M1_context","TOR_20260904_1_PA007","TOR_20260904_1",2026-09-04,0,0.207488300363869
2,"M1_context","TOR_20260904_1_PA008","TOR_20260904_1",2026-09-04,0,0.207488300363869
2,"M1_context","TOR_20260904_1_PA009","TOR_20260904_1",2026-09-04,0,0.256908743024354
2,"M1_context","TOR_20260904_1_PA010","TOR_20260904_1",2026-09-04,0,0.256908743024354
2,"M1_context","TOR_20260904_1_PA011","TOR_20260904_1",2026-09-04,0,0.198451912636951
2,"M1_context","TOR_20260904_1_PA012","TOR_20260904_1",2026-09-04,0,0.198451912636951
2,"M1_context","TOR_20260904_1_PA013","TOR_20260904_1",2026-09-04,0,0.198451912636951
2,"M1_context","TOR_20260904_1_PA014","TOR_20260904_1",2026-09-04,0,0.198451912636951
2,"M1_context","TOR_20260904_1_PA015","TOR_20260904_1",2026-09-04,0,0.246389180704498
2,"M1_context","TOR_20260904_1_PA016","TOR_20260904_1",2026-09-04,0,0.246389180704498
2,"M1_context","TOR_20260904_1_PA017","TOR_20260904_1",2026-09-04,0,0.246389180704498
2,"M1_context","TOR_20260904_1_PA018","TOR_20260904_1",2026-09-04,0,0.246389180704498
2,"M1_context","TOR_20260904_1_PA019","TOR_20260904_1",2026-09-04,0,0.236163464807197
2,"M1_context","TOR_20260904_1_PA020","TOR_20260904_1",2026-09-04,0,0.236163464807197
2,"M1_context","TOR_20260904_1_PA021","TOR_20260904_1",2026-09-04,0,0.236163464807197
2,"M1_context","TOR_20260904_1_PA022","TOR_20260904_1",2026-09-04,0,0.226234737056661
2,"M1_context","TOR_20260904_1_PA023","TOR_20260904_1",2026-09-04,0,0.226234737056661
2,"M1_context","TOR_20260904_1_PA024","TOR_20260904_1",2026-09-04,0,0.226234737056661
2,"M1_context","TOR_20260904_1_PA025","TOR_20260904_1",2026-09-04,0,0.216605060220159
2,"M1_context","TOR_20260904_1_PA026","TOR_20260904_1",2026-09-04,0,0.216605060220159
2,"M1_context","TOR_20260904_1_PA027","TOR_20260904_1",2026-09-04,0,0.165279150373231
2,"M1_context","TOR_20260904_1_PA028","TOR_20260904_1",2026-09-04,0,0.165279150373231
2,"M1_context","TOR_20260904_1_PA029","TOR_20260904_1",2026-09-04,0,0.165279150373231
2,"M1_context","TOR_20260904_1_PA030","TOR_20260904_1",2026-09-04,0,0.165279150373231
2,"M1_context","TOR_20260904_1_PA031","TOR_20260904_1",2026-09-04,0,0.165279150373231
2,"M1_context","TOR_20260904_1_PA032","TOR_20260904_1",2026-09-04,1,0.207275470255655
2,"M1_context","TOR_20260904_1_PA033","TOR_20260904_1",2026-09-04,1,0.207275470255655
2,"M1_context","TOR_20260904_1_PA034","TOR_20260904_1",2026-09-04,0,0.207275470255655
2,"M1_context","TOR_20260904_1_PA035","TOR_20260904_1",2026-09-04,0,0.198246032920224
2,"M1_context","TOR_20260904_1_PA036","TOR_20260904_1",2026-09-04,0,0.198246032920224
2,"M1_context","TOR_20260904_1_PA037","TOR_20260904_1",2026-09-04,1,0.198246032920224
2,"M1_context","TOR_20260904_1_PA038","TOR_20260904_1",2026-09-04,0,0.15043502467491
2,"M1_context","TOR_20260904_1_PA039","TOR_20260904_1",2026-09-04,0,0.189515903852794
2,"M1_context","TOR_20260904_1_PA040","TOR_20260904_1",2026-09-04,0,0.189515903852794
2,"M1_context","TOR_20260904_1_PA041","TOR_20260904_1",2026-09-04,1,0.189515903852794
2,"M1_context","TOR_20260904_1_PA042","TOR_20260904_1",2026-09-04,0,0.189515903852794
2,"M1_context","TOR_20260904_1_PA043","TOR_20260904_1",2026-09-04,0,0.189515903852794
2,"M1_context","TOR_20260905_1_PA001","TOR_20260905_1",2026-09-05,0,0.267717884413272
2,"M1_context","TOR_20260905_1_PA002","TOR_20260905_1",2026-09-05,0,0.267717884413272
2,"M1_context","TOR_20260905_1_PA003","TOR_20260905_1",2026-09-05,0,0.267717884413272
2,"M1_context","TOR_20260905_1_PA004","TOR_20260905_1",2026-09-05,0,0.267717884413272
2,"M1_context","TOR_20260905_1_PA005","TOR_20260905_1",2026-09-05,0,0.207488300363869
2,"M1_context","TOR_20260905_1_PA006","TOR_20260905_1",2026-09-05,0,0.267717884413272
2,"M1_context","TOR_20260905_1_PA007","TOR_20260905_1",2026-09-05,0,0.207488300363869
2,"M1_context","TOR_20260905_1_PA008","TOR_20260905_1",2026-09-05,0,0.256908743024354
2,"M1_context","TOR_20260905_1_PA009","TOR_20260905_1",2026-09-05,0,0.256908743024354
2,"M1_context","TOR_20260905_1_PA010","TOR_20260905_1",2026-09-05,0,0.256908743024354
2,"M1_context","TOR_20260905_1_PA011","TOR_20260905_1",2026-09-05,0,0.198451912636951
2,"M1_context","TOR_20260905_1_PA012","TOR_20260905_1",2026-09-05,0,0.198451912636951
2,"M1_context","TOR_20260905_1_PA013","TOR_20260905_1",2026-09-05,0,0.246389180704498
2,"M1_context","TOR_20260905_1_PA014","TOR_20260905_1",2026-09-05,0,0.246389180704498
2,"M1_context","TOR_20260905_1_PA015","TOR_20260905_1",2026-09-05,0,0.246389180704498
2,"M1_context","TOR_20260905_1_PA016","TOR_20260905_1",2026-09-05,0,0.246389180704498
2,"M1_context","TOR_20260905_1_PA017","TOR_20260905_1",2026-09-05,0,0.246389180704498
2,"M1_context","TOR_20260905_1_PA018","TOR_20260905_1",2026-09-05,0,0.236163464807197
2,"M1_context","TOR_20260905_1_PA019","TOR_20260905_1",2026-09-05,1,0.236163464807197
2,"M1_context","TOR_20260905_1_PA020","TOR_20260905_1",2026-09-05,0,0.236163464807197
2,"M1_context","TOR_20260905_1_PA021","TOR_20260905_1",2026-09-05,0,0.226234737056661
2,"M1_context","TOR_20260905_1_PA022","TOR_20260905_1",2026-09-05,0,0.226234737056661
2,"M1_context","TOR_20260905_1_PA023","TOR_20260905_1",2026-09-05,0,0.226234737056661
2,"M1_context","TOR_20260905_1_PA024","TOR_20260905_1",2026-09-05,0,0.216605060220159
2,"M1_context","TOR_20260905_1_PA025","TOR_20260905_1",2026-09-05,0,0.216605060220159
2,"M1_context","TOR_20260905_1_PA026","TOR_20260905_1",2026-09-05,1,0.165279150373231
2,"M1_context","TOR_20260905_1_PA027","TOR_20260905_1",2026-09-05,1,0.165279150373231
2,"M1_context","TOR_20260905_1_PA028","TOR_20260905_1",2026-09-05,0,0.165279150373231
2,"M1_context","TOR_20260905_1_PA029","TOR_20260905_1",2026-09-05,0,0.207275470255655
2,"M1_context","TOR_20260905_1_PA030","TOR_20260905_1",2026-09-05,1,0.207275470255655
2,"M1_context","TOR_20260905_1_PA031","TOR_20260905_1",2026-09-05,0,0.157715199543072
2,"M1_context","TOR_20260905_1_PA032","TOR_20260905_1",2026-09-05,0,0.157715199543072
2,"M1_context","TOR_20260905_1_PA033","TOR_20260905_1",2026-09-05,0,0.157715199543072
2,"M1_context","TOR_20260905_1_PA034","TOR_20260905_1",2026-09-05,0,0.157715199543072
2,"M1_context","TOR_20260905_1_PA035","TOR_20260905_1",2026-09-05,0,0.198246032920224
2,"M1_context","TOR_20260905_1_PA036","TOR_20260905_1",2026-09-05,0,0.198246032920224
2,"M1_context","TOR_20260905_1_PA037","TOR_20260905_1",2026-09-05,0,0.198246032920224
2,"M1_context","TOR_20260905_1_PA038","TOR_20260905_1",2026-09-05,0,0.198246032920224
2,"M1_context","TOR_20260905_1_PA039","TOR_20260905_1",2026-09-05,0,0.189515903852794
2,"M1_context","TOR_20260905_1_PA040","TOR_20260905_1",2026-09-05,0,0.189515903852794
2,"M1_context","TOR_20260905_1_PA041","TOR_20260905_1",2026-09-05,0,0.189515903852794
2,"M1_context","TOR_20260905_1_PA042","TOR_20260905_1",2026-09-05,0,0.189515903852794
2,"M1_context","TOR_20260906_1_PA001","TOR_20260906_1",2026-09-06,0,0.267717884413272
2,"M1_context","TOR_20260906_1_PA002","TOR_20260906_1",2026-09-06,0,0.267717884413272
2,"M1_context","TOR_20260906_1_PA003","TOR_20260906_1",2026-09-06,0,0.267717884413272
2,"M1_context","TOR_20260906_1_PA004","TOR_20260906_1",2026-09-06,0,0.256908743024354
2,"M1_context","TOR_20260906_1_PA005","TOR_20260906_1",2026-09-06,1,0.256908743024354
2,"M1_context","TOR_20260906_1_PA006","TOR_20260906_1",2026-09-06,1,0.256908743024354
2,"M1_context","TOR_20260906_1_PA007","TOR_20260906_1",2026-09-06,0,0.246389180704498
2,"M1_context","TOR_20260906_1_PA008","TOR_20260906_1",2026-09-06,0,0.246389180704498
2,"M1_context","TOR_20260906_1_PA009","TOR_20260906_1",2026-09-06,0,0.246389180704498
2,"M1_context","TOR_20260906_1_PA010","TOR_20260906_1",2026-09-06,0,0.236163464807197
2,"M1_context","TOR_20260906_1_PA011","TOR_20260906_1",2026-09-06,0,0.236163464807197
2,"M1_context","TOR_20260906_1_PA012","TOR_20260906_1",2026-09-06,0,0.236163464807197
2,"M1_context","TOR_20260906_1_PA013","TOR_20260906_1",2026-09-06,0,0.226234737056661
2,"M1_context","TOR_20260906_1_PA014","TOR_20260906_1",2026-09-06,0,0.226234737056661
2,"M1_context","TOR_20260906_1_PA015","TOR_20260906_1",2026-09-06,1,0.226234737056661
2,"M1_context","TOR_20260906_1_PA016","TOR_20260906_1",2026-09-06,0,0.216605060220159
2,"M1_context","TOR_20260906_1_PA017","TOR_20260906_1",2026-09-06,0,0.216605060220159
2,"M1_context","TOR_20260906_1_PA018","TOR_20260906_1",2026-09-06,0,0.216605060220159
2,"M1_context","TOR_20260906_1_PA019","TOR_20260906_1",2026-09-06,0,0.216605060220159
2,"M1_context","TOR_20260906_1_PA020","TOR_20260906_1",2026-09-06,0,0.216605060220159
2,"M1_context","TOR_20260906_1_PA021","TOR_20260906_1",2026-09-06,0,0.165279150373231
2,"M1_context","TOR_20260906_1_PA022","TOR_20260906_1",2026-09-06,0,0.207275470255655
2,"M1_context","TOR_20260906_1_PA023","TOR_20260906_1",2026-09-06,0,0.207275470255655
2,"M1_context","TOR_20260906_1_PA024","TOR_20260906_1",2026-09-06,0,0.157715199543072
2,"M1_context","TOR_20260906_1_PA025","TOR_20260906_1",2026-09-06,0,0.157715199543072
2,"M1_context","TOR_20260906_1_PA026","TOR_20260906_1",2026-09-06,0,0.157715199543072
2,"M1_context","TOR_20260906_1_PA027","TOR_20260906_1",2026-09-06,0,0.198246032920224
2,"M1_context","TOR_20260906_1_PA028","TOR_20260906_1",2026-09-06,0,0.198246032920224
2,"M1_context","TOR_20260906_1_PA029","TOR_20260906_1",2026-09-06,1,0.198246032920224
2,"M1_context","TOR_20260906_1_PA030","TOR_20260906_1",2026-09-06,1,0.198246032920224
2,"M1_context","TOR_20260906_1_PA031","TOR_20260906_1",2026-09-06,0,0.189515903852794
2,"M1_context","TOR_20260906_1_PA032","TOR_20260906_1",2026-09-06,0,0.189515903852794
2,"M1_context","TOR_20260906_1_PA033","TOR_20260906_1",2026-09-06,0,0.143433677416761
2,"M1_context","TOR_20260906_1_PA034","TOR_20260906_1",2026-09-06,0,0.143433677416761
2,"M1_context","TOR_20260907_1_PA001","TOR_20260907_1",2026-09-07,0,0.267717884413272
2,"M1_context","TOR_20260907_1_PA002","TOR_20260907_1",2026-09-07,0,0.267717884413272
2,"M1_context","TOR_20260907_1_PA003","TOR_20260907_1",2026-09-07,1,0.267717884413272
2,"M1_context","TOR_20260907_1_PA004","TOR_20260907_1",2026-09-07,0,0.256908743024354
2,"M1_context","TOR_20260907_1_PA005","TOR_20260907_1",2026-09-07,0,0.256908743024354
2,"M1_context","TOR_20260907_1_PA006","TOR_20260907_1",2026-09-07,0,0.256908743024354
2,"M1_context","TOR_20260907_1_PA007","TOR_20260907_1",2026-09-07,0,0.198451912636951
2,"M1_context","TOR_20260907_1_PA008","TOR_20260907_1",2026-09-07,0,0.198451912636951
2,"M1_context","TOR_20260907_1_PA009","TOR_20260907_1",2026-09-07,0,0.198451912636951
2,"M1_context","TOR_20260907_1_PA010","TOR_20260907_1",2026-09-07,0,0.246389180704498
2,"M1_context","TOR_20260907_1_PA011","TOR_20260907_1",2026-09-07,0,0.246389180704498
2,"M1_context","TOR_20260907_1_PA012","TOR_20260907_1",2026-09-07,0,0.246389180704498
2,"M1_context","TOR_20260907_1_PA013","TOR_20260907_1",2026-09-07,0,0.236163464807197
2,"M1_context","TOR_20260907_1_PA014","TOR_20260907_1",2026-09-07,0,0.236163464807197
2,"M1_context","TOR_20260907_1_PA015","TOR_20260907_1",2026-09-07,0,0.236163464807197
2,"M1_context","TOR_20260907_1_PA016","TOR_20260907_1",2026-09-07,0,0.226234737056661
2,"M1_context","TOR_20260907_1_PA017","TOR_20260907_1",2026-09-07,0,0.226234737056661
2,"M1_context","TOR_20260907_1_PA018","TOR_20260907_1",2026-09-07,0,0.226234737056661
2,"M1_context","TOR_20260907_1_PA019","TOR_20260907_1",2026-09-07,0,0.216605060220159
2,"M1_context","TOR_20260907_1_PA020","TOR_20260907_1",2026-09-07,0,0.216605060220159
2,"M1_context","TOR_20260907_1_PA021","TOR_20260907_1",2026-09-07,0,0.216605060220159
2,"M1_context","TOR_20260907_1_PA022","TOR_20260907_1",2026-09-07,0,0.216605060220159
2,"M1_context","TOR_20260907_1_PA023","TOR_20260907_1",2026-09-07,0,0.207275470255655
2,"M1_context","TOR_20260907_1_PA024","TOR_20260907_1",2026-09-07,0,0.207275470255655
2,"M1_context","TOR_20260907_1_PA025","TOR_20260907_1",2026-09-07,0,0.207275470255655
2,"M1_context","TOR_20260907_1_PA026","TOR_20260907_1",2026-09-07,0,0.157715199543072
2,"M1_context","TOR_20260907_1_PA027","TOR_20260907_1",2026-09-07,0,0.157715199543072
2,"M1_context","TOR_20260907_1_PA028","TOR_20260907_1",2026-09-07,1,0.157715199543072
2,"M1_context","TOR_20260907_1_PA029","TOR_20260907_1",2026-09-07,1,0.198246032920224
2,"M1_context","TOR_20260907_1_PA030","TOR_20260907_1",2026-09-07,0,0.198246032920224
2,"M1_context","TOR_20260907_1_PA031","TOR_20260907_1",2026-09-07,0,0.198246032920224
2,"M1_context","TOR_20260907_1_PA032","TOR_20260907_1",2026-09-07,0,0.198246032920224
2,"M1_context","TOR_20260907_1_PA033","TOR_20260907_1",2026-09-07,0,0.15043502467491
2,"M1_context","TOR_20260907_1_PA034","TOR_20260907_1",2026-09-07,0,0.189515903852794
2,"M1_context","TOR_20260907_1_PA035","TOR_20260907_1",2026-09-07,0,0.189515903852794
2,"M1_context","TOR_20260907_1_PA036","TOR_20260907_1",2026-09-07,0,0.189515903852794
2,"M1_context","TOR_20260907_1_PA037","TOR_20260907_1",2026-09-07,0,0.189515903852794
2,"M1_context","TOR_20260907_1_PA038","TOR_20260907_1",2026-09-07,1,0.189515903852794
2,"M2_behavior","TOR_20260903_1_PA001","TOR_20260903_1",2026-09-03,0,0.183413610887039
2,"M2_behavior","TOR_20260903_1_PA002","TOR_20260903_1",2026-09-03,0,0.233211996437179
2,"M2_behavior","TOR_20260903_1_PA003","TOR_20260903_1",2026-09-03,1,0.233013679807557
2,"M2_behavior","TOR_20260903_1_PA004","TOR_20260903_1",2026-09-03,1,0.286512928334389
2,"M2_behavior","TOR_20260903_1_PA005","TOR_20260903_1",2026-09-03,0,0.117937866042173
2,"M2_behavior","TOR_20260903_1_PA006","TOR_20260903_1",2026-09-03,0,0.142546737441935
2,"M2_behavior","TOR_20260903_1_PA007","TOR_20260903_1",2026-09-03,1,0.257204128403747
2,"M2_behavior","TOR_20260903_1_PA008","TOR_20260903_1",2026-09-03,0,0.175833801671233
2,"M2_behavior","TOR_20260903_1_PA009","TOR_20260903_1",2026-09-03,0,0.273304833342766
2,"M2_behavior","TOR_20260903_1_PA010","TOR_20260903_1",2026-09-03,0,0.12533155672994
2,"M2_behavior","TOR_20260903_1_PA011","TOR_20260903_1",2026-09-03,0,0.175216357782
2,"M2_behavior","TOR_20260903_1_PA012","TOR_20260903_1",2026-09-03,0,0.117937866042173
2,"M2_behavior","TOR_20260903_1_PA013","TOR_20260903_1",2026-09-03,0,0.117937866042173
2,"M2_behavior","TOR_20260903_1_PA014","TOR_20260903_1",2026-09-03,1,0.150331413349299
2,"M2_behavior","TOR_20260903_1_PA015","TOR_20260903_1",2026-09-03,0,0.183413610887039
2,"M2_behavior","TOR_20260903_1_PA016","TOR_20260903_1",2026-09-03,0,0.186887453988266
2,"M2_behavior","TOR_20260903_1_PA017","TOR_20260903_1",2026-09-03,0,0.190607901696172
2,"M2_behavior","TOR_20260903_1_PA018","TOR_20260903_1",2026-09-03,0,0.17754488005928
2,"M2_behavior","TOR_20260903_1_PA019","TOR_20260903_1",2026-09-03,0,0.178362255905654
2,"M2_behavior","TOR_20260903_1_PA020","TOR_20260903_1",2026-09-03,0,0.175833801671233
2,"M2_behavior","TOR_20260903_1_PA021","TOR_20260903_1",2026-09-03,0,0.0828251556800349
2,"M2_behavior","TOR_20260903_1_PA022","TOR_20260903_1",2026-09-03,0,0.117937866042173
2,"M2_behavior","TOR_20260903_1_PA023","TOR_20260903_1",2026-09-03,0,0.164625144645021
2,"M2_behavior","TOR_20260903_1_PA024","TOR_20260903_1",2026-09-03,1,0.245484154655794
2,"M2_behavior","TOR_20260903_1_PA025","TOR_20260903_1",2026-09-03,0,0.134374153211928
2,"M2_behavior","TOR_20260903_1_PA026","TOR_20260903_1",2026-09-03,0,0.205458903146078
2,"M2_behavior","TOR_20260903_1_PA027","TOR_20260903_1",2026-09-03,0,0.222066449382975
2,"M2_behavior","TOR_20260903_1_PA028","TOR_20260903_1",2026-09-03,0,0.157106044765882
2,"M2_behavior","TOR_20260903_1_PA029","TOR_20260903_1",2026-09-03,0,0.21628331179004
2,"M2_behavior","TOR_20260903_1_PA030","TOR_20260903_1",2026-09-03,0,0.175833801671233
2,"M2_behavior","TOR_20260903_1_PA031","TOR_20260903_1",2026-09-03,1,0.117937866042173
2,"M2_behavior","TOR_20260903_1_PA032","TOR_20260903_1",2026-09-03,1,0.164777760840891
2,"M2_behavior","TOR_20260903_1_PA033","TOR_20260903_1",2026-09-03,0,0.175833801671233
2,"M2_behavior","TOR_20260903_1_PA034","TOR_20260903_1",2026-09-03,0,0.190607901696172
2,"M2_behavior","TOR_20260903_1_PA035","TOR_20260903_1",2026-09-03,0,0.219012670012517
2,"M2_behavior","TOR_20260903_1_PA036","TOR_20260903_1",2026-09-03,1,0.211610581415031
2,"M2_behavior","TOR_20260903_1_PA037","TOR_20260903_1",2026-09-03,0,0.170096591605921
2,"M2_behavior","TOR_20260903_1_PA038","TOR_20260903_1",2026-09-03,0,0.167816266353352
2,"M2_behavior","TOR_20260903_1_PA039","TOR_20260903_1",2026-09-03,0,0.197459325985686
2,"M2_behavior","TOR_20260903_1_PA040","TOR_20260903_1",2026-09-03,1,0.117937866042173
2,"M2_behavior","TOR_20260903_1_PA041","TOR_20260903_1",2026-09-03,0,0.21628331179004
2,"M2_behavior","TOR_20260903_1_PA042","TOR_20260903_1",2026-09-03,0,0.150331413349299
2,"M2_behavior","TOR_20260903_1_PA043","TOR_20260903_1",2026-09-03,0,0.157671869918534
2,"M2_behavior","TOR_20260903_1_PA044","TOR_20260903_1",2026-09-03,1,0.186887453988266
2,"M2_behavior","TOR_20260904_1_PA001","TOR_20260904_1",2026-09-04,0,0.183413610887039
2,"M2_behavior","TOR_20260904_1_PA002","TOR_20260904_1",2026-09-04,0,0.15924035866054
2,"M2_behavior","TOR_20260904_1_PA003","TOR_20260904_1",2026-09-04,0,0.21628331179004
2,"M2_behavior","TOR_20260904_1_PA004","TOR_20260904_1",2026-09-04,0,0.147553358160179
2,"M2_behavior","TOR_20260904_1_PA005","TOR_20260904_1",2026-09-04,0,0.232815480616565
2,"M2_behavior","TOR_20260904_1_PA006","TOR_20260904_1",2026-09-04,0,0.134245170563097
2,"M2_behavior","TOR_20260904_1_PA007","TOR_20260904_1",2026-09-04,0,0.21026949971906
2,"M2_behavior","TOR_20260904_1_PA008","TOR_20260904_1",2026-09-04,0,0.189367953296474
2,"M2_behavior","TOR_20260904_1_PA009","TOR_20260904_1",2026-09-04,0,0.177605472492495
2,"M2_behavior","TOR_20260904_1_PA010","TOR_20260904_1",2026-09-04,0,0.177605472492495
2,"M2_behavior","TOR_20260904_1_PA011","TOR_20260904_1",2026-09-04,0,0.175833801671233
2,"M2_behavior","TOR_20260904_1_PA012","TOR_20260904_1",2026-09-04,0,0.175833801671233
2,"M2_behavior","TOR_20260904_1_PA013","TOR_20260904_1",2026-09-04,0,0.159295914067526
2,"M2_behavior","TOR_20260904_1_PA014","TOR_20260904_1",2026-09-04,0,0.245407314914033
2,"M2_behavior","TOR_20260904_1_PA015","TOR_20260904_1",2026-09-04,0,0.164625144645021
2,"M2_behavior","TOR_20260904_1_PA016","TOR_20260904_1",2026-09-04,0,0.200289650817486
2,"M2_behavior","TOR_20260904_1_PA017","TOR_20260904_1",2026-09-04,0,0.157106044765882
2,"M2_behavior","TOR_20260904_1_PA018","TOR_20260904_1",2026-09-04,0,0.219012670012517
2,"M2_behavior","TOR_20260904_1_PA019","TOR_20260904_1",2026-09-04,0,0.150189771260434
2,"M2_behavior","TOR_20260904_1_PA020","TOR_20260904_1",2026-09-04,0,0.245484154655794
2,"M2_behavior","TOR_20260904_1_PA021","TOR_20260904_1",2026-09-04,0,0.167816266353352
2,"M2_behavior","TOR_20260904_1_PA022","TOR_20260904_1",2026-09-04,0,0.183579817269964
2,"M2_behavior","TOR_20260904_1_PA023","TOR_20260904_1",2026-09-04,0,0.211610581415031
2,"M2_behavior","TOR_20260904_1_PA024","TOR_20260904_1",2026-09-04,0,0.164777760840891
2,"M2_behavior","TOR_20260904_1_PA025","TOR_20260904_1",2026-09-04,0,0.159295914067526
2,"M2_behavior","TOR_20260904_1_PA026","TOR_20260904_1",2026-09-04,0,0.210638159503621
2,"M2_behavior","TOR_20260904_1_PA027","TOR_20260904_1",2026-09-04,0,0.219012670012517
2,"M2_behavior","TOR_20260904_1_PA028","TOR_20260904_1",2026-09-04,0,0.17754488005928
2,"M2_behavior","TOR_20260904_1_PA029","TOR_20260904_1",2026-09-04,0,0.167816266353352
2,"M2_behavior","TOR_20260904_1_PA030","TOR_20260904_1",2026-09-04,0,0.274543570130116
2,"M2_behavior","TOR_20260904_1_PA031","TOR_20260904_1",2026-09-04,0,0.17754488005928
2,"M2_behavior","TOR_20260904_1_PA032","TOR_20260904_1",2026-09-04,1,0.177605472492495
2,"M2_behavior","TOR_20260904_1_PA033","TOR_20260904_1",2026-09-04,1,0.233013679807557
2,"M2_behavior","TOR_20260904_1_PA034","TOR_20260904_1",2026-09-04,0,0.204003273428641
2,"M2_behavior","TOR_20260904_1_PA035","TOR_20260904_1",2026-09-04,0,0.134245170563097
2,"M2_behavior","TOR_20260904_1_PA036","TOR_20260904_1",2026-09-04,0,0.150331413349299
2,"M2_behavior","TOR_20260904_1_PA037","TOR_20260904_1",2026-09-04,1,0.243235638425252
2,"M2_behavior","TOR_20260904_1_PA038","TOR_20260904_1",2026-09-04,0,0.190607901696172
2,"M2_behavior","TOR_20260904_1_PA039","TOR_20260904_1",2026-09-04,0,0.145246591768757
2,"M2_behavior","TOR_20260904_1_PA040","TOR_20260904_1",2026-09-04,0,0.204003273428641
2,"M2_behavior","TOR_20260904_1_PA041","TOR_20260904_1",2026-09-04,1,0.198346273113887
2,"M2_behavior","TOR_20260904_1_PA042","TOR_20260904_1",2026-09-04,0,0.202558292044281
2,"M2_behavior","TOR_20260904_1_PA043","TOR_20260904_1",2026-09-04,0,0.142546737441935
2,"M2_behavior","TOR_20260905_1_PA001","TOR_20260905_1",2026-09-05,0,0.183413610887039
2,"M2_behavior","TOR_20260905_1_PA002","TOR_20260905_1",2026-09-05,0,0.17754488005928
2,"M2_behavior","TOR_20260905_1_PA003","TOR_20260905_1",2026-09-05,0,0.119754758829921
2,"M2_behavior","TOR_20260905_1_PA004","TOR_20260905_1",2026-09-05,0,0.197459325985686
2,"M2_behavior","TOR_20260905_1_PA005","TOR_20260905_1",2026-09-05,0,0.186026459204232
2,"M2_behavior","TOR_20260905_1_PA006","TOR_20260905_1",2026-09-05,0,0.167816266353352
2,"M2_behavior","TOR_20260905_1_PA007","TOR_20260905_1",2026-09-05,0,0.197459325985686
2,"M2_behavior","TOR_20260905_1_PA008","TOR_20260905_1",2026-09-05,0,0.268116321090014
2,"M2_behavior","TOR_20260905_1_PA009","TOR_20260905_1",2026-09-05,0,0.153461472651582
2,"M2_behavior","TOR_20260905_1_PA010","TOR_20260905_1",2026-09-05,0,0.219012670012517
2,"M2_behavior","TOR_20260905_1_PA011","TOR_20260905_1",2026-09-05,0,0.232815480616565
2,"M2_behavior","TOR_20260905_1_PA012","TOR_20260905_1",2026-09-05,0,0.175833801671233
2,"M2_behavior","TOR_20260905_1_PA013","TOR_20260905_1",2026-09-05,0,0.125945364356442
2,"M2_behavior","TOR_20260905_1_PA014","TOR_20260905_1",2026-09-05,0,0.175216357782
2,"M2_behavior","TOR_20260905_1_PA015","TOR_20260905_1",2026-09-05,0,0.177605472492495
2,"M2_behavior","TOR_20260905_1_PA016","TOR_20260905_1",2026-09-05,0,0.211610581415031
2,"M2_behavior","TOR_20260905_1_PA017","TOR_20260905_1",2026-09-05,0,0.150331413349299
2,"M2_behavior","TOR_20260905_1_PA018","TOR_20260905_1",2026-09-05,0,0.177605472492495
2,"M2_behavior","TOR_20260905_1_PA019","TOR_20260905_1",2026-09-05,1,0.167816266353352
2,"M2_behavior","TOR_20260905_1_PA020","TOR_20260905_1",2026-09-05,0,0.219012670012517
2,"M2_behavior","TOR_20260905_1_PA021","TOR_20260905_1",2026-09-05,0,0.15924035866054
2,"M2_behavior","TOR_20260905_1_PA022","TOR_20260905_1",2026-09-05,0,0.134374153211928
2,"M2_behavior","TOR_20260905_1_PA023","TOR_20260905_1",2026-09-05,0,0.170096591605921
2,"M2_behavior","TOR_20260905_1_PA024","TOR_20260905_1",2026-09-05,0,0.177605472492495
2,"M2_behavior","TOR_20260905_1_PA025","TOR_20260905_1",2026-09-05,0,0.211610581415031
2,"M2_behavior","TOR_20260905_1_PA026","TOR_20260905_1",2026-09-05,1,0.197459325985686
2,"M2_behavior","TOR_20260905_1_PA027","TOR_20260905_1",2026-09-05,1,0.183413610887039
2,"M2_behavior","TOR_20260905_1_PA028","TOR_20260905_1",2026-09-05,0,0.227637753209472
2,"M2_behavior","TOR_20260905_1_PA029","TOR_20260905_1",2026-09-05,0,0.183413610887039
2,"M2_behavior","TOR_20260905_1_PA030","TOR_20260905_1",2026-09-05,1,0.189367953296474
2,"M2_behavior","TOR_20260905_1_PA031","TOR_20260905_1",2026-09-05,0,0.204003273428641
2,"M2_behavior","TOR_20260905_1_PA032","TOR_20260905_1",2026-09-05,0,0.134245170563097
2,"M2_behavior","TOR_20260905_1_PA033","TOR_20260905_1",2026-09-05,0,0.186887453988266
2,"M2_behavior","TOR_20260905_1_PA034","TOR_20260905_1",2026-09-05,0,0.195601968057594
2,"M2_behavior","TOR_20260905_1_PA035","TOR_20260905_1",2026-09-05,0,0.175833801671233
2,"M2_behavior","TOR_20260905_1_PA036","TOR_20260905_1",2026-09-05,0,0.251453069127302
2,"M2_behavior","TOR_20260905_1_PA037","TOR_20260905_1",2026-09-05,0,0.171237009772388
2,"M2_behavior","TOR_20260905_1_PA038","TOR_20260905_1",2026-09-05,0,0.197459325985686
2,"M2_behavior","TOR_20260905_1_PA039","TOR_20260905_1",2026-09-05,0,0.134245170563097
2,"M2_behavior","TOR_20260905_1_PA040","TOR_20260905_1",2026-09-05,0,0.15924035866054
2,"M2_behavior","TOR_20260905_1_PA041","TOR_20260905_1",2026-09-05,0,0.153461472651582
2,"M2_behavior","TOR_20260905_1_PA042","TOR_20260905_1",2026-09-05,0,0.142546737441935
2,"M2_behavior","TOR_20260906_1_PA001","TOR_20260906_1",2026-09-06,0,0.183413610887039
2,"M2_behavior","TOR_20260906_1_PA002","TOR_20260906_1",2026-09-06,0,0.183579817269964
2,"M2_behavior","TOR_20260906_1_PA003","TOR_20260906_1",2026-09-06,0,0.197459325985686
2,"M2_behavior","TOR_20260906_1_PA004","TOR_20260906_1",2026-09-06,0,0.194931526182492
2,"M2_behavior","TOR_20260906_1_PA005","TOR_20260906_1",2026-09-06,1,0.232815480616565
2,"M2_behavior","TOR_20260906_1_PA006","TOR_20260906_1",2026-09-06,1,0.117937866042173
2,"M2_behavior","TOR_20260906_1_PA007","TOR_20260906_1",2026-09-06,0,0.175833801671233
2,"M2_behavior","TOR_20260906_1_PA008","TOR_20260906_1",2026-09-06,0,0.167816266353352
2,"M2_behavior","TOR_20260906_1_PA009","TOR_20260906_1",2026-09-06,0,0.175833801671233
2,"M2_behavior","TOR_20260906_1_PA010","TOR_20260906_1",2026-09-06,0,0.190607901696172
2,"M2_behavior","TOR_20260906_1_PA011","TOR_20260906_1",2026-09-06,0,0.171237009772388
2,"M2_behavior","TOR_20260906_1_PA012","TOR_20260906_1",2026-09-06,0,0.194931526182492
2,"M2_behavior","TOR_20260906_1_PA013","TOR_20260906_1",2026-09-06,0,0.286512928334389
2,"M2_behavior","TOR_20260906_1_PA014","TOR_20260906_1",2026-09-06,0,0.153461472651582
2,"M2_behavior","TOR_20260906_1_PA015","TOR_20260906_1",2026-09-06,1,0.117937866042173
2,"M2_behavior","TOR_20260906_1_PA016","TOR_20260906_1",2026-09-06,0,0.157671869918534
2,"M2_behavior","TOR_20260906_1_PA017","TOR_20260906_1",2026-09-06,0,0.203823192680296
2,"M2_behavior","TOR_20260906_1_PA018","TOR_20260906_1",2026-09-06,0,0.203823192680296
2,"M2_behavior","TOR_20260906_1_PA019","TOR_20260906_1",2026-09-06,0,0.175833801671233
2,"M2_behavior","TOR_20260906_1_PA020","TOR_20260906_1",2026-09-06,0,0.215287003228583
2,"M2_behavior","TOR_20260906_1_PA021","TOR_20260906_1",2026-09-06,0,0.150189771260434
2,"M2_behavior","TOR_20260906_1_PA022","TOR_20260906_1",2026-09-06,0,0.219012670012517
2,"M2_behavior","TOR_20260906_1_PA023","TOR_20260906_1",2026-09-06,0,0.157671869918534
2,"M2_behavior","TOR_20260906_1_PA024","TOR_20260906_1",2026-09-06,0,0.197459325985686
2,"M2_behavior","TOR_20260906_1_PA025","TOR_20260906_1",2026-09-06,0,0.219012670012517
2,"M2_behavior","TOR_20260906_1_PA026","TOR_20260906_1",2026-09-06,0,0.21628331179004
2,"M2_behavior","TOR_20260906_1_PA027","TOR_20260906_1",2026-09-06,0,0.167816266353352
2,"M2_behavior","TOR_20260906_1_PA028","TOR_20260906_1",2026-09-06,0,0.167661400839489
2,"M2_behavior","TOR_20260906_1_PA029","TOR_20260906_1",2026-09-06,1,0.157106044765882
2,"M2_behavior","TOR_20260906_1_PA030","TOR_20260906_1",2026-09-06,1,0.204003273428641
2,"M2_behavior","TOR_20260906_1_PA031","TOR_20260906_1",2026-09-06,0,0.175833801671233
2,"M2_behavior","TOR_20260906_1_PA032","TOR_20260906_1",2026-09-06,0,0.24926958913478
2,"M2_behavior","TOR_20260906_1_PA033","TOR_20260906_1",2026-09-06,0,0.183579817269964
2,"M2_behavior","TOR_20260906_1_PA034","TOR_20260906_1",2026-09-06,0,0.142546737441935
2,"M2_behavior","TOR_20260907_1_PA001","TOR_20260907_1",2026-09-07,0,0.183413610887039
2,"M2_behavior","TOR_20260907_1_PA002","TOR_20260907_1",2026-09-07,0,0.190607901696172
2,"M2_behavior","TOR_20260907_1_PA003","TOR_20260907_1",2026-09-07,1,0.197459325985686
2,"M2_behavior","TOR_20260907_1_PA004","TOR_20260907_1",2026-09-07,0,0.197459325985686
2,"M2_behavior","TOR_20260907_1_PA005","TOR_20260907_1",2026-09-07,0,0.232815480616565
2,"M2_behavior","TOR_20260907_1_PA006","TOR_20260907_1",2026-09-07,0,0.194931526182492
2,"M2_behavior","TOR_20260907_1_PA007","TOR_20260907_1",2026-09-07,0,0.157671869918534
2,"M2_behavior","TOR_20260907_1_PA008","TOR_20260907_1",2026-09-07,0,0.159295914067526
2,"M2_behavior","TOR_20260907_1_PA009","TOR_20260907_1",2026-09-07,0,0.159295914067526
2,"M2_behavior","TOR_20260907_1_PA010","TOR_20260907_1",2026-09-07,0,0.17754488005928
2,"M2_behavior","TOR_20260907_1_PA011","TOR_20260907_1",2026-09-07,0,0.167816266353352
2,"M2_behavior","TOR_20260907_1_PA012","TOR_20260907_1",2026-09-07,0,0.189367953296474
2,"M2_behavior","TOR_20260907_1_PA013","TOR_20260907_1",2026-09-07,0,0.21628331179004
2,"M2_behavior","TOR_20260907_1_PA014","TOR_20260907_1",2026-09-07,0,0.238208704120656
2,"M2_behavior","TOR_20260907_1_PA015","TOR_20260907_1",2026-09-07,0,0.157106044765882
2,"M2_behavior","TOR_20260907_1_PA016","TOR_20260907_1",2026-09-07,0,0.186887453988266
2,"M2_behavior","TOR_20260907_1_PA017","TOR_20260907_1",2026-09-07,0,0.211610581415031
2,"M2_behavior","TOR_20260907_1_PA018","TOR_20260907_1",2026-09-07,0,0.15924035866054
2,"M2_behavior","TOR_20260907_1_PA019","TOR_20260907_1",2026-09-07,0,0.211610581415031
2,"M2_behavior","TOR_20260907_1_PA020","TOR_20260907_1",2026-09-07,0,0.186887453988266
2,"M2_behavior","TOR_20260907_1_PA021","TOR_20260907_1",2026-09-07,0,0.159295914067526
2,"M2_behavior","TOR_20260907_1_PA022","TOR_20260907_1",2026-09-07,0,0.153461472651582
2,"M2_behavior","TOR_20260907_1_PA023","TOR_20260907_1",2026-09-07,0,0.194931526182492
2,"M2_behavior","TOR_20260907_1_PA024","TOR_20260907_1",2026-09-07,0,0.180153834155679
2,"M2_behavior","TOR_20260907_1_PA025","TOR_20260907_1",2026-09-07,0,0.164625144645021
2,"M2_behavior","TOR_20260907_1_PA026","TOR_20260907_1",2026-09-07,0,0.186887453988266
2,"M2_behavior","TOR_20260907_1_PA027","TOR_20260907_1",2026-09-07,0,0.150331413349299
2,"M2_behavior","TOR_20260907_1_PA028","TOR_20260907_1",2026-09-07,1,0.167816266353352
2,"M2_behavior","TOR_20260907_1_PA029","TOR_20260907_1",2026-09-07,1,0.190607901696172
2,"M2_behavior","TOR_20260907_1_PA030","TOR_20260907_1",2026-09-07,0,0.205458903146078
2,"M2_behavior","TOR_20260907_1_PA031","TOR_20260907_1",2026-09-07,0,0.141064801017759
2,"M2_behavior","TOR_20260907_1_PA032","TOR_20260907_1",2026-09-07,0,0.219012670012517
2,"M2_behavior","TOR_20260907_1_PA033","TOR_20260907_1",2026-09-07,0,0.14054862828197
2,"M2_behavior","TOR_20260907_1_PA034","TOR_20260907_1",2026-09-07,0,0.15924035866054
2,"M2_behavior","TOR_20260907_1_PA035","TOR_20260907_1",2026-09-07,0,0.222066449382975
2,"M2_behavior","TOR_20260907_1_PA036","TOR_20260907_1",2026-09-07,0,0.183413610887039
2,"M2_behavior","TOR_20260907_1_PA037","TOR_20260907_1",2026-09-07,0,0.211610581415031
2,"M2_behavior","TOR_20260907_1_PA038","TOR_20260907_1",2026-09-07,1,0.175833801671233
2,"M3_context_behavior","TOR_20260903_1_PA001","TOR_20260903_1",2026-09-03,0,0.265146888982481
2,"M3_context_behavior","TOR_20260903_1_PA002","TOR_20260903_1",2026-09-03,0,0.331127653555789
2,"M3_context_behavior","TOR_20260903_1_PA003","TOR_20260903_1",2026-09-03,1,0.329140098742214
2,"M3_context_behavior","TOR_20260903_1_PA004","TOR_20260903_1",2026-09-03,1,0.38217893073935
2,"M3_context_behavior","TOR_20260903_1_PA005","TOR_20260903_1",2026-09-03,0,0.165892326266997
2,"M3_context_behavior","TOR_20260903_1_PA006","TOR_20260903_1",2026-09-03,0,0.201381670581732
2,"M3_context_behavior","TOR_20260903_1_PA007","TOR_20260903_1",2026-09-03,1,0.343712197377505
2,"M3_context_behavior","TOR_20260903_1_PA008","TOR_20260903_1",2026-09-03,0,0.232959188295396
2,"M3_context_behavior","TOR_20260903_1_PA009","TOR_20260903_1",2026-09-03,0,0.349170581917901
2,"M3_context_behavior","TOR_20260903_1_PA010","TOR_20260903_1",2026-09-03,0,0.169546771130212
2,"M3_context_behavior","TOR_20260903_1_PA011","TOR_20260903_1",2026-09-03,0,0.224388510578874
2,"M3_context_behavior","TOR_20260903_1_PA012","TOR_20260903_1",2026-09-03,0,0.149953211486652
2,"M3_context_behavior","TOR_20260903_1_PA013","TOR_20260903_1",2026-09-03,0,0.108310383162735
2,"M3_context_behavior","TOR_20260903_1_PA014","TOR_20260903_1",2026-09-03,1,0.192438685342121
2,"M3_context_behavior","TOR_20260903_1_PA015","TOR_20260903_1",2026-09-03,0,0.231599155730933
2,"M3_context_behavior","TOR_20260903_1_PA016","TOR_20260903_1",2026-09-03,0,0.22379174108448
2,"M3_context_behavior","TOR_20260903_1_PA017","TOR_20260903_1",2026-09-03,0,0.229502507998522
2,"M3_context_behavior","TOR_20260903_1_PA018","TOR_20260903_1",2026-09-03,0,0.159099592125301
2,"M3_context_behavior","TOR_20260903_1_PA019","TOR_20260903_1",2026-09-03,0,0.161983971986386
2,"M3_context_behavior","TOR_20260903_1_PA020","TOR_20260903_1",2026-09-03,0,0.15646484112329
2,"M3_context_behavior","TOR_20260903_1_PA021","TOR_20260903_1",2026-09-03,0,0.0728405755216689
2,"M3_context_behavior","TOR_20260903_1_PA022","TOR_20260903_1",2026-09-03,0,0.142468092273026
2,"M3_context_behavior","TOR_20260903_1_PA023","TOR_20260903_1",2026-09-03,0,0.147081261525632
2,"M3_context_behavior","TOR_20260903_1_PA024","TOR_20260903_1",2026-09-03,1,0.22041581978297
2,"M3_context_behavior","TOR_20260903_1_PA025","TOR_20260903_1",2026-09-03,0,0.119980270226507
2,"M3_context_behavior","TOR_20260903_1_PA026","TOR_20260903_1",2026-09-03,0,0.237207597619929
2,"M3_context_behavior","TOR_20260903_1_PA027","TOR_20260903_1",2026-09-03,0,0.254392227457128
2,"M3_context_behavior","TOR_20260903_1_PA028","TOR_20260903_1",2026-09-03,0,0.184602385230295
2,"M3_context_behavior","TOR_20260903_1_PA029","TOR_20260903_1",2026-09-03,0,0.247925220341507
2,"M3_context_behavior","TOR_20260903_1_PA030","TOR_20260903_1",2026-09-03,0,0.192854838729236
2,"M3_context_behavior","TOR_20260903_1_PA031","TOR_20260903_1",2026-09-03,1,0.128433059619201
2,"M3_context_behavior","TOR_20260903_1_PA032","TOR_20260903_1",2026-09-03,1,0.183099589840563
2,"M3_context_behavior","TOR_20260903_1_PA033","TOR_20260903_1",2026-09-03,0,0.192854838729236
2,"M3_context_behavior","TOR_20260903_1_PA034","TOR_20260903_1",2026-09-03,0,0.199241904446935
2,"M3_context_behavior","TOR_20260903_1_PA035","TOR_20260903_1",2026-09-03,0,0.227725002796372
2,"M3_context_behavior","TOR_20260903_1_PA036","TOR_20260903_1",2026-09-03,1,0.21997966703599
2,"M3_context_behavior","TOR_20260903_1_PA037","TOR_20260903_1",2026-09-03,0,0.179957829526315
2,"M3_context_behavior","TOR_20260903_1_PA038","TOR_20260903_1",2026-09-03,0,0.127635912115781
2,"M3_context_behavior","TOR_20260903_1_PA039","TOR_20260903_1",2026-09-03,0,0.196797982434676
2,"M3_context_behavior","TOR_20260903_1_PA040","TOR_20260903_1",2026-09-03,1,0.11559428908043
2,"M3_context_behavior","TOR_20260903_1_PA041","TOR_20260903_1",2026-09-03,0,0.215916229326593
2,"M3_context_behavior","TOR_20260903_1_PA042","TOR_20260903_1",2026-09-03,0,0.1500635538335
2,"M3_context_behavior","TOR_20260903_1_PA043","TOR_20260903_1",2026-09-03,0,0.11406110920137
2,"M3_context_behavior","TOR_20260903_1_PA044","TOR_20260903_1",2026-09-03,1,0.135083132862962
2,"M3_context_behavior","TOR_20260904_1_PA001","TOR_20260904_1",2026-09-04,0,0.265146888982481
2,"M3_context_behavior","TOR_20260904_1_PA002","TOR_20260904_1",2026-09-04,0,0.235563370502702
2,"M3_context_behavior","TOR_20260904_1_PA003","TOR_20260904_1",2026-09-04,0,0.307923034449157
2,"M3_context_behavior","TOR_20260904_1_PA004","TOR_20260904_1",2026-09-04,0,0.220817661875744
2,"M3_context_behavior","TOR_20260904_1_PA005","TOR_20260904_1",2026-09-04,0,0.250825696446407
2,"M3_context_behavior","TOR_20260904_1_PA006","TOR_20260904_1",2026-09-04,0,0.14657560934368
2,"M3_context_behavior","TOR_20260904_1_PA007","TOR_20260904_1",2026-09-04,0,0.22803012954691
2,"M3_context_behavior","TOR_20260904_1_PA008","TOR_20260904_1",2026-09-04,0,0.206734583779946
2,"M3_context_behavior","TOR_20260904_1_PA009","TOR_20260904_1",2026-09-04,0,0.244683284833583
2,"M3_context_behavior","TOR_20260904_1_PA010","TOR_20260904_1",2026-09-04,0,0.244683284833583
2,"M3_context_behavior","TOR_20260904_1_PA011","TOR_20260904_1",2026-09-04,0,0.181702758981785
2,"M3_context_behavior","TOR_20260904_1_PA012","TOR_20260904_1",2026-09-04,0,0.181702758981785
2,"M3_context_behavior","TOR_20260904_1_PA013","TOR_20260904_1",2026-09-04,0,0.164437327102739
2,"M3_context_behavior","TOR_20260904_1_PA014","TOR_20260904_1",2026-09-04,0,0.255777402072442
2,"M3_context_behavior","TOR_20260904_1_PA015","TOR_20260904_1",2026-09-04,0,0.220185531116785
2,"M3_context_behavior","TOR_20260904_1_PA016","TOR_20260904_1",2026-09-04,0,0.264898863632959
2,"M3_context_behavior","TOR_20260904_1_PA017","TOR_20260904_1",2026-09-04,0,0.213231628768418
2,"M3_context_behavior","TOR_20260904_1_PA018","TOR_20260904_1",2026-09-04,0,0.284684807372189
2,"M3_context_behavior","TOR_20260904_1_PA019","TOR_20260904_1",2026-09-04,0,0.19104582320753
2,"M3_context_behavior","TOR_20260904_1_PA020","TOR_20260904_1",2026-09-04,0,0.303618946312982
2,"M3_context_behavior","TOR_20260904_1_PA021","TOR_20260904_1",2026-09-04,0,0.212656395933953
2,"M3_context_behavior","TOR_20260904_1_PA022","TOR_20260904_1",2026-09-04,0,0.222650267531204
2,"M3_context_behavior","TOR_20260904_1_PA023","TOR_20260904_1",2026-09-04,0,0.252397140666827
2,"M3_context_behavior","TOR_20260904_1_PA024","TOR_20260904_1",2026-09-04,0,0.201725853475909
2,"M3_context_behavior","TOR_20260904_1_PA025","TOR_20260904_1",2026-09-04,0,0.183574383586675
2,"M3_context_behavior","TOR_20260904_1_PA026","TOR_20260904_1",2026-09-04,0,0.244492533378923
2,"M3_context_behavior","TOR_20260904_1_PA027","TOR_20260904_1",2026-09-04,0,0.186273782217776
2,"M3_context_behavior","TOR_20260904_1_PA028","TOR_20260904_1",2026-09-04,0,0.151239148307614
2,"M3_context_behavior","TOR_20260904_1_PA029","TOR_20260904_1",2026-09-04,0,0.141597985759916
2,"M3_context_behavior","TOR_20260904_1_PA030","TOR_20260904_1",2026-09-04,0,0.238384561740835
2,"M3_context_behavior","TOR_20260904_1_PA031","TOR_20260904_1",2026-09-04,0,0.151239148307614
2,"M3_context_behavior","TOR_20260904_1_PA032","TOR_20260904_1",2026-09-04,1,0.193561277257812
2,"M3_context_behavior","TOR_20260904_1_PA033","TOR_20260904_1",2026-09-04,1,0.255039954218269
2,"M3_context_behavior","TOR_20260904_1_PA034","TOR_20260904_1",2026-09-04,0,0.223570631051192
2,"M3_context_behavior","TOR_20260904_1_PA035","TOR_20260904_1",2026-09-04,0,0.140834959188487
2,"M3_context_behavior","TOR_20260904_1_PA036","TOR_20260904_1",2026-09-04,0,0.157874262687684
2,"M3_context_behavior","TOR_20260904_1_PA037","TOR_20260904_1",2026-09-04,1,0.254539795937636
2,"M3_context_behavior","TOR_20260904_1_PA038","TOR_20260904_1",2026-09-04,0,0.146266569699596
2,"M3_context_behavior","TOR_20260904_1_PA039","TOR_20260904_1",2026-09-04,0,0.142961948159886
2,"M3_context_behavior","TOR_20260904_1_PA040","TOR_20260904_1",2026-09-04,0,0.203441382475947
2,"M3_context_behavior","TOR_20260904_1_PA041","TOR_20260904_1",2026-09-04,1,0.200203094616934
2,"M3_context_behavior","TOR_20260904_1_PA042","TOR_20260904_1",2026-09-04,0,0.204519408435907
2,"M3_context_behavior","TOR_20260904_1_PA043","TOR_20260904_1",2026-09-04,0,0.142157249109783
2,"M3_context_behavior","TOR_20260905_1_PA001","TOR_20260905_1",2026-09-05,0,0.265146888982481
2,"M3_context_behavior","TOR_20260905_1_PA002","TOR_20260905_1",2026-09-05,0,0.258859490866601
2,"M3_context_behavior","TOR_20260905_1_PA003","TOR_20260905_1",2026-09-05,0,0.180373228998071
2,"M3_context_behavior","TOR_20260905_1_PA004","TOR_20260905_1",2026-09-05,0,0.283604754101361
2,"M3_context_behavior","TOR_20260905_1_PA005","TOR_20260905_1",2026-09-05,0,0.205657060854964
2,"M3_context_behavior","TOR_20260905_1_PA006","TOR_20260905_1",2026-09-05,0,0.24433271733407
2,"M3_context_behavior","TOR_20260905_1_PA007","TOR_20260905_1",2026-09-05,0,0.214198764357393
2,"M3_context_behavior","TOR_20260905_1_PA008","TOR_20260905_1",2026-09-05,0,0.356759527901897
2,"M3_context_behavior","TOR_20260905_1_PA009","TOR_20260905_1",2026-09-05,0,0.217258542783267
2,"M3_context_behavior","TOR_20260905_1_PA010","TOR_20260905_1",2026-09-05,0,0.297053529348416
2,"M3_context_behavior","TOR_20260905_1_PA011","TOR_20260905_1",2026-09-05,0,0.239725384628038
2,"M3_context_behavior","TOR_20260905_1_PA012","TOR_20260905_1",2026-09-05,0,0.181702758981785
2,"M3_context_behavior","TOR_20260905_1_PA013","TOR_20260905_1",2026-09-05,0,0.172581680447349
2,"M3_context_behavior","TOR_20260905_1_PA014","TOR_20260905_1",2026-09-05,0,0.234998168284708
2,"M3_context_behavior","TOR_20260905_1_PA015","TOR_20260905_1",2026-09-05,0,0.233769984056732
2,"M3_context_behavior","TOR_20260905_1_PA016","TOR_20260905_1",2026-09-05,0,0.275693763328187
2,"M3_context_behavior","TOR_20260905_1_PA017","TOR_20260905_1",2026-09-05,0,0.20193097793699
2,"M3_context_behavior","TOR_20260905_1_PA018","TOR_20260905_1",2026-09-05,0,0.223199597962845
2,"M3_context_behavior","TOR_20260905_1_PA019","TOR_20260905_1",2026-09-05,1,0.212656395933953
2,"M3_context_behavior","TOR_20260905_1_PA020","TOR_20260905_1",2026-09-05,0,0.272631352957397
2,"M3_context_behavior","TOR_20260905_1_PA021","TOR_20260905_1",2026-09-05,0,0.195124751383632
2,"M3_context_behavior","TOR_20260905_1_PA022","TOR_20260905_1",2026-09-05,0,0.165278252719825
2,"M3_context_behavior","TOR_20260905_1_PA023","TOR_20260905_1",2026-09-05,0,0.208050555138281
2,"M3_context_behavior","TOR_20260905_1_PA024","TOR_20260905_1",2026-09-05,0,0.203095017246789
2,"M3_context_behavior","TOR_20260905_1_PA025","TOR_20260905_1",2026-09-05,0,0.241249679193683
2,"M3_context_behavior","TOR_20260905_1_PA026","TOR_20260905_1",2026-09-05,1,0.16802903189661
2,"M3_context_behavior","TOR_20260905_1_PA027","TOR_20260905_1",2026-09-05,1,0.155460877064213
2,"M3_context_behavior","TOR_20260905_1_PA028","TOR_20260905_1",2026-09-05,0,0.195298084674022
2,"M3_context_behavior","TOR_20260905_1_PA029","TOR_20260905_1",2026-09-05,0,0.20113426843901
2,"M3_context_behavior","TOR_20260905_1_PA030","TOR_20260905_1",2026-09-05,1,0.208926788486106
2,"M3_context_behavior","TOR_20260905_1_PA031","TOR_20260905_1",2026-09-05,0,0.165463299666285
2,"M3_context_behavior","TOR_20260905_1_PA032","TOR_20260905_1",2026-09-05,0,0.107019938978407
2,"M3_context_behavior","TOR_20260905_1_PA033","TOR_20260905_1",2026-09-05,0,0.149720041998318
2,"M3_context_behavior","TOR_20260905_1_PA034","TOR_20260905_1",2026-09-05,0,0.157166930741628
2,"M3_context_behavior","TOR_20260905_1_PA035","TOR_20260905_1",2026-09-05,0,0.183690992559779
2,"M3_context_behavior","TOR_20260905_1_PA036","TOR_20260905_1",2026-09-05,0,0.2616353550802
2,"M3_context_behavior","TOR_20260905_1_PA037","TOR_20260905_1",2026-09-05,0,0.180007960755567
2,"M3_context_behavior","TOR_20260905_1_PA038","TOR_20260905_1",2026-09-05,0,0.206450331914265
2,"M3_context_behavior","TOR_20260905_1_PA039","TOR_20260905_1",2026-09-05,0,0.133733383629957
2,"M3_context_behavior","TOR_20260905_1_PA040","TOR_20260905_1",2026-09-05,0,0.160173567812503
2,"M3_context_behavior","TOR_20260905_1_PA041","TOR_20260905_1",2026-09-05,0,0.154266828231711
2,"M3_context_behavior","TOR_20260905_1_PA042","TOR_20260905_1",2026-09-05,0,0.142157249109783
2,"M3_context_behavior","TOR_20260906_1_PA001","TOR_20260906_1",2026-09-06,0,0.265146888982481
2,"M3_context_behavior","TOR_20260906_1_PA002","TOR_20260906_1",2026-09-06,0,0.266901754315073
2,"M3_context_behavior","TOR_20260906_1_PA003","TOR_20260906_1",2026-09-06,0,0.283604754101361
2,"M3_context_behavior","TOR_20260906_1_PA004","TOR_20260906_1",2026-09-06,0,0.269911051492077
2,"M3_context_behavior","TOR_20260906_1_PA005","TOR_20260906_1",2026-09-06,1,0.314096506741637
2,"M3_context_behavior","TOR_20260906_1_PA006","TOR_20260906_1",2026-09-06,1,0.165892326266997
2,"M3_context_behavior","TOR_20260906_1_PA007","TOR_20260906_1",2026-09-06,0,0.232959188295396
2,"M3_context_behavior","TOR_20260906_1_PA008","TOR_20260906_1",2026-09-06,0,0.222870728609208
2,"M3_context_behavior","TOR_20260906_1_PA009","TOR_20260906_1",2026-09-06,0,0.232959188295396
2,"M3_context_behavior","TOR_20260906_1_PA010","TOR_20260906_1",2026-09-06,0,0.240279059649449
2,"M3_context_behavior","TOR_20260906_1_PA011","TOR_20260906_1",2026-09-06,0,0.218162873687236
2,"M3_context_behavior","TOR_20260906_1_PA012","TOR_20260906_1",2026-09-06,0,0.246936483980177
2,"M3_context_behavior","TOR_20260906_1_PA013","TOR_20260906_1",2026-09-06,0,0.340688677353838
2,"M3_context_behavior","TOR_20260906_1_PA014","TOR_20260906_1",2026-09-06,0,0.188217974880841
2,"M3_context_behavior","TOR_20260906_1_PA015","TOR_20260906_1",2026-09-06,1,0.142468092273026
2,"M3_context_behavior","TOR_20260906_1_PA016","TOR_20260906_1",2026-09-06,0,0.182896127659422
2,"M3_context_behavior","TOR_20260906_1_PA017","TOR_20260906_1",2026-09-06,0,0.232545444881053
2,"M3_context_behavior","TOR_20260906_1_PA018","TOR_20260906_1",2026-09-06,0,0.232545444881053
2,"M3_context_behavior","TOR_20260906_1_PA019","TOR_20260906_1",2026-09-06,0,0.202362514808695
2,"M3_context_behavior","TOR_20260906_1_PA020","TOR_20260906_1",2026-09-06,0,0.248273692290292
2,"M3_context_behavior","TOR_20260906_1_PA021","TOR_20260906_1",2026-09-06,0,0.126052426077131
2,"M3_context_behavior","TOR_20260906_1_PA022","TOR_20260906_1",2026-09-06,0,0.238443919301816
2,"M3_context_behavior","TOR_20260906_1_PA023","TOR_20260906_1",2026-09-06,0,0.174103415783197
2,"M3_context_behavior","TOR_20260906_1_PA024","TOR_20260906_1",2026-09-06,0,0.159811264554907
2,"M3_context_behavior","TOR_20260906_1_PA025","TOR_20260906_1",2026-09-06,0,0.17735393492622
2,"M3_context_behavior","TOR_20260906_1_PA026","TOR_20260906_1",2026-09-06,0,0.176124272784677
2,"M3_context_behavior","TOR_20260906_1_PA027","TOR_20260906_1",2026-09-06,0,0.175248656349754
2,"M3_context_behavior","TOR_20260906_1_PA028","TOR_20260906_1",2026-09-06,0,0.173953413908181
2,"M3_context_behavior","TOR_20260906_1_PA029","TOR_20260906_1",2026-09-06,1,0.16722599593179
2,"M3_context_behavior","TOR_20260906_1_PA030","TOR_20260906_1",2026-09-06,1,0.213333026929077
2,"M3_context_behavior","TOR_20260906_1_PA031","TOR_20260906_1",2026-09-06,0,0.174868245604707
2,"M3_context_behavior","TOR_20260906_1_PA032","TOR_20260906_1",2026-09-06,0,0.250944989150831
2,"M3_context_behavior","TOR_20260906_1_PA033","TOR_20260906_1",2026-09-06,0,0.134315831543831
2,"M3_context_behavior","TOR_20260906_1_PA034","TOR_20260906_1",2026-09-06,0,0.102418552760677
2,"M3_context_behavior","TOR_20260907_1_PA001","TOR_20260907_1",2026-09-07,0,0.265146888982481
2,"M3_context_behavior","TOR_20260907_1_PA002","TOR_20260907_1",2026-09-07,0,0.274634724475213
2,"M3_context_behavior","TOR_20260907_1_PA003","TOR_20260907_1",2026-09-07,1,0.283604754101361
2,"M3_context_behavior","TOR_20260907_1_PA004","TOR_20260907_1",2026-09-07,0,0.271579667062618
2,"M3_context_behavior","TOR_20260907_1_PA005","TOR_20260907_1",2026-09-07,0,0.314096506741637
2,"M3_context_behavior","TOR_20260907_1_PA006","TOR_20260907_1",2026-09-07,0,0.269911051492077
2,"M3_context_behavior","TOR_20260907_1_PA007","TOR_20260907_1",2026-09-07,0,0.163815590085378
2,"M3_context_behavior","TOR_20260907_1_PA008","TOR_20260907_1",2026-09-07,0,0.164437327102739
2,"M3_context_behavior","TOR_20260907_1_PA009","TOR_20260907_1",2026-09-07,0,0.164437327102739
2,"M3_context_behavior","TOR_20260907_1_PA010","TOR_20260907_1",2026-09-07,0,0.236520871311525
2,"M3_context_behavior","TOR_20260907_1_PA011","TOR_20260907_1",2026-09-07,0,0.222870728609208
2,"M3_context_behavior","TOR_20260907_1_PA012","TOR_20260907_1",2026-09-07,0,0.251332612743405
2,"M3_context_behavior","TOR_20260907_1_PA013","TOR_20260907_1",2026-09-07,0,0.270958679333761
2,"M3_context_behavior","TOR_20260907_1_PA014","TOR_20260907_1",2026-09-07,0,0.296787711824524
2,"M3_context_behavior","TOR_20260907_1_PA015","TOR_20260907_1",2026-09-07,0,0.203343470569377
2,"M3_context_behavior","TOR_20260907_1_PA016","TOR_20260907_1",2026-09-07,0,0.22379174108448
2,"M3_context_behavior","TOR_20260907_1_PA017","TOR_20260907_1",2026-09-07,0,0.252397140666827
2,"M3_context_behavior","TOR_20260907_1_PA018","TOR_20260907_1",2026-09-07,0,0.195124751383632
2,"M3_context_behavior","TOR_20260907_1_PA019","TOR_20260907_1",2026-09-07,0,0.241249679193683
2,"M3_context_behavior","TOR_20260907_1_PA020","TOR_20260907_1",2026-09-07,0,0.213546796762642
2,"M3_context_behavior","TOR_20260907_1_PA021","TOR_20260907_1",2026-09-07,0,0.183574383586675
2,"M3_context_behavior","TOR_20260907_1_PA022","TOR_20260907_1",2026-09-07,0,0.179225533916105
2,"M3_context_behavior","TOR_20260907_1_PA023","TOR_20260907_1",2026-09-07,0,0.215018650051554
2,"M3_context_behavior","TOR_20260907_1_PA024","TOR_20260907_1",2026-09-07,0,0.20007857275564
2,"M3_context_behavior","TOR_20260907_1_PA025","TOR_20260907_1",2026-09-07,0,0.181759109714862
2,"M3_context_behavior","TOR_20260907_1_PA026","TOR_20260907_1",2026-09-07,0,0.149720041998318
2,"M3_context_behavior","TOR_20260907_1_PA027","TOR_20260907_1",2026-09-07,0,0.120542040998634
2,"M3_context_behavior","TOR_20260907_1_PA028","TOR_20260907_1",2026-09-07,1,0.134463956352048
2,"M3_context_behavior","TOR_20260907_1_PA029","TOR_20260907_1",2026-09-07,1,0.199241904446935
2,"M3_context_behavior","TOR_20260907_1_PA030","TOR_20260907_1",2026-09-07,0,0.216192417058248
2,"M3_context_behavior","TOR_20260907_1_PA031","TOR_20260907_1",2026-09-07,0,0.149053152251721
2,"M3_context_behavior","TOR_20260907_1_PA032","TOR_20260907_1",2026-09-07,0,0.227725002796372
2,"M3_context_behavior","TOR_20260907_1_PA033","TOR_20260907_1",2026-09-07,0,0.108726140584072
2,"M3_context_behavior","TOR_20260907_1_PA034","TOR_20260907_1",2026-09-07,0,0.160173567812503
2,"M3_context_behavior","TOR_20260907_1_PA035","TOR_20260907_1",2026-09-07,0,0.221794529655176
2,"M3_context_behavior","TOR_20260907_1_PA036","TOR_20260907_1",2026-09-07,0,0.182550137125151
2,"M3_context_behavior","TOR_20260907_1_PA037","TOR_20260907_1",2026-09-07,0,0.209862052676839
2,"M3_context_behavior","TOR_20260907_1_PA038","TOR_20260907_1",2026-09-07,1,0.174868245604707
3,"M0_prevalence","TOR_20260908_1_PA001","TOR_20260908_1",2026-09-08,0,0.172824791418355
3,"M0_prevalence","TOR_20260908_1_PA002","TOR_20260908_1",2026-09-08,0,0.172824791418355
3,"M0_prevalence","TOR_20260908_1_PA003","TOR_20260908_1",2026-09-08,1,0.172824791418355
3,"M0_prevalence","TOR_20260908_1_PA004","TOR_20260908_1",2026-09-08,1,0.172824791418355
3,"M0_prevalence","TOR_20260908_1_PA005","TOR_20260908_1",2026-09-08,0,0.172824791418355
3,"M0_prevalence","TOR_20260908_1_PA006","TOR_20260908_1",2026-09-08,0,0.172824791418355
3,"M0_prevalence","TOR_20260908_1_PA007","TOR_20260908_1",2026-09-08,0,0.172824791418355
3,"M0_prevalence","TOR_20260908_1_PA008","TOR_20260908_1",2026-09-08,0,0.172824791418355
3,"M0_prevalence","TOR_20260908_1_PA009","TOR_20260908_1",2026-09-08,0,0.172824791418355
3,"M0_prevalence","TOR_20260908_1_PA010","TOR_20260908_1",2026-09-08,0,0.172824791418355
3,"M0_prevalence","TOR_20260908_1_PA011","TOR_20260908_1",2026-09-08,0,0.172824791418355
3,"M0_prevalence","TOR_20260908_1_PA012","TOR_20260908_1",2026-09-08,0,0.172824791418355
3,"M0_prevalence","TOR_20260908_1_PA013","TOR_20260908_1",2026-09-08,0,0.172824791418355
3,"M0_prevalence","TOR_20260908_1_PA014","TOR_20260908_1",2026-09-08,0,0.172824791418355
3,"M0_prevalence","TOR_20260908_1_PA015","TOR_20260908_1",2026-09-08,0,0.172824791418355
3,"M0_prevalence","TOR_20260908_1_PA016","TOR_20260908_1",2026-09-08,0,0.172824791418355
3,"M0_prevalence","TOR_20260908_1_PA017","TOR_20260908_1",2026-09-08,1,0.172824791418355
3,"M0_prevalence","TOR_20260908_1_PA018","TOR_20260908_1",2026-09-08,0,0.172824791418355
3,"M0_prevalence","TOR_20260908_1_PA019","TOR_20260908_1",2026-09-08,0,0.172824791418355
3,"M0_prevalence","TOR_20260908_1_PA020","TOR_20260908_1",2026-09-08,0,0.172824791418355
3,"M0_prevalence","TOR_20260908_1_PA021","TOR_20260908_1",2026-09-08,0,0.172824791418355
3,"M0_prevalence","TOR_20260908_1_PA022","TOR_20260908_1",2026-09-08,0,0.172824791418355
3,"M0_prevalence","TOR_20260908_1_PA023","TOR_20260908_1",2026-09-08,0,0.172824791418355
3,"M0_prevalence","TOR_20260908_1_PA024","TOR_20260908_1",2026-09-08,0,0.172824791418355
3,"M0_prevalence","TOR_20260908_1_PA025","TOR_20260908_1",2026-09-08,0,0.172824791418355
3,"M0_prevalence","TOR_20260908_1_PA026","TOR_20260908_1",2026-09-08,0,0.172824791418355
3,"M0_prevalence","TOR_20260908_1_PA027","TOR_20260908_1",2026-09-08,0,0.172824791418355
3,"M0_prevalence","TOR_20260908_1_PA028","TOR_20260908_1",2026-09-08,1,0.172824791418355
3,"M0_prevalence","TOR_20260908_1_PA029","TOR_20260908_1",2026-09-08,0,0.172824791418355
3,"M0_prevalence","TOR_20260908_1_PA030","TOR_20260908_1",2026-09-08,0,0.172824791418355
3,"M0_prevalence","TOR_20260908_1_PA031","TOR_20260908_1",2026-09-08,0,0.172824791418355
3,"M0_prevalence","TOR_20260908_1_PA032","TOR_20260908_1",2026-09-08,1,0.172824791418355
3,"M0_prevalence","TOR_20260908_1_PA033","TOR_20260908_1",2026-09-08,0,0.172824791418355
3,"M0_prevalence","TOR_20260908_1_PA034","TOR_20260908_1",2026-09-08,0,0.172824791418355
3,"M0_prevalence","TOR_20260908_1_PA035","TOR_20260908_1",2026-09-08,1,0.172824791418355
3,"M0_prevalence","TOR_20260908_1_PA036","TOR_20260908_1",2026-09-08,0,0.172824791418355
3,"M0_prevalence","TOR_20260909_1_PA001","TOR_20260909_1",2026-09-09,0,0.172824791418355
3,"M0_prevalence","TOR_20260909_1_PA002","TOR_20260909_1",2026-09-09,1,0.172824791418355
3,"M0_prevalence","TOR_20260909_1_PA003","TOR_20260909_1",2026-09-09,0,0.172824791418355
3,"M0_prevalence","TOR_20260909_1_PA004","TOR_20260909_1",2026-09-09,0,0.172824791418355
3,"M0_prevalence","TOR_20260909_1_PA005","TOR_20260909_1",2026-09-09,1,0.172824791418355
3,"M0_prevalence","TOR_20260909_1_PA006","TOR_20260909_1",2026-09-09,0,0.172824791418355
3,"M0_prevalence","TOR_20260909_1_PA007","TOR_20260909_1",2026-09-09,0,0.172824791418355
3,"M0_prevalence","TOR_20260909_1_PA008","TOR_20260909_1",2026-09-09,0,0.172824791418355
3,"M0_prevalence","TOR_20260909_1_PA009","TOR_20260909_1",2026-09-09,0,0.172824791418355
3,"M0_prevalence","TOR_20260909_1_PA010","TOR_20260909_1",2026-09-09,0,0.172824791418355
3,"M0_prevalence","TOR_20260909_1_PA011","TOR_20260909_1",2026-09-09,0,0.172824791418355
3,"M0_prevalence","TOR_20260909_1_PA012","TOR_20260909_1",2026-09-09,0,0.172824791418355
3,"M0_prevalence","TOR_20260909_1_PA013","TOR_20260909_1",2026-09-09,0,0.172824791418355
3,"M0_prevalence","TOR_20260909_1_PA014","TOR_20260909_1",2026-09-09,1,0.172824791418355
3,"M0_prevalence","TOR_20260909_1_PA015","TOR_20260909_1",2026-09-09,0,0.172824791418355
3,"M0_prevalence","TOR_20260909_1_PA016","TOR_20260909_1",2026-09-09,0,0.172824791418355
3,"M0_prevalence","TOR_20260909_1_PA017","TOR_20260909_1",2026-09-09,1,0.172824791418355
3,"M0_prevalence","TOR_20260909_1_PA018","TOR_20260909_1",2026-09-09,1,0.172824791418355
3,"M0_prevalence","TOR_20260909_1_PA019","TOR_20260909_1",2026-09-09,0,0.172824791418355
3,"M0_prevalence","TOR_20260909_1_PA020","TOR_20260909_1",2026-09-09,0,0.172824791418355
3,"M0_prevalence","TOR_20260909_1_PA021","TOR_20260909_1",2026-09-09,0,0.172824791418355
3,"M0_prevalence","TOR_20260909_1_PA022","TOR_20260909_1",2026-09-09,0,0.172824791418355
3,"M0_prevalence","TOR_20260909_1_PA023","TOR_20260909_1",2026-09-09,0,0.172824791418355
3,"M0_prevalence","TOR_20260909_1_PA024","TOR_20260909_1",2026-09-09,0,0.172824791418355
3,"M0_prevalence","TOR_20260909_1_PA025","TOR_20260909_1",2026-09-09,0,0.172824791418355
3,"M0_prevalence","TOR_20260909_1_PA026","TOR_20260909_1",2026-09-09,1,0.172824791418355
3,"M0_prevalence","TOR_20260909_1_PA027","TOR_20260909_1",2026-09-09,1,0.172824791418355
3,"M0_prevalence","TOR_20260909_1_PA028","TOR_20260909_1",2026-09-09,0,0.172824791418355
3,"M0_prevalence","TOR_20260909_1_PA029","TOR_20260909_1",2026-09-09,0,0.172824791418355
3,"M0_prevalence","TOR_20260909_1_PA030","TOR_20260909_1",2026-09-09,0,0.172824791418355
3,"M0_prevalence","TOR_20260909_1_PA031","TOR_20260909_1",2026-09-09,1,0.172824791418355
3,"M0_prevalence","TOR_20260909_1_PA032","TOR_20260909_1",2026-09-09,1,0.172824791418355
3,"M0_prevalence","TOR_20260909_1_PA033","TOR_20260909_1",2026-09-09,0,0.172824791418355
3,"M0_prevalence","TOR_20260909_1_PA034","TOR_20260909_1",2026-09-09,0,0.172824791418355
3,"M0_prevalence","TOR_20260911_1_PA001","TOR_20260911_1",2026-09-11,1,0.172824791418355
3,"M0_prevalence","TOR_20260911_1_PA002","TOR_20260911_1",2026-09-11,0,0.172824791418355
3,"M0_prevalence","TOR_20260911_1_PA003","TOR_20260911_1",2026-09-11,0,0.172824791418355
3,"M0_prevalence","TOR_20260911_1_PA004","TOR_20260911_1",2026-09-11,0,0.172824791418355
3,"M0_prevalence","TOR_20260911_1_PA005","TOR_20260911_1",2026-09-11,1,0.172824791418355
3,"M0_prevalence","TOR_20260911_1_PA006","TOR_20260911_1",2026-09-11,0,0.172824791418355
3,"M0_prevalence","TOR_20260911_1_PA007","TOR_20260911_1",2026-09-11,0,0.172824791418355
3,"M0_prevalence","TOR_20260911_1_PA008","TOR_20260911_1",2026-09-11,0,0.172824791418355
3,"M0_prevalence","TOR_20260911_1_PA009","TOR_20260911_1",2026-09-11,0,0.172824791418355
3,"M0_prevalence","TOR_20260911_1_PA010","TOR_20260911_1",2026-09-11,0,0.172824791418355
3,"M0_prevalence","TOR_20260911_1_PA011","TOR_20260911_1",2026-09-11,0,0.172824791418355
3,"M0_prevalence","TOR_20260911_1_PA012","TOR_20260911_1",2026-09-11,1,0.172824791418355
3,"M0_prevalence","TOR_20260911_1_PA013","TOR_20260911_1",2026-09-11,0,0.172824791418355
3,"M0_prevalence","TOR_20260911_1_PA014","TOR_20260911_1",2026-09-11,0,0.172824791418355
3,"M0_prevalence","TOR_20260911_1_PA015","TOR_20260911_1",2026-09-11,0,0.172824791418355
3,"M0_prevalence","TOR_20260911_1_PA016","TOR_20260911_1",2026-09-11,1,0.172824791418355
3,"M0_prevalence","TOR_20260911_1_PA017","TOR_20260911_1",2026-09-11,0,0.172824791418355
3,"M0_prevalence","TOR_20260911_1_PA018","TOR_20260911_1",2026-09-11,0,0.172824791418355
3,"M0_prevalence","TOR_20260911_1_PA019","TOR_20260911_1",2026-09-11,0,0.172824791418355
3,"M0_prevalence","TOR_20260911_1_PA020","TOR_20260911_1",2026-09-11,0,0.172824791418355
3,"M0_prevalence","TOR_20260911_1_PA021","TOR_20260911_1",2026-09-11,0,0.172824791418355
3,"M0_prevalence","TOR_20260911_1_PA022","TOR_20260911_1",2026-09-11,1,0.172824791418355
3,"M0_prevalence","TOR_20260911_1_PA023","TOR_20260911_1",2026-09-11,0,0.172824791418355
3,"M0_prevalence","TOR_20260911_1_PA024","TOR_20260911_1",2026-09-11,0,0.172824791418355
3,"M0_prevalence","TOR_20260911_1_PA025","TOR_20260911_1",2026-09-11,1,0.172824791418355
3,"M0_prevalence","TOR_20260911_1_PA026","TOR_20260911_1",2026-09-11,0,0.172824791418355
3,"M0_prevalence","TOR_20260911_1_PA027","TOR_20260911_1",2026-09-11,0,0.172824791418355
3,"M0_prevalence","TOR_20260911_1_PA028","TOR_20260911_1",2026-09-11,0,0.172824791418355
3,"M0_prevalence","TOR_20260911_1_PA029","TOR_20260911_1",2026-09-11,0,0.172824791418355
3,"M0_prevalence","TOR_20260911_1_PA030","TOR_20260911_1",2026-09-11,1,0.172824791418355
3,"M0_prevalence","TOR_20260911_1_PA031","TOR_20260911_1",2026-09-11,0,0.172824791418355
3,"M0_prevalence","TOR_20260911_1_PA032","TOR_20260911_1",2026-09-11,0,0.172824791418355
3,"M0_prevalence","TOR_20260911_1_PA033","TOR_20260911_1",2026-09-11,1,0.172824791418355
3,"M0_prevalence","TOR_20260911_1_PA034","TOR_20260911_1",2026-09-11,1,0.172824791418355
3,"M0_prevalence","TOR_20260911_1_PA035","TOR_20260911_1",2026-09-11,0,0.172824791418355
3,"M0_prevalence","TOR_20260911_1_PA036","TOR_20260911_1",2026-09-11,0,0.172824791418355
3,"M0_prevalence","TOR_20260911_1_PA037","TOR_20260911_1",2026-09-11,0,0.172824791418355
3,"M0_prevalence","TOR_20260911_1_PA038","TOR_20260911_1",2026-09-11,0,0.172824791418355
3,"M0_prevalence","TOR_20260911_1_PA039","TOR_20260911_1",2026-09-11,0,0.172824791418355
3,"M0_prevalence","TOR_20260911_1_PA040","TOR_20260911_1",2026-09-11,0,0.172824791418355
3,"M0_prevalence","TOR_20260912_1_PA001","TOR_20260912_1",2026-09-12,0,0.172824791418355
3,"M0_prevalence","TOR_20260912_1_PA002","TOR_20260912_1",2026-09-12,0,0.172824791418355
3,"M0_prevalence","TOR_20260912_1_PA003","TOR_20260912_1",2026-09-12,0,0.172824791418355
3,"M0_prevalence","TOR_20260912_1_PA004","TOR_20260912_1",2026-09-12,0,0.172824791418355
3,"M0_prevalence","TOR_20260912_1_PA005","TOR_20260912_1",2026-09-12,0,0.172824791418355
3,"M0_prevalence","TOR_20260912_1_PA006","TOR_20260912_1",2026-09-12,0,0.172824791418355
3,"M0_prevalence","TOR_20260912_1_PA007","TOR_20260912_1",2026-09-12,1,0.172824791418355
3,"M0_prevalence","TOR_20260912_1_PA008","TOR_20260912_1",2026-09-12,0,0.172824791418355
3,"M0_prevalence","TOR_20260912_1_PA009","TOR_20260912_1",2026-09-12,0,0.172824791418355
3,"M0_prevalence","TOR_20260912_1_PA010","TOR_20260912_1",2026-09-12,0,0.172824791418355
3,"M0_prevalence","TOR_20260912_1_PA011","TOR_20260912_1",2026-09-12,0,0.172824791418355
3,"M0_prevalence","TOR_20260912_1_PA012","TOR_20260912_1",2026-09-12,1,0.172824791418355
3,"M0_prevalence","TOR_20260912_1_PA013","TOR_20260912_1",2026-09-12,0,0.172824791418355
3,"M0_prevalence","TOR_20260912_1_PA014","TOR_20260912_1",2026-09-12,0,0.172824791418355
3,"M0_prevalence","TOR_20260912_1_PA015","TOR_20260912_1",2026-09-12,0,0.172824791418355
3,"M0_prevalence","TOR_20260912_1_PA016","TOR_20260912_1",2026-09-12,0,0.172824791418355
3,"M0_prevalence","TOR_20260912_1_PA017","TOR_20260912_1",2026-09-12,0,0.172824791418355
3,"M0_prevalence","TOR_20260912_1_PA018","TOR_20260912_1",2026-09-12,1,0.172824791418355
3,"M0_prevalence","TOR_20260912_1_PA019","TOR_20260912_1",2026-09-12,0,0.172824791418355
3,"M0_prevalence","TOR_20260912_1_PA020","TOR_20260912_1",2026-09-12,1,0.172824791418355
3,"M0_prevalence","TOR_20260912_1_PA021","TOR_20260912_1",2026-09-12,1,0.172824791418355
3,"M0_prevalence","TOR_20260912_1_PA022","TOR_20260912_1",2026-09-12,1,0.172824791418355
3,"M0_prevalence","TOR_20260912_1_PA023","TOR_20260912_1",2026-09-12,1,0.172824791418355
3,"M0_prevalence","TOR_20260912_1_PA024","TOR_20260912_1",2026-09-12,0,0.172824791418355
3,"M0_prevalence","TOR_20260912_1_PA025","TOR_20260912_1",2026-09-12,0,0.172824791418355
3,"M0_prevalence","TOR_20260912_1_PA026","TOR_20260912_1",2026-09-12,0,0.172824791418355
3,"M0_prevalence","TOR_20260912_1_PA027","TOR_20260912_1",2026-09-12,0,0.172824791418355
3,"M0_prevalence","TOR_20260912_1_PA028","TOR_20260912_1",2026-09-12,1,0.172824791418355
3,"M0_prevalence","TOR_20260912_1_PA029","TOR_20260912_1",2026-09-12,0,0.172824791418355
3,"M0_prevalence","TOR_20260912_1_PA030","TOR_20260912_1",2026-09-12,0,0.172824791418355
3,"M0_prevalence","TOR_20260912_1_PA031","TOR_20260912_1",2026-09-12,0,0.172824791418355
3,"M0_prevalence","TOR_20260912_1_PA032","TOR_20260912_1",2026-09-12,0,0.172824791418355
3,"M0_prevalence","TOR_20260912_1_PA033","TOR_20260912_1",2026-09-12,0,0.172824791418355
3,"M0_prevalence","TOR_20260912_1_PA034","TOR_20260912_1",2026-09-12,0,0.172824791418355
3,"M0_prevalence","TOR_20260912_1_PA035","TOR_20260912_1",2026-09-12,1,0.172824791418355
3,"M0_prevalence","TOR_20260912_1_PA036","TOR_20260912_1",2026-09-12,0,0.172824791418355
3,"M0_prevalence","TOR_20260912_1_PA037","TOR_20260912_1",2026-09-12,1,0.172824791418355
3,"M0_prevalence","TOR_20260912_1_PA038","TOR_20260912_1",2026-09-12,0,0.172824791418355
3,"M0_prevalence","TOR_20260912_1_PA039","TOR_20260912_1",2026-09-12,0,0.172824791418355
3,"M0_prevalence","TOR_20260913_1_PA001","TOR_20260913_1",2026-09-13,0,0.172824791418355
3,"M0_prevalence","TOR_20260913_1_PA002","TOR_20260913_1",2026-09-13,0,0.172824791418355
3,"M0_prevalence","TOR_20260913_1_PA003","TOR_20260913_1",2026-09-13,0,0.172824791418355
3,"M0_prevalence","TOR_20260913_1_PA004","TOR_20260913_1",2026-09-13,0,0.172824791418355
3,"M0_prevalence","TOR_20260913_1_PA005","TOR_20260913_1",2026-09-13,0,0.172824791418355
3,"M0_prevalence","TOR_20260913_1_PA006","TOR_20260913_1",2026-09-13,0,0.172824791418355
3,"M0_prevalence","TOR_20260913_1_PA007","TOR_20260913_1",2026-09-13,0,0.172824791418355
3,"M0_prevalence","TOR_20260913_1_PA008","TOR_20260913_1",2026-09-13,1,0.172824791418355
3,"M0_prevalence","TOR_20260913_1_PA009","TOR_20260913_1",2026-09-13,0,0.172824791418355
3,"M0_prevalence","TOR_20260913_1_PA010","TOR_20260913_1",2026-09-13,0,0.172824791418355
3,"M0_prevalence","TOR_20260913_1_PA011","TOR_20260913_1",2026-09-13,1,0.172824791418355
3,"M0_prevalence","TOR_20260913_1_PA012","TOR_20260913_1",2026-09-13,0,0.172824791418355
3,"M0_prevalence","TOR_20260913_1_PA013","TOR_20260913_1",2026-09-13,0,0.172824791418355
3,"M0_prevalence","TOR_20260913_1_PA014","TOR_20260913_1",2026-09-13,1,0.172824791418355
3,"M0_prevalence","TOR_20260913_1_PA015","TOR_20260913_1",2026-09-13,0,0.172824791418355
3,"M0_prevalence","TOR_20260913_1_PA016","TOR_20260913_1",2026-09-13,0,0.172824791418355
3,"M0_prevalence","TOR_20260913_1_PA017","TOR_20260913_1",2026-09-13,1,0.172824791418355
3,"M0_prevalence","TOR_20260913_1_PA018","TOR_20260913_1",2026-09-13,0,0.172824791418355
3,"M0_prevalence","TOR_20260913_1_PA019","TOR_20260913_1",2026-09-13,1,0.172824791418355
3,"M0_prevalence","TOR_20260913_1_PA020","TOR_20260913_1",2026-09-13,0,0.172824791418355
3,"M0_prevalence","TOR_20260913_1_PA021","TOR_20260913_1",2026-09-13,0,0.172824791418355
3,"M0_prevalence","TOR_20260913_1_PA022","TOR_20260913_1",2026-09-13,0,0.172824791418355
3,"M0_prevalence","TOR_20260913_1_PA023","TOR_20260913_1",2026-09-13,0,0.172824791418355
3,"M0_prevalence","TOR_20260913_1_PA024","TOR_20260913_1",2026-09-13,0,0.172824791418355
3,"M0_prevalence","TOR_20260913_1_PA025","TOR_20260913_1",2026-09-13,0,0.172824791418355
3,"M0_prevalence","TOR_20260913_1_PA026","TOR_20260913_1",2026-09-13,0,0.172824791418355
3,"M0_prevalence","TOR_20260913_1_PA027","TOR_20260913_1",2026-09-13,0,0.172824791418355
3,"M0_prevalence","TOR_20260913_1_PA028","TOR_20260913_1",2026-09-13,0,0.172824791418355
3,"M0_prevalence","TOR_20260913_1_PA029","TOR_20260913_1",2026-09-13,0,0.172824791418355
3,"M0_prevalence","TOR_20260913_1_PA030","TOR_20260913_1",2026-09-13,0,0.172824791418355
3,"M0_prevalence","TOR_20260913_1_PA031","TOR_20260913_1",2026-09-13,0,0.172824791418355
3,"M0_prevalence","TOR_20260913_1_PA032","TOR_20260913_1",2026-09-13,0,0.172824791418355
3,"M0_prevalence","TOR_20260913_1_PA033","TOR_20260913_1",2026-09-13,0,0.172824791418355
3,"M0_prevalence","TOR_20260913_1_PA034","TOR_20260913_1",2026-09-13,0,0.172824791418355
3,"M0_prevalence","TOR_20260913_1_PA035","TOR_20260913_1",2026-09-13,0,0.172824791418355
3,"M0_prevalence","TOR_20260913_1_PA036","TOR_20260913_1",2026-09-13,0,0.172824791418355
3,"M0_prevalence","TOR_20260913_1_PA037","TOR_20260913_1",2026-09-13,0,0.172824791418355
3,"M0_prevalence","TOR_20260913_1_PA038","TOR_20260913_1",2026-09-13,0,0.172824791418355
3,"M0_prevalence","TOR_20260913_1_PA039","TOR_20260913_1",2026-09-13,1,0.172824791418355
3,"M1_context","TOR_20260908_1_PA001","TOR_20260908_1",2026-09-08,0,0.206407677658154
3,"M1_context","TOR_20260908_1_PA002","TOR_20260908_1",2026-09-08,0,0.206407677658154
3,"M1_context","TOR_20260908_1_PA003","TOR_20260908_1",2026-09-08,1,0.206407677658154
3,"M1_context","TOR_20260908_1_PA004","TOR_20260908_1",2026-09-08,1,0.206407677658154
3,"M1_context","TOR_20260908_1_PA005","TOR_20260908_1",2026-09-08,0,0.203373698893349
3,"M1_context","TOR_20260908_1_PA006","TOR_20260908_1",2026-09-08,0,0.203373698893349
3,"M1_context","TOR_20260908_1_PA007","TOR_20260908_1",2026-09-08,0,0.203373698893349
3,"M1_context","TOR_20260908_1_PA008","TOR_20260908_1",2026-09-08,0,0.203373698893349
3,"M1_context","TOR_20260908_1_PA009","TOR_20260908_1",2026-09-08,0,0.203373698893349
3,"M1_context","TOR_20260908_1_PA010","TOR_20260908_1",2026-09-08,0,0.200373056399363
3,"M1_context","TOR_20260908_1_PA011","TOR_20260908_1",2026-09-08,0,0.200373056399363
3,"M1_context","TOR_20260908_1_PA012","TOR_20260908_1",2026-09-08,0,0.200373056399363
3,"M1_context","TOR_20260908_1_PA013","TOR_20260908_1",2026-09-08,0,0.197405715559584
3,"M1_context","TOR_20260908_1_PA014","TOR_20260908_1",2026-09-08,0,0.197405715559584
3,"M1_context","TOR_20260908_1_PA015","TOR_20260908_1",2026-09-08,0,0.197405715559584
3,"M1_context","TOR_20260908_1_PA016","TOR_20260908_1",2026-09-08,0,0.150581837520275
3,"M1_context","TOR_20260908_1_PA017","TOR_20260908_1",2026-09-08,1,0.194471631099947
3,"M1_context","TOR_20260908_1_PA018","TOR_20260908_1",2026-09-08,0,0.194471631099947
3,"M1_context","TOR_20260908_1_PA019","TOR_20260908_1",2026-09-08,0,0.194471631099947
3,"M1_context","TOR_20260908_1_PA020","TOR_20260908_1",2026-09-08,0,0.191570747350735
3,"M1_context","TOR_20260908_1_PA021","TOR_20260908_1",2026-09-08,0,0.191570747350735
3,"M1_context","TOR_20260908_1_PA022","TOR_20260908_1",2026-09-08,0,0.145879340046617
3,"M1_context","TOR_20260908_1_PA023","TOR_20260908_1",2026-09-08,0,0.145879340046617
3,"M1_context","TOR_20260908_1_PA024","TOR_20260908_1",2026-09-08,0,0.191570747350735
3,"M1_context","TOR_20260908_1_PA025","TOR_20260908_1",2026-09-08,0,0.191570747350735
3,"M1_context","TOR_20260908_1_PA026","TOR_20260908_1",2026-09-08,0,0.188702998510487
3,"M1_context","TOR_20260908_1_PA027","TOR_20260908_1",2026-09-08,0,0.188702998510487
3,"M1_context","TOR_20260908_1_PA028","TOR_20260908_1",2026-09-08,1,0.143574102791225
3,"M1_context","TOR_20260908_1_PA029","TOR_20260908_1",2026-09-08,0,0.143574102791225
3,"M1_context","TOR_20260908_1_PA030","TOR_20260908_1",2026-09-08,0,0.185868308911662
3,"M1_context","TOR_20260908_1_PA031","TOR_20260908_1",2026-09-08,0,0.185868308911662
3,"M1_context","TOR_20260908_1_PA032","TOR_20260908_1",2026-09-08,1,0.185868308911662
3,"M1_context","TOR_20260908_1_PA033","TOR_20260908_1",2026-09-08,0,0.183066593287661
3,"M1_context","TOR_20260908_1_PA034","TOR_20260908_1",2026-09-08,0,0.183066593287661
3,"M1_context","TOR_20260908_1_PA035","TOR_20260908_1",2026-09-08,1,0.183066593287661
3,"M1_context","TOR_20260908_1_PA036","TOR_20260908_1",2026-09-08,0,0.183066593287661
3,"M1_context","TOR_20260909_1_PA001","TOR_20260909_1",2026-09-09,0,0.206407677658154
3,"M1_context","TOR_20260909_1_PA002","TOR_20260909_1",2026-09-09,1,0.206407677658154
3,"M1_context","TOR_20260909_1_PA003","TOR_20260909_1",2026-09-09,0,0.206407677658154
3,"M1_context","TOR_20260909_1_PA004","TOR_20260909_1",2026-09-09,0,0.206407677658154
3,"M1_context","TOR_20260909_1_PA005","TOR_20260909_1",2026-09-09,1,0.203373698893349
3,"M1_context","TOR_20260909_1_PA006","TOR_20260909_1",2026-09-09,0,0.203373698893349
3,"M1_context","TOR_20260909_1_PA007","TOR_20260909_1",2026-09-09,0,0.203373698893349
3,"M1_context","TOR_20260909_1_PA008","TOR_20260909_1",2026-09-09,0,0.203373698893349
3,"M1_context","TOR_20260909_1_PA009","TOR_20260909_1",2026-09-09,0,0.200373056399363
3,"M1_context","TOR_20260909_1_PA010","TOR_20260909_1",2026-09-09,0,0.200373056399363
3,"M1_context","TOR_20260909_1_PA011","TOR_20260909_1",2026-09-09,0,0.200373056399363
3,"M1_context","TOR_20260909_1_PA012","TOR_20260909_1",2026-09-09,0,0.200373056399363
3,"M1_context","TOR_20260909_1_PA013","TOR_20260909_1",2026-09-09,0,0.197405715559584
3,"M1_context","TOR_20260909_1_PA014","TOR_20260909_1",2026-09-09,1,0.197405715559584
3,"M1_context","TOR_20260909_1_PA015","TOR_20260909_1",2026-09-09,0,0.197405715559584
3,"M1_context","TOR_20260909_1_PA016","TOR_20260909_1",2026-09-09,0,0.150581837520275
3,"M1_context","TOR_20260909_1_PA017","TOR_20260909_1",2026-09-09,1,0.150581837520275
3,"M1_context","TOR_20260909_1_PA018","TOR_20260909_1",2026-09-09,1,0.194471631099947
3,"M1_context","TOR_20260909_1_PA019","TOR_20260909_1",2026-09-09,0,0.194471631099947
3,"M1_context","TOR_20260909_1_PA020","TOR_20260909_1",2026-09-09,0,0.148215184801339
3,"M1_context","TOR_20260909_1_PA021","TOR_20260909_1",2026-09-09,0,0.148215184801339
3,"M1_context","TOR_20260909_1_PA022","TOR_20260909_1",2026-09-09,0,0.191570747350735
3,"M1_context","TOR_20260909_1_PA023","TOR_20260909_1",2026-09-09,0,0.191570747350735
3,"M1_context","TOR_20260909_1_PA024","TOR_20260909_1",2026-09-09,0,0.191570747350735
3,"M1_context","TOR_20260909_1_PA025","TOR_20260909_1",2026-09-09,0,0.188702998510487
3,"M1_context","TOR_20260909_1_PA026","TOR_20260909_1",2026-09-09,1,0.188702998510487
3,"M1_context","TOR_20260909_1_PA027","TOR_20260909_1",2026-09-09,1,0.188702998510487
3,"M1_context","TOR_20260909_1_PA028","TOR_20260909_1",2026-09-09,0,0.185868308911662
3,"M1_context","TOR_20260909_1_PA029","TOR_20260909_1",2026-09-09,0,0.185868308911662
3,"M1_context","TOR_20260909_1_PA030","TOR_20260909_1",2026-09-09,0,0.185868308911662
3,"M1_context","TOR_20260909_1_PA031","TOR_20260909_1",2026-09-09,1,0.183066593287661
3,"M1_context","TOR_20260909_1_PA032","TOR_20260909_1",2026-09-09,1,0.183066593287661
3,"M1_context","TOR_20260909_1_PA033","TOR_20260909_1",2026-09-09,0,0.183066593287661
3,"M1_context","TOR_20260909_1_PA034","TOR_20260909_1",2026-09-09,0,0.183066593287661
3,"M1_context","TOR_20260911_1_PA001","TOR_20260911_1",2026-09-11,1,0.180503334534773
3,"M1_context","TOR_20260911_1_PA002","TOR_20260911_1",2026-09-11,0,0.180503334534773
3,"M1_context","TOR_20260911_1_PA003","TOR_20260911_1",2026-09-11,0,0.180503334534773
3,"M1_context","TOR_20260911_1_PA004","TOR_20260911_1",2026-09-11,0,0.137004262306466
3,"M1_context","TOR_20260911_1_PA005","TOR_20260911_1",2026-09-11,1,0.137004262306466
3,"M1_context","TOR_20260911_1_PA006","TOR_20260911_1",2026-09-11,0,0.177764830869955
3,"M1_context","TOR_20260911_1_PA007","TOR_20260911_1",2026-09-11,0,0.177764830869955
3,"M1_context","TOR_20260911_1_PA008","TOR_20260911_1",2026-09-11,0,0.177764830869955
3,"M1_context","TOR_20260911_1_PA009","TOR_20260911_1",2026-09-11,0,0.175058999162162
3,"M1_context","TOR_20260911_1_PA010","TOR_20260911_1",2026-09-11,0,0.175058999162162
3,"M1_context","TOR_20260911_1_PA011","TOR_20260911_1",2026-09-11,0,0.175058999162162
3,"M1_context","TOR_20260911_1_PA012","TOR_20260911_1",2026-09-11,1,0.132659555962374
3,"M1_context","TOR_20260911_1_PA013","TOR_20260911_1",2026-09-11,0,0.132659555962374
3,"M1_context","TOR_20260911_1_PA014","TOR_20260911_1",2026-09-11,0,0.132659555962374
3,"M1_context","TOR_20260911_1_PA015","TOR_20260911_1",2026-09-11,0,0.172385719060829
3,"M1_context","TOR_20260911_1_PA016","TOR_20260911_1",2026-09-11,1,0.172385719060829
3,"M1_context","TOR_20260911_1_PA017","TOR_20260911_1",2026-09-11,0,0.172385719060829
3,"M1_context","TOR_20260911_1_PA018","TOR_20260911_1",2026-09-11,0,0.172385719060829
3,"M1_context","TOR_20260911_1_PA019","TOR_20260911_1",2026-09-11,0,0.167136291164633
3,"M1_context","TOR_20260911_1_PA020","TOR_20260911_1",2026-09-11,0,0.167136291164633
3,"M1_context","TOR_20260911_1_PA021","TOR_20260911_1",2026-09-11,0,0.167136291164633
3,"M1_context","TOR_20260911_1_PA022","TOR_20260911_1",2026-09-11,1,0.126361805888623
3,"M1_context","TOR_20260911_1_PA023","TOR_20260911_1",2026-09-11,0,0.167136291164633
3,"M1_context","TOR_20260911_1_PA024","TOR_20260911_1",2026-09-11,0,0.167136291164633
3,"M1_context","TOR_20260911_1_PA025","TOR_20260911_1",2026-09-11,1,0.126361805888623
3,"M1_context","TOR_20260911_1_PA026","TOR_20260911_1",2026-09-11,0,0.126361805888623
3,"M1_context","TOR_20260911_1_PA027","TOR_20260911_1",2026-09-11,0,0.126361805888623
3,"M1_context","TOR_20260911_1_PA028","TOR_20260911_1",2026-09-11,0,0.164559862361317
3,"M1_context","TOR_20260911_1_PA029","TOR_20260911_1",2026-09-11,0,0.164559862361317
3,"M1_context","TOR_20260911_1_PA030","TOR_20260911_1",2026-09-11,1,0.164559862361317
3,"M1_context","TOR_20260911_1_PA031","TOR_20260911_1",2026-09-11,0,0.162015423680721
3,"M1_context","TOR_20260911_1_PA032","TOR_20260911_1",2026-09-11,0,0.162015423680721
3,"M1_context","TOR_20260911_1_PA033","TOR_20260911_1",2026-09-11,1,0.162015423680721
3,"M1_context","TOR_20260911_1_PA034","TOR_20260911_1",2026-09-11,1,0.159502816063898
3,"M1_context","TOR_20260911_1_PA035","TOR_20260911_1",2026-09-11,0,0.159502816063898
3,"M1_context","TOR_20260911_1_PA036","TOR_20260911_1",2026-09-11,0,0.159502816063898
3,"M1_context","TOR_20260911_1_PA037","TOR_20260911_1",2026-09-11,0,0.120321554069738
3,"M1_context","TOR_20260911_1_PA038","TOR_20260911_1",2026-09-11,0,0.159502816063898
3,"M1_context","TOR_20260911_1_PA039","TOR_20260911_1",2026-09-11,0,0.159502816063898
3,"M1_context","TOR_20260911_1_PA040","TOR_20260911_1",2026-09-11,0,0.120321554069738
3,"M1_context","TOR_20260912_1_PA001","TOR_20260912_1",2026-09-12,0,0.180503334534773
3,"M1_context","TOR_20260912_1_PA002","TOR_20260912_1",2026-09-12,0,0.180503334534773
3,"M1_context","TOR_20260912_1_PA003","TOR_20260912_1",2026-09-12,0,0.137004262306466
3,"M1_context","TOR_20260912_1_PA004","TOR_20260912_1",2026-09-12,0,0.137004262306466
3,"M1_context","TOR_20260912_1_PA005","TOR_20260912_1",2026-09-12,0,0.180503334534773
3,"M1_context","TOR_20260912_1_PA006","TOR_20260912_1",2026-09-12,0,0.177764830869955
3,"M1_context","TOR_20260912_1_PA007","TOR_20260912_1",2026-09-12,1,0.177764830869955
3,"M1_context","TOR_20260912_1_PA008","TOR_20260912_1",2026-09-12,0,0.177764830869955
3,"M1_context","TOR_20260912_1_PA009","TOR_20260912_1",2026-09-12,0,0.134817135132034
3,"M1_context","TOR_20260912_1_PA010","TOR_20260912_1",2026-09-12,0,0.175058999162162
3,"M1_context","TOR_20260912_1_PA011","TOR_20260912_1",2026-09-12,0,0.175058999162162
3,"M1_context","TOR_20260912_1_PA012","TOR_20260912_1",2026-09-12,1,0.175058999162162
3,"M1_context","TOR_20260912_1_PA013","TOR_20260912_1",2026-09-12,0,0.175058999162162
3,"M1_context","TOR_20260912_1_PA014","TOR_20260912_1",2026-09-12,0,0.175058999162162
3,"M1_context","TOR_20260912_1_PA015","TOR_20260912_1",2026-09-12,0,0.175058999162162
3,"M1_context","TOR_20260912_1_PA016","TOR_20260912_1",2026-09-12,0,0.175058999162162
3,"M1_context","TOR_20260912_1_PA017","TOR_20260912_1",2026-09-12,0,0.132659555962374
3,"M1_context","TOR_20260912_1_PA018","TOR_20260912_1",2026-09-12,1,0.172385719060829
3,"M1_context","TOR_20260912_1_PA019","TOR_20260912_1",2026-09-12,0,0.172385719060829
3,"M1_context","TOR_20260912_1_PA020","TOR_20260912_1",2026-09-12,1,0.172385719060829
3,"M1_context","TOR_20260912_1_PA021","TOR_20260912_1",2026-09-12,1,0.169744861939646
3,"M1_context","TOR_20260912_1_PA022","TOR_20260912_1",2026-09-12,1,0.169744861939646
3,"M1_context","TOR_20260912_1_PA023","TOR_20260912_1",2026-09-12,1,0.169744861939646
3,"M1_context","TOR_20260912_1_PA024","TOR_20260912_1",2026-09-12,0,0.167136291164633
3,"M1_context","TOR_20260912_1_PA025","TOR_20260912_1",2026-09-12,0,0.167136291164633
3,"M1_context","TOR_20260912_1_PA026","TOR_20260912_1",2026-09-12,0,0.167136291164633
3,"M1_context","TOR_20260912_1_PA027","TOR_20260912_1",2026-09-12,0,0.126361805888623
3,"M1_context","TOR_20260912_1_PA028","TOR_20260912_1",2026-09-12,1,0.126361805888623
3,"M1_context","TOR_20260912_1_PA029","TOR_20260912_1",2026-09-12,0,0.126361805888623
3,"M1_context","TOR_20260912_1_PA030","TOR_20260912_1",2026-09-12,0,0.164559862361317
3,"M1_context","TOR_20260912_1_PA031","TOR_20260912_1",2026-09-12,0,0.164559862361317
3,"M1_context","TOR_20260912_1_PA032","TOR_20260912_1",2026-09-12,0,0.164559862361317
3,"M1_context","TOR_20260912_1_PA033","TOR_20260912_1",2026-09-12,0,0.124320099659543
3,"M1_context","TOR_20260912_1_PA034","TOR_20260912_1",2026-09-12,0,0.124320099659543
3,"M1_context","TOR_20260912_1_PA035","TOR_20260912_1",2026-09-12,1,0.124320099659543
3,"M1_context","TOR_20260912_1_PA036","TOR_20260912_1",2026-09-12,0,0.162015423680721
3,"M1_context","TOR_20260912_1_PA037","TOR_20260912_1",2026-09-12,1,0.162015423680721
3,"M1_context","TOR_20260912_1_PA038","TOR_20260912_1",2026-09-12,0,0.162015423680721
3,"M1_context","TOR_20260912_1_PA039","TOR_20260912_1",2026-09-12,0,0.162015423680721
3,"M1_context","TOR_20260913_1_PA001","TOR_20260913_1",2026-09-13,0,0.180503334534773
3,"M1_context","TOR_20260913_1_PA002","TOR_20260913_1",2026-09-13,0,0.180503334534773
3,"M1_context","TOR_20260913_1_PA003","TOR_20260913_1",2026-09-13,0,0.180503334534773
3,"M1_context","TOR_20260913_1_PA004","TOR_20260913_1",2026-09-13,0,0.180503334534773
3,"M1_context","TOR_20260913_1_PA005","TOR_20260913_1",2026-09-13,0,0.177764830869955
3,"M1_context","TOR_20260913_1_PA006","TOR_20260913_1",2026-09-13,0,0.177764830869955
3,"M1_context","TOR_20260913_1_PA007","TOR_20260913_1",2026-09-13,0,0.177764830869955
3,"M1_context","TOR_20260913_1_PA008","TOR_20260913_1",2026-09-13,1,0.134817135132034
3,"M1_context","TOR_20260913_1_PA009","TOR_20260913_1",2026-09-13,0,0.134817135132034
3,"M1_context","TOR_20260913_1_PA010","TOR_20260913_1",2026-09-13,0,0.175058999162162
3,"M1_context","TOR_20260913_1_PA011","TOR_20260913_1",2026-09-13,1,0.175058999162162
3,"M1_context","TOR_20260913_1_PA012","TOR_20260913_1",2026-09-13,0,0.175058999162162
3,"M1_context","TOR_20260913_1_PA013","TOR_20260913_1",2026-09-13,0,0.132659555962374
3,"M1_context","TOR_20260913_1_PA014","TOR_20260913_1",2026-09-13,1,0.132659555962374
3,"M1_context","TOR_20260913_1_PA015","TOR_20260913_1",2026-09-13,0,0.172385719060829
3,"M1_context","TOR_20260913_1_PA016","TOR_20260913_1",2026-09-13,0,0.172385719060829
3,"M1_context","TOR_20260913_1_PA017","TOR_20260913_1",2026-09-13,1,0.172385719060829
3,"M1_context","TOR_20260913_1_PA018","TOR_20260913_1",2026-09-13,0,0.169744861939646
3,"M1_context","TOR_20260913_1_PA019","TOR_20260913_1",2026-09-13,1,0.169744861939646
3,"M1_context","TOR_20260913_1_PA020","TOR_20260913_1",2026-09-13,0,0.169744861939646
3,"M1_context","TOR_20260913_1_PA021","TOR_20260913_1",2026-09-13,0,0.169744861939646
3,"M1_context","TOR_20260913_1_PA022","TOR_20260913_1",2026-09-13,0,0.169744861939646
3,"M1_context","TOR_20260913_1_PA023","TOR_20260913_1",2026-09-13,0,0.169744861939646
3,"M1_context","TOR_20260913_1_PA024","TOR_20260913_1",2026-09-13,0,0.167136291164633
3,"M1_context","TOR_20260913_1_PA025","TOR_20260913_1",2026-09-13,0,0.167136291164633
3,"M1_context","TOR_20260913_1_PA026","TOR_20260913_1",2026-09-13,0,0.167136291164633
3,"M1_context","TOR_20260913_1_PA027","TOR_20260913_1",2026-09-13,0,0.164559862361317
3,"M1_context","TOR_20260913_1_PA028","TOR_20260913_1",2026-09-13,0,0.164559862361317
3,"M1_context","TOR_20260913_1_PA029","TOR_20260913_1",2026-09-13,0,0.164559862361317
3,"M1_context","TOR_20260913_1_PA030","TOR_20260913_1",2026-09-13,0,0.164559862361317
3,"M1_context","TOR_20260913_1_PA031","TOR_20260913_1",2026-09-13,0,0.124320099659543
3,"M1_context","TOR_20260913_1_PA032","TOR_20260913_1",2026-09-13,0,0.162015423680721
3,"M1_context","TOR_20260913_1_PA033","TOR_20260913_1",2026-09-13,0,0.162015423680721
3,"M1_context","TOR_20260913_1_PA034","TOR_20260913_1",2026-09-13,0,0.162015423680721
3,"M1_context","TOR_20260913_1_PA035","TOR_20260913_1",2026-09-13,0,0.162015423680721
3,"M1_context","TOR_20260913_1_PA036","TOR_20260913_1",2026-09-13,0,0.122306764168124
3,"M1_context","TOR_20260913_1_PA037","TOR_20260913_1",2026-09-13,0,0.122306764168124
3,"M1_context","TOR_20260913_1_PA038","TOR_20260913_1",2026-09-13,0,0.122306764168124
3,"M1_context","TOR_20260913_1_PA039","TOR_20260913_1",2026-09-13,1,0.122306764168124
3,"M2_behavior","TOR_20260908_1_PA001","TOR_20260908_1",2026-09-08,0,0.1759747300909
3,"M2_behavior","TOR_20260908_1_PA002","TOR_20260908_1",2026-09-08,0,0.173473820266717
3,"M2_behavior","TOR_20260908_1_PA003","TOR_20260908_1",2026-09-08,1,0.215595095399174
3,"M2_behavior","TOR_20260908_1_PA004","TOR_20260908_1",2026-09-08,1,0.146422372517596
3,"M2_behavior","TOR_20260908_1_PA005","TOR_20260908_1",2026-09-08,0,0.108486512873849
3,"M2_behavior","TOR_20260908_1_PA006","TOR_20260908_1",2026-09-08,0,0.191043705947466
3,"M2_behavior","TOR_20260908_1_PA007","TOR_20260908_1",2026-09-08,0,0.157947439332214
3,"M2_behavior","TOR_20260908_1_PA008","TOR_20260908_1",2026-09-08,0,0.115144308461114
3,"M2_behavior","TOR_20260908_1_PA009","TOR_20260908_1",2026-09-08,0,0.242481319733311
3,"M2_behavior","TOR_20260908_1_PA010","TOR_20260908_1",2026-09-08,0,0.161277665491303
3,"M2_behavior","TOR_20260908_1_PA011","TOR_20260908_1",2026-09-08,0,0.15680855366898
3,"M2_behavior","TOR_20260908_1_PA012","TOR_20260908_1",2026-09-08,0,0.195581660829315
3,"M2_behavior","TOR_20260908_1_PA013","TOR_20260908_1",2026-09-08,0,0.181269727159932
3,"M2_behavior","TOR_20260908_1_PA014","TOR_20260908_1",2026-09-08,0,0.19418290699974
3,"M2_behavior","TOR_20260908_1_PA015","TOR_20260908_1",2026-09-08,0,0.164369197678637
3,"M2_behavior","TOR_20260908_1_PA016","TOR_20260908_1",2026-09-08,0,0.181269727159932
3,"M2_behavior","TOR_20260908_1_PA017","TOR_20260908_1",2026-09-08,1,0.165295023903739
3,"M2_behavior","TOR_20260908_1_PA018","TOR_20260908_1",2026-09-08,0,0.18628197435988
3,"M2_behavior","TOR_20260908_1_PA019","TOR_20260908_1",2026-09-08,0,0.164369197678637
3,"M2_behavior","TOR_20260908_1_PA020","TOR_20260908_1",2026-09-08,0,0.189941147769786
3,"M2_behavior","TOR_20260908_1_PA021","TOR_20260908_1",2026-09-08,0,0.135103559503232
3,"M2_behavior","TOR_20260908_1_PA022","TOR_20260908_1",2026-09-08,0,0.136110250739808
3,"M2_behavior","TOR_20260908_1_PA023","TOR_20260908_1",2026-09-08,0,0.157947439332214
3,"M2_behavior","TOR_20260908_1_PA024","TOR_20260908_1",2026-09-08,0,0.136110250739808
3,"M2_behavior","TOR_20260908_1_PA025","TOR_20260908_1",2026-09-08,0,0.182547809455673
3,"M2_behavior","TOR_20260908_1_PA026","TOR_20260908_1",2026-09-08,0,0.199838344560979
3,"M2_behavior","TOR_20260908_1_PA027","TOR_20260908_1",2026-09-08,0,0.116873144643448
3,"M2_behavior","TOR_20260908_1_PA028","TOR_20260908_1",2026-09-08,1,0.219163660143021
3,"M2_behavior","TOR_20260908_1_PA029","TOR_20260908_1",2026-09-08,0,0.141793667166287
3,"M2_behavior","TOR_20260908_1_PA030","TOR_20260908_1",2026-09-08,0,0.169589228732812
3,"M2_behavior","TOR_20260908_1_PA031","TOR_20260908_1",2026-09-08,0,0.181269727159932
3,"M2_behavior","TOR_20260908_1_PA032","TOR_20260908_1",2026-09-08,1,0.139056087139671
3,"M2_behavior","TOR_20260908_1_PA033","TOR_20260908_1",2026-09-08,0,0.208602679644974
3,"M2_behavior","TOR_20260908_1_PA034","TOR_20260908_1",2026-09-08,0,0.170357562258147
3,"M2_behavior","TOR_20260908_1_PA035","TOR_20260908_1",2026-09-08,1,0.205907241141728
3,"M2_behavior","TOR_20260908_1_PA036","TOR_20260908_1",2026-09-08,0,0.161277665491303
3,"M2_behavior","TOR_20260909_1_PA001","TOR_20260909_1",2026-09-09,0,0.1759747300909
3,"M2_behavior","TOR_20260909_1_PA002","TOR_20260909_1",2026-09-09,1,0.208602679644974
3,"M2_behavior","TOR_20260909_1_PA003","TOR_20260909_1",2026-09-09,0,0.111502032718647
3,"M2_behavior","TOR_20260909_1_PA004","TOR_20260909_1",2026-09-09,0,0.141793667166287
3,"M2_behavior","TOR_20260909_1_PA005","TOR_20260909_1",2026-09-09,1,0.229275741952574
3,"M2_behavior","TOR_20260909_1_PA006","TOR_20260909_1",2026-09-09,0,0.157947439332214
3,"M2_behavior","TOR_20260909_1_PA007","TOR_20260909_1",2026-09-09,0,0.152095344850881
3,"M2_behavior","TOR_20260909_1_PA008","TOR_20260909_1",2026-09-09,0,0.170357562258147
3,"M2_behavior","TOR_20260909_1_PA009","TOR_20260909_1",2026-09-09,0,0.18628197435988
3,"M2_behavior","TOR_20260909_1_PA010","TOR_20260909_1",2026-09-09,0,0.214172998993803
3,"M2_behavior","TOR_20260909_1_PA011","TOR_20260909_1",2026-09-09,0,0.191043705947466
3,"M2_behavior","TOR_20260909_1_PA012","TOR_20260909_1",2026-09-09,0,0.173473820266717
3,"M2_behavior","TOR_20260909_1_PA013","TOR_20260909_1",2026-09-09,0,0.116873144643448
3,"M2_behavior","TOR_20260909_1_PA014","TOR_20260909_1",2026-09-09,1,0.116873144643448
3,"M2_behavior","TOR_20260909_1_PA015","TOR_20260909_1",2026-09-09,0,0.202706947075172
3,"M2_behavior","TOR_20260909_1_PA016","TOR_20260909_1",2026-09-09,0,0.204072680896675
3,"M2_behavior","TOR_20260909_1_PA017","TOR_20260909_1",2026-09-09,1,0.161277665491303
3,"M2_behavior","TOR_20260909_1_PA018","TOR_20260909_1",2026-09-09,1,0.161277665491303
3,"M2_behavior","TOR_20260909_1_PA019","TOR_20260909_1",2026-09-09,0,0.170357562258147
3,"M2_behavior","TOR_20260909_1_PA020","TOR_20260909_1",2026-09-09,0,0.192085242020745
3,"M2_behavior","TOR_20260909_1_PA021","TOR_20260909_1",2026-09-09,0,0.151011465451815
3,"M2_behavior","TOR_20260909_1_PA022","TOR_20260909_1",2026-09-09,0,0.141793667166287
3,"M2_behavior","TOR_20260909_1_PA023","TOR_20260909_1",2026-09-09,0,0.23386186707375
3,"M2_behavior","TOR_20260909_1_PA024","TOR_20260909_1",2026-09-09,0,0.215595095399174
3,"M2_behavior","TOR_20260909_1_PA025","TOR_20260909_1",2026-09-09,0,0.121866611240899
3,"M2_behavior","TOR_20260909_1_PA026","TOR_20260909_1",2026-09-09,1,0.135103559503232
3,"M2_behavior","TOR_20260909_1_PA027","TOR_20260909_1",2026-09-09,1,0.199918296609589
3,"M2_behavior","TOR_20260909_1_PA028","TOR_20260909_1",2026-09-09,0,0.174755751638758
3,"M2_behavior","TOR_20260909_1_PA029","TOR_20260909_1",2026-09-09,0,0.153185600075595
3,"M2_behavior","TOR_20260909_1_PA030","TOR_20260909_1",2026-09-09,0,0.232326623684677
3,"M2_behavior","TOR_20260909_1_PA031","TOR_20260909_1",2026-09-09,1,0.100040059409579
3,"M2_behavior","TOR_20260909_1_PA032","TOR_20260909_1",2026-09-09,1,0.208061158621655
3,"M2_behavior","TOR_20260909_1_PA033","TOR_20260909_1",2026-09-09,0,0.1759747300909
3,"M2_behavior","TOR_20260909_1_PA034","TOR_20260909_1",2026-09-09,0,0.159450414482812
3,"M2_behavior","TOR_20260911_1_PA001","TOR_20260911_1",2026-09-11,1,0.152095344850881
3,"M2_behavior","TOR_20260911_1_PA002","TOR_20260911_1",2026-09-11,0,0.151011465451815
3,"M2_behavior","TOR_20260911_1_PA003","TOR_20260911_1",2026-09-11,0,0.232326623684677
3,"M2_behavior","TOR_20260911_1_PA004","TOR_20260911_1",2026-09-11,0,0.12892419094061
3,"M2_behavior","TOR_20260911_1_PA005","TOR_20260911_1",2026-09-11,1,0.180782952393256
3,"M2_behavior","TOR_20260911_1_PA006","TOR_20260911_1",2026-09-11,0,0.181269727159932
3,"M2_behavior","TOR_20260911_1_PA007","TOR_20260911_1",2026-09-11,0,0.170779626898446
3,"M2_behavior","TOR_20260911_1_PA008","TOR_20260911_1",2026-09-11,0,0.229275741952574
3,"M2_behavior","TOR_20260911_1_PA009","TOR_20260911_1",2026-09-11,0,0.157947439332214
3,"M2_behavior","TOR_20260911_1_PA010","TOR_20260911_1",2026-09-11,0,0.173473820266717
3,"M2_behavior","TOR_20260911_1_PA011","TOR_20260911_1",2026-09-11,0,0.1759747300909
3,"M2_behavior","TOR_20260911_1_PA012","TOR_20260911_1",2026-09-11,1,0.18628197435988
3,"M2_behavior","TOR_20260911_1_PA013","TOR_20260911_1",2026-09-11,0,0.130941428442636
3,"M2_behavior","TOR_20260911_1_PA014","TOR_20260911_1",2026-09-11,0,0.139056087139671
3,"M2_behavior","TOR_20260911_1_PA015","TOR_20260911_1",2026-09-11,0,0.202706947075172
3,"M2_behavior","TOR_20260911_1_PA016","TOR_20260911_1",2026-09-11,1,0.181269727159932
3,"M2_behavior","TOR_20260911_1_PA017","TOR_20260911_1",2026-09-11,0,0.157947439332214
3,"M2_behavior","TOR_20260911_1_PA018","TOR_20260911_1",2026-09-11,0,0.181269727159932
3,"M2_behavior","TOR_20260911_1_PA019","TOR_20260911_1",2026-09-11,0,0.196439897475635
3,"M2_behavior","TOR_20260911_1_PA020","TOR_20260911_1",2026-09-11,0,0.173473820266717
3,"M2_behavior","TOR_20260911_1_PA021","TOR_20260911_1",2026-09-11,0,0.135103559503232
3,"M2_behavior","TOR_20260911_1_PA022","TOR_20260911_1",2026-09-11,1,0.146422372517596
3,"M2_behavior","TOR_20260911_1_PA023","TOR_20260911_1",2026-09-11,0,0.187563078704986
3,"M2_behavior","TOR_20260911_1_PA024","TOR_20260911_1",2026-09-11,0,0.1759747300909
3,"M2_behavior","TOR_20260911_1_PA025","TOR_20260911_1",2026-09-11,1,0.147104340371044
3,"M2_behavior","TOR_20260911_1_PA026","TOR_20260911_1",2026-09-11,0,0.18628197435988
3,"M2_behavior","TOR_20260911_1_PA027","TOR_20260911_1",2026-09-11,0,0.214172998993803
3,"M2_behavior","TOR_20260911_1_PA028","TOR_20260911_1",2026-09-11,0,0.15680855366898
3,"M2_behavior","TOR_20260911_1_PA029","TOR_20260911_1",2026-09-11,0,0.189744380330903
3,"M2_behavior","TOR_20260911_1_PA030","TOR_20260911_1",2026-09-11,1,0.232326623684677
3,"M2_behavior","TOR_20260911_1_PA031","TOR_20260911_1",2026-09-11,0,0.116873144643448
3,"M2_behavior","TOR_20260911_1_PA032","TOR_20260911_1",2026-09-11,0,0.149872079434678
3,"M2_behavior","TOR_20260911_1_PA033","TOR_20260911_1",2026-09-11,1,0.182547809455673
3,"M2_behavior","TOR_20260911_1_PA034","TOR_20260911_1",2026-09-11,1,0.180782952393256
3,"M2_behavior","TOR_20260911_1_PA035","TOR_20260911_1",2026-09-11,0,0.170357562258147
3,"M2_behavior","TOR_20260911_1_PA036","TOR_20260911_1",2026-09-11,0,0.1759747300909
3,"M2_behavior","TOR_20260911_1_PA037","TOR_20260911_1",2026-09-11,0,0.164369197678637
3,"M2_behavior","TOR_20260911_1_PA038","TOR_20260911_1",2026-09-11,0,0.152095344850881
3,"M2_behavior","TOR_20260911_1_PA039","TOR_20260911_1",2026-09-11,0,0.136110250739808
3,"M2_behavior","TOR_20260911_1_PA040","TOR_20260911_1",2026-09-11,0,0.139056087139671
3,"M2_behavior","TOR_20260912_1_PA001","TOR_20260912_1",2026-09-12,0,0.152095344850881
3,"M2_behavior","TOR_20260912_1_PA002","TOR_20260912_1",2026-09-12,0,0.189744380330903
3,"M2_behavior","TOR_20260912_1_PA003","TOR_20260912_1",2026-09-12,0,0.157947439332214
3,"M2_behavior","TOR_20260912_1_PA004","TOR_20260912_1",2026-09-12,0,0.147104340371044
3,"M2_behavior","TOR_20260912_1_PA005","TOR_20260912_1",2026-09-12,0,0.126540992170866
3,"M2_behavior","TOR_20260912_1_PA006","TOR_20260912_1",2026-09-12,0,0.181269727159932
3,"M2_behavior","TOR_20260912_1_PA007","TOR_20260912_1",2026-09-12,1,0.125940278195383
3,"M2_behavior","TOR_20260912_1_PA008","TOR_20260912_1",2026-09-12,0,0.202706947075172
3,"M2_behavior","TOR_20260912_1_PA009","TOR_20260912_1",2026-09-12,0,0.143453110118019
3,"M2_behavior","TOR_20260912_1_PA010","TOR_20260912_1",2026-09-12,0,0.161277665491303
3,"M2_behavior","TOR_20260912_1_PA011","TOR_20260912_1",2026-09-12,0,0.164369197678637
3,"M2_behavior","TOR_20260912_1_PA012","TOR_20260912_1",2026-09-12,1,0.173473820266717
3,"M2_behavior","TOR_20260912_1_PA013","TOR_20260912_1",2026-09-12,0,0.139056087139671
3,"M2_behavior","TOR_20260912_1_PA014","TOR_20260912_1",2026-09-12,0,0.123326356369356
3,"M2_behavior","TOR_20260912_1_PA015","TOR_20260912_1",2026-09-12,0,0.181269727159932
3,"M2_behavior","TOR_20260912_1_PA016","TOR_20260912_1",2026-09-12,0,0.141793667166287
3,"M2_behavior","TOR_20260912_1_PA017","TOR_20260912_1",2026-09-12,0,0.189744380330903
3,"M2_behavior","TOR_20260912_1_PA018","TOR_20260912_1",2026-09-12,1,0.143453110118019
3,"M2_behavior","TOR_20260912_1_PA019","TOR_20260912_1",2026-09-12,0,0.173473820266717
3,"M2_behavior","TOR_20260912_1_PA020","TOR_20260912_1",2026-09-12,1,0.164369197678637
3,"M2_behavior","TOR_20260912_1_PA021","TOR_20260912_1",2026-09-12,1,0.170357562258147
3,"M2_behavior","TOR_20260912_1_PA022","TOR_20260912_1",2026-09-12,1,0.165530258709168
3,"M2_behavior","TOR_20260912_1_PA023","TOR_20260912_1",2026-09-12,1,0.126540992170866
3,"M2_behavior","TOR_20260912_1_PA024","TOR_20260912_1",2026-09-12,0,0.191043705947466
3,"M2_behavior","TOR_20260912_1_PA025","TOR_20260912_1",2026-09-12,0,0.147104340371044
3,"M2_behavior","TOR_20260912_1_PA026","TOR_20260912_1",2026-09-12,0,0.174755751638758
3,"M2_behavior","TOR_20260912_1_PA027","TOR_20260912_1",2026-09-12,0,0.143453110118019
3,"M2_behavior","TOR_20260912_1_PA028","TOR_20260912_1",2026-09-12,1,0.208061158621655
3,"M2_behavior","TOR_20260912_1_PA029","TOR_20260912_1",2026-09-12,0,0.18628197435988
3,"M2_behavior","TOR_20260912_1_PA030","TOR_20260912_1",2026-09-12,0,0.116873144643448
3,"M2_behavior","TOR_20260912_1_PA031","TOR_20260912_1",2026-09-12,0,0.181269727159932
3,"M2_behavior","TOR_20260912_1_PA032","TOR_20260912_1",2026-09-12,0,0.116873144643448
3,"M2_behavior","TOR_20260912_1_PA033","TOR_20260912_1",2026-09-12,0,0.189744380330903
3,"M2_behavior","TOR_20260912_1_PA034","TOR_20260912_1",2026-09-12,0,0.121866611240899
3,"M2_behavior","TOR_20260912_1_PA035","TOR_20260912_1",2026-09-12,1,0.189744380330903
3,"M2_behavior","TOR_20260912_1_PA036","TOR_20260912_1",2026-09-12,0,0.143453110118019
3,"M2_behavior","TOR_20260912_1_PA037","TOR_20260912_1",2026-09-12,1,0.15680855366898
3,"M2_behavior","TOR_20260912_1_PA038","TOR_20260912_1",2026-09-12,0,0.224480958298393
3,"M2_behavior","TOR_20260912_1_PA039","TOR_20260912_1",2026-09-12,0,0.136110250739808
3,"M2_behavior","TOR_20260913_1_PA001","TOR_20260913_1",2026-09-13,0,0.152095344850881
3,"M2_behavior","TOR_20260913_1_PA002","TOR_20260913_1",2026-09-13,0,0.189744380330903
3,"M2_behavior","TOR_20260913_1_PA003","TOR_20260913_1",2026-09-13,0,0.157947439332214
3,"M2_behavior","TOR_20260913_1_PA004","TOR_20260913_1",2026-09-13,0,0.27456548440296
3,"M2_behavior","TOR_20260913_1_PA005","TOR_20260913_1",2026-09-13,0,0.129985188378857
3,"M2_behavior","TOR_20260913_1_PA006","TOR_20260913_1",2026-09-13,0,0.214172998993803
3,"M2_behavior","TOR_20260913_1_PA007","TOR_20260913_1",2026-09-13,0,0.152095344850881
3,"M2_behavior","TOR_20260913_1_PA008","TOR_20260913_1",2026-09-13,1,0.161277665491303
3,"M2_behavior","TOR_20260913_1_PA009","TOR_20260913_1",2026-09-13,0,0.211897860344513
3,"M2_behavior","TOR_20260913_1_PA010","TOR_20260913_1",2026-09-13,0,0.161277665491303
3,"M2_behavior","TOR_20260913_1_PA011","TOR_20260913_1",2026-09-13,1,0.204072680896675
3,"M2_behavior","TOR_20260913_1_PA012","TOR_20260913_1",2026-09-13,0,0.181269727159932
3,"M2_behavior","TOR_20260913_1_PA013","TOR_20260913_1",2026-09-13,0,0.1759747300909
3,"M2_behavior","TOR_20260913_1_PA014","TOR_20260913_1",2026-09-13,1,0.208135045720028
3,"M2_behavior","TOR_20260913_1_PA015","TOR_20260913_1",2026-09-13,0,0.181269727159932
3,"M2_behavior","TOR_20260913_1_PA016","TOR_20260913_1",2026-09-13,0,0.199918296609589
3,"M2_behavior","TOR_20260913_1_PA017","TOR_20260913_1",2026-09-13,1,0.181269727159932
3,"M2_behavior","TOR_20260913_1_PA018","TOR_20260913_1",2026-09-13,0,0.166241668124977
3,"M2_behavior","TOR_20260913_1_PA019","TOR_20260913_1",2026-09-13,1,0.182547809455673
3,"M2_behavior","TOR_20260913_1_PA020","TOR_20260913_1",2026-09-13,0,0.164369197678637
3,"M2_behavior","TOR_20260913_1_PA021","TOR_20260913_1",2026-09-13,0,0.1759747300909
3,"M2_behavior","TOR_20260913_1_PA022","TOR_20260913_1",2026-09-13,0,0.135103559503232
3,"M2_behavior","TOR_20260913_1_PA023","TOR_20260913_1",2026-09-13,0,0.166241668124977
3,"M2_behavior","TOR_20260913_1_PA024","TOR_20260913_1",2026-09-13,0,0.208602679644974
3,"M2_behavior","TOR_20260913_1_PA025","TOR_20260913_1",2026-09-13,0,0.189744380330903
3,"M2_behavior","TOR_20260913_1_PA026","TOR_20260913_1",2026-09-13,0,0.202706947075172
3,"M2_behavior","TOR_20260913_1_PA027","TOR_20260913_1",2026-09-13,0,0.181269727159932
3,"M2_behavior","TOR_20260913_1_PA028","TOR_20260913_1",2026-09-13,0,0.15680855366898
3,"M2_behavior","TOR_20260913_1_PA029","TOR_20260913_1",2026-09-13,0,0.1759747300909
3,"M2_behavior","TOR_20260913_1_PA030","TOR_20260913_1",2026-09-13,0,0.135103559503232
3,"M2_behavior","TOR_20260913_1_PA031","TOR_20260913_1",2026-09-13,0,0.18628197435988
3,"M2_behavior","TOR_20260913_1_PA032","TOR_20260913_1",2026-09-13,0,0.149872079434678
3,"M2_behavior","TOR_20260913_1_PA033","TOR_20260913_1",2026-09-13,0,0.116873144643448
3,"M2_behavior","TOR_20260913_1_PA034","TOR_20260913_1",2026-09-13,0,0.141793667166287
3,"M2_behavior","TOR_20260913_1_PA035","TOR_20260913_1",2026-09-13,0,0.1759747300909
3,"M2_behavior","TOR_20260913_1_PA036","TOR_20260913_1",2026-09-13,0,0.170357562258147
3,"M2_behavior","TOR_20260913_1_PA037","TOR_20260913_1",2026-09-13,0,0.147104340371044
3,"M2_behavior","TOR_20260913_1_PA038","TOR_20260913_1",2026-09-13,0,0.164369197678637
3,"M2_behavior","TOR_20260913_1_PA039","TOR_20260913_1",2026-09-13,1,0.199918296609589
3,"M3_context_behavior","TOR_20260908_1_PA001","TOR_20260908_1",2026-09-08,0,0.208661706590899
3,"M3_context_behavior","TOR_20260908_1_PA002","TOR_20260908_1",2026-09-08,0,0.20766643058527
3,"M3_context_behavior","TOR_20260908_1_PA003","TOR_20260908_1",2026-09-08,1,0.255188865472579
3,"M3_context_behavior","TOR_20260908_1_PA004","TOR_20260908_1",2026-09-08,1,0.177051072487674
3,"M3_context_behavior","TOR_20260908_1_PA005","TOR_20260908_1",2026-09-08,0,0.130020724934121
3,"M3_context_behavior","TOR_20260908_1_PA006","TOR_20260908_1",2026-09-08,0,0.222955742130522
3,"M3_context_behavior","TOR_20260908_1_PA007","TOR_20260908_1",2026-09-08,0,0.184285823033906
3,"M3_context_behavior","TOR_20260908_1_PA008","TOR_20260908_1",2026-09-08,0,0.133881266336231
3,"M3_context_behavior","TOR_20260908_1_PA009","TOR_20260908_1",2026-09-08,0,0.279919493091576
3,"M3_context_behavior","TOR_20260908_1_PA010","TOR_20260908_1",2026-09-08,0,0.186975393513429
3,"M3_context_behavior","TOR_20260908_1_PA011","TOR_20260908_1",2026-09-08,0,0.181760558049192
3,"M3_context_behavior","TOR_20260908_1_PA012","TOR_20260908_1",2026-09-08,0,0.224739089075564
3,"M3_context_behavior","TOR_20260908_1_PA013","TOR_20260908_1",2026-09-08,0,0.204994382461928
3,"M3_context_behavior","TOR_20260908_1_PA014","TOR_20260908_1",2026-09-08,0,0.223823012291524
3,"M3_context_behavior","TOR_20260908_1_PA015","TOR_20260908_1",2026-09-08,0,0.185707660879078
3,"M3_context_behavior","TOR_20260908_1_PA016","TOR_20260908_1",2026-09-08,0,0.154873329172732
3,"M3_context_behavior","TOR_20260908_1_PA017","TOR_20260908_1",2026-09-08,1,0.187371725176395
3,"M3_context_behavior","TOR_20260908_1_PA018","TOR_20260908_1",2026-09-08,0,0.207407484714329
3,"M3_context_behavior","TOR_20260908_1_PA019","TOR_20260908_1",2026-09-08,0,0.182711548914466
3,"M3_context_behavior","TOR_20260908_1_PA020","TOR_20260908_1",2026-09-08,0,0.21219064607126
3,"M3_context_behavior","TOR_20260908_1_PA021","TOR_20260908_1",2026-09-08,0,0.150164197945554
3,"M3_context_behavior","TOR_20260908_1_PA022","TOR_20260908_1",2026-09-08,0,0.111265910406715
3,"M3_context_behavior","TOR_20260908_1_PA023","TOR_20260908_1",2026-09-08,0,0.129111312261089
3,"M3_context_behavior","TOR_20260908_1_PA024","TOR_20260908_1",2026-09-08,0,0.149775517688315
3,"M3_context_behavior","TOR_20260908_1_PA025","TOR_20260908_1",2026-09-08,0,0.19808744630836
3,"M3_context_behavior","TOR_20260908_1_PA026","TOR_20260908_1",2026-09-08,0,0.217857397742815
3,"M3_context_behavior","TOR_20260908_1_PA027","TOR_20260908_1",2026-09-08,0,0.127267670463148
3,"M3_context_behavior","TOR_20260908_1_PA028","TOR_20260908_1",2026-09-08,1,0.180865406314184
3,"M3_context_behavior","TOR_20260908_1_PA029","TOR_20260908_1",2026-09-08,0,0.114203318548024
3,"M3_context_behavior","TOR_20260908_1_PA030","TOR_20260908_1",2026-09-08,0,0.181386207300304
3,"M3_context_behavior","TOR_20260908_1_PA031","TOR_20260908_1",2026-09-08,0,0.192302584692794
3,"M3_context_behavior","TOR_20260908_1_PA032","TOR_20260908_1",2026-09-08,1,0.14950244893004
3,"M3_context_behavior","TOR_20260908_1_PA033","TOR_20260908_1",2026-09-08,0,0.216527363081491
3,"M3_context_behavior","TOR_20260908_1_PA034","TOR_20260908_1",2026-09-08,0,0.177521336427734
3,"M3_context_behavior","TOR_20260908_1_PA035","TOR_20260908_1",2026-09-08,1,0.219743944593879
3,"M3_context_behavior","TOR_20260908_1_PA036","TOR_20260908_1",2026-09-08,0,0.16946684328625
3,"M3_context_behavior","TOR_20260909_1_PA001","TOR_20260909_1",2026-09-09,0,0.208661706590899
3,"M3_context_behavior","TOR_20260909_1_PA002","TOR_20260909_1",2026-09-09,1,0.244804337830721
3,"M3_context_behavior","TOR_20260909_1_PA003","TOR_20260909_1",2026-09-09,0,0.134606415098131
3,"M3_context_behavior","TOR_20260909_1_PA004","TOR_20260909_1",2026-09-09,0,0.169754450396128
3,"M3_context_behavior","TOR_20260909_1_PA005","TOR_20260909_1",2026-09-09,1,0.264849152886332
3,"M3_context_behavior","TOR_20260909_1_PA006","TOR_20260909_1",2026-09-09,0,0.184285823033906
3,"M3_context_behavior","TOR_20260909_1_PA007","TOR_20260909_1",2026-09-09,0,0.179169426886808
3,"M3_context_behavior","TOR_20260909_1_PA008","TOR_20260909_1",2026-09-09,0,0.198822854714035
3,"M3_context_behavior","TOR_20260909_1_PA009","TOR_20260909_1",2026-09-09,0,0.214039080685941
3,"M3_context_behavior","TOR_20260909_1_PA010","TOR_20260909_1",2026-09-09,0,0.243845194168539
3,"M3_context_behavior","TOR_20260909_1_PA011","TOR_20260909_1",2026-09-09,0,0.219520693326032
3,"M3_context_behavior","TOR_20260909_1_PA012","TOR_20260909_1",2026-09-09,0,0.201181739420198
3,"M3_context_behavior","TOR_20260909_1_PA013","TOR_20260909_1",2026-09-09,0,0.134060565984586
3,"M3_context_behavior","TOR_20260909_1_PA014","TOR_20260909_1",2026-09-09,1,0.134060565984586
3,"M3_context_behavior","TOR_20260909_1_PA015","TOR_20260909_1",2026-09-09,0,0.227270441854827
3,"M3_context_behavior","TOR_20260909_1_PA016","TOR_20260909_1",2026-09-09,0,0.175868953630157
3,"M3_context_behavior","TOR_20260909_1_PA017","TOR_20260909_1",2026-09-09,1,0.138091284293199
3,"M3_context_behavior","TOR_20260909_1_PA018","TOR_20260909_1",2026-09-09,1,0.180989222940349
3,"M3_context_behavior","TOR_20260909_1_PA019","TOR_20260909_1",2026-09-09,0,0.189466425497131
3,"M3_context_behavior","TOR_20260909_1_PA020","TOR_20260909_1",2026-09-09,0,0.16535036768188
3,"M3_context_behavior","TOR_20260909_1_PA021","TOR_20260909_1",2026-09-09,0,0.125206804164194
3,"M3_context_behavior","TOR_20260909_1_PA022","TOR_20260909_1",2026-09-09,0,0.156163262565116
3,"M3_context_behavior","TOR_20260909_1_PA023","TOR_20260909_1",2026-09-09,0,0.254658788024927
3,"M3_context_behavior","TOR_20260909_1_PA024","TOR_20260909_1",2026-09-09,0,0.236707653619735
3,"M3_context_behavior","TOR_20260909_1_PA025","TOR_20260909_1",2026-09-09,0,0.132845469923472
3,"M3_context_behavior","TOR_20260909_1_PA026","TOR_20260909_1",2026-09-09,1,0.147637556804488
3,"M3_context_behavior","TOR_20260909_1_PA027","TOR_20260909_1",2026-09-09,1,0.21591380342919
3,"M3_context_behavior","TOR_20260909_1_PA028","TOR_20260909_1",2026-09-09,0,0.183429097358511
3,"M3_context_behavior","TOR_20260909_1_PA029","TOR_20260909_1",2026-09-09,0,0.165080695913471
3,"M3_context_behavior","TOR_20260909_1_PA030","TOR_20260909_1",2026-09-09,0,0.247732214313477
3,"M3_context_behavior","TOR_20260909_1_PA031","TOR_20260909_1",2026-09-09,1,0.105812417955606
3,"M3_context_behavior","TOR_20260909_1_PA032","TOR_20260909_1",2026-09-09,1,0.217982111283927
3,"M3_context_behavior","TOR_20260909_1_PA033","TOR_20260909_1",2026-09-09,0,0.183544861711362
3,"M3_context_behavior","TOR_20260909_1_PA034","TOR_20260909_1",2026-09-09,0,0.169168380963743
3,"M3_context_behavior","TOR_20260911_1_PA001","TOR_20260911_1",2026-09-11,1,0.163580461422942
3,"M3_context_behavior","TOR_20260911_1_PA002","TOR_20260911_1",2026-09-11,0,0.160766532488035
3,"M3_context_behavior","TOR_20260911_1_PA003","TOR_20260911_1",2026-09-11,0,0.249560387435591
3,"M3_context_behavior","TOR_20260911_1_PA004","TOR_20260911_1",2026-09-11,0,0.105555268336349
3,"M3_context_behavior","TOR_20260911_1_PA005","TOR_20260911_1",2026-09-11,1,0.147004701169243
3,"M3_context_behavior","TOR_20260911_1_PA006","TOR_20260911_1",2026-09-11,0,0.19073067805606
3,"M3_context_behavior","TOR_20260911_1_PA007","TOR_20260911_1",2026-09-11,0,0.182959251719209
3,"M3_context_behavior","TOR_20260911_1_PA008","TOR_20260911_1",2026-09-11,0,0.240362439103947
3,"M3_context_behavior","TOR_20260911_1_PA009","TOR_20260911_1",2026-09-11,0,0.162833880340366
3,"M3_context_behavior","TOR_20260911_1_PA010","TOR_20260911_1",2026-09-11,0,0.181131090763498
3,"M3_context_behavior","TOR_20260911_1_PA011","TOR_20260911_1",2026-09-11,0,0.182028408551219
3,"M3_context_behavior","TOR_20260911_1_PA012","TOR_20260911_1",2026-09-11,1,0.145288940859697
3,"M3_context_behavior","TOR_20260911_1_PA013","TOR_20260911_1",2026-09-11,0,0.101355897972737
3,"M3_context_behavior","TOR_20260911_1_PA014","TOR_20260911_1",2026-09-11,0,0.10811798050627
3,"M3_context_behavior","TOR_20260911_1_PA015","TOR_20260911_1",2026-09-11,0,0.205287881304134
3,"M3_context_behavior","TOR_20260911_1_PA016","TOR_20260911_1",2026-09-11,1,0.18465158488952
3,"M3_context_behavior","TOR_20260911_1_PA017","TOR_20260911_1",2026-09-11,0,0.160134230044932
3,"M3_context_behavior","TOR_20260911_1_PA018","TOR_20260911_1",2026-09-11,0,0.18465158488952
3,"M3_context_behavior","TOR_20260911_1_PA019","TOR_20260911_1",2026-09-11,0,0.192451191486158
3,"M3_context_behavior","TOR_20260911_1_PA020","TOR_20260911_1",2026-09-11,0,0.172428038477695
3,"M3_context_behavior","TOR_20260911_1_PA021","TOR_20260911_1",2026-09-11,0,0.13434306056314
3,"M3_context_behavior","TOR_20260911_1_PA022","TOR_20260911_1",2026-09-11,1,0.10837627857756
3,"M3_context_behavior","TOR_20260911_1_PA023","TOR_20260911_1",2026-09-11,0,0.186998956274324
3,"M3_context_behavior","TOR_20260911_1_PA024","TOR_20260911_1",2026-09-11,0,0.173291365659995
3,"M3_context_behavior","TOR_20260911_1_PA025","TOR_20260911_1",2026-09-11,1,0.10776803132942
3,"M3_context_behavior","TOR_20260911_1_PA026","TOR_20260911_1",2026-09-11,0,0.138017781097008
3,"M3_context_behavior","TOR_20260911_1_PA027","TOR_20260911_1",2026-09-11,0,0.159384315523107
3,"M3_context_behavior","TOR_20260911_1_PA028","TOR_20260911_1",2026-09-11,0,0.152646418201295
3,"M3_context_behavior","TOR_20260911_1_PA029","TOR_20260911_1",2026-09-11,0,0.182619327450541
3,"M3_context_behavior","TOR_20260911_1_PA030","TOR_20260911_1",2026-09-11,1,0.22783361076358
3,"M3_context_behavior","TOR_20260911_1_PA031","TOR_20260911_1",2026-09-11,0,0.111545358369375
3,"M3_context_behavior","TOR_20260911_1_PA032","TOR_20260911_1",2026-09-11,0,0.144621090345988
3,"M3_context_behavior","TOR_20260911_1_PA033","TOR_20260911_1",2026-09-11,1,0.172509605032176
3,"M3_context_behavior","TOR_20260911_1_PA034","TOR_20260911_1",2026-09-11,1,0.171323153019455
3,"M3_context_behavior","TOR_20260911_1_PA035","TOR_20260911_1",2026-09-11,0,0.159358363253794
3,"M3_context_behavior","TOR_20260911_1_PA036","TOR_20260911_1",2026-09-11,0,0.16488914905889
3,"M3_context_behavior","TOR_20260911_1_PA037","TOR_20260911_1",2026-09-11,0,0.114140846599895
3,"M3_context_behavior","TOR_20260911_1_PA038","TOR_20260911_1",2026-09-11,0,0.142910112792365
3,"M3_context_behavior","TOR_20260911_1_PA039","TOR_20260911_1",2026-09-11,0,0.127199078230485
3,"M3_context_behavior","TOR_20260911_1_PA040","TOR_20260911_1",2026-09-11,0,0.0971116966993195
3,"M3_context_behavior","TOR_20260912_1_PA001","TOR_20260912_1",2026-09-12,0,0.163580461422942
3,"M3_context_behavior","TOR_20260912_1_PA002","TOR_20260912_1",2026-09-12,0,0.201157614211598
3,"M3_context_behavior","TOR_20260912_1_PA003","TOR_20260912_1",2026-09-12,0,0.12576557052841
3,"M3_context_behavior","TOR_20260912_1_PA004","TOR_20260912_1",2026-09-12,0,0.117734952152342
3,"M3_context_behavior","TOR_20260912_1_PA005","TOR_20260912_1",2026-09-12,0,0.136864521319852
3,"M3_context_behavior","TOR_20260912_1_PA006","TOR_20260912_1",2026-09-12,0,0.19073067805606
3,"M3_context_behavior","TOR_20260912_1_PA007","TOR_20260912_1",2026-09-12,1,0.135262611542954
3,"M3_context_behavior","TOR_20260912_1_PA008","TOR_20260912_1",2026-09-12,0,0.211869821808277
3,"M3_context_behavior","TOR_20260912_1_PA009","TOR_20260912_1",2026-09-12,0,0.11140446629624
3,"M3_context_behavior","TOR_20260912_1_PA010","TOR_20260912_1",2026-09-12,0,0.168042763597923
3,"M3_context_behavior","TOR_20260912_1_PA011","TOR_20260912_1",2026-09-12,0,0.169667411194147
3,"M3_context_behavior","TOR_20260912_1_PA012","TOR_20260912_1",2026-09-12,1,0.181131090763498
3,"M3_context_behavior","TOR_20260912_1_PA013","TOR_20260912_1",2026-09-12,0,0.145716712019594
3,"M3_context_behavior","TOR_20260912_1_PA014","TOR_20260912_1",2026-09-12,0,0.127423295851389
3,"M3_context_behavior","TOR_20260912_1_PA015","TOR_20260912_1",2026-09-12,0,0.187672204544618
3,"M3_context_behavior","TOR_20260912_1_PA016","TOR_20260912_1",2026-09-12,0,0.147163691320593
3,"M3_context_behavior","TOR_20260912_1_PA017","TOR_20260912_1",2026-09-12,0,0.146732401963118
3,"M3_context_behavior","TOR_20260912_1_PA018","TOR_20260912_1",2026-09-12,1,0.144941734701113
3,"M3_context_behavior","TOR_20260912_1_PA019","TOR_20260912_1",2026-09-12,0,0.17819265719416
3,"M3_context_behavior","TOR_20260912_1_PA020","TOR_20260912_1",2026-09-12,1,0.166877050225254
3,"M3_context_behavior","TOR_20260912_1_PA021","TOR_20260912_1",2026-09-12,1,0.170334405394039
3,"M3_context_behavior","TOR_20260912_1_PA022","TOR_20260912_1",2026-09-12,1,0.166984504571752
3,"M3_context_behavior","TOR_20260912_1_PA023","TOR_20260912_1",2026-09-12,1,0.127713224083249
3,"M3_context_behavior","TOR_20260912_1_PA024","TOR_20260912_1",2026-09-12,0,0.188765290890178
3,"M3_context_behavior","TOR_20260912_1_PA025","TOR_20260912_1",2026-09-12,0,0.145264887100212
3,"M3_context_behavior","TOR_20260912_1_PA026","TOR_20260912_1",2026-09-12,0,0.170344409535494
3,"M3_context_behavior","TOR_20260912_1_PA027","TOR_20260912_1",2026-09-12,0,0.103750900413214
3,"M3_context_behavior","TOR_20260912_1_PA028","TOR_20260912_1",2026-09-12,1,0.15591501838708
3,"M3_context_behavior","TOR_20260912_1_PA029","TOR_20260912_1",2026-09-12,0,0.138017781097008
3,"M3_context_behavior","TOR_20260912_1_PA030","TOR_20260912_1",2026-09-12,0,0.113536600181267
3,"M3_context_behavior","TOR_20260912_1_PA031","TOR_20260912_1",2026-09-12,0,0.175815696923455
3,"M3_context_behavior","TOR_20260912_1_PA032","TOR_20260912_1",2026-09-12,0,0.113536600181267
3,"M3_context_behavior","TOR_20260912_1_PA033","TOR_20260912_1",2026-09-12,0,0.137026046202246
3,"M3_context_behavior","TOR_20260912_1_PA034","TOR_20260912_1",2026-09-12,0,0.0872789344992754
3,"M3_context_behavior","TOR_20260912_1_PA035","TOR_20260912_1",2026-09-12,1,0.137026046202246
3,"M3_context_behavior","TOR_20260912_1_PA036","TOR_20260912_1",2026-09-12,0,0.135335044122284
3,"M3_context_behavior","TOR_20260912_1_PA037","TOR_20260912_1",2026-09-12,1,0.150085387579423
3,"M3_context_behavior","TOR_20260912_1_PA038","TOR_20260912_1",2026-09-12,0,0.214385518594417
3,"M3_context_behavior","TOR_20260912_1_PA039","TOR_20260912_1",2026-09-12,0,0.129429052360049
3,"M3_context_behavior","TOR_20260913_1_PA001","TOR_20260913_1",2026-09-13,0,0.163580461422942
3,"M3_context_behavior","TOR_20260913_1_PA002","TOR_20260913_1",2026-09-13,0,0.201157614211598
3,"M3_context_behavior","TOR_20260913_1_PA003","TOR_20260913_1",2026-09-13,0,0.168342993654612
3,"M3_context_behavior","TOR_20260913_1_PA004","TOR_20260913_1",2026-09-13,0,0.293007850513814
3,"M3_context_behavior","TOR_20260913_1_PA005","TOR_20260913_1",2026-09-13,0,0.136872883995342
3,"M3_context_behavior","TOR_20260913_1_PA006","TOR_20260913_1",2026-09-13,0,0.224165771296593
3,"M3_context_behavior","TOR_20260913_1_PA007","TOR_20260913_1",2026-09-13,0,0.160870811946048
3,"M3_context_behavior","TOR_20260913_1_PA008","TOR_20260913_1",2026-09-13,1,0.127734805870239
3,"M3_context_behavior","TOR_20260913_1_PA009","TOR_20260913_1",2026-09-13,0,0.170062067176033
3,"M3_context_behavior","TOR_20260913_1_PA010","TOR_20260913_1",2026-09-13,0,0.168042763597923
3,"M3_context_behavior","TOR_20260913_1_PA011","TOR_20260913_1",2026-09-13,1,0.211998875440234
3,"M3_context_behavior","TOR_20260913_1_PA012","TOR_20260913_1",2026-09-13,0,0.187672204544618
3,"M3_context_behavior","TOR_20260913_1_PA013","TOR_20260913_1",2026-09-13,0,0.136558010252971
3,"M3_context_behavior","TOR_20260913_1_PA014","TOR_20260913_1",2026-09-13,1,0.165660278541151
3,"M3_context_behavior","TOR_20260913_1_PA015","TOR_20260913_1",2026-09-13,0,0.18465158488952
3,"M3_context_behavior","TOR_20260913_1_PA016","TOR_20260913_1",2026-09-13,0,0.204304543097354
3,"M3_context_behavior","TOR_20260913_1_PA017","TOR_20260913_1",2026-09-13,1,0.18465158488952
3,"M3_context_behavior","TOR_20260913_1_PA018","TOR_20260913_1",2026-09-13,0,0.164414832063497
3,"M3_context_behavior","TOR_20260913_1_PA019","TOR_20260913_1",2026-09-13,1,0.181215872768997
3,"M3_context_behavior","TOR_20260913_1_PA020","TOR_20260913_1",2026-09-13,0,0.164123509004001
3,"M3_context_behavior","TOR_20260913_1_PA021","TOR_20260913_1",2026-09-13,0,0.176166301569448
3,"M3_context_behavior","TOR_20260913_1_PA022","TOR_20260913_1",2026-09-13,0,0.136678665593836
3,"M3_context_behavior","TOR_20260913_1_PA023","TOR_20260913_1",2026-09-13,0,0.164414832063497
3,"M3_context_behavior","TOR_20260913_1_PA024","TOR_20260913_1",2026-09-13,0,0.204893733619452
3,"M3_context_behavior","TOR_20260913_1_PA025","TOR_20260913_1",2026-09-13,0,0.185614270610814
3,"M3_context_behavior","TOR_20260913_1_PA026","TOR_20260913_1",2026-09-13,0,0.198858822736934
3,"M3_context_behavior","TOR_20260913_1_PA027","TOR_20260913_1",2026-09-13,0,0.175815696923455
3,"M3_context_behavior","TOR_20260913_1_PA028","TOR_20260913_1",2026-09-13,0,0.152646418201295
3,"M3_context_behavior","TOR_20260913_1_PA029","TOR_20260913_1",2026-09-13,0,0.170453639763484
3,"M3_context_behavior","TOR_20260913_1_PA030","TOR_20260913_1",2026-09-13,0,0.13204126274305
3,"M3_context_behavior","TOR_20260913_1_PA031","TOR_20260913_1",2026-09-13,0,0.135662888749646
3,"M3_context_behavior","TOR_20260913_1_PA032","TOR_20260913_1",2026-09-13,0,0.144621090345988
3,"M3_context_behavior","TOR_20260913_1_PA033","TOR_20260913_1",2026-09-13,0,0.111545358369375
3,"M3_context_behavior","TOR_20260913_1_PA034","TOR_20260913_1",2026-09-13,0,0.135086916854382
3,"M3_context_behavior","TOR_20260913_1_PA035","TOR_20260913_1",2026-09-13,0,0.167652959207673
3,"M3_context_behavior","TOR_20260913_1_PA036","TOR_20260913_1",2026-09-13,0,0.120830965205419
3,"M3_context_behavior","TOR_20260913_1_PA037","TOR_20260913_1",2026-09-13,0,0.103993385745951
3,"M3_context_behavior","TOR_20260913_1_PA038","TOR_20260913_1",2026-09-13,0,0.116172363117187
3,"M3_context_behavior","TOR_20260913_1_PA039","TOR_20260913_1",2026-09-13,1,0.144195992639285
1,"M4_ridge_player_context","TOR_20260828_1_PA001","TOR_20260828_1",2026-08-28,0,0.29555432180105
1,"M4_ridge_player_context","TOR_20260828_1_PA002","TOR_20260828_1",2026-08-28,0,0.27107986084993
1,"M4_ridge_player_context","TOR_20260828_1_PA003","TOR_20260828_1",2026-08-28,0,0.0768937669294557
1,"M4_ridge_player_context","TOR_20260828_1_PA004","TOR_20260828_1",2026-08-28,0,0.239550702251445
1,"M4_ridge_player_context","TOR_20260828_1_PA005","TOR_20260828_1",2026-08-28,0,0.440949007705554
1,"M4_ridge_player_context","TOR_20260828_1_PA006","TOR_20260828_1",2026-08-28,0,0.260572961378762
1,"M4_ridge_player_context","TOR_20260828_1_PA007","TOR_20260828_1",2026-08-28,0,0.130802436895631
1,"M4_ridge_player_context","TOR_20260828_1_PA008","TOR_20260828_1",2026-08-28,0,0.135861708010962
1,"M4_ridge_player_context","TOR_20260828_1_PA009","TOR_20260828_1",2026-08-28,0,0.316651650814587
1,"M4_ridge_player_context","TOR_20260828_1_PA010","TOR_20260828_1",2026-08-28,0,0.279469464501454
1,"M4_ridge_player_context","TOR_20260828_1_PA011","TOR_20260828_1",2026-08-28,0,0.255843220940976
1,"M4_ridge_player_context","TOR_20260828_1_PA012","TOR_20260828_1",2026-08-28,0,0.0761859622924715
1,"M4_ridge_player_context","TOR_20260828_1_PA013","TOR_20260828_1",2026-08-28,0,0.237731239036523
1,"M4_ridge_player_context","TOR_20260828_1_PA014","TOR_20260828_1",2026-08-28,0,0.40266243090892
1,"M4_ridge_player_context","TOR_20260828_1_PA015","TOR_20260828_1",2026-08-28,0,0.231463638268924
1,"M4_ridge_player_context","TOR_20260828_1_PA016","TOR_20260828_1",2026-08-28,0,0.121059757078803
1,"M4_ridge_player_context","TOR_20260828_1_PA017","TOR_20260828_1",2026-08-28,0,0.125796732064557
1,"M4_ridge_player_context","TOR_20260828_1_PA018","TOR_20260828_1",2026-08-28,0,0.283681075971353
1,"M4_ridge_player_context","TOR_20260828_1_PA019","TOR_20260828_1",2026-08-28,1,0.234566479726426
1,"M4_ridge_player_context","TOR_20260828_1_PA020","TOR_20260828_1",2026-08-28,0,0.21361091848789
1,"M4_ridge_player_context","TOR_20260828_1_PA021","TOR_20260828_1",2026-08-28,0,0.0658408750922274
1,"M4_ridge_player_context","TOR_20260828_1_PA022","TOR_20260828_1",2026-08-28,0,0.210447388212853
1,"M4_ridge_player_context","TOR_20260828_1_PA023","TOR_20260828_1",2026-08-28,0,0.400256159467347
1,"M4_ridge_player_context","TOR_20260828_1_PA024","TOR_20260828_1",2026-08-28,0,0.216087271227552
1,"M4_ridge_player_context","TOR_20260828_1_PA025","TOR_20260828_1",2026-08-28,0,0.105316021154871
1,"M4_ridge_player_context","TOR_20260828_1_PA026","TOR_20260828_1",2026-08-28,0,0.109513712933123
1,"M4_ridge_player_context","TOR_20260828_1_PA027","TOR_20260828_1",2026-08-28,0,0.252873106669993
1,"M4_ridge_player_context","TOR_20260828_1_PA028","TOR_20260828_1",2026-08-28,0,0.220760591090183
1,"M4_ridge_player_context","TOR_20260828_1_PA029","TOR_20260828_1",2026-08-28,0,0.176694653616492
1,"M4_ridge_player_context","TOR_20260828_1_PA030","TOR_20260828_1",2026-08-28,0,0.052749238912112
1,"M4_ridge_player_context","TOR_20260828_1_PA031","TOR_20260828_1",2026-08-28,0,0.173956904879129
1,"M4_ridge_player_context","TOR_20260828_1_PA032","TOR_20260828_1",2026-08-28,0,0.155101706032131
1,"M4_ridge_player_context","TOR_20260828_1_PA033","TOR_20260828_1",2026-08-28,0,0.168997901048777
1,"M4_ridge_player_context","TOR_20260828_1_PA034","TOR_20260828_1",2026-08-28,1,0.0799052062824103
1,"M4_ridge_player_context","TOR_20260828_1_PA035","TOR_20260828_1",2026-08-28,1,0.083184240995963
1,"M4_ridge_player_context","TOR_20260828_1_PA036","TOR_20260828_1",2026-08-28,0,0.224362955170563
1,"M4_ridge_player_context","TOR_20260828_1_PA037","TOR_20260828_1",2026-08-28,0,0.194926362878215
1,"M4_ridge_player_context","TOR_20260828_1_PA038","TOR_20260828_1",2026-08-28,0,0.176694653616492
1,"M4_ridge_player_context","TOR_20260829_1_PA001","TOR_20260829_1",2026-08-29,1,0.29555432180105
1,"M4_ridge_player_context","TOR_20260829_1_PA002","TOR_20260829_1",2026-08-29,0,0.0762588643173255
1,"M4_ridge_player_context","TOR_20260829_1_PA003","TOR_20260829_1",2026-08-29,0,0.0880033693501711
1,"M4_ridge_player_context","TOR_20260829_1_PA004","TOR_20260829_1",2026-08-29,0,0.252254869420346
1,"M4_ridge_player_context","TOR_20260829_1_PA005","TOR_20260829_1",2026-08-29,0,0.273990316665857
1,"M4_ridge_player_context","TOR_20260829_1_PA006","TOR_20260829_1",2026-08-29,0,0.379809040999087
1,"M4_ridge_player_context","TOR_20260829_1_PA007","TOR_20260829_1",2026-08-29,0,0.144108987153473
1,"M4_ridge_player_context","TOR_20260829_1_PA008","TOR_20260829_1",2026-08-29,0,0.340102515270943
1,"M4_ridge_player_context","TOR_20260829_1_PA009","TOR_20260829_1",2026-08-29,0,0.239504873505471
1,"M4_ridge_player_context","TOR_20260829_1_PA010","TOR_20260829_1",2026-08-29,0,0.263932012488078
1,"M4_ridge_player_context","TOR_20260829_1_PA011","TOR_20260829_1",2026-08-29,1,0.0659045841504105
1,"M4_ridge_player_context","TOR_20260829_1_PA012","TOR_20260829_1",2026-08-29,0,0.0708391694454452
1,"M4_ridge_player_context","TOR_20260829_1_PA013","TOR_20260829_1",2026-08-29,0,0.223793542228437
1,"M4_ridge_player_context","TOR_20260829_1_PA014","TOR_20260829_1",2026-08-29,0,0.217788411763694
1,"M4_ridge_player_context","TOR_20260829_1_PA015","TOR_20260829_1",2026-08-29,0,0.311205497824028
1,"M4_ridge_player_context","TOR_20260829_1_PA016","TOR_20260829_1",2026-08-29,0,0.110494114715027
1,"M4_ridge_player_context","TOR_20260829_1_PA017","TOR_20260829_1",2026-08-29,1,0.305782810370441
1,"M4_ridge_player_context","TOR_20260829_1_PA018","TOR_20260829_1",2026-08-29,0,0.212074099006658
1,"M4_ridge_player_context","TOR_20260829_1_PA019","TOR_20260829_1",2026-08-29,0,0.234566479726426
1,"M4_ridge_player_context","TOR_20260829_1_PA020","TOR_20260829_1",2026-08-29,1,0.0494771489843311
1,"M4_ridge_player_context","TOR_20260829_1_PA021","TOR_20260829_1",2026-08-29,0,0.0573531333594315
1,"M4_ridge_player_context","TOR_20260829_1_PA022","TOR_20260829_1",2026-08-29,0,0.187050691813414
1,"M4_ridge_player_context","TOR_20260829_1_PA023","TOR_20260829_1",2026-08-29,0,0.204705933631985
1,"M4_ridge_player_context","TOR_20260829_1_PA024","TOR_20260829_1",2026-08-29,0,0.309062985003326
1,"M4_ridge_player_context","TOR_20260829_1_PA025","TOR_20260829_1",2026-08-29,0,0.109513712933123
1,"M4_ridge_player_context","TOR_20260829_1_PA026","TOR_20260829_1",2026-08-29,0,0.289369955077835
1,"M4_ridge_player_context","TOR_20260829_1_PA027","TOR_20260829_1",2026-08-29,0,0.176817061331328
1,"M4_ridge_player_context","TOR_20260829_1_PA028","TOR_20260829_1",2026-08-29,0,0.196502673413178
1,"M4_ridge_player_context","TOR_20260829_1_PA029","TOR_20260829_1",2026-08-29,0,0.0459116462947434
1,"M4_ridge_player_context","TOR_20260829_1_PA030","TOR_20260829_1",2026-08-29,0,0.0532518562004075
1,"M4_ridge_player_context","TOR_20260829_1_PA031","TOR_20260829_1",2026-08-29,0,0.185532695618532
1,"M4_ridge_player_context","TOR_20260829_1_PA032","TOR_20260829_1",2026-08-29,1,0.203080449921201
1,"M4_ridge_player_context","TOR_20260829_1_PA033","TOR_20260829_1",2026-08-29,0,0.363207336678817
1,"M4_ridge_player_context","TOR_20260829_1_PA034","TOR_20260829_1",2026-08-29,1,0.0951090504763017
1,"M4_ridge_player_context","TOR_20260829_1_PA035","TOR_20260829_1",2026-08-29,0,0.176694653616492
1,"M4_ridge_player_context","TOR_20260829_1_PA036","TOR_20260829_1",2026-08-29,0,0.175364200342938
1,"M4_ridge_player_context","TOR_20260830_1_PA001","TOR_20260830_1",2026-08-30,0,0.29555432180105
1,"M4_ridge_player_context","TOR_20260830_1_PA002","TOR_20260830_1",2026-08-30,0,0.0880033693501711
1,"M4_ridge_player_context","TOR_20260830_1_PA003","TOR_20260830_1",2026-08-30,0,0.0762588643173255
1,"M4_ridge_player_context","TOR_20260830_1_PA004","TOR_20260830_1",2026-08-30,1,0.267354583911645
1,"M4_ridge_player_context","TOR_20260830_1_PA005","TOR_20260830_1",2026-08-30,0,0.27107986084993
1,"M4_ridge_player_context","TOR_20260830_1_PA006","TOR_20260830_1",2026-08-30,0,0.289886695508838
1,"M4_ridge_player_context","TOR_20260830_1_PA007","TOR_20260830_1",2026-08-30,1,0.138791927403928
1,"M4_ridge_player_context","TOR_20260830_1_PA008","TOR_20260830_1",2026-08-30,0,0.379809040999087
1,"M4_ridge_player_context","TOR_20260830_1_PA009","TOR_20260830_1",2026-08-30,0,0.254100739652218
1,"M4_ridge_player_context","TOR_20260830_1_PA010","TOR_20260830_1",2026-08-30,1,0.263932012488078
1,"M4_ridge_player_context","TOR_20260830_1_PA011","TOR_20260830_1",2026-08-30,0,0.0761859622924715
1,"M4_ridge_player_context","TOR_20260830_1_PA012","TOR_20260830_1",2026-08-30,0,0.0659045841504105
1,"M4_ridge_player_context","TOR_20260830_1_PA013","TOR_20260830_1",2026-08-30,0,0.237731239036523
1,"M4_ridge_player_context","TOR_20260830_1_PA014","TOR_20260830_1",2026-08-30,0,0.215297918224473
1,"M4_ridge_player_context","TOR_20260830_1_PA015","TOR_20260830_1",2026-08-30,0,0.243876464891793
1,"M4_ridge_player_context","TOR_20260830_1_PA016","TOR_20260830_1",2026-08-30,0,0.121059757078803
1,"M4_ridge_player_context","TOR_20260830_1_PA017","TOR_20260830_1",2026-08-30,0,0.343568643303385
1,"M4_ridge_player_context","TOR_20260830_1_PA018","TOR_20260830_1",2026-08-30,0,0.212074099006658
1,"M4_ridge_player_context","TOR_20260830_1_PA019","TOR_20260830_1",2026-08-30,0,0.234566479726426
1,"M4_ridge_player_context","TOR_20260830_1_PA020","TOR_20260830_1",2026-08-30,0,0.0573531333594315
1,"M4_ridge_player_context","TOR_20260830_1_PA021","TOR_20260830_1",2026-08-30,0,0.0494771489843311
1,"M4_ridge_player_context","TOR_20260830_1_PA022","TOR_20260830_1",2026-08-30,1,0.187050691813414
1,"M4_ridge_player_context","TOR_20260830_1_PA023","TOR_20260830_1",2026-08-30,1,0.200714989792956
1,"M4_ridge_player_context","TOR_20260830_1_PA024","TOR_20260830_1",2026-08-30,0,0.216087271227552
1,"M4_ridge_player_context","TOR_20260830_1_PA025","TOR_20260830_1",2026-08-30,0,0.105316021154871
1,"M4_ridge_player_context","TOR_20260830_1_PA026","TOR_20260830_1",2026-08-30,0,0.309062985003326
1,"M4_ridge_player_context","TOR_20260830_1_PA027","TOR_20260830_1",2026-08-30,0,0.1870124368923
1,"M4_ridge_player_context","TOR_20260830_1_PA028","TOR_20260830_1",2026-08-30,0,0.20754694719574
1,"M4_ridge_player_context","TOR_20260830_1_PA029","TOR_20260830_1",2026-08-30,0,0.0568141291645636
1,"M4_ridge_player_context","TOR_20260830_1_PA030","TOR_20260830_1",2026-08-30,0,0.0425915734008917
1,"M4_ridge_player_context","TOR_20260830_1_PA031","TOR_20260830_1",2026-08-30,0,0.173956904879129
1,"M4_ridge_player_context","TOR_20260830_1_PA032","TOR_20260830_1",2026-08-30,0,0.156307570445154
1,"M4_ridge_player_context","TOR_20260830_1_PA033","TOR_20260830_1",2026-08-30,0,0.168997901048777
1,"M4_ridge_player_context","TOR_20260830_1_PA034","TOR_20260830_1",2026-08-30,0,0.0799052062824103
1,"M4_ridge_player_context","TOR_20260830_1_PA035","TOR_20260830_1",2026-08-30,0,0.083184240995963
1,"M4_ridge_player_context","TOR_20260830_1_PA036","TOR_20260830_1",2026-08-30,0,0.155101706032131
1,"M4_ridge_player_context","TOR_20260830_1_PA037","TOR_20260830_1",2026-08-30,0,0.172877408651354
1,"M4_ridge_player_context","TOR_20260830_1_PA038","TOR_20260830_1",2026-08-30,0,0.045866315138669
1,"M4_ridge_player_context","TOR_20260901_1_PA001","TOR_20260901_1",2026-09-01,1,0.251285859914741
1,"M4_ridge_player_context","TOR_20260901_1_PA002","TOR_20260901_1",2026-09-01,1,0.0619482521050007
1,"M4_ridge_player_context","TOR_20260901_1_PA003","TOR_20260901_1",2026-09-01,0,0.071659775859025
1,"M4_ridge_player_context","TOR_20260901_1_PA004","TOR_20260901_1",2026-09-01,0,0.212515337679617
1,"M4_ridge_player_context","TOR_20260901_1_PA005","TOR_20260901_1",2026-09-01,1,0.215701461613077
1,"M4_ridge_player_context","TOR_20260901_1_PA006","TOR_20260901_1",2026-09-01,1,0.231888527796733
1,"M4_ridge_player_context","TOR_20260901_1_PA007","TOR_20260901_1",2026-09-01,0,0.106490237233786
1,"M4_ridge_player_context","TOR_20260901_1_PA008","TOR_20260901_1",2026-09-01,0,0.110728938620491
1,"M4_ridge_player_context","TOR_20260901_1_PA009","TOR_20260901_1",2026-09-01,0,0.201233385988253
1,"M4_ridge_player_context","TOR_20260901_1_PA010","TOR_20260901_1",2026-09-01,1,0.222901272432664
1,"M4_ridge_player_context","TOR_20260901_1_PA011","TOR_20260901_1",2026-09-01,0,0.0495895279109456
1,"M4_ridge_player_context","TOR_20260901_1_PA012","TOR_20260901_1",2026-09-01,0,0.0574823194202309
1,"M4_ridge_player_context","TOR_20260901_1_PA013","TOR_20260901_1",2026-09-01,1,0.187413935177693
1,"M4_ridge_player_context","TOR_20260901_1_PA014","TOR_20260901_1",2026-09-01,0,0.19031467733254
1,"M4_ridge_player_context","TOR_20260901_1_PA015","TOR_20260901_1",2026-09-01,0,0.19258710102987
1,"M4_ridge_player_context","TOR_20260901_1_PA016","TOR_20260901_1",2026-09-01,1,0.0924419773528313
1,"M4_ridge_player_context","TOR_20260901_1_PA017","TOR_20260901_1",2026-09-01,0,0.0961816985443171
1,"M4_ridge_player_context","TOR_20260901_1_PA018","TOR_20260901_1",2026-09-01,1,0.156733763941167
1,"M4_ridge_player_context","TOR_20260901_1_PA019","TOR_20260901_1",2026-09-01,0,0.174657845398559
1,"M4_ridge_player_context","TOR_20260901_1_PA020","TOR_20260901_1",2026-09-01,1,0.0426890152970528
1,"M4_ridge_player_context","TOR_20260901_1_PA021","TOR_20260901_1",2026-09-01,0,0.0495407539333741
1,"M4_ridge_player_context","TOR_20260901_1_PA022","TOR_20260901_1",2026-09-01,1,0.164657469559406
1,"M4_ridge_player_context","TOR_20260901_1_PA023","TOR_20260901_1",2026-09-01,1,0.15662261426511
1,"M4_ridge_player_context","TOR_20260901_1_PA024","TOR_20260901_1",2026-09-01,1,0.169333389106357
1,"M4_ridge_player_context","TOR_20260901_1_PA025","TOR_20260901_1",2026-09-01,1,0.0800808747146087
1,"M4_ridge_player_context","TOR_20260901_1_PA026","TOR_20260901_1",2026-09-01,0,0.0775580460363834
1,"M4_ridge_player_context","TOR_20260901_1_PA027","TOR_20260901_1",2026-09-01,1,0.296668294292343
1,"M4_ridge_player_context","TOR_20260901_1_PA028","TOR_20260901_1",2026-09-01,0,0.162258424188917
1,"M4_ridge_player_context","TOR_20260901_1_PA029","TOR_20260901_1",2026-09-01,0,0.0340331250488076
1,"M4_ridge_player_context","TOR_20260901_1_PA030","TOR_20260901_1",2026-09-01,0,0.0395529639310486
1,"M4_ridge_player_context","TOR_20260901_1_PA031","TOR_20260901_1",2026-09-01,0,0.134751658673154
1,"M4_ridge_player_context","TOR_20260901_1_PA032","TOR_20260901_1",2026-09-01,0,0.136974705567731
1,"M4_ridge_player_context","TOR_20260902_1_PA001","TOR_20260902_1",2026-09-02,0,0.251285859914741
1,"M4_ridge_player_context","TOR_20260902_1_PA002","TOR_20260902_1",2026-09-02,0,0.225955105630501
1,"M4_ridge_player_context","TOR_20260902_1_PA003","TOR_20260902_1",2026-09-02,0,0.071659775859025
1,"M4_ridge_player_context","TOR_20260902_1_PA004","TOR_20260902_1",2026-09-02,1,0.0539333481056189
1,"M4_ridge_player_context","TOR_20260902_1_PA005","TOR_20260902_1",2026-09-02,0,0.21990840582254
1,"M4_ridge_player_context","TOR_20260902_1_PA006","TOR_20260902_1",2026-09-02,0,0.215701461613077
1,"M4_ridge_player_context","TOR_20260902_1_PA007","TOR_20260902_1",2026-09-02,0,0.118701893649673
1,"M4_ridge_player_context","TOR_20260902_1_PA008","TOR_20260902_1",2026-09-02,0,0.114197181051405
1,"M4_ridge_player_context","TOR_20260902_1_PA009","TOR_20260902_1",2026-09-02,0,0.190444337929989
1,"M4_ridge_player_context","TOR_20260902_1_PA010","TOR_20260902_1",2026-09-02,0,0.2112577596155
1,"M4_ridge_player_context","TOR_20260902_1_PA011","TOR_20260902_1",2026-09-02,0,0.188943752648167
1,"M4_ridge_player_context","TOR_20260902_1_PA012","TOR_20260902_1",2026-09-02,0,0.0580272728310644
1,"M4_ridge_player_context","TOR_20260902_1_PA013","TOR_20260902_1",2026-09-02,0,0.0575384387246839
1,"M4_ridge_player_context","TOR_20260902_1_PA014","TOR_20260902_1",2026-09-02,1,0.218195325200515
1,"M4_ridge_player_context","TOR_20260902_1_PA015","TOR_20260902_1",2026-09-02,0,0.20271185794481
1,"M4_ridge_player_context","TOR_20260902_1_PA016","TOR_20260902_1",2026-09-02,0,0.110728938620491
1,"M4_ridge_player_context","TOR_20260902_1_PA017","TOR_20260902_1",2026-09-02,0,0.106490237233786
1,"M4_ridge_player_context","TOR_20260902_1_PA018","TOR_20260902_1",2026-09-02,0,0.178629309409473
1,"M4_ridge_player_context","TOR_20260902_1_PA019","TOR_20260902_1",2026-09-02,0,0.198468040075607
1,"M4_ridge_player_context","TOR_20260902_1_PA020","TOR_20260902_1",2026-09-02,1,0.187413935177693
1,"M4_ridge_player_context","TOR_20260902_1_PA021","TOR_20260902_1",2026-09-02,0,0.0574823194202309
1,"M4_ridge_player_context","TOR_20260902_1_PA022","TOR_20260902_1",2026-09-02,1,0.0495895279109456
1,"M4_ridge_player_context","TOR_20260902_1_PA023","TOR_20260902_1",2026-09-02,1,0.19258710102987
1,"M4_ridge_player_context","TOR_20260902_1_PA024","TOR_20260902_1",2026-09-02,0,0.178505919159482
1,"M4_ridge_player_context","TOR_20260902_1_PA025","TOR_20260902_1",2026-09-02,0,0.0961816985443171
1,"M4_ridge_player_context","TOR_20260902_1_PA026","TOR_20260902_1",2026-09-02,1,0.0860606043283671
1,"M4_ridge_player_context","TOR_20260902_1_PA027","TOR_20260902_1",2026-09-02,0,0.166004652256117
1,"M4_ridge_player_context","TOR_20260902_1_PA028","TOR_20260902_1",2026-09-02,0,0.184756662677852
1,"M4_ridge_player_context","TOR_20260902_1_PA029","TOR_20260902_1",2026-09-02,0,0.145413938027937
1,"M4_ridge_player_context","TOR_20260902_1_PA030","TOR_20260902_1",2026-09-02,0,0.0430574555717397
1,"M4_ridge_player_context","TOR_20260902_1_PA031","TOR_20260902_1",2026-09-02,0,0.0370674203337364
1,"M4_ridge_player_context","TOR_20260902_1_PA032","TOR_20260902_1",2026-09-02,1,0.169333389106357
1,"M4_ridge_player_context","TOR_20260902_1_PA033","TOR_20260902_1",2026-09-02,1,0.15662261426511
1,"M4_ridge_player_context","TOR_20260902_1_PA034","TOR_20260902_1",2026-09-02,0,0.0833664650902878
1,"M4_ridge_player_context","TOR_20260902_1_PA035","TOR_20260902_1",2026-09-02,0,0.172787315409179
1,"M4_ridge_player_context","TOR_20260902_1_PA036","TOR_20260902_1",2026-09-02,0,0.145382675663729
1,"M4_ridge_player_context","TOR_20260902_1_PA037","TOR_20260902_1",2026-09-02,0,0.162258424188917
1,"M4_ridge_player_context","TOR_20260902_1_PA038","TOR_20260902_1",2026-09-02,0,0.296668294292343
1,"M4_ridge_player_context","TOR_20260902_1_PA040","TOR_20260902_1",2026-09-02,0,0.0340331250488076
1,"M4_ridge_player_context","TOR_20260902_1_PA041","TOR_20260902_1",2026-09-02,0,0.196174448846881
1,"M4_ridge_player_context","TOR_20260902_1_PA042","TOR_20260902_1",2026-09-02,0,0.120499764521709
1,"M4_ridge_player_context","TOR_20260902_1_PA043","TOR_20260902_1",2026-09-02,0,0.0628794626842761
1,"M4_ridge_player_context","TOR_20260902_1_PA044","TOR_20260902_1",2026-09-02,0,0.142877296725578
1,"M6_forest_player_context","TOR_20260828_1_PA001","TOR_20260828_1",2026-08-28,0,0.281947012482186
1,"M6_forest_player_context","TOR_20260828_1_PA002","TOR_20260828_1",2026-08-28,0,0.19463863253767
1,"M6_forest_player_context","TOR_20260828_1_PA003","TOR_20260828_1",2026-08-28,0,0.161214649762261
1,"M6_forest_player_context","TOR_20260828_1_PA004","TOR_20260828_1",2026-08-28,0,0.244894528004141
1,"M6_forest_player_context","TOR_20260828_1_PA005","TOR_20260828_1",2026-08-28,0,0.329562981702742
1,"M6_forest_player_context","TOR_20260828_1_PA006","TOR_20260828_1",2026-08-28,0,0.284067162764122
1,"M6_forest_player_context","TOR_20260828_1_PA007","TOR_20260828_1",2026-08-28,0,0.205526868583905
1,"M6_forest_player_context","TOR_20260828_1_PA008","TOR_20260828_1",2026-08-28,0,0.258075521765889
1,"M6_forest_player_context","TOR_20260828_1_PA009","TOR_20260828_1",2026-08-28,0,0.388545904326039
1,"M6_forest_player_context","TOR_20260828_1_PA010","TOR_20260828_1",2026-08-28,0,0.270078344191136
1,"M6_forest_player_context","TOR_20260828_1_PA011","TOR_20260828_1",2026-08-28,0,0.176806819596866
1,"M6_forest_player_context","TOR_20260828_1_PA012","TOR_20260828_1",2026-08-28,0,0.098130105994865
1,"M6_forest_player_context","TOR_20260828_1_PA013","TOR_20260828_1",2026-08-28,0,0.241398586847282
1,"M6_forest_player_context","TOR_20260828_1_PA014","TOR_20260828_1",2026-08-28,0,0.383917889782078
1,"M6_forest_player_context","TOR_20260828_1_PA015","TOR_20260828_1",2026-08-28,0,0.23283104031104
1,"M6_forest_player_context","TOR_20260828_1_PA016","TOR_20260828_1",2026-08-28,0,0.136614883460312
1,"M6_forest_player_context","TOR_20260828_1_PA017","TOR_20260828_1",2026-08-28,0,0.100805363565368
1,"M6_forest_player_context","TOR_20260828_1_PA018","TOR_20260828_1",2026-08-28,0,0.347787579944897
1,"M6_forest_player_context","TOR_20260828_1_PA019","TOR_20260828_1",2026-08-28,1,0.1659280959481
1,"M6_forest_player_context","TOR_20260828_1_PA020","TOR_20260828_1",2026-08-28,0,0.168972993609177
1,"M6_forest_player_context","TOR_20260828_1_PA021","TOR_20260828_1",2026-08-28,0,0.0573745481294369
1,"M6_forest_player_context","TOR_20260828_1_PA022","TOR_20260828_1",2026-08-28,0,0.217930129837399
1,"M6_forest_player_context","TOR_20260828_1_PA023","TOR_20260828_1",2026-08-28,0,0.408797052436001
1,"M6_forest_player_context","TOR_20260828_1_PA024","TOR_20260828_1",2026-08-28,0,0.231849332889884
1,"M6_forest_player_context","TOR_20260828_1_PA025","TOR_20260828_1",2026-08-28,0,0.15893236127474
1,"M6_forest_player_context","TOR_20260828_1_PA026","TOR_20260828_1",2026-08-28,0,0.0938999227863445
1,"M6_forest_player_context","TOR_20260828_1_PA027","TOR_20260828_1",2026-08-28,0,0.262991696352023
1,"M6_forest_player_context","TOR_20260828_1_PA028","TOR_20260828_1",2026-08-28,0,0.179462136260772
1,"M6_forest_player_context","TOR_20260828_1_PA029","TOR_20260828_1",2026-08-28,0,0.163377722660701
1,"M6_forest_player_context","TOR_20260828_1_PA030","TOR_20260828_1",2026-08-28,0,0.0488704632567614
1,"M6_forest_player_context","TOR_20260828_1_PA031","TOR_20260828_1",2026-08-28,0,0.172425218007697
1,"M6_forest_player_context","TOR_20260828_1_PA032","TOR_20260828_1",2026-08-28,0,0.180870041557326
1,"M6_forest_player_context","TOR_20260828_1_PA033","TOR_20260828_1",2026-08-28,0,0.113947133296673
1,"M6_forest_player_context","TOR_20260828_1_PA034","TOR_20260828_1",2026-08-28,1,0.096690073463628
1,"M6_forest_player_context","TOR_20260828_1_PA035","TOR_20260828_1",2026-08-28,1,0.0649967202265765
1,"M6_forest_player_context","TOR_20260828_1_PA036","TOR_20260828_1",2026-08-28,0,0.191019214814975
1,"M6_forest_player_context","TOR_20260828_1_PA037","TOR_20260828_1",2026-08-28,0,0.209781151498139
1,"M6_forest_player_context","TOR_20260828_1_PA038","TOR_20260828_1",2026-08-28,0,0.163377722660701
1,"M6_forest_player_context","TOR_20260829_1_PA001","TOR_20260829_1",2026-08-29,1,0.281947012482186
1,"M6_forest_player_context","TOR_20260829_1_PA002","TOR_20260829_1",2026-08-29,0,0.0479860206065601
1,"M6_forest_player_context","TOR_20260829_1_PA003","TOR_20260829_1",2026-08-29,0,0.160769618678181
1,"M6_forest_player_context","TOR_20260829_1_PA004","TOR_20260829_1",2026-08-29,0,0.23811824116005
1,"M6_forest_player_context","TOR_20260829_1_PA005","TOR_20260829_1",2026-08-29,0,0.265967373898753
1,"M6_forest_player_context","TOR_20260829_1_PA006","TOR_20260829_1",2026-08-29,0,0.283103741896473
1,"M6_forest_player_context","TOR_20260829_1_PA007","TOR_20260829_1",2026-08-29,0,0.195524071869327
1,"M6_forest_player_context","TOR_20260829_1_PA008","TOR_20260829_1",2026-08-29,0,0.354587332231278
1,"M6_forest_player_context","TOR_20260829_1_PA009","TOR_20260829_1",2026-08-29,0,0.238056766454522
1,"M6_forest_player_context","TOR_20260829_1_PA010","TOR_20260829_1",2026-08-29,0,0.254781486704994
1,"M6_forest_player_context","TOR_20260829_1_PA011","TOR_20260829_1",2026-08-29,1,0.0472382322851316
1,"M6_forest_player_context","TOR_20260829_1_PA012","TOR_20260829_1",2026-08-29,0,0.093294263145181
1,"M6_forest_player_context","TOR_20260829_1_PA013","TOR_20260829_1",2026-08-29,0,0.246746834299072
1,"M6_forest_player_context","TOR_20260829_1_PA014","TOR_20260829_1",2026-08-29,0,0.178986906411407
1,"M6_forest_player_context","TOR_20260829_1_PA015","TOR_20260829_1",2026-08-29,0,0.21477869263341
1,"M6_forest_player_context","TOR_20260829_1_PA016","TOR_20260829_1",2026-08-29,0,0.113637499321909
1,"M6_forest_player_context","TOR_20260829_1_PA017","TOR_20260829_1",2026-08-29,1,0.225664106258155
1,"M6_forest_player_context","TOR_20260829_1_PA018","TOR_20260829_1",2026-08-29,0,0.198020716743484
1,"M6_forest_player_context","TOR_20260829_1_PA019","TOR_20260829_1",2026-08-29,0,0.1659280959481
1,"M6_forest_player_context","TOR_20260829_1_PA020","TOR_20260829_1",2026-08-29,1,0.0265022253473806
1,"M6_forest_player_context","TOR_20260829_1_PA021","TOR_20260829_1",2026-08-29,0,0.0428614875778229
1,"M6_forest_player_context","TOR_20260829_1_PA022","TOR_20260829_1",2026-08-29,0,0.152051957313203
1,"M6_forest_player_context","TOR_20260829_1_PA023","TOR_20260829_1",2026-08-29,0,0.130061510462041
1,"M6_forest_player_context","TOR_20260829_1_PA024","TOR_20260829_1",2026-08-29,0,0.236322077622653
1,"M6_forest_player_context","TOR_20260829_1_PA025","TOR_20260829_1",2026-08-29,0,0.0938999227863445
1,"M6_forest_player_context","TOR_20260829_1_PA026","TOR_20260829_1",2026-08-29,0,0.223230936185479
1,"M6_forest_player_context","TOR_20260829_1_PA027","TOR_20260829_1",2026-08-29,0,0.23451570576164
1,"M6_forest_player_context","TOR_20260829_1_PA028","TOR_20260829_1",2026-08-29,0,0.184009477156101
1,"M6_forest_player_context","TOR_20260829_1_PA029","TOR_20260829_1",2026-08-29,0,0.0331246495860538
1,"M6_forest_player_context","TOR_20260829_1_PA030","TOR_20260829_1",2026-08-29,0,0.0534655392279074
1,"M6_forest_player_context","TOR_20260829_1_PA031","TOR_20260829_1",2026-08-29,0,0.185236910706446
1,"M6_forest_player_context","TOR_20260829_1_PA032","TOR_20260829_1",2026-08-29,1,0.207126049368639
1,"M6_forest_player_context","TOR_20260829_1_PA033","TOR_20260829_1",2026-08-29,0,0.389362849623974
1,"M6_forest_player_context","TOR_20260829_1_PA034","TOR_20260829_1",2026-08-29,1,0.0590131662691518
1,"M6_forest_player_context","TOR_20260829_1_PA035","TOR_20260829_1",2026-08-29,0,0.163377722660701
1,"M6_forest_player_context","TOR_20260829_1_PA036","TOR_20260829_1",2026-08-29,0,0.156310906773914
1,"M6_forest_player_context","TOR_20260830_1_PA001","TOR_20260830_1",2026-08-30,0,0.281947012482186
1,"M6_forest_player_context","TOR_20260830_1_PA002","TOR_20260830_1",2026-08-30,0,0.160769618678181
1,"M6_forest_player_context","TOR_20260830_1_PA003","TOR_20260830_1",2026-08-30,0,0.0479860206065601
1,"M6_forest_player_context","TOR_20260830_1_PA004","TOR_20260830_1",2026-08-30,1,0.258841336726287
1,"M6_forest_player_context","TOR_20260830_1_PA005","TOR_20260830_1",2026-08-30,0,0.19463863253767
1,"M6_forest_player_context","TOR_20260830_1_PA006","TOR_20260830_1",2026-08-30,0,0.289833584405082
1,"M6_forest_player_context","TOR_20260830_1_PA007","TOR_20260830_1",2026-08-30,1,0.151094502433766
1,"M6_forest_player_context","TOR_20260830_1_PA008","TOR_20260830_1",2026-08-30,0,0.283103741896473
1,"M6_forest_player_context","TOR_20260830_1_PA009","TOR_20260830_1",2026-08-30,0,0.23869756581789
1,"M6_forest_player_context","TOR_20260830_1_PA010","TOR_20260830_1",2026-08-30,1,0.254781486704994
1,"M6_forest_player_context","TOR_20260830_1_PA011","TOR_20260830_1",2026-08-30,0,0.098130105994865
1,"M6_forest_player_context","TOR_20260830_1_PA012","TOR_20260830_1",2026-08-30,0,0.0472382322851316
1,"M6_forest_player_context","TOR_20260830_1_PA013","TOR_20260830_1",2026-08-30,0,0.241398586847282
1,"M6_forest_player_context","TOR_20260830_1_PA014","TOR_20260830_1",2026-08-30,0,0.146266693396353
1,"M6_forest_player_context","TOR_20260830_1_PA015","TOR_20260830_1",2026-08-30,0,0.241937284958336
1,"M6_forest_player_context","TOR_20260830_1_PA016","TOR_20260830_1",2026-08-30,0,0.136614883460312
1,"M6_forest_player_context","TOR_20260830_1_PA017","TOR_20260830_1",2026-08-30,0,0.255818889736131
1,"M6_forest_player_context","TOR_20260830_1_PA018","TOR_20260830_1",2026-08-30,0,0.198020716743484
1,"M6_forest_player_context","TOR_20260830_1_PA019","TOR_20260830_1",2026-08-30,0,0.1659280959481
1,"M6_forest_player_context","TOR_20260830_1_PA020","TOR_20260830_1",2026-08-30,0,0.0428614875778229
1,"M6_forest_player_context","TOR_20260830_1_PA021","TOR_20260830_1",2026-08-30,0,0.0265022253473806
1,"M6_forest_player_context","TOR_20260830_1_PA022","TOR_20260830_1",2026-08-30,1,0.152051957313203
1,"M6_forest_player_context","TOR_20260830_1_PA023","TOR_20260830_1",2026-08-30,1,0.201115246764986
1,"M6_forest_player_context","TOR_20260830_1_PA024","TOR_20260830_1",2026-08-30,0,0.231849332889884
1,"M6_forest_player_context","TOR_20260830_1_PA025","TOR_20260830_1",2026-08-30,0,0.15893236127474
1,"M6_forest_player_context","TOR_20260830_1_PA026","TOR_20260830_1",2026-08-30,0,0.236322077622653
1,"M6_forest_player_context","TOR_20260830_1_PA027","TOR_20260830_1",2026-08-30,0,0.178798235961872
1,"M6_forest_player_context","TOR_20260830_1_PA028","TOR_20260830_1",2026-08-30,0,0.169672109197684
1,"M6_forest_player_context","TOR_20260830_1_PA029","TOR_20260830_1",2026-08-30,0,0.0512876654216416
1,"M6_forest_player_context","TOR_20260830_1_PA030","TOR_20260830_1",2026-08-30,0,0.0326789724421266
1,"M6_forest_player_context","TOR_20260830_1_PA031","TOR_20260830_1",2026-08-30,0,0.172425218007697
1,"M6_forest_player_context","TOR_20260830_1_PA032","TOR_20260830_1",2026-08-30,0,0.118767808500063
1,"M6_forest_player_context","TOR_20260830_1_PA033","TOR_20260830_1",2026-08-30,0,0.113947133296673
1,"M6_forest_player_context","TOR_20260830_1_PA034","TOR_20260830_1",2026-08-30,0,0.096690073463628
1,"M6_forest_player_context","TOR_20260830_1_PA035","TOR_20260830_1",2026-08-30,0,0.0649967202265765
1,"M6_forest_player_context","TOR_20260830_1_PA036","TOR_20260830_1",2026-08-30,0,0.180870041557326
1,"M6_forest_player_context","TOR_20260830_1_PA037","TOR_20260830_1",2026-08-30,0,0.196856378241118
1,"M6_forest_player_context","TOR_20260830_1_PA038","TOR_20260830_1",2026-08-30,0,0.037497645287082
1,"M6_forest_player_context","TOR_20260901_1_PA001","TOR_20260901_1",2026-09-01,1,0.25284483186699
1,"M6_forest_player_context","TOR_20260901_1_PA002","TOR_20260901_1",2026-09-01,1,0.0588478313296989
1,"M6_forest_player_context","TOR_20260901_1_PA003","TOR_20260901_1",2026-09-01,0,0.131447016987706
1,"M6_forest_player_context","TOR_20260901_1_PA004","TOR_20260901_1",2026-09-01,0,0.19772934460563
1,"M6_forest_player_context","TOR_20260901_1_PA005","TOR_20260901_1",2026-09-01,1,0.202693267700441
1,"M6_forest_player_context","TOR_20260901_1_PA006","TOR_20260901_1",2026-09-01,1,0.21408779422401
1,"M6_forest_player_context","TOR_20260901_1_PA007","TOR_20260901_1",2026-09-01,0,0.0984802292012364
1,"M6_forest_player_context","TOR_20260901_1_PA008","TOR_20260901_1",2026-09-01,0,0.136806890216688
1,"M6_forest_player_context","TOR_20260901_1_PA009","TOR_20260901_1",2026-09-01,0,0.182374125334168
1,"M6_forest_player_context","TOR_20260901_1_PA010","TOR_20260901_1",2026-09-01,1,0.186463008763021
1,"M6_forest_player_context","TOR_20260901_1_PA011","TOR_20260901_1",2026-09-01,0,0.0801813464507616
1,"M6_forest_player_context","TOR_20260901_1_PA012","TOR_20260901_1",2026-09-01,0,0.0721094157921848
1,"M6_forest_player_context","TOR_20260901_1_PA013","TOR_20260901_1",2026-09-01,1,0.217060329623937
1,"M6_forest_player_context","TOR_20260901_1_PA014","TOR_20260901_1",2026-09-01,0,0.249630098649746
1,"M6_forest_player_context","TOR_20260901_1_PA015","TOR_20260901_1",2026-09-01,0,0.167522975116156
1,"M6_forest_player_context","TOR_20260901_1_PA016","TOR_20260901_1",2026-09-01,1,0.0847991496418313
1,"M6_forest_player_context","TOR_20260901_1_PA017","TOR_20260901_1",2026-09-01,0,0.0961540165911405
1,"M6_forest_player_context","TOR_20260901_1_PA018","TOR_20260901_1",2026-09-01,1,0.173569363049359
1,"M6_forest_player_context","TOR_20260901_1_PA019","TOR_20260901_1",2026-09-01,0,0.151903209315224
1,"M6_forest_player_context","TOR_20260901_1_PA020","TOR_20260901_1",2026-09-01,1,0.063981492923855
1,"M6_forest_player_context","TOR_20260901_1_PA021","TOR_20260901_1",2026-09-01,0,0.0627998130990075
1,"M6_forest_player_context","TOR_20260901_1_PA022","TOR_20260901_1",2026-09-01,1,0.224957107071519
1,"M6_forest_player_context","TOR_20260901_1_PA023","TOR_20260901_1",2026-09-01,1,0.246907244432019
1,"M6_forest_player_context","TOR_20260901_1_PA024","TOR_20260901_1",2026-09-01,1,0.20087373164421
1,"M6_forest_player_context","TOR_20260901_1_PA025","TOR_20260901_1",2026-09-01,1,0.0968297875281876
1,"M6_forest_player_context","TOR_20260901_1_PA026","TOR_20260901_1",2026-09-01,0,0.0762279312582587
1,"M6_forest_player_context","TOR_20260901_1_PA027","TOR_20260901_1",2026-09-01,1,0.329704287526518
1,"M6_forest_player_context","TOR_20260901_1_PA028","TOR_20260901_1",2026-09-01,0,0.184201062899307
1,"M6_forest_player_context","TOR_20260901_1_PA029","TOR_20260901_1",2026-09-01,0,0.0892005093112905
1,"M6_forest_player_context","TOR_20260901_1_PA030","TOR_20260901_1",2026-09-01,0,0.0665490675702787
1,"M6_forest_player_context","TOR_20260901_1_PA031","TOR_20260901_1",2026-09-01,0,0.157567462894977
1,"M6_forest_player_context","TOR_20260901_1_PA032","TOR_20260901_1",2026-09-01,0,0.239155633212423
1,"M6_forest_player_context","TOR_20260902_1_PA001","TOR_20260902_1",2026-09-02,0,0.25284483186699
1,"M6_forest_player_context","TOR_20260902_1_PA002","TOR_20260902_1",2026-09-02,0,0.227449394854195
1,"M6_forest_player_context","TOR_20260902_1_PA003","TOR_20260902_1",2026-09-02,0,0.131447016987706
1,"M6_forest_player_context","TOR_20260902_1_PA004","TOR_20260902_1",2026-09-02,1,0.0618404892068672
1,"M6_forest_player_context","TOR_20260902_1_PA005","TOR_20260902_1",2026-09-02,0,0.243774417401886
1,"M6_forest_player_context","TOR_20260902_1_PA006","TOR_20260902_1",2026-09-02,0,0.202693267700441
1,"M6_forest_player_context","TOR_20260902_1_PA007","TOR_20260902_1",2026-09-02,0,0.182015446261609
1,"M6_forest_player_context","TOR_20260902_1_PA008","TOR_20260902_1",2026-09-02,0,0.0994751306643091
1,"M6_forest_player_context","TOR_20260902_1_PA009","TOR_20260902_1",2026-09-02,0,0.241899756705333
1,"M6_forest_player_context","TOR_20260902_1_PA010","TOR_20260902_1",2026-09-02,0,0.247820950947909
1,"M6_forest_player_context","TOR_20260902_1_PA011","TOR_20260902_1",2026-09-02,0,0.183869341551873
1,"M6_forest_player_context","TOR_20260902_1_PA012","TOR_20260902_1",2026-09-02,0,0.113314321224498
1,"M6_forest_player_context","TOR_20260902_1_PA013","TOR_20260902_1",2026-09-02,0,0.0604769389996643
1,"M6_forest_player_context","TOR_20260902_1_PA014","TOR_20260902_1",2026-09-02,1,0.22172296380877
1,"M6_forest_player_context","TOR_20260902_1_PA015","TOR_20260902_1",2026-09-02,0,0.206583291120307
1,"M6_forest_player_context","TOR_20260902_1_PA016","TOR_20260902_1",2026-09-02,0,0.136806890216688
1,"M6_forest_player_context","TOR_20260902_1_PA017","TOR_20260902_1",2026-09-02,0,0.0984802292012364
1,"M6_forest_player_context","TOR_20260902_1_PA018","TOR_20260902_1",2026-09-02,0,0.21899333385416
1,"M6_forest_player_context","TOR_20260902_1_PA019","TOR_20260902_1",2026-09-02,0,0.199713491463012
1,"M6_forest_player_context","TOR_20260902_1_PA020","TOR_20260902_1",2026-09-02,1,0.217060329623937
1,"M6_forest_player_context","TOR_20260902_1_PA021","TOR_20260902_1",2026-09-02,0,0.0721094157921848
1,"M6_forest_player_context","TOR_20260902_1_PA022","TOR_20260902_1",2026-09-02,1,0.0801813464507616
1,"M6_forest_player_context","TOR_20260902_1_PA023","TOR_20260902_1",2026-09-02,1,0.167522975116156
1,"M6_forest_player_context","TOR_20260902_1_PA024","TOR_20260902_1",2026-09-02,0,0.204845612305188
1,"M6_forest_player_context","TOR_20260902_1_PA025","TOR_20260902_1",2026-09-02,0,0.0961540165911405
1,"M6_forest_player_context","TOR_20260902_1_PA026","TOR_20260902_1",2026-09-02,1,0.11921961741215
1,"M6_forest_player_context","TOR_20260902_1_PA027","TOR_20260902_1",2026-09-02,0,0.169872648518947
1,"M6_forest_player_context","TOR_20260902_1_PA028","TOR_20260902_1",2026-09-02,0,0.160834633177149
1,"M6_forest_player_context","TOR_20260902_1_PA029","TOR_20260902_1",2026-09-02,0,0.192796619128575
1,"M6_forest_player_context","TOR_20260902_1_PA030","TOR_20260902_1",2026-09-02,0,0.051046542089149
1,"M6_forest_player_context","TOR_20260902_1_PA031","TOR_20260902_1",2026-09-02,0,0.0486122048943271
1,"M6_forest_player_context","TOR_20260902_1_PA032","TOR_20260902_1",2026-09-02,1,0.20087373164421
1,"M6_forest_player_context","TOR_20260902_1_PA033","TOR_20260902_1",2026-09-02,1,0.246907244432019
1,"M6_forest_player_context","TOR_20260902_1_PA034","TOR_20260902_1",2026-09-02,0,0.0873518025481989
1,"M6_forest_player_context","TOR_20260902_1_PA035","TOR_20260902_1",2026-09-02,0,0.161639220371215
1,"M6_forest_player_context","TOR_20260902_1_PA036","TOR_20260902_1",2026-09-02,0,0.124315927481605
1,"M6_forest_player_context","TOR_20260902_1_PA037","TOR_20260902_1",2026-09-02,0,0.184201062899307
1,"M6_forest_player_context","TOR_20260902_1_PA038","TOR_20260902_1",2026-09-02,0,0.329704287526518
1,"M6_forest_player_context","TOR_20260902_1_PA040","TOR_20260902_1",2026-09-02,0,0.0892005093112905
1,"M6_forest_player_context","TOR_20260902_1_PA041","TOR_20260902_1",2026-09-02,0,0.273651427154443
1,"M6_forest_player_context","TOR_20260902_1_PA042","TOR_20260902_1",2026-09-02,0,0.221956438419695
1,"M6_forest_player_context","TOR_20260902_1_PA043","TOR_20260902_1",2026-09-02,0,0.107320027901982
1,"M6_forest_player_context","TOR_20260902_1_PA044","TOR_20260902_1",2026-09-02,0,0.19287025187475
1,"M5_ridge_player_behavior","TOR_20260828_1_PA001","TOR_20260828_1",2026-08-28,0,0.25429188379009
1,"M5_ridge_player_behavior","TOR_20260828_1_PA002","TOR_20260828_1",2026-08-28,0,0.263727583611569
1,"M5_ridge_player_behavior","TOR_20260828_1_PA003","TOR_20260828_1",2026-08-28,0,0.0819878802074713
1,"M5_ridge_player_behavior","TOR_20260828_1_PA004","TOR_20260828_1",2026-08-28,0,0.233996459614575
1,"M5_ridge_player_behavior","TOR_20260828_1_PA005","TOR_20260828_1",2026-08-28,0,0.44339255247986
1,"M5_ridge_player_behavior","TOR_20260828_1_PA006","TOR_20260828_1",2026-08-28,0,0.280026738018151
1,"M5_ridge_player_behavior","TOR_20260828_1_PA007","TOR_20260828_1",2026-08-28,0,0.138240556079728
1,"M5_ridge_player_behavior","TOR_20260828_1_PA008","TOR_20260828_1",2026-08-28,0,0.127399704290112
1,"M5_ridge_player_behavior","TOR_20260828_1_PA009","TOR_20260828_1",2026-08-28,0,0.299255307928176
1,"M5_ridge_player_behavior","TOR_20260828_1_PA010","TOR_20260828_1",2026-08-28,0,0.236125608770228
1,"M5_ridge_player_behavior","TOR_20260828_1_PA011","TOR_20260828_1",2026-08-28,0,0.240071526434457
1,"M5_ridge_player_behavior","TOR_20260828_1_PA012","TOR_20260828_1",2026-08-28,0,0.0703362464538571
1,"M5_ridge_player_behavior","TOR_20260828_1_PA013","TOR_20260828_1",2026-08-28,0,0.243847463674769
1,"M5_ridge_player_behavior","TOR_20260828_1_PA014","TOR_20260828_1",2026-08-28,0,0.403036123702988
1,"M5_ridge_player_behavior","TOR_20260828_1_PA015","TOR_20260828_1",2026-08-28,0,0.224045627191088
1,"M5_ridge_player_behavior","TOR_20260828_1_PA016","TOR_20260828_1",2026-08-28,0,0.128008285719639
1,"M5_ridge_player_behavior","TOR_20260828_1_PA017","TOR_20260828_1",2026-08-28,0,0.117479367706236
1,"M5_ridge_player_behavior","TOR_20260828_1_PA018","TOR_20260828_1",2026-08-28,0,0.295348539712959
1,"M5_ridge_player_behavior","TOR_20260828_1_PA019","TOR_20260828_1",2026-08-28,1,0.209991896557426
1,"M5_ridge_player_behavior","TOR_20260828_1_PA020","TOR_20260828_1",2026-08-28,0,0.197748531771711
1,"M5_ridge_player_behavior","TOR_20260828_1_PA021","TOR_20260828_1",2026-08-28,0,0.0682128116780497
1,"M5_ridge_player_behavior","TOR_20260828_1_PA022","TOR_20260828_1",2026-08-28,0,0.200253026431404
1,"M5_ridge_player_behavior","TOR_20260828_1_PA023","TOR_20260828_1",2026-08-28,0,0.37950775137849
1,"M5_ridge_player_behavior","TOR_20260828_1_PA024","TOR_20260828_1",2026-08-28,0,0.211572459722496
1,"M5_ridge_player_behavior","TOR_20260828_1_PA025","TOR_20260828_1",2026-08-28,0,0.0982696816350795
1,"M5_ridge_player_behavior","TOR_20260828_1_PA026","TOR_20260828_1",2026-08-28,0,0.0968163640345347
1,"M5_ridge_player_behavior","TOR_20260828_1_PA027","TOR_20260828_1",2026-08-28,0,0.262121154265399
1,"M5_ridge_player_behavior","TOR_20260828_1_PA028","TOR_20260828_1",2026-08-28,0,0.181697207925671
1,"M5_ridge_player_behavior","TOR_20260828_1_PA029","TOR_20260828_1",2026-08-28,0,0.153787077102447
1,"M5_ridge_player_behavior","TOR_20260828_1_PA030","TOR_20260828_1",2026-08-28,0,0.04537901375043
1,"M5_ridge_player_behavior","TOR_20260828_1_PA031","TOR_20260828_1",2026-08-28,0,0.163440011003225
1,"M5_ridge_player_behavior","TOR_20260828_1_PA032","TOR_20260828_1",2026-08-28,0,0.154039244696765
1,"M5_ridge_player_behavior","TOR_20260828_1_PA033","TOR_20260828_1",2026-08-28,0,0.166184004208347
1,"M5_ridge_player_behavior","TOR_20260828_1_PA034","TOR_20260828_1",2026-08-28,1,0.0845900960641592
1,"M5_ridge_player_behavior","TOR_20260828_1_PA035","TOR_20260828_1",2026-08-28,1,0.0963757169154555
1,"M5_ridge_player_behavior","TOR_20260828_1_PA036","TOR_20260828_1",2026-08-28,0,0.210866943205077
1,"M5_ridge_player_behavior","TOR_20260828_1_PA037","TOR_20260828_1",2026-08-28,0,0.150977607081699
1,"M5_ridge_player_behavior","TOR_20260828_1_PA038","TOR_20260828_1",2026-08-28,0,0.161303063069275
1,"M5_ridge_player_behavior","TOR_20260829_1_PA001","TOR_20260829_1",2026-08-29,1,0.280221700728271
1,"M5_ridge_player_behavior","TOR_20260829_1_PA002","TOR_20260829_1",2026-08-29,0,0.0974153321249637
1,"M5_ridge_player_behavior","TOR_20260829_1_PA003","TOR_20260829_1",2026-08-29,0,0.096873559554196
1,"M5_ridge_player_behavior","TOR_20260829_1_PA004","TOR_20260829_1",2026-08-29,0,0.245807291383256
1,"M5_ridge_player_behavior","TOR_20260829_1_PA005","TOR_20260829_1",2026-08-29,0,0.26937382588715
1,"M5_ridge_player_behavior","TOR_20260829_1_PA006","TOR_20260829_1",2026-08-29,0,0.354590007970026
1,"M5_ridge_player_behavior","TOR_20260829_1_PA007","TOR_20260829_1",2026-08-29,0,0.145571036907934
1,"M5_ridge_player_behavior","TOR_20260829_1_PA008","TOR_20260829_1",2026-08-29,0,0.313510164019337
1,"M5_ridge_player_behavior","TOR_20260829_1_PA009","TOR_20260829_1",2026-08-29,0,0.256377981457024
1,"M5_ridge_player_behavior","TOR_20260829_1_PA010","TOR_20260829_1",2026-08-29,0,0.221533471961101
1,"M5_ridge_player_behavior","TOR_20260829_1_PA011","TOR_20260829_1",2026-08-29,1,0.0615851069884124
1,"M5_ridge_player_behavior","TOR_20260829_1_PA012","TOR_20260829_1",2026-08-29,0,0.0794363108740359
1,"M5_ridge_player_behavior","TOR_20260829_1_PA013","TOR_20260829_1",2026-08-29,0,0.20446168882358
1,"M5_ridge_player_behavior","TOR_20260829_1_PA014","TOR_20260829_1",2026-08-29,0,0.212573584714026
1,"M5_ridge_player_behavior","TOR_20260829_1_PA015","TOR_20260829_1",2026-08-29,0,0.298704066862588
1,"M5_ridge_player_behavior","TOR_20260829_1_PA016","TOR_20260829_1",2026-08-29,0,0.103398949793253
1,"M5_ridge_player_behavior","TOR_20260829_1_PA017","TOR_20260829_1",2026-08-29,1,0.27311086277805
1,"M5_ridge_player_behavior","TOR_20260829_1_PA018","TOR_20260829_1",2026-08-29,0,0.209794072493818
1,"M5_ridge_player_behavior","TOR_20260829_1_PA019","TOR_20260829_1",2026-08-29,0,0.188793686481236
1,"M5_ridge_player_behavior","TOR_20260829_1_PA020","TOR_20260829_1",2026-08-29,1,0.0458497251731684
1,"M5_ridge_player_behavior","TOR_20260829_1_PA021","TOR_20260829_1",2026-08-29,0,0.0645022964574392
1,"M5_ridge_player_behavior","TOR_20260829_1_PA022","TOR_20260829_1",2026-08-29,0,0.179943228916235
1,"M5_ridge_player_behavior","TOR_20260829_1_PA023","TOR_20260829_1",2026-08-29,0,0.223485376736433
1,"M5_ridge_player_behavior","TOR_20260829_1_PA024","TOR_20260829_1",2026-08-29,0,0.291753314664894
1,"M5_ridge_player_behavior","TOR_20260829_1_PA025","TOR_20260829_1",2026-08-29,0,0.0924337321886105
1,"M5_ridge_player_behavior","TOR_20260829_1_PA026","TOR_20260829_1",2026-08-29,0,0.250246391837531
1,"M5_ridge_player_behavior","TOR_20260829_1_PA027","TOR_20260829_1",2026-08-29,0,0.182992702714039
1,"M5_ridge_player_behavior","TOR_20260829_1_PA028","TOR_20260829_1",2026-08-29,0,0.155309967641899
1,"M5_ridge_player_behavior","TOR_20260829_1_PA029","TOR_20260829_1",2026-08-29,0,0.0423641617807129
1,"M5_ridge_player_behavior","TOR_20260829_1_PA030","TOR_20260829_1",2026-08-29,0,0.0531326144654853
1,"M5_ridge_player_behavior","TOR_20260829_1_PA031","TOR_20260829_1",2026-08-29,0,0.177312274351735
1,"M5_ridge_player_behavior","TOR_20260829_1_PA032","TOR_20260829_1",2026-08-29,1,0.206807558802286
1,"M5_ridge_player_behavior","TOR_20260829_1_PA033","TOR_20260829_1",2026-08-29,0,0.312264634816166
1,"M5_ridge_player_behavior","TOR_20260829_1_PA034","TOR_20260829_1",2026-08-29,1,0.0897075527944076
1,"M5_ridge_player_behavior","TOR_20260829_1_PA035","TOR_20260829_1",2026-08-29,0,0.156532981437654
1,"M5_ridge_player_behavior","TOR_20260829_1_PA036","TOR_20260829_1",2026-08-29,0,0.183334184739914
1,"M5_ridge_player_behavior","TOR_20260830_1_PA001","TOR_20260830_1",2026-08-30,0,0.259525632457481
1,"M5_ridge_player_behavior","TOR_20260830_1_PA002","TOR_20260830_1",2026-08-30,0,0.104695517175462
1,"M5_ridge_player_behavior","TOR_20260830_1_PA003","TOR_20260830_1",2026-08-30,0,0.0709239680446926
1,"M5_ridge_player_behavior","TOR_20260830_1_PA004","TOR_20260830_1",2026-08-30,1,0.261461301356573
1,"M5_ridge_player_behavior","TOR_20260830_1_PA005","TOR_20260830_1",2026-08-30,0,0.263727583611569
1,"M5_ridge_player_behavior","TOR_20260830_1_PA006","TOR_20260830_1",2026-08-30,0,0.345268921119851
1,"M5_ridge_player_behavior","TOR_20260830_1_PA007","TOR_20260830_1",2026-08-30,1,0.154602894336186
1,"M5_ridge_player_behavior","TOR_20260830_1_PA008","TOR_20260830_1",2026-08-30,0,0.358139497418469
1,"M5_ridge_player_behavior","TOR_20260830_1_PA009","TOR_20260830_1",2026-08-30,0,0.290838329641256
1,"M5_ridge_player_behavior","TOR_20260830_1_PA010","TOR_20260830_1",2026-08-30,1,0.235172640717392
1,"M5_ridge_player_behavior","TOR_20260830_1_PA011","TOR_20260830_1",2026-08-30,0,0.0805564374697525
1,"M5_ridge_player_behavior","TOR_20260830_1_PA012","TOR_20260830_1",2026-08-30,0,0.0598902475313316
1,"M5_ridge_player_behavior","TOR_20260830_1_PA013","TOR_20260830_1",2026-08-30,0,0.233334567916791
1,"M5_ridge_player_behavior","TOR_20260830_1_PA014","TOR_20260830_1",2026-08-30,0,0.219288923053902
1,"M5_ridge_player_behavior","TOR_20260830_1_PA015","TOR_20260830_1",2026-08-30,0,0.253998337016361
1,"M5_ridge_player_behavior","TOR_20260830_1_PA016","TOR_20260830_1",2026-08-30,0,0.131912470100849
1,"M5_ridge_player_behavior","TOR_20260830_1_PA017","TOR_20260830_1",2026-08-30,0,0.321066677077878
1,"M5_ridge_player_behavior","TOR_20260830_1_PA018","TOR_20260830_1",2026-08-30,0,0.189141536901337
1,"M5_ridge_player_behavior","TOR_20260830_1_PA019","TOR_20260830_1",2026-08-30,0,0.242003937676005
1,"M5_ridge_player_behavior","TOR_20260830_1_PA020","TOR_20260830_1",2026-08-30,0,0.0638915880557655
1,"M5_ridge_player_behavior","TOR_20260830_1_PA021","TOR_20260830_1",2026-08-30,0,0.0458497251731684
1,"M5_ridge_player_behavior","TOR_20260830_1_PA022","TOR_20260830_1",2026-08-30,1,0.186359489738387
1,"M5_ridge_player_behavior","TOR_20260830_1_PA023","TOR_20260830_1",2026-08-30,1,0.191506995418303
1,"M5_ridge_player_behavior","TOR_20260830_1_PA024","TOR_20260830_1",2026-08-30,0,0.213626540046279
1,"M5_ridge_player_behavior","TOR_20260830_1_PA025","TOR_20260830_1",2026-08-30,0,0.0958668925144619
1,"M5_ridge_player_behavior","TOR_20260830_1_PA026","TOR_20260830_1",2026-08-30,0,0.286120774752948
1,"M5_ridge_player_behavior","TOR_20260830_1_PA027","TOR_20260830_1",2026-08-30,0,0.180348969735376
1,"M5_ridge_player_behavior","TOR_20260830_1_PA028","TOR_20260830_1",2026-08-30,0,0.17394922310567
1,"M5_ridge_player_behavior","TOR_20260830_1_PA029","TOR_20260830_1",2026-08-30,0,0.0606418673063528
1,"M5_ridge_player_behavior","TOR_20260830_1_PA030","TOR_20260830_1",2026-08-30,0,0.0401767109333312
1,"M5_ridge_player_behavior","TOR_20260830_1_PA031","TOR_20260830_1",2026-08-30,0,0.167543023799051
1,"M5_ridge_player_behavior","TOR_20260830_1_PA032","TOR_20260830_1",2026-08-30,0,0.149606351439818
1,"M5_ridge_player_behavior","TOR_20260830_1_PA033","TOR_20260830_1",2026-08-30,0,0.166184004208347
1,"M5_ridge_player_behavior","TOR_20260830_1_PA034","TOR_20260830_1",2026-08-30,0,0.0824911876059275
1,"M5_ridge_player_behavior","TOR_20260830_1_PA035","TOR_20260830_1",2026-08-30,0,0.0747220961095493
1,"M5_ridge_player_behavior","TOR_20260830_1_PA036","TOR_20260830_1",2026-08-30,0,0.168509610453645
1,"M5_ridge_player_behavior","TOR_20260830_1_PA037","TOR_20260830_1",2026-08-30,0,0.16051913650704
1,"M5_ridge_player_behavior","TOR_20260830_1_PA038","TOR_20260830_1",2026-08-30,0,0.0495034306653054
1,"M5_ridge_player_behavior","TOR_20260901_1_PA001","TOR_20260901_1",2026-09-01,1,0.236571629865928
1,"M5_ridge_player_behavior","TOR_20260901_1_PA002","TOR_20260901_1",2026-09-01,1,0.05946271649687
1,"M5_ridge_player_behavior","TOR_20260901_1_PA003","TOR_20260901_1",2026-09-01,0,0.0535213947096239
1,"M5_ridge_player_behavior","TOR_20260901_1_PA004","TOR_20260901_1",2026-09-01,0,0.180313982385616
1,"M5_ridge_player_behavior","TOR_20260901_1_PA005","TOR_20260901_1",2026-09-01,1,0.195324137358036
1,"M5_ridge_player_behavior","TOR_20260901_1_PA006","TOR_20260901_1",2026-09-01,1,0.257961727923109
1,"M5_ridge_player_behavior","TOR_20260901_1_PA007","TOR_20260901_1",2026-09-01,0,0.105009819138711
1,"M5_ridge_player_behavior","TOR_20260901_1_PA008","TOR_20260901_1",2026-09-01,0,0.088553093422308
1,"M5_ridge_player_behavior","TOR_20260901_1_PA009","TOR_20260901_1",2026-09-01,0,0.209814016185766
1,"M5_ridge_player_behavior","TOR_20260901_1_PA010","TOR_20260901_1",2026-09-01,1,0.191225416317461
1,"M5_ridge_player_behavior","TOR_20260901_1_PA011","TOR_20260901_1",2026-09-01,0,0.055957102835823
1,"M5_ridge_player_behavior","TOR_20260901_1_PA012","TOR_20260901_1",2026-09-01,0,0.0491258176166065
1,"M5_ridge_player_behavior","TOR_20260901_1_PA013","TOR_20260901_1",2026-09-01,1,0.182351543598745
1,"M5_ridge_player_behavior","TOR_20260901_1_PA014","TOR_20260901_1",2026-09-01,0,0.166343203573774
1,"M5_ridge_player_behavior","TOR_20260901_1_PA015","TOR_20260901_1",2026-09-01,0,0.145687147024211
1,"M5_ridge_player_behavior","TOR_20260901_1_PA016","TOR_20260901_1",2026-09-01,1,0.0771075123977618
1,"M5_ridge_player_behavior","TOR_20260901_1_PA017","TOR_20260901_1",2026-09-01,0,0.106300502367063
1,"M5_ridge_player_behavior","TOR_20260901_1_PA018","TOR_20260901_1",2026-09-01,1,0.124737554821509
1,"M5_ridge_player_behavior","TOR_20260901_1_PA019","TOR_20260901_1",2026-09-01,0,0.184265237417896
1,"M5_ridge_player_behavior","TOR_20260901_1_PA020","TOR_20260901_1",2026-09-01,1,0.0391613309536512
1,"M5_ridge_player_behavior","TOR_20260901_1_PA021","TOR_20260901_1",2026-09-01,0,0.0509125743620973
1,"M5_ridge_player_behavior","TOR_20260901_1_PA022","TOR_20260901_1",2026-09-01,1,0.152828897149877
1,"M5_ridge_player_behavior","TOR_20260901_1_PA023","TOR_20260901_1",2026-09-01,1,0.154876599650067
1,"M5_ridge_player_behavior","TOR_20260901_1_PA024","TOR_20260901_1",2026-09-01,1,0.198127138003368
1,"M5_ridge_player_behavior","TOR_20260901_1_PA025","TOR_20260901_1",2026-09-01,1,0.0877741222495698
1,"M5_ridge_player_behavior","TOR_20260901_1_PA026","TOR_20260901_1",2026-09-01,0,0.0664703487469224
1,"M5_ridge_player_behavior","TOR_20260901_1_PA027","TOR_20260901_1",2026-09-01,1,0.324500818180641
1,"M5_ridge_player_behavior","TOR_20260901_1_PA028","TOR_20260901_1",2026-09-01,0,0.155751977496306
1,"M5_ridge_player_behavior","TOR_20260901_1_PA029","TOR_20260901_1",2026-09-01,0,0.0315903191434204
1,"M5_ridge_player_behavior","TOR_20260901_1_PA030","TOR_20260901_1",2026-09-01,0,0.0421940994094583
1,"M5_ridge_player_behavior","TOR_20260901_1_PA031","TOR_20260901_1",2026-09-01,0,0.145742570492593
1,"M5_ridge_player_behavior","TOR_20260901_1_PA032","TOR_20260901_1",2026-09-01,0,0.142182101193124
1,"M5_ridge_player_behavior","TOR_20260902_1_PA001","TOR_20260902_1",2026-09-02,0,0.236571629865928
1,"M5_ridge_player_behavior","TOR_20260902_1_PA002","TOR_20260902_1",2026-09-02,0,0.181806485666092
1,"M5_ridge_player_behavior","TOR_20260902_1_PA003","TOR_20260902_1",2026-09-02,0,0.0815871241789659
1,"M5_ridge_player_behavior","TOR_20260902_1_PA004","TOR_20260902_1",2026-09-02,1,0.0524947030743709
1,"M5_ridge_player_behavior","TOR_20260902_1_PA005","TOR_20260902_1",2026-09-02,0,0.248636938456176
1,"M5_ridge_player_behavior","TOR_20260902_1_PA006","TOR_20260902_1",2026-09-02,0,0.220030305927969
1,"M5_ridge_player_behavior","TOR_20260902_1_PA007","TOR_20260902_1",2026-09-02,0,0.116047733052351
1,"M5_ridge_player_behavior","TOR_20260902_1_PA008","TOR_20260902_1",2026-09-02,0,0.119766249704073
1,"M5_ridge_player_behavior","TOR_20260902_1_PA009","TOR_20260902_1",2026-09-02,0,0.183868269614672
1,"M5_ridge_player_behavior","TOR_20260902_1_PA010","TOR_20260902_1",2026-09-02,0,0.213328926182555
1,"M5_ridge_player_behavior","TOR_20260902_1_PA011","TOR_20260902_1",2026-09-02,0,0.180383587047968
1,"M5_ridge_player_behavior","TOR_20260902_1_PA012","TOR_20260902_1",2026-09-02,0,0.0630239955706502
1,"M5_ridge_player_behavior","TOR_20260902_1_PA013","TOR_20260902_1",2026-09-02,0,0.0659305662940426
1,"M5_ridge_player_behavior","TOR_20260902_1_PA014","TOR_20260902_1",2026-09-02,1,0.246316631314953
1,"M5_ridge_player_behavior","TOR_20260902_1_PA015","TOR_20260902_1",2026-09-02,0,0.203201029196149
1,"M5_ridge_player_behavior","TOR_20260902_1_PA016","TOR_20260902_1",2026-09-02,0,0.123069997480199
1,"M5_ridge_player_behavior","TOR_20260902_1_PA017","TOR_20260902_1",2026-09-02,0,0.0811282582857386
1,"M5_ridge_player_behavior","TOR_20260902_1_PA018","TOR_20260902_1",2026-09-02,0,0.128378150178214
1,"M5_ridge_player_behavior","TOR_20260902_1_PA019","TOR_20260902_1",2026-09-02,0,0.194999222462899
1,"M5_ridge_player_behavior","TOR_20260902_1_PA020","TOR_20260902_1",2026-09-02,1,0.195498724712631
1,"M5_ridge_player_behavior","TOR_20260902_1_PA021","TOR_20260902_1",2026-09-02,0,0.0567256840628585
1,"M5_ridge_player_behavior","TOR_20260902_1_PA022","TOR_20260902_1",2026-09-02,1,0.0452638307913795
1,"M5_ridge_player_behavior","TOR_20260902_1_PA023","TOR_20260902_1",2026-09-02,1,0.229406131513577
1,"M5_ridge_player_behavior","TOR_20260902_1_PA024","TOR_20260902_1",2026-09-02,0,0.144541312519489
1,"M5_ridge_player_behavior","TOR_20260902_1_PA025","TOR_20260902_1",2026-09-02,0,0.099174795615208
1,"M5_ridge_player_behavior","TOR_20260902_1_PA026","TOR_20260902_1",2026-09-02,1,0.0742348589371592
1,"M5_ridge_player_behavior","TOR_20260902_1_PA027","TOR_20260902_1",2026-09-02,0,0.153665024380995
1,"M5_ridge_player_behavior","TOR_20260902_1_PA028","TOR_20260902_1",2026-09-02,0,0.17208859291131
1,"M5_ridge_player_behavior","TOR_20260902_1_PA029","TOR_20260902_1",2026-09-02,0,0.143716362330939
1,"M5_ridge_player_behavior","TOR_20260902_1_PA030","TOR_20260902_1",2026-09-02,0,0.0455130999429108
1,"M5_ridge_player_behavior","TOR_20260902_1_PA031","TOR_20260902_1",2026-09-02,0,0.0335093852422881
1,"M5_ridge_player_behavior","TOR_20260902_1_PA032","TOR_20260902_1",2026-09-02,1,0.186919240238002
1,"M5_ridge_player_behavior","TOR_20260902_1_PA033","TOR_20260902_1",2026-09-02,1,0.134713871718036
1,"M5_ridge_player_behavior","TOR_20260902_1_PA034","TOR_20260902_1",2026-09-02,0,0.0613594807762679
1,"M5_ridge_player_behavior","TOR_20260902_1_PA035","TOR_20260902_1",2026-09-02,0,0.209204101224345
1,"M5_ridge_player_behavior","TOR_20260902_1_PA036","TOR_20260902_1",2026-09-02,0,0.135331980116496
1,"M5_ridge_player_behavior","TOR_20260902_1_PA037","TOR_20260902_1",2026-09-02,0,0.153050688287889
1,"M5_ridge_player_behavior","TOR_20260902_1_PA038","TOR_20260902_1",2026-09-02,0,0.223619402957603
1,"M5_ridge_player_behavior","TOR_20260902_1_PA040","TOR_20260902_1",2026-09-02,0,0.0294571994944931
1,"M5_ridge_player_behavior","TOR_20260902_1_PA041","TOR_20260902_1",2026-09-02,0,0.168713074695474
1,"M5_ridge_player_behavior","TOR_20260902_1_PA042","TOR_20260902_1",2026-09-02,0,0.112866377046895
1,"M5_ridge_player_behavior","TOR_20260902_1_PA043","TOR_20260902_1",2026-09-02,0,0.0674047993376266
1,"M5_ridge_player_behavior","TOR_20260902_1_PA044","TOR_20260902_1",2026-09-02,0,0.19256108445562
1,"M7_forest_player_behavior","TOR_20260828_1_PA001","TOR_20260828_1",2026-08-28,0,0.259343157796728
1,"M7_forest_player_behavior","TOR_20260828_1_PA002","TOR_20260828_1",2026-08-28,0,0.177793555289383
1,"M7_forest_player_behavior","TOR_20260828_1_PA003","TOR_20260828_1",2026-08-28,0,0.201559503504808
1,"M7_forest_player_behavior","TOR_20260828_1_PA004","TOR_20260828_1",2026-08-28,0,0.22778727882322
1,"M7_forest_player_behavior","TOR_20260828_1_PA005","TOR_20260828_1",2026-08-28,0,0.330374019595333
1,"M7_forest_player_behavior","TOR_20260828_1_PA006","TOR_20260828_1",2026-08-28,0,0.235680431432307
1,"M7_forest_player_behavior","TOR_20260828_1_PA007","TOR_20260828_1",2026-08-28,0,0.210807919554821
1,"M7_forest_player_behavior","TOR_20260828_1_PA008","TOR_20260828_1",2026-08-28,0,0.190868027956749
1,"M7_forest_player_behavior","TOR_20260828_1_PA009","TOR_20260828_1",2026-08-28,0,0.308817638069667
1,"M7_forest_player_behavior","TOR_20260828_1_PA010","TOR_20260828_1",2026-08-28,0,0.220727732234742
1,"M7_forest_player_behavior","TOR_20260828_1_PA011","TOR_20260828_1",2026-08-28,0,0.145788825802758
1,"M7_forest_player_behavior","TOR_20260828_1_PA012","TOR_20260828_1",2026-08-28,0,0.081786920706709
1,"M7_forest_player_behavior","TOR_20260828_1_PA013","TOR_20260828_1",2026-08-28,0,0.229299438702915
1,"M7_forest_player_behavior","TOR_20260828_1_PA014","TOR_20260828_1",2026-08-28,0,0.351821798799274
1,"M7_forest_player_behavior","TOR_20260828_1_PA015","TOR_20260828_1",2026-08-28,0,0.198969236059974
1,"M7_forest_player_behavior","TOR_20260828_1_PA016","TOR_20260828_1",2026-08-28,0,0.147636606861573
1,"M7_forest_player_behavior","TOR_20260828_1_PA017","TOR_20260828_1",2026-08-28,0,0.0749430909982105
1,"M7_forest_player_behavior","TOR_20260828_1_PA018","TOR_20260828_1",2026-08-28,0,0.273959025664823
1,"M7_forest_player_behavior","TOR_20260828_1_PA019","TOR_20260828_1",2026-08-28,1,0.137096090193016
1,"M7_forest_player_behavior","TOR_20260828_1_PA020","TOR_20260828_1",2026-08-28,0,0.113074343708634
1,"M7_forest_player_behavior","TOR_20260828_1_PA021","TOR_20260828_1",2026-08-28,0,0.0914721044700382
1,"M7_forest_player_behavior","TOR_20260828_1_PA022","TOR_20260828_1",2026-08-28,0,0.188942987574265
1,"M7_forest_player_behavior","TOR_20260828_1_PA023","TOR_20260828_1",2026-08-28,0,0.338354681239757
1,"M7_forest_player_behavior","TOR_20260828_1_PA024","TOR_20260828_1",2026-08-28,0,0.200479650323389
1,"M7_forest_player_behavior","TOR_20260828_1_PA025","TOR_20260828_1",2026-08-28,0,0.0738432491841946
1,"M7_forest_player_behavior","TOR_20260828_1_PA026","TOR_20260828_1",2026-08-28,0,0.0754025495147543
1,"M7_forest_player_behavior","TOR_20260828_1_PA027","TOR_20260828_1",2026-08-28,0,0.222380280548495
1,"M7_forest_player_behavior","TOR_20260828_1_PA028","TOR_20260828_1",2026-08-28,0,0.122772686454589
1,"M7_forest_player_behavior","TOR_20260828_1_PA029","TOR_20260828_1",2026-08-28,0,0.155632802907579
1,"M7_forest_player_behavior","TOR_20260828_1_PA030","TOR_20260828_1",2026-08-28,0,0.0561467002536983
1,"M7_forest_player_behavior","TOR_20260828_1_PA031","TOR_20260828_1",2026-08-28,0,0.209173809971947
1,"M7_forest_player_behavior","TOR_20260828_1_PA032","TOR_20260828_1",2026-08-28,0,0.170273649485018
1,"M7_forest_player_behavior","TOR_20260828_1_PA033","TOR_20260828_1",2026-08-28,0,0.139136574074717
1,"M7_forest_player_behavior","TOR_20260828_1_PA034","TOR_20260828_1",2026-08-28,1,0.129667879814848
1,"M7_forest_player_behavior","TOR_20260828_1_PA035","TOR_20260828_1",2026-08-28,1,0.0911393257179027
1,"M7_forest_player_behavior","TOR_20260828_1_PA036","TOR_20260828_1",2026-08-28,0,0.154693596088029
1,"M7_forest_player_behavior","TOR_20260828_1_PA037","TOR_20260828_1",2026-08-28,0,0.166939241403509
1,"M7_forest_player_behavior","TOR_20260828_1_PA038","TOR_20260828_1",2026-08-28,0,0.146862677329682
1,"M7_forest_player_behavior","TOR_20260829_1_PA001","TOR_20260829_1",2026-08-29,1,0.280162256529479
1,"M7_forest_player_behavior","TOR_20260829_1_PA002","TOR_20260829_1",2026-08-29,0,0.1176475837671
1,"M7_forest_player_behavior","TOR_20260829_1_PA003","TOR_20260829_1",2026-08-29,0,0.19100830342346
1,"M7_forest_player_behavior","TOR_20260829_1_PA004","TOR_20260829_1",2026-08-29,0,0.224724923801066
1,"M7_forest_player_behavior","TOR_20260829_1_PA005","TOR_20260829_1",2026-08-29,0,0.278863393459167
1,"M7_forest_player_behavior","TOR_20260829_1_PA006","TOR_20260829_1",2026-08-29,0,0.220196656565243
1,"M7_forest_player_behavior","TOR_20260829_1_PA007","TOR_20260829_1",2026-08-29,0,0.193829202135227
1,"M7_forest_player_behavior","TOR_20260829_1_PA008","TOR_20260829_1",2026-08-29,0,0.272593452540654
1,"M7_forest_player_behavior","TOR_20260829_1_PA009","TOR_20260829_1",2026-08-29,0,0.237802351258132
1,"M7_forest_player_behavior","TOR_20260829_1_PA010","TOR_20260829_1",2026-08-29,0,0.183682045728707
1,"M7_forest_player_behavior","TOR_20260829_1_PA011","TOR_20260829_1",2026-08-29,1,0.059363302195617
1,"M7_forest_player_behavior","TOR_20260829_1_PA012","TOR_20260829_1",2026-08-29,0,0.118918532251336
1,"M7_forest_player_behavior","TOR_20260829_1_PA013","TOR_20260829_1",2026-08-29,0,0.220750564709865
1,"M7_forest_player_behavior","TOR_20260829_1_PA014","TOR_20260829_1",2026-08-29,0,0.193575802353282
1,"M7_forest_player_behavior","TOR_20260829_1_PA015","TOR_20260829_1",2026-08-29,0,0.159434393721339
1,"M7_forest_player_behavior","TOR_20260829_1_PA016","TOR_20260829_1",2026-08-29,0,0.105131148768801
1,"M7_forest_player_behavior","TOR_20260829_1_PA017","TOR_20260829_1",2026-08-29,1,0.157496770085007
1,"M7_forest_player_behavior","TOR_20260829_1_PA018","TOR_20260829_1",2026-08-29,0,0.323303198565307
1,"M7_forest_player_behavior","TOR_20260829_1_PA019","TOR_20260829_1",2026-08-29,0,0.124737988734009
1,"M7_forest_player_behavior","TOR_20260829_1_PA020","TOR_20260829_1",2026-08-29,1,0.0265615351746944
1,"M7_forest_player_behavior","TOR_20260829_1_PA021","TOR_20260829_1",2026-08-29,0,0.0865988218830864
1,"M7_forest_player_behavior","TOR_20260829_1_PA022","TOR_20260829_1",2026-08-29,0,0.172423712362755
1,"M7_forest_player_behavior","TOR_20260829_1_PA023","TOR_20260829_1",2026-08-29,0,0.200502994878043
1,"M7_forest_player_behavior","TOR_20260829_1_PA024","TOR_20260829_1",2026-08-29,0,0.133549903913591
1,"M7_forest_player_behavior","TOR_20260829_1_PA025","TOR_20260829_1",2026-08-29,0,0.0605555882424525
1,"M7_forest_player_behavior","TOR_20260829_1_PA026","TOR_20260829_1",2026-08-29,0,0.142454020828759
1,"M7_forest_player_behavior","TOR_20260829_1_PA027","TOR_20260829_1",2026-08-29,0,0.252716960187704
1,"M7_forest_player_behavior","TOR_20260829_1_PA028","TOR_20260829_1",2026-08-29,0,0.149003969251299
1,"M7_forest_player_behavior","TOR_20260829_1_PA029","TOR_20260829_1",2026-08-29,0,0.0289034724565388
1,"M7_forest_player_behavior","TOR_20260829_1_PA030","TOR_20260829_1",2026-08-29,0,0.0935392209231676
1,"M7_forest_player_behavior","TOR_20260829_1_PA031","TOR_20260829_1",2026-08-29,0,0.202098766180727
1,"M7_forest_player_behavior","TOR_20260829_1_PA032","TOR_20260829_1",2026-08-29,1,0.214827724434369
1,"M7_forest_player_behavior","TOR_20260829_1_PA033","TOR_20260829_1",2026-08-29,0,0.349373578341892
1,"M7_forest_player_behavior","TOR_20260829_1_PA034","TOR_20260829_1",2026-08-29,1,0.0973518310307493
1,"M7_forest_player_behavior","TOR_20260829_1_PA035","TOR_20260829_1",2026-08-29,0,0.143325803384914
1,"M7_forest_player_behavior","TOR_20260829_1_PA036","TOR_20260829_1",2026-08-29,0,0.224745128365504
1,"M7_forest_player_behavior","TOR_20260830_1_PA001","TOR_20260830_1",2026-08-30,0,0.281362492540318
1,"M7_forest_player_behavior","TOR_20260830_1_PA002","TOR_20260830_1",2026-08-30,0,0.285025268258706
1,"M7_forest_player_behavior","TOR_20260830_1_PA003","TOR_20260830_1",2026-08-30,0,0.0589364236972466
1,"M7_forest_player_behavior","TOR_20260830_1_PA004","TOR_20260830_1",2026-08-30,1,0.24988207345434
1,"M7_forest_player_behavior","TOR_20260830_1_PA005","TOR_20260830_1",2026-08-30,0,0.177793555289383
1,"M7_forest_player_behavior","TOR_20260830_1_PA006","TOR_20260830_1",2026-08-30,0,0.372876763516827
1,"M7_forest_player_behavior","TOR_20260830_1_PA007","TOR_20260830_1",2026-08-30,1,0.235299880192213
1,"M7_forest_player_behavior","TOR_20260830_1_PA008","TOR_20260830_1",2026-08-30,0,0.237581620397421
1,"M7_forest_player_behavior","TOR_20260830_1_PA009","TOR_20260830_1",2026-08-30,0,0.307569557370257
1,"M7_forest_player_behavior","TOR_20260830_1_PA010","TOR_20260830_1",2026-08-30,1,0.201466083929973
1,"M7_forest_player_behavior","TOR_20260830_1_PA011","TOR_20260830_1",2026-08-30,0,0.165654993876509
1,"M7_forest_player_behavior","TOR_20260830_1_PA012","TOR_20260830_1",2026-08-30,0,0.0427487504314936
1,"M7_forest_player_behavior","TOR_20260830_1_PA013","TOR_20260830_1",2026-08-30,0,0.257784942404242
1,"M7_forest_player_behavior","TOR_20260830_1_PA014","TOR_20260830_1",2026-08-30,0,0.146072113425088
1,"M7_forest_player_behavior","TOR_20260830_1_PA015","TOR_20260830_1",2026-08-30,0,0.220952538843959
1,"M7_forest_player_behavior","TOR_20260830_1_PA016","TOR_20260830_1",2026-08-30,0,0.141995664453448
1,"M7_forest_player_behavior","TOR_20260830_1_PA017","TOR_20260830_1",2026-08-30,0,0.185034151765584
1,"M7_forest_player_behavior","TOR_20260830_1_PA018","TOR_20260830_1",2026-08-30,0,0.109787882044074
1,"M7_forest_player_behavior","TOR_20260830_1_PA019","TOR_20260830_1",2026-08-30,0,0.210340918871683
1,"M7_forest_player_behavior","TOR_20260830_1_PA020","TOR_20260830_1",2026-08-30,0,0.0925728827035868
1,"M7_forest_player_behavior","TOR_20260830_1_PA021","TOR_20260830_1",2026-08-30,0,0.0265615351746944
1,"M7_forest_player_behavior","TOR_20260830_1_PA022","TOR_20260830_1",2026-08-30,1,0.178304208665197
1,"M7_forest_player_behavior","TOR_20260830_1_PA023","TOR_20260830_1",2026-08-30,1,0.126545398044223
1,"M7_forest_player_behavior","TOR_20260830_1_PA024","TOR_20260830_1",2026-08-30,0,0.210511058165632
1,"M7_forest_player_behavior","TOR_20260830_1_PA025","TOR_20260830_1",2026-08-30,0,0.0937782533534518
1,"M7_forest_player_behavior","TOR_20260830_1_PA026","TOR_20260830_1",2026-08-30,0,0.167397570710671
1,"M7_forest_player_behavior","TOR_20260830_1_PA027","TOR_20260830_1",2026-08-30,0,0.180144389391947
1,"M7_forest_player_behavior","TOR_20260830_1_PA028","TOR_20260830_1",2026-08-30,0,0.149477538166963
1,"M7_forest_player_behavior","TOR_20260830_1_PA029","TOR_20260830_1",2026-08-30,0,0.0910122294152353
1,"M7_forest_player_behavior","TOR_20260830_1_PA030","TOR_20260830_1",2026-08-30,0,0.0263558535867968
1,"M7_forest_player_behavior","TOR_20260830_1_PA031","TOR_20260830_1",2026-08-30,0,0.205765363032508
1,"M7_forest_player_behavior","TOR_20260830_1_PA032","TOR_20260830_1",2026-08-30,0,0.105459077695642
1,"M7_forest_player_behavior","TOR_20260830_1_PA033","TOR_20260830_1",2026-08-30,0,0.139136574074717
1,"M7_forest_player_behavior","TOR_20260830_1_PA034","TOR_20260830_1",2026-08-30,0,0.162419009037649
1,"M7_forest_player_behavior","TOR_20260830_1_PA035","TOR_20260830_1",2026-08-30,0,0.0759551328158188
1,"M7_forest_player_behavior","TOR_20260830_1_PA036","TOR_20260830_1",2026-08-30,0,0.232747681438866
1,"M7_forest_player_behavior","TOR_20260830_1_PA037","TOR_20260830_1",2026-08-30,0,0.229079935134061
1,"M7_forest_player_behavior","TOR_20260830_1_PA038","TOR_20260830_1",2026-08-30,0,0.0854123964666967
1,"M7_forest_player_behavior","TOR_20260901_1_PA001","TOR_20260901_1",2026-09-01,1,0.259169737045188
1,"M7_forest_player_behavior","TOR_20260901_1_PA002","TOR_20260901_1",2026-09-01,1,0.0894641004048864
1,"M7_forest_player_behavior","TOR_20260901_1_PA003","TOR_20260901_1",2026-09-01,0,0.138566315444352
1,"M7_forest_player_behavior","TOR_20260901_1_PA004","TOR_20260901_1",2026-09-01,0,0.14532181032038
1,"M7_forest_player_behavior","TOR_20260901_1_PA005","TOR_20260901_1",2026-09-01,1,0.484276312756231
1,"M7_forest_player_behavior","TOR_20260901_1_PA006","TOR_20260901_1",2026-09-01,1,0.208163198681066
1,"M7_forest_player_behavior","TOR_20260901_1_PA007","TOR_20260901_1",2026-09-01,0,0.113550042895748
1,"M7_forest_player_behavior","TOR_20260901_1_PA008","TOR_20260901_1",2026-09-01,0,0.119622359570959
1,"M7_forest_player_behavior","TOR_20260901_1_PA009","TOR_20260901_1",2026-09-01,0,0.191635532444051
1,"M7_forest_player_behavior","TOR_20260901_1_PA010","TOR_20260901_1",2026-09-01,1,0.192486699334951
1,"M7_forest_player_behavior","TOR_20260901_1_PA011","TOR_20260901_1",2026-09-01,0,0.0726977030004088
1,"M7_forest_player_behavior","TOR_20260901_1_PA012","TOR_20260901_1",2026-09-01,0,0.0674672748000688
1,"M7_forest_player_behavior","TOR_20260901_1_PA013","TOR_20260901_1",2026-09-01,1,0.225419934839084
1,"M7_forest_player_behavior","TOR_20260901_1_PA014","TOR_20260901_1",2026-09-01,0,0.429247285328823
1,"M7_forest_player_behavior","TOR_20260901_1_PA015","TOR_20260901_1",2026-09-01,0,0.0932264924280512
1,"M7_forest_player_behavior","TOR_20260901_1_PA016","TOR_20260901_1",2026-09-01,1,0.0775583323363867
1,"M7_forest_player_behavior","TOR_20260901_1_PA017","TOR_20260901_1",2026-09-01,0,0.123755073248233
1,"M7_forest_player_behavior","TOR_20260901_1_PA018","TOR_20260901_1",2026-09-01,1,0.12866548384445
1,"M7_forest_player_behavior","TOR_20260901_1_PA019","TOR_20260901_1",2026-09-01,0,0.214001040347512
1,"M7_forest_player_behavior","TOR_20260901_1_PA020","TOR_20260901_1",2026-09-01,1,0.0468853272301007
1,"M7_forest_player_behavior","TOR_20260901_1_PA021","TOR_20260901_1",2026-09-01,0,0.123434064459866
1,"M7_forest_player_behavior","TOR_20260901_1_PA022","TOR_20260901_1",2026-09-01,1,0.190987514144698
1,"M7_forest_player_behavior","TOR_20260901_1_PA023","TOR_20260901_1",2026-09-01,1,0.167302357442681
1,"M7_forest_player_behavior","TOR_20260901_1_PA024","TOR_20260901_1",2026-09-01,1,0.201452107838459
1,"M7_forest_player_behavior","TOR_20260901_1_PA025","TOR_20260901_1",2026-09-01,1,0.159906777334224
1,"M7_forest_player_behavior","TOR_20260901_1_PA026","TOR_20260901_1",2026-09-01,0,0.0775171426649055
1,"M7_forest_player_behavior","TOR_20260901_1_PA027","TOR_20260901_1",2026-09-01,1,0.327235986763474
1,"M7_forest_player_behavior","TOR_20260901_1_PA028","TOR_20260901_1",2026-09-01,0,0.27910088729036
1,"M7_forest_player_behavior","TOR_20260901_1_PA029","TOR_20260901_1",2026-09-01,0,0.0805400331119363
1,"M7_forest_player_behavior","TOR_20260901_1_PA030","TOR_20260901_1",2026-09-01,0,0.087342942225233
1,"M7_forest_player_behavior","TOR_20260901_1_PA031","TOR_20260901_1",2026-09-01,0,0.184388417493871
1,"M7_forest_player_behavior","TOR_20260901_1_PA032","TOR_20260901_1",2026-09-01,0,0.237765281374907
1,"M7_forest_player_behavior","TOR_20260902_1_PA001","TOR_20260902_1",2026-09-02,0,0.259169737045188
1,"M7_forest_player_behavior","TOR_20260902_1_PA002","TOR_20260902_1",2026-09-02,0,0.193527376317919
1,"M7_forest_player_behavior","TOR_20260902_1_PA003","TOR_20260902_1",2026-09-02,0,0.228056050742427
1,"M7_forest_player_behavior","TOR_20260902_1_PA004","TOR_20260902_1",2026-09-02,1,0.0823865351334108
1,"M7_forest_player_behavior","TOR_20260902_1_PA005","TOR_20260902_1",2026-09-02,0,0.261218210165897
1,"M7_forest_player_behavior","TOR_20260902_1_PA006","TOR_20260902_1",2026-09-02,0,0.233420896459307
1,"M7_forest_player_behavior","TOR_20260902_1_PA007","TOR_20260902_1",2026-09-02,0,0.162991455160076
1,"M7_forest_player_behavior","TOR_20260902_1_PA008","TOR_20260902_1",2026-09-02,0,0.155952936937671
1,"M7_forest_player_behavior","TOR_20260902_1_PA009","TOR_20260902_1",2026-09-02,0,0.17529446847612
1,"M7_forest_player_behavior","TOR_20260902_1_PA010","TOR_20260902_1",2026-09-02,0,0.254411824074592
1,"M7_forest_player_behavior","TOR_20260902_1_PA011","TOR_20260902_1",2026-09-02,0,0.178220096818974
1,"M7_forest_player_behavior","TOR_20260902_1_PA012","TOR_20260902_1",2026-09-02,0,0.149667330099196
1,"M7_forest_player_behavior","TOR_20260902_1_PA013","TOR_20260902_1",2026-09-02,0,0.108267841032198
1,"M7_forest_player_behavior","TOR_20260902_1_PA014","TOR_20260902_1",2026-09-02,1,0.243629578962954
1,"M7_forest_player_behavior","TOR_20260902_1_PA015","TOR_20260902_1",2026-09-02,0,0.175756623819525
1,"M7_forest_player_behavior","TOR_20260902_1_PA016","TOR_20260902_1",2026-09-02,0,0.143561335649628
1,"M7_forest_player_behavior","TOR_20260902_1_PA017","TOR_20260902_1",2026-09-02,0,0.352963992902258
1,"M7_forest_player_behavior","TOR_20260902_1_PA018","TOR_20260902_1",2026-09-02,0,0.393369788373733
1,"M7_forest_player_behavior","TOR_20260902_1_PA019","TOR_20260902_1",2026-09-02,0,0.230378313096359
1,"M7_forest_player_behavior","TOR_20260902_1_PA020","TOR_20260902_1",2026-09-02,1,0.281127252959322
1,"M7_forest_player_behavior","TOR_20260902_1_PA021","TOR_20260902_1",2026-09-02,0,0.102732987113866
1,"M7_forest_player_behavior","TOR_20260902_1_PA022","TOR_20260902_1",2026-09-02,1,0.057635314039637
1,"M7_forest_player_behavior","TOR_20260902_1_PA023","TOR_20260902_1",2026-09-02,1,0.204813902595894
1,"M7_forest_player_behavior","TOR_20260902_1_PA024","TOR_20260902_1",2026-09-02,0,0.376346900846605
1,"M7_forest_player_behavior","TOR_20260902_1_PA025","TOR_20260902_1",2026-09-02,0,0.119436291488066
1,"M7_forest_player_behavior","TOR_20260902_1_PA026","TOR_20260902_1",2026-09-02,1,0.0824637325334448
1,"M7_forest_player_behavior","TOR_20260902_1_PA027","TOR_20260902_1",2026-09-02,0,0.135464903080976
1,"M7_forest_player_behavior","TOR_20260902_1_PA028","TOR_20260902_1",2026-09-02,0,0.255320352541132
1,"M7_forest_player_behavior","TOR_20260902_1_PA029","TOR_20260902_1",2026-09-02,0,0.212900218484013
1,"M7_forest_player_behavior","TOR_20260902_1_PA030","TOR_20260902_1",2026-09-02,0,0.134658936400245
1,"M7_forest_player_behavior","TOR_20260902_1_PA031","TOR_20260902_1",2026-09-02,0,0.0335159620783953
1,"M7_forest_player_behavior","TOR_20260902_1_PA032","TOR_20260902_1",2026-09-02,1,0.199408820858024
1,"M7_forest_player_behavior","TOR_20260902_1_PA033","TOR_20260902_1",2026-09-02,1,0.410550525374246
1,"M7_forest_player_behavior","TOR_20260902_1_PA034","TOR_20260902_1",2026-09-02,0,0.0839766239159749
1,"M7_forest_player_behavior","TOR_20260902_1_PA035","TOR_20260902_1",2026-09-02,0,0.223048863852809
1,"M7_forest_player_behavior","TOR_20260902_1_PA036","TOR_20260902_1",2026-09-02,0,0.136668495392623
1,"M7_forest_player_behavior","TOR_20260902_1_PA037","TOR_20260902_1",2026-09-02,0,0.228073778757613
1,"M7_forest_player_behavior","TOR_20260902_1_PA038","TOR_20260902_1",2026-09-02,0,0.349796158231637
1,"M7_forest_player_behavior","TOR_20260902_1_PA040","TOR_20260902_1",2026-09-02,0,0.0788545313379461
1,"M7_forest_player_behavior","TOR_20260902_1_PA041","TOR_20260902_1",2026-09-02,0,0.263450446870033
1,"M7_forest_player_behavior","TOR_20260902_1_PA042","TOR_20260902_1",2026-09-02,0,0.242907860404638
1,"M7_forest_player_behavior","TOR_20260902_1_PA043","TOR_20260902_1",2026-09-02,0,0.127659548512728
1,"M7_forest_player_behavior","TOR_20260902_1_PA044","TOR_20260902_1",2026-09-02,0,0.22079399970723
2,"M4_ridge_player_context","TOR_20260903_1_PA001","TOR_20260903_1",2026-09-03,0,0.424729635278834
2,"M4_ridge_player_context","TOR_20260903_1_PA002","TOR_20260903_1",2026-09-03,0,0.400672530425212
2,"M4_ridge_player_context","TOR_20260903_1_PA003","TOR_20260903_1",2026-09-03,1,0.0957871521844484
2,"M4_ridge_player_context","TOR_20260903_1_PA004","TOR_20260903_1",2026-09-03,1,0.578092843830037
2,"M4_ridge_player_context","TOR_20260903_1_PA005","TOR_20260903_1",2026-09-03,0,0.351426995109349
2,"M4_ridge_player_context","TOR_20260903_1_PA006","TOR_20260903_1",2026-09-03,0,0.355123872791231
2,"M4_ridge_player_context","TOR_20260903_1_PA007","TOR_20260903_1",2026-09-03,1,0.23747631813764
2,"M4_ridge_player_context","TOR_20260903_1_PA008","TOR_20260903_1",2026-09-03,0,0.399769487053502
2,"M4_ridge_player_context","TOR_20260903_1_PA009","TOR_20260903_1",2026-09-03,0,0.395498995206491
2,"M4_ridge_player_context","TOR_20260903_1_PA010","TOR_20260903_1",2026-09-03,0,0.372026833761167
2,"M4_ridge_player_context","TOR_20260903_1_PA011","TOR_20260903_1",2026-09-03,0,0.0811936847790559
2,"M4_ridge_player_context","TOR_20260903_1_PA012","TOR_20260903_1",2026-09-03,0,0.548368626330507
2,"M4_ridge_player_context","TOR_20260903_1_PA013","TOR_20260903_1",2026-09-03,0,0.269352690751881
2,"M4_ridge_player_context","TOR_20260903_1_PA014","TOR_20260903_1",2026-09-03,1,0.354876938068011
2,"M4_ridge_player_context","TOR_20260903_1_PA015","TOR_20260903_1",2026-09-03,0,0.327952696211827
2,"M4_ridge_player_context","TOR_20260903_1_PA016","TOR_20260903_1",2026-09-03,0,0.206219258287619
2,"M4_ridge_player_context","TOR_20260903_1_PA017","TOR_20260903_1",2026-09-03,0,0.371148370855117
2,"M4_ridge_player_context","TOR_20260903_1_PA018","TOR_20260903_1",2026-09-03,0,0.308020128440361
2,"M4_ridge_player_context","TOR_20260903_1_PA019","TOR_20260903_1",2026-09-03,0,0.287272462377803
2,"M4_ridge_player_context","TOR_20260903_1_PA020","TOR_20260903_1",2026-09-03,0,0.0600335484513282
2,"M4_ridge_player_context","TOR_20260903_1_PA021","TOR_20260903_1",2026-09-03,0,0.467391018708551
2,"M4_ridge_player_context","TOR_20260903_1_PA022","TOR_20260903_1",2026-09-03,0,0.311294522745466
2,"M4_ridge_player_context","TOR_20260903_1_PA023","TOR_20260903_1",2026-09-03,0,0.284474670693286
2,"M4_ridge_player_context","TOR_20260903_1_PA024","TOR_20260903_1",2026-09-03,1,0.260733027706638
2,"M4_ridge_player_context","TOR_20260903_1_PA025","TOR_20260903_1",2026-09-03,0,0.16629224217771
2,"M4_ridge_player_context","TOR_20260903_1_PA026","TOR_20260903_1",2026-09-03,0,0.357156480970951
2,"M4_ridge_player_context","TOR_20260903_1_PA027","TOR_20260903_1",2026-09-03,0,0.353073430479775
2,"M4_ridge_player_context","TOR_20260903_1_PA028","TOR_20260903_1",2026-09-03,0,0.330741538381621
2,"M4_ridge_player_context","TOR_20260903_1_PA029","TOR_20260903_1",2026-09-03,0,0.0726211715939392
2,"M4_ridge_player_context","TOR_20260903_1_PA030","TOR_20260903_1",2026-09-03,0,0.25154035959295
2,"M4_ridge_player_context","TOR_20260903_1_PA031","TOR_20260903_1",2026-09-03,1,0.285989616027604
2,"M4_ridge_player_context","TOR_20260903_1_PA032","TOR_20260903_1",2026-09-03,1,0.314541556756366
2,"M4_ridge_player_context","TOR_20260903_1_PA033","TOR_20260903_1",2026-09-03,0,0.289305177455282
2,"M4_ridge_player_context","TOR_20260903_1_PA034","TOR_20260903_1",2026-09-03,0,0.178115307812904
2,"M4_ridge_player_context","TOR_20260903_1_PA035","TOR_20260903_1",2026-09-03,0,0.329909346885555
2,"M4_ridge_player_context","TOR_20260903_1_PA036","TOR_20260903_1",2026-09-03,1,0.325979833816017
2,"M4_ridge_player_context","TOR_20260903_1_PA037","TOR_20260903_1",2026-09-03,0,0.304554863897481
2,"M4_ridge_player_context","TOR_20260903_1_PA038","TOR_20260903_1",2026-09-03,0,0.0505825326076884
2,"M4_ridge_player_context","TOR_20260903_1_PA039","TOR_20260903_1",2026-09-03,0,0.229474365229084
2,"M4_ridge_player_context","TOR_20260903_1_PA040","TOR_20260903_1",2026-09-03,1,0.261959309839332
2,"M4_ridge_player_context","TOR_20260903_1_PA041","TOR_20260903_1",2026-09-03,0,0.289083493361996
2,"M4_ridge_player_context","TOR_20260903_1_PA042","TOR_20260903_1",2026-09-03,0,0.265099716679683
2,"M4_ridge_player_context","TOR_20260903_1_PA043","TOR_20260903_1",2026-09-03,0,0.135418951502842
2,"M4_ridge_player_context","TOR_20260903_1_PA044","TOR_20260903_1",2026-09-03,1,0.262445244869676
2,"M4_ridge_player_context","TOR_20260904_1_PA001","TOR_20260904_1",2026-09-04,0,0.20048411871885
2,"M4_ridge_player_context","TOR_20260904_1_PA002","TOR_20260904_1",2026-09-04,0,0.195677743478722
2,"M4_ridge_player_context","TOR_20260904_1_PA003","TOR_20260904_1",2026-09-04,0,0.0347294543801424
2,"M4_ridge_player_context","TOR_20260904_1_PA004","TOR_20260904_1",2026-09-04,0,0.110722715149111
2,"M4_ridge_player_context","TOR_20260904_1_PA005","TOR_20260904_1",2026-09-04,0,0.186444568410625
2,"M4_ridge_player_context","TOR_20260904_1_PA006","TOR_20260904_1",2026-09-04,0,0.203755905462017
2,"M4_ridge_player_context","TOR_20260904_1_PA007","TOR_20260904_1",2026-09-04,0,0.0794177320888836
2,"M4_ridge_player_context","TOR_20260904_1_PA008","TOR_20260904_1",2026-09-04,0,0.148449167105829
2,"M4_ridge_player_context","TOR_20260904_1_PA009","TOR_20260904_1",2026-09-04,0,0.13375842503923
2,"M4_ridge_player_context","TOR_20260904_1_PA010","TOR_20260904_1",2026-09-04,0,0.190972225692381
2,"M4_ridge_player_context","TOR_20260904_1_PA011","TOR_20260904_1",2026-09-04,0,0.149537435403175
2,"M4_ridge_player_context","TOR_20260904_1_PA012","TOR_20260904_1",2026-09-04,0,0.0253444827832343
2,"M4_ridge_player_context","TOR_20260904_1_PA013","TOR_20260904_1",2026-09-04,0,0.0825584122345968
2,"M4_ridge_player_context","TOR_20260904_1_PA014","TOR_20260904_1",2026-09-04,0,0.177450936722567
2,"M4_ridge_player_context","TOR_20260904_1_PA015","TOR_20260904_1",2026-09-04,0,0.228010028787119
2,"M4_ridge_player_context","TOR_20260904_1_PA016","TOR_20260904_1",2026-09-04,0,0.090554467278449
2,"M4_ridge_player_context","TOR_20260904_1_PA017","TOR_20260904_1",2026-09-04,0,0.16750479331065
2,"M4_ridge_player_context","TOR_20260904_1_PA018","TOR_20260904_1",2026-09-04,0,0.126909793311168
2,"M4_ridge_player_context","TOR_20260904_1_PA019","TOR_20260904_1",2026-09-04,0,0.172991428018066
2,"M4_ridge_player_context","TOR_20260904_1_PA020","TOR_20260904_1",2026-09-04,0,0.168705081067138
2,"M4_ridge_player_context","TOR_20260904_1_PA021","TOR_20260904_1",2026-09-04,0,0.02913854466733
2,"M4_ridge_player_context","TOR_20260904_1_PA022","TOR_20260904_1",2026-09-04,0,0.0890641469098499
2,"M4_ridge_player_context","TOR_20260904_1_PA023","TOR_20260904_1",2026-09-04,0,0.189886667057067
2,"M4_ridge_player_context","TOR_20260904_1_PA024","TOR_20260904_1",2026-09-04,0,0.207436112755018
2,"M4_ridge_player_context","TOR_20260904_1_PA025","TOR_20260904_1",2026-09-04,0,0.0766905998636985
2,"M4_ridge_player_context","TOR_20260904_1_PA026","TOR_20260904_1",2026-09-04,0,0.143721638209808
2,"M4_ridge_player_context","TOR_20260904_1_PA027","TOR_20260904_1",2026-09-04,0,0.0851665816759954
2,"M4_ridge_player_context","TOR_20260904_1_PA028","TOR_20260904_1",2026-09-04,0,0.124585019691022
2,"M4_ridge_player_context","TOR_20260904_1_PA029","TOR_20260904_1",2026-09-04,0,0.121322124467882
2,"M4_ridge_player_context","TOR_20260904_1_PA030","TOR_20260904_1",2026-09-04,0,0.0200110128744425
2,"M4_ridge_player_context","TOR_20260904_1_PA031","TOR_20260904_1",2026-09-04,0,0.0660002042106667
2,"M4_ridge_player_context","TOR_20260904_1_PA032","TOR_20260904_1",2026-09-04,1,0.17198635092178
2,"M4_ridge_player_context","TOR_20260904_1_PA033","TOR_20260904_1",2026-09-04,1,0.13483648326487
2,"M4_ridge_player_context","TOR_20260904_1_PA034","TOR_20260904_1",2026-09-04,0,0.188265901957547
2,"M4_ridge_player_context","TOR_20260904_1_PA035","TOR_20260904_1",2026-09-04,0,0.129477676252249
2,"M4_ridge_player_context","TOR_20260904_1_PA036","TOR_20260904_1",2026-09-04,0,0.0970245120435556
2,"M4_ridge_player_context","TOR_20260904_1_PA037","TOR_20260904_1",2026-09-04,1,0.141084862254009
2,"M4_ridge_player_context","TOR_20260904_1_PA038","TOR_20260904_1",2026-09-04,0,0.109015501706206
2,"M4_ridge_player_context","TOR_20260904_1_PA039","TOR_20260904_1",2026-09-04,0,0.107580796723123
2,"M4_ridge_player_context","TOR_20260904_1_PA040","TOR_20260904_1",2026-09-04,0,0.071302534285873
2,"M4_ridge_player_context","TOR_20260904_1_PA041","TOR_20260904_1",2026-09-04,1,0.155449673694359
2,"M4_ridge_player_context","TOR_20260904_1_PA042","TOR_20260904_1",2026-09-04,0,0.121348317473067
2,"M4_ridge_player_context","TOR_20260904_1_PA043","TOR_20260904_1",2026-09-04,0,0.0647980550826046
2,"M4_ridge_player_context","TOR_20260905_1_PA001","TOR_20260905_1",2026-09-05,0,0.20048411871885
2,"M4_ridge_player_context","TOR_20260905_1_PA002","TOR_20260905_1",2026-09-05,0,0.195677743478722
2,"M4_ridge_player_context","TOR_20260905_1_PA003","TOR_20260905_1",2026-09-05,0,0.0347294543801424
2,"M4_ridge_player_context","TOR_20260905_1_PA004","TOR_20260905_1",2026-09-05,0,0.110722715149111
2,"M4_ridge_player_context","TOR_20260905_1_PA005","TOR_20260905_1",2026-09-05,0,0.148449167105829
2,"M4_ridge_player_context","TOR_20260905_1_PA006","TOR_20260905_1",2026-09-05,0,0.229876052699198
2,"M4_ridge_player_context","TOR_20260905_1_PA007","TOR_20260905_1",2026-09-05,0,0.132353199041864
2,"M4_ridge_player_context","TOR_20260905_1_PA008","TOR_20260905_1",2026-09-05,0,0.0956561462219301
2,"M4_ridge_player_context","TOR_20260905_1_PA009","TOR_20260905_1",2026-09-05,0,0.13375842503923
2,"M4_ridge_player_context","TOR_20260905_1_PA010","TOR_20260905_1",2026-09-05,0,0.190972225692381
2,"M4_ridge_player_context","TOR_20260905_1_PA011","TOR_20260905_1",2026-09-05,0,0.149537435403175
2,"M4_ridge_player_context","TOR_20260905_1_PA012","TOR_20260905_1",2026-09-05,0,0.0253444827832343
2,"M4_ridge_player_context","TOR_20260905_1_PA013","TOR_20260905_1",2026-09-05,0,0.099369678896212
2,"M4_ridge_player_context","TOR_20260905_1_PA014","TOR_20260905_1",2026-09-05,0,0.16750479331065
2,"M4_ridge_player_context","TOR_20260905_1_PA015","TOR_20260905_1",2026-09-05,0,0.209179384033565
2,"M4_ridge_player_context","TOR_20260905_1_PA016","TOR_20260905_1",2026-09-05,0,0.149705909558991
2,"M4_ridge_player_context","TOR_20260905_1_PA017","TOR_20260905_1",2026-09-05,0,0.090554467278449
2,"M4_ridge_player_context","TOR_20260905_1_PA018","TOR_20260905_1",2026-09-05,0,0.120363098024491
2,"M4_ridge_player_context","TOR_20260905_1_PA019","TOR_20260905_1",2026-09-05,1,0.172991428018066
2,"M4_ridge_player_context","TOR_20260905_1_PA020","TOR_20260905_1",2026-09-05,0,0.168705081067138
2,"M4_ridge_player_context","TOR_20260905_1_PA021","TOR_20260905_1",2026-09-05,0,0.027476696188103
2,"M4_ridge_player_context","TOR_20260905_1_PA022","TOR_20260905_1",2026-09-05,0,0.0890641469098499
2,"M4_ridge_player_context","TOR_20260905_1_PA023","TOR_20260905_1",2026-09-05,0,0.151320274181644
2,"M4_ridge_player_context","TOR_20260905_1_PA024","TOR_20260905_1",2026-09-05,0,0.180763889002483
2,"M4_ridge_player_context","TOR_20260905_1_PA025","TOR_20260905_1",2026-09-05,0,0.12806117728273
2,"M4_ridge_player_context","TOR_20260905_1_PA026","TOR_20260905_1",2026-09-05,1,0.0599481999284776
2,"M4_ridge_player_context","TOR_20260905_1_PA027","TOR_20260905_1",2026-09-05,1,0.0851665816759954
2,"M4_ridge_player_context","TOR_20260905_1_PA028","TOR_20260905_1",2026-09-05,0,0.124585019691022
2,"M4_ridge_player_context","TOR_20260905_1_PA029","TOR_20260905_1",2026-09-05,0,0.144781141814131
2,"M4_ridge_player_context","TOR_20260905_1_PA030","TOR_20260905_1",2026-09-05,1,0.0244249110939478
2,"M4_ridge_player_context","TOR_20260905_1_PA031","TOR_20260905_1",2026-09-05,0,0.062371096853147
2,"M4_ridge_player_context","TOR_20260905_1_PA032","TOR_20260905_1",2026-09-05,0,0.108184620976341
2,"M4_ridge_player_context","TOR_20260905_1_PA033","TOR_20260905_1",2026-09-05,0,0.137538883493147
2,"M4_ridge_player_context","TOR_20260905_1_PA034","TOR_20260905_1",2026-09-05,0,0.0959624497347286
2,"M4_ridge_player_context","TOR_20260905_1_PA035","TOR_20260905_1",2026-09-05,0,0.0685580513750506
2,"M4_ridge_player_context","TOR_20260905_1_PA036","TOR_20260905_1",2026-09-05,0,0.0970245120435556
2,"M4_ridge_player_context","TOR_20260905_1_PA037","TOR_20260905_1",2026-09-05,0,0.141084862254009
2,"M4_ridge_player_context","TOR_20260905_1_PA038","TOR_20260905_1",2026-09-05,0,0.137457687844458
2,"M4_ridge_player_context","TOR_20260905_1_PA039","TOR_20260905_1",2026-09-05,0,0.0217045173133166
2,"M4_ridge_player_context","TOR_20260905_1_PA040","TOR_20260905_1",2026-09-05,0,0.071302534285873
2,"M4_ridge_player_context","TOR_20260905_1_PA041","TOR_20260905_1",2026-09-05,0,0.122817149468696
2,"M4_ridge_player_context","TOR_20260905_1_PA042","TOR_20260905_1",2026-09-05,0,0.155449673694359
2,"M4_ridge_player_context","TOR_20260906_1_PA001","TOR_20260906_1",2026-09-06,0,0.20048411871885
2,"M4_ridge_player_context","TOR_20260906_1_PA002","TOR_20260906_1",2026-09-06,0,0.185042908636162
2,"M4_ridge_player_context","TOR_20260906_1_PA003","TOR_20260906_1",2026-09-06,0,0.0347294543801424
2,"M4_ridge_player_context","TOR_20260906_1_PA004","TOR_20260906_1",2026-09-06,0,0.31757581903509
2,"M4_ridge_player_context","TOR_20260906_1_PA005","TOR_20260906_1",2026-09-06,1,0.219352257460541
2,"M4_ridge_player_context","TOR_20260906_1_PA006","TOR_20260906_1",2026-09-06,1,0.155426787721519
2,"M4_ridge_player_context","TOR_20260906_1_PA007","TOR_20260906_1",2026-09-06,0,0.165602416063596
2,"M4_ridge_player_context","TOR_20260906_1_PA008","TOR_20260906_1",2026-09-06,0,0.149705909558991
2,"M4_ridge_player_context","TOR_20260906_1_PA009","TOR_20260906_1",2026-09-06,0,0.184476264990528
2,"M4_ridge_player_context","TOR_20260906_1_PA010","TOR_20260906_1",2026-09-06,0,0.172991428018066
2,"M4_ridge_player_context","TOR_20260906_1_PA011","TOR_20260906_1",2026-09-06,0,0.159245939803503
2,"M4_ridge_player_context","TOR_20260906_1_PA012","TOR_20260906_1",2026-09-06,0,0.02913854466733
2,"M4_ridge_player_context","TOR_20260906_1_PA013","TOR_20260906_1",2026-09-06,0,0.279642322546057
2,"M4_ridge_player_context","TOR_20260906_1_PA014","TOR_20260906_1",2026-09-06,0,0.189886667057067
2,"M4_ridge_player_context","TOR_20260906_1_PA015","TOR_20260906_1",2026-09-06,1,0.133084380747973
2,"M4_ridge_player_context","TOR_20260906_1_PA016","TOR_20260906_1",2026-09-06,0,0.142043282913264
2,"M4_ridge_player_context","TOR_20260906_1_PA017","TOR_20260906_1",2026-09-06,0,0.12806117728273
2,"M4_ridge_player_context","TOR_20260906_1_PA018","TOR_20260906_1",2026-09-06,0,0.15874290494686
2,"M4_ridge_player_context","TOR_20260906_1_PA019","TOR_20260906_1",2026-09-06,0,0.156376362544699
2,"M4_ridge_player_context","TOR_20260906_1_PA020","TOR_20260906_1",2026-09-06,0,0.143721638209808
2,"M4_ridge_player_context","TOR_20260906_1_PA021","TOR_20260906_1",2026-09-06,0,0.0200110128744425
2,"M4_ridge_player_context","TOR_20260906_1_PA022","TOR_20260906_1",2026-09-06,0,0.102449639501165
2,"M4_ridge_player_context","TOR_20260906_1_PA023","TOR_20260906_1",2026-09-06,0,0.17198635092178
2,"M4_ridge_player_context","TOR_20260906_1_PA024","TOR_20260906_1",2026-09-06,0,0.151153003139157
2,"M4_ridge_player_context","TOR_20260906_1_PA025","TOR_20260906_1",2026-09-06,0,0.115025696821048
2,"M4_ridge_player_context","TOR_20260906_1_PA026","TOR_20260906_1",2026-09-06,0,0.0959624497347286
2,"M4_ridge_player_context","TOR_20260906_1_PA027","TOR_20260906_1",2026-09-06,0,0.143259286427775
2,"M4_ridge_player_context","TOR_20260906_1_PA028","TOR_20260906_1",2026-09-06,0,0.141084862254009
2,"M4_ridge_player_context","TOR_20260906_1_PA029","TOR_20260906_1",2026-09-06,1,0.129477676252249
2,"M4_ridge_player_context","TOR_20260906_1_PA030","TOR_20260906_1",2026-09-06,1,0.0230255178844744
2,"M4_ridge_player_context","TOR_20260906_1_PA031","TOR_20260906_1",2026-09-06,0,0.0918572661365638
2,"M4_ridge_player_context","TOR_20260906_1_PA032","TOR_20260906_1",2026-09-06,0,0.155449673694359
2,"M4_ridge_player_context","TOR_20260906_1_PA033","TOR_20260906_1",2026-09-06,0,0.136289759995239
2,"M4_ridge_player_context","TOR_20260906_1_PA034","TOR_20260906_1",2026-09-06,0,0.0505098983970493
2,"M4_ridge_player_context","TOR_20260907_1_PA001","TOR_20260907_1",2026-09-07,0,0.249622585898464
2,"M4_ridge_player_context","TOR_20260907_1_PA002","TOR_20260907_1",2026-09-07,0,0.243997688398733
2,"M4_ridge_player_context","TOR_20260907_1_PA003","TOR_20260907_1",2026-09-07,1,0.0455565023152715
2,"M4_ridge_player_context","TOR_20260907_1_PA004","TOR_20260907_1",2026-09-07,0,0.1345668791398
2,"M4_ridge_player_context","TOR_20260907_1_PA005","TOR_20260907_1",2026-09-07,0,0.271544618090067
2,"M4_ridge_player_context","TOR_20260907_1_PA006","TOR_20260907_1",2026-09-07,0,0.22091598334981
2,"M4_ridge_player_context","TOR_20260907_1_PA007","TOR_20260907_1",2026-09-07,0,0.0972576623688573
2,"M4_ridge_player_context","TOR_20260907_1_PA008","TOR_20260907_1",2026-09-07,0,0.16001730521849
2,"M4_ridge_player_context","TOR_20260907_1_PA009","TOR_20260907_1",2026-09-07,0,0.135902000500854
2,"M4_ridge_player_context","TOR_20260907_1_PA010","TOR_20260907_1",2026-09-07,0,0.227673650340235
2,"M4_ridge_player_context","TOR_20260907_1_PA011","TOR_20260907_1",2026-09-07,0,0.222396755416234
2,"M4_ridge_player_context","TOR_20260907_1_PA012","TOR_20260907_1",2026-09-07,0,0.0405804185264696
2,"M4_ridge_player_context","TOR_20260907_1_PA013","TOR_20260907_1",2026-09-07,0,0.121101907724956
2,"M4_ridge_player_context","TOR_20260907_1_PA014","TOR_20260907_1",2026-09-07,0,0.248305960340197
2,"M4_ridge_player_context","TOR_20260907_1_PA015","TOR_20260907_1",2026-09-07,0,0.200815669810985
2,"M4_ridge_player_context","TOR_20260907_1_PA016","TOR_20260907_1",2026-09-07,0,0.104789418568514
2,"M4_ridge_player_context","TOR_20260907_1_PA017","TOR_20260907_1",2026-09-07,0,0.17148600074559
2,"M4_ridge_player_context","TOR_20260907_1_PA018","TOR_20260907_1",2026-09-07,0,0.145942611087624
2,"M4_ridge_player_context","TOR_20260907_1_PA019","TOR_20260907_1",2026-09-07,0,0.197372866201145
2,"M4_ridge_player_context","TOR_20260907_1_PA020","TOR_20260907_1",2026-09-07,0,0.1926231093919
2,"M4_ridge_player_context","TOR_20260907_1_PA021","TOR_20260907_1",2026-09-07,0,0.0340808495409156
2,"M4_ridge_player_context","TOR_20260907_1_PA022","TOR_20260907_1",2026-09-07,0,0.108814856863074
2,"M4_ridge_player_context","TOR_20260907_1_PA023","TOR_20260907_1",2026-09-07,0,0.216027312283504
2,"M4_ridge_player_context","TOR_20260907_1_PA024","TOR_20260907_1",2026-09-07,0,0.173287367347015
2,"M4_ridge_player_context","TOR_20260907_1_PA025","TOR_20260907_1",2026-09-07,0,0.0939804631186382
2,"M4_ridge_player_context","TOR_20260907_1_PA026","TOR_20260907_1",2026-09-07,0,0.123437965789518
2,"M4_ridge_player_context","TOR_20260907_1_PA027","TOR_20260907_1",2026-09-07,0,0.13699460311473
2,"M4_ridge_player_context","TOR_20260907_1_PA028","TOR_20260907_1",2026-09-07,1,0.1509078457612
2,"M4_ridge_player_context","TOR_20260907_1_PA029","TOR_20260907_1",2026-09-07,1,0.174520404768291
2,"M4_ridge_player_context","TOR_20260907_1_PA030","TOR_20260907_1",2026-09-07,0,0.0303184207325813
2,"M4_ridge_player_context","TOR_20260907_1_PA031","TOR_20260907_1",2026-09-07,0,0.0976359662737831
2,"M4_ridge_player_context","TOR_20260907_1_PA032","TOR_20260907_1",2026-09-07,0,0.205967954792938
2,"M4_ridge_player_context","TOR_20260907_1_PA033","TOR_20260907_1",2026-09-07,0,0.131563068771089
2,"M4_ridge_player_context","TOR_20260907_1_PA034","TOR_20260907_1",2026-09-07,0,0.0841816002691705
2,"M4_ridge_player_context","TOR_20260907_1_PA035","TOR_20260907_1",2026-09-07,0,0.139810156125398
2,"M4_ridge_player_context","TOR_20260907_1_PA036","TOR_20260907_1",2026-09-07,0,0.1548472407682
2,"M4_ridge_player_context","TOR_20260907_1_PA037","TOR_20260907_1",2026-09-07,0,0.170215992820325
2,"M4_ridge_player_context","TOR_20260907_1_PA038","TOR_20260907_1",2026-09-07,1,0.165984612740891
2,"M6_forest_player_context","TOR_20260903_1_PA001","TOR_20260903_1",2026-09-03,0,0.344837026331233
2,"M6_forest_player_context","TOR_20260903_1_PA002","TOR_20260903_1",2026-09-03,0,0.344821666473125
2,"M6_forest_player_context","TOR_20260903_1_PA003","TOR_20260903_1",2026-09-03,1,0.111851988489291
2,"M6_forest_player_context","TOR_20260903_1_PA004","TOR_20260903_1",2026-09-03,1,0.387613052100914
2,"M6_forest_player_context","TOR_20260903_1_PA005","TOR_20260903_1",2026-09-03,0,0.308270738900519
2,"M6_forest_player_context","TOR_20260903_1_PA006","TOR_20260903_1",2026-09-03,0,0.318649093362679
2,"M6_forest_player_context","TOR_20260903_1_PA007","TOR_20260903_1",2026-09-03,1,0.144605148994483
2,"M6_forest_player_context","TOR_20260903_1_PA008","TOR_20260903_1",2026-09-03,0,0.329960231028275
2,"M6_forest_player_context","TOR_20260903_1_PA009","TOR_20260903_1",2026-09-03,0,0.30456747026043
2,"M6_forest_player_context","TOR_20260903_1_PA010","TOR_20260903_1",2026-09-03,0,0.315053375747444
2,"M6_forest_player_context","TOR_20260903_1_PA011","TOR_20260903_1",2026-09-03,0,0.0967052077400303
2,"M6_forest_player_context","TOR_20260903_1_PA012","TOR_20260903_1",2026-09-03,0,0.441386704987482
2,"M6_forest_player_context","TOR_20260903_1_PA013","TOR_20260903_1",2026-09-03,0,0.234651671965237
2,"M6_forest_player_context","TOR_20260903_1_PA014","TOR_20260903_1",2026-09-03,1,0.335516571753371
2,"M6_forest_player_context","TOR_20260903_1_PA015","TOR_20260903_1",2026-09-03,0,0.37977010784401
2,"M6_forest_player_context","TOR_20260903_1_PA016","TOR_20260903_1",2026-09-03,0,0.142225327082232
2,"M6_forest_player_context","TOR_20260903_1_PA017","TOR_20260903_1",2026-09-03,0,0.345820678723389
2,"M6_forest_player_context","TOR_20260903_1_PA018","TOR_20260903_1",2026-09-03,0,0.187616343087417
2,"M6_forest_player_context","TOR_20260903_1_PA019","TOR_20260903_1",2026-09-03,0,0.233278694388064
2,"M6_forest_player_context","TOR_20260903_1_PA020","TOR_20260903_1",2026-09-03,0,0.0563228542340184
2,"M6_forest_player_context","TOR_20260903_1_PA021","TOR_20260903_1",2026-09-03,0,0.33358286804198
2,"M6_forest_player_context","TOR_20260903_1_PA022","TOR_20260903_1",2026-09-03,0,0.359662205217708
2,"M6_forest_player_context","TOR_20260903_1_PA023","TOR_20260903_1",2026-09-03,0,0.211272635023516
2,"M6_forest_player_context","TOR_20260903_1_PA024","TOR_20260903_1",2026-09-03,1,0.280669367151227
2,"M6_forest_player_context","TOR_20260903_1_PA025","TOR_20260903_1",2026-09-03,0,0.102980746992032
2,"M6_forest_player_context","TOR_20260903_1_PA026","TOR_20260903_1",2026-09-03,0,0.36207604075888
2,"M6_forest_player_context","TOR_20260903_1_PA027","TOR_20260903_1",2026-09-03,0,0.302451128143728
2,"M6_forest_player_context","TOR_20260903_1_PA028","TOR_20260903_1",2026-09-03,0,0.386298538231821
2,"M6_forest_player_context","TOR_20260903_1_PA029","TOR_20260903_1",2026-09-03,0,0.105429603743552
2,"M6_forest_player_context","TOR_20260903_1_PA030","TOR_20260903_1",2026-09-03,0,0.274464585153858
2,"M6_forest_player_context","TOR_20260903_1_PA031","TOR_20260903_1",2026-09-03,1,0.399549479943935
2,"M6_forest_player_context","TOR_20260903_1_PA032","TOR_20260903_1",2026-09-03,1,0.324460533947085
2,"M6_forest_player_context","TOR_20260903_1_PA033","TOR_20260903_1",2026-09-03,0,0.455910485449134
2,"M6_forest_player_context","TOR_20260903_1_PA034","TOR_20260903_1",2026-09-03,0,0.0995869014651696
2,"M6_forest_player_context","TOR_20260903_1_PA035","TOR_20260903_1",2026-09-03,0,0.22027195881621
2,"M6_forest_player_context","TOR_20260903_1_PA036","TOR_20260903_1",2026-09-03,1,0.199278751647113
2,"M6_forest_player_context","TOR_20260903_1_PA037","TOR_20260903_1",2026-09-03,0,0.268174180602089
2,"M6_forest_player_context","TOR_20260903_1_PA038","TOR_20260903_1",2026-09-03,0,0.0482551592909431
2,"M6_forest_player_context","TOR_20260903_1_PA039","TOR_20260903_1",2026-09-03,0,0.129073102091175
2,"M6_forest_player_context","TOR_20260903_1_PA040","TOR_20260903_1",2026-09-03,1,0.183430744316887
2,"M6_forest_player_context","TOR_20260903_1_PA041","TOR_20260903_1",2026-09-03,0,0.144517106400682
2,"M6_forest_player_context","TOR_20260903_1_PA042","TOR_20260903_1",2026-09-03,0,0.255681597838348
2,"M6_forest_player_context","TOR_20260903_1_PA043","TOR_20260903_1",2026-09-03,0,0.0861401086670088
2,"M6_forest_player_context","TOR_20260903_1_PA044","TOR_20260903_1",2026-09-03,1,0.152181383456527
2,"M6_forest_player_context","TOR_20260904_1_PA001","TOR_20260904_1",2026-09-04,0,0.283896543776443
2,"M6_forest_player_context","TOR_20260904_1_PA002","TOR_20260904_1",2026-09-04,0,0.246773581002513
2,"M6_forest_player_context","TOR_20260904_1_PA003","TOR_20260904_1",2026-09-04,0,0.130623169384451
2,"M6_forest_player_context","TOR_20260904_1_PA004","TOR_20260904_1",2026-09-04,0,0.139815804205977
2,"M6_forest_player_context","TOR_20260904_1_PA005","TOR_20260904_1",2026-09-04,0,0.227589717237058
2,"M6_forest_player_context","TOR_20260904_1_PA006","TOR_20260904_1",2026-09-04,0,0.239444886587442
2,"M6_forest_player_context","TOR_20260904_1_PA007","TOR_20260904_1",2026-09-04,0,0.216331542940318
2,"M6_forest_player_context","TOR_20260904_1_PA008","TOR_20260904_1",2026-09-04,0,0.183045536686729
2,"M6_forest_player_context","TOR_20260904_1_PA009","TOR_20260904_1",2026-09-04,0,0.210465446869601
2,"M6_forest_player_context","TOR_20260904_1_PA010","TOR_20260904_1",2026-09-04,0,0.244734551212449
2,"M6_forest_player_context","TOR_20260904_1_PA011","TOR_20260904_1",2026-09-04,0,0.186525070825047
2,"M6_forest_player_context","TOR_20260904_1_PA012","TOR_20260904_1",2026-09-04,0,0.0885506206907521
2,"M6_forest_player_context","TOR_20260904_1_PA013","TOR_20260904_1",2026-09-04,0,0.123872715393616
2,"M6_forest_player_context","TOR_20260904_1_PA014","TOR_20260904_1",2026-09-04,0,0.205699916976029
2,"M6_forest_player_context","TOR_20260904_1_PA015","TOR_20260904_1",2026-09-04,0,0.230237882622912
2,"M6_forest_player_context","TOR_20260904_1_PA016","TOR_20260904_1",2026-09-04,0,0.133041166568026
2,"M6_forest_player_context","TOR_20260904_1_PA017","TOR_20260904_1",2026-09-04,0,0.199695086496577
2,"M6_forest_player_context","TOR_20260904_1_PA018","TOR_20260904_1",2026-09-04,0,0.198851636940657
2,"M6_forest_player_context","TOR_20260904_1_PA019","TOR_20260904_1",2026-09-04,0,0.20857205232012
2,"M6_forest_player_context","TOR_20260904_1_PA020","TOR_20260904_1",2026-09-04,0,0.220525748910604
2,"M6_forest_player_context","TOR_20260904_1_PA021","TOR_20260904_1",2026-09-04,0,0.0623724515535908
2,"M6_forest_player_context","TOR_20260904_1_PA022","TOR_20260904_1",2026-09-04,0,0.10708078451761
2,"M6_forest_player_context","TOR_20260904_1_PA023","TOR_20260904_1",2026-09-04,0,0.238588731973405
2,"M6_forest_player_context","TOR_20260904_1_PA024","TOR_20260904_1",2026-09-04,0,0.210396185616072
2,"M6_forest_player_context","TOR_20260904_1_PA025","TOR_20260904_1",2026-09-04,0,0.115357045719004
2,"M6_forest_player_context","TOR_20260904_1_PA026","TOR_20260904_1",2026-09-04,0,0.246775025258103
2,"M6_forest_player_context","TOR_20260904_1_PA027","TOR_20260904_1",2026-09-04,0,0.206685048484804
2,"M6_forest_player_context","TOR_20260904_1_PA028","TOR_20260904_1",2026-09-04,0,0.17532733091074
2,"M6_forest_player_context","TOR_20260904_1_PA029","TOR_20260904_1",2026-09-04,0,0.176543201398982
2,"M6_forest_player_context","TOR_20260904_1_PA030","TOR_20260904_1",2026-09-04,0,0.0447116670499418
2,"M6_forest_player_context","TOR_20260904_1_PA031","TOR_20260904_1",2026-09-04,0,0.0975065216431735
2,"M6_forest_player_context","TOR_20260904_1_PA032","TOR_20260904_1",2026-09-04,1,0.273712545553048
2,"M6_forest_player_context","TOR_20260904_1_PA033","TOR_20260904_1",2026-09-04,1,0.172172859554401
2,"M6_forest_player_context","TOR_20260904_1_PA034","TOR_20260904_1",2026-09-04,0,0.204126198615455
2,"M6_forest_player_context","TOR_20260904_1_PA035","TOR_20260904_1",2026-09-04,0,0.187361661305843
2,"M6_forest_player_context","TOR_20260904_1_PA036","TOR_20260904_1",2026-09-04,0,0.114601823349578
2,"M6_forest_player_context","TOR_20260904_1_PA037","TOR_20260904_1",2026-09-04,1,0.184433482363289
2,"M6_forest_player_context","TOR_20260904_1_PA038","TOR_20260904_1",2026-09-04,0,0.137211471849894
2,"M6_forest_player_context","TOR_20260904_1_PA039","TOR_20260904_1",2026-09-04,0,0.110616175116977
2,"M6_forest_player_context","TOR_20260904_1_PA040","TOR_20260904_1",2026-09-04,0,0.0804391482741464
2,"M6_forest_player_context","TOR_20260904_1_PA041","TOR_20260904_1",2026-09-04,1,0.222471599151535
2,"M6_forest_player_context","TOR_20260904_1_PA042","TOR_20260904_1",2026-09-04,0,0.113407181154634
2,"M6_forest_player_context","TOR_20260904_1_PA043","TOR_20260904_1",2026-09-04,0,0.0749625989559692
2,"M6_forest_player_context","TOR_20260905_1_PA001","TOR_20260905_1",2026-09-05,0,0.283896543776443
2,"M6_forest_player_context","TOR_20260905_1_PA002","TOR_20260905_1",2026-09-05,0,0.246773581002513
2,"M6_forest_player_context","TOR_20260905_1_PA003","TOR_20260905_1",2026-09-05,0,0.130623169384451
2,"M6_forest_player_context","TOR_20260905_1_PA004","TOR_20260905_1",2026-09-05,0,0.139815804205977
2,"M6_forest_player_context","TOR_20260905_1_PA005","TOR_20260905_1",2026-09-05,0,0.183045536686729
2,"M6_forest_player_context","TOR_20260905_1_PA006","TOR_20260905_1",2026-09-05,0,0.27950618530154
2,"M6_forest_player_context","TOR_20260905_1_PA007","TOR_20260905_1",2026-09-05,0,0.175861815007406
2,"M6_forest_player_context","TOR_20260905_1_PA008","TOR_20260905_1",2026-09-05,0,0.171033134094288
2,"M6_forest_player_context","TOR_20260905_1_PA009","TOR_20260905_1",2026-09-05,0,0.210465446869601
2,"M6_forest_player_context","TOR_20260905_1_PA010","TOR_20260905_1",2026-09-05,0,0.244734551212449
2,"M6_forest_player_context","TOR_20260905_1_PA011","TOR_20260905_1",2026-09-05,0,0.186525070825047
2,"M6_forest_player_context","TOR_20260905_1_PA012","TOR_20260905_1",2026-09-05,0,0.0885506206907521
2,"M6_forest_player_context","TOR_20260905_1_PA013","TOR_20260905_1",2026-09-05,0,0.108961831393357
2,"M6_forest_player_context","TOR_20260905_1_PA014","TOR_20260905_1",2026-09-05,0,0.199695086496577
2,"M6_forest_player_context","TOR_20260905_1_PA015","TOR_20260905_1",2026-09-05,0,0.280017551543033
2,"M6_forest_player_context","TOR_20260905_1_PA016","TOR_20260905_1",2026-09-05,0,0.124920177253587
2,"M6_forest_player_context","TOR_20260905_1_PA017","TOR_20260905_1",2026-09-05,0,0.133041166568026
2,"M6_forest_player_context","TOR_20260905_1_PA018","TOR_20260905_1",2026-09-05,0,0.200393500988767
2,"M6_forest_player_context","TOR_20260905_1_PA019","TOR_20260905_1",2026-09-05,1,0.20857205232012
2,"M6_forest_player_context","TOR_20260905_1_PA020","TOR_20260905_1",2026-09-05,0,0.220525748910604
2,"M6_forest_player_context","TOR_20260905_1_PA021","TOR_20260905_1",2026-09-05,0,0.0540408140896263
2,"M6_forest_player_context","TOR_20260905_1_PA022","TOR_20260905_1",2026-09-05,0,0.10708078451761
2,"M6_forest_player_context","TOR_20260905_1_PA023","TOR_20260905_1",2026-09-05,0,0.201338140592702
2,"M6_forest_player_context","TOR_20260905_1_PA024","TOR_20260905_1",2026-09-05,0,0.267036890026456
2,"M6_forest_player_context","TOR_20260905_1_PA025","TOR_20260905_1",2026-09-05,0,0.149782126637765
2,"M6_forest_player_context","TOR_20260905_1_PA026","TOR_20260905_1",2026-09-05,1,0.110018817133734
2,"M6_forest_player_context","TOR_20260905_1_PA027","TOR_20260905_1",2026-09-05,1,0.206685048484804
2,"M6_forest_player_context","TOR_20260905_1_PA028","TOR_20260905_1",2026-09-05,0,0.17532733091074
2,"M6_forest_player_context","TOR_20260905_1_PA029","TOR_20260905_1",2026-09-05,0,0.180394321740531
2,"M6_forest_player_context","TOR_20260905_1_PA030","TOR_20260905_1",2026-09-05,1,0.0617920101639777
2,"M6_forest_player_context","TOR_20260905_1_PA031","TOR_20260905_1",2026-09-05,0,0.0948775451424982
2,"M6_forest_player_context","TOR_20260905_1_PA032","TOR_20260905_1",2026-09-05,0,0.160346502837193
2,"M6_forest_player_context","TOR_20260905_1_PA033","TOR_20260905_1",2026-09-05,0,0.186708980954154
2,"M6_forest_player_context","TOR_20260905_1_PA034","TOR_20260905_1",2026-09-05,0,0.129425302196671
2,"M6_forest_player_context","TOR_20260905_1_PA035","TOR_20260905_1",2026-09-05,0,0.0828046529753041
2,"M6_forest_player_context","TOR_20260905_1_PA036","TOR_20260905_1",2026-09-05,0,0.114601823349578
2,"M6_forest_player_context","TOR_20260905_1_PA037","TOR_20260905_1",2026-09-05,0,0.184433482363289
2,"M6_forest_player_context","TOR_20260905_1_PA038","TOR_20260905_1",2026-09-05,0,0.124786645201056
2,"M6_forest_player_context","TOR_20260905_1_PA039","TOR_20260905_1",2026-09-05,0,0.0464856531324844
2,"M6_forest_player_context","TOR_20260905_1_PA040","TOR_20260905_1",2026-09-05,0,0.0804391482741464
2,"M6_forest_player_context","TOR_20260905_1_PA041","TOR_20260905_1",2026-09-05,0,0.192963916849807
2,"M6_forest_player_context","TOR_20260905_1_PA042","TOR_20260905_1",2026-09-05,0,0.222471599151535
2,"M6_forest_player_context","TOR_20260906_1_PA001","TOR_20260906_1",2026-09-06,0,0.283896543776443
2,"M6_forest_player_context","TOR_20260906_1_PA002","TOR_20260906_1",2026-09-06,0,0.234122394151992
2,"M6_forest_player_context","TOR_20260906_1_PA003","TOR_20260906_1",2026-09-06,0,0.130623169384451
2,"M6_forest_player_context","TOR_20260906_1_PA004","TOR_20260906_1",2026-09-06,0,0.357096809244047
2,"M6_forest_player_context","TOR_20260906_1_PA005","TOR_20260906_1",2026-09-06,1,0.26084257399978
2,"M6_forest_player_context","TOR_20260906_1_PA006","TOR_20260906_1",2026-09-06,1,0.201498340252949
2,"M6_forest_player_context","TOR_20260906_1_PA007","TOR_20260906_1",2026-09-06,0,0.260609015425774
2,"M6_forest_player_context","TOR_20260906_1_PA008","TOR_20260906_1",2026-09-06,0,0.124920177253587
2,"M6_forest_player_context","TOR_20260906_1_PA009","TOR_20260906_1",2026-09-06,0,0.219607603530576
2,"M6_forest_player_context","TOR_20260906_1_PA010","TOR_20260906_1",2026-09-06,0,0.20857205232012
2,"M6_forest_player_context","TOR_20260906_1_PA011","TOR_20260906_1",2026-09-06,0,0.220326678915317
2,"M6_forest_player_context","TOR_20260906_1_PA012","TOR_20260906_1",2026-09-06,0,0.0623724515535908
2,"M6_forest_player_context","TOR_20260906_1_PA013","TOR_20260906_1",2026-09-06,0,0.367732925488058
2,"M6_forest_player_context","TOR_20260906_1_PA014","TOR_20260906_1",2026-09-06,0,0.238588731973405
2,"M6_forest_player_context","TOR_20260906_1_PA015","TOR_20260906_1",2026-09-06,1,0.147554096775338
2,"M6_forest_player_context","TOR_20260906_1_PA016","TOR_20260906_1",2026-09-06,0,0.196942217334538
2,"M6_forest_player_context","TOR_20260906_1_PA017","TOR_20260906_1",2026-09-06,0,0.149782126637765
2,"M6_forest_player_context","TOR_20260906_1_PA018","TOR_20260906_1",2026-09-06,0,0.179778296982801
2,"M6_forest_player_context","TOR_20260906_1_PA019","TOR_20260906_1",2026-09-06,0,0.178488960795297
2,"M6_forest_player_context","TOR_20260906_1_PA020","TOR_20260906_1",2026-09-06,0,0.246775025258103
2,"M6_forest_player_context","TOR_20260906_1_PA021","TOR_20260906_1",2026-09-06,0,0.0447116670499418
2,"M6_forest_player_context","TOR_20260906_1_PA022","TOR_20260906_1",2026-09-06,0,0.159408158861118
2,"M6_forest_player_context","TOR_20260906_1_PA023","TOR_20260906_1",2026-09-06,0,0.273712545553048
2,"M6_forest_player_context","TOR_20260906_1_PA024","TOR_20260906_1",2026-09-06,0,0.173038929598704
2,"M6_forest_player_context","TOR_20260906_1_PA025","TOR_20260906_1",2026-09-06,0,0.165381882818742
2,"M6_forest_player_context","TOR_20260906_1_PA026","TOR_20260906_1",2026-09-06,0,0.129425302196671
2,"M6_forest_player_context","TOR_20260906_1_PA027","TOR_20260906_1",2026-09-06,0,0.124562139627637
2,"M6_forest_player_context","TOR_20260906_1_PA028","TOR_20260906_1",2026-09-06,0,0.184433482363289
2,"M6_forest_player_context","TOR_20260906_1_PA029","TOR_20260906_1",2026-09-06,1,0.187361661305843
2,"M6_forest_player_context","TOR_20260906_1_PA030","TOR_20260906_1",2026-09-06,1,0.0425331618198156
2,"M6_forest_player_context","TOR_20260906_1_PA031","TOR_20260906_1",2026-09-06,0,0.118205547909996
2,"M6_forest_player_context","TOR_20260906_1_PA032","TOR_20260906_1",2026-09-06,0,0.222471599151535
2,"M6_forest_player_context","TOR_20260906_1_PA033","TOR_20260906_1",2026-09-06,0,0.179306528480689
2,"M6_forest_player_context","TOR_20260906_1_PA034","TOR_20260906_1",2026-09-06,0,0.104415347416871
2,"M6_forest_player_context","TOR_20260907_1_PA001","TOR_20260907_1",2026-09-07,0,0.260121038524471
2,"M6_forest_player_context","TOR_20260907_1_PA002","TOR_20260907_1",2026-09-07,0,0.25143640576023
2,"M6_forest_player_context","TOR_20260907_1_PA003","TOR_20260907_1",2026-09-07,1,0.0903347564068711
2,"M6_forest_player_context","TOR_20260907_1_PA004","TOR_20260907_1",2026-09-07,0,0.143991667368955
2,"M6_forest_player_context","TOR_20260907_1_PA005","TOR_20260907_1",2026-09-07,0,0.248909324449943
2,"M6_forest_player_context","TOR_20260907_1_PA006","TOR_20260907_1",2026-09-07,0,0.218579699323998
2,"M6_forest_player_context","TOR_20260907_1_PA007","TOR_20260907_1",2026-09-07,0,0.140144098621792
2,"M6_forest_player_context","TOR_20260907_1_PA008","TOR_20260907_1",2026-09-07,0,0.144663563978336
2,"M6_forest_player_context","TOR_20260907_1_PA009","TOR_20260907_1",2026-09-07,0,0.191618799761834
2,"M6_forest_player_context","TOR_20260907_1_PA010","TOR_20260907_1",2026-09-07,0,0.208475155895877
2,"M6_forest_player_context","TOR_20260907_1_PA011","TOR_20260907_1",2026-09-07,0,0.235228762047242
2,"M6_forest_player_context","TOR_20260907_1_PA012","TOR_20260907_1",2026-09-07,0,0.049418430406304
2,"M6_forest_player_context","TOR_20260907_1_PA013","TOR_20260907_1",2026-09-07,0,0.174761703446615
2,"M6_forest_player_context","TOR_20260907_1_PA014","TOR_20260907_1",2026-09-07,0,0.242909307306399
2,"M6_forest_player_context","TOR_20260907_1_PA015","TOR_20260907_1",2026-09-07,0,0.250526459136739
2,"M6_forest_player_context","TOR_20260907_1_PA016","TOR_20260907_1",2026-09-07,0,0.0960962199412638
2,"M6_forest_player_context","TOR_20260907_1_PA017","TOR_20260907_1",2026-09-07,0,0.156932807550539
2,"M6_forest_player_context","TOR_20260907_1_PA018","TOR_20260907_1",2026-09-07,0,0.149471076007904
2,"M6_forest_player_context","TOR_20260907_1_PA019","TOR_20260907_1",2026-09-07,0,0.164398012223346
2,"M6_forest_player_context","TOR_20260907_1_PA020","TOR_20260907_1",2026-09-07,0,0.269846377072795
2,"M6_forest_player_context","TOR_20260907_1_PA021","TOR_20260907_1",2026-09-07,0,0.0531255468649415
2,"M6_forest_player_context","TOR_20260907_1_PA022","TOR_20260907_1",2026-09-07,0,0.160585481785988
2,"M6_forest_player_context","TOR_20260907_1_PA023","TOR_20260907_1",2026-09-07,0,0.303126428086331
2,"M6_forest_player_context","TOR_20260907_1_PA024","TOR_20260907_1",2026-09-07,0,0.293245006056854
2,"M6_forest_player_context","TOR_20260907_1_PA025","TOR_20260907_1",2026-09-07,0,0.102147155437195
2,"M6_forest_player_context","TOR_20260907_1_PA026","TOR_20260907_1",2026-09-07,0,0.175318548538065
2,"M6_forest_player_context","TOR_20260907_1_PA027","TOR_20260907_1",2026-09-07,0,0.191600217273043
2,"M6_forest_player_context","TOR_20260907_1_PA028","TOR_20260907_1",2026-09-07,1,0.172250747403101
2,"M6_forest_player_context","TOR_20260907_1_PA029","TOR_20260907_1",2026-09-07,1,0.168959915400667
2,"M6_forest_player_context","TOR_20260907_1_PA030","TOR_20260907_1",2026-09-07,0,0.0409363337169655
2,"M6_forest_player_context","TOR_20260907_1_PA031","TOR_20260907_1",2026-09-07,0,0.128324012873126
2,"M6_forest_player_context","TOR_20260907_1_PA032","TOR_20260907_1",2026-09-07,0,0.233779031106892
2,"M6_forest_player_context","TOR_20260907_1_PA033","TOR_20260907_1",2026-09-07,0,0.168321303914497
2,"M6_forest_player_context","TOR_20260907_1_PA034","TOR_20260907_1",2026-09-07,0,0.0985730984348484
2,"M6_forest_player_context","TOR_20260907_1_PA035","TOR_20260907_1",2026-09-07,0,0.158236590839026
2,"M6_forest_player_context","TOR_20260907_1_PA036","TOR_20260907_1",2026-09-07,0,0.152494057564831
2,"M6_forest_player_context","TOR_20260907_1_PA037","TOR_20260907_1",2026-09-07,0,0.183751429191615
2,"M6_forest_player_context","TOR_20260907_1_PA038","TOR_20260907_1",2026-09-07,1,0.161370381923073
2,"M5_ridge_player_behavior","TOR_20260903_1_PA001","TOR_20260903_1",2026-09-03,0,0.417949493825385
2,"M5_ridge_player_behavior","TOR_20260903_1_PA002","TOR_20260903_1",2026-09-03,0,0.503867129938318
2,"M5_ridge_player_behavior","TOR_20260903_1_PA003","TOR_20260903_1",2026-09-03,1,0.121928054321217
2,"M5_ridge_player_behavior","TOR_20260903_1_PA004","TOR_20260903_1",2026-09-03,1,0.686544779040137
2,"M5_ridge_player_behavior","TOR_20260903_1_PA005","TOR_20260903_1",2026-09-03,0,0.261322863341652
2,"M5_ridge_player_behavior","TOR_20260903_1_PA006","TOR_20260903_1",2026-09-03,0,0.311743816452083
2,"M5_ridge_player_behavior","TOR_20260903_1_PA007","TOR_20260903_1",2026-09-03,1,0.316605434393995
2,"M5_ridge_player_behavior","TOR_20260903_1_PA008","TOR_20260903_1",2026-09-03,0,0.39717614686974
2,"M5_ridge_player_behavior","TOR_20260903_1_PA009","TOR_20260903_1",2026-09-03,0,0.496404964282751
2,"M5_ridge_player_behavior","TOR_20260903_1_PA010","TOR_20260903_1",2026-09-03,0,0.317186700213576
2,"M5_ridge_player_behavior","TOR_20260903_1_PA011","TOR_20260903_1",2026-09-03,0,0.0782661845133999
2,"M5_ridge_player_behavior","TOR_20260903_1_PA012","TOR_20260903_1",2026-09-03,0,0.423014441058038
2,"M5_ridge_player_behavior","TOR_20260903_1_PA013","TOR_20260903_1",2026-09-03,0,0.190160743700533
2,"M5_ridge_player_behavior","TOR_20260903_1_PA014","TOR_20260903_1",2026-09-03,1,0.325414354650475
2,"M5_ridge_player_behavior","TOR_20260903_1_PA015","TOR_20260903_1",2026-09-03,0,0.340298110260726
2,"M5_ridge_player_behavior","TOR_20260903_1_PA016","TOR_20260903_1",2026-09-03,0,0.211378903995475
2,"M5_ridge_player_behavior","TOR_20260903_1_PA017","TOR_20260903_1",2026-09-03,0,0.387411608461979
2,"M5_ridge_player_behavior","TOR_20260903_1_PA018","TOR_20260903_1",2026-09-03,0,0.289555862160146
2,"M5_ridge_player_behavior","TOR_20260903_1_PA019","TOR_20260903_1",2026-09-03,0,0.30897680621503
2,"M5_ridge_player_behavior","TOR_20260903_1_PA020","TOR_20260903_1",2026-09-03,0,0.0563144695094499
2,"M5_ridge_player_behavior","TOR_20260903_1_PA021","TOR_20260903_1",2026-09-03,0,0.272209405207921
2,"M5_ridge_player_behavior","TOR_20260903_1_PA022","TOR_20260903_1",2026-09-03,0,0.226263771566514
2,"M5_ridge_player_behavior","TOR_20260903_1_PA023","TOR_20260903_1",2026-09-03,0,0.272586844719425
2,"M5_ridge_player_behavior","TOR_20260903_1_PA024","TOR_20260903_1",2026-09-03,1,0.333863761667941
2,"M5_ridge_player_behavior","TOR_20260903_1_PA025","TOR_20260903_1",2026-09-03,0,0.127172956977881
2,"M5_ridge_player_behavior","TOR_20260903_1_PA026","TOR_20260903_1",2026-09-03,0,0.392879921697295
2,"M5_ridge_player_behavior","TOR_20260903_1_PA027","TOR_20260903_1",2026-09-03,0,0.391773847320149
2,"M5_ridge_player_behavior","TOR_20260903_1_PA028","TOR_20260903_1",2026-09-03,0,0.327792495715351
2,"M5_ridge_player_behavior","TOR_20260903_1_PA029","TOR_20260903_1",2026-09-03,0,0.0850734882340027
2,"M5_ridge_player_behavior","TOR_20260903_1_PA030","TOR_20260903_1",2026-09-03,0,0.237194965980942
2,"M5_ridge_player_behavior","TOR_20260903_1_PA031","TOR_20260903_1",2026-09-03,1,0.204813025585946
2,"M5_ridge_player_behavior","TOR_20260903_1_PA032","TOR_20260903_1",2026-09-03,1,0.305849446219532
2,"M5_ridge_player_behavior","TOR_20260903_1_PA033","TOR_20260903_1",2026-09-03,0,0.289630396912942
2,"M5_ridge_player_behavior","TOR_20260903_1_PA034","TOR_20260903_1",2026-09-03,0,0.185292975825282
2,"M5_ridge_player_behavior","TOR_20260903_1_PA035","TOR_20260903_1",2026-09-03,0,0.377164045611748
2,"M5_ridge_player_behavior","TOR_20260903_1_PA036","TOR_20260903_1",2026-09-03,1,0.348545314289036
2,"M5_ridge_player_behavior","TOR_20260903_1_PA037","TOR_20260903_1",2026-09-03,0,0.317028553926754
2,"M5_ridge_player_behavior","TOR_20260903_1_PA038","TOR_20260903_1",2026-09-03,0,0.0448593320575916
2,"M5_ridge_player_behavior","TOR_20260903_1_PA039","TOR_20260903_1",2026-09-03,0,0.236686223274742
2,"M5_ridge_player_behavior","TOR_20260903_1_PA040","TOR_20260903_1",2026-09-03,1,0.184909898656758
2,"M5_ridge_player_behavior","TOR_20260903_1_PA041","TOR_20260903_1",2026-09-03,0,0.339761649410205
2,"M5_ridge_player_behavior","TOR_20260903_1_PA042","TOR_20260903_1",2026-09-03,0,0.234679927477988
2,"M5_ridge_player_behavior","TOR_20260903_1_PA043","TOR_20260903_1",2026-09-03,0,0.116897041894206
2,"M5_ridge_player_behavior","TOR_20260903_1_PA044","TOR_20260903_1",2026-09-03,1,0.264796412167274
2,"M5_ridge_player_behavior","TOR_20260904_1_PA001","TOR_20260904_1",2026-09-04,0,0.198417098321193
2,"M5_ridge_player_behavior","TOR_20260904_1_PA002","TOR_20260904_1",2026-09-04,0,0.175219178921104
2,"M5_ridge_player_behavior","TOR_20260904_1_PA003","TOR_20260904_1",2026-09-04,0,0.0421695177501582
2,"M5_ridge_player_behavior","TOR_20260904_1_PA004","TOR_20260904_1",2026-09-04,0,0.106899944375288
2,"M5_ridge_player_behavior","TOR_20260904_1_PA005","TOR_20260904_1",2026-09-04,0,0.214747615926483
2,"M5_ridge_player_behavior","TOR_20260904_1_PA006","TOR_20260904_1",2026-09-04,0,0.164839526758268
2,"M5_ridge_player_behavior","TOR_20260904_1_PA007","TOR_20260904_1",2026-09-04,0,0.0929938567624303
2,"M5_ridge_player_behavior","TOR_20260904_1_PA008","TOR_20260904_1",2026-09-04,0,0.173333182221884
2,"M5_ridge_player_behavior","TOR_20260904_1_PA009","TOR_20260904_1",2026-09-04,0,0.128960937732357
2,"M5_ridge_player_behavior","TOR_20260904_1_PA010","TOR_20260904_1",2026-09-04,0,0.182590695260787
2,"M5_ridge_player_behavior","TOR_20260904_1_PA011","TOR_20260904_1",2026-09-04,0,0.141627191113943
2,"M5_ridge_player_behavior","TOR_20260904_1_PA012","TOR_20260904_1",2026-09-04,0,0.0242820404584858
2,"M5_ridge_player_behavior","TOR_20260904_1_PA013","TOR_20260904_1",2026-09-04,0,0.0827548972933203
2,"M5_ridge_player_behavior","TOR_20260904_1_PA014","TOR_20260904_1",2026-09-04,0,0.215899946803388
2,"M5_ridge_player_behavior","TOR_20260904_1_PA015","TOR_20260904_1",2026-09-04,0,0.221321825775837
2,"M5_ridge_player_behavior","TOR_20260904_1_PA016","TOR_20260904_1",2026-09-04,0,0.102485508053169
2,"M5_ridge_player_behavior","TOR_20260904_1_PA017","TOR_20260904_1",2026-09-04,0,0.168992933707261
2,"M5_ridge_player_behavior","TOR_20260904_1_PA018","TOR_20260904_1",2026-09-04,0,0.14852431243368
2,"M5_ridge_player_behavior","TOR_20260904_1_PA019","TOR_20260904_1",2026-09-04,0,0.142417749162859
2,"M5_ridge_player_behavior","TOR_20260904_1_PA020","TOR_20260904_1",2026-09-04,0,0.216955203747612
2,"M5_ridge_player_behavior","TOR_20260904_1_PA021","TOR_20260904_1",2026-09-04,0,0.0269478174742309
2,"M5_ridge_player_behavior","TOR_20260904_1_PA022","TOR_20260904_1",2026-09-04,0,0.10349848716064
2,"M5_ridge_player_behavior","TOR_20260904_1_PA023","TOR_20260904_1",2026-09-04,0,0.201908059615703
2,"M5_ridge_player_behavior","TOR_20260904_1_PA024","TOR_20260904_1",2026-09-04,0,0.201177674656218
2,"M5_ridge_player_behavior","TOR_20260904_1_PA025","TOR_20260904_1",2026-09-04,0,0.0686097244687158
2,"M5_ridge_player_behavior","TOR_20260904_1_PA026","TOR_20260904_1",2026-09-04,0,0.186061361127657
2,"M5_ridge_player_behavior","TOR_20260904_1_PA027","TOR_20260904_1",2026-09-04,0,0.0980077682512391
2,"M5_ridge_player_behavior","TOR_20260904_1_PA028","TOR_20260904_1",2026-09-04,0,0.116496133434933
2,"M5_ridge_player_behavior","TOR_20260904_1_PA029","TOR_20260904_1",2026-09-04,0,0.108631070537761
2,"M5_ridge_player_behavior","TOR_20260904_1_PA030","TOR_20260904_1",2026-09-04,0,0.030818243872901
2,"M5_ridge_player_behavior","TOR_20260904_1_PA031","TOR_20260904_1",2026-09-04,0,0.0730440593725976
2,"M5_ridge_player_behavior","TOR_20260904_1_PA032","TOR_20260904_1",2026-09-04,1,0.155691016914192
2,"M5_ridge_player_behavior","TOR_20260904_1_PA033","TOR_20260904_1",2026-09-04,1,0.179642514032161
2,"M5_ridge_player_behavior","TOR_20260904_1_PA034","TOR_20260904_1",2026-09-04,0,0.216168219067082
2,"M5_ridge_player_behavior","TOR_20260904_1_PA035","TOR_20260904_1",2026-09-04,0,0.111017219790921
2,"M5_ridge_player_behavior","TOR_20260904_1_PA036","TOR_20260904_1",2026-09-04,0,0.0791059347941811
2,"M5_ridge_player_behavior","TOR_20260904_1_PA037","TOR_20260904_1",2026-09-04,1,0.178207563729963
2,"M5_ridge_player_behavior","TOR_20260904_1_PA038","TOR_20260904_1",2026-09-04,0,0.109417869885597
2,"M5_ridge_player_behavior","TOR_20260904_1_PA039","TOR_20260904_1",2026-09-04,0,0.0878847330626609
2,"M5_ridge_player_behavior","TOR_20260904_1_PA040","TOR_20260904_1",2026-09-04,0,0.0907953591274042
2,"M5_ridge_player_behavior","TOR_20260904_1_PA041","TOR_20260904_1",2026-09-04,1,0.156546270029366
2,"M5_ridge_player_behavior","TOR_20260904_1_PA042","TOR_20260904_1",2026-09-04,0,0.142883662911929
2,"M5_ridge_player_behavior","TOR_20260904_1_PA043","TOR_20260904_1",2026-09-04,0,0.0517815601413583
2,"M5_ridge_player_behavior","TOR_20260905_1_PA001","TOR_20260905_1",2026-09-05,0,0.198417098321193
2,"M5_ridge_player_behavior","TOR_20260905_1_PA002","TOR_20260905_1",2026-09-05,0,0.191514586243676
2,"M5_ridge_player_behavior","TOR_20260905_1_PA003","TOR_20260905_1",2026-09-05,0,0.0234596462509259
2,"M5_ridge_player_behavior","TOR_20260905_1_PA004","TOR_20260905_1",2026-09-05,0,0.138038882452441
2,"M5_ridge_player_behavior","TOR_20260905_1_PA005","TOR_20260905_1",2026-09-05,0,0.172039875601982
2,"M5_ridge_player_behavior","TOR_20260905_1_PA006","TOR_20260905_1",2026-09-05,0,0.203519251043614
2,"M5_ridge_player_behavior","TOR_20260905_1_PA007","TOR_20260905_1",2026-09-05,0,0.149297085888875
2,"M5_ridge_player_behavior","TOR_20260905_1_PA008","TOR_20260905_1",2026-09-05,0,0.143640541624989
2,"M5_ridge_player_behavior","TOR_20260905_1_PA009","TOR_20260905_1",2026-09-05,0,0.114301406788013
2,"M5_ridge_player_behavior","TOR_20260905_1_PA010","TOR_20260905_1",2026-09-05,0,0.219006939081514
2,"M5_ridge_player_behavior","TOR_20260905_1_PA011","TOR_20260905_1",2026-09-05,0,0.182412353452199
2,"M5_ridge_player_behavior","TOR_20260905_1_PA012","TOR_20260905_1",2026-09-05,0,0.0242820404584858
2,"M5_ridge_player_behavior","TOR_20260905_1_PA013","TOR_20260905_1",2026-09-05,0,0.0824582899725396
2,"M5_ridge_player_behavior","TOR_20260905_1_PA014","TOR_20260905_1",2026-09-05,0,0.184839066607268
2,"M5_ridge_player_behavior","TOR_20260905_1_PA015","TOR_20260905_1",2026-09-05,0,0.192049952611764
2,"M5_ridge_player_behavior","TOR_20260905_1_PA016","TOR_20260905_1",2026-09-05,0,0.180431236226086
2,"M5_ridge_player_behavior","TOR_20260905_1_PA017","TOR_20260905_1",2026-09-05,0,0.0778110533305632
2,"M5_ridge_player_behavior","TOR_20260905_1_PA018","TOR_20260905_1",2026-09-05,0,0.115359553967806
2,"M5_ridge_player_behavior","TOR_20260905_1_PA019","TOR_20260905_1",2026-09-05,1,0.15703046455943
2,"M5_ridge_player_behavior","TOR_20260905_1_PA020","TOR_20260905_1",2026-09-05,0,0.195783158452307
2,"M5_ridge_player_behavior","TOR_20260905_1_PA021","TOR_20260905_1",2026-09-05,0,0.0242550427221049
2,"M5_ridge_player_behavior","TOR_20260905_1_PA022","TOR_20260905_1",2026-09-05,0,0.0775196600528831
2,"M5_ridge_player_behavior","TOR_20260905_1_PA023","TOR_20260905_1",2026-09-05,0,0.162185456009683
2,"M5_ridge_player_behavior","TOR_20260905_1_PA024","TOR_20260905_1",2026-09-05,0,0.164218406862609
2,"M5_ridge_player_behavior","TOR_20260905_1_PA025","TOR_20260905_1",2026-09-05,0,0.153962597336565
2,"M5_ridge_player_behavior","TOR_20260905_1_PA026","TOR_20260905_1",2026-09-05,1,0.0651480631000071
2,"M5_ridge_player_behavior","TOR_20260905_1_PA027","TOR_20260905_1",2026-09-05,1,0.0825807134583615
2,"M5_ridge_player_behavior","TOR_20260905_1_PA028","TOR_20260905_1",2026-09-05,0,0.146794936584832
2,"M5_ridge_player_behavior","TOR_20260905_1_PA029","TOR_20260905_1",2026-09-05,0,0.14288698076796
2,"M5_ridge_player_behavior","TOR_20260905_1_PA030","TOR_20260905_1",2026-09-05,1,0.0254834757238269
2,"M5_ridge_player_behavior","TOR_20260905_1_PA031","TOR_20260905_1",2026-09-05,0,0.0787158928078143
2,"M5_ridge_player_behavior","TOR_20260905_1_PA032","TOR_20260905_1",2026-09-05,0,0.0911371231482506
2,"M5_ridge_player_behavior","TOR_20260905_1_PA033","TOR_20260905_1",2026-09-05,0,0.127937059947818
2,"M5_ridge_player_behavior","TOR_20260905_1_PA034","TOR_20260905_1",2026-09-05,0,0.105624969864087
2,"M5_ridge_player_behavior","TOR_20260905_1_PA035","TOR_20260905_1",2026-09-05,0,0.0671133588949151
2,"M5_ridge_player_behavior","TOR_20260905_1_PA036","TOR_20260905_1",2026-09-05,0,0.129385283541269
2,"M5_ridge_player_behavior","TOR_20260905_1_PA037","TOR_20260905_1",2026-09-05,0,0.129180649539093
2,"M5_ridge_player_behavior","TOR_20260905_1_PA038","TOR_20260905_1",2026-09-05,0,0.144841968105635
2,"M5_ridge_player_behavior","TOR_20260905_1_PA039","TOR_20260905_1",2026-09-05,0,0.015864904705166
2,"M5_ridge_player_behavior","TOR_20260905_1_PA040","TOR_20260905_1",2026-09-05,0,0.0719417100104673
2,"M5_ridge_player_behavior","TOR_20260905_1_PA041","TOR_20260905_1",2026-09-05,0,0.118905322856861
2,"M5_ridge_player_behavior","TOR_20260905_1_PA042","TOR_20260905_1",2026-09-05,0,0.115540245669229
2,"M5_ridge_player_behavior","TOR_20260906_1_PA001","TOR_20260906_1",2026-09-06,0,0.198417098321193
2,"M5_ridge_player_behavior","TOR_20260906_1_PA002","TOR_20260906_1",2026-09-06,0,0.212069601519256
2,"M5_ridge_player_behavior","TOR_20260906_1_PA003","TOR_20260906_1",2026-09-06,0,0.0383124929110422
2,"M5_ridge_player_behavior","TOR_20260906_1_PA004","TOR_20260906_1",2026-09-06,0,0.327073064540477
2,"M5_ridge_player_behavior","TOR_20260906_1_PA005","TOR_20260906_1",2026-09-06,1,0.254054212731112
2,"M5_ridge_player_behavior","TOR_20260906_1_PA006","TOR_20260906_1",2026-09-06,1,0.108696571358221
2,"M5_ridge_player_behavior","TOR_20260906_1_PA007","TOR_20260906_1",2026-09-06,0,0.171845621737473
2,"M5_ridge_player_behavior","TOR_20260906_1_PA008","TOR_20260906_1",2026-09-06,0,0.147121292950272
2,"M5_ridge_player_behavior","TOR_20260906_1_PA009","TOR_20260906_1",2026-09-06,0,0.185085463731797
2,"M5_ridge_player_behavior","TOR_20260906_1_PA010","TOR_20260906_1",2026-09-06,0,0.175745711708619
2,"M5_ridge_player_behavior","TOR_20260906_1_PA011","TOR_20260906_1",2026-09-06,0,0.17128029423036
2,"M5_ridge_player_behavior","TOR_20260906_1_PA012","TOR_20260906_1",2026-09-06,0,0.031606373040868
2,"M5_ridge_player_behavior","TOR_20260906_1_PA013","TOR_20260906_1",2026-09-06,0,0.3842776547824
2,"M5_ridge_player_behavior","TOR_20260906_1_PA014","TOR_20260906_1",2026-09-06,0,0.154327462925039
2,"M5_ridge_player_behavior","TOR_20260906_1_PA015","TOR_20260906_1",2026-09-06,1,0.0915753365727497
2,"M5_ridge_player_behavior","TOR_20260906_1_PA016","TOR_20260906_1",2026-09-06,0,0.133320903976809
2,"M5_ridge_player_behavior","TOR_20260906_1_PA017","TOR_20260906_1",2026-09-06,0,0.14867196095603
2,"M5_ridge_player_behavior","TOR_20260906_1_PA018","TOR_20260906_1",2026-09-06,0,0.179605721297275
2,"M5_ridge_player_behavior","TOR_20260906_1_PA019","TOR_20260906_1",2026-09-06,0,0.146993224427562
2,"M5_ridge_player_behavior","TOR_20260906_1_PA020","TOR_20260906_1",2026-09-06,0,0.188976526873454
2,"M5_ridge_player_behavior","TOR_20260906_1_PA021","TOR_20260906_1",2026-09-06,0,0.016122927285861
2,"M5_ridge_player_behavior","TOR_20260906_1_PA022","TOR_20260906_1",2026-09-06,0,0.119190040413011
2,"M5_ridge_player_behavior","TOR_20260906_1_PA023","TOR_20260906_1",2026-09-06,0,0.141229661893579
2,"M5_ridge_player_behavior","TOR_20260906_1_PA024","TOR_20260906_1",2026-09-06,0,0.167066388583019
2,"M5_ridge_player_behavior","TOR_20260906_1_PA025","TOR_20260906_1",2026-09-06,0,0.131678567027462
2,"M5_ridge_player_behavior","TOR_20260906_1_PA026","TOR_20260906_1",2026-09-06,0,0.117012007176646
2,"M5_ridge_player_behavior","TOR_20260906_1_PA027","TOR_20260906_1",2026-09-06,0,0.136025454220458
2,"M5_ridge_player_behavior","TOR_20260906_1_PA028","TOR_20260906_1",2026-09-06,0,0.125607049269962
2,"M5_ridge_player_behavior","TOR_20260906_1_PA029","TOR_20260906_1",2026-09-06,1,0.128963224849817
2,"M5_ridge_player_behavior","TOR_20260906_1_PA030","TOR_20260906_1",2026-09-06,1,0.0257878487459115
2,"M5_ridge_player_behavior","TOR_20260906_1_PA031","TOR_20260906_1",2026-09-06,0,0.0862670498618429
2,"M5_ridge_player_behavior","TOR_20260906_1_PA032","TOR_20260906_1",2026-09-06,0,0.19262037394093
2,"M5_ridge_player_behavior","TOR_20260906_1_PA033","TOR_20260906_1",2026-09-06,0,0.141015545417104
2,"M5_ridge_player_behavior","TOR_20260906_1_PA034","TOR_20260906_1",2026-09-06,0,0.0395262226029288
2,"M5_ridge_player_behavior","TOR_20260907_1_PA001","TOR_20260907_1",2026-09-07,0,0.238444299656369
2,"M5_ridge_player_behavior","TOR_20260907_1_PA002","TOR_20260907_1",2026-09-07,0,0.243336319049116
2,"M5_ridge_player_behavior","TOR_20260907_1_PA003","TOR_20260907_1",2026-09-07,1,0.0479744140876725
2,"M5_ridge_player_behavior","TOR_20260907_1_PA004","TOR_20260907_1",2026-09-07,0,0.15974046469402
2,"M5_ridge_player_behavior","TOR_20260907_1_PA005","TOR_20260907_1",2026-09-07,0,0.301089360307601
2,"M5_ridge_player_behavior","TOR_20260907_1_PA006","TOR_20260907_1",2026-09-07,0,0.254158676344041
2,"M5_ridge_player_behavior","TOR_20260907_1_PA007","TOR_20260907_1",2026-09-07,0,0.0825757881873381
2,"M5_ridge_player_behavior","TOR_20260907_1_PA008","TOR_20260907_1",2026-09-07,0,0.142333732892257
2,"M5_ridge_player_behavior","TOR_20260907_1_PA009","TOR_20260907_1",2026-09-07,0,0.112347781407282
2,"M5_ridge_player_behavior","TOR_20260907_1_PA010","TOR_20260907_1",2026-09-07,0,0.211199333542462
2,"M5_ridge_player_behavior","TOR_20260907_1_PA011","TOR_20260907_1",2026-09-07,0,0.198376134639245
2,"M5_ridge_player_behavior","TOR_20260907_1_PA012","TOR_20260907_1",2026-09-07,0,0.0408938771338548
2,"M5_ridge_player_behavior","TOR_20260907_1_PA013","TOR_20260907_1",2026-09-07,0,0.156148340136526
2,"M5_ridge_player_behavior","TOR_20260907_1_PA014","TOR_20260907_1",2026-09-07,0,0.281310264794874
2,"M5_ridge_player_behavior","TOR_20260907_1_PA015","TOR_20260907_1",2026-09-07,0,0.194463027178634
2,"M5_ridge_player_behavior","TOR_20260907_1_PA016","TOR_20260907_1",2026-09-07,0,0.10464331100172
2,"M5_ridge_player_behavior","TOR_20260907_1_PA017","TOR_20260907_1",2026-09-07,0,0.196962300775223
2,"M5_ridge_player_behavior","TOR_20260907_1_PA018","TOR_20260907_1",2026-09-07,0,0.122945586747764
2,"M5_ridge_player_behavior","TOR_20260907_1_PA019","TOR_20260907_1",2026-09-07,0,0.209404224516237
2,"M5_ridge_player_behavior","TOR_20260907_1_PA020","TOR_20260907_1",2026-09-07,0,0.185726893912205
2,"M5_ridge_player_behavior","TOR_20260907_1_PA021","TOR_20260907_1",2026-09-07,0,0.0283951814834645
2,"M5_ridge_player_behavior","TOR_20260907_1_PA022","TOR_20260907_1",2026-09-07,0,0.102479783800303
2,"M5_ridge_player_behavior","TOR_20260907_1_PA023","TOR_20260907_1",2026-09-07,0,0.206517227892288
2,"M5_ridge_player_behavior","TOR_20260907_1_PA024","TOR_20260907_1",2026-09-07,0,0.186428031043307
2,"M5_ridge_player_behavior","TOR_20260907_1_PA025","TOR_20260907_1",2026-09-07,0,0.0833613207823705
2,"M5_ridge_player_behavior","TOR_20260907_1_PA026","TOR_20260907_1",2026-09-07,0,0.124520526466494
2,"M5_ridge_player_behavior","TOR_20260907_1_PA027","TOR_20260907_1",2026-09-07,0,0.115846242274774
2,"M5_ridge_player_behavior","TOR_20260907_1_PA028","TOR_20260907_1",2026-09-07,1,0.127991153376616
2,"M5_ridge_player_behavior","TOR_20260907_1_PA029","TOR_20260907_1",2026-09-07,1,0.1709654866515
2,"M5_ridge_player_behavior","TOR_20260907_1_PA030","TOR_20260907_1",2026-09-07,0,0.0328012219711611
2,"M5_ridge_player_behavior","TOR_20260907_1_PA031","TOR_20260907_1",2026-09-07,0,0.0844852014356634
2,"M5_ridge_player_behavior","TOR_20260907_1_PA032","TOR_20260907_1",2026-09-07,0,0.21556508933188
2,"M5_ridge_player_behavior","TOR_20260907_1_PA033","TOR_20260907_1",2026-09-07,0,0.112349811893965
2,"M5_ridge_player_behavior","TOR_20260907_1_PA034","TOR_20260907_1",2026-09-07,0,0.0721573758542512
2,"M5_ridge_player_behavior","TOR_20260907_1_PA035","TOR_20260907_1",2026-09-07,0,0.167889060481478
2,"M5_ridge_player_behavior","TOR_20260907_1_PA036","TOR_20260907_1",2026-09-07,0,0.157934717943126
2,"M5_ridge_player_behavior","TOR_20260907_1_PA037","TOR_20260907_1",2026-09-07,0,0.179616831088295
2,"M5_ridge_player_behavior","TOR_20260907_1_PA038","TOR_20260907_1",2026-09-07,1,0.150809636880432
2,"M7_forest_player_behavior","TOR_20260903_1_PA001","TOR_20260903_1",2026-09-03,0,0.349424211990952
2,"M7_forest_player_behavior","TOR_20260903_1_PA002","TOR_20260903_1",2026-09-03,0,0.376931212308191
2,"M7_forest_player_behavior","TOR_20260903_1_PA003","TOR_20260903_1",2026-09-03,1,0.135389326830108
2,"M7_forest_player_behavior","TOR_20260903_1_PA004","TOR_20260903_1",2026-09-03,1,0.416245736816444
2,"M7_forest_player_behavior","TOR_20260903_1_PA005","TOR_20260903_1",2026-09-03,0,0.286861123071067
2,"M7_forest_player_behavior","TOR_20260903_1_PA006","TOR_20260903_1",2026-09-03,0,0.265334787616176
2,"M7_forest_player_behavior","TOR_20260903_1_PA007","TOR_20260903_1",2026-09-03,1,0.253113718533598
2,"M7_forest_player_behavior","TOR_20260903_1_PA008","TOR_20260903_1",2026-09-03,0,0.260209638275799
2,"M7_forest_player_behavior","TOR_20260903_1_PA009","TOR_20260903_1",2026-09-03,0,0.361799758116729
2,"M7_forest_player_behavior","TOR_20260903_1_PA010","TOR_20260903_1",2026-09-03,0,0.195844369909751
2,"M7_forest_player_behavior","TOR_20260903_1_PA011","TOR_20260903_1",2026-09-03,0,0.137662616811476
2,"M7_forest_player_behavior","TOR_20260903_1_PA012","TOR_20260903_1",2026-09-03,0,0.481079360879869
2,"M7_forest_player_behavior","TOR_20260903_1_PA013","TOR_20260903_1",2026-09-03,0,0.238609886387867
2,"M7_forest_player_behavior","TOR_20260903_1_PA014","TOR_20260903_1",2026-09-03,1,0.234320017820389
2,"M7_forest_player_behavior","TOR_20260903_1_PA015","TOR_20260903_1",2026-09-03,0,0.320914601483504
2,"M7_forest_player_behavior","TOR_20260903_1_PA016","TOR_20260903_1",2026-09-03,0,0.201508289340539
2,"M7_forest_player_behavior","TOR_20260903_1_PA017","TOR_20260903_1",2026-09-03,0,0.293374881470544
2,"M7_forest_player_behavior","TOR_20260903_1_PA018","TOR_20260903_1",2026-09-03,0,0.248211923241043
2,"M7_forest_player_behavior","TOR_20260903_1_PA019","TOR_20260903_1",2026-09-03,0,0.369036665245233
2,"M7_forest_player_behavior","TOR_20260903_1_PA020","TOR_20260903_1",2026-09-03,0,0.0609028097389366
2,"M7_forest_player_behavior","TOR_20260903_1_PA021","TOR_20260903_1",2026-09-03,0,0.254598362463405
2,"M7_forest_player_behavior","TOR_20260903_1_PA022","TOR_20260903_1",2026-09-03,0,0.338887920957989
2,"M7_forest_player_behavior","TOR_20260903_1_PA023","TOR_20260903_1",2026-09-03,0,0.205278609811896
2,"M7_forest_player_behavior","TOR_20260903_1_PA024","TOR_20260903_1",2026-09-03,1,0.345036550317191
2,"M7_forest_player_behavior","TOR_20260903_1_PA025","TOR_20260903_1",2026-09-03,0,0.118874672902949
2,"M7_forest_player_behavior","TOR_20260903_1_PA026","TOR_20260903_1",2026-09-03,0,0.332844408970013
2,"M7_forest_player_behavior","TOR_20260903_1_PA027","TOR_20260903_1",2026-09-03,0,0.290100348865586
2,"M7_forest_player_behavior","TOR_20260903_1_PA028","TOR_20260903_1",2026-09-03,0,0.452799700664587
2,"M7_forest_player_behavior","TOR_20260903_1_PA029","TOR_20260903_1",2026-09-03,0,0.107500130859735
2,"M7_forest_player_behavior","TOR_20260903_1_PA030","TOR_20260903_1",2026-09-03,0,0.185803806160804
2,"M7_forest_player_behavior","TOR_20260903_1_PA031","TOR_20260903_1",2026-09-03,1,0.372578535235946
2,"M7_forest_player_behavior","TOR_20260903_1_PA032","TOR_20260903_1",2026-09-03,1,0.327769876498754
2,"M7_forest_player_behavior","TOR_20260903_1_PA033","TOR_20260903_1",2026-09-03,0,0.318398783967366
2,"M7_forest_player_behavior","TOR_20260903_1_PA034","TOR_20260903_1",2026-09-03,0,0.143840015109338
2,"M7_forest_player_behavior","TOR_20260903_1_PA035","TOR_20260903_1",2026-09-03,0,0.277246998724213
2,"M7_forest_player_behavior","TOR_20260903_1_PA036","TOR_20260903_1",2026-09-03,1,0.280856658560145
2,"M7_forest_player_behavior","TOR_20260903_1_PA037","TOR_20260903_1",2026-09-03,0,0.285057073650984
2,"M7_forest_player_behavior","TOR_20260903_1_PA038","TOR_20260903_1",2026-09-03,0,0.0570378565620654
2,"M7_forest_player_behavior","TOR_20260903_1_PA039","TOR_20260903_1",2026-09-03,0,0.144408643965375
2,"M7_forest_player_behavior","TOR_20260903_1_PA040","TOR_20260903_1",2026-09-03,1,0.256020127673032
2,"M7_forest_player_behavior","TOR_20260903_1_PA041","TOR_20260903_1",2026-09-03,0,0.176094148955264
2,"M7_forest_player_behavior","TOR_20260903_1_PA042","TOR_20260903_1",2026-09-03,0,0.234558337668261
2,"M7_forest_player_behavior","TOR_20260903_1_PA043","TOR_20260903_1",2026-09-03,0,0.0959536299660439
2,"M7_forest_player_behavior","TOR_20260903_1_PA044","TOR_20260903_1",2026-09-03,1,0.217798985394544
2,"M7_forest_player_behavior","TOR_20260904_1_PA001","TOR_20260904_1",2026-09-04,0,0.300282444394767
2,"M7_forest_player_behavior","TOR_20260904_1_PA002","TOR_20260904_1",2026-09-04,0,0.225220566494444
2,"M7_forest_player_behavior","TOR_20260904_1_PA003","TOR_20260904_1",2026-09-04,0,0.127759803553063
2,"M7_forest_player_behavior","TOR_20260904_1_PA004","TOR_20260904_1",2026-09-04,0,0.324086412484459
2,"M7_forest_player_behavior","TOR_20260904_1_PA005","TOR_20260904_1",2026-09-04,0,0.266752606959238
2,"M7_forest_player_behavior","TOR_20260904_1_PA006","TOR_20260904_1",2026-09-04,0,0.178969038167609
2,"M7_forest_player_behavior","TOR_20260904_1_PA007","TOR_20260904_1",2026-09-04,0,0.255391019433278
2,"M7_forest_player_behavior","TOR_20260904_1_PA008","TOR_20260904_1",2026-09-04,0,0.201293936409997
2,"M7_forest_player_behavior","TOR_20260904_1_PA009","TOR_20260904_1",2026-09-04,0,0.196531992351567
2,"M7_forest_player_behavior","TOR_20260904_1_PA010","TOR_20260904_1",2026-09-04,0,0.226909836474056
2,"M7_forest_player_behavior","TOR_20260904_1_PA011","TOR_20260904_1",2026-09-04,0,0.156427355786615
2,"M7_forest_player_behavior","TOR_20260904_1_PA012","TOR_20260904_1",2026-09-04,0,0.092572482537311
2,"M7_forest_player_behavior","TOR_20260904_1_PA013","TOR_20260904_1",2026-09-04,0,0.117444901515174
2,"M7_forest_player_behavior","TOR_20260904_1_PA014","TOR_20260904_1",2026-09-04,0,0.286894117598849
2,"M7_forest_player_behavior","TOR_20260904_1_PA015","TOR_20260904_1",2026-09-04,0,0.186717381275911
2,"M7_forest_player_behavior","TOR_20260904_1_PA016","TOR_20260904_1",2026-09-04,0,0.179365978374745
2,"M7_forest_player_behavior","TOR_20260904_1_PA017","TOR_20260904_1",2026-09-04,0,0.384093517540198
2,"M7_forest_player_behavior","TOR_20260904_1_PA018","TOR_20260904_1",2026-09-04,0,0.214672713279357
2,"M7_forest_player_behavior","TOR_20260904_1_PA019","TOR_20260904_1",2026-09-04,0,0.171216967223318
2,"M7_forest_player_behavior","TOR_20260904_1_PA020","TOR_20260904_1",2026-09-04,0,0.269417891662516
2,"M7_forest_player_behavior","TOR_20260904_1_PA021","TOR_20260904_1",2026-09-04,0,0.0667117075992547
2,"M7_forest_player_behavior","TOR_20260904_1_PA022","TOR_20260904_1",2026-09-04,0,0.118088198510849
2,"M7_forest_player_behavior","TOR_20260904_1_PA023","TOR_20260904_1",2026-09-04,0,0.307347982483212
2,"M7_forest_player_behavior","TOR_20260904_1_PA024","TOR_20260904_1",2026-09-04,0,0.188640975881321
2,"M7_forest_player_behavior","TOR_20260904_1_PA025","TOR_20260904_1",2026-09-04,0,0.117612617288773
2,"M7_forest_player_behavior","TOR_20260904_1_PA026","TOR_20260904_1",2026-09-04,0,0.235951065219821
2,"M7_forest_player_behavior","TOR_20260904_1_PA027","TOR_20260904_1",2026-09-04,0,0.221398980384703
2,"M7_forest_player_behavior","TOR_20260904_1_PA028","TOR_20260904_1",2026-09-04,0,0.18956483605532
2,"M7_forest_player_behavior","TOR_20260904_1_PA029","TOR_20260904_1",2026-09-04,0,0.149525383150808
2,"M7_forest_player_behavior","TOR_20260904_1_PA030","TOR_20260904_1",2026-09-04,0,0.106015673098506
2,"M7_forest_player_behavior","TOR_20260904_1_PA031","TOR_20260904_1",2026-09-04,0,0.089449140023018
2,"M7_forest_player_behavior","TOR_20260904_1_PA032","TOR_20260904_1",2026-09-04,1,0.287608873680789
2,"M7_forest_player_behavior","TOR_20260904_1_PA033","TOR_20260904_1",2026-09-04,1,0.205893529863205
2,"M7_forest_player_behavior","TOR_20260904_1_PA034","TOR_20260904_1",2026-09-04,0,0.238063907405408
2,"M7_forest_player_behavior","TOR_20260904_1_PA035","TOR_20260904_1",2026-09-04,0,0.119187556459599
2,"M7_forest_player_behavior","TOR_20260904_1_PA036","TOR_20260904_1",2026-09-04,0,0.0767294467315157
2,"M7_forest_player_behavior","TOR_20260904_1_PA037","TOR_20260904_1",2026-09-04,1,0.197929534559659
2,"M7_forest_player_behavior","TOR_20260904_1_PA038","TOR_20260904_1",2026-09-04,0,0.171802303098667
2,"M7_forest_player_behavior","TOR_20260904_1_PA039","TOR_20260904_1",2026-09-04,0,0.221848075134358
2,"M7_forest_player_behavior","TOR_20260904_1_PA040","TOR_20260904_1",2026-09-04,0,0.13184786735945
2,"M7_forest_player_behavior","TOR_20260904_1_PA041","TOR_20260904_1",2026-09-04,1,0.214378597047337
2,"M7_forest_player_behavior","TOR_20260904_1_PA042","TOR_20260904_1",2026-09-04,0,0.166274751745501
2,"M7_forest_player_behavior","TOR_20260904_1_PA043","TOR_20260904_1",2026-09-04,0,0.081172861303653
2,"M7_forest_player_behavior","TOR_20260905_1_PA001","TOR_20260905_1",2026-09-05,0,0.300282444394767
2,"M7_forest_player_behavior","TOR_20260905_1_PA002","TOR_20260905_1",2026-09-05,0,0.22490161125497
2,"M7_forest_player_behavior","TOR_20260905_1_PA003","TOR_20260905_1",2026-09-05,0,0.0890744824522824
2,"M7_forest_player_behavior","TOR_20260905_1_PA004","TOR_20260905_1",2026-09-05,0,0.201514834997535
2,"M7_forest_player_behavior","TOR_20260905_1_PA005","TOR_20260905_1",2026-09-05,0,0.402266621193839
2,"M7_forest_player_behavior","TOR_20260905_1_PA006","TOR_20260905_1",2026-09-05,0,0.2070205196835
2,"M7_forest_player_behavior","TOR_20260905_1_PA007","TOR_20260905_1",2026-09-05,0,0.219037966600043
2,"M7_forest_player_behavior","TOR_20260905_1_PA008","TOR_20260905_1",2026-09-05,0,0.232385259498995
2,"M7_forest_player_behavior","TOR_20260905_1_PA009","TOR_20260905_1",2026-09-05,0,0.19348849344693
2,"M7_forest_player_behavior","TOR_20260905_1_PA010","TOR_20260905_1",2026-09-05,0,0.282873869783949
2,"M7_forest_player_behavior","TOR_20260905_1_PA011","TOR_20260905_1",2026-09-05,0,0.235827885633869
2,"M7_forest_player_behavior","TOR_20260905_1_PA012","TOR_20260905_1",2026-09-05,0,0.092572482537311
2,"M7_forest_player_behavior","TOR_20260905_1_PA013","TOR_20260905_1",2026-09-05,0,0.196383014262058
2,"M7_forest_player_behavior","TOR_20260905_1_PA014","TOR_20260905_1",2026-09-05,0,0.199353244783987
2,"M7_forest_player_behavior","TOR_20260905_1_PA015","TOR_20260905_1",2026-09-05,0,0.24298658300929
2,"M7_forest_player_behavior","TOR_20260905_1_PA016","TOR_20260905_1",2026-09-05,0,0.222346592918253
2,"M7_forest_player_behavior","TOR_20260905_1_PA017","TOR_20260905_1",2026-09-05,0,0.084471984665777
2,"M7_forest_player_behavior","TOR_20260905_1_PA018","TOR_20260905_1",2026-09-05,0,0.204310240385151
2,"M7_forest_player_behavior","TOR_20260905_1_PA019","TOR_20260905_1",2026-09-05,1,0.164026700938103
2,"M7_forest_player_behavior","TOR_20260905_1_PA020","TOR_20260905_1",2026-09-05,0,0.262581742504638
2,"M7_forest_player_behavior","TOR_20260905_1_PA021","TOR_20260905_1",2026-09-05,0,0.0541111541707492
2,"M7_forest_player_behavior","TOR_20260905_1_PA022","TOR_20260905_1",2026-09-05,0,0.0653688045651401
2,"M7_forest_player_behavior","TOR_20260905_1_PA023","TOR_20260905_1",2026-09-05,0,0.184856407840275
2,"M7_forest_player_behavior","TOR_20260905_1_PA024","TOR_20260905_1",2026-09-05,0,0.273169358581335
2,"M7_forest_player_behavior","TOR_20260905_1_PA025","TOR_20260905_1",2026-09-05,0,0.238060841633606
2,"M7_forest_player_behavior","TOR_20260905_1_PA026","TOR_20260905_1",2026-09-05,1,0.158228566931465
2,"M7_forest_player_behavior","TOR_20260905_1_PA027","TOR_20260905_1",2026-09-05,1,0.152317360434465
2,"M7_forest_player_behavior","TOR_20260905_1_PA028","TOR_20260905_1",2026-09-05,0,0.245521657501048
2,"M7_forest_player_behavior","TOR_20260905_1_PA029","TOR_20260905_1",2026-09-05,0,0.170991098813982
2,"M7_forest_player_behavior","TOR_20260905_1_PA030","TOR_20260905_1",2026-09-05,1,0.0448186531493634
2,"M7_forest_player_behavior","TOR_20260905_1_PA031","TOR_20260905_1",2026-09-05,0,0.171091624515802
2,"M7_forest_player_behavior","TOR_20260905_1_PA032","TOR_20260905_1",2026-09-05,0,0.119361578035092
2,"M7_forest_player_behavior","TOR_20260905_1_PA033","TOR_20260905_1",2026-09-05,0,0.213592768837036
2,"M7_forest_player_behavior","TOR_20260905_1_PA034","TOR_20260905_1",2026-09-05,0,0.196863003649711
2,"M7_forest_player_behavior","TOR_20260905_1_PA035","TOR_20260905_1",2026-09-05,0,0.122120938904689
2,"M7_forest_player_behavior","TOR_20260905_1_PA036","TOR_20260905_1",2026-09-05,0,0.175968364916588
2,"M7_forest_player_behavior","TOR_20260905_1_PA037","TOR_20260905_1",2026-09-05,0,0.18581082901104
2,"M7_forest_player_behavior","TOR_20260905_1_PA038","TOR_20260905_1",2026-09-05,0,0.167265927343868
2,"M7_forest_player_behavior","TOR_20260905_1_PA039","TOR_20260905_1",2026-09-05,0,0.0579047450475872
2,"M7_forest_player_behavior","TOR_20260905_1_PA040","TOR_20260905_1",2026-09-05,0,0.0951121390696449
2,"M7_forest_player_behavior","TOR_20260905_1_PA041","TOR_20260905_1",2026-09-05,0,0.180625397089358
2,"M7_forest_player_behavior","TOR_20260905_1_PA042","TOR_20260905_1",2026-09-05,0,0.142217336250006
2,"M7_forest_player_behavior","TOR_20260906_1_PA001","TOR_20260906_1",2026-09-06,0,0.300282444394767
2,"M7_forest_player_behavior","TOR_20260906_1_PA002","TOR_20260906_1",2026-09-06,0,0.230526107821875
2,"M7_forest_player_behavior","TOR_20260906_1_PA003","TOR_20260906_1",2026-09-06,0,0.127850194266913
2,"M7_forest_player_behavior","TOR_20260906_1_PA004","TOR_20260906_1",2026-09-06,0,0.313478575281415
2,"M7_forest_player_behavior","TOR_20260906_1_PA005","TOR_20260906_1",2026-09-06,1,0.316330238870354
2,"M7_forest_player_behavior","TOR_20260906_1_PA006","TOR_20260906_1",2026-09-06,1,0.216522850049344
2,"M7_forest_player_behavior","TOR_20260906_1_PA007","TOR_20260906_1",2026-09-06,0,0.190893585565379
2,"M7_forest_player_behavior","TOR_20260906_1_PA008","TOR_20260906_1",2026-09-06,0,0.120278026992937
2,"M7_forest_player_behavior","TOR_20260906_1_PA009","TOR_20260906_1",2026-09-06,0,0.217075603901866
2,"M7_forest_player_behavior","TOR_20260906_1_PA010","TOR_20260906_1",2026-09-06,0,0.251616524106498
2,"M7_forest_player_behavior","TOR_20260906_1_PA011","TOR_20260906_1",2026-09-06,0,0.185355981079696
2,"M7_forest_player_behavior","TOR_20260906_1_PA012","TOR_20260906_1",2026-09-06,0,0.0564836714167185
2,"M7_forest_player_behavior","TOR_20260906_1_PA013","TOR_20260906_1",2026-09-06,0,0.300511956782392
2,"M7_forest_player_behavior","TOR_20260906_1_PA014","TOR_20260906_1",2026-09-06,0,0.192516959627798
2,"M7_forest_player_behavior","TOR_20260906_1_PA015","TOR_20260906_1",2026-09-06,1,0.246125982867906
2,"M7_forest_player_behavior","TOR_20260906_1_PA016","TOR_20260906_1",2026-09-06,0,0.116896389950412
2,"M7_forest_player_behavior","TOR_20260906_1_PA017","TOR_20260906_1",2026-09-06,0,0.2203316497818
2,"M7_forest_player_behavior","TOR_20260906_1_PA018","TOR_20260906_1",2026-09-06,0,0.234796842702816
2,"M7_forest_player_behavior","TOR_20260906_1_PA019","TOR_20260906_1",2026-09-06,0,0.171552816495832
2,"M7_forest_player_behavior","TOR_20260906_1_PA020","TOR_20260906_1",2026-09-06,0,0.217064151795455
2,"M7_forest_player_behavior","TOR_20260906_1_PA021","TOR_20260906_1",2026-09-06,0,0.0730977871676541
2,"M7_forest_player_behavior","TOR_20260906_1_PA022","TOR_20260906_1",2026-09-06,0,0.201425907172046
2,"M7_forest_player_behavior","TOR_20260906_1_PA023","TOR_20260906_1",2026-09-06,0,0.150932787669333
2,"M7_forest_player_behavior","TOR_20260906_1_PA024","TOR_20260906_1",2026-09-06,0,0.223099935002779
2,"M7_forest_player_behavior","TOR_20260906_1_PA025","TOR_20260906_1",2026-09-06,0,0.221878021099357
2,"M7_forest_player_behavior","TOR_20260906_1_PA026","TOR_20260906_1",2026-09-06,0,0.19529315002733
2,"M7_forest_player_behavior","TOR_20260906_1_PA027","TOR_20260906_1",2026-09-06,0,0.169837253202989
2,"M7_forest_player_behavior","TOR_20260906_1_PA028","TOR_20260906_1",2026-09-06,0,0.250504541796168
2,"M7_forest_player_behavior","TOR_20260906_1_PA029","TOR_20260906_1",2026-09-06,1,0.350723027465252
2,"M7_forest_player_behavior","TOR_20260906_1_PA030","TOR_20260906_1",2026-09-06,1,0.0707381732218466
2,"M7_forest_player_behavior","TOR_20260906_1_PA031","TOR_20260906_1",2026-09-06,0,0.100724044838942
2,"M7_forest_player_behavior","TOR_20260906_1_PA032","TOR_20260906_1",2026-09-06,0,0.217465067993438
2,"M7_forest_player_behavior","TOR_20260906_1_PA033","TOR_20260906_1",2026-09-06,0,0.184555104848756
2,"M7_forest_player_behavior","TOR_20260906_1_PA034","TOR_20260906_1",2026-09-06,0,0.100154762461809
2,"M7_forest_player_behavior","TOR_20260907_1_PA001","TOR_20260907_1",2026-09-07,0,0.311240788633223
2,"M7_forest_player_behavior","TOR_20260907_1_PA002","TOR_20260907_1",2026-09-07,0,0.290075625905486
2,"M7_forest_player_behavior","TOR_20260907_1_PA003","TOR_20260907_1",2026-09-07,1,0.100260836463209
2,"M7_forest_player_behavior","TOR_20260907_1_PA004","TOR_20260907_1",2026-09-07,0,0.184408560842445
2,"M7_forest_player_behavior","TOR_20260907_1_PA005","TOR_20260907_1",2026-09-07,0,0.295481812285788
2,"M7_forest_player_behavior","TOR_20260907_1_PA006","TOR_20260907_1",2026-09-07,0,0.22892897904889
2,"M7_forest_player_behavior","TOR_20260907_1_PA007","TOR_20260907_1",2026-09-07,0,0.0927957643917208
2,"M7_forest_player_behavior","TOR_20260907_1_PA008","TOR_20260907_1",2026-09-07,0,0.144244685178538
2,"M7_forest_player_behavior","TOR_20260907_1_PA009","TOR_20260907_1",2026-09-07,0,0.136918222381495
2,"M7_forest_player_behavior","TOR_20260907_1_PA010","TOR_20260907_1",2026-09-07,0,0.262153051742544
2,"M7_forest_player_behavior","TOR_20260907_1_PA011","TOR_20260907_1",2026-09-07,0,0.18068693753198
2,"M7_forest_player_behavior","TOR_20260907_1_PA012","TOR_20260907_1",2026-09-07,0,0.044033767216941
2,"M7_forest_player_behavior","TOR_20260907_1_PA013","TOR_20260907_1",2026-09-07,0,0.174203513892722
2,"M7_forest_player_behavior","TOR_20260907_1_PA014","TOR_20260907_1",2026-09-07,0,0.22990037456242
2,"M7_forest_player_behavior","TOR_20260907_1_PA015","TOR_20260907_1",2026-09-07,0,0.411781038112522
2,"M7_forest_player_behavior","TOR_20260907_1_PA016","TOR_20260907_1",2026-09-07,0,0.134859444063298
2,"M7_forest_player_behavior","TOR_20260907_1_PA017","TOR_20260907_1",2026-09-07,0,0.239144612159206
2,"M7_forest_player_behavior","TOR_20260907_1_PA018","TOR_20260907_1",2026-09-07,0,0.166338787738063
2,"M7_forest_player_behavior","TOR_20260907_1_PA019","TOR_20260907_1",2026-09-07,0,0.230876706818667
2,"M7_forest_player_behavior","TOR_20260907_1_PA020","TOR_20260907_1",2026-09-07,0,0.314632514073637
2,"M7_forest_player_behavior","TOR_20260907_1_PA021","TOR_20260907_1",2026-09-07,0,0.0645151284695675
2,"M7_forest_player_behavior","TOR_20260907_1_PA022","TOR_20260907_1",2026-09-07,0,0.151127749656075
2,"M7_forest_player_behavior","TOR_20260907_1_PA023","TOR_20260907_1",2026-09-07,0,0.193019014401686
2,"M7_forest_player_behavior","TOR_20260907_1_PA024","TOR_20260907_1",2026-09-07,0,0.251283188734105
2,"M7_forest_player_behavior","TOR_20260907_1_PA025","TOR_20260907_1",2026-09-07,0,0.105351186807989
2,"M7_forest_player_behavior","TOR_20260907_1_PA026","TOR_20260907_1",2026-09-07,0,0.217749381465011
2,"M7_forest_player_behavior","TOR_20260907_1_PA027","TOR_20260907_1",2026-09-07,0,0.148085401072738
2,"M7_forest_player_behavior","TOR_20260907_1_PA028","TOR_20260907_1",2026-09-07,1,0.195647405410592
2,"M7_forest_player_behavior","TOR_20260907_1_PA029","TOR_20260907_1",2026-09-07,1,0.204401104720513
2,"M7_forest_player_behavior","TOR_20260907_1_PA030","TOR_20260907_1",2026-09-07,0,0.0390074032351115
2,"M7_forest_player_behavior","TOR_20260907_1_PA031","TOR_20260907_1",2026-09-07,0,0.107621145201289
2,"M7_forest_player_behavior","TOR_20260907_1_PA032","TOR_20260907_1",2026-09-07,0,0.28914044558569
2,"M7_forest_player_behavior","TOR_20260907_1_PA033","TOR_20260907_1",2026-09-07,0,0.353444959561026
2,"M7_forest_player_behavior","TOR_20260907_1_PA034","TOR_20260907_1",2026-09-07,0,0.110377778257175
2,"M7_forest_player_behavior","TOR_20260907_1_PA035","TOR_20260907_1",2026-09-07,0,0.157302674206326
2,"M7_forest_player_behavior","TOR_20260907_1_PA036","TOR_20260907_1",2026-09-07,0,0.185718313276471
2,"M7_forest_player_behavior","TOR_20260907_1_PA037","TOR_20260907_1",2026-09-07,0,0.235170008413758
2,"M7_forest_player_behavior","TOR_20260907_1_PA038","TOR_20260907_1",2026-09-07,1,0.180496978720127
3,"M4_ridge_player_context","TOR_20260908_1_PA001","TOR_20260908_1",2026-09-08,0,0.158161614882544
3,"M4_ridge_player_context","TOR_20260908_1_PA002","TOR_20260908_1",2026-09-08,0,0.120930914905169
3,"M4_ridge_player_context","TOR_20260908_1_PA003","TOR_20260908_1",2026-09-08,1,0.065399340222589
3,"M4_ridge_player_context","TOR_20260908_1_PA004","TOR_20260908_1",2026-09-08,1,0.0785492375196024
3,"M4_ridge_player_context","TOR_20260908_1_PA005","TOR_20260908_1",2026-09-08,0,0.171177912638276
3,"M4_ridge_player_context","TOR_20260908_1_PA006","TOR_20260908_1",2026-09-08,0,0.180180269819446
3,"M4_ridge_player_context","TOR_20260908_1_PA007","TOR_20260908_1",2026-09-08,0,0.109021882691874
3,"M4_ridge_player_context","TOR_20260908_1_PA008","TOR_20260908_1",2026-09-08,0,0.243070804782029
3,"M4_ridge_player_context","TOR_20260908_1_PA009","TOR_20260908_1",2026-09-08,0,0.0808831972797512
3,"M4_ridge_player_context","TOR_20260908_1_PA010","TOR_20260908_1",2026-09-08,0,0.152046294939518
3,"M4_ridge_player_context","TOR_20260908_1_PA011","TOR_20260908_1",2026-09-08,0,0.116056665869612
3,"M4_ridge_player_context","TOR_20260908_1_PA012","TOR_20260908_1",2026-09-08,0,0.0626039500316388
3,"M4_ridge_player_context","TOR_20260908_1_PA013","TOR_20260908_1",2026-09-08,0,0.0736294536956067
3,"M4_ridge_player_context","TOR_20260908_1_PA014","TOR_20260908_1",2026-09-08,0,0.164657754601889
3,"M4_ridge_player_context","TOR_20260908_1_PA015","TOR_20260908_1",2026-09-08,0,0.173388946730773
3,"M4_ridge_player_context","TOR_20260908_1_PA016","TOR_20260908_1",2026-09-08,0,0.0822525551638235
3,"M4_ridge_player_context","TOR_20260908_1_PA017","TOR_20260908_1",2026-09-08,1,0.230423324717762
3,"M4_ridge_player_context","TOR_20260908_1_PA018","TOR_20260908_1",2026-09-08,0,0.0758292601760631
3,"M4_ridge_player_context","TOR_20260908_1_PA019","TOR_20260908_1",2026-09-08,0,0.1461263810659
3,"M4_ridge_player_context","TOR_20260908_1_PA020","TOR_20260908_1",2026-09-08,0,0.109065734148697
3,"M4_ridge_player_context","TOR_20260908_1_PA021","TOR_20260908_1",2026-09-08,0,0.0586193354655614
3,"M4_ridge_player_context","TOR_20260908_1_PA022","TOR_20260908_1",2026-09-08,0,0.0550138282834936
3,"M4_ridge_player_context","TOR_20260908_1_PA023","TOR_20260908_1",2026-09-08,0,0.126161918583148
3,"M4_ridge_player_context","TOR_20260908_1_PA024","TOR_20260908_1",2026-09-08,0,0.166801519534863
3,"M4_ridge_player_context","TOR_20260908_1_PA025","TOR_20260908_1",2026-09-08,0,0.100280489379803
3,"M4_ridge_player_context","TOR_20260908_1_PA026","TOR_20260908_1",2026-09-08,0,0.222251642068808
3,"M4_ridge_player_context","TOR_20260908_1_PA027","TOR_20260908_1",2026-09-08,0,0.0726227012132562
3,"M4_ridge_player_context","TOR_20260908_1_PA028","TOR_20260908_1",2026-09-08,1,0.111385350504795
3,"M4_ridge_player_context","TOR_20260908_1_PA029","TOR_20260908_1",2026-09-08,0,0.0840660654879787
3,"M4_ridge_player_context","TOR_20260908_1_PA030","TOR_20260908_1",2026-09-08,0,0.0560963514074708
3,"M4_ridge_player_context","TOR_20260908_1_PA031","TOR_20260908_1",2026-09-08,0,0.0675108090679063
3,"M4_ridge_player_context","TOR_20260908_1_PA032","TOR_20260908_1",2026-09-08,1,0.152217581018045
3,"M4_ridge_player_context","TOR_20260908_1_PA033","TOR_20260908_1",2026-09-08,0,0.157297803822872
3,"M4_ridge_player_context","TOR_20260908_1_PA034","TOR_20260908_1",2026-09-08,0,0.0941386638337806
3,"M4_ridge_player_context","TOR_20260908_1_PA035","TOR_20260908_1",2026-09-08,1,0.214289063561146
3,"M4_ridge_player_context","TOR_20260908_1_PA036","TOR_20260908_1",2026-09-08,0,0.0695415334790945
3,"M4_ridge_player_context","TOR_20260909_1_PA001","TOR_20260909_1",2026-09-09,0,0.158161614882544
3,"M4_ridge_player_context","TOR_20260909_1_PA002","TOR_20260909_1",2026-09-09,1,0.177044678348905
3,"M4_ridge_player_context","TOR_20260909_1_PA003","TOR_20260909_1",2026-09-09,0,0.065399340222589
3,"M4_ridge_player_context","TOR_20260909_1_PA004","TOR_20260909_1",2026-09-09,0,0.0785492375196024
3,"M4_ridge_player_context","TOR_20260909_1_PA005","TOR_20260909_1",2026-09-09,1,0.180180269819446
3,"M4_ridge_player_context","TOR_20260909_1_PA006","TOR_20260909_1",2026-09-09,0,0.109021882691874
3,"M4_ridge_player_context","TOR_20260909_1_PA007","TOR_20260909_1",2026-09-09,0,0.0808831972797512
3,"M4_ridge_player_context","TOR_20260909_1_PA008","TOR_20260909_1",2026-09-09,0,0.126851690970771
3,"M4_ridge_player_context","TOR_20260909_1_PA009","TOR_20260909_1",2026-09-09,0,0.0984770890476066
3,"M4_ridge_player_context","TOR_20260909_1_PA010","TOR_20260909_1",2026-09-09,0,0.152046294939518
3,"M4_ridge_player_context","TOR_20260909_1_PA011","TOR_20260909_1",2026-09-09,0,0.170346984004531
3,"M4_ridge_player_context","TOR_20260909_1_PA012","TOR_20260909_1",2026-09-09,0,0.0626039500316388
3,"M4_ridge_player_context","TOR_20260909_1_PA013","TOR_20260909_1",2026-09-09,0,0.0736294536956067
3,"M4_ridge_player_context","TOR_20260909_1_PA014","TOR_20260909_1",2026-09-09,1,0.173388946730773
3,"M4_ridge_player_context","TOR_20260909_1_PA015","TOR_20260909_1",2026-09-09,0,0.104570540238734
3,"M4_ridge_player_context","TOR_20260909_1_PA016","TOR_20260909_1",2026-09-09,0,0.0605534975510808
3,"M4_ridge_player_context","TOR_20260909_1_PA017","TOR_20260909_1",2026-09-09,1,0.0961769960983894
3,"M4_ridge_player_context","TOR_20260909_1_PA018","TOR_20260909_1",2026-09-09,1,0.0944106669985064
3,"M4_ridge_player_context","TOR_20260909_1_PA019","TOR_20260909_1",2026-09-09,0,0.1461263810659
3,"M4_ridge_player_context","TOR_20260909_1_PA020","TOR_20260909_1",2026-09-09,0,0.0877300926833766
3,"M4_ridge_player_context","TOR_20260909_1_PA021","TOR_20260909_1",2026-09-09,0,0.0466355542756827
3,"M4_ridge_player_context","TOR_20260909_1_PA022","TOR_20260909_1",2026-09-09,0,0.0705088199390272
3,"M4_ridge_player_context","TOR_20260909_1_PA023","TOR_20260909_1",2026-09-09,0,0.166801519534863
3,"M4_ridge_player_context","TOR_20260909_1_PA024","TOR_20260909_1",2026-09-09,0,0.100280489379803
3,"M4_ridge_player_context","TOR_20260909_1_PA025","TOR_20260909_1",2026-09-09,0,0.0726227012132562
3,"M4_ridge_player_context","TOR_20260909_1_PA026","TOR_20260909_1",2026-09-09,1,0.114481244259866
3,"M4_ridge_player_context","TOR_20260909_1_PA027","TOR_20260909_1",2026-09-09,1,0.155253422925143
3,"M4_ridge_player_context","TOR_20260909_1_PA028","TOR_20260909_1",2026-09-09,0,0.137606106113034
3,"M4_ridge_player_context","TOR_20260909_1_PA029","TOR_20260909_1",2026-09-09,0,0.134261141512959
3,"M4_ridge_player_context","TOR_20260909_1_PA030","TOR_20260909_1",2026-09-09,0,0.0560963514074708
3,"M4_ridge_player_context","TOR_20260909_1_PA031","TOR_20260909_1",2026-09-09,1,0.0660565309688161
3,"M4_ridge_player_context","TOR_20260909_1_PA032","TOR_20260909_1",2026-09-09,1,0.157297803822872
3,"M4_ridge_player_context","TOR_20260909_1_PA033","TOR_20260909_1",2026-09-09,0,0.0941386638337806
3,"M4_ridge_player_context","TOR_20260909_1_PA034","TOR_20260909_1",2026-09-09,0,0.0695415334790945
3,"M4_ridge_player_context","TOR_20260911_1_PA001","TOR_20260911_1",2026-09-11,1,0.244908464249451
3,"M4_ridge_player_context","TOR_20260911_1_PA002","TOR_20260911_1",2026-09-11,0,0.239680085147032
3,"M4_ridge_player_context","TOR_20260911_1_PA003","TOR_20260911_1",2026-09-11,0,0.107782853138361
3,"M4_ridge_player_context","TOR_20260911_1_PA004","TOR_20260911_1",2026-09-11,0,0.101479411598976
3,"M4_ridge_player_context","TOR_20260911_1_PA005","TOR_20260911_1",2026-09-11,1,0.154163277678361
3,"M4_ridge_player_context","TOR_20260911_1_PA006","TOR_20260911_1",2026-09-11,0,0.275057850456702
3,"M4_ridge_player_context","TOR_20260911_1_PA007","TOR_20260911_1",2026-09-11,0,0.262834887109796
3,"M4_ridge_player_context","TOR_20260911_1_PA008","TOR_20260911_1",2026-09-11,0,0.174400553698001
3,"M4_ridge_player_context","TOR_20260911_1_PA009","TOR_20260911_1",2026-09-11,0,0.129236532757133
3,"M4_ridge_player_context","TOR_20260911_1_PA010","TOR_20260911_1",2026-09-11,0,0.236380869654929
3,"M4_ridge_player_context","TOR_20260911_1_PA011","TOR_20260911_1",2026-09-11,0,0.231278779774849
3,"M4_ridge_player_context","TOR_20260911_1_PA012","TOR_20260911_1",2026-09-11,1,0.0812900008076942
3,"M4_ridge_player_context","TOR_20260911_1_PA013","TOR_20260911_1",2026-09-11,0,0.0973023951905601
3,"M4_ridge_player_context","TOR_20260911_1_PA014","TOR_20260911_1",2026-09-11,0,0.148175342457203
3,"M4_ridge_player_context","TOR_20260911_1_PA015","TOR_20260911_1",2026-09-11,0,0.265850074263599
3,"M4_ridge_player_context","TOR_20260911_1_PA016","TOR_20260911_1",2026-09-11,1,0.253892981390409
3,"M4_ridge_player_context","TOR_20260911_1_PA017","TOR_20260911_1",2026-09-11,0,0.167782494354897
3,"M4_ridge_player_context","TOR_20260911_1_PA018","TOR_20260911_1",2026-09-11,0,0.126633164795891
3,"M4_ridge_player_context","TOR_20260911_1_PA019","TOR_20260911_1",2026-09-11,0,0.223978479202767
3,"M4_ridge_player_context","TOR_20260911_1_PA020","TOR_20260911_1",2026-09-11,0,0.219067288303681
3,"M4_ridge_player_context","TOR_20260911_1_PA021","TOR_20260911_1",2026-09-11,0,0.0970652567605569
3,"M4_ridge_player_context","TOR_20260911_1_PA022","TOR_20260911_1",2026-09-11,1,0.0913244534243914
3,"M4_ridge_player_context","TOR_20260911_1_PA023","TOR_20260911_1",2026-09-11,0,0.174465552858151
3,"M4_ridge_player_context","TOR_20260911_1_PA024","TOR_20260911_1",2026-09-11,0,0.256841329432707
3,"M4_ridge_player_context","TOR_20260911_1_PA025","TOR_20260911_1",2026-09-11,1,0.202321823459292
3,"M4_ridge_player_context","TOR_20260911_1_PA026","TOR_20260911_1",2026-09-11,0,0.128668642158965
3,"M4_ridge_player_context","TOR_20260911_1_PA027","TOR_20260911_1",2026-09-11,0,0.0960055026622221
3,"M4_ridge_player_context","TOR_20260911_1_PA028","TOR_20260911_1",2026-09-11,0,0.219948683519751
3,"M4_ridge_player_context","TOR_20260911_1_PA029","TOR_20260911_1",2026-09-11,0,0.215101361726269
3,"M4_ridge_player_context","TOR_20260911_1_PA030","TOR_20260911_1",2026-09-11,1,0.0950392209063755
3,"M4_ridge_player_context","TOR_20260911_1_PA031","TOR_20260911_1",2026-09-11,0,0.111100040990981
3,"M4_ridge_player_context","TOR_20260911_1_PA032","TOR_20260911_1",2026-09-11,0,0.167845528415328
3,"M4_ridge_player_context","TOR_20260911_1_PA033","TOR_20260911_1",2026-09-11,1,0.248034721795057
3,"M4_ridge_player_context","TOR_20260911_1_PA034","TOR_20260911_1",2026-09-11,1,0.235562337313389
3,"M4_ridge_player_context","TOR_20260911_1_PA035","TOR_20260911_1",2026-09-11,0,0.152115903791388
3,"M4_ridge_player_context","TOR_20260911_1_PA036","TOR_20260911_1",2026-09-11,0,0.11428123933422
3,"M4_ridge_player_context","TOR_20260911_1_PA037","TOR_20260911_1",2026-09-11,0,0.171175089124511
3,"M4_ridge_player_context","TOR_20260911_1_PA038","TOR_20260911_1",2026-09-11,0,0.207326666764346
3,"M4_ridge_player_context","TOR_20260911_1_PA039","TOR_20260911_1",2026-09-11,0,0.0911004136985786
3,"M4_ridge_player_context","TOR_20260911_1_PA040","TOR_20260911_1",2026-09-11,0,0.0856789181744545
3,"M4_ridge_player_context","TOR_20260912_1_PA001","TOR_20260912_1",2026-09-12,0,0.244908464249451
3,"M4_ridge_player_context","TOR_20260912_1_PA002","TOR_20260912_1",2026-09-12,0,0.239680085147032
3,"M4_ridge_player_context","TOR_20260912_1_PA003","TOR_20260912_1",2026-09-12,0,0.084844240907899
3,"M4_ridge_player_context","TOR_20260912_1_PA004","TOR_20260912_1",2026-09-12,0,0.101479411598976
3,"M4_ridge_player_context","TOR_20260912_1_PA005","TOR_20260912_1",2026-09-12,0,0.191912958489071
3,"M4_ridge_player_context","TOR_20260912_1_PA006","TOR_20260912_1",2026-09-12,0,0.275057850456702
3,"M4_ridge_player_context","TOR_20260912_1_PA007","TOR_20260912_1",2026-09-12,1,0.262834887109796
3,"M4_ridge_player_context","TOR_20260912_1_PA008","TOR_20260912_1",2026-09-12,0,0.174400553698001
3,"M4_ridge_player_context","TOR_20260912_1_PA009","TOR_20260912_1",2026-09-12,0,0.160185384944587
3,"M4_ridge_player_context","TOR_20260912_1_PA010","TOR_20260912_1",2026-09-12,0,0.236380869654929
3,"M4_ridge_player_context","TOR_20260912_1_PA011","TOR_20260912_1",2026-09-12,0,0.231278779774849
3,"M4_ridge_player_context","TOR_20260912_1_PA012","TOR_20260912_1",2026-09-12,1,0.103376230367046
3,"M4_ridge_player_context","TOR_20260912_1_PA013","TOR_20260912_1",2026-09-12,0,0.123155940183568
3,"M4_ridge_player_context","TOR_20260912_1_PA014","TOR_20260912_1",2026-09-12,0,0.18477908233022
3,"M4_ridge_player_context","TOR_20260912_1_PA015","TOR_20260912_1",2026-09-12,0,0.270429300127779
3,"M4_ridge_player_context","TOR_20260912_1_PA016","TOR_20260912_1",2026-09-12,0,0.258338722771
3,"M4_ridge_player_context","TOR_20260912_1_PA017","TOR_20260912_1",2026-09-12,0,0.136723262314229
3,"M4_ridge_player_context","TOR_20260912_1_PA018","TOR_20260912_1",2026-09-12,1,0.19172605370516
3,"M4_ridge_player_context","TOR_20260912_1_PA019","TOR_20260912_1",2026-09-12,0,0.232194698370132
3,"M4_ridge_player_context","TOR_20260912_1_PA020","TOR_20260912_1",2026-09-12,1,0.227156085400946
3,"M4_ridge_player_context","TOR_20260912_1_PA021","TOR_20260912_1",2026-09-12,1,0.0991297522900523
3,"M4_ridge_player_context","TOR_20260912_1_PA022","TOR_20260912_1",2026-09-12,1,0.118204068235394
3,"M4_ridge_player_context","TOR_20260912_1_PA023","TOR_20260912_1",2026-09-12,1,0.177852025544678
3,"M4_ridge_player_context","TOR_20260912_1_PA024","TOR_20260912_1",2026-09-12,0,0.256841329432707
3,"M4_ridge_player_context","TOR_20260912_1_PA025","TOR_20260912_1",2026-09-12,0,0.245154118285415
3,"M4_ridge_player_context","TOR_20260912_1_PA026","TOR_20260912_1",2026-09-12,0,0.161366487630203
3,"M4_ridge_player_context","TOR_20260912_1_PA027","TOR_20260912_1",2026-09-12,0,0.14802323124428
3,"M4_ridge_player_context","TOR_20260912_1_PA028","TOR_20260912_1",2026-09-12,1,0.181336830174737
3,"M4_ridge_player_context","TOR_20260912_1_PA029","TOR_20260912_1",2026-09-12,0,0.177147205900133
3,"M4_ridge_player_context","TOR_20260912_1_PA030","TOR_20260912_1",2026-09-12,0,0.0950392209063755
3,"M4_ridge_player_context","TOR_20260912_1_PA031","TOR_20260912_1",2026-09-12,0,0.113425546257198
3,"M4_ridge_player_context","TOR_20260912_1_PA032","TOR_20260912_1",2026-09-12,0,0.171130139986233
3,"M4_ridge_player_context","TOR_20260912_1_PA033","TOR_20260912_1",2026-09-12,0,0.205793143007998
3,"M4_ridge_player_context","TOR_20260912_1_PA034","TOR_20260912_1",2026-09-12,0,0.0939992841741359
3,"M4_ridge_player_context","TOR_20260912_1_PA035","TOR_20260912_1",2026-09-12,1,0.126075057586929
3,"M4_ridge_player_context","TOR_20260912_1_PA036","TOR_20260912_1",2026-09-12,0,0.177675803830369
3,"M4_ridge_player_context","TOR_20260912_1_PA037","TOR_20260912_1",2026-09-12,1,0.215971213294658
3,"M4_ridge_player_context","TOR_20260912_1_PA038","TOR_20260912_1",2026-09-12,0,0.211187816733744
3,"M4_ridge_player_context","TOR_20260912_1_PA039","TOR_20260912_1",2026-09-12,0,0.0930511162625229
3,"M4_ridge_player_context","TOR_20260913_1_PA001","TOR_20260913_1",2026-09-13,0,0.244908464249451
3,"M4_ridge_player_context","TOR_20260913_1_PA002","TOR_20260913_1",2026-09-13,0,0.239680085147032
3,"M4_ridge_player_context","TOR_20260913_1_PA003","TOR_20260913_1",2026-09-13,0,0.107782853138361
3,"M4_ridge_player_context","TOR_20260913_1_PA004","TOR_20260913_1",2026-09-13,0,0.279735246057808
3,"M4_ridge_player_context","TOR_20260913_1_PA005","TOR_20260913_1",2026-09-13,0,0.266233181122085
3,"M4_ridge_player_context","TOR_20260913_1_PA006","TOR_20260913_1",2026-09-13,0,0.131885339562149
3,"M4_ridge_player_context","TOR_20260913_1_PA007","TOR_20260913_1",2026-09-13,0,0.174400553698001
3,"M4_ridge_player_context","TOR_20260913_1_PA008","TOR_20260913_1",2026-09-13,1,0.161412354049449
3,"M4_ridge_player_context","TOR_20260913_1_PA009","TOR_20260913_1",2026-09-13,0,0.129026205046127
3,"M4_ridge_player_context","TOR_20260913_1_PA010","TOR_20260913_1",2026-09-13,0,0.236380869654929
3,"M4_ridge_player_context","TOR_20260913_1_PA011","TOR_20260913_1",2026-09-13,1,0.231278779774849
3,"M4_ridge_player_context","TOR_20260913_1_PA012","TOR_20260913_1",2026-09-13,0,0.103376230367046
3,"M4_ridge_player_context","TOR_20260913_1_PA013","TOR_20260913_1",2026-09-13,0,0.221468033958111
3,"M4_ridge_player_context","TOR_20260913_1_PA014","TOR_20260913_1",2026-09-13,1,0.213855490881811
3,"M4_ridge_player_context","TOR_20260913_1_PA015","TOR_20260913_1",2026-09-13,0,0.126633164795891
3,"M4_ridge_player_context","TOR_20260913_1_PA016","TOR_20260913_1",2026-09-13,0,0.167782494354897
3,"M4_ridge_player_context","TOR_20260913_1_PA017","TOR_20260913_1",2026-09-13,1,0.193139053525409
3,"M4_ridge_player_context","TOR_20260913_1_PA018","TOR_20260913_1",2026-09-13,0,0.152527219228571
3,"M4_ridge_player_context","TOR_20260913_1_PA019","TOR_20260913_1",2026-09-13,1,0.22806052092228
3,"M4_ridge_player_context","TOR_20260913_1_PA020","TOR_20260913_1",2026-09-13,0,0.223085553764552
3,"M4_ridge_player_context","TOR_20260913_1_PA021","TOR_20260913_1",2026-09-13,0,0.0991297522900523
3,"M4_ridge_player_context","TOR_20260913_1_PA022","TOR_20260913_1",2026-09-13,0,0.261320615331171
3,"M4_ridge_player_context","TOR_20260913_1_PA023","TOR_20260913_1",2026-09-13,0,0.252782996815135
3,"M4_ridge_player_context","TOR_20260913_1_PA024","TOR_20260913_1",2026-09-13,0,0.121560862970045
3,"M4_ridge_player_context","TOR_20260913_1_PA025","TOR_20260913_1",2026-09-13,0,0.161366487630203
3,"M4_ridge_player_context","TOR_20260913_1_PA026","TOR_20260913_1",2026-09-13,0,0.185970089311735
3,"M4_ridge_player_context","TOR_20260913_1_PA027","TOR_20260913_1",2026-09-13,0,0.146591817678106
3,"M4_ridge_player_context","TOR_20260913_1_PA028","TOR_20260913_1",2026-09-13,0,0.219948683519751
3,"M4_ridge_player_context","TOR_20260913_1_PA029","TOR_20260913_1",2026-09-13,0,0.215101361726269
3,"M4_ridge_player_context","TOR_20260913_1_PA030","TOR_20260913_1",2026-09-13,0,0.0950392209063755
3,"M4_ridge_player_context","TOR_20260913_1_PA031","TOR_20260913_1",2026-09-13,0,0.205793143007998
3,"M4_ridge_player_context","TOR_20260913_1_PA032","TOR_20260913_1",2026-09-13,0,0.167845528415328
3,"M4_ridge_player_context","TOR_20260913_1_PA033","TOR_20260913_1",2026-09-13,0,0.116664592907891
3,"M4_ridge_player_context","TOR_20260913_1_PA034","TOR_20260913_1",2026-09-13,0,0.155150088950769
3,"M4_ridge_player_context","TOR_20260913_1_PA035","TOR_20260913_1",2026-09-13,0,0.179008187781315
3,"M4_ridge_player_context","TOR_20260913_1_PA036","TOR_20260913_1",2026-09-13,0,0.114092061763783
3,"M4_ridge_player_context","TOR_20260913_1_PA037","TOR_20260913_1",2026-09-13,0,0.174511193626673
3,"M4_ridge_player_context","TOR_20260913_1_PA038","TOR_20260913_1",2026-09-13,0,0.170446436215286
3,"M4_ridge_player_context","TOR_20260913_1_PA039","TOR_20260913_1",2026-09-13,1,0.0729912578068772
3,"M6_forest_player_context","TOR_20260908_1_PA001","TOR_20260908_1",2026-09-08,0,0.158616187395591
3,"M6_forest_player_context","TOR_20260908_1_PA002","TOR_20260908_1",2026-09-08,0,0.112822797452314
3,"M6_forest_player_context","TOR_20260908_1_PA003","TOR_20260908_1",2026-09-08,1,0.174874890282482
3,"M6_forest_player_context","TOR_20260908_1_PA004","TOR_20260908_1",2026-09-08,1,0.0939425654286196
3,"M6_forest_player_context","TOR_20260908_1_PA005","TOR_20260908_1",2026-09-08,0,0.219149679785511
3,"M6_forest_player_context","TOR_20260908_1_PA006","TOR_20260908_1",2026-09-08,0,0.110182727729172
3,"M6_forest_player_context","TOR_20260908_1_PA007","TOR_20260908_1",2026-09-08,0,0.0701095340525408
3,"M6_forest_player_context","TOR_20260908_1_PA008","TOR_20260908_1",2026-09-08,0,0.237655538952452
3,"M6_forest_player_context","TOR_20260908_1_PA009","TOR_20260908_1",2026-09-08,0,0.0810045155378988
3,"M6_forest_player_context","TOR_20260908_1_PA010","TOR_20260908_1",2026-09-08,0,0.11160624680552
3,"M6_forest_player_context","TOR_20260908_1_PA011","TOR_20260908_1",2026-09-08,0,0.0756477777093605
3,"M6_forest_player_context","TOR_20260908_1_PA012","TOR_20260908_1",2026-09-08,0,0.107476326531526
3,"M6_forest_player_context","TOR_20260908_1_PA013","TOR_20260908_1",2026-09-08,0,0.0662088244355712
3,"M6_forest_player_context","TOR_20260908_1_PA014","TOR_20260908_1",2026-09-08,0,0.178907733930775
3,"M6_forest_player_context","TOR_20260908_1_PA015","TOR_20260908_1",2026-09-08,0,0.0955136094981152
3,"M6_forest_player_context","TOR_20260908_1_PA016","TOR_20260908_1",2026-09-08,0,0.0945434603645448
3,"M6_forest_player_context","TOR_20260908_1_PA017","TOR_20260908_1",2026-09-08,1,0.25024706467958
3,"M6_forest_player_context","TOR_20260908_1_PA018","TOR_20260908_1",2026-09-08,0,0.0497551041448738
3,"M6_forest_player_context","TOR_20260908_1_PA019","TOR_20260908_1",2026-09-08,0,0.108235218765001
3,"M6_forest_player_context","TOR_20260908_1_PA020","TOR_20260908_1",2026-09-08,0,0.0993743802023771
3,"M6_forest_player_context","TOR_20260908_1_PA021","TOR_20260908_1",2026-09-08,0,0.101920417030186
3,"M6_forest_player_context","TOR_20260908_1_PA022","TOR_20260908_1",2026-09-08,0,0.0778113773619695
3,"M6_forest_player_context","TOR_20260908_1_PA023","TOR_20260908_1",2026-09-08,0,0.148680757915753
3,"M6_forest_player_context","TOR_20260908_1_PA024","TOR_20260908_1",2026-09-08,0,0.11316325873133
3,"M6_forest_player_context","TOR_20260908_1_PA025","TOR_20260908_1",2026-09-08,0,0.0774981697260023
3,"M6_forest_player_context","TOR_20260908_1_PA026","TOR_20260908_1",2026-09-08,0,0.264762160636619
3,"M6_forest_player_context","TOR_20260908_1_PA027","TOR_20260908_1",2026-09-08,0,0.066297875915473
3,"M6_forest_player_context","TOR_20260908_1_PA028","TOR_20260908_1",2026-09-08,1,0.22632904687511
3,"M6_forest_player_context","TOR_20260908_1_PA029","TOR_20260908_1",2026-09-08,0,0.14530574648002
3,"M6_forest_player_context","TOR_20260908_1_PA030","TOR_20260908_1",2026-09-08,0,0.147649144366995
3,"M6_forest_player_context","TOR_20260908_1_PA031","TOR_20260908_1",2026-09-08,0,0.089679749693291
3,"M6_forest_player_context","TOR_20260908_1_PA032","TOR_20260908_1",2026-09-08,1,0.165856860974217
3,"M6_forest_player_context","TOR_20260908_1_PA033","TOR_20260908_1",2026-09-08,0,0.180974647955106
3,"M6_forest_player_context","TOR_20260908_1_PA034","TOR_20260908_1",2026-09-08,0,0.0984097785013088
3,"M6_forest_player_context","TOR_20260908_1_PA035","TOR_20260908_1",2026-09-08,1,0.256621873810492
3,"M6_forest_player_context","TOR_20260908_1_PA036","TOR_20260908_1",2026-09-08,0,0.0808185728692194
3,"M6_forest_player_context","TOR_20260909_1_PA001","TOR_20260909_1",2026-09-09,0,0.158616187395591
3,"M6_forest_player_context","TOR_20260909_1_PA002","TOR_20260909_1",2026-09-09,1,0.214156808615129
3,"M6_forest_player_context","TOR_20260909_1_PA003","TOR_20260909_1",2026-09-09,0,0.174874890282482
3,"M6_forest_player_context","TOR_20260909_1_PA004","TOR_20260909_1",2026-09-09,0,0.0939425654286196
3,"M6_forest_player_context","TOR_20260909_1_PA005","TOR_20260909_1",2026-09-09,1,0.110182727729172
3,"M6_forest_player_context","TOR_20260909_1_PA006","TOR_20260909_1",2026-09-09,0,0.0701095340525408
3,"M6_forest_player_context","TOR_20260909_1_PA007","TOR_20260909_1",2026-09-09,0,0.0810045155378988
3,"M6_forest_player_context","TOR_20260909_1_PA008","TOR_20260909_1",2026-09-09,0,0.137380891301656
3,"M6_forest_player_context","TOR_20260909_1_PA009","TOR_20260909_1",2026-09-09,0,0.0546753066988841
3,"M6_forest_player_context","TOR_20260909_1_PA010","TOR_20260909_1",2026-09-09,0,0.11160624680552
3,"M6_forest_player_context","TOR_20260909_1_PA011","TOR_20260909_1",2026-09-09,0,0.163261181359131
3,"M6_forest_player_context","TOR_20260909_1_PA012","TOR_20260909_1",2026-09-09,0,0.107476326531526
3,"M6_forest_player_context","TOR_20260909_1_PA013","TOR_20260909_1",2026-09-09,0,0.0662088244355712
3,"M6_forest_player_context","TOR_20260909_1_PA014","TOR_20260909_1",2026-09-09,1,0.0955136094981152
3,"M6_forest_player_context","TOR_20260909_1_PA015","TOR_20260909_1",2026-09-09,0,0.0605503664240169
3,"M6_forest_player_context","TOR_20260909_1_PA016","TOR_20260909_1",2026-09-09,0,0.08673048731644
3,"M6_forest_player_context","TOR_20260909_1_PA017","TOR_20260909_1",2026-09-09,1,0.125106710008491
3,"M6_forest_player_context","TOR_20260909_1_PA018","TOR_20260909_1",2026-09-09,1,0.0626672969770183
3,"M6_forest_player_context","TOR_20260909_1_PA019","TOR_20260909_1",2026-09-09,0,0.108235218765001
3,"M6_forest_player_context","TOR_20260909_1_PA020","TOR_20260909_1",2026-09-09,0,0.0854082339376155
3,"M6_forest_player_context","TOR_20260909_1_PA021","TOR_20260909_1",2026-09-09,0,0.0820758237103481
3,"M6_forest_player_context","TOR_20260909_1_PA022","TOR_20260909_1",2026-09-09,0,0.0604153105520102
3,"M6_forest_player_context","TOR_20260909_1_PA023","TOR_20260909_1",2026-09-09,0,0.11316325873133
3,"M6_forest_player_context","TOR_20260909_1_PA024","TOR_20260909_1",2026-09-09,0,0.0774981697260023
3,"M6_forest_player_context","TOR_20260909_1_PA025","TOR_20260909_1",2026-09-09,0,0.066297875915473
3,"M6_forest_player_context","TOR_20260909_1_PA026","TOR_20260909_1",2026-09-09,1,0.149842818468378
3,"M6_forest_player_context","TOR_20260909_1_PA027","TOR_20260909_1",2026-09-09,1,0.180676062449299
3,"M6_forest_player_context","TOR_20260909_1_PA028","TOR_20260909_1",2026-09-09,0,0.19310913916125
3,"M6_forest_player_context","TOR_20260909_1_PA029","TOR_20260909_1",2026-09-09,0,0.258473588056578
3,"M6_forest_player_context","TOR_20260909_1_PA030","TOR_20260909_1",2026-09-09,0,0.147649144366995
3,"M6_forest_player_context","TOR_20260909_1_PA031","TOR_20260909_1",2026-09-09,1,0.0864097114915703
3,"M6_forest_player_context","TOR_20260909_1_PA032","TOR_20260909_1",2026-09-09,1,0.180974647955106
3,"M6_forest_player_context","TOR_20260909_1_PA033","TOR_20260909_1",2026-09-09,0,0.0984097785013088
3,"M6_forest_player_context","TOR_20260909_1_PA034","TOR_20260909_1",2026-09-09,0,0.0808185728692194
3,"M6_forest_player_context","TOR_20260911_1_PA001","TOR_20260911_1",2026-09-11,1,0.235657678267787
3,"M6_forest_player_context","TOR_20260911_1_PA002","TOR_20260911_1",2026-09-11,0,0.220511964083295
3,"M6_forest_player_context","TOR_20260911_1_PA003","TOR_20260911_1",2026-09-11,0,0.12341454919689
3,"M6_forest_player_context","TOR_20260911_1_PA004","TOR_20260911_1",2026-09-11,0,0.118351820910811
3,"M6_forest_player_context","TOR_20260911_1_PA005","TOR_20260911_1",2026-09-11,1,0.121022599241008
3,"M6_forest_player_context","TOR_20260911_1_PA006","TOR_20260911_1",2026-09-11,0,0.21722746718245
3,"M6_forest_player_context","TOR_20260911_1_PA007","TOR_20260911_1",2026-09-11,0,0.399235721479022
3,"M6_forest_player_context","TOR_20260911_1_PA008","TOR_20260911_1",2026-09-11,0,0.168029380738697
3,"M6_forest_player_context","TOR_20260911_1_PA009","TOR_20260911_1",2026-09-11,0,0.10505214197765
3,"M6_forest_player_context","TOR_20260911_1_PA010","TOR_20260911_1",2026-09-11,0,0.226517613028364
3,"M6_forest_player_context","TOR_20260911_1_PA011","TOR_20260911_1",2026-09-11,0,0.19817211960108
3,"M6_forest_player_context","TOR_20260911_1_PA012","TOR_20260911_1",2026-09-11,1,0.0571175195410886
3,"M6_forest_player_context","TOR_20260911_1_PA013","TOR_20260911_1",2026-09-11,0,0.114940307024465
3,"M6_forest_player_context","TOR_20260911_1_PA014","TOR_20260911_1",2026-09-11,0,0.0926435429817101
3,"M6_forest_player_context","TOR_20260911_1_PA015","TOR_20260911_1",2026-09-11,0,0.203890150162662
3,"M6_forest_player_context","TOR_20260911_1_PA016","TOR_20260911_1",2026-09-11,1,0.344107846774469
3,"M6_forest_player_context","TOR_20260911_1_PA017","TOR_20260911_1",2026-09-11,0,0.160577629105191
3,"M6_forest_player_context","TOR_20260911_1_PA018","TOR_20260911_1",2026-09-11,0,0.0979393709732437
3,"M6_forest_player_context","TOR_20260911_1_PA019","TOR_20260911_1",2026-09-11,0,0.180792465592806
3,"M6_forest_player_context","TOR_20260911_1_PA020","TOR_20260911_1",2026-09-11,0,0.192396780805129
3,"M6_forest_player_context","TOR_20260911_1_PA021","TOR_20260911_1",2026-09-11,0,0.0697590279757458
3,"M6_forest_player_context","TOR_20260911_1_PA022","TOR_20260911_1",2026-09-11,1,0.0903737142281777
3,"M6_forest_player_context","TOR_20260911_1_PA023","TOR_20260911_1",2026-09-11,0,0.160826745803577
3,"M6_forest_player_context","TOR_20260911_1_PA024","TOR_20260911_1",2026-09-11,0,0.206614373424769
3,"M6_forest_player_context","TOR_20260911_1_PA025","TOR_20260911_1",2026-09-11,1,0.140771212391684
3,"M6_forest_player_context","TOR_20260911_1_PA026","TOR_20260911_1",2026-09-11,0,0.185176400317899
3,"M6_forest_player_context","TOR_20260911_1_PA027","TOR_20260911_1",2026-09-11,0,0.130522649120059
3,"M6_forest_player_context","TOR_20260911_1_PA028","TOR_20260911_1",2026-09-11,0,0.186478986325302
3,"M6_forest_player_context","TOR_20260911_1_PA029","TOR_20260911_1",2026-09-11,0,0.189672177667068
3,"M6_forest_player_context","TOR_20260911_1_PA030","TOR_20260911_1",2026-09-11,1,0.104541514635729
3,"M6_forest_player_context","TOR_20260911_1_PA031","TOR_20260911_1",2026-09-11,0,0.0979764612331326
3,"M6_forest_player_context","TOR_20260911_1_PA032","TOR_20260911_1",2026-09-11,0,0.136877328678517
3,"M6_forest_player_context","TOR_20260911_1_PA033","TOR_20260911_1",2026-09-11,1,0.216921716686772
3,"M6_forest_player_context","TOR_20260911_1_PA034","TOR_20260911_1",2026-09-11,1,0.17423837748579
3,"M6_forest_player_context","TOR_20260911_1_PA035","TOR_20260911_1",2026-09-11,0,0.118613858178428
3,"M6_forest_player_context","TOR_20260911_1_PA036","TOR_20260911_1",2026-09-11,0,0.0950526854048926
3,"M6_forest_player_context","TOR_20260911_1_PA037","TOR_20260911_1",2026-09-11,0,0.188815977865221
3,"M6_forest_player_context","TOR_20260911_1_PA038","TOR_20260911_1",2026-09-11,0,0.167310066342549
3,"M6_forest_player_context","TOR_20260911_1_PA039","TOR_20260911_1",2026-09-11,0,0.0794478199226814
3,"M6_forest_player_context","TOR_20260911_1_PA040","TOR_20260911_1",2026-09-11,0,0.0766242392534061
3,"M6_forest_player_context","TOR_20260912_1_PA001","TOR_20260912_1",2026-09-12,0,0.235657678267787
3,"M6_forest_player_context","TOR_20260912_1_PA002","TOR_20260912_1",2026-09-12,0,0.220511964083295
3,"M6_forest_player_context","TOR_20260912_1_PA003","TOR_20260912_1",2026-09-12,0,0.0956720314333139
3,"M6_forest_player_context","TOR_20260912_1_PA004","TOR_20260912_1",2026-09-12,0,0.118351820910811
3,"M6_forest_player_context","TOR_20260912_1_PA005","TOR_20260912_1",2026-09-12,0,0.14003010694527
3,"M6_forest_player_context","TOR_20260912_1_PA006","TOR_20260912_1",2026-09-12,0,0.21722746718245
3,"M6_forest_player_context","TOR_20260912_1_PA007","TOR_20260912_1",2026-09-12,1,0.399235721479022
3,"M6_forest_player_context","TOR_20260912_1_PA008","TOR_20260912_1",2026-09-12,0,0.168029380738697
3,"M6_forest_player_context","TOR_20260912_1_PA009","TOR_20260912_1",2026-09-12,0,0.177488392523831
3,"M6_forest_player_context","TOR_20260912_1_PA010","TOR_20260912_1",2026-09-12,0,0.226517613028364
3,"M6_forest_player_context","TOR_20260912_1_PA011","TOR_20260912_1",2026-09-12,0,0.19817211960108
3,"M6_forest_player_context","TOR_20260912_1_PA012","TOR_20260912_1",2026-09-12,1,0.0800234125601477
3,"M6_forest_player_context","TOR_20260912_1_PA013","TOR_20260912_1",2026-09-12,0,0.120331235344954
3,"M6_forest_player_context","TOR_20260912_1_PA014","TOR_20260912_1",2026-09-12,0,0.137402600771275
3,"M6_forest_player_context","TOR_20260912_1_PA015","TOR_20260912_1",2026-09-12,0,0.223044501243091
3,"M6_forest_player_context","TOR_20260912_1_PA016","TOR_20260912_1",2026-09-12,0,0.350466837832555
3,"M6_forest_player_context","TOR_20260912_1_PA017","TOR_20260912_1",2026-09-12,0,0.172831747893893
3,"M6_forest_player_context","TOR_20260912_1_PA018","TOR_20260912_1",2026-09-12,1,0.180283757043598
3,"M6_forest_player_context","TOR_20260912_1_PA019","TOR_20260912_1",2026-09-12,0,0.228100875570887
3,"M6_forest_player_context","TOR_20260912_1_PA020","TOR_20260912_1",2026-09-12,1,0.215394612011092
3,"M6_forest_player_context","TOR_20260912_1_PA021","TOR_20260912_1",2026-09-12,1,0.0705703517808831
3,"M6_forest_player_context","TOR_20260912_1_PA022","TOR_20260912_1",2026-09-12,1,0.104785603406998
3,"M6_forest_player_context","TOR_20260912_1_PA023","TOR_20260912_1",2026-09-12,1,0.133902763689553
3,"M6_forest_player_context","TOR_20260912_1_PA024","TOR_20260912_1",2026-09-12,0,0.206614373424769
3,"M6_forest_player_context","TOR_20260912_1_PA025","TOR_20260912_1",2026-09-12,0,0.296903227064117
3,"M6_forest_player_context","TOR_20260912_1_PA026","TOR_20260912_1",2026-09-12,0,0.170270248272377
3,"M6_forest_player_context","TOR_20260912_1_PA027","TOR_20260912_1",2026-09-12,0,0.125117066205523
3,"M6_forest_player_context","TOR_20260912_1_PA028","TOR_20260912_1",2026-09-12,1,0.166791038386365
3,"M6_forest_player_context","TOR_20260912_1_PA029","TOR_20260912_1",2026-09-12,0,0.158600759952724
3,"M6_forest_player_context","TOR_20260912_1_PA030","TOR_20260912_1",2026-09-12,0,0.104541514635729
3,"M6_forest_player_context","TOR_20260912_1_PA031","TOR_20260912_1",2026-09-12,0,0.0917981055299132
3,"M6_forest_player_context","TOR_20260912_1_PA032","TOR_20260912_1",2026-09-12,0,0.165002173558972
3,"M6_forest_player_context","TOR_20260912_1_PA033","TOR_20260912_1",2026-09-12,0,0.146900788214172
3,"M6_forest_player_context","TOR_20260912_1_PA034","TOR_20260912_1",2026-09-12,0,0.124404496163828
3,"M6_forest_player_context","TOR_20260912_1_PA035","TOR_20260912_1",2026-09-12,1,0.179129399923173
3,"M6_forest_player_context","TOR_20260912_1_PA036","TOR_20260912_1",2026-09-12,0,0.155894322777696
3,"M6_forest_player_context","TOR_20260912_1_PA037","TOR_20260912_1",2026-09-12,1,0.219791141018978
3,"M6_forest_player_context","TOR_20260912_1_PA038","TOR_20260912_1",2026-09-12,0,0.198365901935552
3,"M6_forest_player_context","TOR_20260912_1_PA039","TOR_20260912_1",2026-09-12,0,0.0932564806511921
3,"M6_forest_player_context","TOR_20260913_1_PA001","TOR_20260913_1",2026-09-13,0,0.235657678267787
3,"M6_forest_player_context","TOR_20260913_1_PA002","TOR_20260913_1",2026-09-13,0,0.220511964083295
3,"M6_forest_player_context","TOR_20260913_1_PA003","TOR_20260913_1",2026-09-13,0,0.12341454919689
3,"M6_forest_player_context","TOR_20260913_1_PA004","TOR_20260913_1",2026-09-13,0,0.226579070498243
3,"M6_forest_player_context","TOR_20260913_1_PA005","TOR_20260913_1",2026-09-13,0,0.20169440456152
3,"M6_forest_player_context","TOR_20260913_1_PA006","TOR_20260913_1",2026-09-13,0,0.137540196818355
3,"M6_forest_player_context","TOR_20260913_1_PA007","TOR_20260913_1",2026-09-13,0,0.168029380738697
3,"M6_forest_player_context","TOR_20260913_1_PA008","TOR_20260913_1",2026-09-13,1,0.21868187908985
3,"M6_forest_player_context","TOR_20260913_1_PA009","TOR_20260913_1",2026-09-13,0,0.206397869219601
3,"M6_forest_player_context","TOR_20260913_1_PA010","TOR_20260913_1",2026-09-13,0,0.226517613028364
3,"M6_forest_player_context","TOR_20260913_1_PA011","TOR_20260913_1",2026-09-13,1,0.19817211960108
3,"M6_forest_player_context","TOR_20260913_1_PA012","TOR_20260913_1",2026-09-13,0,0.0800234125601477
3,"M6_forest_player_context","TOR_20260913_1_PA013","TOR_20260913_1",2026-09-13,0,0.16455588492513
3,"M6_forest_player_context","TOR_20260913_1_PA014","TOR_20260913_1",2026-09-13,1,0.150277389993229
3,"M6_forest_player_context","TOR_20260913_1_PA015","TOR_20260913_1",2026-09-13,0,0.0979393709732437
3,"M6_forest_player_context","TOR_20260913_1_PA016","TOR_20260913_1",2026-09-13,0,0.160577629105191
3,"M6_forest_player_context","TOR_20260913_1_PA017","TOR_20260913_1",2026-09-13,1,0.235760376895567
3,"M6_forest_player_context","TOR_20260913_1_PA018","TOR_20260913_1",2026-09-13,0,0.129980115947539
3,"M6_forest_player_context","TOR_20260913_1_PA019","TOR_20260913_1",2026-09-13,1,0.191282728642319
3,"M6_forest_player_context","TOR_20260913_1_PA020","TOR_20260913_1",2026-09-13,0,0.206713384897917
3,"M6_forest_player_context","TOR_20260913_1_PA021","TOR_20260913_1",2026-09-13,0,0.0705703517808831
3,"M6_forest_player_context","TOR_20260913_1_PA022","TOR_20260913_1",2026-09-13,0,0.194442984491927
3,"M6_forest_player_context","TOR_20260913_1_PA023","TOR_20260913_1",2026-09-13,0,0.197191042803256
3,"M6_forest_player_context","TOR_20260913_1_PA024","TOR_20260913_1",2026-09-13,0,0.105732608102682
3,"M6_forest_player_context","TOR_20260913_1_PA025","TOR_20260913_1",2026-09-13,0,0.170270248272377
3,"M6_forest_player_context","TOR_20260913_1_PA026","TOR_20260913_1",2026-09-13,0,0.196278958036008
3,"M6_forest_player_context","TOR_20260913_1_PA027","TOR_20260913_1",2026-09-13,0,0.125664407455301
3,"M6_forest_player_context","TOR_20260913_1_PA028","TOR_20260913_1",2026-09-13,0,0.186478986325302
3,"M6_forest_player_context","TOR_20260913_1_PA029","TOR_20260913_1",2026-09-13,0,0.189672177667068
3,"M6_forest_player_context","TOR_20260913_1_PA030","TOR_20260913_1",2026-09-13,0,0.104541514635729
3,"M6_forest_player_context","TOR_20260913_1_PA031","TOR_20260913_1",2026-09-13,0,0.146900788214172
3,"M6_forest_player_context","TOR_20260913_1_PA032","TOR_20260913_1",2026-09-13,0,0.136877328678517
3,"M6_forest_player_context","TOR_20260913_1_PA033","TOR_20260913_1",2026-09-13,0,0.120872945905642
3,"M6_forest_player_context","TOR_20260913_1_PA034","TOR_20260913_1",2026-09-13,0,0.142973256644849
3,"M6_forest_player_context","TOR_20260913_1_PA035","TOR_20260913_1",2026-09-13,0,0.164707278361976
3,"M6_forest_player_context","TOR_20260913_1_PA036","TOR_20260913_1",2026-09-13,0,0.143771804580409
3,"M6_forest_player_context","TOR_20260913_1_PA037","TOR_20260913_1",2026-09-13,0,0.198662171934021
3,"M6_forest_player_context","TOR_20260913_1_PA038","TOR_20260913_1",2026-09-13,0,0.161840591985266
3,"M6_forest_player_context","TOR_20260913_1_PA039","TOR_20260913_1",2026-09-13,1,0.0650502990832303
3,"M5_ridge_player_behavior","TOR_20260908_1_PA001","TOR_20260908_1",2026-09-08,0,0.150197941019244
3,"M5_ridge_player_behavior","TOR_20260908_1_PA002","TOR_20260908_1",2026-09-08,0,0.141362555735535
3,"M5_ridge_player_behavior","TOR_20260908_1_PA003","TOR_20260908_1",2026-09-08,1,0.0850406412843833
3,"M5_ridge_player_behavior","TOR_20260908_1_PA004","TOR_20260908_1",2026-09-08,1,0.0831310134401908
3,"M5_ridge_player_behavior","TOR_20260908_1_PA005","TOR_20260908_1",2026-09-08,0,0.127561052554461
3,"M5_ridge_player_behavior","TOR_20260908_1_PA006","TOR_20260908_1",2026-09-08,0,0.182683364057501
3,"M5_ridge_player_behavior","TOR_20260908_1_PA007","TOR_20260908_1",2026-09-08,0,0.0956777132785634
3,"M5_ridge_player_behavior","TOR_20260908_1_PA008","TOR_20260908_1",2026-09-08,0,0.138631341010279
3,"M5_ridge_player_behavior","TOR_20260908_1_PA009","TOR_20260908_1",2026-09-08,0,0.115097570337724
3,"M5_ridge_player_behavior","TOR_20260908_1_PA010","TOR_20260908_1",2026-09-08,0,0.141162074907967
3,"M5_ridge_player_behavior","TOR_20260908_1_PA011","TOR_20260908_1",2026-09-08,0,0.118405443184679
3,"M5_ridge_player_behavior","TOR_20260908_1_PA012","TOR_20260908_1",2026-09-08,0,0.0703430705397704
3,"M5_ridge_player_behavior","TOR_20260908_1_PA013","TOR_20260908_1",2026-09-08,0,0.084864161124145
3,"M5_ridge_player_behavior","TOR_20260908_1_PA014","TOR_20260908_1",2026-09-08,0,0.227046844246239
3,"M5_ridge_player_behavior","TOR_20260908_1_PA015","TOR_20260908_1",2026-09-08,0,0.14433759354908
3,"M5_ridge_player_behavior","TOR_20260908_1_PA016","TOR_20260908_1",2026-09-08,0,0.0859813004724694
3,"M5_ridge_player_behavior","TOR_20260908_1_PA017","TOR_20260908_1",2026-09-08,1,0.239778900362301
3,"M5_ridge_player_behavior","TOR_20260908_1_PA018","TOR_20260908_1",2026-09-08,0,0.081072714966768
3,"M5_ridge_player_behavior","TOR_20260908_1_PA019","TOR_20260908_1",2026-09-08,0,0.125728674380446
3,"M5_ridge_player_behavior","TOR_20260908_1_PA020","TOR_20260908_1",2026-09-08,0,0.156794122722498
3,"M5_ridge_player_behavior","TOR_20260908_1_PA021","TOR_20260908_1",2026-09-08,0,0.0477095873714886
3,"M5_ridge_player_behavior","TOR_20260908_1_PA022","TOR_20260908_1",2026-09-08,0,0.0464615282913715
3,"M5_ridge_player_behavior","TOR_20260908_1_PA023","TOR_20260908_1",2026-09-08,0,0.110269419420077
3,"M5_ridge_player_behavior","TOR_20260908_1_PA024","TOR_20260908_1",2026-09-08,0,0.11924557777117
3,"M5_ridge_player_behavior","TOR_20260908_1_PA025","TOR_20260908_1",2026-09-08,0,0.0961933404026199
3,"M5_ridge_player_behavior","TOR_20260908_1_PA026","TOR_20260908_1",2026-09-08,0,0.264242992873833
3,"M5_ridge_player_behavior","TOR_20260908_1_PA027","TOR_20260908_1",2026-09-08,0,0.0498613815428161
3,"M5_ridge_player_behavior","TOR_20260908_1_PA028","TOR_20260908_1",2026-09-08,1,0.139667413350863
3,"M5_ridge_player_behavior","TOR_20260908_1_PA029","TOR_20260908_1",2026-09-08,0,0.0735058814067371
3,"M5_ridge_player_behavior","TOR_20260908_1_PA030","TOR_20260908_1",2026-09-08,0,0.0563276629703014
3,"M5_ridge_player_behavior","TOR_20260908_1_PA031","TOR_20260908_1",2026-09-08,0,0.0772163442719942
3,"M5_ridge_player_behavior","TOR_20260908_1_PA032","TOR_20260908_1",2026-09-08,1,0.138084088491073
3,"M5_ridge_player_behavior","TOR_20260908_1_PA033","TOR_20260908_1",2026-09-08,0,0.161028275512623
3,"M5_ridge_player_behavior","TOR_20260908_1_PA034","TOR_20260908_1",2026-09-08,0,0.0901198845677731
3,"M5_ridge_player_behavior","TOR_20260908_1_PA035","TOR_20260908_1",2026-09-08,1,0.28548122897053
3,"M5_ridge_player_behavior","TOR_20260908_1_PA036","TOR_20260908_1",2026-09-08,0,0.0666495988848324
3,"M5_ridge_player_behavior","TOR_20260909_1_PA001","TOR_20260909_1",2026-09-09,0,0.150197941019244
3,"M5_ridge_player_behavior","TOR_20260909_1_PA002","TOR_20260909_1",2026-09-09,1,0.206034422868213
3,"M5_ridge_player_behavior","TOR_20260909_1_PA003","TOR_20260909_1",2026-09-09,0,0.0414565642078003
3,"M5_ridge_player_behavior","TOR_20260909_1_PA004","TOR_20260909_1",2026-09-09,0,0.0718557797155707
3,"M5_ridge_player_behavior","TOR_20260909_1_PA005","TOR_20260909_1",2026-09-09,1,0.211060547084383
3,"M5_ridge_player_behavior","TOR_20260909_1_PA006","TOR_20260909_1",2026-09-09,0,0.0956777132785634
3,"M5_ridge_player_behavior","TOR_20260909_1_PA007","TOR_20260909_1",2026-09-09,0,0.0726307194236615
3,"M5_ridge_player_behavior","TOR_20260909_1_PA008","TOR_20260909_1",2026-09-09,0,0.119808926588197
3,"M5_ridge_player_behavior","TOR_20260909_1_PA009","TOR_20260909_1",2026-09-09,0,0.102122535087473
3,"M5_ridge_player_behavior","TOR_20260909_1_PA010","TOR_20260909_1",2026-09-09,0,0.169629504499208
3,"M5_ridge_player_behavior","TOR_20260909_1_PA011","TOR_20260909_1",2026-09-09,0,0.19342784535045
3,"M5_ridge_player_behavior","TOR_20260909_1_PA012","TOR_20260909_1",2026-09-09,0,0.0656361020547806
3,"M5_ridge_player_behavior","TOR_20260909_1_PA013","TOR_20260909_1",2026-09-09,0,0.057103577429659
3,"M5_ridge_player_behavior","TOR_20260909_1_PA014","TOR_20260909_1",2026-09-09,1,0.113354979988343
3,"M5_ridge_player_behavior","TOR_20260909_1_PA015","TOR_20260909_1",2026-09-09,0,0.116537215656095
3,"M5_ridge_player_behavior","TOR_20260909_1_PA016","TOR_20260909_1",2026-09-09,0,0.0734841039133485
3,"M5_ridge_player_behavior","TOR_20260909_1_PA017","TOR_20260909_1",2026-09-09,1,0.0917640678168544
3,"M5_ridge_player_behavior","TOR_20260909_1_PA018","TOR_20260909_1",2026-09-09,1,0.0883500106783086
3,"M5_ridge_player_behavior","TOR_20260909_1_PA019","TOR_20260909_1",2026-09-09,0,0.131794554615758
3,"M5_ridge_player_behavior","TOR_20260909_1_PA020","TOR_20260909_1",2026-09-09,0,0.128541266613169
3,"M5_ridge_player_behavior","TOR_20260909_1_PA021","TOR_20260909_1",2026-09-09,0,0.0355400688688463
3,"M5_ridge_player_behavior","TOR_20260909_1_PA022","TOR_20260909_1",2026-09-09,0,0.0637460301468022
3,"M5_ridge_player_behavior","TOR_20260909_1_PA023","TOR_20260909_1",2026-09-09,0,0.199587420552515
3,"M5_ridge_player_behavior","TOR_20260909_1_PA024","TOR_20260909_1",2026-09-09,0,0.133750906748588
3,"M5_ridge_player_behavior","TOR_20260909_1_PA025","TOR_20260909_1",2026-09-09,0,0.0527710595608629
3,"M5_ridge_player_behavior","TOR_20260909_1_PA026","TOR_20260909_1",2026-09-09,1,0.0957537690034067
3,"M5_ridge_player_behavior","TOR_20260909_1_PA027","TOR_20260909_1",2026-09-09,1,0.185726562317202
3,"M5_ridge_player_behavior","TOR_20260909_1_PA028","TOR_20260909_1",2026-09-09,0,0.115654157164128
3,"M5_ridge_player_behavior","TOR_20260909_1_PA029","TOR_20260909_1",2026-09-09,0,0.128809191912827
3,"M5_ridge_player_behavior","TOR_20260909_1_PA030","TOR_20260909_1",2026-09-09,0,0.0805868297531846
3,"M5_ridge_player_behavior","TOR_20260909_1_PA031","TOR_20260909_1",2026-09-09,1,0.0455966745842617
3,"M5_ridge_player_behavior","TOR_20260909_1_PA032","TOR_20260909_1",2026-09-09,1,0.175957912688791
3,"M5_ridge_player_behavior","TOR_20260909_1_PA033","TOR_20260909_1",2026-09-09,0,0.0942510337926341
3,"M5_ridge_player_behavior","TOR_20260909_1_PA034","TOR_20260909_1",2026-09-09,0,0.0727188069142018
3,"M5_ridge_player_behavior","TOR_20260911_1_PA001","TOR_20260911_1",2026-09-11,1,0.221303017670022
3,"M5_ridge_player_behavior","TOR_20260911_1_PA002","TOR_20260911_1",2026-09-11,0,0.199289098231818
3,"M5_ridge_player_behavior","TOR_20260911_1_PA003","TOR_20260911_1",2026-09-11,0,0.158304668774246
3,"M5_ridge_player_behavior","TOR_20260911_1_PA004","TOR_20260911_1",2026-09-11,0,0.113461969628637
3,"M5_ridge_player_behavior","TOR_20260911_1_PA005","TOR_20260911_1",2026-09-11,1,0.192782375855097
3,"M5_ridge_player_behavior","TOR_20260911_1_PA006","TOR_20260911_1",2026-09-11,0,0.269767713512281
3,"M5_ridge_player_behavior","TOR_20260911_1_PA007","TOR_20260911_1",2026-09-11,0,0.312674162823586
3,"M5_ridge_player_behavior","TOR_20260911_1_PA008","TOR_20260911_1",2026-09-11,0,0.232731054401714
3,"M5_ridge_player_behavior","TOR_20260911_1_PA009","TOR_20260911_1",2026-09-11,0,0.114709455922421
3,"M5_ridge_player_behavior","TOR_20260911_1_PA010","TOR_20260911_1",2026-09-11,0,0.247528772583683
3,"M5_ridge_player_behavior","TOR_20260911_1_PA011","TOR_20260911_1",2026-09-11,0,0.229337170518994
3,"M5_ridge_player_behavior","TOR_20260911_1_PA012","TOR_20260911_1",2026-09-11,1,0.0871991772655382
3,"M5_ridge_player_behavior","TOR_20260911_1_PA013","TOR_20260911_1",2026-09-11,0,0.0906035914108272
3,"M5_ridge_player_behavior","TOR_20260911_1_PA014","TOR_20260911_1",2026-09-11,0,0.146115404109704
3,"M5_ridge_player_behavior","TOR_20260911_1_PA015","TOR_20260911_1",2026-09-11,0,0.272120147580927
3,"M5_ridge_player_behavior","TOR_20260911_1_PA016","TOR_20260911_1",2026-09-11,1,0.274980725843002
3,"M5_ridge_player_behavior","TOR_20260911_1_PA017","TOR_20260911_1",2026-09-11,0,0.152656804609188
3,"M5_ridge_player_behavior","TOR_20260911_1_PA018","TOR_20260911_1",2026-09-11,0,0.134638797997575
3,"M5_ridge_player_behavior","TOR_20260911_1_PA019","TOR_20260911_1",2026-09-11,0,0.228200831456926
3,"M5_ridge_player_behavior","TOR_20260911_1_PA020","TOR_20260911_1",2026-09-11,0,0.231439039079771
3,"M5_ridge_player_behavior","TOR_20260911_1_PA021","TOR_20260911_1",2026-09-11,0,0.0824080816994254
3,"M5_ridge_player_behavior","TOR_20260911_1_PA022","TOR_20260911_1",2026-09-11,1,0.0979578303780295
3,"M5_ridge_player_behavior","TOR_20260911_1_PA023","TOR_20260911_1",2026-09-11,0,0.226373287752885
3,"M5_ridge_player_behavior","TOR_20260911_1_PA024","TOR_20260911_1",2026-09-11,0,0.241590023639562
3,"M5_ridge_player_behavior","TOR_20260911_1_PA025","TOR_20260911_1",2026-09-11,1,0.185309691865157
3,"M5_ridge_player_behavior","TOR_20260911_1_PA026","TOR_20260911_1",2026-09-11,0,0.14314823209916
3,"M5_ridge_player_behavior","TOR_20260911_1_PA027","TOR_20260911_1",2026-09-11,0,0.115478053773796
3,"M5_ridge_player_behavior","TOR_20260911_1_PA028","TOR_20260911_1",2026-09-11,0,0.203134731128375
3,"M5_ridge_player_behavior","TOR_20260911_1_PA029","TOR_20260911_1",2026-09-11,0,0.212559692516336
3,"M5_ridge_player_behavior","TOR_20260911_1_PA030","TOR_20260911_1",2026-09-11,1,0.13883006870424
3,"M5_ridge_player_behavior","TOR_20260911_1_PA031","TOR_20260911_1",2026-09-11,0,0.0892209646387473
3,"M5_ridge_player_behavior","TOR_20260911_1_PA032","TOR_20260911_1",2026-09-11,0,0.181102783530936
3,"M5_ridge_player_behavior","TOR_20260911_1_PA033","TOR_20260911_1",2026-09-11,1,0.222719066418485
3,"M5_ridge_player_behavior","TOR_20260911_1_PA034","TOR_20260911_1",2026-09-11,1,0.274294421577992
3,"M5_ridge_player_behavior","TOR_20260911_1_PA035","TOR_20260911_1",2026-09-11,0,0.150779087149845
3,"M5_ridge_player_behavior","TOR_20260911_1_PA036","TOR_20260911_1",2026-09-11,0,0.115635874200661
3,"M5_ridge_player_behavior","TOR_20260911_1_PA037","TOR_20260911_1",2026-09-11,0,0.150184945388754
3,"M5_ridge_player_behavior","TOR_20260911_1_PA038","TOR_20260911_1",2026-09-11,0,0.186197414514361
3,"M5_ridge_player_behavior","TOR_20260911_1_PA039","TOR_20260911_1",2026-09-11,0,0.0699741676661657
3,"M5_ridge_player_behavior","TOR_20260911_1_PA040","TOR_20260911_1",2026-09-11,0,0.0852576754688087
3,"M5_ridge_player_behavior","TOR_20260912_1_PA001","TOR_20260912_1",2026-09-12,0,0.221303017670022
3,"M5_ridge_player_behavior","TOR_20260912_1_PA002","TOR_20260912_1",2026-09-12,0,0.239500459771116
3,"M5_ridge_player_behavior","TOR_20260912_1_PA003","TOR_20260912_1",2026-09-12,0,0.0725849143092257
3,"M5_ridge_player_behavior","TOR_20260912_1_PA004","TOR_20260912_1",2026-09-12,0,0.100149079323381
3,"M5_ridge_player_behavior","TOR_20260912_1_PA005","TOR_20260912_1",2026-09-12,0,0.171353517312561
3,"M5_ridge_player_behavior","TOR_20260912_1_PA006","TOR_20260912_1",2026-09-12,0,0.269767713512281
3,"M5_ridge_player_behavior","TOR_20260912_1_PA007","TOR_20260912_1",2026-09-12,1,0.244821973093505
3,"M5_ridge_player_behavior","TOR_20260912_1_PA008","TOR_20260912_1",2026-09-12,0,0.199313813427099
3,"M5_ridge_player_behavior","TOR_20260912_1_PA009","TOR_20260912_1",2026-09-12,0,0.125849195063516
3,"M5_ridge_player_behavior","TOR_20260912_1_PA010","TOR_20260912_1",2026-09-12,0,0.227584133854999
3,"M5_ridge_player_behavior","TOR_20260912_1_PA011","TOR_20260912_1",2026-09-12,0,0.211566316666308
3,"M5_ridge_player_behavior","TOR_20260912_1_PA012","TOR_20260912_1",2026-09-12,1,0.111841088671166
3,"M5_ridge_player_behavior","TOR_20260912_1_PA013","TOR_20260912_1",2026-09-12,0,0.125206043831996
3,"M5_ridge_player_behavior","TOR_20260912_1_PA014","TOR_20260912_1",2026-09-12,0,0.144896637503665
3,"M5_ridge_player_behavior","TOR_20260912_1_PA015","TOR_20260912_1",2026-09-12,0,0.264736845275755
3,"M5_ridge_player_behavior","TOR_20260912_1_PA016","TOR_20260912_1",2026-09-12,0,0.231229068718449
3,"M5_ridge_player_behavior","TOR_20260912_1_PA017","TOR_20260912_1",2026-09-12,0,0.142519023587418
3,"M5_ridge_player_behavior","TOR_20260912_1_PA018","TOR_20260912_1",2026-09-12,1,0.152547596602303
3,"M5_ridge_player_behavior","TOR_20260912_1_PA019","TOR_20260912_1",2026-09-12,0,0.242774753263961
3,"M5_ridge_player_behavior","TOR_20260912_1_PA020","TOR_20260912_1",2026-09-12,1,0.207312697587309
3,"M5_ridge_player_behavior","TOR_20260912_1_PA021","TOR_20260912_1",2026-09-12,1,0.0943406238197178
3,"M5_ridge_player_behavior","TOR_20260912_1_PA022","TOR_20260912_1",2026-09-12,1,0.1361604101356
3,"M5_ridge_player_behavior","TOR_20260912_1_PA023","TOR_20260912_1",2026-09-12,1,0.15725073941574
3,"M5_ridge_player_behavior","TOR_20260912_1_PA024","TOR_20260912_1",2026-09-12,0,0.265540637372386
3,"M5_ridge_player_behavior","TOR_20260912_1_PA025","TOR_20260912_1",2026-09-12,0,0.227167278689294
3,"M5_ridge_player_behavior","TOR_20260912_1_PA026","TOR_20260912_1",2026-09-12,0,0.151431317497104
3,"M5_ridge_player_behavior","TOR_20260912_1_PA027","TOR_20260912_1",2026-09-12,0,0.114971903672935
3,"M5_ridge_player_behavior","TOR_20260912_1_PA028","TOR_20260912_1",2026-09-12,1,0.215534602879972
3,"M5_ridge_player_behavior","TOR_20260912_1_PA029","TOR_20260912_1",2026-09-12,0,0.185963541822105
3,"M5_ridge_player_behavior","TOR_20260912_1_PA030","TOR_20260912_1",2026-09-12,0,0.0663342086267511
3,"M5_ridge_player_behavior","TOR_20260912_1_PA031","TOR_20260912_1",2026-09-12,0,0.133376983878885
3,"M5_ridge_player_behavior","TOR_20260912_1_PA032","TOR_20260912_1",2026-09-12,0,0.136570286428157
3,"M5_ridge_player_behavior","TOR_20260912_1_PA033","TOR_20260912_1",2026-09-12,0,0.191667905198427
3,"M5_ridge_player_behavior","TOR_20260912_1_PA034","TOR_20260912_1",2026-09-12,0,0.070521795470758
3,"M5_ridge_player_behavior","TOR_20260912_1_PA035","TOR_20260912_1",2026-09-12,1,0.130415893690519
3,"M5_ridge_player_behavior","TOR_20260912_1_PA036","TOR_20260912_1",2026-09-12,0,0.139731593434973
3,"M5_ridge_player_behavior","TOR_20260912_1_PA037","TOR_20260912_1",2026-09-12,1,0.199007843767092
3,"M5_ridge_player_behavior","TOR_20260912_1_PA038","TOR_20260912_1",2026-09-12,0,0.255675500273049
3,"M5_ridge_player_behavior","TOR_20260912_1_PA039","TOR_20260912_1",2026-09-12,0,0.0716646481177703
3,"M5_ridge_player_behavior","TOR_20260913_1_PA001","TOR_20260913_1",2026-09-13,0,0.221303017670022
3,"M5_ridge_player_behavior","TOR_20260913_1_PA002","TOR_20260913_1",2026-09-13,0,0.239500459771116
3,"M5_ridge_player_behavior","TOR_20260913_1_PA003","TOR_20260913_1",2026-09-13,0,0.0933964383919159
3,"M5_ridge_player_behavior","TOR_20260913_1_PA004","TOR_20260913_1",2026-09-13,0,0.399838381530835
3,"M5_ridge_player_behavior","TOR_20260913_1_PA005","TOR_20260913_1",2026-09-13,0,0.216883664675299
3,"M5_ridge_player_behavior","TOR_20260913_1_PA006","TOR_20260913_1",2026-09-13,0,0.159975319729979
3,"M5_ridge_player_behavior","TOR_20260913_1_PA007","TOR_20260913_1",2026-09-13,0,0.166865808111053
3,"M5_ridge_player_behavior","TOR_20260913_1_PA008","TOR_20260913_1",2026-09-13,1,0.160133724415162
3,"M5_ridge_player_behavior","TOR_20260913_1_PA009","TOR_20260913_1",2026-09-13,0,0.162885941887808
3,"M5_ridge_player_behavior","TOR_20260913_1_PA010","TOR_20260913_1",2026-09-13,0,0.227584133854999
3,"M5_ridge_player_behavior","TOR_20260913_1_PA011","TOR_20260913_1",2026-09-13,1,0.272497020775882
3,"M5_ridge_player_behavior","TOR_20260913_1_PA012","TOR_20260913_1",2026-09-13,0,0.10759165198471
3,"M5_ridge_player_behavior","TOR_20260913_1_PA013","TOR_20260913_1",2026-09-13,0,0.207230347892392
3,"M5_ridge_player_behavior","TOR_20260913_1_PA014","TOR_20260913_1",2026-09-13,1,0.294512913766795
3,"M5_ridge_player_behavior","TOR_20260913_1_PA015","TOR_20260913_1",2026-09-13,0,0.134638797997575
3,"M5_ridge_player_behavior","TOR_20260913_1_PA016","TOR_20260913_1",2026-09-13,0,0.205373242812926
3,"M5_ridge_player_behavior","TOR_20260913_1_PA017","TOR_20260913_1",2026-09-13,1,0.20307830254209
3,"M5_ridge_player_behavior","TOR_20260913_1_PA018","TOR_20260913_1",2026-09-13,0,0.127175358179761
3,"M5_ridge_player_behavior","TOR_20260913_1_PA019","TOR_20260913_1",2026-09-13,1,0.213044399755788
3,"M5_ridge_player_behavior","TOR_20260913_1_PA020","TOR_20260913_1",2026-09-13,0,0.203122566599254
3,"M5_ridge_player_behavior","TOR_20260913_1_PA021","TOR_20260913_1",2026-09-13,0,0.0986442780627086
3,"M5_ridge_player_behavior","TOR_20260913_1_PA022","TOR_20260913_1",2026-09-13,0,0.215803745093263
3,"M5_ridge_player_behavior","TOR_20260913_1_PA023","TOR_20260913_1",2026-09-13,0,0.22805191168908
3,"M5_ridge_player_behavior","TOR_20260913_1_PA024","TOR_20260913_1",2026-09-13,0,0.141458968221801
3,"M5_ridge_player_behavior","TOR_20260913_1_PA025","TOR_20260913_1",2026-09-13,0,0.168428815989273
3,"M5_ridge_player_behavior","TOR_20260913_1_PA026","TOR_20260913_1",2026-09-13,0,0.205012459159894
3,"M5_ridge_player_behavior","TOR_20260913_1_PA027","TOR_20260913_1",2026-09-13,0,0.149948527449596
3,"M5_ridge_player_behavior","TOR_20260913_1_PA028","TOR_20260913_1",2026-09-13,0,0.203134731128375
3,"M5_ridge_player_behavior","TOR_20260913_1_PA029","TOR_20260913_1",2026-09-13,0,0.21168128310623
3,"M5_ridge_player_behavior","TOR_20260913_1_PA030","TOR_20260913_1",2026-09-13,0,0.0804861486760519
3,"M5_ridge_player_behavior","TOR_20260913_1_PA031","TOR_20260913_1",2026-09-13,0,0.204728761428362
3,"M5_ridge_player_behavior","TOR_20260913_1_PA032","TOR_20260913_1",2026-09-13,0,0.181102783530936
3,"M5_ridge_player_behavior","TOR_20260913_1_PA033","TOR_20260913_1",2026-09-13,0,0.0839858535571642
3,"M5_ridge_player_behavior","TOR_20260913_1_PA034","TOR_20260913_1",2026-09-13,0,0.134051494047039
3,"M5_ridge_player_behavior","TOR_20260913_1_PA035","TOR_20260913_1",2026-09-13,0,0.180147968659675
3,"M5_ridge_player_behavior","TOR_20260913_1_PA036","TOR_20260913_1",2026-09-13,0,0.106188720700661
3,"M5_ridge_player_behavior","TOR_20260913_1_PA037","TOR_20260913_1",2026-09-13,0,0.14652901289245
3,"M5_ridge_player_behavior","TOR_20260913_1_PA038","TOR_20260913_1",2026-09-13,0,0.152031512621755
3,"M5_ridge_player_behavior","TOR_20260913_1_PA039","TOR_20260913_1",2026-09-13,1,0.0857545904401879
3,"M7_forest_player_behavior","TOR_20260908_1_PA001","TOR_20260908_1",2026-09-08,0,0.223169880499024
3,"M7_forest_player_behavior","TOR_20260908_1_PA002","TOR_20260908_1",2026-09-08,0,0.0968806506672594
3,"M7_forest_player_behavior","TOR_20260908_1_PA003","TOR_20260908_1",2026-09-08,1,0.242736347900909
3,"M7_forest_player_behavior","TOR_20260908_1_PA004","TOR_20260908_1",2026-09-08,1,0.112170468726458
3,"M7_forest_player_behavior","TOR_20260908_1_PA005","TOR_20260908_1",2026-09-08,0,0.258245215068723
3,"M7_forest_player_behavior","TOR_20260908_1_PA006","TOR_20260908_1",2026-09-08,0,0.148079599585827
3,"M7_forest_player_behavior","TOR_20260908_1_PA007","TOR_20260908_1",2026-09-08,0,0.0848709113047894
3,"M7_forest_player_behavior","TOR_20260908_1_PA008","TOR_20260908_1",2026-09-08,0,0.269201380327495
3,"M7_forest_player_behavior","TOR_20260908_1_PA009","TOR_20260908_1",2026-09-08,0,0.173019472531896
3,"M7_forest_player_behavior","TOR_20260908_1_PA010","TOR_20260908_1",2026-09-08,0,0.13760502006218
3,"M7_forest_player_behavior","TOR_20260908_1_PA011","TOR_20260908_1",2026-09-08,0,0.0926171104704768
3,"M7_forest_player_behavior","TOR_20260908_1_PA012","TOR_20260908_1",2026-09-08,0,0.121339470966301
3,"M7_forest_player_behavior","TOR_20260908_1_PA013","TOR_20260908_1",2026-09-08,0,0.101591733364273
3,"M7_forest_player_behavior","TOR_20260908_1_PA014","TOR_20260908_1",2026-09-08,0,0.190273988868281
3,"M7_forest_player_behavior","TOR_20260908_1_PA015","TOR_20260908_1",2026-09-08,0,0.113482038298165
3,"M7_forest_player_behavior","TOR_20260908_1_PA016","TOR_20260908_1",2026-09-08,0,0.144429638524
3,"M7_forest_player_behavior","TOR_20260908_1_PA017","TOR_20260908_1",2026-09-08,1,0.25562826245021
3,"M7_forest_player_behavior","TOR_20260908_1_PA018","TOR_20260908_1",2026-09-08,0,0.110018514527265
3,"M7_forest_player_behavior","TOR_20260908_1_PA019","TOR_20260908_1",2026-09-08,0,0.197573682647375
3,"M7_forest_player_behavior","TOR_20260908_1_PA020","TOR_20260908_1",2026-09-08,0,0.121977285035703
3,"M7_forest_player_behavior","TOR_20260908_1_PA021","TOR_20260908_1",2026-09-08,0,0.0794232415896785
3,"M7_forest_player_behavior","TOR_20260908_1_PA022","TOR_20260908_1",2026-09-08,0,0.0512468124012614
3,"M7_forest_player_behavior","TOR_20260908_1_PA023","TOR_20260908_1",2026-09-08,0,0.188393072484878
3,"M7_forest_player_behavior","TOR_20260908_1_PA024","TOR_20260908_1",2026-09-08,0,0.0709656848768209
3,"M7_forest_player_behavior","TOR_20260908_1_PA025","TOR_20260908_1",2026-09-08,0,0.134098396007905
3,"M7_forest_player_behavior","TOR_20260908_1_PA026","TOR_20260908_1",2026-09-08,0,0.247213923813484
3,"M7_forest_player_behavior","TOR_20260908_1_PA027","TOR_20260908_1",2026-09-08,0,0.0656102691695788
3,"M7_forest_player_behavior","TOR_20260908_1_PA028","TOR_20260908_1",2026-09-08,1,0.253676006308035
3,"M7_forest_player_behavior","TOR_20260908_1_PA029","TOR_20260908_1",2026-09-08,0,0.118127674011898
3,"M7_forest_player_behavior","TOR_20260908_1_PA030","TOR_20260908_1",2026-09-08,0,0.100617706299569
3,"M7_forest_player_behavior","TOR_20260908_1_PA031","TOR_20260908_1",2026-09-08,0,0.155621745352584
3,"M7_forest_player_behavior","TOR_20260908_1_PA032","TOR_20260908_1",2026-09-08,1,0.125983079890579
3,"M7_forest_player_behavior","TOR_20260908_1_PA033","TOR_20260908_1",2026-09-08,0,0.222394405319899
3,"M7_forest_player_behavior","TOR_20260908_1_PA034","TOR_20260908_1",2026-09-08,0,0.151404157768057
3,"M7_forest_player_behavior","TOR_20260908_1_PA035","TOR_20260908_1",2026-09-08,1,0.262385865673081
3,"M7_forest_player_behavior","TOR_20260908_1_PA036","TOR_20260908_1",2026-09-08,0,0.057657090636351
3,"M7_forest_player_behavior","TOR_20260909_1_PA001","TOR_20260909_1",2026-09-09,0,0.223169880499024
3,"M7_forest_player_behavior","TOR_20260909_1_PA002","TOR_20260909_1",2026-09-09,1,0.342581404688967
3,"M7_forest_player_behavior","TOR_20260909_1_PA003","TOR_20260909_1",2026-09-09,0,0.0939525781706355
3,"M7_forest_player_behavior","TOR_20260909_1_PA004","TOR_20260909_1",2026-09-09,0,0.0586349092230266
3,"M7_forest_player_behavior","TOR_20260909_1_PA005","TOR_20260909_1",2026-09-09,1,0.187776179335787
3,"M7_forest_player_behavior","TOR_20260909_1_PA006","TOR_20260909_1",2026-09-09,0,0.0848709113047894
3,"M7_forest_player_behavior","TOR_20260909_1_PA007","TOR_20260909_1",2026-09-09,0,0.0716560454696399
3,"M7_forest_player_behavior","TOR_20260909_1_PA008","TOR_20260909_1",2026-09-09,0,0.166042771515716
3,"M7_forest_player_behavior","TOR_20260909_1_PA009","TOR_20260909_1",2026-09-09,0,0.0958206599317742
3,"M7_forest_player_behavior","TOR_20260909_1_PA010","TOR_20260909_1",2026-09-09,0,0.121661523002809
3,"M7_forest_player_behavior","TOR_20260909_1_PA011","TOR_20260909_1",2026-09-09,0,0.196929882640079
3,"M7_forest_player_behavior","TOR_20260909_1_PA012","TOR_20260909_1",2026-09-09,0,0.0712830717534947
3,"M7_forest_player_behavior","TOR_20260909_1_PA013","TOR_20260909_1",2026-09-09,0,0.0654110193728822
3,"M7_forest_player_behavior","TOR_20260909_1_PA014","TOR_20260909_1",2026-09-09,1,0.0882455149657817
3,"M7_forest_player_behavior","TOR_20260909_1_PA015","TOR_20260909_1",2026-09-09,0,0.0937086308071362
3,"M7_forest_player_behavior","TOR_20260909_1_PA016","TOR_20260909_1",2026-09-09,0,0.130947308448041
3,"M7_forest_player_behavior","TOR_20260909_1_PA017","TOR_20260909_1",2026-09-09,1,0.132318498761765
3,"M7_forest_player_behavior","TOR_20260909_1_PA018","TOR_20260909_1",2026-09-09,1,0.0533060931521011
3,"M7_forest_player_behavior","TOR_20260909_1_PA019","TOR_20260909_1",2026-09-09,0,0.18100483408108
3,"M7_forest_player_behavior","TOR_20260909_1_PA020","TOR_20260909_1",2026-09-09,0,0.0945211249887182
3,"M7_forest_player_behavior","TOR_20260909_1_PA021","TOR_20260909_1",2026-09-09,0,0.100616981238219
3,"M7_forest_player_behavior","TOR_20260909_1_PA022","TOR_20260909_1",2026-09-09,0,0.0463496896678999
3,"M7_forest_player_behavior","TOR_20260909_1_PA023","TOR_20260909_1",2026-09-09,0,0.181146113530388
3,"M7_forest_player_behavior","TOR_20260909_1_PA024","TOR_20260909_1",2026-09-09,0,0.158354522881099
3,"M7_forest_player_behavior","TOR_20260909_1_PA025","TOR_20260909_1",2026-09-09,0,0.0649077198964665
3,"M7_forest_player_behavior","TOR_20260909_1_PA026","TOR_20260909_1",2026-09-09,1,0.147591458484959
3,"M7_forest_player_behavior","TOR_20260909_1_PA027","TOR_20260909_1",2026-09-09,1,0.234291170036139
3,"M7_forest_player_behavior","TOR_20260909_1_PA028","TOR_20260909_1",2026-09-09,0,0.211668641867424
3,"M7_forest_player_behavior","TOR_20260909_1_PA029","TOR_20260909_1",2026-09-09,0,0.147226467634348
3,"M7_forest_player_behavior","TOR_20260909_1_PA030","TOR_20260909_1",2026-09-09,0,0.173269320968816
3,"M7_forest_player_behavior","TOR_20260909_1_PA031","TOR_20260909_1",2026-09-09,1,0.132949891945583
3,"M7_forest_player_behavior","TOR_20260909_1_PA032","TOR_20260909_1",2026-09-09,1,0.153911848494998
3,"M7_forest_player_behavior","TOR_20260909_1_PA033","TOR_20260909_1",2026-09-09,0,0.149798902556353
3,"M7_forest_player_behavior","TOR_20260909_1_PA034","TOR_20260909_1",2026-09-09,0,0.0966073546838978
3,"M7_forest_player_behavior","TOR_20260911_1_PA001","TOR_20260911_1",2026-09-11,1,0.207364540714865
3,"M7_forest_player_behavior","TOR_20260911_1_PA002","TOR_20260911_1",2026-09-11,0,0.178643519287847
3,"M7_forest_player_behavior","TOR_20260911_1_PA003","TOR_20260911_1",2026-09-11,0,0.240772976003736
3,"M7_forest_player_behavior","TOR_20260911_1_PA004","TOR_20260911_1",2026-09-11,0,0.267154066074721
3,"M7_forest_player_behavior","TOR_20260911_1_PA005","TOR_20260911_1",2026-09-11,1,0.197987076426975
3,"M7_forest_player_behavior","TOR_20260911_1_PA006","TOR_20260911_1",2026-09-11,0,0.204034089940707
3,"M7_forest_player_behavior","TOR_20260911_1_PA007","TOR_20260911_1",2026-09-11,0,0.417494995715656
3,"M7_forest_player_behavior","TOR_20260911_1_PA008","TOR_20260911_1",2026-09-11,0,0.198415964277871
3,"M7_forest_player_behavior","TOR_20260911_1_PA009","TOR_20260911_1",2026-09-11,0,0.099991285048176
3,"M7_forest_player_behavior","TOR_20260911_1_PA010","TOR_20260911_1",2026-09-11,0,0.2612353221172
3,"M7_forest_player_behavior","TOR_20260911_1_PA011","TOR_20260911_1",2026-09-11,0,0.189529098672862
3,"M7_forest_player_behavior","TOR_20260911_1_PA012","TOR_20260911_1",2026-09-11,1,0.0783616968321073
3,"M7_forest_player_behavior","TOR_20260911_1_PA013","TOR_20260911_1",2026-09-11,0,0.124950417225312
3,"M7_forest_player_behavior","TOR_20260911_1_PA014","TOR_20260911_1",2026-09-11,0,0.102867345526991
3,"M7_forest_player_behavior","TOR_20260911_1_PA015","TOR_20260911_1",2026-09-11,0,0.230211853945984
3,"M7_forest_player_behavior","TOR_20260911_1_PA016","TOR_20260911_1",2026-09-11,1,0.354917230622739
3,"M7_forest_player_behavior","TOR_20260911_1_PA017","TOR_20260911_1",2026-09-11,0,0.121305856281444
3,"M7_forest_player_behavior","TOR_20260911_1_PA018","TOR_20260911_1",2026-09-11,0,0.116444659528235
3,"M7_forest_player_behavior","TOR_20260911_1_PA019","TOR_20260911_1",2026-09-11,0,0.155740081174204
3,"M7_forest_player_behavior","TOR_20260911_1_PA020","TOR_20260911_1",2026-09-11,0,0.121099879928336
3,"M7_forest_player_behavior","TOR_20260911_1_PA021","TOR_20260911_1",2026-09-11,0,0.0674592814231819
3,"M7_forest_player_behavior","TOR_20260911_1_PA022","TOR_20260911_1",2026-09-11,1,0.0733883833058265
3,"M7_forest_player_behavior","TOR_20260911_1_PA023","TOR_20260911_1",2026-09-11,0,0.139259012735105
3,"M7_forest_player_behavior","TOR_20260911_1_PA024","TOR_20260911_1",2026-09-11,0,0.156635580991972
3,"M7_forest_player_behavior","TOR_20260911_1_PA025","TOR_20260911_1",2026-09-11,1,0.078733783018324
3,"M7_forest_player_behavior","TOR_20260911_1_PA026","TOR_20260911_1",2026-09-11,0,0.218653140753897
3,"M7_forest_player_behavior","TOR_20260911_1_PA027","TOR_20260911_1",2026-09-11,0,0.177786584388457
3,"M7_forest_player_behavior","TOR_20260911_1_PA028","TOR_20260911_1",2026-09-11,0,0.153318231075087
3,"M7_forest_player_behavior","TOR_20260911_1_PA029","TOR_20260911_1",2026-09-11,0,0.299741237844848
3,"M7_forest_player_behavior","TOR_20260911_1_PA030","TOR_20260911_1",2026-09-11,1,0.144838182035561
3,"M7_forest_player_behavior","TOR_20260911_1_PA031","TOR_20260911_1",2026-09-11,0,0.0521357263515901
3,"M7_forest_player_behavior","TOR_20260911_1_PA032","TOR_20260911_1",2026-09-11,0,0.11862487557581
3,"M7_forest_player_behavior","TOR_20260911_1_PA033","TOR_20260911_1",2026-09-11,1,0.297712311598612
3,"M7_forest_player_behavior","TOR_20260911_1_PA034","TOR_20260911_1",2026-09-11,1,0.155933057864803
3,"M7_forest_player_behavior","TOR_20260911_1_PA035","TOR_20260911_1",2026-09-11,0,0.133760879408581
3,"M7_forest_player_behavior","TOR_20260911_1_PA036","TOR_20260911_1",2026-09-11,0,0.122394807958137
3,"M7_forest_player_behavior","TOR_20260911_1_PA037","TOR_20260911_1",2026-09-11,0,0.214973799289778
3,"M7_forest_player_behavior","TOR_20260911_1_PA038","TOR_20260911_1",2026-09-11,0,0.131810550201171
3,"M7_forest_player_behavior","TOR_20260911_1_PA039","TOR_20260911_1",2026-09-11,0,0.0560164297454316
3,"M7_forest_player_behavior","TOR_20260911_1_PA040","TOR_20260911_1",2026-09-11,0,0.069544676894839
3,"M7_forest_player_behavior","TOR_20260912_1_PA001","TOR_20260912_1",2026-09-12,0,0.207364540714865
3,"M7_forest_player_behavior","TOR_20260912_1_PA002","TOR_20260912_1",2026-09-12,0,0.261785305088482
3,"M7_forest_player_behavior","TOR_20260912_1_PA003","TOR_20260912_1",2026-09-12,0,0.0853191692181463
3,"M7_forest_player_behavior","TOR_20260912_1_PA004","TOR_20260912_1",2026-09-12,0,0.0654640095207229
3,"M7_forest_player_behavior","TOR_20260912_1_PA005","TOR_20260912_1",2026-09-12,0,0.101225050542667
3,"M7_forest_player_behavior","TOR_20260912_1_PA006","TOR_20260912_1",2026-09-12,0,0.204034089940707
3,"M7_forest_player_behavior","TOR_20260912_1_PA007","TOR_20260912_1",2026-09-12,1,0.424941313009436
3,"M7_forest_player_behavior","TOR_20260912_1_PA008","TOR_20260912_1",2026-09-12,0,0.146645208215883
3,"M7_forest_player_behavior","TOR_20260912_1_PA009","TOR_20260912_1",2026-09-12,0,0.106276008340162
3,"M7_forest_player_behavior","TOR_20260912_1_PA010","TOR_20260912_1",2026-09-12,0,0.208872449422076
3,"M7_forest_player_behavior","TOR_20260912_1_PA011","TOR_20260912_1",2026-09-12,0,0.1588551166637
3,"M7_forest_player_behavior","TOR_20260912_1_PA012","TOR_20260912_1",2026-09-12,1,0.0645336644702874
3,"M7_forest_player_behavior","TOR_20260912_1_PA013","TOR_20260912_1",2026-09-12,0,0.120668061190297
3,"M7_forest_player_behavior","TOR_20260912_1_PA014","TOR_20260912_1",2026-09-12,0,0.0761462220331444
3,"M7_forest_player_behavior","TOR_20260912_1_PA015","TOR_20260912_1",2026-09-12,0,0.207479578189988
3,"M7_forest_player_behavior","TOR_20260912_1_PA016","TOR_20260912_1",2026-09-12,0,0.224959436039289
3,"M7_forest_player_behavior","TOR_20260912_1_PA017","TOR_20260912_1",2026-09-12,0,0.153798159671408
3,"M7_forest_player_behavior","TOR_20260912_1_PA018","TOR_20260912_1",2026-09-12,1,0.129310324683867
3,"M7_forest_player_behavior","TOR_20260912_1_PA019","TOR_20260912_1",2026-09-12,0,0.237466304830718
3,"M7_forest_player_behavior","TOR_20260912_1_PA020","TOR_20260912_1",2026-09-12,1,0.181877256107998
3,"M7_forest_player_behavior","TOR_20260912_1_PA021","TOR_20260912_1",2026-09-12,1,0.0682343969089101
3,"M7_forest_player_behavior","TOR_20260912_1_PA022","TOR_20260912_1",2026-09-12,1,0.0874845563372303
3,"M7_forest_player_behavior","TOR_20260912_1_PA023","TOR_20260912_1",2026-09-12,1,0.101090064754866
3,"M7_forest_player_behavior","TOR_20260912_1_PA024","TOR_20260912_1",2026-09-12,0,0.17012278299173
3,"M7_forest_player_behavior","TOR_20260912_1_PA025","TOR_20260912_1",2026-09-12,0,0.184239528268736
3,"M7_forest_player_behavior","TOR_20260912_1_PA026","TOR_20260912_1",2026-09-12,0,0.248859310196561
3,"M7_forest_player_behavior","TOR_20260912_1_PA027","TOR_20260912_1",2026-09-12,0,0.12605523608903
3,"M7_forest_player_behavior","TOR_20260912_1_PA028","TOR_20260912_1",2026-09-12,1,0.241624166115003
3,"M7_forest_player_behavior","TOR_20260912_1_PA029","TOR_20260912_1",2026-09-12,0,0.220915393679186
3,"M7_forest_player_behavior","TOR_20260912_1_PA030","TOR_20260912_1",2026-09-12,0,0.06878309831665
3,"M7_forest_player_behavior","TOR_20260912_1_PA031","TOR_20260912_1",2026-09-12,0,0.1330847669038
3,"M7_forest_player_behavior","TOR_20260912_1_PA032","TOR_20260912_1",2026-09-12,0,0.116422704880052
3,"M7_forest_player_behavior","TOR_20260912_1_PA033","TOR_20260912_1",2026-09-12,0,0.208584910978454
3,"M7_forest_player_behavior","TOR_20260912_1_PA034","TOR_20260912_1",2026-09-12,0,0.0671531100413713
3,"M7_forest_player_behavior","TOR_20260912_1_PA035","TOR_20260912_1",2026-09-12,1,0.194934061988521
3,"M7_forest_player_behavior","TOR_20260912_1_PA036","TOR_20260912_1",2026-09-12,0,0.168191699800308
3,"M7_forest_player_behavior","TOR_20260912_1_PA037","TOR_20260912_1",2026-09-12,1,0.156014967581969
3,"M7_forest_player_behavior","TOR_20260912_1_PA038","TOR_20260912_1",2026-09-12,0,0.199632248434938
3,"M7_forest_player_behavior","TOR_20260912_1_PA039","TOR_20260912_1",2026-09-12,0,0.054299883709768
3,"M7_forest_player_behavior","TOR_20260913_1_PA001","TOR_20260913_1",2026-09-13,0,0.207364540714865
3,"M7_forest_player_behavior","TOR_20260913_1_PA002","TOR_20260913_1",2026-09-13,0,0.261785305088482
3,"M7_forest_player_behavior","TOR_20260913_1_PA003","TOR_20260913_1",2026-09-13,0,0.116215902650202
3,"M7_forest_player_behavior","TOR_20260913_1_PA004","TOR_20260913_1",2026-09-13,0,0.328897882903623
3,"M7_forest_player_behavior","TOR_20260913_1_PA005","TOR_20260913_1",2026-09-13,0,0.0977474410455598
3,"M7_forest_player_behavior","TOR_20260913_1_PA006","TOR_20260913_1",2026-09-13,0,0.143061744535885
3,"M7_forest_player_behavior","TOR_20260913_1_PA007","TOR_20260913_1",2026-09-13,0,0.113696805079337
3,"M7_forest_player_behavior","TOR_20260913_1_PA008","TOR_20260913_1",2026-09-13,1,0.180134420021569
3,"M7_forest_player_behavior","TOR_20260913_1_PA009","TOR_20260913_1",2026-09-13,0,0.278808127397751
3,"M7_forest_player_behavior","TOR_20260913_1_PA010","TOR_20260913_1",2026-09-13,0,0.208872449422076
3,"M7_forest_player_behavior","TOR_20260913_1_PA011","TOR_20260913_1",2026-09-13,1,0.177452732604562
3,"M7_forest_player_behavior","TOR_20260913_1_PA012","TOR_20260913_1",2026-09-13,0,0.107309209461189
3,"M7_forest_player_behavior","TOR_20260913_1_PA013","TOR_20260913_1",2026-09-13,0,0.155308888395434
3,"M7_forest_player_behavior","TOR_20260913_1_PA014","TOR_20260913_1",2026-09-13,1,0.184249748318751
3,"M7_forest_player_behavior","TOR_20260913_1_PA015","TOR_20260913_1",2026-09-13,0,0.116444659528235
3,"M7_forest_player_behavior","TOR_20260913_1_PA016","TOR_20260913_1",2026-09-13,0,0.145752110410188
3,"M7_forest_player_behavior","TOR_20260913_1_PA017","TOR_20260913_1",2026-09-13,1,0.177770340053219
3,"M7_forest_player_behavior","TOR_20260913_1_PA018","TOR_20260913_1",2026-09-13,0,0.216619429284251
3,"M7_forest_player_behavior","TOR_20260913_1_PA019","TOR_20260913_1",2026-09-13,1,0.186621051711638
3,"M7_forest_player_behavior","TOR_20260913_1_PA020","TOR_20260913_1",2026-09-13,0,0.175366517024905
3,"M7_forest_player_behavior","TOR_20260913_1_PA021","TOR_20260913_1",2026-09-13,0,0.0720873696129311
3,"M7_forest_player_behavior","TOR_20260913_1_PA022","TOR_20260913_1",2026-09-13,0,0.139915709200848
3,"M7_forest_player_behavior","TOR_20260913_1_PA023","TOR_20260913_1",2026-09-13,0,0.440626384117818
3,"M7_forest_player_behavior","TOR_20260913_1_PA024","TOR_20260913_1",2026-09-13,0,0.144225847780518
3,"M7_forest_player_behavior","TOR_20260913_1_PA025","TOR_20260913_1",2026-09-13,0,0.181444345925109
3,"M7_forest_player_behavior","TOR_20260913_1_PA026","TOR_20260913_1",2026-09-13,0,0.206239388686029
3,"M7_forest_player_behavior","TOR_20260913_1_PA027","TOR_20260913_1",2026-09-13,0,0.102745740716982
3,"M7_forest_player_behavior","TOR_20260913_1_PA028","TOR_20260913_1",2026-09-13,0,0.153318231075087
3,"M7_forest_player_behavior","TOR_20260913_1_PA029","TOR_20260913_1",2026-09-13,0,0.222909143054844
3,"M7_forest_player_behavior","TOR_20260913_1_PA030","TOR_20260913_1",2026-09-13,0,0.081163900473916
3,"M7_forest_player_behavior","TOR_20260913_1_PA031","TOR_20260913_1",2026-09-13,0,0.151043131518913
3,"M7_forest_player_behavior","TOR_20260913_1_PA032","TOR_20260913_1",2026-09-13,0,0.11862487557581
3,"M7_forest_player_behavior","TOR_20260913_1_PA033","TOR_20260913_1",2026-09-13,0,0.06945690576705
3,"M7_forest_player_behavior","TOR_20260913_1_PA034","TOR_20260913_1",2026-09-13,0,0.0754951647261193
3,"M7_forest_player_behavior","TOR_20260913_1_PA035","TOR_20260913_1",2026-09-13,0,0.169159760693093
3,"M7_forest_player_behavior","TOR_20260913_1_PA036","TOR_20260913_1",2026-09-13,0,0.106650036851848
3,"M7_forest_player_behavior","TOR_20260913_1_PA037","TOR_20260913_1",2026-09-13,0,0.131035974325613
3,"M7_forest_player_behavior","TOR_20260913_1_PA038","TOR_20260913_1",2026-09-13,0,0.164201361861507
3,"M7_forest_player_behavior","TOR_20260913_1_PA039","TOR_20260913_1",2026-09-13,1,0.0760812405821309
