"pitch_id","pa_id","game_id","batter_id"
"P00001","TOR_20260814_1_PA001","TOR_20260814_1","B004"
"P00002","TOR_20260814_1_PA001","TOR_20260814_1","B004"
"P00003","TOR_20260814_1_PA002","TOR_20260814_1","B014"
"P00004","TOR_20260814_1_PA002","TOR_20260814_1","B014"
"P00005","TOR_20260814_1_PA002","TOR_20260814_1","B014"
"P00006","TOR_20260814_1_PA002","TOR_20260814_1","B014"
"P00007","TOR_20260814_1_PA002","TOR_20260814_1","B014"
"P00008","TOR_20260814_1_PA002","TOR_20260814_1","B014"
"P00009","TOR_20260814_1_PA003","TOR_20260814_1","B009"
"P00010","TOR_20260814_1_PA003","TOR_20260814_1","B009"
"P00011","TOR_20260814_1_PA003","TOR_20260814_1","B009"
"P00012","TOR_20260814_1_PA004","TOR_20260814_1","B001"
"P00013","TOR_20260814_1_PA004","TOR_20260814_1","B001"
"P00014","TOR_20260814_1_PA004","TOR_20260814_1","B001"
"P00015","TOR_20260814_1_PA004","TOR_20260814_1","B001"
"P00016","TOR_20260814_1_PA004","TOR_20260814_1","B001"
"P00017","TOR_20260814_1_PA004","TOR_20260814_1","B001"
"P00018","TOR_20260814_1_PA005","TOR_20260814_1","B002"
"P00019","TOR_20260814_1_PA005","TOR_20260814_1","B002"
"P00020","TOR_20260814_1_PA006","TOR_20260814_1","B012"
"P00021","TOR_20260814_1_PA006","TOR_20260814_1","B012"
"P00022","TOR_20260814_1_PA006","TOR_20260814_1","B012"
"P00023","TOR_20260814_1_PA006","TOR_20260814_1","B012"
"P00024","TOR_20260814_1_PA006","TOR_20260814_1","B012"
"P00025","TOR_20260814_1_PA007","TOR_20260814_1","B010"
"P00026","TOR_20260814_1_PA007","TOR_20260814_1","B010"
"P00027","TOR_20260814_1_PA008","TOR_20260814_1","B008"
"P00028","TOR_20260814_1_PA008","TOR_20260814_1","B008"
"P00029","TOR_20260814_1_PA009","TOR_20260814_1","B004"
"P00030","TOR_20260814_1_PA009","TOR_20260814_1","B004"
"P00031","TOR_20260814_1_PA009","TOR_20260814_1","B004"
"P00032","TOR_20260814_1_PA009","TOR_20260814_1","B004"
"P00033","TOR_20260814_1_PA010","TOR_20260814_1","B014"
"P00034","TOR_20260814_1_PA011","TOR_20260814_1","B017"
"P00035","TOR_20260814_1_PA011","TOR_20260814_1","B017"
"P00036","TOR_20260814_1_PA011","TOR_20260814_1","B017"
"P00037","TOR_20260814_1_PA011","TOR_20260814_1","B017"
"P00038","TOR_20260814_1_PA011","TOR_20260814_1","B017"
"P00039","TOR_20260814_1_PA012","TOR_20260814_1","B009"
"P00040","TOR_20260814_1_PA012","TOR_20260814_1","B009"
"P00041","TOR_20260814_1_PA012","TOR_20260814_1","B009"
"P00042","TOR_20260814_1_PA012","TOR_20260814_1","B009"
"P00043","TOR_20260814_1_PA013","TOR_20260814_1","B001"
"P00044","TOR_20260814_1_PA013","TOR_20260814_1","B001"
"P00045","TOR_20260814_1_PA013","TOR_20260814_1","B001"
"P00046","TOR_20260814_1_PA013","TOR_20260814_1","B001"
"P00047","TOR_20260814_1_PA013","TOR_20260814_1","B001"
"P00048","TOR_20260814_1_PA013","TOR_20260814_1","B001"
"P00049","TOR_20260814_1_PA014","TOR_20260814_1","B002"
"P00050","TOR_20260814_1_PA014","TOR_20260814_1","B002"
"P00051","TOR_20260814_1_PA015","TOR_20260814_1","B012"
"P00052","TOR_20260814_1_PA015","TOR_20260814_1","B012"
"P00053","TOR_20260814_1_PA015","TOR_20260814_1","B012"
"P00054","TOR_20260814_1_PA015","TOR_20260814_1","B012"
"P00055","TOR_20260814_1_PA015","TOR_20260814_1","B012"
"P00056","TOR_20260814_1_PA016","TOR_20260814_1","B010"
"P00057","TOR_20260814_1_PA016","TOR_20260814_1","B010"
"P00059","TOR_20260814_1_PA016","TOR_20260814_1","B010"
"P00060","TOR_20260814_1_PA017","TOR_20260814_1","B008"
"P00061","TOR_20260814_1_PA017","TOR_20260814_1","B008"
"P00062","TOR_20260814_1_PA018","TOR_20260814_1","B004"
"P00063","TOR_20260814_1_PA018","TOR_20260814_1","B004"
"P00065","TOR_20260814_1_PA019","TOR_20260814_1","B014"
"P00066","TOR_20260814_1_PA019","TOR_20260814_1","B014"
"P00067","TOR_20260814_1_PA019","TOR_20260814_1","B014"
"P00068","TOR_20260814_1_PA020","TOR_20260814_1","B017"
"P00069","TOR_20260814_1_PA020","TOR_20260814_1","B017"
"P00070","TOR_20260814_1_PA020","TOR_20260814_1","B017"
"P00071","TOR_20260814_1_PA020","TOR_20260814_1","B017"
"P00072","TOR_20260814_1_PA020","TOR_20260814_1","B017"
"P00074","TOR_20260814_1_PA021","TOR_20260814_1","B009"
"P00075","TOR_20260814_1_PA021","TOR_20260814_1","B009"
"P00076","TOR_20260814_1_PA021","TOR_20260814_1","B009"
"P00077","TOR_20260814_1_PA021","TOR_20260814_1","B009"
"P00078","TOR_20260814_1_PA021","TOR_20260814_1","B009"
"P00079","TOR_20260814_1_PA022","TOR_20260814_1","B001"
"P00080","TOR_20260814_1_PA023","TOR_20260814_1","B002"
"P00081","TOR_20260814_1_PA023","TOR_20260814_1","B002"
"P00082","TOR_20260814_1_PA023","TOR_20260814_1","B002"
"P00083","TOR_20260814_1_PA023","TOR_20260814_1","B002"
"P00084","TOR_20260814_1_PA023","TOR_20260814_1","B002"
"P00085","TOR_20260814_1_PA023","TOR_20260814_1","B002"
"P00086","TOR_20260814_1_PA023","TOR_20260814_1","B002"
"P00087","TOR_20260814_1_PA024","TOR_20260814_1","B012"
"P00088","TOR_20260814_1_PA024","TOR_20260814_1","B012"
"P00089","TOR_20260814_1_PA024","TOR_20260814_1","B012"
"P00090","TOR_20260814_1_PA024","TOR_20260814_1","B012"
"P00091","TOR_20260814_1_PA024","TOR_20260814_1","B012"
"P00092","TOR_20260814_1_PA024","TOR_20260814_1","B012"
"P00093","TOR_20260814_1_PA024","TOR_20260814_1","B012"
"P00094","TOR_20260814_1_PA024","TOR_20260814_1","B012"
"P00096","TOR_20260814_1_PA025","TOR_20260814_1","B010"
"P00097","TOR_20260814_1_PA025","TOR_20260814_1","B010"
"P00098","TOR_20260814_1_PA025","TOR_20260814_1","B010"
"P00099","TOR_20260814_1_PA026","TOR_20260814_1","B008"
"P00100","TOR_20260814_1_PA026","TOR_20260814_1","B008"
"P00101","TOR_20260814_1_PA027","TOR_20260814_1","B004"
"P00102","TOR_20260814_1_PA027","TOR_20260814_1","B004"
"P00103","TOR_20260814_1_PA028","TOR_20260814_1","B014"
"P00104","TOR_20260814_1_PA028","TOR_20260814_1","B014"
"P00105","TOR_20260814_1_PA028","TOR_20260814_1","B014"
"P00107","TOR_20260814_1_PA028","TOR_20260814_1","B014"
"P00108","TOR_20260814_1_PA028","TOR_20260814_1","B014"
"P00109","TOR_20260814_1_PA029","TOR_20260814_1","B005"
"P00110","TOR_20260814_1_PA029","TOR_20260814_1","B005"
"P00111","TOR_20260814_1_PA029","TOR_20260814_1","B005"
"P00112","TOR_20260814_1_PA029","TOR_20260814_1","B005"
"P00113","TOR_20260814_1_PA029","TOR_20260814_1","B005"
"P00114","TOR_20260814_1_PA029","TOR_20260814_1","B005"
"P00115","TOR_20260814_1_PA030","TOR_20260814_1","B009"
"P00116","TOR_20260814_1_PA030","TOR_20260814_1","B009"
"P00117","TOR_20260814_1_PA030","TOR_20260814_1","B009"
"P00118","TOR_20260814_1_PA031","TOR_20260814_1","B001"
"P00119","TOR_20260814_1_PA031","TOR_20260814_1","B001"
"P00120","TOR_20260814_1_PA032","TOR_20260814_1","B002"
"P00121","TOR_20260815_1_PA001","TOR_20260815_1","B004"
"P00122","TOR_20260815_1_PA001","TOR_20260815_1","B004"
"P00123","TOR_20260815_1_PA001","TOR_20260815_1","B004"
"P00124","TOR_20260815_1_PA001","TOR_20260815_1","B004"
"P00125","TOR_20260815_1_PA002","TOR_20260815_1","B014"
"P00126","TOR_20260815_1_PA002","TOR_20260815_1","B014"
"P00127","TOR_20260815_1_PA003","TOR_20260815_1","B001"
"P00128","TOR_20260815_1_PA003","TOR_20260815_1","B001"
"P00129","TOR_20260815_1_PA003","TOR_20260815_1","B001"
"P00131","TOR_20260815_1_PA004","TOR_20260815_1","B010"
"P00132","TOR_20260815_1_PA004","TOR_20260815_1","B010"
"P00133","TOR_20260815_1_PA004","TOR_20260815_1","B010"
"P00134","TOR_20260815_1_PA004","TOR_20260815_1","B010"
"P00135","TOR_20260815_1_PA004","TOR_20260815_1","B010"
"P00136","TOR_20260815_1_PA005","TOR_20260815_1","B012"
"P00137","TOR_20260815_1_PA005","TOR_20260815_1","B012"
"P00138","TOR_20260815_1_PA005","TOR_20260815_1","B012"
"P00139","TOR_20260815_1_PA005","TOR_20260815_1","B012"
"P00140","TOR_20260815_1_PA006","TOR_20260815_1","B002"
"P00141","TOR_20260815_1_PA006","TOR_20260815_1","B002"
"P00142","TOR_20260815_1_PA006","TOR_20260815_1","B002"
"P00143","TOR_20260815_1_PA006","TOR_20260815_1","B002"
"P00144","TOR_20260815_1_PA007","TOR_20260815_1","B003"
"P00145","TOR_20260815_1_PA007","TOR_20260815_1","B003"
"P00146","TOR_20260815_1_PA007","TOR_20260815_1","B003"
"P00147","TOR_20260815_1_PA007","TOR_20260815_1","B003"
"P00148","TOR_20260815_1_PA007","TOR_20260815_1","B003"
"P00149","TOR_20260815_1_PA008","TOR_20260815_1","B011"
"P00150","TOR_20260815_1_PA008","TOR_20260815_1","B011"
"P00151","TOR_20260815_1_PA008","TOR_20260815_1","B011"
"P00152","TOR_20260815_1_PA008","TOR_20260815_1","B011"
"P00153","TOR_20260815_1_PA008","TOR_20260815_1","B011"
"P00154","TOR_20260815_1_PA009","TOR_20260815_1","B005"
"P00155","TOR_20260815_1_PA009","TOR_20260815_1","B005"
"P00156","TOR_20260815_1_PA010","TOR_20260815_1","B004"
"P00157","TOR_20260815_1_PA010","TOR_20260815_1","B004"
"P00158","TOR_20260815_1_PA010","TOR_20260815_1","B004"
"P00159","TOR_20260815_1_PA010","TOR_20260815_1","B004"
"P00160","TOR_20260815_1_PA010","TOR_20260815_1","B004"
"P00161","TOR_20260815_1_PA010","TOR_20260815_1","B004"
"P00163","TOR_20260815_1_PA011","TOR_20260815_1","B014"
"P00164","TOR_20260815_1_PA011","TOR_20260815_1","B014"
"P00165","TOR_20260815_1_PA011","TOR_20260815_1","B014"
"P00166","TOR_20260815_1_PA011","TOR_20260815_1","B014"
"P00167","TOR_20260815_1_PA012","TOR_20260815_1","B001"
"P00168","TOR_20260815_1_PA012","TOR_20260815_1","B001"
"P00169","TOR_20260815_1_PA012","TOR_20260815_1","B001"
"P00170","TOR_20260815_1_PA012","TOR_20260815_1","B001"
"P00171","TOR_20260815_1_PA013","TOR_20260815_1","B010"
"P00172","TOR_20260815_1_PA013","TOR_20260815_1","B010"
"P00173","TOR_20260815_1_PA013","TOR_20260815_1","B010"
"P00174","TOR_20260815_1_PA013","TOR_20260815_1","B010"
"P00175","TOR_20260815_1_PA014","TOR_20260815_1","B012"
"P00176","TOR_20260815_1_PA014","TOR_20260815_1","B012"
"P00177","TOR_20260815_1_PA014","TOR_20260815_1","B012"
"P00178","TOR_20260815_1_PA014","TOR_20260815_1","B012"
"P00179","TOR_20260815_1_PA014","TOR_20260815_1","B012"
"P00180","TOR_20260815_1_PA015","TOR_20260815_1","B002"
"P00181","TOR_20260815_1_PA015","TOR_20260815_1","B002"
"P00182","TOR_20260815_1_PA015","TOR_20260815_1","B002"
"P00183","TOR_20260815_1_PA015","TOR_20260815_1","B002"
"P00184","TOR_20260815_1_PA016","TOR_20260815_1","B003"
"P00185","TOR_20260815_1_PA016","TOR_20260815_1","B003"
"P00186","TOR_20260815_1_PA016","TOR_20260815_1","B003"
"P00187","TOR_20260815_1_PA016","TOR_20260815_1","B003"
"P00188","TOR_20260815_1_PA016","TOR_20260815_1","B003"
"P00189","TOR_20260815_1_PA016","TOR_20260815_1","B003"
"P00190","TOR_20260815_1_PA017","TOR_20260815_1","B011"
"P00191","TOR_20260815_1_PA017","TOR_20260815_1","B011"
"P00192","TOR_20260815_1_PA017","TOR_20260815_1","B011"
"P00193","TOR_20260815_1_PA017","TOR_20260815_1","B011"
"P00194","TOR_20260815_1_PA017","TOR_20260815_1","B011"
"P00196","TOR_20260815_1_PA018","TOR_20260815_1","B005"
"P00197","TOR_20260815_1_PA018","TOR_20260815_1","B005"
"P00198","TOR_20260815_1_PA018","TOR_20260815_1","B005"
"P00199","TOR_20260815_1_PA018","TOR_20260815_1","B005"
"P00200","TOR_20260815_1_PA019","TOR_20260815_1","B004"
"P00201","TOR_20260815_1_PA019","TOR_20260815_1","B004"
"P00202","TOR_20260815_1_PA019","TOR_20260815_1","B004"
"P00203","TOR_20260815_1_PA020","TOR_20260815_1","B014"
"P00204","TOR_20260815_1_PA021","TOR_20260815_1","B001"
"P00205","TOR_20260815_1_PA021","TOR_20260815_1","B001"
"P00206","TOR_20260815_1_PA021","TOR_20260815_1","B001"
"P00207","TOR_20260815_1_PA021","TOR_20260815_1","B001"
"P00208","TOR_20260815_1_PA021","TOR_20260815_1","B001"
"P00209","TOR_20260815_1_PA022","TOR_20260815_1","B010"
"P00210","TOR_20260815_1_PA022","TOR_20260815_1","B010"
"P00211","TOR_20260815_1_PA022","TOR_20260815_1","B010"
"P00212","TOR_20260815_1_PA022","TOR_20260815_1","B010"
"P00213","TOR_20260815_1_PA022","TOR_20260815_1","B010"
"P00214","TOR_20260815_1_PA022","TOR_20260815_1","B010"
"P00215","TOR_20260815_1_PA023","TOR_20260815_1","B012"
"P00216","TOR_20260815_1_PA023","TOR_20260815_1","B012"
"P00217","TOR_20260815_1_PA023","TOR_20260815_1","B012"
"P00218","TOR_20260815_1_PA023","TOR_20260815_1","B012"
"P00219","TOR_20260815_1_PA024","TOR_20260815_1","B002"
"P00220","TOR_20260815_1_PA024","TOR_20260815_1","B002"
"P00221","TOR_20260815_1_PA024","TOR_20260815_1","B002"
"P00222","TOR_20260815_1_PA024","TOR_20260815_1","B002"
"P00223","TOR_20260815_1_PA025","TOR_20260815_1","B003"
"P00224","TOR_20260815_1_PA025","TOR_20260815_1","B003"
"P00225","TOR_20260815_1_PA025","TOR_20260815_1","B003"
"P00226","TOR_20260815_1_PA025","TOR_20260815_1","B003"
"P00227","TOR_20260815_1_PA025","TOR_20260815_1","B003"
"P00228","TOR_20260815_1_PA025","TOR_20260815_1","B003"
"P00229","TOR_20260815_1_PA025","TOR_20260815_1","B003"
"P00230","TOR_20260815_1_PA025","TOR_20260815_1","B003"
"P00231","TOR_20260815_1_PA026","TOR_20260815_1","B008"
"P00232","TOR_20260815_1_PA027","TOR_20260815_1","B005"
"P00233","TOR_20260815_1_PA027","TOR_20260815_1","B005"
"P00234","TOR_20260815_1_PA027","TOR_20260815_1","B005"
"P00235","TOR_20260815_1_PA027","TOR_20260815_1","B005"
"P00236","TOR_20260815_1_PA028","TOR_20260815_1","B004"
"P00237","TOR_20260815_1_PA028","TOR_20260815_1","B004"
"P00238","TOR_20260815_1_PA029","TOR_20260815_1","B014"
"P00239","TOR_20260815_1_PA030","TOR_20260815_1","B013"
"P00240","TOR_20260815_1_PA030","TOR_20260815_1","B013"
"P00241","TOR_20260815_1_PA030","TOR_20260815_1","B013"
"P00242","TOR_20260815_1_PA030","TOR_20260815_1","B013"
"P00243","TOR_20260815_1_PA030","TOR_20260815_1","B013"
"P00244","TOR_20260815_1_PA030","TOR_20260815_1","B013"
"P00245","TOR_20260815_1_PA030","TOR_20260815_1","B013"
"P00246","TOR_20260815_1_PA030","TOR_20260815_1","B013"
"P00247","TOR_20260815_1_PA031","TOR_20260815_1","B012"
"P00248","TOR_20260815_1_PA031","TOR_20260815_1","B012"
"P00249","TOR_20260815_1_PA031","TOR_20260815_1","B012"
"P00250","TOR_20260815_1_PA031","TOR_20260815_1","B012"
"P00251","TOR_20260815_1_PA032","TOR_20260815_1","B002"
"P00252","TOR_20260815_1_PA032","TOR_20260815_1","B002"
"P00253","TOR_20260815_1_PA032","TOR_20260815_1","B002"
"P00254","TOR_20260815_1_PA033","TOR_20260815_1","B003"
"P00255","TOR_20260815_1_PA033","TOR_20260815_1","B003"
"P00256","TOR_20260815_1_PA033","TOR_20260815_1","B003"
"P00257","TOR_20260815_1_PA033","TOR_20260815_1","B003"
"P00258","TOR_20260815_1_PA033","TOR_20260815_1","B003"
"P00259","TOR_20260815_1_PA033","TOR_20260815_1","B003"
"P00260","TOR_20260815_1_PA033","TOR_20260815_1","B003"
"P00261","TOR_20260815_1_PA033","TOR_20260815_1","B003"
"P00262","TOR_20260815_1_PA033","TOR_20260815_1","B003"
"P00263","TOR_20260815_1_PA034","TOR_20260815_1","B008"
"P00264","TOR_20260815_1_PA034","TOR_20260815_1","B008"
"P00265","TOR_20260815_1_PA034","TOR_20260815_1","B008"
"P00266","TOR_20260815_1_PA034","TOR_20260815_1","B008"
"P00267","TOR_20260815_1_PA035","TOR_20260815_1","B005"
"P00268","TOR_20260815_1_PA035","TOR_20260815_1","B005"
"P00269","TOR_20260815_1_PA035","TOR_20260815_1","B005"
"P00270","TOR_20260815_1_PA035","TOR_20260815_1","B005"
"P00271","TOR_20260815_1_PA035","TOR_20260815_1","B005"
"P00272","TOR_20260815_1_PA035","TOR_20260815_1","B005"
"P00273","TOR_20260815_1_PA036","TOR_20260815_1","B004"
"P00274","TOR_20260815_1_PA036","TOR_20260815_1","B004"
"P00275","TOR_20260815_1_PA036","TOR_20260815_1","B004"
"P00276","TOR_20260815_1_PA036","TOR_20260815_1","B004"
"P00277","TOR_20260815_1_PA037","TOR_20260815_1","B014"
"P00278","TOR_20260815_1_PA038","TOR_20260815_1","B013"
"P00279","TOR_20260816_1_PA001","TOR_20260816_1","B004"
"P00280","TOR_20260816_1_PA001","TOR_20260816_1","B004"
"P00281","TOR_20260816_1_PA002","TOR_20260816_1","B005"
"P00282","TOR_20260816_1_PA002","TOR_20260816_1","B005"
"P00283","TOR_20260816_1_PA003","TOR_20260816_1","B001"
"P00284","TOR_20260816_1_PA003","TOR_20260816_1","B001"
"P00285","TOR_20260816_1_PA003","TOR_20260816_1","B001"
"P00286","TOR_20260816_1_PA003","TOR_20260816_1","B001"
"P00287","TOR_20260816_1_PA003","TOR_20260816_1","B001"
"P00288","TOR_20260816_1_PA004","TOR_20260816_1","B009"
"P00289","TOR_20260816_1_PA004","TOR_20260816_1","B009"
"P00290","TOR_20260816_1_PA005","TOR_20260816_1","B008"
"P00291","TOR_20260816_1_PA005","TOR_20260816_1","B008"
"P00292","TOR_20260816_1_PA005","TOR_20260816_1","B008"
"P00293","TOR_20260816_1_PA005","TOR_20260816_1","B008"
"P00294","TOR_20260816_1_PA005","TOR_20260816_1","B008"
"P00295","TOR_20260816_1_PA006","TOR_20260816_1","B012"
"P00296","TOR_20260816_1_PA006","TOR_20260816_1","B012"
"P00297","TOR_20260816_1_PA006","TOR_20260816_1","B012"
"P00298","TOR_20260816_1_PA006","TOR_20260816_1","B012"
"P00299","TOR_20260816_1_PA006","TOR_20260816_1","B012"
"P00300","TOR_20260816_1_PA006","TOR_20260816_1","B012"
"P00301","TOR_20260816_1_PA007","TOR_20260816_1","B007"
"P00302","TOR_20260816_1_PA007","TOR_20260816_1","B007"
"P00303","TOR_20260816_1_PA007","TOR_20260816_1","B007"
"P00304","TOR_20260816_1_PA007","TOR_20260816_1","B007"
"P00305","TOR_20260816_1_PA007","TOR_20260816_1","B007"
"P00306","TOR_20260816_1_PA008","TOR_20260816_1","B002"
"P00307","TOR_20260816_1_PA008","TOR_20260816_1","B002"
"P00308","TOR_20260816_1_PA008","TOR_20260816_1","B002"
"P00309","TOR_20260816_1_PA008","TOR_20260816_1","B002"
"P00310","TOR_20260816_1_PA008","TOR_20260816_1","B002"
"P00311","TOR_20260816_1_PA009","TOR_20260816_1","B013"
"P00312","TOR_20260816_1_PA010","TOR_20260816_1","B004"
"P00313","TOR_20260816_1_PA010","TOR_20260816_1","B004"
"P00314","TOR_20260816_1_PA010","TOR_20260816_1","B004"
"P00315","TOR_20260816_1_PA010","TOR_20260816_1","B004"
"P00316","TOR_20260816_1_PA010","TOR_20260816_1","B004"
"P00317","TOR_20260816_1_PA011","TOR_20260816_1","B005"
"P00318","TOR_20260816_1_PA011","TOR_20260816_1","B005"
"P00319","TOR_20260816_1_PA012","TOR_20260816_1","B001"
"P00320","TOR_20260816_1_PA012","TOR_20260816_1","B001"
"P00321","TOR_20260816_1_PA013","TOR_20260816_1","B009"
"P00322","TOR_20260816_1_PA013","TOR_20260816_1","B009"
"P00323","TOR_20260816_1_PA014","TOR_20260816_1","B008"
"P00324","TOR_20260816_1_PA014","TOR_20260816_1","B008"
"P00325","TOR_20260816_1_PA014","TOR_20260816_1","B008"
"P00326","TOR_20260816_1_PA015","TOR_20260816_1","B012"
"P00327","TOR_20260816_1_PA015","TOR_20260816_1","B012"
"P00328","TOR_20260816_1_PA016","TOR_20260816_1","B007"
"P00329","TOR_20260816_1_PA016","TOR_20260816_1","B007"
"P00330","TOR_20260816_1_PA016","TOR_20260816_1","B007"
"P00331","TOR_20260816_1_PA017","TOR_20260816_1","B002"
"P00332","TOR_20260816_1_PA017","TOR_20260816_1","B002"
"P00333","TOR_20260816_1_PA017","TOR_20260816_1","B002"
"P00334","TOR_20260816_1_PA017","TOR_20260816_1","B002"
"P00335","TOR_20260816_1_PA017","TOR_20260816_1","B002"
"P00336","TOR_20260816_1_PA017","TOR_20260816_1","B002"
"P00337","TOR_20260816_1_PA018","TOR_20260816_1","B013"
"P00338","TOR_20260816_1_PA018","TOR_20260816_1","B013"
"P00339","TOR_20260816_1_PA018","TOR_20260816_1","B013"
"P00340","TOR_20260816_1_PA018","TOR_20260816_1","B013"
"P00341","TOR_20260816_1_PA018","TOR_20260816_1","B013"
"P00342","TOR_20260816_1_PA018","TOR_20260816_1","B013"
"P00343","TOR_20260816_1_PA018","TOR_20260816_1","B013"
"P00344","TOR_20260816_1_PA019","TOR_20260816_1","B004"
"P00345","TOR_20260816_1_PA019","TOR_20260816_1","B004"
"P00346","TOR_20260816_1_PA020","TOR_20260816_1","B005"
"P00348","TOR_20260816_1_PA020","TOR_20260816_1","B005"
"P00349","TOR_20260816_1_PA021","TOR_20260816_1","B001"
"P00350","TOR_20260816_1_PA021","TOR_20260816_1","B001"
"P00351","TOR_20260816_1_PA021","TOR_20260816_1","B001"
"P00352","TOR_20260816_1_PA021","TOR_20260816_1","B001"
"P00353","TOR_20260816_1_PA021","TOR_20260816_1","B001"
"P00354","TOR_20260816_1_PA022","TOR_20260816_1","B009"
"P00355","TOR_20260816_1_PA022","TOR_20260816_1","B009"
"P00356","TOR_20260816_1_PA022","TOR_20260816_1","B009"
"P00357","TOR_20260816_1_PA023","TOR_20260816_1","B008"
"P00358","TOR_20260816_1_PA023","TOR_20260816_1","B008"
"P00359","TOR_20260816_1_PA023","TOR_20260816_1","B008"
"P00360","TOR_20260816_1_PA023","TOR_20260816_1","B008"
"P00361","TOR_20260816_1_PA024","TOR_20260816_1","B012"
"P00362","TOR_20260816_1_PA024","TOR_20260816_1","B012"
"P00363","TOR_20260816_1_PA024","TOR_20260816_1","B012"
"P00364","TOR_20260816_1_PA024","TOR_20260816_1","B012"
"P00365","TOR_20260816_1_PA025","TOR_20260816_1","B007"
"P00366","TOR_20260816_1_PA025","TOR_20260816_1","B007"
"P00367","TOR_20260816_1_PA025","TOR_20260816_1","B007"
"P00368","TOR_20260816_1_PA025","TOR_20260816_1","B007"
"P00369","TOR_20260816_1_PA025","TOR_20260816_1","B007"
"P00370","TOR_20260816_1_PA025","TOR_20260816_1","B007"
"P00371","TOR_20260816_1_PA026","TOR_20260816_1","B002"
"P00372","TOR_20260816_1_PA026","TOR_20260816_1","B002"
"P00373","TOR_20260816_1_PA026","TOR_20260816_1","B002"
"P00374","TOR_20260816_1_PA027","TOR_20260816_1","B014"
"P00375","TOR_20260816_1_PA027","TOR_20260816_1","B014"
"P00376","TOR_20260816_1_PA027","TOR_20260816_1","B014"
"P00377","TOR_20260816_1_PA028","TOR_20260816_1","B004"
"P00378","TOR_20260816_1_PA028","TOR_20260816_1","B004"
"P00379","TOR_20260816_1_PA028","TOR_20260816_1","B004"
"P00380","TOR_20260816_1_PA028","TOR_20260816_1","B004"
"P00381","TOR_20260816_1_PA028","TOR_20260816_1","B004"
"P00382","TOR_20260816_1_PA028","TOR_20260816_1","B004"
"P00383","TOR_20260816_1_PA028","TOR_20260816_1","B004"
"P00384","TOR_20260816_1_PA029","TOR_20260816_1","B011"
"P00385","TOR_20260816_1_PA029","TOR_20260816_1","B011"
"P00386","TOR_20260816_1_PA029","TOR_20260816_1","B011"
"P00387","TOR_20260816_1_PA030","TOR_20260816_1","B001"
"P00388","TOR_20260816_1_PA030","TOR_20260816_1","B001"
"P00389","TOR_20260816_1_PA030","TOR_20260816_1","B001"
"P00390","TOR_20260816_1_PA030","TOR_20260816_1","B001"
"P00391","TOR_20260816_1_PA030","TOR_20260816_1","B001"
"P00392","TOR_20260816_1_PA031","TOR_20260816_1","B009"
"P00393","TOR_20260816_1_PA031","TOR_20260816_1","B009"
"P00394","TOR_20260816_1_PA031","TOR_20260816_1","B009"
"P00395","TOR_20260816_1_PA031","TOR_20260816_1","B009"
"P00396","TOR_20260816_1_PA032","TOR_20260816_1","B008"
"P00397","TOR_20260816_1_PA032","TOR_20260816_1","B008"
"P00398","TOR_20260816_1_PA032","TOR_20260816_1","B008"
"P00399","TOR_20260816_1_PA032","TOR_20260816_1","B008"
"P00400","TOR_20260816_1_PA032","TOR_20260816_1","B008"
"P00401","TOR_20260816_1_PA033","TOR_20260816_1","B012"
"P00402","TOR_20260816_1_PA034","TOR_20260816_1","B007"
"P00403","TOR_20260816_1_PA035","TOR_20260816_1","B002"
"P00404","TOR_20260816_1_PA035","TOR_20260816_1","B002"
"P00405","TOR_20260816_1_PA036","TOR_20260816_1","B014"
"P00406","TOR_20260816_1_PA036","TOR_20260816_1","B014"
"P00407","TOR_20260816_1_PA036","TOR_20260816_1","B014"
"P00408","TOR_20260816_1_PA036","TOR_20260816_1","B014"
"P00409","TOR_20260816_1_PA037","TOR_20260816_1","B004"
"P00410","TOR_20260816_1_PA037","TOR_20260816_1","B004"
"P00411","TOR_20260816_1_PA037","TOR_20260816_1","B004"
"P00412","TOR_20260816_1_PA037","TOR_20260816_1","B004"
"P00413","TOR_20260818_1_PA001","TOR_20260818_1","B004"
"P00414","TOR_20260818_1_PA001","TOR_20260818_1","B004"
"P00415","TOR_20260818_1_PA001","TOR_20260818_1","B004"
"P00416","TOR_20260818_1_PA002","TOR_20260818_1","B014"
"P00417","TOR_20260818_1_PA002","TOR_20260818_1","B014"
"P00418","TOR_20260818_1_PA003","TOR_20260818_1","B001"
"P00419","TOR_20260818_1_PA003","TOR_20260818_1","B001"
"P00420","TOR_20260818_1_PA003","TOR_20260818_1","B001"
"P00421","TOR_20260818_1_PA003","TOR_20260818_1","B001"
"P00422","TOR_20260818_1_PA003","TOR_20260818_1","B001"
"P00423","TOR_20260818_1_PA003","TOR_20260818_1","B001"
"P00424","TOR_20260818_1_PA003","TOR_20260818_1","B001"
"P00425","TOR_20260818_1_PA004","TOR_20260818_1","B009"
"P00426","TOR_20260818_1_PA004","TOR_20260818_1","B009"
"P00427","TOR_20260818_1_PA004","TOR_20260818_1","B009"
"P00428","TOR_20260818_1_PA005","TOR_20260818_1","B010"
"P00429","TOR_20260818_1_PA005","TOR_20260818_1","B010"
"P00430","TOR_20260818_1_PA005","TOR_20260818_1","B010"
"P00431","TOR_20260818_1_PA006","TOR_20260818_1","B012"
"P00432","TOR_20260818_1_PA006","TOR_20260818_1","B012"
"P00433","TOR_20260818_1_PA007","TOR_20260818_1","B002"
"P00434","TOR_20260818_1_PA007","TOR_20260818_1","B002"
"P00435","TOR_20260818_1_PA008","TOR_20260818_1","B008"
"P00437","TOR_20260818_1_PA009","TOR_20260818_1","B011"
"P00438","TOR_20260818_1_PA009","TOR_20260818_1","B011"
"P00439","TOR_20260818_1_PA009","TOR_20260818_1","B011"
"P00440","TOR_20260818_1_PA009","TOR_20260818_1","B011"
"P00441","TOR_20260818_1_PA009","TOR_20260818_1","B011"
"P00443","TOR_20260818_1_PA010","TOR_20260818_1","B004"
"P00444","TOR_20260818_1_PA010","TOR_20260818_1","B004"
"P00445","TOR_20260818_1_PA010","TOR_20260818_1","B004"
"P00446","TOR_20260818_1_PA011","TOR_20260818_1","B014"
"P00447","TOR_20260818_1_PA011","TOR_20260818_1","B014"
"P00448","TOR_20260818_1_PA011","TOR_20260818_1","B014"
"P00449","TOR_20260818_1_PA011","TOR_20260818_1","B014"
"P00450","TOR_20260818_1_PA011","TOR_20260818_1","B014"
"P00451","TOR_20260818_1_PA011","TOR_20260818_1","B014"
"P00452","TOR_20260818_1_PA011","TOR_20260818_1","B014"
"P00453","TOR_20260818_1_PA012","TOR_20260818_1","B001"
"P00454","TOR_20260818_1_PA012","TOR_20260818_1","B001"
"P00455","TOR_20260818_1_PA012","TOR_20260818_1","B001"
"P00456","TOR_20260818_1_PA012","TOR_20260818_1","B001"
"P00457","TOR_20260818_1_PA012","TOR_20260818_1","B001"
"P00458","TOR_20260818_1_PA012","TOR_20260818_1","B001"
"P00459","TOR_20260818_1_PA012","TOR_20260818_1","B001"
"P00460","TOR_20260818_1_PA013","TOR_20260818_1","B009"
"P00461","TOR_20260818_1_PA013","TOR_20260818_1","B009"
"P00462","TOR_20260818_1_PA013","TOR_20260818_1","B009"
"P00463","TOR_20260818_1_PA014","TOR_20260818_1","B010"
"P00464","TOR_20260818_1_PA014","TOR_20260818_1","B010"
"P00465","TOR_20260818_1_PA014","TOR_20260818_1","B010"
"P00466","TOR_20260818_1_PA014","TOR_20260818_1","B010"
"P00467","TOR_20260818_1_PA015","TOR_20260818_1","B012"
"P00468","TOR_20260818_1_PA015","TOR_20260818_1","B012"
"P00469","TOR_20260818_1_PA015","TOR_20260818_1","B012"
"P00470","TOR_20260818_1_PA015","TOR_20260818_1","B012"
"P00471","TOR_20260818_1_PA015","TOR_20260818_1","B012"
"P00472","TOR_20260818_1_PA016","TOR_20260818_1","B002"
"P00473","TOR_20260818_1_PA017","TOR_20260818_1","B008"
"P00474","TOR_20260818_1_PA017","TOR_20260818_1","B008"
"P00475","TOR_20260818_1_PA017","TOR_20260818_1","B008"
"P00476","TOR_20260818_1_PA017","TOR_20260818_1","B008"
"P00477","TOR_20260818_1_PA018","TOR_20260818_1","B011"
"P00478","TOR_20260818_1_PA018","TOR_20260818_1","B011"
"P00479","TOR_20260818_1_PA018","TOR_20260818_1","B011"
"P00481","TOR_20260818_1_PA020","TOR_20260818_1","B014"
"P00482","TOR_20260818_1_PA020","TOR_20260818_1","B014"
"P00483","TOR_20260818_1_PA020","TOR_20260818_1","B014"
"P00484","TOR_20260818_1_PA020","TOR_20260818_1","B014"
"P00485","TOR_20260818_1_PA020","TOR_20260818_1","B014"
"P00487","TOR_20260818_1_PA021","TOR_20260818_1","B001"
"P00488","TOR_20260818_1_PA021","TOR_20260818_1","B001"
"P00489","TOR_20260818_1_PA022","TOR_20260818_1","B009"
"P00490","TOR_20260818_1_PA022","TOR_20260818_1","B009"
"P00491","TOR_20260818_1_PA022","TOR_20260818_1","B009"
"P00492","TOR_20260818_1_PA022","TOR_20260818_1","B009"
"P00493","TOR_20260818_1_PA022","TOR_20260818_1","B009"
"P00494","TOR_20260818_1_PA022","TOR_20260818_1","B009"
"P00495","TOR_20260818_1_PA023","TOR_20260818_1","B010"
"P00496","TOR_20260818_1_PA023","TOR_20260818_1","B010"
"P00497","TOR_20260818_1_PA024","TOR_20260818_1","B012"
"P00498","TOR_20260818_1_PA024","TOR_20260818_1","B012"
"P00499","TOR_20260818_1_PA024","TOR_20260818_1","B012"
"P00500","TOR_20260818_1_PA024","TOR_20260818_1","B012"
"P00501","TOR_20260818_1_PA025","TOR_20260818_1","B002"
"P00502","TOR_20260818_1_PA025","TOR_20260818_1","B002"
"P00503","TOR_20260818_1_PA025","TOR_20260818_1","B002"
"P00504","TOR_20260818_1_PA026","TOR_20260818_1","B008"
"P00505","TOR_20260818_1_PA026","TOR_20260818_1","B008"
"P00506","TOR_20260818_1_PA027","TOR_20260818_1","B011"
"P00507","TOR_20260818_1_PA028","TOR_20260818_1","B004"
"P00508","TOR_20260818_1_PA028","TOR_20260818_1","B004"
"P00509","TOR_20260818_1_PA028","TOR_20260818_1","B004"
"P00510","TOR_20260818_1_PA029","TOR_20260818_1","B014"
"P00511","TOR_20260818_1_PA029","TOR_20260818_1","B014"
"P00512","TOR_20260818_1_PA030","TOR_20260818_1","B001"
"P00513","TOR_20260818_1_PA030","TOR_20260818_1","B001"
"P00514","TOR_20260818_1_PA030","TOR_20260818_1","B001"
"P00515","TOR_20260818_1_PA030","TOR_20260818_1","B001"
"P00516","TOR_20260818_1_PA031","TOR_20260818_1","B009"
"P00517","TOR_20260818_1_PA031","TOR_20260818_1","B009"
"P00518","TOR_20260818_1_PA031","TOR_20260818_1","B009"
"P00519","TOR_20260818_1_PA031","TOR_20260818_1","B009"
"P00520","TOR_20260818_1_PA032","TOR_20260818_1","B010"
"P00521","TOR_20260818_1_PA032","TOR_20260818_1","B010"
"P00522","TOR_20260818_1_PA032","TOR_20260818_1","B010"
"P00523","TOR_20260818_1_PA032","TOR_20260818_1","B010"
"P00524","TOR_20260818_1_PA032","TOR_20260818_1","B010"
"P00525","TOR_20260818_1_PA032","TOR_20260818_1","B010"
"P00526","TOR_20260818_1_PA032","TOR_20260818_1","B010"
"P00527","TOR_20260818_1_PA033","TOR_20260818_1","B012"
"P00528","TOR_20260818_1_PA033","TOR_20260818_1","B012"
"P00529","TOR_20260818_1_PA033","TOR_20260818_1","B012"
"P00530","TOR_20260818_1_PA033","TOR_20260818_1","B012"
"P00531","TOR_20260818_1_PA034","TOR_20260818_1","B002"
"P00532","TOR_20260818_1_PA034","TOR_20260818_1","B002"
"P00533","TOR_20260818_1_PA034","TOR_20260818_1","B002"
"P00534","TOR_20260818_1_PA035","TOR_20260818_1","B008"
"P00535","TOR_20260818_1_PA035","TOR_20260818_1","B008"
"P00536","TOR_20260818_1_PA036","TOR_20260818_1","B011"
"P00537","TOR_20260818_1_PA036","TOR_20260818_1","B011"
"P00538","TOR_20260818_1_PA037","TOR_20260818_1","B004"
"P00539","TOR_20260818_1_PA037","TOR_20260818_1","B004"
"P00540","TOR_20260818_1_PA038","TOR_20260818_1","B014"
"P00541","TOR_20260818_1_PA038","TOR_20260818_1","B014"
"P00542","TOR_20260818_1_PA038","TOR_20260818_1","B014"
"P00543","TOR_20260818_1_PA038","TOR_20260818_1","B014"
"P00544","TOR_20260818_1_PA038","TOR_20260818_1","B014"
"P00545","TOR_20260818_1_PA039","TOR_20260818_1","B001"
"P00546","TOR_20260818_1_PA039","TOR_20260818_1","B001"
"P00547","TOR_20260818_1_PA040","TOR_20260818_1","B009"
"P00548","TOR_20260818_1_PA040","TOR_20260818_1","B009"
"P00549","TOR_20260818_1_PA040","TOR_20260818_1","B009"
"P00550","TOR_20260818_1_PA041","TOR_20260818_1","B013"
"P00551","TOR_20260818_1_PA042","TOR_20260818_1","B012"
"P00552","TOR_20260818_1_PA042","TOR_20260818_1","B012"
"P00553","TOR_20260818_1_PA042","TOR_20260818_1","B012"
"P00554","TOR_20260818_1_PA043","TOR_20260818_1","B002"
"P00555","TOR_20260818_1_PA043","TOR_20260818_1","B002"
"P00556","TOR_20260818_1_PA044","TOR_20260818_1","B008"
"P00557","TOR_20260818_1_PA044","TOR_20260818_1","B008"
"P00558","TOR_20260818_1_PA044","TOR_20260818_1","B008"
"P00559","TOR_20260818_1_PA045","TOR_20260818_1","B011"
"P00560","TOR_20260818_1_PA046","TOR_20260818_1","B004"
"P00561","TOR_20260818_1_PA046","TOR_20260818_1","B004"
"P00562","TOR_20260818_1_PA047","TOR_20260818_1","B014"
"P00563","TOR_20260818_1_PA047","TOR_20260818_1","B014"
"P00564","TOR_20260818_1_PA047","TOR_20260818_1","B014"
"P00565","TOR_20260818_1_PA048","TOR_20260818_1","B001"
"P00566","TOR_20260818_1_PA048","TOR_20260818_1","B001"
"P00567","TOR_20260818_1_PA048","TOR_20260818_1","B001"
"P00569","TOR_20260818_1_PA048","TOR_20260818_1","B001"
"P00570","TOR_20260819_1_PA001","TOR_20260819_1","B004"
"P00571","TOR_20260819_1_PA002","TOR_20260819_1","B014"
"P00572","TOR_20260819_1_PA002","TOR_20260819_1","B014"
"P00573","TOR_20260819_1_PA002","TOR_20260819_1","B014"
"P00574","TOR_20260819_1_PA002","TOR_20260819_1","B014"
"P00575","TOR_20260819_1_PA003","TOR_20260819_1","B001"
"P00576","TOR_20260819_1_PA004","TOR_20260819_1","B012"
"P00577","TOR_20260819_1_PA004","TOR_20260819_1","B012"
"P00578","TOR_20260819_1_PA004","TOR_20260819_1","B012"
"P00579","TOR_20260819_1_PA004","TOR_20260819_1","B012"
"P00580","TOR_20260819_1_PA004","TOR_20260819_1","B012"
"P00581","TOR_20260819_1_PA004","TOR_20260819_1","B012"
"P00582","TOR_20260819_1_PA005","TOR_20260819_1","B002"
"P00583","TOR_20260819_1_PA006","TOR_20260819_1","B010"
"P00584","TOR_20260819_1_PA006","TOR_20260819_1","B010"
"P00585","TOR_20260819_1_PA006","TOR_20260819_1","B010"
"P00586","TOR_20260819_1_PA007","TOR_20260819_1","B011"
"P00587","TOR_20260819_1_PA007","TOR_20260819_1","B011"
"P00588","TOR_20260819_1_PA007","TOR_20260819_1","B011"
"P00589","TOR_20260819_1_PA007","TOR_20260819_1","B011"
"P00590","TOR_20260819_1_PA007","TOR_20260819_1","B011"
"P00591","TOR_20260819_1_PA008","TOR_20260819_1","B003"
"P00592","TOR_20260819_1_PA008","TOR_20260819_1","B003"
"P00593","TOR_20260819_1_PA008","TOR_20260819_1","B003"
"P00594","TOR_20260819_1_PA008","TOR_20260819_1","B003"
"P00595","TOR_20260819_1_PA008","TOR_20260819_1","B003"
"P00596","TOR_20260819_1_PA009","TOR_20260819_1","B005"
"P00597","TOR_20260819_1_PA009","TOR_20260819_1","B005"
"P00598","TOR_20260819_1_PA009","TOR_20260819_1","B005"
"P00599","TOR_20260819_1_PA010","TOR_20260819_1","B004"
"P00600","TOR_20260819_1_PA010","TOR_20260819_1","B004"
"P00601","TOR_20260819_1_PA010","TOR_20260819_1","B004"
"P00602","TOR_20260819_1_PA010","TOR_20260819_1","B004"
"P00603","TOR_20260819_1_PA011","TOR_20260819_1","B014"
"P00604","TOR_20260819_1_PA011","TOR_20260819_1","B014"
"P00605","TOR_20260819_1_PA011","TOR_20260819_1","B014"
"P00606","TOR_20260819_1_PA011","TOR_20260819_1","B014"
"P00607","TOR_20260819_1_PA011","TOR_20260819_1","B014"
"P00608","TOR_20260819_1_PA012","TOR_20260819_1","B001"
"P00609","TOR_20260819_1_PA012","TOR_20260819_1","B001"
"P00610","TOR_20260819_1_PA012","TOR_20260819_1","B001"
"P00612","TOR_20260819_1_PA012","TOR_20260819_1","B001"
"P00613","TOR_20260819_1_PA012","TOR_20260819_1","B001"
"P00614","TOR_20260819_1_PA012","TOR_20260819_1","B001"
"P00615","TOR_20260819_1_PA013","TOR_20260819_1","B012"
"P00616","TOR_20260819_1_PA013","TOR_20260819_1","B012"
"P00617","TOR_20260819_1_PA013","TOR_20260819_1","B012"
"P00618","TOR_20260819_1_PA013","TOR_20260819_1","B012"
"P00619","TOR_20260819_1_PA013","TOR_20260819_1","B012"
"P00620","TOR_20260819_1_PA014","TOR_20260819_1","B002"
"P00621","TOR_20260819_1_PA014","TOR_20260819_1","B002"
"P00623","TOR_20260819_1_PA014","TOR_20260819_1","B002"
"P00624","TOR_20260819_1_PA014","TOR_20260819_1","B002"
"P00625","TOR_20260819_1_PA014","TOR_20260819_1","B002"
"P00626","TOR_20260819_1_PA014","TOR_20260819_1","B002"
"P00627","TOR_20260819_1_PA015","TOR_20260819_1","B010"
"P00628","TOR_20260819_1_PA015","TOR_20260819_1","B010"
"P00629","TOR_20260819_1_PA015","TOR_20260819_1","B010"
"P00630","TOR_20260819_1_PA015","TOR_20260819_1","B010"
"P00631","TOR_20260819_1_PA016","TOR_20260819_1","B011"
"P00632","TOR_20260819_1_PA016","TOR_20260819_1","B011"
"P00633","TOR_20260819_1_PA016","TOR_20260819_1","B011"
"P00634","TOR_20260819_1_PA017","TOR_20260819_1","B003"
"P00635","TOR_20260819_1_PA017","TOR_20260819_1","B003"
"P00636","TOR_20260819_1_PA017","TOR_20260819_1","B003"
"P00637","TOR_20260819_1_PA018","TOR_20260819_1","B005"
"P00638","TOR_20260819_1_PA018","TOR_20260819_1","B005"
"P00639","TOR_20260819_1_PA019","TOR_20260819_1","B013"
"P00640","TOR_20260819_1_PA019","TOR_20260819_1","B013"
"P00641","TOR_20260819_1_PA019","TOR_20260819_1","B013"
"P00642","TOR_20260819_1_PA019","TOR_20260819_1","B013"
"P00643","TOR_20260819_1_PA020","TOR_20260819_1","B014"
"P00644","TOR_20260819_1_PA021","TOR_20260819_1","B001"
"P00645","TOR_20260819_1_PA021","TOR_20260819_1","B001"
"P00647","TOR_20260819_1_PA022","TOR_20260819_1","B012"
"P00648","TOR_20260819_1_PA022","TOR_20260819_1","B012"
"P00649","TOR_20260819_1_PA023","TOR_20260819_1","B002"
"P00650","TOR_20260819_1_PA023","TOR_20260819_1","B002"
"P00651","TOR_20260819_1_PA023","TOR_20260819_1","B002"
"P00652","TOR_20260819_1_PA023","TOR_20260819_1","B002"
"P00653","TOR_20260819_1_PA023","TOR_20260819_1","B002"
"P00654","TOR_20260819_1_PA023","TOR_20260819_1","B002"
"P00655","TOR_20260819_1_PA024","TOR_20260819_1","B007"
"P00656","TOR_20260819_1_PA025","TOR_20260819_1","B011"
"P00657","TOR_20260819_1_PA025","TOR_20260819_1","B011"
"P00658","TOR_20260819_1_PA025","TOR_20260819_1","B011"
"P00659","TOR_20260819_1_PA026","TOR_20260819_1","B003"
"P00660","TOR_20260819_1_PA027","TOR_20260819_1","B005"
"P00661","TOR_20260819_1_PA027","TOR_20260819_1","B005"
"P00662","TOR_20260819_1_PA028","TOR_20260819_1","B013"
"P00663","TOR_20260819_1_PA028","TOR_20260819_1","B013"
"P00664","TOR_20260819_1_PA028","TOR_20260819_1","B013"
"P00665","TOR_20260819_1_PA028","TOR_20260819_1","B013"
"P00666","TOR_20260819_1_PA028","TOR_20260819_1","B013"
"P00667","TOR_20260819_1_PA028","TOR_20260819_1","B013"
"P00668","TOR_20260819_1_PA029","TOR_20260819_1","B014"
"P00669","TOR_20260819_1_PA029","TOR_20260819_1","B014"
"P00670","TOR_20260819_1_PA029","TOR_20260819_1","B014"
"P00671","TOR_20260819_1_PA029","TOR_20260819_1","B014"
"P00672","TOR_20260819_1_PA030","TOR_20260819_1","B001"
"P00673","TOR_20260819_1_PA030","TOR_20260819_1","B001"
"P00674","TOR_20260819_1_PA030","TOR_20260819_1","B001"
"P00675","TOR_20260819_1_PA030","TOR_20260819_1","B001"
"P00676","TOR_20260819_1_PA031","TOR_20260819_1","B012"
"P00677","TOR_20260819_1_PA031","TOR_20260819_1","B012"
"P00678","TOR_20260819_1_PA031","TOR_20260819_1","B012"
"P00679","TOR_20260819_1_PA031","TOR_20260819_1","B012"
"P00680","TOR_20260819_1_PA031","TOR_20260819_1","B012"
"P00681","TOR_20260819_1_PA032","TOR_20260819_1","B002"
"P00682","TOR_20260819_1_PA032","TOR_20260819_1","B002"
"P00683","TOR_20260819_1_PA032","TOR_20260819_1","B002"
"P00684","TOR_20260819_1_PA032","TOR_20260819_1","B002"
"P00685","TOR_20260819_1_PA032","TOR_20260819_1","B002"
"P00686","TOR_20260819_1_PA032","TOR_20260819_1","B002"
"P00687","TOR_20260819_1_PA032","TOR_20260819_1","B002"
"P00688","TOR_20260819_1_PA032","TOR_20260819_1","B002"
"P00689","TOR_20260819_1_PA033","TOR_20260819_1","B007"
"P00690","TOR_20260819_1_PA033","TOR_20260819_1","B007"
"P00691","TOR_20260819_1_PA034","TOR_20260819_1","B011"
"P00692","TOR_20260819_1_PA034","TOR_20260819_1","B011"
"P00693","TOR_20260819_1_PA034","TOR_20260819_1","B011"
"P00694","TOR_20260819_1_PA034","TOR_20260819_1","B011"
"P00695","TOR_20260819_1_PA034","TOR_20260819_1","B011"
"P00696","TOR_20260819_1_PA034","TOR_20260819_1","B011"
"P00697","TOR_20260819_1_PA035","TOR_20260819_1","B003"
"P00698","TOR_20260819_1_PA035","TOR_20260819_1","B003"
"P00699","TOR_20260819_1_PA035","TOR_20260819_1","B003"
"P00700","TOR_20260819_1_PA035","TOR_20260819_1","B003"
"P00701","TOR_20260819_1_PA036","TOR_20260819_1","B005"
"P00702","TOR_20260819_1_PA036","TOR_20260819_1","B005"
"P00703","TOR_20260819_1_PA036","TOR_20260819_1","B005"
"P00704","TOR_20260819_1_PA036","TOR_20260819_1","B005"
"P00705","TOR_20260819_1_PA037","TOR_20260819_1","B009"
"P00706","TOR_20260819_1_PA037","TOR_20260819_1","B009"
"P00707","TOR_20260819_1_PA037","TOR_20260819_1","B009"
"P00708","TOR_20260819_1_PA037","TOR_20260819_1","B009"
"P00709","TOR_20260819_1_PA038","TOR_20260819_1","B014"
"P00710","TOR_20260819_1_PA038","TOR_20260819_1","B014"
"P00711","TOR_20260819_1_PA038","TOR_20260819_1","B014"
"P00712","TOR_20260819_1_PA038","TOR_20260819_1","B014"
"P00713","TOR_20260819_1_PA038","TOR_20260819_1","B014"
"P00714","TOR_20260819_1_PA039","TOR_20260819_1","B001"
"P00715","TOR_20260819_1_PA039","TOR_20260819_1","B001"
"P00716","TOR_20260819_1_PA039","TOR_20260819_1","B001"
"P00717","TOR_20260819_1_PA039","TOR_20260819_1","B001"
"P00718","TOR_20260819_1_PA039","TOR_20260819_1","B001"
"P00719","TOR_20260820_1_PA001","TOR_20260820_1","B005"
"P00720","TOR_20260820_1_PA001","TOR_20260820_1","B005"
"P00721","TOR_20260820_1_PA001","TOR_20260820_1","B005"
"P00722","TOR_20260820_1_PA002","TOR_20260820_1","B007"
"P00723","TOR_20260820_1_PA002","TOR_20260820_1","B007"
"P00724","TOR_20260820_1_PA002","TOR_20260820_1","B007"
"P00725","TOR_20260820_1_PA003","TOR_20260820_1","B001"
"P00726","TOR_20260820_1_PA003","TOR_20260820_1","B001"
"P00727","TOR_20260820_1_PA003","TOR_20260820_1","B001"
"P00728","TOR_20260820_1_PA003","TOR_20260820_1","B001"
"P00729","TOR_20260820_1_PA003","TOR_20260820_1","B001"
"P00730","TOR_20260820_1_PA003","TOR_20260820_1","B001"
"P00731","TOR_20260820_1_PA003","TOR_20260820_1","B001"
"P00732","TOR_20260820_1_PA003","TOR_20260820_1","B001"
"P00733","TOR_20260820_1_PA003","TOR_20260820_1","B001"
"P00734","TOR_20260820_1_PA003","TOR_20260820_1","B001"
"P00735","TOR_20260820_1_PA003","TOR_20260820_1","B001"
"P00736","TOR_20260820_1_PA004","TOR_20260820_1","B009"
"P00737","TOR_20260820_1_PA005","TOR_20260820_1","B012"
"P00738","TOR_20260820_1_PA005","TOR_20260820_1","B012"
"P00739","TOR_20260820_1_PA006","TOR_20260820_1","B002"
"P00740","TOR_20260820_1_PA007","TOR_20260820_1","B008"
"P00741","TOR_20260820_1_PA007","TOR_20260820_1","B008"
"P00742","TOR_20260820_1_PA007","TOR_20260820_1","B008"
"P00743","TOR_20260820_1_PA007","TOR_20260820_1","B008"
"P00744","TOR_20260820_1_PA007","TOR_20260820_1","B008"
"P00746","TOR_20260820_1_PA008","TOR_20260820_1","B013"
"P00747","TOR_20260820_1_PA009","TOR_20260820_1","B014"
"P00748","TOR_20260820_1_PA009","TOR_20260820_1","B014"
"P00749","TOR_20260820_1_PA009","TOR_20260820_1","B014"
"P00750","TOR_20260820_1_PA009","TOR_20260820_1","B014"
"P00751","TOR_20260820_1_PA009","TOR_20260820_1","B014"
"P00752","TOR_20260820_1_PA010","TOR_20260820_1","B005"
"P00753","TOR_20260820_1_PA010","TOR_20260820_1","B005"
"P00754","TOR_20260820_1_PA010","TOR_20260820_1","B005"
"P00755","TOR_20260820_1_PA010","TOR_20260820_1","B005"
"P00756","TOR_20260820_1_PA011","TOR_20260820_1","B007"
"P00757","TOR_20260820_1_PA011","TOR_20260820_1","B007"
"P00758","TOR_20260820_1_PA011","TOR_20260820_1","B007"
"P00759","TOR_20260820_1_PA011","TOR_20260820_1","B007"
"P00760","TOR_20260820_1_PA011","TOR_20260820_1","B007"
"P00761","TOR_20260820_1_PA012","TOR_20260820_1","B001"
"P00762","TOR_20260820_1_PA012","TOR_20260820_1","B001"
"P00763","TOR_20260820_1_PA012","TOR_20260820_1","B001"
"P00764","TOR_20260820_1_PA012","TOR_20260820_1","B001"
"P00765","TOR_20260820_1_PA012","TOR_20260820_1","B001"
"P00766","TOR_20260820_1_PA012","TOR_20260820_1","B001"
"P00767","TOR_20260820_1_PA013","TOR_20260820_1","B009"
"P00768","TOR_20260820_1_PA013","TOR_20260820_1","B009"
"P00769","TOR_20260820_1_PA013","TOR_20260820_1","B009"
"P00770","TOR_20260820_1_PA014","TOR_20260820_1","B012"
"P00771","TOR_20260820_1_PA015","TOR_20260820_1","B002"
"P00772","TOR_20260820_1_PA015","TOR_20260820_1","B002"
"P00773","TOR_20260820_1_PA015","TOR_20260820_1","B002"
"P00774","TOR_20260820_1_PA015","TOR_20260820_1","B002"
"P00775","TOR_20260820_1_PA016","TOR_20260820_1","B008"
"P00776","TOR_20260820_1_PA016","TOR_20260820_1","B008"
"P00777","TOR_20260820_1_PA016","TOR_20260820_1","B008"
"P00778","TOR_20260820_1_PA016","TOR_20260820_1","B008"
"P00779","TOR_20260820_1_PA016","TOR_20260820_1","B008"
"P00780","TOR_20260820_1_PA016","TOR_20260820_1","B008"
"P00781","TOR_20260820_1_PA017","TOR_20260820_1","B013"
"P00782","TOR_20260820_1_PA017","TOR_20260820_1","B013"
"P00783","TOR_20260820_1_PA017","TOR_20260820_1","B013"
"P00784","TOR_20260820_1_PA017","TOR_20260820_1","B013"
"P00785","TOR_20260820_1_PA017","TOR_20260820_1","B013"
"P00786","TOR_20260820_1_PA017","TOR_20260820_1","B013"
"P00787","TOR_20260820_1_PA018","TOR_20260820_1","B014"
"P00788","TOR_20260820_1_PA018","TOR_20260820_1","B014"
"P00789","TOR_20260820_1_PA019","TOR_20260820_1","B005"
"P00790","TOR_20260820_1_PA019","TOR_20260820_1","B005"
"P00791","TOR_20260820_1_PA019","TOR_20260820_1","B005"
"P00792","TOR_20260820_1_PA019","TOR_20260820_1","B005"
"P00793","TOR_20260820_1_PA019","TOR_20260820_1","B005"
"P00794","TOR_20260820_1_PA019","TOR_20260820_1","B005"
"P00795","TOR_20260820_1_PA019","TOR_20260820_1","B005"
"P00796","TOR_20260820_1_PA020","TOR_20260820_1","B007"
"P00797","TOR_20260820_1_PA020","TOR_20260820_1","B007"
"P00798","TOR_20260820_1_PA020","TOR_20260820_1","B007"
"P00799","TOR_20260820_1_PA020","TOR_20260820_1","B007"
"P00800","TOR_20260820_1_PA020","TOR_20260820_1","B007"
"P00801","TOR_20260820_1_PA021","TOR_20260820_1","B001"
"P00802","TOR_20260820_1_PA021","TOR_20260820_1","B001"
"P00803","TOR_20260820_1_PA021","TOR_20260820_1","B001"
"P00804","TOR_20260820_1_PA022","TOR_20260820_1","B009"
"P00805","TOR_20260820_1_PA022","TOR_20260820_1","B009"
"P00806","TOR_20260820_1_PA022","TOR_20260820_1","B009"
"P00807","TOR_20260820_1_PA023","TOR_20260820_1","B012"
"P00808","TOR_20260820_1_PA023","TOR_20260820_1","B012"
"P00809","TOR_20260820_1_PA023","TOR_20260820_1","B012"
"P00810","TOR_20260820_1_PA023","TOR_20260820_1","B012"
"P00811","TOR_20260820_1_PA024","TOR_20260820_1","B003"
"P00812","TOR_20260820_1_PA024","TOR_20260820_1","B003"
"P00813","TOR_20260820_1_PA025","TOR_20260820_1","B008"
"P00814","TOR_20260820_1_PA025","TOR_20260820_1","B008"
"P00815","TOR_20260820_1_PA026","TOR_20260820_1","B013"
"P00816","TOR_20260820_1_PA026","TOR_20260820_1","B013"
"P00817","TOR_20260820_1_PA026","TOR_20260820_1","B013"
"P00818","TOR_20260820_1_PA026","TOR_20260820_1","B013"
"P00819","TOR_20260820_1_PA026","TOR_20260820_1","B013"
"P00820","TOR_20260820_1_PA026","TOR_20260820_1","B013"
"P00821","TOR_20260820_1_PA026","TOR_20260820_1","B013"
"P00822","TOR_20260820_1_PA027","TOR_20260820_1","B014"
"P00823","TOR_20260820_1_PA027","TOR_20260820_1","B014"
"P00824","TOR_20260820_1_PA027","TOR_20260820_1","B014"
"P00825","TOR_20260820_1_PA027","TOR_20260820_1","B014"
"P00826","TOR_20260820_1_PA027","TOR_20260820_1","B014"
"P00827","TOR_20260820_1_PA027","TOR_20260820_1","B014"
"P00828","TOR_20260820_1_PA027","TOR_20260820_1","B014"
"P00829","TOR_20260820_1_PA028","TOR_20260820_1","B005"
"P00831","TOR_20260820_1_PA029","TOR_20260820_1","B007"
"P00832","TOR_20260820_1_PA029","TOR_20260820_1","B007"
"P00833","TOR_20260820_1_PA029","TOR_20260820_1","B007"
"P00834","TOR_20260820_1_PA029","TOR_20260820_1","B007"
"P00843","TOR_20260820_1_PA031","TOR_20260820_1","B012"
"P00844","TOR_20260820_1_PA031","TOR_20260820_1","B012"
"P00845","TOR_20260820_1_PA031","TOR_20260820_1","B012"
"P00846","TOR_20260820_1_PA031","TOR_20260820_1","B012"
"P00847","TOR_20260820_1_PA031","TOR_20260820_1","B012"
"P00848","TOR_20260820_1_PA031","TOR_20260820_1","B012"
"P00849","TOR_20260820_1_PA031","TOR_20260820_1","B012"
"P00850","TOR_20260820_1_PA032","TOR_20260820_1","B003"
"P00851","TOR_20260820_1_PA032","TOR_20260820_1","B003"
"P00852","TOR_20260820_1_PA032","TOR_20260820_1","B003"
"P00854","TOR_20260820_1_PA033","TOR_20260820_1","B008"
"P00855","TOR_20260820_1_PA033","TOR_20260820_1","B008"
"P00856","TOR_20260820_1_PA033","TOR_20260820_1","B008"
"P00857","TOR_20260820_1_PA033","TOR_20260820_1","B008"
"P00858","TOR_20260820_1_PA034","TOR_20260820_1","B013"
"P00859","TOR_20260820_1_PA034","TOR_20260820_1","B013"
"P00860","TOR_20260820_1_PA035","TOR_20260820_1","B014"
"P00861","TOR_20260820_1_PA035","TOR_20260820_1","B014"
"P00862","TOR_20260820_1_PA035","TOR_20260820_1","B014"
"P00863","TOR_20260820_1_PA035","TOR_20260820_1","B014"
"P00864","TOR_20260820_1_PA035","TOR_20260820_1","B014"
"P00865","TOR_20260820_1_PA035","TOR_20260820_1","B014"
"P00866","TOR_20260820_1_PA035","TOR_20260820_1","B014"
"P00867","TOR_20260820_1_PA036","TOR_20260820_1","B005"
"P00868","TOR_20260820_1_PA036","TOR_20260820_1","B005"
"P00869","TOR_20260820_1_PA037","TOR_20260820_1","B007"
"P00870","TOR_20260820_1_PA037","TOR_20260820_1","B007"
"P00871","TOR_20260820_1_PA037","TOR_20260820_1","B007"
"P00872","TOR_20260820_1_PA037","TOR_20260820_1","B007"
"P00873","TOR_20260820_1_PA037","TOR_20260820_1","B007"
"P00874","TOR_20260820_1_PA038","TOR_20260820_1","B001"
"P00875","TOR_20260820_1_PA039","TOR_20260820_1","B009"
"P00876","TOR_20260820_1_PA039","TOR_20260820_1","B009"
"P00877","TOR_20260820_1_PA039","TOR_20260820_1","B009"
"P00878","TOR_20260820_1_PA040","TOR_20260820_1","B012"
"P00879","TOR_20260820_1_PA040","TOR_20260820_1","B012"
"P00880","TOR_20260820_1_PA040","TOR_20260820_1","B012"
"P00881","TOR_20260821_1_PA001","TOR_20260821_1","B004"
"P00882","TOR_20260821_1_PA001","TOR_20260821_1","B004"
"P00883","TOR_20260821_1_PA001","TOR_20260821_1","B004"
"P00884","TOR_20260821_1_PA001","TOR_20260821_1","B004"
"P00885","TOR_20260821_1_PA002","TOR_20260821_1","B014"
"P00886","TOR_20260821_1_PA003","TOR_20260821_1","B001"
"P00887","TOR_20260821_1_PA003","TOR_20260821_1","B001"
"P00888","TOR_20260821_1_PA003","TOR_20260821_1","B001"
"P00889","TOR_20260821_1_PA003","TOR_20260821_1","B001"
"P00890","TOR_20260821_1_PA004","TOR_20260821_1","B010"
"P00891","TOR_20260821_1_PA005","TOR_20260821_1","B008"
"P00892","TOR_20260821_1_PA005","TOR_20260821_1","B008"
"P00893","TOR_20260821_1_PA005","TOR_20260821_1","B008"
"P00894","TOR_20260821_1_PA006","TOR_20260821_1","B012"
"P00895","TOR_20260821_1_PA006","TOR_20260821_1","B012"
"P00896","TOR_20260821_1_PA006","TOR_20260821_1","B012"
"P00897","TOR_20260821_1_PA006","TOR_20260821_1","B012"
"P00898","TOR_20260821_1_PA007","TOR_20260821_1","B003"
"P00899","TOR_20260821_1_PA008","TOR_20260821_1","B005"
"P00900","TOR_20260821_1_PA009","TOR_20260821_1","B013"
"P00901","TOR_20260821_1_PA009","TOR_20260821_1","B013"
"P00902","TOR_20260821_1_PA009","TOR_20260821_1","B013"
"P00903","TOR_20260821_1_PA009","TOR_20260821_1","B013"
"P00904","TOR_20260821_1_PA009","TOR_20260821_1","B013"
"P00905","TOR_20260821_1_PA010","TOR_20260821_1","B004"
"P00906","TOR_20260821_1_PA010","TOR_20260821_1","B004"
"P00907","TOR_20260821_1_PA010","TOR_20260821_1","B004"
"P00908","TOR_20260821_1_PA010","TOR_20260821_1","B004"
"P00909","TOR_20260821_1_PA010","TOR_20260821_1","B004"
"P00910","TOR_20260821_1_PA010","TOR_20260821_1","B004"
"P00911","TOR_20260821_1_PA011","TOR_20260821_1","B014"
"P00912","TOR_20260821_1_PA011","TOR_20260821_1","B014"
"P00913","TOR_20260821_1_PA011","TOR_20260821_1","B014"
"P00914","TOR_20260821_1_PA011","TOR_20260821_1","B014"
"P00915","TOR_20260821_1_PA011","TOR_20260821_1","B014"
"P00916","TOR_20260821_1_PA012","TOR_20260821_1","B001"
"P00917","TOR_20260821_1_PA012","TOR_20260821_1","B001"
"P00918","TOR_20260821_1_PA012","TOR_20260821_1","B001"
"P00919","TOR_20260821_1_PA012","TOR_20260821_1","B001"
"P00920","TOR_20260821_1_PA012","TOR_20260821_1","B001"
"P00921","TOR_20260821_1_PA012","TOR_20260821_1","B001"
"P00922","TOR_20260821_1_PA013","TOR_20260821_1","B010"
"P00923","TOR_20260821_1_PA013","TOR_20260821_1","B010"
"P00924","TOR_20260821_1_PA013","TOR_20260821_1","B010"
"P00925","TOR_20260821_1_PA013","TOR_20260821_1","B010"
"P00926","TOR_20260821_1_PA014","TOR_20260821_1","B008"
"P00927","TOR_20260821_1_PA014","TOR_20260821_1","B008"
"P00928","TOR_20260821_1_PA014","TOR_20260821_1","B008"
"P00929","TOR_20260821_1_PA014","TOR_20260821_1","B008"
"P00930","TOR_20260821_1_PA014","TOR_20260821_1","B008"
"P00931","TOR_20260821_1_PA014","TOR_20260821_1","B008"
"P00932","TOR_20260821_1_PA015","TOR_20260821_1","B012"
"P00933","TOR_20260821_1_PA015","TOR_20260821_1","B012"
"P00934","TOR_20260821_1_PA015","TOR_20260821_1","B012"
"P00935","TOR_20260821_1_PA015","TOR_20260821_1","B012"
"P00936","TOR_20260821_1_PA015","TOR_20260821_1","B012"
"P00937","TOR_20260821_1_PA015","TOR_20260821_1","B012"
"P00938","TOR_20260821_1_PA015","TOR_20260821_1","B012"
"P00939","TOR_20260821_1_PA015","TOR_20260821_1","B012"
"P00940","TOR_20260821_1_PA016","TOR_20260821_1","B003"
"P00941","TOR_20260821_1_PA016","TOR_20260821_1","B003"
"P00942","TOR_20260821_1_PA017","TOR_20260821_1","B005"
"P00943","TOR_20260821_1_PA017","TOR_20260821_1","B005"
"P00944","TOR_20260821_1_PA017","TOR_20260821_1","B005"
"P00945","TOR_20260821_1_PA018","TOR_20260821_1","B013"
"P00946","TOR_20260821_1_PA018","TOR_20260821_1","B013"
"P00947","TOR_20260821_1_PA018","TOR_20260821_1","B013"
"P00949","TOR_20260821_1_PA018","TOR_20260821_1","B013"
"P00950","TOR_20260821_1_PA018","TOR_20260821_1","B013"
"P00951","TOR_20260821_1_PA018","TOR_20260821_1","B013"
"P00952","TOR_20260821_1_PA018","TOR_20260821_1","B013"
"P00953","TOR_20260821_1_PA019","TOR_20260821_1","B004"
"P00954","TOR_20260821_1_PA019","TOR_20260821_1","B004"
"P00955","TOR_20260821_1_PA020","TOR_20260821_1","B014"
"P00956","TOR_20260821_1_PA020","TOR_20260821_1","B014"
"P00957","TOR_20260821_1_PA020","TOR_20260821_1","B014"
"P00958","TOR_20260821_1_PA020","TOR_20260821_1","B014"
"P00959","TOR_20260821_1_PA021","TOR_20260821_1","B001"
"P00960","TOR_20260821_1_PA021","TOR_20260821_1","B001"
"P00961","TOR_20260821_1_PA021","TOR_20260821_1","B001"
"P00962","TOR_20260821_1_PA021","TOR_20260821_1","B001"
"P00963","TOR_20260821_1_PA022","TOR_20260821_1","B010"
"P00964","TOR_20260821_1_PA022","TOR_20260821_1","B010"
"P00965","TOR_20260821_1_PA022","TOR_20260821_1","B010"
"P00966","TOR_20260821_1_PA023","TOR_20260821_1","B008"
"P00967","TOR_20260821_1_PA023","TOR_20260821_1","B008"
"P00968","TOR_20260821_1_PA023","TOR_20260821_1","B008"
"P00969","TOR_20260821_1_PA023","TOR_20260821_1","B008"
"P00970","TOR_20260821_1_PA024","TOR_20260821_1","B012"
"P00971","TOR_20260821_1_PA024","TOR_20260821_1","B012"
"P00972","TOR_20260821_1_PA024","TOR_20260821_1","B012"
"P00973","TOR_20260821_1_PA025","TOR_20260821_1","B003"
"P00974","TOR_20260821_1_PA025","TOR_20260821_1","B003"
"P00975","TOR_20260821_1_PA025","TOR_20260821_1","B003"
"P00976","TOR_20260821_1_PA025","TOR_20260821_1","B003"
"P00977","TOR_20260821_1_PA026","TOR_20260821_1","B005"
"P00978","TOR_20260821_1_PA026","TOR_20260821_1","B005"
"P00979","TOR_20260821_1_PA026","TOR_20260821_1","B005"
"P00980","TOR_20260821_1_PA026","TOR_20260821_1","B005"
"P00981","TOR_20260821_1_PA027","TOR_20260821_1","B013"
"P00982","TOR_20260821_1_PA027","TOR_20260821_1","B013"
"P00983","TOR_20260821_1_PA028","TOR_20260821_1","B004"
"P00984","TOR_20260821_1_PA028","TOR_20260821_1","B004"
"P00985","TOR_20260821_1_PA028","TOR_20260821_1","B004"
"P00986","TOR_20260821_1_PA028","TOR_20260821_1","B004"
"P00987","TOR_20260821_1_PA028","TOR_20260821_1","B004"
"P00988","TOR_20260821_1_PA028","TOR_20260821_1","B004"
"P00989","TOR_20260821_1_PA029","TOR_20260821_1","B009"
"P00990","TOR_20260821_1_PA029","TOR_20260821_1","B009"
"P00991","TOR_20260821_1_PA029","TOR_20260821_1","B009"
"P00992","TOR_20260821_1_PA029","TOR_20260821_1","B009"
"P00993","TOR_20260821_1_PA029","TOR_20260821_1","B009"
"P00994","TOR_20260821_1_PA029","TOR_20260821_1","B009"
"P00995","TOR_20260821_1_PA029","TOR_20260821_1","B009"
"P00996","TOR_20260821_1_PA030","TOR_20260821_1","B001"
"P00997","TOR_20260821_1_PA030","TOR_20260821_1","B001"
"P00998","TOR_20260821_1_PA030","TOR_20260821_1","B001"
"P00999","TOR_20260821_1_PA030","TOR_20260821_1","B001"
"P01000","TOR_20260821_1_PA030","TOR_20260821_1","B001"
"P01001","TOR_20260821_1_PA031","TOR_20260821_1","B010"
"P01002","TOR_20260821_1_PA032","TOR_20260821_1","B008"
"P01003","TOR_20260821_1_PA032","TOR_20260821_1","B008"
"P01004","TOR_20260821_1_PA032","TOR_20260821_1","B008"
"P01005","TOR_20260821_1_PA033","TOR_20260821_1","B012"
"P01006","TOR_20260821_1_PA033","TOR_20260821_1","B012"
"P01007","TOR_20260821_1_PA033","TOR_20260821_1","B012"
"P01008","TOR_20260821_1_PA033","TOR_20260821_1","B012"
"P01009","TOR_20260821_1_PA033","TOR_20260821_1","B012"
"P01010","TOR_20260821_1_PA033","TOR_20260821_1","B012"
"P01011","TOR_20260821_1_PA033","TOR_20260821_1","B012"
"P01012","TOR_20260821_1_PA034","TOR_20260821_1","B003"
"P01013","TOR_20260821_1_PA034","TOR_20260821_1","B003"
"P01014","TOR_20260821_1_PA034","TOR_20260821_1","B003"
"P01015","TOR_20260821_1_PA034","TOR_20260821_1","B003"
"P01016","TOR_20260821_1_PA034","TOR_20260821_1","B003"
"P01017","TOR_20260821_1_PA034","TOR_20260821_1","B003"
"P01018","TOR_20260821_1_PA035","TOR_20260821_1","B005"
"P01019","TOR_20260821_1_PA036","TOR_20260821_1","B013"
"P01020","TOR_20260821_1_PA036","TOR_20260821_1","B013"
"P01021","TOR_20260821_1_PA036","TOR_20260821_1","B013"
"P01022","TOR_20260821_1_PA036","TOR_20260821_1","B013"
"P01023","TOR_20260821_1_PA036","TOR_20260821_1","B013"
"P01024","TOR_20260821_1_PA037","TOR_20260821_1","B004"
"P01025","TOR_20260821_1_PA037","TOR_20260821_1","B004"
"P01026","TOR_20260821_1_PA037","TOR_20260821_1","B004"
"P01027","TOR_20260821_1_PA037","TOR_20260821_1","B004"
"P01028","TOR_20260822_1_PA001","TOR_20260822_1","B004"
"P01029","TOR_20260822_1_PA001","TOR_20260822_1","B004"
"P01030","TOR_20260822_1_PA001","TOR_20260822_1","B004"
"P01031","TOR_20260822_1_PA001","TOR_20260822_1","B004"
"P01032","TOR_20260822_1_PA001","TOR_20260822_1","B004"
"P01033","TOR_20260822_1_PA001","TOR_20260822_1","B004"
"P01034","TOR_20260822_1_PA001","TOR_20260822_1","B004"
"P01035","TOR_20260822_1_PA001","TOR_20260822_1","B004"
"P01036","TOR_20260822_1_PA002","TOR_20260822_1","B017"
"P01037","TOR_20260822_1_PA002","TOR_20260822_1","B017"
"P01038","TOR_20260822_1_PA003","TOR_20260822_1","B001"
"P01040","TOR_20260822_1_PA003","TOR_20260822_1","B001"
"P01041","TOR_20260822_1_PA003","TOR_20260822_1","B001"
"P01042","TOR_20260822_1_PA003","TOR_20260822_1","B001"
"P01043","TOR_20260822_1_PA004","TOR_20260822_1","B009"
"P01044","TOR_20260822_1_PA004","TOR_20260822_1","B009"
"P01045","TOR_20260822_1_PA004","TOR_20260822_1","B009"
"P01046","TOR_20260822_1_PA005","TOR_20260822_1","B012"
"P01047","TOR_20260822_1_PA005","TOR_20260822_1","B012"
"P01048","TOR_20260822_1_PA005","TOR_20260822_1","B012"
"P01049","TOR_20260822_1_PA005","TOR_20260822_1","B012"
"P01050","TOR_20260822_1_PA005","TOR_20260822_1","B012"
"P01051","TOR_20260822_1_PA006","TOR_20260822_1","B008"
"P01052","TOR_20260822_1_PA006","TOR_20260822_1","B008"
"P01053","TOR_20260822_1_PA007","TOR_20260822_1","B007"
"P01054","TOR_20260822_1_PA007","TOR_20260822_1","B007"
"P01055","TOR_20260822_1_PA007","TOR_20260822_1","B007"
"P01056","TOR_20260822_1_PA007","TOR_20260822_1","B007"
"P01057","TOR_20260822_1_PA007","TOR_20260822_1","B007"
"P01058","TOR_20260822_1_PA007","TOR_20260822_1","B007"
"P01059","TOR_20260822_1_PA007","TOR_20260822_1","B007"
"P01060","TOR_20260822_1_PA008","TOR_20260822_1","B005"
"P01061","TOR_20260822_1_PA008","TOR_20260822_1","B005"
"P01062","TOR_20260822_1_PA008","TOR_20260822_1","B005"
"P01063","TOR_20260822_1_PA008","TOR_20260822_1","B005"
"P01064","TOR_20260822_1_PA008","TOR_20260822_1","B005"
"P01065","TOR_20260822_1_PA009","TOR_20260822_1","B013"
"P01066","TOR_20260822_1_PA009","TOR_20260822_1","B013"
"P01067","TOR_20260822_1_PA009","TOR_20260822_1","B013"
"P01068","TOR_20260822_1_PA009","TOR_20260822_1","B013"
"P01069","TOR_20260822_1_PA010","TOR_20260822_1","B004"
"P01070","TOR_20260822_1_PA010","TOR_20260822_1","B004"
"P01071","TOR_20260822_1_PA010","TOR_20260822_1","B004"
"P01072","TOR_20260822_1_PA011","TOR_20260822_1","B017"
"P01073","TOR_20260822_1_PA011","TOR_20260822_1","B017"
"P01074","TOR_20260822_1_PA011","TOR_20260822_1","B017"
"P01076","TOR_20260822_1_PA012","TOR_20260822_1","B001"
"P01077","TOR_20260822_1_PA012","TOR_20260822_1","B001"
"P01078","TOR_20260822_1_PA013","TOR_20260822_1","B009"
"P01079","TOR_20260822_1_PA013","TOR_20260822_1","B009"
"P01080","TOR_20260822_1_PA014","TOR_20260822_1","B012"
"P01081","TOR_20260822_1_PA014","TOR_20260822_1","B012"
"P01082","TOR_20260822_1_PA014","TOR_20260822_1","B012"
"P01083","TOR_20260822_1_PA014","TOR_20260822_1","B012"
"P01084","TOR_20260822_1_PA014","TOR_20260822_1","B012"
"P01085","TOR_20260822_1_PA015","TOR_20260822_1","B008"
"P01086","TOR_20260822_1_PA015","TOR_20260822_1","B008"
"P01087","TOR_20260822_1_PA016","TOR_20260822_1","B007"
"P01088","TOR_20260822_1_PA016","TOR_20260822_1","B007"
"P01089","TOR_20260822_1_PA016","TOR_20260822_1","B007"
"P01090","TOR_20260822_1_PA016","TOR_20260822_1","B007"
"P01091","TOR_20260822_1_PA016","TOR_20260822_1","B007"
"P01092","TOR_20260822_1_PA016","TOR_20260822_1","B007"
"P01093","TOR_20260822_1_PA016","TOR_20260822_1","B007"
"P01094","TOR_20260822_1_PA017","TOR_20260822_1","B005"
"P01095","TOR_20260822_1_PA017","TOR_20260822_1","B005"
"P01096","TOR_20260822_1_PA017","TOR_20260822_1","B005"
"P01097","TOR_20260822_1_PA017","TOR_20260822_1","B005"
"P01098","TOR_20260822_1_PA018","TOR_20260822_1","B013"
"P01099","TOR_20260822_1_PA018","TOR_20260822_1","B013"
"P01100","TOR_20260822_1_PA018","TOR_20260822_1","B013"
"P01101","TOR_20260822_1_PA018","TOR_20260822_1","B013"
"P01102","TOR_20260822_1_PA018","TOR_20260822_1","B013"
"P01103","TOR_20260822_1_PA019","TOR_20260822_1","B004"
"P01104","TOR_20260822_1_PA019","TOR_20260822_1","B004"
"P01105","TOR_20260822_1_PA019","TOR_20260822_1","B004"
"P01106","TOR_20260822_1_PA019","TOR_20260822_1","B004"
"P01108","TOR_20260822_1_PA019","TOR_20260822_1","B004"
"P01109","TOR_20260822_1_PA020","TOR_20260822_1","B017"
"P01110","TOR_20260822_1_PA020","TOR_20260822_1","B017"
"P01111","TOR_20260822_1_PA020","TOR_20260822_1","B017"
"P01112","TOR_20260822_1_PA020","TOR_20260822_1","B017"
"P01113","TOR_20260822_1_PA021","TOR_20260822_1","B001"
"P01114","TOR_20260822_1_PA021","TOR_20260822_1","B001"
"P01115","TOR_20260822_1_PA021","TOR_20260822_1","B001"
"P01116","TOR_20260822_1_PA021","TOR_20260822_1","B001"
"P01117","TOR_20260822_1_PA021","TOR_20260822_1","B001"
"P01118","TOR_20260822_1_PA021","TOR_20260822_1","B001"
"P01119","TOR_20260822_1_PA022","TOR_20260822_1","B009"
"P01120","TOR_20260822_1_PA022","TOR_20260822_1","B009"
"P01121","TOR_20260822_1_PA022","TOR_20260822_1","B009"
"P01122","TOR_20260822_1_PA022","TOR_20260822_1","B009"
"P01123","TOR_20260822_1_PA022","TOR_20260822_1","B009"
"P01124","TOR_20260822_1_PA023","TOR_20260822_1","B012"
"P01125","TOR_20260822_1_PA024","TOR_20260822_1","B008"
"P01126","TOR_20260822_1_PA024","TOR_20260822_1","B008"
"P01127","TOR_20260822_1_PA024","TOR_20260822_1","B008"
"P01128","TOR_20260822_1_PA025","TOR_20260822_1","B014"
"P01129","TOR_20260822_1_PA025","TOR_20260822_1","B014"
"P01130","TOR_20260822_1_PA025","TOR_20260822_1","B014"
"P01131","TOR_20260822_1_PA025","TOR_20260822_1","B014"
"P01132","TOR_20260822_1_PA026","TOR_20260822_1","B005"
"P01133","TOR_20260822_1_PA026","TOR_20260822_1","B005"
"P01134","TOR_20260822_1_PA026","TOR_20260822_1","B005"
"P01135","TOR_20260822_1_PA026","TOR_20260822_1","B005"
"P01136","TOR_20260822_1_PA026","TOR_20260822_1","B005"
"P01137","TOR_20260822_1_PA027","TOR_20260822_1","B013"
"P01138","TOR_20260822_1_PA028","TOR_20260822_1","B004"
"P01139","TOR_20260822_1_PA029","TOR_20260822_1","B017"
"P01140","TOR_20260822_1_PA029","TOR_20260822_1","B017"
"P01141","TOR_20260822_1_PA030","TOR_20260822_1","B001"
"P01142","TOR_20260822_1_PA030","TOR_20260822_1","B001"
"P01143","TOR_20260822_1_PA030","TOR_20260822_1","B001"
"P01144","TOR_20260822_1_PA031","TOR_20260822_1","B009"
"P01145","TOR_20260822_1_PA031","TOR_20260822_1","B009"
"P01146","TOR_20260822_1_PA031","TOR_20260822_1","B009"
"P01147","TOR_20260822_1_PA031","TOR_20260822_1","B009"
"P01148","TOR_20260822_1_PA031","TOR_20260822_1","B009"
"P01149","TOR_20260822_1_PA032","TOR_20260822_1","B012"
"P01150","TOR_20260822_1_PA032","TOR_20260822_1","B012"
"P01151","TOR_20260822_1_PA032","TOR_20260822_1","B012"
"P01152","TOR_20260822_1_PA032","TOR_20260822_1","B012"
"P01153","TOR_20260822_1_PA033","TOR_20260822_1","B008"
"P01154","TOR_20260822_1_PA033","TOR_20260822_1","B008"
"P01155","TOR_20260822_1_PA033","TOR_20260822_1","B008"
"P01157","TOR_20260822_1_PA033","TOR_20260822_1","B008"
"P01158","TOR_20260822_1_PA033","TOR_20260822_1","B008"
"P01159","TOR_20260822_1_PA034","TOR_20260822_1","B014"
"P01160","TOR_20260822_1_PA034","TOR_20260822_1","B014"
"P01161","TOR_20260822_1_PA034","TOR_20260822_1","B014"
"P01162","TOR_20260822_1_PA034","TOR_20260822_1","B014"
"P01164","TOR_20260822_1_PA035","TOR_20260822_1","B005"
"P01165","TOR_20260822_1_PA035","TOR_20260822_1","B005"
"P01166","TOR_20260822_1_PA035","TOR_20260822_1","B005"
"P01167","TOR_20260822_1_PA035","TOR_20260822_1","B005"
"P01168","TOR_20260822_1_PA036","TOR_20260822_1","B013"
"P01169","TOR_20260822_1_PA036","TOR_20260822_1","B013"
"P01170","TOR_20260822_1_PA037","TOR_20260822_1","B004"
"P01172","TOR_20260822_1_PA038","TOR_20260822_1","B017"
"P01173","TOR_20260822_1_PA038","TOR_20260822_1","B017"
"P01175","TOR_20260822_1_PA038","TOR_20260822_1","B017"
"P01176","TOR_20260822_1_PA038","TOR_20260822_1","B017"
"P01177","TOR_20260822_1_PA038","TOR_20260822_1","B017"
"P01178","TOR_20260822_1_PA039","TOR_20260822_1","B001"
"P01179","TOR_20260822_1_PA040","TOR_20260822_1","B009"
"P01180","TOR_20260822_1_PA040","TOR_20260822_1","B009"
"P01181","TOR_20260822_1_PA040","TOR_20260822_1","B009"
"P01182","TOR_20260822_1_PA040","TOR_20260822_1","B009"
"P01183","TOR_20260822_1_PA040","TOR_20260822_1","B009"
"P01184","TOR_20260822_1_PA040","TOR_20260822_1","B009"
"P01185","TOR_20260822_1_PA041","TOR_20260822_1","B012"
"P01186","TOR_20260822_1_PA041","TOR_20260822_1","B012"
"P01187","TOR_20260822_1_PA041","TOR_20260822_1","B012"
"P01188","TOR_20260822_1_PA041","TOR_20260822_1","B012"
"P01189","TOR_20260822_1_PA041","TOR_20260822_1","B012"
"P01190","TOR_20260822_1_PA041","TOR_20260822_1","B012"
"P01191","TOR_20260822_1_PA042","TOR_20260822_1","B008"
"P01192","TOR_20260822_1_PA042","TOR_20260822_1","B008"
"P01193","TOR_20260822_1_PA043","TOR_20260822_1","B014"
"P01194","TOR_20260822_1_PA043","TOR_20260822_1","B014"
"P01195","TOR_20260822_1_PA043","TOR_20260822_1","B014"
"P01196","TOR_20260822_1_PA043","TOR_20260822_1","B014"
"P01197","TOR_20260822_1_PA043","TOR_20260822_1","B014"
"P01198","TOR_20260822_1_PA043","TOR_20260822_1","B014"
"P01199","TOR_20260823_1_PA001","TOR_20260823_1","B004"
"P01200","TOR_20260823_1_PA001","TOR_20260823_1","B004"
"P01201","TOR_20260823_1_PA001","TOR_20260823_1","B004"
"P01202","TOR_20260823_1_PA001","TOR_20260823_1","B004"
"P01203","TOR_20260823_1_PA002","TOR_20260823_1","B017"
"P01204","TOR_20260823_1_PA002","TOR_20260823_1","B017"
"P01205","TOR_20260823_1_PA002","TOR_20260823_1","B017"
"P01206","TOR_20260823_1_PA003","TOR_20260823_1","B001"
"P01207","TOR_20260823_1_PA003","TOR_20260823_1","B001"
"P01208","TOR_20260823_1_PA004","TOR_20260823_1","B009"
"P01209","TOR_20260823_1_PA004","TOR_20260823_1","B009"
"P01210","TOR_20260823_1_PA004","TOR_20260823_1","B009"
"P01211","TOR_20260823_1_PA004","TOR_20260823_1","B009"
"P01212","TOR_20260823_1_PA004","TOR_20260823_1","B009"
"P01213","TOR_20260823_1_PA004","TOR_20260823_1","B009"
"P01214","TOR_20260823_1_PA004","TOR_20260823_1","B009"
"P01215","TOR_20260823_1_PA005","TOR_20260823_1","B012"
"P01216","TOR_20260823_1_PA005","TOR_20260823_1","B012"
"P01217","TOR_20260823_1_PA005","TOR_20260823_1","B012"
"P01218","TOR_20260823_1_PA005","TOR_20260823_1","B012"
"P01219","TOR_20260823_1_PA005","TOR_20260823_1","B012"
"P01221","TOR_20260823_1_PA006","TOR_20260823_1","B008"
"P01222","TOR_20260823_1_PA006","TOR_20260823_1","B008"
"P01223","TOR_20260823_1_PA007","TOR_20260823_1","B007"
"P01224","TOR_20260823_1_PA007","TOR_20260823_1","B007"
"P01225","TOR_20260823_1_PA007","TOR_20260823_1","B007"
"P01226","TOR_20260823_1_PA008","TOR_20260823_1","B005"
"P01227","TOR_20260823_1_PA008","TOR_20260823_1","B005"
"P01228","TOR_20260823_1_PA008","TOR_20260823_1","B005"
"P01229","TOR_20260823_1_PA008","TOR_20260823_1","B005"
"P01230","TOR_20260823_1_PA009","TOR_20260823_1","B013"
"P01231","TOR_20260823_1_PA009","TOR_20260823_1","B013"
"P01232","TOR_20260823_1_PA009","TOR_20260823_1","B013"
"P01233","TOR_20260823_1_PA009","TOR_20260823_1","B013"
"P01234","TOR_20260823_1_PA010","TOR_20260823_1","B004"
"P01235","TOR_20260823_1_PA010","TOR_20260823_1","B004"
"P01236","TOR_20260823_1_PA010","TOR_20260823_1","B004"
"P01237","TOR_20260823_1_PA010","TOR_20260823_1","B004"
"P01238","TOR_20260823_1_PA010","TOR_20260823_1","B004"
"P01239","TOR_20260823_1_PA010","TOR_20260823_1","B004"
"P01240","TOR_20260823_1_PA011","TOR_20260823_1","B017"
"P01241","TOR_20260823_1_PA011","TOR_20260823_1","B017"
"P01242","TOR_20260823_1_PA011","TOR_20260823_1","B017"
"P01243","TOR_20260823_1_PA011","TOR_20260823_1","B017"
"P01244","TOR_20260823_1_PA012","TOR_20260823_1","B001"
"P01245","TOR_20260823_1_PA012","TOR_20260823_1","B001"
"P01246","TOR_20260823_1_PA012","TOR_20260823_1","B001"
"P01247","TOR_20260823_1_PA012","TOR_20260823_1","B001"
"P01248","TOR_20260823_1_PA012","TOR_20260823_1","B001"
"P01249","TOR_20260823_1_PA012","TOR_20260823_1","B001"
"P01250","TOR_20260823_1_PA012","TOR_20260823_1","B001"
"P01251","TOR_20260823_1_PA013","TOR_20260823_1","B009"
"P01252","TOR_20260823_1_PA013","TOR_20260823_1","B009"
"P01253","TOR_20260823_1_PA013","TOR_20260823_1","B009"
"P01254","TOR_20260823_1_PA013","TOR_20260823_1","B009"
"P01255","TOR_20260823_1_PA014","TOR_20260823_1","B012"
"P01256","TOR_20260823_1_PA014","TOR_20260823_1","B012"
"P01257","TOR_20260823_1_PA014","TOR_20260823_1","B012"
"P01258","TOR_20260823_1_PA014","TOR_20260823_1","B012"
"P01259","TOR_20260823_1_PA014","TOR_20260823_1","B012"
"P01260","TOR_20260823_1_PA015","TOR_20260823_1","B008"
"P01261","TOR_20260823_1_PA015","TOR_20260823_1","B008"
"P01262","TOR_20260823_1_PA015","TOR_20260823_1","B008"
"P01263","TOR_20260823_1_PA016","TOR_20260823_1","B007"
"P01264","TOR_20260823_1_PA016","TOR_20260823_1","B007"
"P01265","TOR_20260823_1_PA016","TOR_20260823_1","B007"
"P01266","TOR_20260823_1_PA016","TOR_20260823_1","B007"
"P01267","TOR_20260823_1_PA016","TOR_20260823_1","B007"
"P01268","TOR_20260823_1_PA016","TOR_20260823_1","B007"
"P01269","TOR_20260823_1_PA016","TOR_20260823_1","B007"
"P01270","TOR_20260823_1_PA017","TOR_20260823_1","B005"
"P01271","TOR_20260823_1_PA017","TOR_20260823_1","B005"
"P01272","TOR_20260823_1_PA017","TOR_20260823_1","B005"
"P01274","TOR_20260823_1_PA017","TOR_20260823_1","B005"
"P01275","TOR_20260823_1_PA018","TOR_20260823_1","B013"
"P01276","TOR_20260823_1_PA018","TOR_20260823_1","B013"
"P01277","TOR_20260823_1_PA018","TOR_20260823_1","B013"
"P01278","TOR_20260823_1_PA019","TOR_20260823_1","B004"
"P01279","TOR_20260823_1_PA019","TOR_20260823_1","B004"
"P01280","TOR_20260823_1_PA019","TOR_20260823_1","B004"
"P01281","TOR_20260823_1_PA020","TOR_20260823_1","B017"
"P01282","TOR_20260823_1_PA020","TOR_20260823_1","B017"
"P01283","TOR_20260823_1_PA020","TOR_20260823_1","B017"
"P01284","TOR_20260823_1_PA021","TOR_20260823_1","B001"
"P01285","TOR_20260823_1_PA021","TOR_20260823_1","B001"
"P01286","TOR_20260823_1_PA021","TOR_20260823_1","B001"
"P01287","TOR_20260823_1_PA021","TOR_20260823_1","B001"
"P01288","TOR_20260823_1_PA021","TOR_20260823_1","B001"
"P01289","TOR_20260823_1_PA021","TOR_20260823_1","B001"
"P01290","TOR_20260823_1_PA022","TOR_20260823_1","B009"
"P01291","TOR_20260823_1_PA022","TOR_20260823_1","B009"
"P01292","TOR_20260823_1_PA022","TOR_20260823_1","B009"
"P01293","TOR_20260823_1_PA022","TOR_20260823_1","B009"
"P01294","TOR_20260823_1_PA022","TOR_20260823_1","B009"
"P01295","TOR_20260823_1_PA023","TOR_20260823_1","B012"
"P01296","TOR_20260823_1_PA023","TOR_20260823_1","B012"
"P01297","TOR_20260823_1_PA023","TOR_20260823_1","B012"
"P01298","TOR_20260823_1_PA023","TOR_20260823_1","B012"
"P01299","TOR_20260823_1_PA023","TOR_20260823_1","B012"
"P01300","TOR_20260823_1_PA024","TOR_20260823_1","B008"
"P01301","TOR_20260823_1_PA024","TOR_20260823_1","B008"
"P01302","TOR_20260823_1_PA025","TOR_20260823_1","B007"
"P01303","TOR_20260823_1_PA025","TOR_20260823_1","B007"
"P01304","TOR_20260823_1_PA026","TOR_20260823_1","B005"
"P01305","TOR_20260823_1_PA026","TOR_20260823_1","B005"
"P01306","TOR_20260823_1_PA026","TOR_20260823_1","B005"
"P01307","TOR_20260823_1_PA026","TOR_20260823_1","B005"
"P01308","TOR_20260823_1_PA027","TOR_20260823_1","B013"
"P01309","TOR_20260823_1_PA027","TOR_20260823_1","B013"
"P01310","TOR_20260823_1_PA027","TOR_20260823_1","B013"
"P01311","TOR_20260823_1_PA027","TOR_20260823_1","B013"
"P01312","TOR_20260823_1_PA028","TOR_20260823_1","B004"
"P01313","TOR_20260823_1_PA028","TOR_20260823_1","B004"
"P01314","TOR_20260823_1_PA028","TOR_20260823_1","B004"
"P01315","TOR_20260823_1_PA028","TOR_20260823_1","B004"
"P01316","TOR_20260823_1_PA028","TOR_20260823_1","B004"
"P01317","TOR_20260823_1_PA029","TOR_20260823_1","B017"
"P01318","TOR_20260823_1_PA029","TOR_20260823_1","B017"
"P01319","TOR_20260823_1_PA029","TOR_20260823_1","B017"
"P01320","TOR_20260823_1_PA029","TOR_20260823_1","B017"
"P01321","TOR_20260823_1_PA029","TOR_20260823_1","B017"
"P01322","TOR_20260823_1_PA030","TOR_20260823_1","B001"
"P01323","TOR_20260823_1_PA030","TOR_20260823_1","B001"
"P01324","TOR_20260823_1_PA030","TOR_20260823_1","B001"
"P01325","TOR_20260823_1_PA030","TOR_20260823_1","B001"
"P01326","TOR_20260823_1_PA031","TOR_20260823_1","B009"
"P01327","TOR_20260823_1_PA031","TOR_20260823_1","B009"
"P01328","TOR_20260823_1_PA032","TOR_20260823_1","B012"
"P01329","TOR_20260823_1_PA032","TOR_20260823_1","B012"
"P01330","TOR_20260823_1_PA032","TOR_20260823_1","B012"
"P01331","TOR_20260823_1_PA032","TOR_20260823_1","B012"
"P01332","TOR_20260823_1_PA033","TOR_20260823_1","B008"
"P01333","TOR_20260823_1_PA033","TOR_20260823_1","B008"
"P01334","TOR_20260823_1_PA034","TOR_20260823_1","B007"
"P01335","TOR_20260823_1_PA034","TOR_20260823_1","B007"
"P01336","TOR_20260823_1_PA034","TOR_20260823_1","B007"
"P01337","TOR_20260823_1_PA034","TOR_20260823_1","B007"
"P01338","TOR_20260823_1_PA035","TOR_20260823_1","B005"
"P01339","TOR_20260823_1_PA035","TOR_20260823_1","B005"
"P01340","TOR_20260823_1_PA035","TOR_20260823_1","B005"
"P01341","TOR_20260823_1_PA035","TOR_20260823_1","B005"
"P01342","TOR_20260823_1_PA035","TOR_20260823_1","B005"
"P01343","TOR_20260825_1_PA001","TOR_20260825_1","B004"
"P01344","TOR_20260825_1_PA001","TOR_20260825_1","B004"
"P01345","TOR_20260825_1_PA001","TOR_20260825_1","B004"
"P01346","TOR_20260825_1_PA001","TOR_20260825_1","B004"
"P01347","TOR_20260825_1_PA001","TOR_20260825_1","B004"
"P01348","TOR_20260825_1_PA001","TOR_20260825_1","B004"
"P01349","TOR_20260825_1_PA001","TOR_20260825_1","B004"
"P01350","TOR_20260825_1_PA002","TOR_20260825_1","B014"
"P01351","TOR_20260825_1_PA002","TOR_20260825_1","B014"
"P01352","TOR_20260825_1_PA002","TOR_20260825_1","B014"
"P01353","TOR_20260825_1_PA002","TOR_20260825_1","B014"
"P01354","TOR_20260825_1_PA002","TOR_20260825_1","B014"
"P01355","TOR_20260825_1_PA002","TOR_20260825_1","B014"
"P01356","TOR_20260825_1_PA003","TOR_20260825_1","B017"
"P01357","TOR_20260825_1_PA003","TOR_20260825_1","B017"
"P01358","TOR_20260825_1_PA004","TOR_20260825_1","B012"
"P01359","TOR_20260825_1_PA004","TOR_20260825_1","B012"
"P01360","TOR_20260825_1_PA004","TOR_20260825_1","B012"
"P01361","TOR_20260825_1_PA004","TOR_20260825_1","B012"
"P01362","TOR_20260825_1_PA004","TOR_20260825_1","B012"
"P01363","TOR_20260825_1_PA004","TOR_20260825_1","B012"
"P01364","TOR_20260825_1_PA005","TOR_20260825_1","B010"
"P01365","TOR_20260825_1_PA005","TOR_20260825_1","B010"
"P01366","TOR_20260825_1_PA006","TOR_20260825_1","B008"
"P01367","TOR_20260825_1_PA006","TOR_20260825_1","B008"
"P01368","TOR_20260825_1_PA006","TOR_20260825_1","B008"
"P01369","TOR_20260825_1_PA006","TOR_20260825_1","B008"
"P01370","TOR_20260825_1_PA007","TOR_20260825_1","B002"
"P01371","TOR_20260825_1_PA008","TOR_20260825_1","B003"
"P01372","TOR_20260825_1_PA008","TOR_20260825_1","B003"
"P01373","TOR_20260825_1_PA008","TOR_20260825_1","B003"
"P01374","TOR_20260825_1_PA008","TOR_20260825_1","B003"
"P01375","TOR_20260825_1_PA009","TOR_20260825_1","B013"
"P01376","TOR_20260825_1_PA009","TOR_20260825_1","B013"
"P01377","TOR_20260825_1_PA009","TOR_20260825_1","B013"
"P01378","TOR_20260825_1_PA009","TOR_20260825_1","B013"
"P01379","TOR_20260825_1_PA009","TOR_20260825_1","B013"
"P01380","TOR_20260825_1_PA009","TOR_20260825_1","B013"
"P01381","TOR_20260825_1_PA010","TOR_20260825_1","B004"
"P01382","TOR_20260825_1_PA010","TOR_20260825_1","B004"
"P01383","TOR_20260825_1_PA010","TOR_20260825_1","B004"
"P01384","TOR_20260825_1_PA010","TOR_20260825_1","B004"
"P01385","TOR_20260825_1_PA010","TOR_20260825_1","B004"
"P01386","TOR_20260825_1_PA011","TOR_20260825_1","B014"
"P01387","TOR_20260825_1_PA011","TOR_20260825_1","B014"
"P01388","TOR_20260825_1_PA012","TOR_20260825_1","B017"
"P01389","TOR_20260825_1_PA012","TOR_20260825_1","B017"
"P01390","TOR_20260825_1_PA013","TOR_20260825_1","B012"
"P01391","TOR_20260825_1_PA013","TOR_20260825_1","B012"
"P01392","TOR_20260825_1_PA013","TOR_20260825_1","B012"
"P01393","TOR_20260825_1_PA013","TOR_20260825_1","B012"
"P01394","TOR_20260825_1_PA013","TOR_20260825_1","B012"
"P01395","TOR_20260825_1_PA013","TOR_20260825_1","B012"
"P01396","TOR_20260825_1_PA014","TOR_20260825_1","B010"
"P01397","TOR_20260825_1_PA014","TOR_20260825_1","B010"
"P01398","TOR_20260825_1_PA014","TOR_20260825_1","B010"
"P01399","TOR_20260825_1_PA014","TOR_20260825_1","B010"
"P01400","TOR_20260825_1_PA014","TOR_20260825_1","B010"
"P01401","TOR_20260825_1_PA014","TOR_20260825_1","B010"
"P01402","TOR_20260825_1_PA015","TOR_20260825_1","B008"
"P01403","TOR_20260825_1_PA015","TOR_20260825_1","B008"
"P01404","TOR_20260825_1_PA015","TOR_20260825_1","B008"
"P01405","TOR_20260825_1_PA015","TOR_20260825_1","B008"
"P01406","TOR_20260825_1_PA015","TOR_20260825_1","B008"
"P01407","TOR_20260825_1_PA016","TOR_20260825_1","B002"
"P01408","TOR_20260825_1_PA016","TOR_20260825_1","B002"
"P01409","TOR_20260825_1_PA017","TOR_20260825_1","B003"
"P01410","TOR_20260825_1_PA017","TOR_20260825_1","B003"
"P01411","TOR_20260825_1_PA017","TOR_20260825_1","B003"
"P01412","TOR_20260825_1_PA017","TOR_20260825_1","B003"
"P01413","TOR_20260825_1_PA017","TOR_20260825_1","B003"
"P01414","TOR_20260825_1_PA018","TOR_20260825_1","B013"
"P01415","TOR_20260825_1_PA018","TOR_20260825_1","B013"
"P01416","TOR_20260825_1_PA018","TOR_20260825_1","B013"
"P01417","TOR_20260825_1_PA018","TOR_20260825_1","B013"
"P01418","TOR_20260825_1_PA018","TOR_20260825_1","B013"
"P01419","TOR_20260825_1_PA018","TOR_20260825_1","B013"
"P01420","TOR_20260825_1_PA019","TOR_20260825_1","B004"
"P01421","TOR_20260825_1_PA019","TOR_20260825_1","B004"
"P01422","TOR_20260825_1_PA019","TOR_20260825_1","B004"
"P01423","TOR_20260825_1_PA019","TOR_20260825_1","B004"
"P01424","TOR_20260825_1_PA020","TOR_20260825_1","B014"
"P01425","TOR_20260825_1_PA020","TOR_20260825_1","B014"
"P01426","TOR_20260825_1_PA020","TOR_20260825_1","B014"
"P01427","TOR_20260825_1_PA020","TOR_20260825_1","B014"
"P01428","TOR_20260825_1_PA020","TOR_20260825_1","B014"
"P01429","TOR_20260825_1_PA020","TOR_20260825_1","B014"
"P01430","TOR_20260825_1_PA021","TOR_20260825_1","B017"
"P01431","TOR_20260825_1_PA022","TOR_20260825_1","B012"
"P01432","TOR_20260825_1_PA022","TOR_20260825_1","B012"
"P01433","TOR_20260825_1_PA022","TOR_20260825_1","B012"
"P01434","TOR_20260825_1_PA022","TOR_20260825_1","B012"
"P01435","TOR_20260825_1_PA022","TOR_20260825_1","B012"
"P01436","TOR_20260825_1_PA022","TOR_20260825_1","B012"
"P01437","TOR_20260825_1_PA023","TOR_20260825_1","B010"
"P01438","TOR_20260825_1_PA023","TOR_20260825_1","B010"
"P01439","TOR_20260825_1_PA023","TOR_20260825_1","B010"
"P01440","TOR_20260825_1_PA023","TOR_20260825_1","B010"
"P01441","TOR_20260825_1_PA023","TOR_20260825_1","B010"
"P01442","TOR_20260825_1_PA024","TOR_20260825_1","B008"
"P01443","TOR_20260825_1_PA024","TOR_20260825_1","B008"
"P01444","TOR_20260825_1_PA025","TOR_20260825_1","B002"
"P01445","TOR_20260825_1_PA025","TOR_20260825_1","B002"
"P01446","TOR_20260825_1_PA025","TOR_20260825_1","B002"
"P01447","TOR_20260825_1_PA025","TOR_20260825_1","B002"
"P01448","TOR_20260825_1_PA025","TOR_20260825_1","B002"
"P01449","TOR_20260825_1_PA026","TOR_20260825_1","B001"
"P01450","TOR_20260825_1_PA026","TOR_20260825_1","B001"
"P01451","TOR_20260825_1_PA026","TOR_20260825_1","B001"
"P01452","TOR_20260825_1_PA026","TOR_20260825_1","B001"
"P01453","TOR_20260825_1_PA027","TOR_20260825_1","B009"
"P01454","TOR_20260825_1_PA028","TOR_20260825_1","B004"
"P01455","TOR_20260825_1_PA028","TOR_20260825_1","B004"
"P01456","TOR_20260825_1_PA028","TOR_20260825_1","B004"
"P01457","TOR_20260825_1_PA028","TOR_20260825_1","B004"
"P01458","TOR_20260825_1_PA028","TOR_20260825_1","B004"
"P01459","TOR_20260825_1_PA029","TOR_20260825_1","B014"
"P01460","TOR_20260825_1_PA029","TOR_20260825_1","B014"
"P01461","TOR_20260825_1_PA029","TOR_20260825_1","B014"
"P01462","TOR_20260825_1_PA029","TOR_20260825_1","B014"
"P01463","TOR_20260825_1_PA029","TOR_20260825_1","B014"
"P01464","TOR_20260825_1_PA030","TOR_20260825_1","B017"
"P01465","TOR_20260825_1_PA030","TOR_20260825_1","B017"
"P01466","TOR_20260825_1_PA030","TOR_20260825_1","B017"
"P01467","TOR_20260825_1_PA030","TOR_20260825_1","B017"
"P01468","TOR_20260825_1_PA030","TOR_20260825_1","B017"
"P01469","TOR_20260825_1_PA031","TOR_20260825_1","B012"
"P01470","TOR_20260825_1_PA031","TOR_20260825_1","B012"
"P01471","TOR_20260825_1_PA032","TOR_20260825_1","B010"
"P01472","TOR_20260825_1_PA032","TOR_20260825_1","B010"
"P01473","TOR_20260825_1_PA033","TOR_20260825_1","B008"
"P01474","TOR_20260825_1_PA033","TOR_20260825_1","B008"
"P01475","TOR_20260825_1_PA033","TOR_20260825_1","B008"
"P01476","TOR_20260825_1_PA033","TOR_20260825_1","B008"
"P01477","TOR_20260825_1_PA033","TOR_20260825_1","B008"
"P01478","TOR_20260825_1_PA033","TOR_20260825_1","B008"
"P01479","TOR_20260825_1_PA034","TOR_20260825_1","B002"
"P01480","TOR_20260825_1_PA035","TOR_20260825_1","B001"
"P01481","TOR_20260825_1_PA035","TOR_20260825_1","B001"
"P01482","TOR_20260825_1_PA035","TOR_20260825_1","B001"
"P01483","TOR_20260825_1_PA035","TOR_20260825_1","B001"
"P01484","TOR_20260825_1_PA035","TOR_20260825_1","B001"
"P01485","TOR_20260825_1_PA036","TOR_20260825_1","B007"
"P01486","TOR_20260825_1_PA036","TOR_20260825_1","B007"
"P01487","TOR_20260825_1_PA037","TOR_20260825_1","B004"
"P01488","TOR_20260825_1_PA037","TOR_20260825_1","B004"
"P01489","TOR_20260825_1_PA038","TOR_20260825_1","B014"
"P01490","TOR_20260825_1_PA038","TOR_20260825_1","B014"
"P01491","TOR_20260826_1_PA001","TOR_20260826_1","B004"
"P01492","TOR_20260826_1_PA001","TOR_20260826_1","B004"
"P01493","TOR_20260826_1_PA001","TOR_20260826_1","B004"
"P01494","TOR_20260826_1_PA001","TOR_20260826_1","B004"
"P01495","TOR_20260826_1_PA001","TOR_20260826_1","B004"
"P01496","TOR_20260826_1_PA001","TOR_20260826_1","B004"
"P01497","TOR_20260826_1_PA002","TOR_20260826_1","B017"
"P01498","TOR_20260826_1_PA002","TOR_20260826_1","B017"
"P01499","TOR_20260826_1_PA002","TOR_20260826_1","B017"
"P01500","TOR_20260826_1_PA002","TOR_20260826_1","B017"
"P01501","TOR_20260826_1_PA002","TOR_20260826_1","B017"
"P01502","TOR_20260826_1_PA003","TOR_20260826_1","B001"
"P01503","TOR_20260826_1_PA003","TOR_20260826_1","B001"
"P01504","TOR_20260826_1_PA003","TOR_20260826_1","B001"
"P01505","TOR_20260826_1_PA003","TOR_20260826_1","B001"
"P01506","TOR_20260826_1_PA003","TOR_20260826_1","B001"
"P01507","TOR_20260826_1_PA003","TOR_20260826_1","B001"
"P01508","TOR_20260826_1_PA004","TOR_20260826_1","B009"
"P01509","TOR_20260826_1_PA004","TOR_20260826_1","B009"
"P01510","TOR_20260826_1_PA004","TOR_20260826_1","B009"
"P01511","TOR_20260826_1_PA005","TOR_20260826_1","B010"
"P01512","TOR_20260826_1_PA005","TOR_20260826_1","B010"
"P01513","TOR_20260826_1_PA006","TOR_20260826_1","B012"
"P01514","TOR_20260826_1_PA006","TOR_20260826_1","B012"
"P01515","TOR_20260826_1_PA006","TOR_20260826_1","B012"
"P01516","TOR_20260826_1_PA007","TOR_20260826_1","B014"
"P01517","TOR_20260826_1_PA007","TOR_20260826_1","B014"
"P01518","TOR_20260826_1_PA008","TOR_20260826_1","B008"
"P01519","TOR_20260826_1_PA008","TOR_20260826_1","B008"
"P01520","TOR_20260826_1_PA008","TOR_20260826_1","B008"
"P01521","TOR_20260826_1_PA008","TOR_20260826_1","B008"
"P01522","TOR_20260826_1_PA008","TOR_20260826_1","B008"
"P01523","TOR_20260826_1_PA008","TOR_20260826_1","B008"
"P01524","TOR_20260826_1_PA009","TOR_20260826_1","B002"
"P01525","TOR_20260826_1_PA009","TOR_20260826_1","B002"
"P01526","TOR_20260826_1_PA009","TOR_20260826_1","B002"
"P01527","TOR_20260826_1_PA009","TOR_20260826_1","B002"
"P01528","TOR_20260826_1_PA010","TOR_20260826_1","B004"
"P01529","TOR_20260826_1_PA010","TOR_20260826_1","B004"
"P01530","TOR_20260826_1_PA011","TOR_20260826_1","B017"
"P01531","TOR_20260826_1_PA011","TOR_20260826_1","B017"
"P01532","TOR_20260826_1_PA012","TOR_20260826_1","B001"
"P01533","TOR_20260826_1_PA012","TOR_20260826_1","B001"
"P01534","TOR_20260826_1_PA013","TOR_20260826_1","B009"
"P01535","TOR_20260826_1_PA013","TOR_20260826_1","B009"
"P01536","TOR_20260826_1_PA013","TOR_20260826_1","B009"
"P01537","TOR_20260826_1_PA014","TOR_20260826_1","B010"
"P01538","TOR_20260826_1_PA014","TOR_20260826_1","B010"
"P01539","TOR_20260826_1_PA014","TOR_20260826_1","B010"
"P01540","TOR_20260826_1_PA014","TOR_20260826_1","B010"
"P01541","TOR_20260826_1_PA014","TOR_20260826_1","B010"
"P01542","TOR_20260826_1_PA015","TOR_20260826_1","B012"
"P01543","TOR_20260826_1_PA015","TOR_20260826_1","B012"
"P01544","TOR_20260826_1_PA015","TOR_20260826_1","B012"
"P01545","TOR_20260826_1_PA015","TOR_20260826_1","B012"
"P01546","TOR_20260826_1_PA015","TOR_20260826_1","B012"
"P01547","TOR_20260826_1_PA015","TOR_20260826_1","B012"
"P01548","TOR_20260826_1_PA016","TOR_20260826_1","B014"
"P01549","TOR_20260826_1_PA016","TOR_20260826_1","B014"
"P01550","TOR_20260826_1_PA017","TOR_20260826_1","B008"
"P01551","TOR_20260826_1_PA018","TOR_20260826_1","B002"
"P01552","TOR_20260826_1_PA018","TOR_20260826_1","B002"
"P01553","TOR_20260826_1_PA018","TOR_20260826_1","B002"
"P01554","TOR_20260826_1_PA018","TOR_20260826_1","B002"
"P01555","TOR_20260826_1_PA019","TOR_20260826_1","B004"
"P01556","TOR_20260826_1_PA019","TOR_20260826_1","B004"
"P01557","TOR_20260826_1_PA019","TOR_20260826_1","B004"
"P01558","TOR_20260826_1_PA019","TOR_20260826_1","B004"
"P01559","TOR_20260826_1_PA020","TOR_20260826_1","B017"
"P01560","TOR_20260826_1_PA020","TOR_20260826_1","B017"
"P01561","TOR_20260826_1_PA020","TOR_20260826_1","B017"
"P01562","TOR_20260826_1_PA020","TOR_20260826_1","B017"
"P01563","TOR_20260826_1_PA020","TOR_20260826_1","B017"
"P01564","TOR_20260826_1_PA021","TOR_20260826_1","B001"
"P01565","TOR_20260826_1_PA021","TOR_20260826_1","B001"
"P01566","TOR_20260826_1_PA022","TOR_20260826_1","B009"
"P01567","TOR_20260826_1_PA022","TOR_20260826_1","B009"
"P01568","TOR_20260826_1_PA023","TOR_20260826_1","B010"
"P01569","TOR_20260826_1_PA023","TOR_20260826_1","B010"
"P01570","TOR_20260826_1_PA023","TOR_20260826_1","B010"
"P01571","TOR_20260826_1_PA024","TOR_20260826_1","B012"
"P01572","TOR_20260826_1_PA024","TOR_20260826_1","B012"
"P01573","TOR_20260826_1_PA024","TOR_20260826_1","B012"
"P01574","TOR_20260826_1_PA024","TOR_20260826_1","B012"
"P01575","TOR_20260826_1_PA024","TOR_20260826_1","B012"
"P01576","TOR_20260826_1_PA024","TOR_20260826_1","B012"
"P01577","TOR_20260826_1_PA025","TOR_20260826_1","B014"
"P01578","TOR_20260826_1_PA025","TOR_20260826_1","B014"
"P01579","TOR_20260826_1_PA025","TOR_20260826_1","B014"
"P01580","TOR_20260826_1_PA025","TOR_20260826_1","B014"
"P01581","TOR_20260826_1_PA025","TOR_20260826_1","B014"
"P01582","TOR_20260826_1_PA025","TOR_20260826_1","B014"
"P01583","TOR_20260826_1_PA026","TOR_20260826_1","B008"
"P01584","TOR_20260826_1_PA026","TOR_20260826_1","B008"
"P01585","TOR_20260826_1_PA026","TOR_20260826_1","B008"
"P01586","TOR_20260826_1_PA027","TOR_20260826_1","B002"
"P01587","TOR_20260826_1_PA027","TOR_20260826_1","B002"
"P01588","TOR_20260826_1_PA028","TOR_20260826_1","B004"
"P01589","TOR_20260826_1_PA028","TOR_20260826_1","B004"
"P01590","TOR_20260826_1_PA028","TOR_20260826_1","B004"
"P01592","TOR_20260826_1_PA028","TOR_20260826_1","B004"
"P01593","TOR_20260826_1_PA028","TOR_20260826_1","B004"
"P01594","TOR_20260826_1_PA029","TOR_20260826_1","B017"
"P01595","TOR_20260826_1_PA030","TOR_20260826_1","B001"
"P01596","TOR_20260826_1_PA030","TOR_20260826_1","B001"
"P01597","TOR_20260826_1_PA030","TOR_20260826_1","B001"
"P01598","TOR_20260826_1_PA031","TOR_20260826_1","B009"
"P01599","TOR_20260826_1_PA031","TOR_20260826_1","B009"
"P01600","TOR_20260827_1_PA001","TOR_20260827_1","B005"
"P01601","TOR_20260827_1_PA001","TOR_20260827_1","B005"
"P01602","TOR_20260827_1_PA001","TOR_20260827_1","B005"
"P01603","TOR_20260827_1_PA002","TOR_20260827_1","B017"
"P01604","TOR_20260827_1_PA002","TOR_20260827_1","B017"
"P01605","TOR_20260827_1_PA002","TOR_20260827_1","B017"
"P01606","TOR_20260827_1_PA002","TOR_20260827_1","B017"
"P01607","TOR_20260827_1_PA003","TOR_20260827_1","B001"
"P01608","TOR_20260827_1_PA003","TOR_20260827_1","B001"
"P01609","TOR_20260827_1_PA003","TOR_20260827_1","B001"
"P01610","TOR_20260827_1_PA003","TOR_20260827_1","B001"
"P01611","TOR_20260827_1_PA004","TOR_20260827_1","B009"
"P01612","TOR_20260827_1_PA004","TOR_20260827_1","B009"
"P01614","TOR_20260827_1_PA004","TOR_20260827_1","B009"
"P01615","TOR_20260827_1_PA004","TOR_20260827_1","B009"
"P01616","TOR_20260827_1_PA004","TOR_20260827_1","B009"
"P01617","TOR_20260827_1_PA004","TOR_20260827_1","B009"
"P01618","TOR_20260827_1_PA005","TOR_20260827_1","B012"
"P01619","TOR_20260827_1_PA006","TOR_20260827_1","B008"
"P01620","TOR_20260827_1_PA006","TOR_20260827_1","B008"
"P01621","TOR_20260827_1_PA006","TOR_20260827_1","B008"
"P01622","TOR_20260827_1_PA007","TOR_20260827_1","B007"
"P01623","TOR_20260827_1_PA007","TOR_20260827_1","B007"
"P01624","TOR_20260827_1_PA007","TOR_20260827_1","B007"
"P01625","TOR_20260827_1_PA007","TOR_20260827_1","B007"
"P01626","TOR_20260827_1_PA007","TOR_20260827_1","B007"
"P01627","TOR_20260827_1_PA008","TOR_20260827_1","B013"
"P01628","TOR_20260827_1_PA008","TOR_20260827_1","B013"
"P01629","TOR_20260827_1_PA008","TOR_20260827_1","B013"
"P01630","TOR_20260827_1_PA008","TOR_20260827_1","B013"
"P01631","TOR_20260827_1_PA008","TOR_20260827_1","B013"
"P01632","TOR_20260827_1_PA008","TOR_20260827_1","B013"
"P01633","TOR_20260827_1_PA009","TOR_20260827_1","B014"
"P01634","TOR_20260827_1_PA009","TOR_20260827_1","B014"
"P01635","TOR_20260827_1_PA010","TOR_20260827_1","B005"
"P01636","TOR_20260827_1_PA010","TOR_20260827_1","B005"
"P01637","TOR_20260827_1_PA010","TOR_20260827_1","B005"
"P01638","TOR_20260827_1_PA010","TOR_20260827_1","B005"
"P01639","TOR_20260827_1_PA011","TOR_20260827_1","B017"
"P01640","TOR_20260827_1_PA011","TOR_20260827_1","B017"
"P01641","TOR_20260827_1_PA011","TOR_20260827_1","B017"
"P01642","TOR_20260827_1_PA011","TOR_20260827_1","B017"
"P01643","TOR_20260827_1_PA011","TOR_20260827_1","B017"
"P01644","TOR_20260827_1_PA011","TOR_20260827_1","B017"
"P01645","TOR_20260827_1_PA012","TOR_20260827_1","B001"
"P01646","TOR_20260827_1_PA012","TOR_20260827_1","B001"
"P01647","TOR_20260827_1_PA013","TOR_20260827_1","B009"
"P01648","TOR_20260827_1_PA014","TOR_20260827_1","B001"
"P01649","TOR_20260827_1_PA014","TOR_20260827_1","B001"
"P01650","TOR_20260827_1_PA015","TOR_20260827_1","B008"
"P01651","TOR_20260827_1_PA015","TOR_20260827_1","B008"
"P01652","TOR_20260827_1_PA015","TOR_20260827_1","B008"
"P01653","TOR_20260827_1_PA016","TOR_20260827_1","B007"
"P01654","TOR_20260827_1_PA017","TOR_20260827_1","B013"
"P01655","TOR_20260827_1_PA017","TOR_20260827_1","B013"
"P01656","TOR_20260827_1_PA017","TOR_20260827_1","B013"
"P01657","TOR_20260827_1_PA018","TOR_20260827_1","B014"
"P01658","TOR_20260827_1_PA018","TOR_20260827_1","B014"
"P01659","TOR_20260827_1_PA018","TOR_20260827_1","B014"
"P01660","TOR_20260827_1_PA018","TOR_20260827_1","B014"
"P01661","TOR_20260827_1_PA019","TOR_20260827_1","B005"
"P01662","TOR_20260827_1_PA019","TOR_20260827_1","B005"
"P01663","TOR_20260827_1_PA019","TOR_20260827_1","B005"
"P01664","TOR_20260827_1_PA019","TOR_20260827_1","B005"
"P01665","TOR_20260827_1_PA020","TOR_20260827_1","B017"
"P01666","TOR_20260827_1_PA020","TOR_20260827_1","B017"
"P01667","TOR_20260827_1_PA020","TOR_20260827_1","B017"
"P01668","TOR_20260827_1_PA021","TOR_20260827_1","B001"
"P01669","TOR_20260827_1_PA021","TOR_20260827_1","B001"
"P01670","TOR_20260827_1_PA021","TOR_20260827_1","B001"
"P01671","TOR_20260827_1_PA022","TOR_20260827_1","B009"
"P01672","TOR_20260827_1_PA023","TOR_20260827_1","B012"
"P01673","TOR_20260827_1_PA023","TOR_20260827_1","B012"
"P01674","TOR_20260827_1_PA023","TOR_20260827_1","B012"
"P01675","TOR_20260827_1_PA023","TOR_20260827_1","B012"
"P01676","TOR_20260827_1_PA024","TOR_20260827_1","B008"
"P01677","TOR_20260827_1_PA024","TOR_20260827_1","B008"
"P01678","TOR_20260827_1_PA024","TOR_20260827_1","B008"
"P01679","TOR_20260827_1_PA025","TOR_20260827_1","B007"
"P01680","TOR_20260827_1_PA025","TOR_20260827_1","B007"
"P01681","TOR_20260827_1_PA026","TOR_20260827_1","B013"
"P01682","TOR_20260827_1_PA026","TOR_20260827_1","B013"
"P01684","TOR_20260827_1_PA026","TOR_20260827_1","B013"
"P01685","TOR_20260827_1_PA026","TOR_20260827_1","B013"
"P01686","TOR_20260827_1_PA026","TOR_20260827_1","B013"
"P01687","TOR_20260827_1_PA026","TOR_20260827_1","B013"
"P01688","TOR_20260827_1_PA027","TOR_20260827_1","B014"
"P01689","TOR_20260827_1_PA027","TOR_20260827_1","B014"
"P01690","TOR_20260827_1_PA027","TOR_20260827_1","B014"
"P01691","TOR_20260827_1_PA028","TOR_20260827_1","B005"
"P01692","TOR_20260827_1_PA028","TOR_20260827_1","B005"
"P01693","TOR_20260827_1_PA029","TOR_20260827_1","B017"
"P01694","TOR_20260827_1_PA029","TOR_20260827_1","B017"
"P01695","TOR_20260827_1_PA029","TOR_20260827_1","B017"
"P01696","TOR_20260827_1_PA030","TOR_20260827_1","B001"
"P01697","TOR_20260827_1_PA030","TOR_20260827_1","B001"
"P01698","TOR_20260827_1_PA030","TOR_20260827_1","B001"
"P01699","TOR_20260827_1_PA030","TOR_20260827_1","B001"
"P01700","TOR_20260827_1_PA031","TOR_20260827_1","B009"
"P01701","TOR_20260827_1_PA031","TOR_20260827_1","B009"
"P01702","TOR_20260827_1_PA032","TOR_20260827_1","B012"
"P01703","TOR_20260827_1_PA032","TOR_20260827_1","B012"
"P01704","TOR_20260827_1_PA032","TOR_20260827_1","B012"
"P01705","TOR_20260827_1_PA033","TOR_20260827_1","B008"
"P01706","TOR_20260827_1_PA033","TOR_20260827_1","B008"
"P01707","TOR_20260827_1_PA033","TOR_20260827_1","B008"
"P01708","TOR_20260827_1_PA034","TOR_20260827_1","B007"
"P01709","TOR_20260827_1_PA034","TOR_20260827_1","B007"
"P01710","TOR_20260827_1_PA034","TOR_20260827_1","B007"
"P01711","TOR_20260827_1_PA034","TOR_20260827_1","B007"
"P01712","TOR_20260827_1_PA034","TOR_20260827_1","B007"
"P01713","TOR_20260827_1_PA035","TOR_20260827_1","B013"
"P01714","TOR_20260827_1_PA035","TOR_20260827_1","B013"
"P01716","TOR_20260827_1_PA035","TOR_20260827_1","B013"
"P01717","TOR_20260828_1_PA001","TOR_20260828_1","B004"
"P01718","TOR_20260828_1_PA001","TOR_20260828_1","B004"
"P01719","TOR_20260828_1_PA002","TOR_20260828_1","B014"
"P01720","TOR_20260828_1_PA002","TOR_20260828_1","B014"
"P01721","TOR_20260828_1_PA002","TOR_20260828_1","B014"
"P01722","TOR_20260828_1_PA003","TOR_20260828_1","B017"
"P01723","TOR_20260828_1_PA004","TOR_20260828_1","B009"
"P01724","TOR_20260828_1_PA004","TOR_20260828_1","B009"
"P01725","TOR_20260828_1_PA004","TOR_20260828_1","B009"
"P01726","TOR_20260828_1_PA005","TOR_20260828_1","B010"
"P01727","TOR_20260828_1_PA005","TOR_20260828_1","B010"
"P01728","TOR_20260828_1_PA005","TOR_20260828_1","B010"
"P01729","TOR_20260828_1_PA005","TOR_20260828_1","B010"
"P01730","TOR_20260828_1_PA005","TOR_20260828_1","B010"
"P01731","TOR_20260828_1_PA006","TOR_20260828_1","B012"
"P01732","TOR_20260828_1_PA006","TOR_20260828_1","B012"
"P01733","TOR_20260828_1_PA006","TOR_20260828_1","B012"
"P01734","TOR_20260828_1_PA006","TOR_20260828_1","B012"
"P01735","TOR_20260828_1_PA007","TOR_20260828_1","B002"
"P01736","TOR_20260828_1_PA008","TOR_20260828_1","B008"
"P01737","TOR_20260828_1_PA009","TOR_20260828_1","B003"
"P01738","TOR_20260828_1_PA009","TOR_20260828_1","B003"
"P01739","TOR_20260828_1_PA009","TOR_20260828_1","B003"
"P01740","TOR_20260828_1_PA010","TOR_20260828_1","B004"
"P01741","TOR_20260828_1_PA010","TOR_20260828_1","B004"
"P01742","TOR_20260828_1_PA010","TOR_20260828_1","B004"
"P01743","TOR_20260828_1_PA011","TOR_20260828_1","B014"
"P01744","TOR_20260828_1_PA012","TOR_20260828_1","B017"
"P01745","TOR_20260828_1_PA013","TOR_20260828_1","B009"
"P01746","TOR_20260828_1_PA013","TOR_20260828_1","B009"
"P01747","TOR_20260828_1_PA014","TOR_20260828_1","B010"
"P01748","TOR_20260828_1_PA014","TOR_20260828_1","B010"
"P01749","TOR_20260828_1_PA014","TOR_20260828_1","B010"
"P01750","TOR_20260828_1_PA015","TOR_20260828_1","B012"
"P01751","TOR_20260828_1_PA015","TOR_20260828_1","B012"
"P01752","TOR_20260828_1_PA015","TOR_20260828_1","B012"
"P01753","TOR_20260828_1_PA016","TOR_20260828_1","B002"
"P01754","TOR_20260828_1_PA016","TOR_20260828_1","B002"
"P01755","TOR_20260828_1_PA017","TOR_20260828_1","B008"
"P01756","TOR_20260828_1_PA017","TOR_20260828_1","B008"
"P01757","TOR_20260828_1_PA018","TOR_20260828_1","B003"
"P01758","TOR_20260828_1_PA018","TOR_20260828_1","B003"
"P01759","TOR_20260828_1_PA018","TOR_20260828_1","B003"
"P01760","TOR_20260828_1_PA018","TOR_20260828_1","B003"
"P01761","TOR_20260828_1_PA019","TOR_20260828_1","B004"
"P01762","TOR_20260828_1_PA019","TOR_20260828_1","B004"
"P01763","TOR_20260828_1_PA019","TOR_20260828_1","B004"
"P01764","TOR_20260828_1_PA020","TOR_20260828_1","B014"
"P01765","TOR_20260828_1_PA020","TOR_20260828_1","B014"
"P01766","TOR_20260828_1_PA020","TOR_20260828_1","B014"
"P01767","TOR_20260828_1_PA021","TOR_20260828_1","B017"
"P01768","TOR_20260828_1_PA021","TOR_20260828_1","B017"
"P01769","TOR_20260828_1_PA021","TOR_20260828_1","B017"
"P01770","TOR_20260828_1_PA021","TOR_20260828_1","B017"
"P01771","TOR_20260828_1_PA021","TOR_20260828_1","B017"
"P01772","TOR_20260828_1_PA022","TOR_20260828_1","B009"
"P01773","TOR_20260828_1_PA022","TOR_20260828_1","B009"
"P01774","TOR_20260828_1_PA022","TOR_20260828_1","B009"
"P01775","TOR_20260828_1_PA022","TOR_20260828_1","B009"
"P01776","TOR_20260828_1_PA022","TOR_20260828_1","B009"
"P01777","TOR_20260828_1_PA023","TOR_20260828_1","B010"
"P01778","TOR_20260828_1_PA023","TOR_20260828_1","B010"
"P01779","TOR_20260828_1_PA023","TOR_20260828_1","B010"
"P01780","TOR_20260828_1_PA023","TOR_20260828_1","B010"
"P01781","TOR_20260828_1_PA023","TOR_20260828_1","B010"
"P01782","TOR_20260828_1_PA024","TOR_20260828_1","B012"
"P01783","TOR_20260828_1_PA024","TOR_20260828_1","B012"
"P01784","TOR_20260828_1_PA024","TOR_20260828_1","B012"
"P01785","TOR_20260828_1_PA024","TOR_20260828_1","B012"
"P01786","TOR_20260828_1_PA024","TOR_20260828_1","B012"
"P01787","TOR_20260828_1_PA025","TOR_20260828_1","B002"
"P01788","TOR_20260828_1_PA025","TOR_20260828_1","B002"
"P01789","TOR_20260828_1_PA026","TOR_20260828_1","B008"
"P01790","TOR_20260828_1_PA026","TOR_20260828_1","B008"
"P01791","TOR_20260828_1_PA026","TOR_20260828_1","B008"
"P01792","TOR_20260828_1_PA026","TOR_20260828_1","B008"
"P01793","TOR_20260828_1_PA026","TOR_20260828_1","B008"
"P01794","TOR_20260828_1_PA026","TOR_20260828_1","B008"
"P01795","TOR_20260828_1_PA026","TOR_20260828_1","B008"
"P01796","TOR_20260828_1_PA027","TOR_20260828_1","B003"
"P01797","TOR_20260828_1_PA027","TOR_20260828_1","B003"
"P01798","TOR_20260828_1_PA027","TOR_20260828_1","B003"
"P01799","TOR_20260828_1_PA027","TOR_20260828_1","B003"
"P01800","TOR_20260828_1_PA027","TOR_20260828_1","B003"
"P01801","TOR_20260828_1_PA027","TOR_20260828_1","B003"
"P01802","TOR_20260828_1_PA027","TOR_20260828_1","B003"
"P01803","TOR_20260828_1_PA027","TOR_20260828_1","B003"
"P01804","TOR_20260828_1_PA027","TOR_20260828_1","B003"
"P01805","TOR_20260828_1_PA028","TOR_20260828_1","B004"
"P01806","TOR_20260828_1_PA029","TOR_20260828_1","B014"
"P01807","TOR_20260828_1_PA029","TOR_20260828_1","B014"
"P01808","TOR_20260828_1_PA029","TOR_20260828_1","B014"
"P01809","TOR_20260828_1_PA029","TOR_20260828_1","B014"
"P01810","TOR_20260828_1_PA029","TOR_20260828_1","B014"
"P01811","TOR_20260828_1_PA029","TOR_20260828_1","B014"
"P01812","TOR_20260828_1_PA029","TOR_20260828_1","B014"
"P01813","TOR_20260828_1_PA029","TOR_20260828_1","B014"
"P01814","TOR_20260828_1_PA030","TOR_20260828_1","B017"
"P01815","TOR_20260828_1_PA030","TOR_20260828_1","B017"
"P01816","TOR_20260828_1_PA030","TOR_20260828_1","B017"
"P01817","TOR_20260828_1_PA031","TOR_20260828_1","B009"
"P01818","TOR_20260828_1_PA031","TOR_20260828_1","B009"
"P01820","TOR_20260828_1_PA031","TOR_20260828_1","B009"
"P01821","TOR_20260828_1_PA032","TOR_20260828_1","B013"
"P01822","TOR_20260828_1_PA032","TOR_20260828_1","B013"
"P01823","TOR_20260828_1_PA032","TOR_20260828_1","B013"
"P01824","TOR_20260828_1_PA033","TOR_20260828_1","B012"
"P01825","TOR_20260828_1_PA034","TOR_20260828_1","B002"
"P01826","TOR_20260828_1_PA034","TOR_20260828_1","B002"
"P01827","TOR_20260828_1_PA034","TOR_20260828_1","B002"
"P01828","TOR_20260828_1_PA034","TOR_20260828_1","B002"
"P01829","TOR_20260828_1_PA034","TOR_20260828_1","B002"
"P01830","TOR_20260828_1_PA035","TOR_20260828_1","B008"
"P01831","TOR_20260828_1_PA035","TOR_20260828_1","B008"
"P01832","TOR_20260828_1_PA035","TOR_20260828_1","B008"
"P01833","TOR_20260828_1_PA035","TOR_20260828_1","B008"
"P01834","TOR_20260828_1_PA035","TOR_20260828_1","B008"
"P01835","TOR_20260828_1_PA035","TOR_20260828_1","B008"
"P01836","TOR_20260828_1_PA036","TOR_20260828_1","B003"
"P01837","TOR_20260828_1_PA037","TOR_20260828_1","B004"
"P01838","TOR_20260828_1_PA037","TOR_20260828_1","B004"
"P01839","TOR_20260828_1_PA037","TOR_20260828_1","B004"
"P01840","TOR_20260828_1_PA037","TOR_20260828_1","B004"
"P01841","TOR_20260828_1_PA037","TOR_20260828_1","B004"
"P01842","TOR_20260828_1_PA037","TOR_20260828_1","B004"
"P01843","TOR_20260828_1_PA037","TOR_20260828_1","B004"
"P01844","TOR_20260828_1_PA038","TOR_20260828_1","B014"
"P01845","TOR_20260828_1_PA038","TOR_20260828_1","B014"
"P01846","TOR_20260828_1_PA038","TOR_20260828_1","B014"
"P01847","TOR_20260828_1_PA038","TOR_20260828_1","B014"
"P01848","TOR_20260828_1_PA038","TOR_20260828_1","B014"
"P01849","TOR_20260828_1_PA038","TOR_20260828_1","B014"
"P01850","TOR_20260828_1_PA038","TOR_20260828_1","B014"
"P01851","TOR_20260829_1_PA001","TOR_20260829_1","B004"
"P01852","TOR_20260829_1_PA001","TOR_20260829_1","B004"
"P01853","TOR_20260829_1_PA001","TOR_20260829_1","B004"
"P01854","TOR_20260829_1_PA001","TOR_20260829_1","B004"
"P01855","TOR_20260829_1_PA001","TOR_20260829_1","B004"
"P01856","TOR_20260829_1_PA002","TOR_20260829_1","B001"
"P01857","TOR_20260829_1_PA002","TOR_20260829_1","B001"
"P01858","TOR_20260829_1_PA002","TOR_20260829_1","B001"
"P01859","TOR_20260829_1_PA002","TOR_20260829_1","B001"
"P01860","TOR_20260829_1_PA003","TOR_20260829_1","B017"
"P01861","TOR_20260829_1_PA003","TOR_20260829_1","B017"
"P01862","TOR_20260829_1_PA003","TOR_20260829_1","B017"
"P01863","TOR_20260829_1_PA003","TOR_20260829_1","B017"
"P01864","TOR_20260829_1_PA004","TOR_20260829_1","B009"
"P01865","TOR_20260829_1_PA004","TOR_20260829_1","B009"
"P01866","TOR_20260829_1_PA004","TOR_20260829_1","B009"
"P01867","TOR_20260829_1_PA005","TOR_20260829_1","B012"
"P01868","TOR_20260829_1_PA005","TOR_20260829_1","B012"
"P01869","TOR_20260829_1_PA005","TOR_20260829_1","B012"
"P01870","TOR_20260829_1_PA005","TOR_20260829_1","B012"
"P01871","TOR_20260829_1_PA005","TOR_20260829_1","B012"
"P01872","TOR_20260829_1_PA005","TOR_20260829_1","B012"
"P01873","TOR_20260829_1_PA006","TOR_20260829_1","B005"
"P01874","TOR_20260829_1_PA006","TOR_20260829_1","B005"
"P01875","TOR_20260829_1_PA006","TOR_20260829_1","B005"
"P01876","TOR_20260829_1_PA006","TOR_20260829_1","B005"
"P01877","TOR_20260829_1_PA006","TOR_20260829_1","B005"
"P01878","TOR_20260829_1_PA007","TOR_20260829_1","B008"
"P01879","TOR_20260829_1_PA007","TOR_20260829_1","B008"
"P01880","TOR_20260829_1_PA007","TOR_20260829_1","B008"
"P01881","TOR_20260829_1_PA007","TOR_20260829_1","B008"
"P01882","TOR_20260829_1_PA007","TOR_20260829_1","B008"
"P01883","TOR_20260829_1_PA007","TOR_20260829_1","B008"
"P01884","TOR_20260829_1_PA007","TOR_20260829_1","B008"
"P01885","TOR_20260829_1_PA007","TOR_20260829_1","B008"
"P01886","TOR_20260829_1_PA007","TOR_20260829_1","B008"
"P01887","TOR_20260829_1_PA008","TOR_20260829_1","B007"
"P01888","TOR_20260829_1_PA008","TOR_20260829_1","B007"
"P01889","TOR_20260829_1_PA008","TOR_20260829_1","B007"
"P01890","TOR_20260829_1_PA008","TOR_20260829_1","B007"
"P01891","TOR_20260829_1_PA009","TOR_20260829_1","B013"
"P01892","TOR_20260829_1_PA010","TOR_20260829_1","B004"
"P01893","TOR_20260829_1_PA010","TOR_20260829_1","B004"
"P01894","TOR_20260829_1_PA010","TOR_20260829_1","B004"
"P01895","TOR_20260829_1_PA010","TOR_20260829_1","B004"
"P01898","TOR_20260829_1_PA011","TOR_20260829_1","B001"
"P01899","TOR_20260829_1_PA011","TOR_20260829_1","B001"
"P01900","TOR_20260829_1_PA011","TOR_20260829_1","B001"
"P01901","TOR_20260829_1_PA011","TOR_20260829_1","B001"
"P01903","TOR_20260829_1_PA011","TOR_20260829_1","B001"
"P01904","TOR_20260829_1_PA012","TOR_20260829_1","B017"
"P01905","TOR_20260829_1_PA012","TOR_20260829_1","B017"
"P01906","TOR_20260829_1_PA012","TOR_20260829_1","B017"
"P01907","TOR_20260829_1_PA013","TOR_20260829_1","B009"
"P01908","TOR_20260829_1_PA014","TOR_20260829_1","B012"
"P01909","TOR_20260829_1_PA014","TOR_20260829_1","B012"
"P01910","TOR_20260829_1_PA014","TOR_20260829_1","B012"
"P01911","TOR_20260829_1_PA014","TOR_20260829_1","B012"
"P01912","TOR_20260829_1_PA014","TOR_20260829_1","B012"
"P01913","TOR_20260829_1_PA014","TOR_20260829_1","B012"
"P01914","TOR_20260829_1_PA014","TOR_20260829_1","B012"
"P01915","TOR_20260829_1_PA015","TOR_20260829_1","B005"
"P01916","TOR_20260829_1_PA015","TOR_20260829_1","B005"
"P01917","TOR_20260829_1_PA015","TOR_20260829_1","B005"
"P01918","TOR_20260829_1_PA016","TOR_20260829_1","B008"
"P01919","TOR_20260829_1_PA016","TOR_20260829_1","B008"
"P01920","TOR_20260829_1_PA016","TOR_20260829_1","B008"
"P01921","TOR_20260829_1_PA017","TOR_20260829_1","B007"
"P01922","TOR_20260829_1_PA017","TOR_20260829_1","B007"
"P01923","TOR_20260829_1_PA017","TOR_20260829_1","B007"
"P01924","TOR_20260829_1_PA018","TOR_20260829_1","B013"
"P01925","TOR_20260829_1_PA018","TOR_20260829_1","B013"
"P01926","TOR_20260829_1_PA018","TOR_20260829_1","B013"
"P01927","TOR_20260829_1_PA018","TOR_20260829_1","B013"
"P01928","TOR_20260829_1_PA018","TOR_20260829_1","B013"
"P01929","TOR_20260829_1_PA018","TOR_20260829_1","B013"
"P01930","TOR_20260829_1_PA018","TOR_20260829_1","B013"
"P01931","TOR_20260829_1_PA019","TOR_20260829_1","B004"
"P01932","TOR_20260829_1_PA019","TOR_20260829_1","B004"
"P01933","TOR_20260829_1_PA019","TOR_20260829_1","B004"
"P01934","TOR_20260829_1_PA019","TOR_20260829_1","B004"
"P01935","TOR_20260829_1_PA019","TOR_20260829_1","B004"
"P01936","TOR_20260829_1_PA020","TOR_20260829_1","B001"
"P01937","TOR_20260829_1_PA020","TOR_20260829_1","B001"
"P01938","TOR_20260829_1_PA020","TOR_20260829_1","B001"
"P01939","TOR_20260829_1_PA020","TOR_20260829_1","B001"
"P01940","TOR_20260829_1_PA020","TOR_20260829_1","B001"
"P01941","TOR_20260829_1_PA020","TOR_20260829_1","B001"
"P01942","TOR_20260829_1_PA021","TOR_20260829_1","B017"
"P01943","TOR_20260829_1_PA021","TOR_20260829_1","B017"
"P01944","TOR_20260829_1_PA021","TOR_20260829_1","B017"
"P01945","TOR_20260829_1_PA021","TOR_20260829_1","B017"
"P01946","TOR_20260829_1_PA021","TOR_20260829_1","B017"
"P01947","TOR_20260829_1_PA021","TOR_20260829_1","B017"
"P01948","TOR_20260829_1_PA022","TOR_20260829_1","B009"
"P01949","TOR_20260829_1_PA022","TOR_20260829_1","B009"
"P01950","TOR_20260829_1_PA022","TOR_20260829_1","B009"
"P01951","TOR_20260829_1_PA022","TOR_20260829_1","B009"
"P01952","TOR_20260829_1_PA022","TOR_20260829_1","B009"
"P01955","TOR_20260829_1_PA023","TOR_20260829_1","B012"
"P01956","TOR_20260829_1_PA023","TOR_20260829_1","B012"
"P01957","TOR_20260829_1_PA023","TOR_20260829_1","B012"
"P01958","TOR_20260829_1_PA023","TOR_20260829_1","B012"
"P01959","TOR_20260829_1_PA024","TOR_20260829_1","B005"
"P01960","TOR_20260829_1_PA024","TOR_20260829_1","B005"
"P01961","TOR_20260829_1_PA024","TOR_20260829_1","B005"
"P01962","TOR_20260829_1_PA024","TOR_20260829_1","B005"
"P01963","TOR_20260829_1_PA024","TOR_20260829_1","B005"
"P01964","TOR_20260829_1_PA024","TOR_20260829_1","B005"
"P01965","TOR_20260829_1_PA025","TOR_20260829_1","B008"
"P01966","TOR_20260829_1_PA026","TOR_20260829_1","B007"
"P01967","TOR_20260829_1_PA026","TOR_20260829_1","B007"
"P01968","TOR_20260829_1_PA027","TOR_20260829_1","B013"
"P01969","TOR_20260829_1_PA027","TOR_20260829_1","B013"
"P01970","TOR_20260829_1_PA027","TOR_20260829_1","B013"
"P01971","TOR_20260829_1_PA027","TOR_20260829_1","B013"
"P01972","TOR_20260829_1_PA027","TOR_20260829_1","B013"
"P01974","TOR_20260829_1_PA027","TOR_20260829_1","B013"
"P01975","TOR_20260829_1_PA027","TOR_20260829_1","B013"
"P01976","TOR_20260829_1_PA028","TOR_20260829_1","B004"
"P01977","TOR_20260829_1_PA028","TOR_20260829_1","B004"
"P01978","TOR_20260829_1_PA028","TOR_20260829_1","B004"
"P01979","TOR_20260829_1_PA028","TOR_20260829_1","B004"
"P01980","TOR_20260829_1_PA029","TOR_20260829_1","B001"
"P01981","TOR_20260829_1_PA029","TOR_20260829_1","B001"
"P01982","TOR_20260829_1_PA029","TOR_20260829_1","B001"
"P01983","TOR_20260829_1_PA029","TOR_20260829_1","B001"
"P01984","TOR_20260829_1_PA029","TOR_20260829_1","B001"
"P01986","TOR_20260829_1_PA030","TOR_20260829_1","B017"
"P01987","TOR_20260829_1_PA030","TOR_20260829_1","B017"
"P01988","TOR_20260829_1_PA031","TOR_20260829_1","B009"
"P01989","TOR_20260829_1_PA031","TOR_20260829_1","B009"
"P01990","TOR_20260829_1_PA032","TOR_20260829_1","B012"
"P01991","TOR_20260829_1_PA032","TOR_20260829_1","B012"
"P01992","TOR_20260829_1_PA032","TOR_20260829_1","B012"
"P01993","TOR_20260829_1_PA032","TOR_20260829_1","B012"
"P01994","TOR_20260829_1_PA033","TOR_20260829_1","B010"
"P01995","TOR_20260829_1_PA033","TOR_20260829_1","B010"
"P01996","TOR_20260829_1_PA033","TOR_20260829_1","B010"
"P01997","TOR_20260829_1_PA033","TOR_20260829_1","B010"
"P01998","TOR_20260829_1_PA034","TOR_20260829_1","B008"
"P01999","TOR_20260829_1_PA034","TOR_20260829_1","B008"
"P02000","TOR_20260829_1_PA034","TOR_20260829_1","B008"
"P02001","TOR_20260829_1_PA034","TOR_20260829_1","B008"
"P02002","TOR_20260829_1_PA034","TOR_20260829_1","B008"
"P02003","TOR_20260829_1_PA035","TOR_20260829_1","B014"
"P02004","TOR_20260829_1_PA035","TOR_20260829_1","B014"
"P02005","TOR_20260829_1_PA036","TOR_20260829_1","B013"
"P02006","TOR_20260830_1_PA001","TOR_20260830_1","B004"
"P02007","TOR_20260830_1_PA001","TOR_20260830_1","B004"
"P02008","TOR_20260830_1_PA001","TOR_20260830_1","B004"
"P02009","TOR_20260830_1_PA001","TOR_20260830_1","B004"
"P02010","TOR_20260830_1_PA001","TOR_20260830_1","B004"
"P02011","TOR_20260830_1_PA001","TOR_20260830_1","B004"
"P02013","TOR_20260830_1_PA002","TOR_20260830_1","B017"
"P02014","TOR_20260830_1_PA002","TOR_20260830_1","B017"
"P02015","TOR_20260830_1_PA003","TOR_20260830_1","B001"
"P02016","TOR_20260830_1_PA003","TOR_20260830_1","B001"
"P02017","TOR_20260830_1_PA003","TOR_20260830_1","B001"
"P02018","TOR_20260830_1_PA004","TOR_20260830_1","B009"
"P02019","TOR_20260830_1_PA004","TOR_20260830_1","B009"
"P02020","TOR_20260830_1_PA004","TOR_20260830_1","B009"
"P02021","TOR_20260830_1_PA004","TOR_20260830_1","B009"
"P02022","TOR_20260830_1_PA004","TOR_20260830_1","B009"
"P02023","TOR_20260830_1_PA005","TOR_20260830_1","B014"
"P02024","TOR_20260830_1_PA005","TOR_20260830_1","B014"
"P02025","TOR_20260830_1_PA005","TOR_20260830_1","B014"
"P02026","TOR_20260830_1_PA005","TOR_20260830_1","B014"
"P02027","TOR_20260830_1_PA005","TOR_20260830_1","B014"
"P02028","TOR_20260830_1_PA005","TOR_20260830_1","B014"
"P02029","TOR_20260830_1_PA005","TOR_20260830_1","B014"
"P02030","TOR_20260830_1_PA005","TOR_20260830_1","B014"
"P02032","TOR_20260830_1_PA006","TOR_20260830_1","B012"
"P02033","TOR_20260830_1_PA006","TOR_20260830_1","B012"
"P02034","TOR_20260830_1_PA006","TOR_20260830_1","B012"
"P02035","TOR_20260830_1_PA006","TOR_20260830_1","B012"
"P02036","TOR_20260830_1_PA006","TOR_20260830_1","B012"
"P02037","TOR_20260830_1_PA006","TOR_20260830_1","B012"
"P02038","TOR_20260830_1_PA007","TOR_20260830_1","B002"
"P02039","TOR_20260830_1_PA007","TOR_20260830_1","B002"
"P02040","TOR_20260830_1_PA007","TOR_20260830_1","B002"
"P02041","TOR_20260830_1_PA007","TOR_20260830_1","B002"
"P02042","TOR_20260830_1_PA007","TOR_20260830_1","B002"
"P02043","TOR_20260830_1_PA007","TOR_20260830_1","B002"
"P02044","TOR_20260830_1_PA008","TOR_20260830_1","B005"
"P02045","TOR_20260830_1_PA008","TOR_20260830_1","B005"
"P02046","TOR_20260830_1_PA009","TOR_20260830_1","B013"
"P02047","TOR_20260830_1_PA009","TOR_20260830_1","B013"
"P02048","TOR_20260830_1_PA010","TOR_20260830_1","B004"
"P02049","TOR_20260830_1_PA010","TOR_20260830_1","B004"
"P02050","TOR_20260830_1_PA010","TOR_20260830_1","B004"
"P02051","TOR_20260830_1_PA010","TOR_20260830_1","B004"
"P02052","TOR_20260830_1_PA011","TOR_20260830_1","B017"
"P02053","TOR_20260830_1_PA011","TOR_20260830_1","B017"
"P02054","TOR_20260830_1_PA011","TOR_20260830_1","B017"
"P02055","TOR_20260830_1_PA011","TOR_20260830_1","B017"
"P02056","TOR_20260830_1_PA011","TOR_20260830_1","B017"
"P02057","TOR_20260830_1_PA012","TOR_20260830_1","B001"
"P02058","TOR_20260830_1_PA012","TOR_20260830_1","B001"
"P02059","TOR_20260830_1_PA012","TOR_20260830_1","B001"
"P02060","TOR_20260830_1_PA012","TOR_20260830_1","B001"
"P02061","TOR_20260830_1_PA013","TOR_20260830_1","B009"
"P02062","TOR_20260830_1_PA014","TOR_20260830_1","B014"
"P02063","TOR_20260830_1_PA014","TOR_20260830_1","B014"
"P02064","TOR_20260830_1_PA014","TOR_20260830_1","B014"
"P02065","TOR_20260830_1_PA014","TOR_20260830_1","B014"
"P02067","TOR_20260830_1_PA014","TOR_20260830_1","B014"
"P02068","TOR_20260830_1_PA015","TOR_20260830_1","B012"
"P02069","TOR_20260830_1_PA016","TOR_20260830_1","B002"
"P02070","TOR_20260830_1_PA016","TOR_20260830_1","B002"
"P02071","TOR_20260830_1_PA016","TOR_20260830_1","B002"
"P02072","TOR_20260830_1_PA017","TOR_20260830_1","B005"
"P02073","TOR_20260830_1_PA017","TOR_20260830_1","B005"
"P02074","TOR_20260830_1_PA017","TOR_20260830_1","B005"
"P02075","TOR_20260830_1_PA018","TOR_20260830_1","B013"
"P02076","TOR_20260830_1_PA018","TOR_20260830_1","B013"
"P02077","TOR_20260830_1_PA018","TOR_20260830_1","B013"
"P02078","TOR_20260830_1_PA019","TOR_20260830_1","B004"
"P02079","TOR_20260830_1_PA020","TOR_20260830_1","B017"
"P02080","TOR_20260830_1_PA020","TOR_20260830_1","B017"
"P02081","TOR_20260830_1_PA020","TOR_20260830_1","B017"
"P02083","TOR_20260830_1_PA020","TOR_20260830_1","B017"
"P02084","TOR_20260830_1_PA020","TOR_20260830_1","B017"
"P02085","TOR_20260830_1_PA020","TOR_20260830_1","B017"
"P02086","TOR_20260830_1_PA021","TOR_20260830_1","B001"
"P02087","TOR_20260830_1_PA021","TOR_20260830_1","B001"
"P02088","TOR_20260830_1_PA021","TOR_20260830_1","B001"
"P02089","TOR_20260830_1_PA022","TOR_20260830_1","B009"
"P02090","TOR_20260830_1_PA022","TOR_20260830_1","B009"
"P02091","TOR_20260830_1_PA022","TOR_20260830_1","B009"
"P02092","TOR_20260830_1_PA022","TOR_20260830_1","B009"
"P02093","TOR_20260830_1_PA023","TOR_20260830_1","B014"
"P02094","TOR_20260830_1_PA023","TOR_20260830_1","B014"
"P02095","TOR_20260830_1_PA023","TOR_20260830_1","B014"
"P02096","TOR_20260830_1_PA023","TOR_20260830_1","B014"
"P02097","TOR_20260830_1_PA023","TOR_20260830_1","B014"
"P02098","TOR_20260830_1_PA024","TOR_20260830_1","B012"
"P02099","TOR_20260830_1_PA025","TOR_20260830_1","B002"
"P02100","TOR_20260830_1_PA025","TOR_20260830_1","B002"
"P02101","TOR_20260830_1_PA025","TOR_20260830_1","B002"
"P02102","TOR_20260830_1_PA025","TOR_20260830_1","B002"
"P02103","TOR_20260830_1_PA026","TOR_20260830_1","B005"
"P02104","TOR_20260830_1_PA026","TOR_20260830_1","B005"
"P02105","TOR_20260830_1_PA026","TOR_20260830_1","B005"
"P02106","TOR_20260830_1_PA026","TOR_20260830_1","B005"
"P02107","TOR_20260830_1_PA027","TOR_20260830_1","B013"
"P02108","TOR_20260830_1_PA027","TOR_20260830_1","B013"
"P02109","TOR_20260830_1_PA028","TOR_20260830_1","B004"
"P02110","TOR_20260830_1_PA028","TOR_20260830_1","B004"
"P02111","TOR_20260830_1_PA028","TOR_20260830_1","B004"
"P02112","TOR_20260830_1_PA028","TOR_20260830_1","B004"
"P02113","TOR_20260830_1_PA028","TOR_20260830_1","B004"
"P02114","TOR_20260830_1_PA029","TOR_20260830_1","B017"
"P02115","TOR_20260830_1_PA029","TOR_20260830_1","B017"
"P02116","TOR_20260830_1_PA029","TOR_20260830_1","B017"
"P02117","TOR_20260830_1_PA029","TOR_20260830_1","B017"
"P02118","TOR_20260830_1_PA029","TOR_20260830_1","B017"
"P02119","TOR_20260830_1_PA030","TOR_20260830_1","B001"
"P02120","TOR_20260830_1_PA030","TOR_20260830_1","B001"
"P02121","TOR_20260830_1_PA030","TOR_20260830_1","B001"
"P02122","TOR_20260830_1_PA030","TOR_20260830_1","B001"
"P02123","TOR_20260830_1_PA031","TOR_20260830_1","B009"
"P02124","TOR_20260830_1_PA031","TOR_20260830_1","B009"
"P02125","TOR_20260830_1_PA031","TOR_20260830_1","B009"
"P02126","TOR_20260830_1_PA031","TOR_20260830_1","B009"
"P02127","TOR_20260830_1_PA031","TOR_20260830_1","B009"
"P02128","TOR_20260830_1_PA032","TOR_20260830_1","B014"
"P02129","TOR_20260830_1_PA032","TOR_20260830_1","B014"
"P02130","TOR_20260830_1_PA033","TOR_20260830_1","B012"
"P02131","TOR_20260830_1_PA033","TOR_20260830_1","B012"
"P02132","TOR_20260830_1_PA033","TOR_20260830_1","B012"
"P02133","TOR_20260830_1_PA033","TOR_20260830_1","B012"
"P02134","TOR_20260830_1_PA034","TOR_20260830_1","B002"
"P02135","TOR_20260830_1_PA035","TOR_20260830_1","B008"
"P02136","TOR_20260830_1_PA035","TOR_20260830_1","B008"
"P02137","TOR_20260830_1_PA036","TOR_20260830_1","B013"
"P02138","TOR_20260830_1_PA036","TOR_20260830_1","B013"
"P02139","TOR_20260830_1_PA036","TOR_20260830_1","B013"
"P02140","TOR_20260830_1_PA036","TOR_20260830_1","B013"
"P02141","TOR_20260830_1_PA036","TOR_20260830_1","B013"
"P02142","TOR_20260830_1_PA037","TOR_20260830_1","B004"
"P02143","TOR_20260830_1_PA037","TOR_20260830_1","B004"
"P02144","TOR_20260830_1_PA037","TOR_20260830_1","B004"
"P02145","TOR_20260830_1_PA037","TOR_20260830_1","B004"
"P02146","TOR_20260830_1_PA037","TOR_20260830_1","B004"
"P02147","TOR_20260830_1_PA038","TOR_20260830_1","B017"
"P02148","TOR_20260830_1_PA038","TOR_20260830_1","B017"
"P02149","TOR_20260830_1_PA038","TOR_20260830_1","B017"
"P02150","TOR_20260830_1_PA038","TOR_20260830_1","B017"
"P02151","TOR_20260830_1_PA038","TOR_20260830_1","B017"
"P02152","TOR_20260901_1_PA001","TOR_20260901_1","B004"
"P02153","TOR_20260901_1_PA001","TOR_20260901_1","B004"
"P02154","TOR_20260901_1_PA001","TOR_20260901_1","B004"
"P02155","TOR_20260901_1_PA001","TOR_20260901_1","B004"
"P02156","TOR_20260901_1_PA002","TOR_20260901_1","B001"
"P02157","TOR_20260901_1_PA002","TOR_20260901_1","B001"
"P02158","TOR_20260901_1_PA002","TOR_20260901_1","B001"
"P02159","TOR_20260901_1_PA002","TOR_20260901_1","B001"
"P02160","TOR_20260901_1_PA002","TOR_20260901_1","B001"
"P02161","TOR_20260901_1_PA002","TOR_20260901_1","B001"
"P02162","TOR_20260901_1_PA003","TOR_20260901_1","B017"
"P02163","TOR_20260901_1_PA003","TOR_20260901_1","B017"
"P02164","TOR_20260901_1_PA004","TOR_20260901_1","B009"
"P02165","TOR_20260901_1_PA004","TOR_20260901_1","B009"
"P02166","TOR_20260901_1_PA004","TOR_20260901_1","B009"
"P02167","TOR_20260901_1_PA004","TOR_20260901_1","B009"
"P02168","TOR_20260901_1_PA005","TOR_20260901_1","B014"
"P02169","TOR_20260901_1_PA005","TOR_20260901_1","B014"
"P02170","TOR_20260901_1_PA005","TOR_20260901_1","B014"
"P02171","TOR_20260901_1_PA006","TOR_20260901_1","B012"
"P02172","TOR_20260901_1_PA006","TOR_20260901_1","B012"
"P02173","TOR_20260901_1_PA006","TOR_20260901_1","B012"
"P02174","TOR_20260901_1_PA006","TOR_20260901_1","B012"
"P02175","TOR_20260901_1_PA006","TOR_20260901_1","B012"
"P02176","TOR_20260901_1_PA007","TOR_20260901_1","B002"
"P02177","TOR_20260901_1_PA007","TOR_20260901_1","B002"
"P02178","TOR_20260901_1_PA007","TOR_20260901_1","B002"
"P02179","TOR_20260901_1_PA008","TOR_20260901_1","B008"
"P02180","TOR_20260901_1_PA008","TOR_20260901_1","B008"
"P02181","TOR_20260901_1_PA008","TOR_20260901_1","B008"
"P02182","TOR_20260901_1_PA009","TOR_20260901_1","B013"
"P02183","TOR_20260901_1_PA009","TOR_20260901_1","B013"
"P02184","TOR_20260901_1_PA009","TOR_20260901_1","B013"
"P02185","TOR_20260901_1_PA010","TOR_20260901_1","B004"
"P02186","TOR_20260901_1_PA010","TOR_20260901_1","B004"
"P02187","TOR_20260901_1_PA010","TOR_20260901_1","B004"
"P02188","TOR_20260901_1_PA010","TOR_20260901_1","B004"
"P02189","TOR_20260901_1_PA010","TOR_20260901_1","B004"
"P02190","TOR_20260901_1_PA010","TOR_20260901_1","B004"
"P02191","TOR_20260901_1_PA010","TOR_20260901_1","B004"
"P02192","TOR_20260901_1_PA011","TOR_20260901_1","B001"
"P02193","TOR_20260901_1_PA012","TOR_20260901_1","B017"
"P02194","TOR_20260901_1_PA012","TOR_20260901_1","B017"
"P02195","TOR_20260901_1_PA012","TOR_20260901_1","B017"
"P02196","TOR_20260901_1_PA012","TOR_20260901_1","B017"
"P02197","TOR_20260901_1_PA012","TOR_20260901_1","B017"
"P02198","TOR_20260901_1_PA012","TOR_20260901_1","B017"
"P02199","TOR_20260901_1_PA013","TOR_20260901_1","B009"
"P02200","TOR_20260901_1_PA013","TOR_20260901_1","B009"
"P02201","TOR_20260901_1_PA013","TOR_20260901_1","B009"
"P02202","TOR_20260901_1_PA013","TOR_20260901_1","B009"
"P02203","TOR_20260901_1_PA014","TOR_20260901_1","B014"
"P02204","TOR_20260901_1_PA015","TOR_20260901_1","B012"
"P02205","TOR_20260901_1_PA016","TOR_20260901_1","B002"
"P02206","TOR_20260901_1_PA016","TOR_20260901_1","B002"
"P02207","TOR_20260901_1_PA016","TOR_20260901_1","B002"
"P02208","TOR_20260901_1_PA017","TOR_20260901_1","B008"
"P02209","TOR_20260901_1_PA017","TOR_20260901_1","B008"
"P02210","TOR_20260901_1_PA017","TOR_20260901_1","B008"
"P02211","TOR_20260901_1_PA017","TOR_20260901_1","B008"
"P02212","TOR_20260901_1_PA017","TOR_20260901_1","B008"
"P02213","TOR_20260901_1_PA017","TOR_20260901_1","B008"
"P02214","TOR_20260901_1_PA018","TOR_20260901_1","B013"
"P02215","TOR_20260901_1_PA018","TOR_20260901_1","B013"
"P02216","TOR_20260901_1_PA018","TOR_20260901_1","B013"
"P02217","TOR_20260901_1_PA018","TOR_20260901_1","B013"
"P02218","TOR_20260901_1_PA018","TOR_20260901_1","B013"
"P02219","TOR_20260901_1_PA019","TOR_20260901_1","B004"
"P02220","TOR_20260901_1_PA019","TOR_20260901_1","B004"
"P02221","TOR_20260901_1_PA019","TOR_20260901_1","B004"
"P02222","TOR_20260901_1_PA019","TOR_20260901_1","B004"
"P02223","TOR_20260901_1_PA020","TOR_20260901_1","B001"
"P02224","TOR_20260901_1_PA020","TOR_20260901_1","B001"
"P02225","TOR_20260901_1_PA020","TOR_20260901_1","B001"
"P02226","TOR_20260901_1_PA020","TOR_20260901_1","B001"
"P02227","TOR_20260901_1_PA020","TOR_20260901_1","B001"
"P02228","TOR_20260901_1_PA021","TOR_20260901_1","B017"
"P02229","TOR_20260901_1_PA021","TOR_20260901_1","B017"
"P02230","TOR_20260901_1_PA021","TOR_20260901_1","B017"
"P02231","TOR_20260901_1_PA021","TOR_20260901_1","B017"
"P02232","TOR_20260901_1_PA022","TOR_20260901_1","B009"
"P02233","TOR_20260901_1_PA022","TOR_20260901_1","B009"
"P02234","TOR_20260901_1_PA022","TOR_20260901_1","B009"
"P02235","TOR_20260901_1_PA022","TOR_20260901_1","B009"
"P02236","TOR_20260901_1_PA023","TOR_20260901_1","B014"
"P02237","TOR_20260901_1_PA023","TOR_20260901_1","B014"
"P02238","TOR_20260901_1_PA023","TOR_20260901_1","B014"
"P02239","TOR_20260901_1_PA023","TOR_20260901_1","B014"
"P02240","TOR_20260901_1_PA024","TOR_20260901_1","B012"
"P02241","TOR_20260901_1_PA024","TOR_20260901_1","B012"
"P02242","TOR_20260901_1_PA024","TOR_20260901_1","B012"
"P02243","TOR_20260901_1_PA024","TOR_20260901_1","B012"
"P02244","TOR_20260901_1_PA024","TOR_20260901_1","B012"
"P02245","TOR_20260901_1_PA025","TOR_20260901_1","B002"
"P02246","TOR_20260901_1_PA025","TOR_20260901_1","B002"
"P02247","TOR_20260901_1_PA025","TOR_20260901_1","B002"
"P02248","TOR_20260901_1_PA026","TOR_20260901_1","B008"
"P02249","TOR_20260901_1_PA026","TOR_20260901_1","B008"
"P02250","TOR_20260901_1_PA026","TOR_20260901_1","B008"
"P02251","TOR_20260901_1_PA027","TOR_20260901_1","B010"
"P02252","TOR_20260901_1_PA027","TOR_20260901_1","B010"
"P02253","TOR_20260901_1_PA027","TOR_20260901_1","B010"
"P02254","TOR_20260901_1_PA027","TOR_20260901_1","B010"
"P02255","TOR_20260901_1_PA027","TOR_20260901_1","B010"
"P02256","TOR_20260901_1_PA028","TOR_20260901_1","B004"
"P02257","TOR_20260901_1_PA029","TOR_20260901_1","B001"
"P02258","TOR_20260901_1_PA029","TOR_20260901_1","B001"
"P02259","TOR_20260901_1_PA029","TOR_20260901_1","B001"
"P02260","TOR_20260901_1_PA029","TOR_20260901_1","B001"
"P02261","TOR_20260901_1_PA029","TOR_20260901_1","B001"
"P02262","TOR_20260901_1_PA029","TOR_20260901_1","B001"
"P02263","TOR_20260901_1_PA029","TOR_20260901_1","B001"
"P02264","TOR_20260901_1_PA029","TOR_20260901_1","B001"
"P02265","TOR_20260901_1_PA030","TOR_20260901_1","B017"
"P02266","TOR_20260901_1_PA030","TOR_20260901_1","B017"
"P02267","TOR_20260901_1_PA030","TOR_20260901_1","B017"
"P02268","TOR_20260901_1_PA031","TOR_20260901_1","B009"
"P02269","TOR_20260901_1_PA031","TOR_20260901_1","B009"
"P02270","TOR_20260901_1_PA031","TOR_20260901_1","B009"
"P02271","TOR_20260901_1_PA031","TOR_20260901_1","B009"
"P02272","TOR_20260901_1_PA031","TOR_20260901_1","B009"
"P02273","TOR_20260901_1_PA032","TOR_20260901_1","B014"
"P02274","TOR_20260901_1_PA032","TOR_20260901_1","B014"
"P02275","TOR_20260902_1_PA001","TOR_20260902_1","B004"
"P02276","TOR_20260902_1_PA002","TOR_20260902_1","B009"
"P02277","TOR_20260902_1_PA003","TOR_20260902_1","B017"
"P02278","TOR_20260902_1_PA003","TOR_20260902_1","B017"
"P02279","TOR_20260902_1_PA004","TOR_20260902_1","B001"
"P02280","TOR_20260902_1_PA004","TOR_20260902_1","B001"
"P02281","TOR_20260902_1_PA004","TOR_20260902_1","B001"
"P02282","TOR_20260902_1_PA004","TOR_20260902_1","B001"
"P02283","TOR_20260902_1_PA004","TOR_20260902_1","B001"
"P02284","TOR_20260902_1_PA004","TOR_20260902_1","B001"
"P02285","TOR_20260902_1_PA005","TOR_20260902_1","B012"
"P02286","TOR_20260902_1_PA005","TOR_20260902_1","B012"
"P02287","TOR_20260902_1_PA005","TOR_20260902_1","B012"
"P02288","TOR_20260902_1_PA006","TOR_20260902_1","B014"
"P02289","TOR_20260902_1_PA006","TOR_20260902_1","B014"
"P02290","TOR_20260902_1_PA006","TOR_20260902_1","B014"
"P02291","TOR_20260902_1_PA007","TOR_20260902_1","B008"
"P02292","TOR_20260902_1_PA008","TOR_20260902_1","B002"
"P02293","TOR_20260902_1_PA008","TOR_20260902_1","B002"
"P02294","TOR_20260902_1_PA008","TOR_20260902_1","B002"
"P02295","TOR_20260902_1_PA008","TOR_20260902_1","B002"
"P02296","TOR_20260902_1_PA008","TOR_20260902_1","B002"
"P02297","TOR_20260902_1_PA009","TOR_20260902_1","B013"
"P02298","TOR_20260902_1_PA009","TOR_20260902_1","B013"
"P02299","TOR_20260902_1_PA009","TOR_20260902_1","B013"
"P02300","TOR_20260902_1_PA009","TOR_20260902_1","B013"
"P02301","TOR_20260902_1_PA009","TOR_20260902_1","B013"
"P02302","TOR_20260902_1_PA009","TOR_20260902_1","B013"
"P02303","TOR_20260902_1_PA009","TOR_20260902_1","B013"
"P02304","TOR_20260902_1_PA010","TOR_20260902_1","B004"
"P02305","TOR_20260902_1_PA010","TOR_20260902_1","B004"
"P02306","TOR_20260902_1_PA010","TOR_20260902_1","B004"
"P02307","TOR_20260902_1_PA011","TOR_20260902_1","B009"
"P02308","TOR_20260902_1_PA011","TOR_20260902_1","B009"
"P02309","TOR_20260902_1_PA011","TOR_20260902_1","B009"
"P02310","TOR_20260902_1_PA011","TOR_20260902_1","B009"
"P02311","TOR_20260902_1_PA012","TOR_20260902_1","B017"
"P02312","TOR_20260902_1_PA012","TOR_20260902_1","B017"
"P02313","TOR_20260902_1_PA013","TOR_20260902_1","B001"
"P02314","TOR_20260902_1_PA013","TOR_20260902_1","B001"
"P02315","TOR_20260902_1_PA013","TOR_20260902_1","B001"
"P02316","TOR_20260902_1_PA013","TOR_20260902_1","B001"
"P02317","TOR_20260902_1_PA013","TOR_20260902_1","B001"
"P02318","TOR_20260902_1_PA014","TOR_20260902_1","B012"
"P02319","TOR_20260902_1_PA014","TOR_20260902_1","B012"
"P02320","TOR_20260902_1_PA014","TOR_20260902_1","B012"
"P02321","TOR_20260902_1_PA014","TOR_20260902_1","B012"
"P02322","TOR_20260902_1_PA014","TOR_20260902_1","B012"
"P02323","TOR_20260902_1_PA015","TOR_20260902_1","B014"
"P02324","TOR_20260902_1_PA015","TOR_20260902_1","B014"
"P02325","TOR_20260902_1_PA015","TOR_20260902_1","B014"
"P02326","TOR_20260902_1_PA016","TOR_20260902_1","B008"
"P02327","TOR_20260902_1_PA016","TOR_20260902_1","B008"
"P02328","TOR_20260902_1_PA016","TOR_20260902_1","B008"
"P02329","TOR_20260902_1_PA016","TOR_20260902_1","B008"
"P02330","TOR_20260902_1_PA017","TOR_20260902_1","B002"
"P02331","TOR_20260902_1_PA017","TOR_20260902_1","B002"
"P02332","TOR_20260902_1_PA017","TOR_20260902_1","B002"
"P02333","TOR_20260902_1_PA017","TOR_20260902_1","B002"
"P02334","TOR_20260902_1_PA017","TOR_20260902_1","B002"
"P02335","TOR_20260902_1_PA017","TOR_20260902_1","B002"
"P02336","TOR_20260902_1_PA017","TOR_20260902_1","B002"
"P02337","TOR_20260902_1_PA018","TOR_20260902_1","B013"
"P02338","TOR_20260902_1_PA018","TOR_20260902_1","B013"
"P02339","TOR_20260902_1_PA018","TOR_20260902_1","B013"
"P02340","TOR_20260902_1_PA019","TOR_20260902_1","B004"
"P02341","TOR_20260902_1_PA019","TOR_20260902_1","B004"
"P02342","TOR_20260902_1_PA019","TOR_20260902_1","B004"
"P02343","TOR_20260902_1_PA019","TOR_20260902_1","B004"
"P02344","TOR_20260902_1_PA019","TOR_20260902_1","B004"
"P02345","TOR_20260902_1_PA019","TOR_20260902_1","B004"
"P02346","TOR_20260902_1_PA020","TOR_20260902_1","B009"
"P02347","TOR_20260902_1_PA020","TOR_20260902_1","B009"
"P02348","TOR_20260902_1_PA020","TOR_20260902_1","B009"
"P02349","TOR_20260902_1_PA021","TOR_20260902_1","B017"
"P02350","TOR_20260902_1_PA021","TOR_20260902_1","B017"
"P02351","TOR_20260902_1_PA022","TOR_20260902_1","B001"
"P02352","TOR_20260902_1_PA022","TOR_20260902_1","B001"
"P02353","TOR_20260902_1_PA022","TOR_20260902_1","B001"
"P02354","TOR_20260902_1_PA022","TOR_20260902_1","B001"
"P02355","TOR_20260902_1_PA022","TOR_20260902_1","B001"
"P02356","TOR_20260902_1_PA023","TOR_20260902_1","B012"
"P02357","TOR_20260902_1_PA023","TOR_20260902_1","B012"
"P02358","TOR_20260902_1_PA023","TOR_20260902_1","B012"
"P02359","TOR_20260902_1_PA023","TOR_20260902_1","B012"
"P02360","TOR_20260902_1_PA023","TOR_20260902_1","B012"
"P02361","TOR_20260902_1_PA023","TOR_20260902_1","B012"
"P02362","TOR_20260902_1_PA024","TOR_20260902_1","B014"
"P02363","TOR_20260902_1_PA025","TOR_20260902_1","B008"
"P02364","TOR_20260902_1_PA025","TOR_20260902_1","B008"
"P02365","TOR_20260902_1_PA025","TOR_20260902_1","B008"
"P02366","TOR_20260902_1_PA026","TOR_20260902_1","B002"
"P02367","TOR_20260902_1_PA026","TOR_20260902_1","B002"
"P02368","TOR_20260902_1_PA026","TOR_20260902_1","B002"
"P02369","TOR_20260902_1_PA026","TOR_20260902_1","B002"
"P02370","TOR_20260902_1_PA026","TOR_20260902_1","B002"
"P02371","TOR_20260902_1_PA026","TOR_20260902_1","B002"
"P02372","TOR_20260902_1_PA027","TOR_20260902_1","B013"
"P02373","TOR_20260902_1_PA028","TOR_20260902_1","B004"
"P02374","TOR_20260902_1_PA028","TOR_20260902_1","B004"
"P02375","TOR_20260902_1_PA028","TOR_20260902_1","B004"
"P02376","TOR_20260902_1_PA028","TOR_20260902_1","B004"
"P02377","TOR_20260902_1_PA028","TOR_20260902_1","B004"
"P02378","TOR_20260902_1_PA029","TOR_20260902_1","B009"
"P02379","TOR_20260902_1_PA029","TOR_20260902_1","B009"
"P02380","TOR_20260902_1_PA029","TOR_20260902_1","B009"
"P02381","TOR_20260902_1_PA029","TOR_20260902_1","B009"
"P02382","TOR_20260902_1_PA030","TOR_20260902_1","B017"
"P02383","TOR_20260902_1_PA030","TOR_20260902_1","B017"
"P02384","TOR_20260902_1_PA030","TOR_20260902_1","B017"
"P02385","TOR_20260902_1_PA031","TOR_20260902_1","B001"
"P02386","TOR_20260902_1_PA032","TOR_20260902_1","B012"
"P02387","TOR_20260902_1_PA032","TOR_20260902_1","B012"
"P02388","TOR_20260902_1_PA032","TOR_20260902_1","B012"
"P02389","TOR_20260902_1_PA033","TOR_20260902_1","B014"
"P02390","TOR_20260902_1_PA033","TOR_20260902_1","B014"
"P02391","TOR_20260902_1_PA033","TOR_20260902_1","B014"
"P02392","TOR_20260902_1_PA033","TOR_20260902_1","B014"
"P02393","TOR_20260902_1_PA033","TOR_20260902_1","B014"
"P02394","TOR_20260902_1_PA034","TOR_20260902_1","B008"
"P02395","TOR_20260902_1_PA034","TOR_20260902_1","B008"
"P02396","TOR_20260902_1_PA035","TOR_20260902_1","B011"
"P02397","TOR_20260902_1_PA035","TOR_20260902_1","B011"
"P02398","TOR_20260902_1_PA036","TOR_20260902_1","B013"
"P02399","TOR_20260902_1_PA036","TOR_20260902_1","B013"
"P02400","TOR_20260902_1_PA036","TOR_20260902_1","B013"
"P02401","TOR_20260902_1_PA036","TOR_20260902_1","B013"
"P02402","TOR_20260902_1_PA036","TOR_20260902_1","B013"
"P02403","TOR_20260902_1_PA037","TOR_20260902_1","B004"
"P02404","TOR_20260902_1_PA037","TOR_20260902_1","B004"
"P02405","TOR_20260902_1_PA037","TOR_20260902_1","B004"
"P02406","TOR_20260902_1_PA038","TOR_20260902_1","B010"
"P02407","TOR_20260902_1_PA038","TOR_20260902_1","B010"
"P02411","TOR_20260902_1_PA040","TOR_20260902_1","B001"
"P02412","TOR_20260902_1_PA040","TOR_20260902_1","B001"
"P02413","TOR_20260902_1_PA040","TOR_20260902_1","B001"
"P02414","TOR_20260902_1_PA040","TOR_20260902_1","B001"
"P02415","TOR_20260902_1_PA040","TOR_20260902_1","B001"
"P02416","TOR_20260902_1_PA040","TOR_20260902_1","B001"
"P02417","TOR_20260902_1_PA041","TOR_20260902_1","B005"
"P02418","TOR_20260902_1_PA041","TOR_20260902_1","B005"
"P02419","TOR_20260902_1_PA041","TOR_20260902_1","B005"
"P02420","TOR_20260902_1_PA041","TOR_20260902_1","B005"
"P02421","TOR_20260902_1_PA042","TOR_20260902_1","B014"
"P02422","TOR_20260902_1_PA042","TOR_20260902_1","B014"
"P02423","TOR_20260902_1_PA042","TOR_20260902_1","B014"
"P02424","TOR_20260902_1_PA043","TOR_20260902_1","B008"
"P02425","TOR_20260902_1_PA043","TOR_20260902_1","B008"
"P02426","TOR_20260902_1_PA044","TOR_20260902_1","B011"
"P02427","TOR_20260902_1_PA044","TOR_20260902_1","B011"
"P02428","TOR_20260903_1_PA001","TOR_20260903_1","B004"
"P02429","TOR_20260903_1_PA001","TOR_20260903_1","B004"
"P02430","TOR_20260903_1_PA001","TOR_20260903_1","B004"
"P02431","TOR_20260903_1_PA001","TOR_20260903_1","B004"
"P02432","TOR_20260903_1_PA001","TOR_20260903_1","B004"
"P02433","TOR_20260903_1_PA002","TOR_20260903_1","B014"
"P02434","TOR_20260903_1_PA002","TOR_20260903_1","B014"
"P02435","TOR_20260903_1_PA002","TOR_20260903_1","B014"
"P02436","TOR_20260903_1_PA002","TOR_20260903_1","B014"
"P02437","TOR_20260903_1_PA003","TOR_20260903_1","B017"
"P02438","TOR_20260903_1_PA003","TOR_20260903_1","B017"
"P02439","TOR_20260903_1_PA003","TOR_20260903_1","B017"
"P02440","TOR_20260903_1_PA003","TOR_20260903_1","B017"
"P02441","TOR_20260903_1_PA004","TOR_20260903_1","B010"
"P02442","TOR_20260903_1_PA004","TOR_20260903_1","B010"
"P02443","TOR_20260903_1_PA004","TOR_20260903_1","B010"
"P02444","TOR_20260903_1_PA004","TOR_20260903_1","B010"
"P02445","TOR_20260903_1_PA004","TOR_20260903_1","B010"
"P02446","TOR_20260903_1_PA004","TOR_20260903_1","B010"
"P02447","TOR_20260903_1_PA004","TOR_20260903_1","B010"
"P02448","TOR_20260903_1_PA004","TOR_20260903_1","B010"
"P02449","TOR_20260903_1_PA005","TOR_20260903_1","B016"
"P02450","TOR_20260903_1_PA005","TOR_20260903_1","B016"
"P02451","TOR_20260903_1_PA005","TOR_20260903_1","B016"
"P02452","TOR_20260903_1_PA005","TOR_20260903_1","B016"
"P02453","TOR_20260903_1_PA005","TOR_20260903_1","B016"
"P02454","TOR_20260903_1_PA005","TOR_20260903_1","B016"
"P02455","TOR_20260903_1_PA005","TOR_20260903_1","B016"
"P02456","TOR_20260903_1_PA006","TOR_20260903_1","B002"
"P02457","TOR_20260903_1_PA006","TOR_20260903_1","B002"
"P02458","TOR_20260903_1_PA006","TOR_20260903_1","B002"
"P02459","TOR_20260903_1_PA006","TOR_20260903_1","B002"
"P02460","TOR_20260903_1_PA007","TOR_20260903_1","B008"
"P02461","TOR_20260903_1_PA007","TOR_20260903_1","B008"
"P02462","TOR_20260903_1_PA007","TOR_20260903_1","B008"
"P02463","TOR_20260903_1_PA008","TOR_20260903_1","B003"
"P02464","TOR_20260903_1_PA008","TOR_20260903_1","B003"
"P02465","TOR_20260903_1_PA008","TOR_20260903_1","B003"
"P02466","TOR_20260903_1_PA008","TOR_20260903_1","B003"
"P02467","TOR_20260903_1_PA008","TOR_20260903_1","B003"
"P02468","TOR_20260903_1_PA008","TOR_20260903_1","B003"
"P02469","TOR_20260903_1_PA009","TOR_20260903_1","B004"
"P02470","TOR_20260903_1_PA009","TOR_20260903_1","B004"
"P02471","TOR_20260903_1_PA010","TOR_20260903_1","B014"
"P02472","TOR_20260903_1_PA010","TOR_20260903_1","B014"
"P02473","TOR_20260903_1_PA010","TOR_20260903_1","B014"
"P02474","TOR_20260903_1_PA010","TOR_20260903_1","B014"
"P02475","TOR_20260903_1_PA011","TOR_20260903_1","B017"
"P02476","TOR_20260903_1_PA011","TOR_20260903_1","B017"
"P02477","TOR_20260903_1_PA011","TOR_20260903_1","B017"
"P02478","TOR_20260903_1_PA011","TOR_20260903_1","B017"
"P02479","TOR_20260903_1_PA011","TOR_20260903_1","B017"
"P02480","TOR_20260903_1_PA011","TOR_20260903_1","B017"
"P02481","TOR_20260903_1_PA011","TOR_20260903_1","B017"
"P02482","TOR_20260903_1_PA011","TOR_20260903_1","B017"
"P02483","TOR_20260903_1_PA012","TOR_20260903_1","B010"
"P02484","TOR_20260903_1_PA013","TOR_20260903_1","B016"
"P02485","TOR_20260903_1_PA013","TOR_20260903_1","B016"
"P02486","TOR_20260903_1_PA013","TOR_20260903_1","B016"
"P02487","TOR_20260903_1_PA014","TOR_20260903_1","B011"
"P02488","TOR_20260903_1_PA014","TOR_20260903_1","B011"
"P02489","TOR_20260903_1_PA014","TOR_20260903_1","B011"
"P02490","TOR_20260903_1_PA014","TOR_20260903_1","B011"
"P02491","TOR_20260903_1_PA014","TOR_20260903_1","B011"
"P02492","TOR_20260903_1_PA014","TOR_20260903_1","B011"
"P02493","TOR_20260903_1_PA015","TOR_20260903_1","B002"
"P02494","TOR_20260903_1_PA015","TOR_20260903_1","B002"
"P02495","TOR_20260903_1_PA015","TOR_20260903_1","B002"
"P02496","TOR_20260903_1_PA015","TOR_20260903_1","B002"
"P02497","TOR_20260903_1_PA015","TOR_20260903_1","B002"
"P02498","TOR_20260903_1_PA016","TOR_20260903_1","B008"
"P02499","TOR_20260903_1_PA016","TOR_20260903_1","B008"
"P02500","TOR_20260903_1_PA016","TOR_20260903_1","B008"
"P02501","TOR_20260903_1_PA016","TOR_20260903_1","B008"
"P02502","TOR_20260903_1_PA017","TOR_20260903_1","B003"
"P02503","TOR_20260903_1_PA017","TOR_20260903_1","B003"
"P02504","TOR_20260903_1_PA017","TOR_20260903_1","B003"
"P02505","TOR_20260903_1_PA017","TOR_20260903_1","B003"
"P02506","TOR_20260903_1_PA017","TOR_20260903_1","B003"
"P02507","TOR_20260903_1_PA017","TOR_20260903_1","B003"
"P02508","TOR_20260903_1_PA017","TOR_20260903_1","B003"
"P02509","TOR_20260903_1_PA018","TOR_20260903_1","B004"
"P02510","TOR_20260903_1_PA019","TOR_20260903_1","B014"
"P02511","TOR_20260903_1_PA019","TOR_20260903_1","B014"
"P02512","TOR_20260903_1_PA020","TOR_20260903_1","B017"
"P02513","TOR_20260903_1_PA020","TOR_20260903_1","B017"
"P02514","TOR_20260903_1_PA020","TOR_20260903_1","B017"
"P02515","TOR_20260903_1_PA020","TOR_20260903_1","B017"
"P02516","TOR_20260903_1_PA021","TOR_20260903_1","B010"
"P02517","TOR_20260903_1_PA021","TOR_20260903_1","B010"
"P02518","TOR_20260903_1_PA021","TOR_20260903_1","B010"
"P02519","TOR_20260903_1_PA021","TOR_20260903_1","B010"
"P02520","TOR_20260903_1_PA021","TOR_20260903_1","B010"
"P02521","TOR_20260903_1_PA022","TOR_20260903_1","B016"
"P02522","TOR_20260903_1_PA022","TOR_20260903_1","B016"
"P02523","TOR_20260903_1_PA022","TOR_20260903_1","B016"
"P02524","TOR_20260903_1_PA022","TOR_20260903_1","B016"
"P02525","TOR_20260903_1_PA022","TOR_20260903_1","B016"
"P02526","TOR_20260903_1_PA023","TOR_20260903_1","B011"
"P02527","TOR_20260903_1_PA023","TOR_20260903_1","B011"
"P02528","TOR_20260903_1_PA023","TOR_20260903_1","B011"
"P02529","TOR_20260903_1_PA023","TOR_20260903_1","B011"
"P02530","TOR_20260903_1_PA023","TOR_20260903_1","B011"
"P02531","TOR_20260903_1_PA023","TOR_20260903_1","B011"
"P02532","TOR_20260903_1_PA023","TOR_20260903_1","B011"
"P02533","TOR_20260903_1_PA023","TOR_20260903_1","B011"
"P02534","TOR_20260903_1_PA024","TOR_20260903_1","B002"
"P02535","TOR_20260903_1_PA024","TOR_20260903_1","B002"
"P02536","TOR_20260903_1_PA024","TOR_20260903_1","B002"
"P02537","TOR_20260903_1_PA024","TOR_20260903_1","B002"
"P02538","TOR_20260903_1_PA025","TOR_20260903_1","B008"
"P02539","TOR_20260903_1_PA025","TOR_20260903_1","B008"
"P02540","TOR_20260903_1_PA026","TOR_20260903_1","B003"
"P02541","TOR_20260903_1_PA026","TOR_20260903_1","B003"
"P02542","TOR_20260903_1_PA026","TOR_20260903_1","B003"
"P02543","TOR_20260903_1_PA027","TOR_20260903_1","B004"
"P02544","TOR_20260903_1_PA027","TOR_20260903_1","B004"
"P02545","TOR_20260903_1_PA028","TOR_20260903_1","B014"
"P02546","TOR_20260903_1_PA028","TOR_20260903_1","B014"
"P02547","TOR_20260903_1_PA028","TOR_20260903_1","B014"
"P02548","TOR_20260903_1_PA028","TOR_20260903_1","B014"
"P02549","TOR_20260903_1_PA028","TOR_20260903_1","B014"
"P02550","TOR_20260903_1_PA029","TOR_20260903_1","B017"
"P02551","TOR_20260903_1_PA029","TOR_20260903_1","B017"
"P02552","TOR_20260903_1_PA030","TOR_20260903_1","B013"
"P02553","TOR_20260903_1_PA030","TOR_20260903_1","B013"
"P02554","TOR_20260903_1_PA030","TOR_20260903_1","B013"
"P02555","TOR_20260903_1_PA030","TOR_20260903_1","B013"
"P02556","TOR_20260903_1_PA030","TOR_20260903_1","B013"
"P02557","TOR_20260903_1_PA030","TOR_20260903_1","B013"
"P02558","TOR_20260903_1_PA031","TOR_20260903_1","B016"
"P02559","TOR_20260903_1_PA031","TOR_20260903_1","B016"
"P02560","TOR_20260903_1_PA031","TOR_20260903_1","B016"
"P02561","TOR_20260903_1_PA031","TOR_20260903_1","B016"
"P02562","TOR_20260903_1_PA031","TOR_20260903_1","B016"
"P02563","TOR_20260903_1_PA031","TOR_20260903_1","B016"
"P02564","TOR_20260903_1_PA032","TOR_20260903_1","B011"
"P02565","TOR_20260903_1_PA032","TOR_20260903_1","B011"
"P02566","TOR_20260903_1_PA032","TOR_20260903_1","B011"
"P02567","TOR_20260903_1_PA032","TOR_20260903_1","B011"
"P02568","TOR_20260903_1_PA033","TOR_20260903_1","B002"
"P02569","TOR_20260903_1_PA033","TOR_20260903_1","B002"
"P02570","TOR_20260903_1_PA033","TOR_20260903_1","B002"
"P02571","TOR_20260903_1_PA033","TOR_20260903_1","B002"
"P02572","TOR_20260903_1_PA033","TOR_20260903_1","B002"
"P02573","TOR_20260903_1_PA034","TOR_20260903_1","B008"
"P02574","TOR_20260903_1_PA034","TOR_20260903_1","B008"
"P02575","TOR_20260903_1_PA034","TOR_20260903_1","B008"
"P02576","TOR_20260903_1_PA034","TOR_20260903_1","B008"
"P02577","TOR_20260903_1_PA035","TOR_20260903_1","B003"
"P02578","TOR_20260903_1_PA035","TOR_20260903_1","B003"
"P02579","TOR_20260903_1_PA035","TOR_20260903_1","B003"
"P02580","TOR_20260903_1_PA035","TOR_20260903_1","B003"
"P02581","TOR_20260903_1_PA035","TOR_20260903_1","B003"
"P02582","TOR_20260903_1_PA036","TOR_20260903_1","B004"
"P02583","TOR_20260903_1_PA036","TOR_20260903_1","B004"
"P02584","TOR_20260903_1_PA036","TOR_20260903_1","B004"
"P02585","TOR_20260903_1_PA036","TOR_20260903_1","B004"
"P02586","TOR_20260903_1_PA036","TOR_20260903_1","B004"
"P02587","TOR_20260903_1_PA036","TOR_20260903_1","B004"
"P02588","TOR_20260903_1_PA036","TOR_20260903_1","B004"
"P02589","TOR_20260903_1_PA037","TOR_20260903_1","B014"
"P02590","TOR_20260903_1_PA037","TOR_20260903_1","B014"
"P02591","TOR_20260903_1_PA037","TOR_20260903_1","B014"
"P02592","TOR_20260903_1_PA037","TOR_20260903_1","B014"
"P02593","TOR_20260903_1_PA038","TOR_20260903_1","B017"
"P02594","TOR_20260903_1_PA038","TOR_20260903_1","B017"
"P02595","TOR_20260903_1_PA038","TOR_20260903_1","B017"
"P02596","TOR_20260903_1_PA038","TOR_20260903_1","B017"
"P02597","TOR_20260903_1_PA039","TOR_20260903_1","B013"
"P02598","TOR_20260903_1_PA039","TOR_20260903_1","B013"
"P02599","TOR_20260903_1_PA039","TOR_20260903_1","B013"
"P02600","TOR_20260903_1_PA039","TOR_20260903_1","B013"
"P02601","TOR_20260903_1_PA040","TOR_20260903_1","B016"
"P02602","TOR_20260903_1_PA040","TOR_20260903_1","B016"
"P02603","TOR_20260903_1_PA040","TOR_20260903_1","B016"
"P02604","TOR_20260903_1_PA040","TOR_20260903_1","B016"
"P02605","TOR_20260903_1_PA040","TOR_20260903_1","B016"
"P02606","TOR_20260903_1_PA040","TOR_20260903_1","B016"
"P02607","TOR_20260903_1_PA041","TOR_20260903_1","B011"
"P02608","TOR_20260903_1_PA041","TOR_20260903_1","B011"
"P02609","TOR_20260903_1_PA041","TOR_20260903_1","B011"
"P02610","TOR_20260903_1_PA041","TOR_20260903_1","B011"
"P02611","TOR_20260903_1_PA042","TOR_20260903_1","B002"
"P02612","TOR_20260903_1_PA042","TOR_20260903_1","B002"
"P02613","TOR_20260903_1_PA043","TOR_20260903_1","B008"
"P02614","TOR_20260903_1_PA043","TOR_20260903_1","B008"
"P02615","TOR_20260903_1_PA043","TOR_20260903_1","B008"
"P02616","TOR_20260903_1_PA043","TOR_20260903_1","B008"
"P02617","TOR_20260903_1_PA043","TOR_20260903_1","B008"
"P02618","TOR_20260903_1_PA044","TOR_20260903_1","B003"
"P02619","TOR_20260903_1_PA044","TOR_20260903_1","B003"
"P02620","TOR_20260903_1_PA044","TOR_20260903_1","B003"
"P02621","TOR_20260903_1_PA044","TOR_20260903_1","B003"
"P02622","TOR_20260903_1_PA044","TOR_20260903_1","B003"
"P02623","TOR_20260904_1_PA001","TOR_20260904_1","B004"
"P02624","TOR_20260904_1_PA002","TOR_20260904_1","B009"
"P02625","TOR_20260904_1_PA002","TOR_20260904_1","B009"
"P02626","TOR_20260904_1_PA002","TOR_20260904_1","B009"
"P02627","TOR_20260904_1_PA002","TOR_20260904_1","B009"
"P02628","TOR_20260904_1_PA003","TOR_20260904_1","B017"
"P02629","TOR_20260904_1_PA003","TOR_20260904_1","B017"
"P02630","TOR_20260904_1_PA003","TOR_20260904_1","B017"
"P02631","TOR_20260904_1_PA004","TOR_20260904_1","B001"
"P02632","TOR_20260904_1_PA004","TOR_20260904_1","B001"
"P02633","TOR_20260904_1_PA005","TOR_20260904_1","B012"
"P02634","TOR_20260904_1_PA005","TOR_20260904_1","B012"
"P02635","TOR_20260904_1_PA005","TOR_20260904_1","B012"
"P02636","TOR_20260904_1_PA005","TOR_20260904_1","B012"
"P02637","TOR_20260904_1_PA006","TOR_20260904_1","B005"
"P02638","TOR_20260904_1_PA006","TOR_20260904_1","B005"
"P02639","TOR_20260904_1_PA006","TOR_20260904_1","B005"
"P02640","TOR_20260904_1_PA006","TOR_20260904_1","B005"
"P02641","TOR_20260904_1_PA006","TOR_20260904_1","B005"
"P02642","TOR_20260904_1_PA007","TOR_20260904_1","B008"
"P02643","TOR_20260904_1_PA008","TOR_20260904_1","B014"
"P02644","TOR_20260904_1_PA008","TOR_20260904_1","B014"
"P02645","TOR_20260904_1_PA008","TOR_20260904_1","B014"
"P02646","TOR_20260904_1_PA009","TOR_20260904_1","B013"
"P02647","TOR_20260904_1_PA009","TOR_20260904_1","B013"
"P02648","TOR_20260904_1_PA009","TOR_20260904_1","B013"
"P02649","TOR_20260904_1_PA009","TOR_20260904_1","B013"
"P02650","TOR_20260904_1_PA009","TOR_20260904_1","B013"
"P02651","TOR_20260904_1_PA009","TOR_20260904_1","B013"
"P02652","TOR_20260904_1_PA010","TOR_20260904_1","B004"
"P02653","TOR_20260904_1_PA010","TOR_20260904_1","B004"
"P02654","TOR_20260904_1_PA010","TOR_20260904_1","B004"
"P02655","TOR_20260904_1_PA010","TOR_20260904_1","B004"
"P02656","TOR_20260904_1_PA011","TOR_20260904_1","B009"
"P02657","TOR_20260904_1_PA011","TOR_20260904_1","B009"
"P02658","TOR_20260904_1_PA012","TOR_20260904_1","B017"
"P02659","TOR_20260904_1_PA013","TOR_20260904_1","B001"
"P02660","TOR_20260904_1_PA013","TOR_20260904_1","B001"
"P02661","TOR_20260904_1_PA013","TOR_20260904_1","B001"
"P02662","TOR_20260904_1_PA014","TOR_20260904_1","B012"
"P02663","TOR_20260904_1_PA014","TOR_20260904_1","B012"
"P02664","TOR_20260904_1_PA014","TOR_20260904_1","B012"
"P02665","TOR_20260904_1_PA014","TOR_20260904_1","B012"
"P02666","TOR_20260904_1_PA014","TOR_20260904_1","B012"
"P02667","TOR_20260904_1_PA015","TOR_20260904_1","B005"
"P02668","TOR_20260904_1_PA015","TOR_20260904_1","B005"
"P02669","TOR_20260904_1_PA015","TOR_20260904_1","B005"
"P02670","TOR_20260904_1_PA015","TOR_20260904_1","B005"
"P02671","TOR_20260904_1_PA015","TOR_20260904_1","B005"
"P02672","TOR_20260904_1_PA016","TOR_20260904_1","B008"
"P02673","TOR_20260904_1_PA016","TOR_20260904_1","B008"
"P02674","TOR_20260904_1_PA017","TOR_20260904_1","B014"
"P02675","TOR_20260904_1_PA017","TOR_20260904_1","B014"
"P02676","TOR_20260904_1_PA018","TOR_20260904_1","B013"
"P02677","TOR_20260904_1_PA019","TOR_20260904_1","B004"
"P02678","TOR_20260904_1_PA019","TOR_20260904_1","B004"
"P02679","TOR_20260904_1_PA019","TOR_20260904_1","B004"
"P02680","TOR_20260904_1_PA020","TOR_20260904_1","B009"
"P02681","TOR_20260904_1_PA020","TOR_20260904_1","B009"
"P02682","TOR_20260904_1_PA021","TOR_20260904_1","B017"
"P02683","TOR_20260904_1_PA021","TOR_20260904_1","B017"
"P02684","TOR_20260904_1_PA021","TOR_20260904_1","B017"
"P02685","TOR_20260904_1_PA021","TOR_20260904_1","B017"
"P02686","TOR_20260904_1_PA021","TOR_20260904_1","B017"
"P02687","TOR_20260904_1_PA022","TOR_20260904_1","B001"
"P02688","TOR_20260904_1_PA022","TOR_20260904_1","B001"
"P02689","TOR_20260904_1_PA022","TOR_20260904_1","B001"
"P02690","TOR_20260904_1_PA022","TOR_20260904_1","B001"
"P02691","TOR_20260904_1_PA023","TOR_20260904_1","B012"
"P02692","TOR_20260904_1_PA024","TOR_20260904_1","B005"
"P02693","TOR_20260904_1_PA024","TOR_20260904_1","B005"
"P02694","TOR_20260904_1_PA024","TOR_20260904_1","B005"
"P02695","TOR_20260904_1_PA024","TOR_20260904_1","B005"
"P02696","TOR_20260904_1_PA025","TOR_20260904_1","B008"
"P02697","TOR_20260904_1_PA025","TOR_20260904_1","B008"
"P02698","TOR_20260904_1_PA026","TOR_20260904_1","B014"
"P02699","TOR_20260904_1_PA026","TOR_20260904_1","B014"
"P02700","TOR_20260904_1_PA026","TOR_20260904_1","B014"
"P02701","TOR_20260904_1_PA026","TOR_20260904_1","B014"
"P02702","TOR_20260904_1_PA026","TOR_20260904_1","B014"
"P02703","TOR_20260904_1_PA026","TOR_20260904_1","B014"
"P02704","TOR_20260904_1_PA026","TOR_20260904_1","B014"
"P02705","TOR_20260904_1_PA026","TOR_20260904_1","B014"
"P02706","TOR_20260904_1_PA027","TOR_20260904_1","B013"
"P02707","TOR_20260904_1_PA028","TOR_20260904_1","B004"
"P02708","TOR_20260904_1_PA028","TOR_20260904_1","B004"
"P02709","TOR_20260904_1_PA028","TOR_20260904_1","B004"
"P02710","TOR_20260904_1_PA028","TOR_20260904_1","B004"
"P02711","TOR_20260904_1_PA028","TOR_20260904_1","B004"
"P02712","TOR_20260904_1_PA029","TOR_20260904_1","B009"
"P02713","TOR_20260904_1_PA029","TOR_20260904_1","B009"
"P02714","TOR_20260904_1_PA029","TOR_20260904_1","B009"
"P02715","TOR_20260904_1_PA030","TOR_20260904_1","B017"
"P02716","TOR_20260904_1_PA030","TOR_20260904_1","B017"
"P02717","TOR_20260904_1_PA031","TOR_20260904_1","B001"
"P02718","TOR_20260904_1_PA031","TOR_20260904_1","B001"
"P02719","TOR_20260904_1_PA032","TOR_20260904_1","B012"
"P02720","TOR_20260904_1_PA032","TOR_20260904_1","B012"
"P02721","TOR_20260904_1_PA032","TOR_20260904_1","B012"
"P02722","TOR_20260904_1_PA033","TOR_20260904_1","B011"
"P02723","TOR_20260904_1_PA033","TOR_20260904_1","B011"
"P02724","TOR_20260904_1_PA033","TOR_20260904_1","B011"
"P02725","TOR_20260904_1_PA033","TOR_20260904_1","B011"
"P02726","TOR_20260904_1_PA034","TOR_20260904_1","B005"
"P02727","TOR_20260904_1_PA035","TOR_20260904_1","B014"
"P02728","TOR_20260904_1_PA035","TOR_20260904_1","B014"
"P02729","TOR_20260904_1_PA036","TOR_20260904_1","B013"
"P02730","TOR_20260904_1_PA036","TOR_20260904_1","B013"
"P02731","TOR_20260904_1_PA036","TOR_20260904_1","B013"
"P02732","TOR_20260904_1_PA036","TOR_20260904_1","B013"
"P02733","TOR_20260904_1_PA036","TOR_20260904_1","B013"
"P02734","TOR_20260904_1_PA037","TOR_20260904_1","B004"
"P02735","TOR_20260904_1_PA037","TOR_20260904_1","B004"
"P02736","TOR_20260904_1_PA037","TOR_20260904_1","B004"
"P02737","TOR_20260904_1_PA037","TOR_20260904_1","B004"
"P02738","TOR_20260904_1_PA037","TOR_20260904_1","B004"
"P02739","TOR_20260904_1_PA037","TOR_20260904_1","B004"
"P02740","TOR_20260904_1_PA037","TOR_20260904_1","B004"
"P02741","TOR_20260904_1_PA038","TOR_20260904_1","B009"
"P02742","TOR_20260904_1_PA038","TOR_20260904_1","B009"
"P02743","TOR_20260904_1_PA039","TOR_20260904_1","B016"
"P02744","TOR_20260904_1_PA039","TOR_20260904_1","B016"
"P02745","TOR_20260904_1_PA040","TOR_20260904_1","B001"
"P02746","TOR_20260904_1_PA040","TOR_20260904_1","B001"
"P02747","TOR_20260904_1_PA040","TOR_20260904_1","B001"
"P02748","TOR_20260904_1_PA041","TOR_20260904_1","B012"
"P02749","TOR_20260904_1_PA041","TOR_20260904_1","B012"
"P02750","TOR_20260904_1_PA041","TOR_20260904_1","B012"
"P02751","TOR_20260904_1_PA041","TOR_20260904_1","B012"
"P02752","TOR_20260904_1_PA041","TOR_20260904_1","B012"
"P02753","TOR_20260904_1_PA042","TOR_20260904_1","B011"
"P02754","TOR_20260904_1_PA042","TOR_20260904_1","B011"
"P02755","TOR_20260904_1_PA042","TOR_20260904_1","B011"
"P02756","TOR_20260904_1_PA042","TOR_20260904_1","B011"
"P02757","TOR_20260904_1_PA043","TOR_20260904_1","B008"
"P02758","TOR_20260904_1_PA043","TOR_20260904_1","B008"
"P02759","TOR_20260904_1_PA043","TOR_20260904_1","B008"
"P02760","TOR_20260905_1_PA001","TOR_20260905_1","B004"
"P02761","TOR_20260905_1_PA001","TOR_20260905_1","B004"
"P02762","TOR_20260905_1_PA001","TOR_20260905_1","B004"
"P02763","TOR_20260905_1_PA001","TOR_20260905_1","B004"
"P02764","TOR_20260905_1_PA001","TOR_20260905_1","B004"
"P02765","TOR_20260905_1_PA001","TOR_20260905_1","B004"
"P02766","TOR_20260905_1_PA002","TOR_20260905_1","B009"
"P02767","TOR_20260905_1_PA002","TOR_20260905_1","B009"
"P02768","TOR_20260905_1_PA002","TOR_20260905_1","B009"
"P02769","TOR_20260905_1_PA002","TOR_20260905_1","B009"
"P02770","TOR_20260905_1_PA002","TOR_20260905_1","B009"
"P02771","TOR_20260905_1_PA002","TOR_20260905_1","B009"
"P02772","TOR_20260905_1_PA003","TOR_20260905_1","B017"
"P02773","TOR_20260905_1_PA003","TOR_20260905_1","B017"
"P02774","TOR_20260905_1_PA004","TOR_20260905_1","B001"
"P02775","TOR_20260905_1_PA004","TOR_20260905_1","B001"
"P02776","TOR_20260905_1_PA004","TOR_20260905_1","B001"
"P02777","TOR_20260905_1_PA004","TOR_20260905_1","B001"
"P02778","TOR_20260905_1_PA005","TOR_20260905_1","B014"
"P02779","TOR_20260905_1_PA005","TOR_20260905_1","B014"
"P02780","TOR_20260905_1_PA005","TOR_20260905_1","B014"
"P02781","TOR_20260905_1_PA005","TOR_20260905_1","B014"
"P02782","TOR_20260905_1_PA005","TOR_20260905_1","B014"
"P02783","TOR_20260905_1_PA006","TOR_20260905_1","B012"
"P02784","TOR_20260905_1_PA006","TOR_20260905_1","B012"
"P02785","TOR_20260905_1_PA006","TOR_20260905_1","B012"
"P02786","TOR_20260905_1_PA006","TOR_20260905_1","B012"
"P02787","TOR_20260905_1_PA006","TOR_20260905_1","B012"
"P02788","TOR_20260905_1_PA006","TOR_20260905_1","B012"
"P02789","TOR_20260905_1_PA006","TOR_20260905_1","B012"
"P02790","TOR_20260905_1_PA006","TOR_20260905_1","B012"
"P02791","TOR_20260905_1_PA007","TOR_20260905_1","B002"
"P02792","TOR_20260905_1_PA007","TOR_20260905_1","B002"
"P02793","TOR_20260905_1_PA007","TOR_20260905_1","B002"
"P02794","TOR_20260905_1_PA007","TOR_20260905_1","B002"
"P02795","TOR_20260905_1_PA008","TOR_20260905_1","B008"
"P02796","TOR_20260905_1_PA008","TOR_20260905_1","B008"
"P02797","TOR_20260905_1_PA008","TOR_20260905_1","B008"
"P02798","TOR_20260905_1_PA008","TOR_20260905_1","B008"
"P02799","TOR_20260905_1_PA008","TOR_20260905_1","B008"
"P02800","TOR_20260905_1_PA008","TOR_20260905_1","B008"
"P02801","TOR_20260905_1_PA009","TOR_20260905_1","B013"
"P02802","TOR_20260905_1_PA009","TOR_20260905_1","B013"
"P02803","TOR_20260905_1_PA009","TOR_20260905_1","B013"
"P02804","TOR_20260905_1_PA009","TOR_20260905_1","B013"
"P02805","TOR_20260905_1_PA009","TOR_20260905_1","B013"
"P02806","TOR_20260905_1_PA010","TOR_20260905_1","B004"
"P02807","TOR_20260905_1_PA010","TOR_20260905_1","B004"
"P02808","TOR_20260905_1_PA010","TOR_20260905_1","B004"
"P02809","TOR_20260905_1_PA010","TOR_20260905_1","B004"
"P02810","TOR_20260905_1_PA010","TOR_20260905_1","B004"
"P02811","TOR_20260905_1_PA011","TOR_20260905_1","B009"
"P02812","TOR_20260905_1_PA011","TOR_20260905_1","B009"
"P02813","TOR_20260905_1_PA012","TOR_20260905_1","B017"
"P02814","TOR_20260905_1_PA012","TOR_20260905_1","B017"
"P02815","TOR_20260905_1_PA012","TOR_20260905_1","B017"
"P02816","TOR_20260905_1_PA012","TOR_20260905_1","B017"
"P02817","TOR_20260905_1_PA013","TOR_20260905_1","B001"
"P02818","TOR_20260905_1_PA014","TOR_20260905_1","B014"
"P02819","TOR_20260905_1_PA014","TOR_20260905_1","B014"
"P02820","TOR_20260905_1_PA014","TOR_20260905_1","B014"
"P02821","TOR_20260905_1_PA015","TOR_20260905_1","B012"
"P02822","TOR_20260905_1_PA015","TOR_20260905_1","B012"
"P02823","TOR_20260905_1_PA015","TOR_20260905_1","B012"
"P02824","TOR_20260905_1_PA016","TOR_20260905_1","B002"
"P02825","TOR_20260905_1_PA016","TOR_20260905_1","B002"
"P02826","TOR_20260905_1_PA016","TOR_20260905_1","B002"
"P02827","TOR_20260905_1_PA016","TOR_20260905_1","B002"
"P02828","TOR_20260905_1_PA016","TOR_20260905_1","B002"
"P02829","TOR_20260905_1_PA016","TOR_20260905_1","B002"
"P02830","TOR_20260905_1_PA016","TOR_20260905_1","B002"
"P02831","TOR_20260905_1_PA017","TOR_20260905_1","B008"
"P02832","TOR_20260905_1_PA017","TOR_20260905_1","B008"
"P02833","TOR_20260905_1_PA018","TOR_20260905_1","B013"
"P02834","TOR_20260905_1_PA018","TOR_20260905_1","B013"
"P02835","TOR_20260905_1_PA019","TOR_20260905_1","B004"
"P02836","TOR_20260905_1_PA019","TOR_20260905_1","B004"
"P02837","TOR_20260905_1_PA019","TOR_20260905_1","B004"
"P02838","TOR_20260905_1_PA019","TOR_20260905_1","B004"
"P02839","TOR_20260905_1_PA020","TOR_20260905_1","B009"
"P02840","TOR_20260905_1_PA021","TOR_20260905_1","B017"
"P02841","TOR_20260905_1_PA021","TOR_20260905_1","B017"
"P02842","TOR_20260905_1_PA021","TOR_20260905_1","B017"
"P02843","TOR_20260905_1_PA021","TOR_20260905_1","B017"
"P02844","TOR_20260905_1_PA021","TOR_20260905_1","B017"
"P02845","TOR_20260905_1_PA021","TOR_20260905_1","B017"
"P02846","TOR_20260905_1_PA021","TOR_20260905_1","B017"
"P02847","TOR_20260905_1_PA022","TOR_20260905_1","B001"
"P02848","TOR_20260905_1_PA022","TOR_20260905_1","B001"
"P02849","TOR_20260905_1_PA022","TOR_20260905_1","B001"
"P02850","TOR_20260905_1_PA022","TOR_20260905_1","B001"
"P02851","TOR_20260905_1_PA022","TOR_20260905_1","B001"
"P02852","TOR_20260905_1_PA023","TOR_20260905_1","B014"
"P02853","TOR_20260905_1_PA023","TOR_20260905_1","B014"
"P02854","TOR_20260905_1_PA023","TOR_20260905_1","B014"
"P02855","TOR_20260905_1_PA023","TOR_20260905_1","B014"
"P02856","TOR_20260905_1_PA024","TOR_20260905_1","B012"
"P02857","TOR_20260905_1_PA024","TOR_20260905_1","B012"
"P02858","TOR_20260905_1_PA024","TOR_20260905_1","B012"
"P02859","TOR_20260905_1_PA024","TOR_20260905_1","B012"
"P02860","TOR_20260905_1_PA025","TOR_20260905_1","B002"
"P02861","TOR_20260905_1_PA025","TOR_20260905_1","B002"
"P02862","TOR_20260905_1_PA025","TOR_20260905_1","B002"
"P02863","TOR_20260905_1_PA025","TOR_20260905_1","B002"
"P02864","TOR_20260905_1_PA025","TOR_20260905_1","B002"
"P02865","TOR_20260905_1_PA026","TOR_20260905_1","B008"
"P02866","TOR_20260905_1_PA026","TOR_20260905_1","B008"
"P02867","TOR_20260905_1_PA026","TOR_20260905_1","B008"
"P02868","TOR_20260905_1_PA027","TOR_20260905_1","B013"
"P02869","TOR_20260905_1_PA027","TOR_20260905_1","B013"
"P02870","TOR_20260905_1_PA027","TOR_20260905_1","B013"
"P02871","TOR_20260905_1_PA027","TOR_20260905_1","B013"
"P02872","TOR_20260905_1_PA027","TOR_20260905_1","B013"
"P02873","TOR_20260905_1_PA028","TOR_20260905_1","B004"
"P02874","TOR_20260905_1_PA028","TOR_20260905_1","B004"
"P02875","TOR_20260905_1_PA029","TOR_20260905_1","B009"
"P02876","TOR_20260905_1_PA029","TOR_20260905_1","B009"
"P02877","TOR_20260905_1_PA029","TOR_20260905_1","B009"
"P02878","TOR_20260905_1_PA029","TOR_20260905_1","B009"
"P02879","TOR_20260905_1_PA029","TOR_20260905_1","B009"
"P02880","TOR_20260905_1_PA029","TOR_20260905_1","B009"
"P02881","TOR_20260905_1_PA030","TOR_20260905_1","B017"
"P02882","TOR_20260905_1_PA030","TOR_20260905_1","B017"
"P02883","TOR_20260905_1_PA030","TOR_20260905_1","B017"
"P02884","TOR_20260905_1_PA030","TOR_20260905_1","B017"
"P02885","TOR_20260905_1_PA031","TOR_20260905_1","B001"
"P02886","TOR_20260905_1_PA031","TOR_20260905_1","B001"
"P02887","TOR_20260905_1_PA031","TOR_20260905_1","B001"
"P02888","TOR_20260905_1_PA032","TOR_20260905_1","B014"
"P02889","TOR_20260905_1_PA032","TOR_20260905_1","B014"
"P02890","TOR_20260905_1_PA032","TOR_20260905_1","B014"
"P02891","TOR_20260905_1_PA033","TOR_20260905_1","B012"
"P02892","TOR_20260905_1_PA034","TOR_20260905_1","B002"
"P02893","TOR_20260905_1_PA034","TOR_20260905_1","B002"
"P02894","TOR_20260905_1_PA034","TOR_20260905_1","B002"
"P02895","TOR_20260905_1_PA034","TOR_20260905_1","B002"
"P02896","TOR_20260905_1_PA034","TOR_20260905_1","B002"
"P02897","TOR_20260905_1_PA035","TOR_20260905_1","B008"
"P02898","TOR_20260905_1_PA035","TOR_20260905_1","B008"
"P02899","TOR_20260905_1_PA035","TOR_20260905_1","B008"
"P02900","TOR_20260905_1_PA035","TOR_20260905_1","B008"
"P02901","TOR_20260905_1_PA036","TOR_20260905_1","B013"
"P02902","TOR_20260905_1_PA036","TOR_20260905_1","B013"
"P02903","TOR_20260905_1_PA036","TOR_20260905_1","B013"
"P02904","TOR_20260905_1_PA036","TOR_20260905_1","B013"
"P02905","TOR_20260905_1_PA036","TOR_20260905_1","B013"
"P02906","TOR_20260905_1_PA037","TOR_20260905_1","B004"
"P02907","TOR_20260905_1_PA037","TOR_20260905_1","B004"
"P02908","TOR_20260905_1_PA037","TOR_20260905_1","B004"
"P02909","TOR_20260905_1_PA038","TOR_20260905_1","B009"
"P02910","TOR_20260905_1_PA038","TOR_20260905_1","B009"
"P02911","TOR_20260905_1_PA039","TOR_20260905_1","B017"
"P02912","TOR_20260905_1_PA039","TOR_20260905_1","B017"
"P02913","TOR_20260905_1_PA040","TOR_20260905_1","B001"
"P02914","TOR_20260905_1_PA040","TOR_20260905_1","B001"
"P02915","TOR_20260905_1_PA041","TOR_20260905_1","B014"
"P02916","TOR_20260905_1_PA041","TOR_20260905_1","B014"
"P02917","TOR_20260905_1_PA042","TOR_20260905_1","B012"
"P02918","TOR_20260905_1_PA042","TOR_20260905_1","B012"
"P02919","TOR_20260905_1_PA042","TOR_20260905_1","B012"
"P02920","TOR_20260906_1_PA001","TOR_20260906_1","B004"
"P02921","TOR_20260906_1_PA001","TOR_20260906_1","B004"
"P02922","TOR_20260906_1_PA001","TOR_20260906_1","B004"
"P02923","TOR_20260906_1_PA001","TOR_20260906_1","B004"
"P02924","TOR_20260906_1_PA002","TOR_20260906_1","B014"
"P02925","TOR_20260906_1_PA002","TOR_20260906_1","B014"
"P02926","TOR_20260906_1_PA003","TOR_20260906_1","B017"
"P02927","TOR_20260906_1_PA003","TOR_20260906_1","B017"
"P02928","TOR_20260906_1_PA003","TOR_20260906_1","B017"
"P02929","TOR_20260906_1_PA004","TOR_20260906_1","B010"
"P02930","TOR_20260906_1_PA004","TOR_20260906_1","B010"
"P02931","TOR_20260906_1_PA004","TOR_20260906_1","B010"
"P02932","TOR_20260906_1_PA004","TOR_20260906_1","B010"
"P02933","TOR_20260906_1_PA004","TOR_20260906_1","B010"
"P02934","TOR_20260906_1_PA005","TOR_20260906_1","B012"
"P02935","TOR_20260906_1_PA005","TOR_20260906_1","B012"
"P02936","TOR_20260906_1_PA005","TOR_20260906_1","B012"
"P02937","TOR_20260906_1_PA005","TOR_20260906_1","B012"
"P02938","TOR_20260906_1_PA005","TOR_20260906_1","B012"
"P02939","TOR_20260906_1_PA005","TOR_20260906_1","B012"
"P02940","TOR_20260906_1_PA006","TOR_20260906_1","B016"
"P02941","TOR_20260906_1_PA006","TOR_20260906_1","B016"
"P02942","TOR_20260906_1_PA006","TOR_20260906_1","B016"
"P02943","TOR_20260906_1_PA006","TOR_20260906_1","B016"
"P02944","TOR_20260906_1_PA006","TOR_20260906_1","B016"
"P02945","TOR_20260906_1_PA006","TOR_20260906_1","B016"
"P02946","TOR_20260906_1_PA007","TOR_20260906_1","B011"
"P02947","TOR_20260906_1_PA007","TOR_20260906_1","B011"
"P02948","TOR_20260906_1_PA007","TOR_20260906_1","B011"
"P02949","TOR_20260906_1_PA008","TOR_20260906_1","B002"
"P02950","TOR_20260906_1_PA008","TOR_20260906_1","B002"
"P02951","TOR_20260906_1_PA008","TOR_20260906_1","B002"
"P02952","TOR_20260906_1_PA008","TOR_20260906_1","B002"
"P02953","TOR_20260906_1_PA008","TOR_20260906_1","B002"
"P02954","TOR_20260906_1_PA008","TOR_20260906_1","B002"
"P02955","TOR_20260906_1_PA009","TOR_20260906_1","B003"
"P02956","TOR_20260906_1_PA009","TOR_20260906_1","B003"
"P02957","TOR_20260906_1_PA009","TOR_20260906_1","B003"
"P02958","TOR_20260906_1_PA009","TOR_20260906_1","B003"
"P02959","TOR_20260906_1_PA010","TOR_20260906_1","B004"
"P02960","TOR_20260906_1_PA011","TOR_20260906_1","B014"
"P02961","TOR_20260906_1_PA011","TOR_20260906_1","B014"
"P02962","TOR_20260906_1_PA011","TOR_20260906_1","B014"
"P02963","TOR_20260906_1_PA011","TOR_20260906_1","B014"
"P02964","TOR_20260906_1_PA011","TOR_20260906_1","B014"
"P02965","TOR_20260906_1_PA012","TOR_20260906_1","B017"
"P02966","TOR_20260906_1_PA012","TOR_20260906_1","B017"
"P02967","TOR_20260906_1_PA013","TOR_20260906_1","B010"
"P02968","TOR_20260906_1_PA013","TOR_20260906_1","B010"
"P02969","TOR_20260906_1_PA013","TOR_20260906_1","B010"
"P02970","TOR_20260906_1_PA013","TOR_20260906_1","B010"
"P02971","TOR_20260906_1_PA014","TOR_20260906_1","B012"
"P02972","TOR_20260906_1_PA014","TOR_20260906_1","B012"
"P02973","TOR_20260906_1_PA014","TOR_20260906_1","B012"
"P02974","TOR_20260906_1_PA014","TOR_20260906_1","B012"
"P02975","TOR_20260906_1_PA015","TOR_20260906_1","B016"
"P02976","TOR_20260906_1_PA015","TOR_20260906_1","B016"
"P02977","TOR_20260906_1_PA015","TOR_20260906_1","B016"
"P02978","TOR_20260906_1_PA015","TOR_20260906_1","B016"
"P02979","TOR_20260906_1_PA016","TOR_20260906_1","B011"
"P02980","TOR_20260906_1_PA016","TOR_20260906_1","B011"
"P02981","TOR_20260906_1_PA016","TOR_20260906_1","B011"
"P02982","TOR_20260906_1_PA016","TOR_20260906_1","B011"
"P02983","TOR_20260906_1_PA016","TOR_20260906_1","B011"
"P02984","TOR_20260906_1_PA016","TOR_20260906_1","B011"
"P02985","TOR_20260906_1_PA016","TOR_20260906_1","B011"
"P02986","TOR_20260906_1_PA016","TOR_20260906_1","B011"
"P02987","TOR_20260906_1_PA017","TOR_20260906_1","B002"
"P02988","TOR_20260906_1_PA018","TOR_20260906_1","B003"
"P02989","TOR_20260906_1_PA018","TOR_20260906_1","B003"
"P02990","TOR_20260906_1_PA018","TOR_20260906_1","B003"
"P02991","TOR_20260906_1_PA018","TOR_20260906_1","B003"
"P02992","TOR_20260906_1_PA018","TOR_20260906_1","B003"
"P02993","TOR_20260906_1_PA019","TOR_20260906_1","B004"
"P02994","TOR_20260906_1_PA019","TOR_20260906_1","B004"
"P02995","TOR_20260906_1_PA019","TOR_20260906_1","B004"
"P02996","TOR_20260906_1_PA019","TOR_20260906_1","B004"
"P02997","TOR_20260906_1_PA020","TOR_20260906_1","B014"
"P02998","TOR_20260906_1_PA020","TOR_20260906_1","B014"
"P02999","TOR_20260906_1_PA021","TOR_20260906_1","B017"
"P03000","TOR_20260906_1_PA021","TOR_20260906_1","B017"
"P03001","TOR_20260906_1_PA021","TOR_20260906_1","B017"
"P03002","TOR_20260906_1_PA021","TOR_20260906_1","B017"
"P03003","TOR_20260906_1_PA021","TOR_20260906_1","B017"
"P03004","TOR_20260906_1_PA022","TOR_20260906_1","B013"
"P03005","TOR_20260906_1_PA022","TOR_20260906_1","B013"
"P03006","TOR_20260906_1_PA022","TOR_20260906_1","B013"
"P03007","TOR_20260906_1_PA022","TOR_20260906_1","B013"
"P03008","TOR_20260906_1_PA022","TOR_20260906_1","B013"
"P03009","TOR_20260906_1_PA022","TOR_20260906_1","B013"
"P03010","TOR_20260906_1_PA023","TOR_20260906_1","B012"
"P03011","TOR_20260906_1_PA023","TOR_20260906_1","B012"
"P03012","TOR_20260906_1_PA023","TOR_20260906_1","B012"
"P03013","TOR_20260906_1_PA023","TOR_20260906_1","B012"
"P03014","TOR_20260906_1_PA024","TOR_20260906_1","B005"
"P03015","TOR_20260906_1_PA024","TOR_20260906_1","B005"
"P03016","TOR_20260906_1_PA024","TOR_20260906_1","B005"
"P03017","TOR_20260906_1_PA024","TOR_20260906_1","B005"
"P03018","TOR_20260906_1_PA024","TOR_20260906_1","B005"
"P03019","TOR_20260906_1_PA025","TOR_20260906_1","B009"
"P03020","TOR_20260906_1_PA025","TOR_20260906_1","B009"
"P03021","TOR_20260906_1_PA025","TOR_20260906_1","B009"
"P03022","TOR_20260906_1_PA025","TOR_20260906_1","B009"
"P03023","TOR_20260906_1_PA025","TOR_20260906_1","B009"
"P03024","TOR_20260906_1_PA026","TOR_20260906_1","B002"
"P03025","TOR_20260906_1_PA026","TOR_20260906_1","B002"
"P03026","TOR_20260906_1_PA027","TOR_20260906_1","B003"
"P03027","TOR_20260906_1_PA027","TOR_20260906_1","B003"
"P03028","TOR_20260906_1_PA027","TOR_20260906_1","B003"
"P03029","TOR_20260906_1_PA028","TOR_20260906_1","B004"
"P03030","TOR_20260906_1_PA028","TOR_20260906_1","B004"
"P03031","TOR_20260906_1_PA029","TOR_20260906_1","B014"
"P03032","TOR_20260906_1_PA029","TOR_20260906_1","B014"
"P03033","TOR_20260906_1_PA029","TOR_20260906_1","B014"
"P03034","TOR_20260906_1_PA029","TOR_20260906_1","B014"
"P03035","TOR_20260906_1_PA029","TOR_20260906_1","B014"
"P03036","TOR_20260906_1_PA030","TOR_20260906_1","B017"
"P03037","TOR_20260906_1_PA030","TOR_20260906_1","B017"
"P03038","TOR_20260906_1_PA030","TOR_20260906_1","B017"
"P03039","TOR_20260906_1_PA030","TOR_20260906_1","B017"
"P03040","TOR_20260906_1_PA030","TOR_20260906_1","B017"
"P03041","TOR_20260906_1_PA030","TOR_20260906_1","B017"
"P03042","TOR_20260906_1_PA030","TOR_20260906_1","B017"
"P03043","TOR_20260906_1_PA031","TOR_20260906_1","B013"
"P03044","TOR_20260906_1_PA032","TOR_20260906_1","B012"
"P03045","TOR_20260906_1_PA032","TOR_20260906_1","B012"
"P03046","TOR_20260906_1_PA032","TOR_20260906_1","B012"
"P03047","TOR_20260906_1_PA032","TOR_20260906_1","B012"
"P03048","TOR_20260906_1_PA032","TOR_20260906_1","B012"
"P03049","TOR_20260906_1_PA032","TOR_20260906_1","B012"
"P03050","TOR_20260906_1_PA032","TOR_20260906_1","B012"
"P03051","TOR_20260906_1_PA033","TOR_20260906_1","B005"
"P03052","TOR_20260906_1_PA033","TOR_20260906_1","B005"
"P03053","TOR_20260906_1_PA033","TOR_20260906_1","B005"
"P03054","TOR_20260906_1_PA033","TOR_20260906_1","B005"
"P03055","TOR_20260906_1_PA033","TOR_20260906_1","B005"
"P03056","TOR_20260906_1_PA034","TOR_20260906_1","B008"
"P03057","TOR_20260906_1_PA034","TOR_20260906_1","B008"
"P03058","TOR_20260907_1_PA001","TOR_20260907_1","B004"
"P03059","TOR_20260907_1_PA001","TOR_20260907_1","B004"
"P03060","TOR_20260907_1_PA001","TOR_20260907_1","B004"
"P03061","TOR_20260907_1_PA001","TOR_20260907_1","B004"
"P03062","TOR_20260907_1_PA002","TOR_20260907_1","B009"
"P03063","TOR_20260907_1_PA002","TOR_20260907_1","B009"
"P03064","TOR_20260907_1_PA002","TOR_20260907_1","B009"
"P03065","TOR_20260907_1_PA002","TOR_20260907_1","B009"
"P03066","TOR_20260907_1_PA003","TOR_20260907_1","B017"
"P03067","TOR_20260907_1_PA003","TOR_20260907_1","B017"
"P03068","TOR_20260907_1_PA003","TOR_20260907_1","B017"
"P03069","TOR_20260907_1_PA003","TOR_20260907_1","B017"
"P03070","TOR_20260907_1_PA003","TOR_20260907_1","B017"
"P03071","TOR_20260907_1_PA003","TOR_20260907_1","B017"
"P03072","TOR_20260907_1_PA004","TOR_20260907_1","B001"
"P03073","TOR_20260907_1_PA004","TOR_20260907_1","B001"
"P03074","TOR_20260907_1_PA005","TOR_20260907_1","B012"
"P03075","TOR_20260907_1_PA005","TOR_20260907_1","B012"
"P03076","TOR_20260907_1_PA005","TOR_20260907_1","B012"
"P03077","TOR_20260907_1_PA005","TOR_20260907_1","B012"
"P03078","TOR_20260907_1_PA006","TOR_20260907_1","B014"
"P03079","TOR_20260907_1_PA006","TOR_20260907_1","B014"
"P03080","TOR_20260907_1_PA006","TOR_20260907_1","B014"
"P03081","TOR_20260907_1_PA007","TOR_20260907_1","B008"
"P03082","TOR_20260907_1_PA007","TOR_20260907_1","B008"
"P03083","TOR_20260907_1_PA007","TOR_20260907_1","B008"
"P03084","TOR_20260907_1_PA008","TOR_20260907_1","B002"
"P03085","TOR_20260907_1_PA008","TOR_20260907_1","B002"
"P03086","TOR_20260907_1_PA009","TOR_20260907_1","B013"
"P03087","TOR_20260907_1_PA009","TOR_20260907_1","B013"
"P03088","TOR_20260907_1_PA009","TOR_20260907_1","B013"
"P03089","TOR_20260907_1_PA009","TOR_20260907_1","B013"
"P03090","TOR_20260907_1_PA009","TOR_20260907_1","B013"
"P03091","TOR_20260907_1_PA010","TOR_20260907_1","B004"
"P03092","TOR_20260907_1_PA010","TOR_20260907_1","B004"
"P03093","TOR_20260907_1_PA011","TOR_20260907_1","B009"
"P03094","TOR_20260907_1_PA011","TOR_20260907_1","B009"
"P03095","TOR_20260907_1_PA011","TOR_20260907_1","B009"
"P03096","TOR_20260907_1_PA011","TOR_20260907_1","B009"
"P03097","TOR_20260907_1_PA011","TOR_20260907_1","B009"
"P03098","TOR_20260907_1_PA011","TOR_20260907_1","B009"
"P03099","TOR_20260907_1_PA012","TOR_20260907_1","B017"
"P03100","TOR_20260907_1_PA012","TOR_20260907_1","B017"
"P03101","TOR_20260907_1_PA012","TOR_20260907_1","B017"
"P03102","TOR_20260907_1_PA012","TOR_20260907_1","B017"
"P03103","TOR_20260907_1_PA013","TOR_20260907_1","B001"
"P03104","TOR_20260907_1_PA013","TOR_20260907_1","B001"
"P03105","TOR_20260907_1_PA013","TOR_20260907_1","B001"
"P03106","TOR_20260907_1_PA014","TOR_20260907_1","B012"
"P03107","TOR_20260907_1_PA014","TOR_20260907_1","B012"
"P03108","TOR_20260907_1_PA014","TOR_20260907_1","B012"
"P03109","TOR_20260907_1_PA015","TOR_20260907_1","B014"
"P03110","TOR_20260907_1_PA015","TOR_20260907_1","B014"
"P03111","TOR_20260907_1_PA015","TOR_20260907_1","B014"
"P03112","TOR_20260907_1_PA015","TOR_20260907_1","B014"
"P03113","TOR_20260907_1_PA015","TOR_20260907_1","B014"
"P03114","TOR_20260907_1_PA016","TOR_20260907_1","B008"
"P03115","TOR_20260907_1_PA016","TOR_20260907_1","B008"
"P03116","TOR_20260907_1_PA016","TOR_20260907_1","B008"
"P03117","TOR_20260907_1_PA016","TOR_20260907_1","B008"
"P03118","TOR_20260907_1_PA017","TOR_20260907_1","B002"
"P03119","TOR_20260907_1_PA017","TOR_20260907_1","B002"
"P03120","TOR_20260907_1_PA017","TOR_20260907_1","B002"
"P03121","TOR_20260907_1_PA017","TOR_20260907_1","B002"
"P03122","TOR_20260907_1_PA018","TOR_20260907_1","B013"
"P03123","TOR_20260907_1_PA018","TOR_20260907_1","B013"
"P03124","TOR_20260907_1_PA018","TOR_20260907_1","B013"
"P03125","TOR_20260907_1_PA019","TOR_20260907_1","B004"
"P03126","TOR_20260907_1_PA019","TOR_20260907_1","B004"
"P03127","TOR_20260907_1_PA019","TOR_20260907_1","B004"
"P03128","TOR_20260907_1_PA019","TOR_20260907_1","B004"
"P03129","TOR_20260907_1_PA020","TOR_20260907_1","B009"
"P03130","TOR_20260907_1_PA021","TOR_20260907_1","B017"
"P03131","TOR_20260907_1_PA021","TOR_20260907_1","B017"
"P03132","TOR_20260907_1_PA022","TOR_20260907_1","B001"
"P03133","TOR_20260907_1_PA022","TOR_20260907_1","B001"
"P03134","TOR_20260907_1_PA022","TOR_20260907_1","B001"
"P03135","TOR_20260907_1_PA022","TOR_20260907_1","B001"
"P03136","TOR_20260907_1_PA022","TOR_20260907_1","B001"
"P03137","TOR_20260907_1_PA023","TOR_20260907_1","B012"
"P03138","TOR_20260907_1_PA023","TOR_20260907_1","B012"
"P03139","TOR_20260907_1_PA024","TOR_20260907_1","B014"
"P03140","TOR_20260907_1_PA024","TOR_20260907_1","B014"
"P03141","TOR_20260907_1_PA024","TOR_20260907_1","B014"
"P03142","TOR_20260907_1_PA024","TOR_20260907_1","B014"
"P03143","TOR_20260907_1_PA025","TOR_20260907_1","B008"
"P03144","TOR_20260907_1_PA025","TOR_20260907_1","B008"
"P03145","TOR_20260907_1_PA025","TOR_20260907_1","B008"
"P03146","TOR_20260907_1_PA025","TOR_20260907_1","B008"
"P03147","TOR_20260907_1_PA025","TOR_20260907_1","B008"
"P03148","TOR_20260907_1_PA026","TOR_20260907_1","B002"
"P03149","TOR_20260907_1_PA026","TOR_20260907_1","B002"
"P03150","TOR_20260907_1_PA026","TOR_20260907_1","B002"
"P03151","TOR_20260907_1_PA027","TOR_20260907_1","B011"
"P03152","TOR_20260907_1_PA027","TOR_20260907_1","B011"
"P03153","TOR_20260907_1_PA027","TOR_20260907_1","B011"
"P03154","TOR_20260907_1_PA028","TOR_20260907_1","B004"
"P03155","TOR_20260907_1_PA028","TOR_20260907_1","B004"
"P03156","TOR_20260907_1_PA028","TOR_20260907_1","B004"
"P03157","TOR_20260907_1_PA028","TOR_20260907_1","B004"
"P03158","TOR_20260907_1_PA028","TOR_20260907_1","B004"
"P03159","TOR_20260907_1_PA029","TOR_20260907_1","B009"
"P03160","TOR_20260907_1_PA029","TOR_20260907_1","B009"
"P03161","TOR_20260907_1_PA029","TOR_20260907_1","B009"
"P03162","TOR_20260907_1_PA029","TOR_20260907_1","B009"
"P03163","TOR_20260907_1_PA029","TOR_20260907_1","B009"
"P03164","TOR_20260907_1_PA030","TOR_20260907_1","B017"
"P03165","TOR_20260907_1_PA030","TOR_20260907_1","B017"
"P03166","TOR_20260907_1_PA030","TOR_20260907_1","B017"
"P03167","TOR_20260907_1_PA030","TOR_20260907_1","B017"
"P03168","TOR_20260907_1_PA031","TOR_20260907_1","B001"
"P03169","TOR_20260907_1_PA031","TOR_20260907_1","B001"
"P03170","TOR_20260907_1_PA032","TOR_20260907_1","B012"
"P03171","TOR_20260907_1_PA032","TOR_20260907_1","B012"
"P03172","TOR_20260907_1_PA032","TOR_20260907_1","B012"
"P03173","TOR_20260907_1_PA032","TOR_20260907_1","B012"
"P03174","TOR_20260907_1_PA032","TOR_20260907_1","B012"
"P03175","TOR_20260907_1_PA032","TOR_20260907_1","B012"
"P03176","TOR_20260907_1_PA033","TOR_20260907_1","B014"
"P03177","TOR_20260907_1_PA033","TOR_20260907_1","B014"
"P03178","TOR_20260907_1_PA033","TOR_20260907_1","B014"
"P03179","TOR_20260907_1_PA034","TOR_20260907_1","B008"
"P03180","TOR_20260907_1_PA034","TOR_20260907_1","B008"
"P03181","TOR_20260907_1_PA034","TOR_20260907_1","B008"
"P03182","TOR_20260907_1_PA035","TOR_20260907_1","B002"
"P03183","TOR_20260907_1_PA035","TOR_20260907_1","B002"
"P03184","TOR_20260907_1_PA035","TOR_20260907_1","B002"
"P03185","TOR_20260907_1_PA036","TOR_20260907_1","B011"
"P03186","TOR_20260907_1_PA036","TOR_20260907_1","B011"
"P03187","TOR_20260907_1_PA036","TOR_20260907_1","B011"
"P03188","TOR_20260907_1_PA036","TOR_20260907_1","B011"
"P03189","TOR_20260907_1_PA037","TOR_20260907_1","B004"
"P03190","TOR_20260907_1_PA037","TOR_20260907_1","B004"
"P03191","TOR_20260907_1_PA037","TOR_20260907_1","B004"
"P03192","TOR_20260907_1_PA037","TOR_20260907_1","B004"
"P03193","TOR_20260907_1_PA037","TOR_20260907_1","B004"
"P03194","TOR_20260907_1_PA037","TOR_20260907_1","B004"
"P03195","TOR_20260907_1_PA037","TOR_20260907_1","B004"
"P03196","TOR_20260907_1_PA037","TOR_20260907_1","B004"
"P03197","TOR_20260907_1_PA038","TOR_20260907_1","B009"
"P03198","TOR_20260907_1_PA038","TOR_20260907_1","B009"
"P03199","TOR_20260907_1_PA038","TOR_20260907_1","B009"
"P03200","TOR_20260907_1_PA038","TOR_20260907_1","B009"
"P03201","TOR_20260908_1_PA001","TOR_20260908_1","B004"
"P03202","TOR_20260908_1_PA001","TOR_20260908_1","B004"
"P03203","TOR_20260908_1_PA001","TOR_20260908_1","B004"
"P03204","TOR_20260908_1_PA002","TOR_20260908_1","B014"
"P03205","TOR_20260908_1_PA002","TOR_20260908_1","B014"
"P03206","TOR_20260908_1_PA002","TOR_20260908_1","B014"
"P03207","TOR_20260908_1_PA002","TOR_20260908_1","B014"
"P03208","TOR_20260908_1_PA003","TOR_20260908_1","B017"
"P03209","TOR_20260908_1_PA003","TOR_20260908_1","B017"
"P03210","TOR_20260908_1_PA003","TOR_20260908_1","B017"
"P03211","TOR_20260908_1_PA003","TOR_20260908_1","B017"
"P03212","TOR_20260908_1_PA004","TOR_20260908_1","B001"
"P03213","TOR_20260908_1_PA004","TOR_20260908_1","B001"
"P03214","TOR_20260908_1_PA004","TOR_20260908_1","B001"
"P03215","TOR_20260908_1_PA004","TOR_20260908_1","B001"
"P03216","TOR_20260908_1_PA004","TOR_20260908_1","B001"
"P03217","TOR_20260908_1_PA005","TOR_20260908_1","B011"
"P03218","TOR_20260908_1_PA005","TOR_20260908_1","B011"
"P03219","TOR_20260908_1_PA005","TOR_20260908_1","B011"
"P03220","TOR_20260908_1_PA005","TOR_20260908_1","B011"
"P03221","TOR_20260908_1_PA005","TOR_20260908_1","B011"
"P03222","TOR_20260908_1_PA006","TOR_20260908_1","B012"
"P03223","TOR_20260908_1_PA006","TOR_20260908_1","B012"
"P03224","TOR_20260908_1_PA006","TOR_20260908_1","B012"
"P03225","TOR_20260908_1_PA006","TOR_20260908_1","B012"
"P03226","TOR_20260908_1_PA007","TOR_20260908_1","B002"
"P03227","TOR_20260908_1_PA007","TOR_20260908_1","B002"
"P03228","TOR_20260908_1_PA007","TOR_20260908_1","B002"
"P03229","TOR_20260908_1_PA007","TOR_20260908_1","B002"
"P03230","TOR_20260908_1_PA008","TOR_20260908_1","B010"
"P03231","TOR_20260908_1_PA008","TOR_20260908_1","B010"
"P03232","TOR_20260908_1_PA008","TOR_20260908_1","B010"
"P03233","TOR_20260908_1_PA009","TOR_20260908_1","B008"
"P03234","TOR_20260908_1_PA009","TOR_20260908_1","B008"
"P03235","TOR_20260908_1_PA009","TOR_20260908_1","B008"
"P03236","TOR_20260908_1_PA010","TOR_20260908_1","B004"
"P03237","TOR_20260908_1_PA010","TOR_20260908_1","B004"
"P03238","TOR_20260908_1_PA010","TOR_20260908_1","B004"
"P03239","TOR_20260908_1_PA010","TOR_20260908_1","B004"
"P03240","TOR_20260908_1_PA010","TOR_20260908_1","B004"
"P03241","TOR_20260908_1_PA011","TOR_20260908_1","B014"
"P03242","TOR_20260908_1_PA011","TOR_20260908_1","B014"
"P03243","TOR_20260908_1_PA012","TOR_20260908_1","B017"
"P03244","TOR_20260908_1_PA012","TOR_20260908_1","B017"
"P03245","TOR_20260908_1_PA013","TOR_20260908_1","B001"
"P03246","TOR_20260908_1_PA013","TOR_20260908_1","B001"
"P03247","TOR_20260908_1_PA014","TOR_20260908_1","B011"
"P03248","TOR_20260908_1_PA014","TOR_20260908_1","B011"
"P03249","TOR_20260908_1_PA014","TOR_20260908_1","B011"
"P03250","TOR_20260908_1_PA014","TOR_20260908_1","B011"
"P03251","TOR_20260908_1_PA015","TOR_20260908_1","B012"
"P03252","TOR_20260908_1_PA015","TOR_20260908_1","B012"
"P03253","TOR_20260908_1_PA015","TOR_20260908_1","B012"
"P03254","TOR_20260908_1_PA015","TOR_20260908_1","B012"
"P03255","TOR_20260908_1_PA016","TOR_20260908_1","B002"
"P03256","TOR_20260908_1_PA016","TOR_20260908_1","B002"
"P03257","TOR_20260908_1_PA016","TOR_20260908_1","B002"
"P03258","TOR_20260908_1_PA016","TOR_20260908_1","B002"
"P03259","TOR_20260908_1_PA016","TOR_20260908_1","B002"
"P03260","TOR_20260908_1_PA016","TOR_20260908_1","B002"
"P03261","TOR_20260908_1_PA017","TOR_20260908_1","B010"
"P03262","TOR_20260908_1_PA017","TOR_20260908_1","B010"
"P03263","TOR_20260908_1_PA017","TOR_20260908_1","B010"
"P03264","TOR_20260908_1_PA017","TOR_20260908_1","B010"
"P03265","TOR_20260908_1_PA017","TOR_20260908_1","B010"
"P03266","TOR_20260908_1_PA017","TOR_20260908_1","B010"
"P03267","TOR_20260908_1_PA017","TOR_20260908_1","B010"
"P03268","TOR_20260908_1_PA017","TOR_20260908_1","B010"
"P03269","TOR_20260908_1_PA018","TOR_20260908_1","B008"
"P03270","TOR_20260908_1_PA018","TOR_20260908_1","B008"
"P03271","TOR_20260908_1_PA019","TOR_20260908_1","B004"
"P03272","TOR_20260908_1_PA019","TOR_20260908_1","B004"
"P03273","TOR_20260908_1_PA019","TOR_20260908_1","B004"
"P03274","TOR_20260908_1_PA019","TOR_20260908_1","B004"
"P03275","TOR_20260908_1_PA019","TOR_20260908_1","B004"
"P03276","TOR_20260908_1_PA019","TOR_20260908_1","B004"
"P03277","TOR_20260908_1_PA020","TOR_20260908_1","B014"
"P03278","TOR_20260908_1_PA020","TOR_20260908_1","B014"
"P03279","TOR_20260908_1_PA020","TOR_20260908_1","B014"
"P03280","TOR_20260908_1_PA020","TOR_20260908_1","B014"
"P03281","TOR_20260908_1_PA020","TOR_20260908_1","B014"
"P03282","TOR_20260908_1_PA020","TOR_20260908_1","B014"
"P03283","TOR_20260908_1_PA021","TOR_20260908_1","B017"
"P03284","TOR_20260908_1_PA021","TOR_20260908_1","B017"
"P03285","TOR_20260908_1_PA021","TOR_20260908_1","B017"
"P03286","TOR_20260908_1_PA021","TOR_20260908_1","B017"
"P03287","TOR_20260908_1_PA022","TOR_20260908_1","B001"
"P03288","TOR_20260908_1_PA022","TOR_20260908_1","B001"
"P03289","TOR_20260908_1_PA022","TOR_20260908_1","B001"
"P03290","TOR_20260908_1_PA022","TOR_20260908_1","B001"
"P03291","TOR_20260908_1_PA022","TOR_20260908_1","B001"
"P03292","TOR_20260908_1_PA022","TOR_20260908_1","B001"
"P03293","TOR_20260908_1_PA022","TOR_20260908_1","B001"
"P03294","TOR_20260908_1_PA023","TOR_20260908_1","B011"
"P03295","TOR_20260908_1_PA024","TOR_20260908_1","B012"
"P03296","TOR_20260908_1_PA024","TOR_20260908_1","B012"
"P03297","TOR_20260908_1_PA024","TOR_20260908_1","B012"
"P03298","TOR_20260908_1_PA024","TOR_20260908_1","B012"
"P03299","TOR_20260908_1_PA024","TOR_20260908_1","B012"
"P03300","TOR_20260908_1_PA025","TOR_20260908_1","B002"
"P03301","TOR_20260908_1_PA025","TOR_20260908_1","B002"
"P03302","TOR_20260908_1_PA025","TOR_20260908_1","B002"
"P03303","TOR_20260908_1_PA026","TOR_20260908_1","B010"
"P03304","TOR_20260908_1_PA026","TOR_20260908_1","B010"
"P03305","TOR_20260908_1_PA026","TOR_20260908_1","B010"
"P03306","TOR_20260908_1_PA026","TOR_20260908_1","B010"
"P03307","TOR_20260908_1_PA026","TOR_20260908_1","B010"
"P03308","TOR_20260908_1_PA026","TOR_20260908_1","B010"
"P03309","TOR_20260908_1_PA026","TOR_20260908_1","B010"
"P03310","TOR_20260908_1_PA026","TOR_20260908_1","B010"
"P03311","TOR_20260908_1_PA027","TOR_20260908_1","B008"
"P03312","TOR_20260908_1_PA027","TOR_20260908_1","B008"
"P03313","TOR_20260908_1_PA027","TOR_20260908_1","B008"
"P03314","TOR_20260908_1_PA027","TOR_20260908_1","B008"
"P03315","TOR_20260908_1_PA027","TOR_20260908_1","B008"
"P03316","TOR_20260908_1_PA027","TOR_20260908_1","B008"
"P03317","TOR_20260908_1_PA028","TOR_20260908_1","B004"
"P03318","TOR_20260908_1_PA028","TOR_20260908_1","B004"
"P03319","TOR_20260908_1_PA028","TOR_20260908_1","B004"
"P03320","TOR_20260908_1_PA028","TOR_20260908_1","B004"
"P03321","TOR_20260908_1_PA029","TOR_20260908_1","B014"
"P03322","TOR_20260908_1_PA030","TOR_20260908_1","B017"
"P03323","TOR_20260908_1_PA030","TOR_20260908_1","B017"
"P03324","TOR_20260908_1_PA030","TOR_20260908_1","B017"
"P03325","TOR_20260908_1_PA031","TOR_20260908_1","B001"
"P03326","TOR_20260908_1_PA031","TOR_20260908_1","B001"
"P03327","TOR_20260908_1_PA031","TOR_20260908_1","B001"
"P03328","TOR_20260908_1_PA031","TOR_20260908_1","B001"
"P03329","TOR_20260908_1_PA032","TOR_20260908_1","B011"
"P03330","TOR_20260908_1_PA032","TOR_20260908_1","B011"
"P03331","TOR_20260908_1_PA032","TOR_20260908_1","B011"
"P03332","TOR_20260908_1_PA032","TOR_20260908_1","B011"
"P03333","TOR_20260908_1_PA032","TOR_20260908_1","B011"
"P03334","TOR_20260908_1_PA032","TOR_20260908_1","B011"
"P03335","TOR_20260908_1_PA032","TOR_20260908_1","B011"
"P03336","TOR_20260908_1_PA032","TOR_20260908_1","B011"
"P03337","TOR_20260908_1_PA032","TOR_20260908_1","B011"
"P03338","TOR_20260908_1_PA033","TOR_20260908_1","B012"
"P03339","TOR_20260908_1_PA033","TOR_20260908_1","B012"
"P03340","TOR_20260908_1_PA033","TOR_20260908_1","B012"
"P03341","TOR_20260908_1_PA033","TOR_20260908_1","B012"
"P03342","TOR_20260908_1_PA033","TOR_20260908_1","B012"
"P03343","TOR_20260908_1_PA034","TOR_20260908_1","B002"
"P03344","TOR_20260908_1_PA034","TOR_20260908_1","B002"
"P03345","TOR_20260908_1_PA034","TOR_20260908_1","B002"
"P03346","TOR_20260908_1_PA034","TOR_20260908_1","B002"
"P03347","TOR_20260908_1_PA034","TOR_20260908_1","B002"
"P03348","TOR_20260908_1_PA035","TOR_20260908_1","B010"
"P03349","TOR_20260908_1_PA035","TOR_20260908_1","B010"
"P03350","TOR_20260908_1_PA035","TOR_20260908_1","B010"
"P03351","TOR_20260908_1_PA036","TOR_20260908_1","B008"
"P03352","TOR_20260909_1_PA001","TOR_20260909_1","B004"
"P03353","TOR_20260909_1_PA001","TOR_20260909_1","B004"
"P03354","TOR_20260909_1_PA001","TOR_20260909_1","B004"
"P03355","TOR_20260909_1_PA001","TOR_20260909_1","B004"
"P03356","TOR_20260909_1_PA002","TOR_20260909_1","B005"
"P03357","TOR_20260909_1_PA002","TOR_20260909_1","B005"
"P03358","TOR_20260909_1_PA002","TOR_20260909_1","B005"
"P03359","TOR_20260909_1_PA002","TOR_20260909_1","B005"
"P03360","TOR_20260909_1_PA002","TOR_20260909_1","B005"
"P03361","TOR_20260909_1_PA002","TOR_20260909_1","B005"
"P03362","TOR_20260909_1_PA003","TOR_20260909_1","B017"
"P03363","TOR_20260909_1_PA003","TOR_20260909_1","B017"
"P03364","TOR_20260909_1_PA003","TOR_20260909_1","B017"
"P03365","TOR_20260909_1_PA003","TOR_20260909_1","B017"
"P03366","TOR_20260909_1_PA003","TOR_20260909_1","B017"
"P03367","TOR_20260909_1_PA003","TOR_20260909_1","B017"
"P03368","TOR_20260909_1_PA003","TOR_20260909_1","B017"
"P03369","TOR_20260909_1_PA004","TOR_20260909_1","B001"
"P03370","TOR_20260909_1_PA004","TOR_20260909_1","B001"
"P03371","TOR_20260909_1_PA005","TOR_20260909_1","B012"
"P03372","TOR_20260909_1_PA005","TOR_20260909_1","B012"
"P03373","TOR_20260909_1_PA005","TOR_20260909_1","B012"
"P03374","TOR_20260909_1_PA005","TOR_20260909_1","B012"
"P03375","TOR_20260909_1_PA005","TOR_20260909_1","B012"
"P03376","TOR_20260909_1_PA006","TOR_20260909_1","B002"
"P03377","TOR_20260909_1_PA006","TOR_20260909_1","B002"
"P03378","TOR_20260909_1_PA006","TOR_20260909_1","B002"
"P03379","TOR_20260909_1_PA006","TOR_20260909_1","B002"
"P03380","TOR_20260909_1_PA007","TOR_20260909_1","B008"
"P03381","TOR_20260909_1_PA007","TOR_20260909_1","B008"
"P03382","TOR_20260909_1_PA007","TOR_20260909_1","B008"
"P03383","TOR_20260909_1_PA007","TOR_20260909_1","B008"
"P03384","TOR_20260909_1_PA007","TOR_20260909_1","B008"
"P03385","TOR_20260909_1_PA007","TOR_20260909_1","B008"
"P03386","TOR_20260909_1_PA007","TOR_20260909_1","B008"
"P03387","TOR_20260909_1_PA008","TOR_20260909_1","B003"
"P03388","TOR_20260909_1_PA008","TOR_20260909_1","B003"
"P03389","TOR_20260909_1_PA008","TOR_20260909_1","B003"
"P03390","TOR_20260909_1_PA008","TOR_20260909_1","B003"
"P03391","TOR_20260909_1_PA008","TOR_20260909_1","B003"
"P03392","TOR_20260909_1_PA009","TOR_20260909_1","B013"
"P03393","TOR_20260909_1_PA009","TOR_20260909_1","B013"
"P03394","TOR_20260909_1_PA009","TOR_20260909_1","B013"
"P03395","TOR_20260909_1_PA010","TOR_20260909_1","B004"
"P03396","TOR_20260909_1_PA010","TOR_20260909_1","B004"
"P03397","TOR_20260909_1_PA011","TOR_20260909_1","B005"
"P03398","TOR_20260909_1_PA011","TOR_20260909_1","B005"
"P03399","TOR_20260909_1_PA011","TOR_20260909_1","B005"
"P03400","TOR_20260909_1_PA011","TOR_20260909_1","B005"
"P03401","TOR_20260909_1_PA012","TOR_20260909_1","B017"
"P03402","TOR_20260909_1_PA012","TOR_20260909_1","B017"
"P03403","TOR_20260909_1_PA013","TOR_20260909_1","B001"
"P03404","TOR_20260909_1_PA013","TOR_20260909_1","B001"
"P03405","TOR_20260909_1_PA013","TOR_20260909_1","B001"
"P03406","TOR_20260909_1_PA013","TOR_20260909_1","B001"
"P03407","TOR_20260909_1_PA013","TOR_20260909_1","B001"
"P03408","TOR_20260909_1_PA014","TOR_20260909_1","B012"
"P03409","TOR_20260909_1_PA014","TOR_20260909_1","B012"
"P03410","TOR_20260909_1_PA014","TOR_20260909_1","B012"
"P03411","TOR_20260909_1_PA014","TOR_20260909_1","B012"
"P03412","TOR_20260909_1_PA014","TOR_20260909_1","B012"
"P03413","TOR_20260909_1_PA014","TOR_20260909_1","B012"
"P03414","TOR_20260909_1_PA015","TOR_20260909_1","B002"
"P03415","TOR_20260909_1_PA016","TOR_20260909_1","B008"
"P03416","TOR_20260909_1_PA017","TOR_20260909_1","B003"
"P03417","TOR_20260909_1_PA017","TOR_20260909_1","B003"
"P03418","TOR_20260909_1_PA017","TOR_20260909_1","B003"
"P03419","TOR_20260909_1_PA017","TOR_20260909_1","B003"
"P03420","TOR_20260909_1_PA018","TOR_20260909_1","B013"
"P03421","TOR_20260909_1_PA018","TOR_20260909_1","B013"
"P03422","TOR_20260909_1_PA018","TOR_20260909_1","B013"
"P03423","TOR_20260909_1_PA018","TOR_20260909_1","B013"
"P03424","TOR_20260909_1_PA018","TOR_20260909_1","B013"
"P03425","TOR_20260909_1_PA019","TOR_20260909_1","B004"
"P03426","TOR_20260909_1_PA019","TOR_20260909_1","B004"
"P03427","TOR_20260909_1_PA019","TOR_20260909_1","B004"
"P03428","TOR_20260909_1_PA020","TOR_20260909_1","B014"
"P03429","TOR_20260909_1_PA020","TOR_20260909_1","B014"
"P03430","TOR_20260909_1_PA020","TOR_20260909_1","B014"
"P03431","TOR_20260909_1_PA021","TOR_20260909_1","B017"
"P03432","TOR_20260909_1_PA022","TOR_20260909_1","B001"
"P03433","TOR_20260909_1_PA022","TOR_20260909_1","B001"
"P03434","TOR_20260909_1_PA022","TOR_20260909_1","B001"
"P03435","TOR_20260909_1_PA022","TOR_20260909_1","B001"
"P03436","TOR_20260909_1_PA022","TOR_20260909_1","B001"
"P03437","TOR_20260909_1_PA023","TOR_20260909_1","B012"
"P03438","TOR_20260909_1_PA023","TOR_20260909_1","B012"
"P03439","TOR_20260909_1_PA023","TOR_20260909_1","B012"
"P03440","TOR_20260909_1_PA024","TOR_20260909_1","B002"
"P03441","TOR_20260909_1_PA024","TOR_20260909_1","B002"
"P03442","TOR_20260909_1_PA024","TOR_20260909_1","B002"
"P03443","TOR_20260909_1_PA025","TOR_20260909_1","B008"
"P03444","TOR_20260909_1_PA025","TOR_20260909_1","B008"
"P03445","TOR_20260909_1_PA026","TOR_20260909_1","B003"
"P03446","TOR_20260909_1_PA026","TOR_20260909_1","B003"
"P03447","TOR_20260909_1_PA026","TOR_20260909_1","B003"
"P03448","TOR_20260909_1_PA026","TOR_20260909_1","B003"
"P03449","TOR_20260909_1_PA027","TOR_20260909_1","B011"
"P03450","TOR_20260909_1_PA027","TOR_20260909_1","B011"
"P03451","TOR_20260909_1_PA027","TOR_20260909_1","B011"
"P03452","TOR_20260909_1_PA027","TOR_20260909_1","B011"
"P03453","TOR_20260909_1_PA027","TOR_20260909_1","B011"
"P03454","TOR_20260909_1_PA027","TOR_20260909_1","B011"
"P03455","TOR_20260909_1_PA027","TOR_20260909_1","B011"
"P03456","TOR_20260909_1_PA028","TOR_20260909_1","B004"
"P03457","TOR_20260909_1_PA029","TOR_20260909_1","B009"
"P03458","TOR_20260909_1_PA029","TOR_20260909_1","B009"
"P03459","TOR_20260909_1_PA029","TOR_20260909_1","B009"
"P03460","TOR_20260909_1_PA030","TOR_20260909_1","B017"
"P03461","TOR_20260909_1_PA030","TOR_20260909_1","B017"
"P03462","TOR_20260909_1_PA030","TOR_20260909_1","B017"
"P03463","TOR_20260909_1_PA030","TOR_20260909_1","B017"
"P03464","TOR_20260909_1_PA030","TOR_20260909_1","B017"
"P03465","TOR_20260909_1_PA030","TOR_20260909_1","B017"
"P03466","TOR_20260909_1_PA031","TOR_20260909_1","B001"
"P03467","TOR_20260909_1_PA031","TOR_20260909_1","B001"
"P03468","TOR_20260909_1_PA031","TOR_20260909_1","B001"
"P03469","TOR_20260909_1_PA031","TOR_20260909_1","B001"
"P03470","TOR_20260909_1_PA031","TOR_20260909_1","B001"
"P03471","TOR_20260909_1_PA031","TOR_20260909_1","B001"
"P03472","TOR_20260909_1_PA032","TOR_20260909_1","B012"
"P03473","TOR_20260909_1_PA032","TOR_20260909_1","B012"
"P03474","TOR_20260909_1_PA032","TOR_20260909_1","B012"
"P03475","TOR_20260909_1_PA032","TOR_20260909_1","B012"
"P03476","TOR_20260909_1_PA032","TOR_20260909_1","B012"
"P03477","TOR_20260909_1_PA032","TOR_20260909_1","B012"
"P03478","TOR_20260909_1_PA032","TOR_20260909_1","B012"
"P03479","TOR_20260909_1_PA033","TOR_20260909_1","B002"
"P03480","TOR_20260909_1_PA033","TOR_20260909_1","B002"
"P03481","TOR_20260909_1_PA034","TOR_20260909_1","B008"
"P03482","TOR_20260911_1_PA001","TOR_20260911_1","B004"
"P03483","TOR_20260911_1_PA001","TOR_20260911_1","B004"
"P03484","TOR_20260911_1_PA001","TOR_20260911_1","B004"
"P03485","TOR_20260911_1_PA001","TOR_20260911_1","B004"
"P03486","TOR_20260911_1_PA002","TOR_20260911_1","B009"
"P03488","TOR_20260911_1_PA003","TOR_20260911_1","B017"
"P03489","TOR_20260911_1_PA003","TOR_20260911_1","B017"
"P03490","TOR_20260911_1_PA003","TOR_20260911_1","B017"
"P03491","TOR_20260911_1_PA003","TOR_20260911_1","B017"
"P03492","TOR_20260911_1_PA003","TOR_20260911_1","B017"
"P03493","TOR_20260911_1_PA003","TOR_20260911_1","B017"
"P03494","TOR_20260911_1_PA004","TOR_20260911_1","B001"
"P03495","TOR_20260911_1_PA004","TOR_20260911_1","B001"
"P03496","TOR_20260911_1_PA004","TOR_20260911_1","B001"
"P03497","TOR_20260911_1_PA004","TOR_20260911_1","B001"
"P03498","TOR_20260911_1_PA004","TOR_20260911_1","B001"
"P03499","TOR_20260911_1_PA005","TOR_20260911_1","B014"
"P03500","TOR_20260911_1_PA005","TOR_20260911_1","B014"
"P03501","TOR_20260911_1_PA005","TOR_20260911_1","B014"
"P03502","TOR_20260911_1_PA005","TOR_20260911_1","B014"
"P03503","TOR_20260911_1_PA006","TOR_20260911_1","B012"
"P03504","TOR_20260911_1_PA006","TOR_20260911_1","B012"
"P03505","TOR_20260911_1_PA006","TOR_20260911_1","B012"
"P03506","TOR_20260911_1_PA006","TOR_20260911_1","B012"
"P03507","TOR_20260911_1_PA007","TOR_20260911_1","B011"
"P03508","TOR_20260911_1_PA007","TOR_20260911_1","B011"
"P03509","TOR_20260911_1_PA007","TOR_20260911_1","B011"
"P03510","TOR_20260911_1_PA008","TOR_20260911_1","B002"
"P03511","TOR_20260911_1_PA008","TOR_20260911_1","B002"
"P03512","TOR_20260911_1_PA008","TOR_20260911_1","B002"
"P03513","TOR_20260911_1_PA008","TOR_20260911_1","B002"
"P03514","TOR_20260911_1_PA008","TOR_20260911_1","B002"
"P03515","TOR_20260911_1_PA008","TOR_20260911_1","B002"
"P03516","TOR_20260911_1_PA009","TOR_20260911_1","B008"
"P03517","TOR_20260911_1_PA009","TOR_20260911_1","B008"
"P03518","TOR_20260911_1_PA009","TOR_20260911_1","B008"
"P03519","TOR_20260911_1_PA009","TOR_20260911_1","B008"
"P03520","TOR_20260911_1_PA010","TOR_20260911_1","B004"
"P03521","TOR_20260911_1_PA010","TOR_20260911_1","B004"
"P03522","TOR_20260911_1_PA010","TOR_20260911_1","B004"
"P03523","TOR_20260911_1_PA010","TOR_20260911_1","B004"
"P03524","TOR_20260911_1_PA010","TOR_20260911_1","B004"
"P03525","TOR_20260911_1_PA010","TOR_20260911_1","B004"
"P03526","TOR_20260911_1_PA011","TOR_20260911_1","B009"
"P03527","TOR_20260911_1_PA011","TOR_20260911_1","B009"
"P03528","TOR_20260911_1_PA011","TOR_20260911_1","B009"
"P03529","TOR_20260911_1_PA011","TOR_20260911_1","B009"
"P03530","TOR_20260911_1_PA011","TOR_20260911_1","B009"
"P03531","TOR_20260911_1_PA011","TOR_20260911_1","B009"
"P03532","TOR_20260911_1_PA012","TOR_20260911_1","B017"
"P03533","TOR_20260911_1_PA012","TOR_20260911_1","B017"
"P03534","TOR_20260911_1_PA012","TOR_20260911_1","B017"
"P03535","TOR_20260911_1_PA012","TOR_20260911_1","B017"
"P03536","TOR_20260911_1_PA013","TOR_20260911_1","B001"
"P03537","TOR_20260911_1_PA013","TOR_20260911_1","B001"
"P03538","TOR_20260911_1_PA013","TOR_20260911_1","B001"
"P03539","TOR_20260911_1_PA013","TOR_20260911_1","B001"
"P03541","TOR_20260911_1_PA014","TOR_20260911_1","B014"
"P03542","TOR_20260911_1_PA014","TOR_20260911_1","B014"
"P03543","TOR_20260911_1_PA015","TOR_20260911_1","B012"
"P03544","TOR_20260911_1_PA015","TOR_20260911_1","B012"
"P03545","TOR_20260911_1_PA016","TOR_20260911_1","B011"
"P03546","TOR_20260911_1_PA016","TOR_20260911_1","B011"
"P03547","TOR_20260911_1_PA016","TOR_20260911_1","B011"
"P03548","TOR_20260911_1_PA017","TOR_20260911_1","B002"
"P03549","TOR_20260911_1_PA017","TOR_20260911_1","B002"
"P03550","TOR_20260911_1_PA017","TOR_20260911_1","B002"
"P03551","TOR_20260911_1_PA017","TOR_20260911_1","B002"
"P03552","TOR_20260911_1_PA017","TOR_20260911_1","B002"
"P03553","TOR_20260911_1_PA018","TOR_20260911_1","B008"
"P03554","TOR_20260911_1_PA018","TOR_20260911_1","B008"
"P03555","TOR_20260911_1_PA019","TOR_20260911_1","B004"
"P03556","TOR_20260911_1_PA019","TOR_20260911_1","B004"
"P03557","TOR_20260911_1_PA019","TOR_20260911_1","B004"
"P03558","TOR_20260911_1_PA019","TOR_20260911_1","B004"
"P03559","TOR_20260911_1_PA019","TOR_20260911_1","B004"
"P03560","TOR_20260911_1_PA019","TOR_20260911_1","B004"
"P03561","TOR_20260911_1_PA019","TOR_20260911_1","B004"
"P03562","TOR_20260911_1_PA019","TOR_20260911_1","B004"
"P03563","TOR_20260911_1_PA020","TOR_20260911_1","B009"
"P03564","TOR_20260911_1_PA021","TOR_20260911_1","B017"
"P03565","TOR_20260911_1_PA021","TOR_20260911_1","B017"
"P03566","TOR_20260911_1_PA021","TOR_20260911_1","B017"
"P03567","TOR_20260911_1_PA022","TOR_20260911_1","B001"
"P03568","TOR_20260911_1_PA022","TOR_20260911_1","B001"
"P03569","TOR_20260911_1_PA022","TOR_20260911_1","B001"
"P03570","TOR_20260911_1_PA022","TOR_20260911_1","B001"
"P03571","TOR_20260911_1_PA022","TOR_20260911_1","B001"
"P03572","TOR_20260911_1_PA023","TOR_20260911_1","B014"
"P03573","TOR_20260911_1_PA024","TOR_20260911_1","B012"
"P03574","TOR_20260911_1_PA024","TOR_20260911_1","B012"
"P03575","TOR_20260911_1_PA024","TOR_20260911_1","B012"
"P03576","TOR_20260911_1_PA024","TOR_20260911_1","B012"
"P03577","TOR_20260911_1_PA024","TOR_20260911_1","B012"
"P03578","TOR_20260911_1_PA025","TOR_20260911_1","B005"
"P03579","TOR_20260911_1_PA025","TOR_20260911_1","B005"
"P03580","TOR_20260911_1_PA025","TOR_20260911_1","B005"
"P03581","TOR_20260911_1_PA025","TOR_20260911_1","B005"
"P03582","TOR_20260911_1_PA025","TOR_20260911_1","B005"
"P03583","TOR_20260911_1_PA025","TOR_20260911_1","B005"
"P03584","TOR_20260911_1_PA025","TOR_20260911_1","B005"
"P03585","TOR_20260911_1_PA025","TOR_20260911_1","B005"
"P03586","TOR_20260911_1_PA026","TOR_20260911_1","B002"
"P03587","TOR_20260911_1_PA026","TOR_20260911_1","B002"
"P03588","TOR_20260911_1_PA026","TOR_20260911_1","B002"
"P03589","TOR_20260911_1_PA027","TOR_20260911_1","B008"
"P03590","TOR_20260911_1_PA027","TOR_20260911_1","B008"
"P03591","TOR_20260911_1_PA028","TOR_20260911_1","B004"
"P03592","TOR_20260911_1_PA028","TOR_20260911_1","B004"
"P03593","TOR_20260911_1_PA029","TOR_20260911_1","B009"
"P03594","TOR_20260911_1_PA030","TOR_20260911_1","B017"
"P03595","TOR_20260911_1_PA030","TOR_20260911_1","B017"
"P03596","TOR_20260911_1_PA030","TOR_20260911_1","B017"
"P03597","TOR_20260911_1_PA030","TOR_20260911_1","B017"
"P03598","TOR_20260911_1_PA031","TOR_20260911_1","B001"
"P03599","TOR_20260911_1_PA031","TOR_20260911_1","B001"
"P03600","TOR_20260911_1_PA031","TOR_20260911_1","B001"
"P03601","TOR_20260911_1_PA032","TOR_20260911_1","B014"
"P03602","TOR_20260911_1_PA032","TOR_20260911_1","B014"
"P03603","TOR_20260911_1_PA033","TOR_20260911_1","B012"
"P03604","TOR_20260911_1_PA033","TOR_20260911_1","B012"
"P03605","TOR_20260911_1_PA033","TOR_20260911_1","B012"
"P03606","TOR_20260911_1_PA033","TOR_20260911_1","B012"
"P03607","TOR_20260911_1_PA034","TOR_20260911_1","B005"
"P03608","TOR_20260911_1_PA034","TOR_20260911_1","B005"
"P03609","TOR_20260911_1_PA034","TOR_20260911_1","B005"
"P03610","TOR_20260911_1_PA034","TOR_20260911_1","B005"
"P03611","TOR_20260911_1_PA034","TOR_20260911_1","B005"
"P03612","TOR_20260911_1_PA034","TOR_20260911_1","B005"
"P03613","TOR_20260911_1_PA035","TOR_20260911_1","B002"
"P03614","TOR_20260911_1_PA035","TOR_20260911_1","B002"
"P03615","TOR_20260911_1_PA035","TOR_20260911_1","B002"
"P03616","TOR_20260911_1_PA035","TOR_20260911_1","B002"
"P03617","TOR_20260911_1_PA035","TOR_20260911_1","B002"
"P03618","TOR_20260911_1_PA035","TOR_20260911_1","B002"
"P03619","TOR_20260911_1_PA036","TOR_20260911_1","B008"
"P03620","TOR_20260911_1_PA036","TOR_20260911_1","B008"
"P03621","TOR_20260911_1_PA037","TOR_20260911_1","B004"
"P03622","TOR_20260911_1_PA037","TOR_20260911_1","B004"
"P03623","TOR_20260911_1_PA037","TOR_20260911_1","B004"
"P03624","TOR_20260911_1_PA037","TOR_20260911_1","B004"
"P03625","TOR_20260911_1_PA038","TOR_20260911_1","B009"
"P03626","TOR_20260911_1_PA038","TOR_20260911_1","B009"
"P03627","TOR_20260911_1_PA038","TOR_20260911_1","B009"
"P03628","TOR_20260911_1_PA038","TOR_20260911_1","B009"
"P03629","TOR_20260911_1_PA038","TOR_20260911_1","B009"
"P03630","TOR_20260911_1_PA038","TOR_20260911_1","B009"
"P03631","TOR_20260911_1_PA039","TOR_20260911_1","B017"
"P03632","TOR_20260911_1_PA039","TOR_20260911_1","B017"
"P03633","TOR_20260911_1_PA039","TOR_20260911_1","B017"
"P03634","TOR_20260911_1_PA039","TOR_20260911_1","B017"
"P03635","TOR_20260911_1_PA039","TOR_20260911_1","B017"
"P03636","TOR_20260911_1_PA039","TOR_20260911_1","B017"
"P03637","TOR_20260911_1_PA039","TOR_20260911_1","B017"
"P03638","TOR_20260911_1_PA039","TOR_20260911_1","B017"
"P03639","TOR_20260911_1_PA040","TOR_20260911_1","B001"
"P03640","TOR_20260911_1_PA040","TOR_20260911_1","B001"
"P03641","TOR_20260911_1_PA040","TOR_20260911_1","B001"
"P03642","TOR_20260911_1_PA040","TOR_20260911_1","B001"
"P03643","TOR_20260911_1_PA040","TOR_20260911_1","B001"
"P03644","TOR_20260911_1_PA040","TOR_20260911_1","B001"
"P03645","TOR_20260912_1_PA001","TOR_20260912_1","B004"
"P03646","TOR_20260912_1_PA001","TOR_20260912_1","B004"
"P03647","TOR_20260912_1_PA001","TOR_20260912_1","B004"
"P03648","TOR_20260912_1_PA001","TOR_20260912_1","B004"
"P03649","TOR_20260912_1_PA001","TOR_20260912_1","B004"
"P03650","TOR_20260912_1_PA002","TOR_20260912_1","B009"
"P03651","TOR_20260912_1_PA002","TOR_20260912_1","B009"
"P03652","TOR_20260912_1_PA003","TOR_20260912_1","B017"
"P03653","TOR_20260912_1_PA003","TOR_20260912_1","B017"
"P03654","TOR_20260912_1_PA004","TOR_20260912_1","B001"
"P03655","TOR_20260912_1_PA004","TOR_20260912_1","B001"
"P03656","TOR_20260912_1_PA005","TOR_20260912_1","B014"
"P03657","TOR_20260912_1_PA006","TOR_20260912_1","B012"
"P03658","TOR_20260912_1_PA006","TOR_20260912_1","B012"
"P03659","TOR_20260912_1_PA006","TOR_20260912_1","B012"
"P03660","TOR_20260912_1_PA006","TOR_20260912_1","B012"
"P03661","TOR_20260912_1_PA006","TOR_20260912_1","B012"
"P03662","TOR_20260912_1_PA006","TOR_20260912_1","B012"
"P03663","TOR_20260912_1_PA007","TOR_20260912_1","B011"
"P03664","TOR_20260912_1_PA007","TOR_20260912_1","B011"
"P03665","TOR_20260912_1_PA007","TOR_20260912_1","B011"
"P03666","TOR_20260912_1_PA008","TOR_20260912_1","B002"
"P03667","TOR_20260912_1_PA009","TOR_20260912_1","B015"
"P03668","TOR_20260912_1_PA009","TOR_20260912_1","B015"
"P03669","TOR_20260912_1_PA010","TOR_20260912_1","B004"
"P03670","TOR_20260912_1_PA010","TOR_20260912_1","B004"
"P03671","TOR_20260912_1_PA010","TOR_20260912_1","B004"
"P03672","TOR_20260912_1_PA011","TOR_20260912_1","B009"
"P03673","TOR_20260912_1_PA011","TOR_20260912_1","B009"
"P03674","TOR_20260912_1_PA011","TOR_20260912_1","B009"
"P03675","TOR_20260912_1_PA011","TOR_20260912_1","B009"
"P03676","TOR_20260912_1_PA011","TOR_20260912_1","B009"
"P03677","TOR_20260912_1_PA012","TOR_20260912_1","B017"
"P03678","TOR_20260912_1_PA012","TOR_20260912_1","B017"
"P03679","TOR_20260912_1_PA012","TOR_20260912_1","B017"
"P03680","TOR_20260912_1_PA012","TOR_20260912_1","B017"
"P03681","TOR_20260912_1_PA012","TOR_20260912_1","B017"
"P03682","TOR_20260912_1_PA013","TOR_20260912_1","B001"
"P03683","TOR_20260912_1_PA014","TOR_20260912_1","B014"
"P03684","TOR_20260912_1_PA014","TOR_20260912_1","B014"
"P03685","TOR_20260912_1_PA014","TOR_20260912_1","B014"
"P03686","TOR_20260912_1_PA014","TOR_20260912_1","B014"
"P03687","TOR_20260912_1_PA014","TOR_20260912_1","B014"
"P03688","TOR_20260912_1_PA014","TOR_20260912_1","B014"
"P03689","TOR_20260912_1_PA015","TOR_20260912_1","B012"
"P03690","TOR_20260912_1_PA015","TOR_20260912_1","B012"
"P03691","TOR_20260912_1_PA015","TOR_20260912_1","B012"
"P03692","TOR_20260912_1_PA015","TOR_20260912_1","B012"
"P03693","TOR_20260912_1_PA015","TOR_20260912_1","B012"
"P03694","TOR_20260912_1_PA015","TOR_20260912_1","B012"
"P03695","TOR_20260912_1_PA016","TOR_20260912_1","B011"
"P03696","TOR_20260912_1_PA016","TOR_20260912_1","B011"
"P03697","TOR_20260912_1_PA016","TOR_20260912_1","B011"
"P03698","TOR_20260912_1_PA017","TOR_20260912_1","B002"
"P03699","TOR_20260912_1_PA017","TOR_20260912_1","B002"
"P03700","TOR_20260912_1_PA017","TOR_20260912_1","B002"
"P03701","TOR_20260912_1_PA018","TOR_20260912_1","B015"
"P03702","TOR_20260912_1_PA018","TOR_20260912_1","B015"
"P03703","TOR_20260912_1_PA018","TOR_20260912_1","B015"
"P03704","TOR_20260912_1_PA019","TOR_20260912_1","B004"
"P03705","TOR_20260912_1_PA019","TOR_20260912_1","B004"
"P03706","TOR_20260912_1_PA019","TOR_20260912_1","B004"
"P03707","TOR_20260912_1_PA019","TOR_20260912_1","B004"
"P03708","TOR_20260912_1_PA019","TOR_20260912_1","B004"
"P03709","TOR_20260912_1_PA019","TOR_20260912_1","B004"
"P03710","TOR_20260912_1_PA019","TOR_20260912_1","B004"
"P03711","TOR_20260912_1_PA019","TOR_20260912_1","B004"
"P03712","TOR_20260912_1_PA019","TOR_20260912_1","B004"
"P03713","TOR_20260912_1_PA019","TOR_20260912_1","B004"
"P03714","TOR_20260912_1_PA019","TOR_20260912_1","B004"
"P03715","TOR_20260912_1_PA020","TOR_20260912_1","B009"
"P03716","TOR_20260912_1_PA020","TOR_20260912_1","B009"
"P03717","TOR_20260912_1_PA020","TOR_20260912_1","B009"
"P03718","TOR_20260912_1_PA020","TOR_20260912_1","B009"
"P03719","TOR_20260912_1_PA020","TOR_20260912_1","B009"
"P03720","TOR_20260912_1_PA020","TOR_20260912_1","B009"
"P03721","TOR_20260912_1_PA021","TOR_20260912_1","B017"
"P03722","TOR_20260912_1_PA021","TOR_20260912_1","B017"
"P03723","TOR_20260912_1_PA021","TOR_20260912_1","B017"
"P03724","TOR_20260912_1_PA021","TOR_20260912_1","B017"
"P03725","TOR_20260912_1_PA022","TOR_20260912_1","B001"
"P03726","TOR_20260912_1_PA022","TOR_20260912_1","B001"
"P03727","TOR_20260912_1_PA022","TOR_20260912_1","B001"
"P03728","TOR_20260912_1_PA022","TOR_20260912_1","B001"
"P03729","TOR_20260912_1_PA023","TOR_20260912_1","B014"
"P03730","TOR_20260912_1_PA023","TOR_20260912_1","B014"
"P03731","TOR_20260912_1_PA023","TOR_20260912_1","B014"
"P03732","TOR_20260912_1_PA023","TOR_20260912_1","B014"
"P03733","TOR_20260912_1_PA023","TOR_20260912_1","B014"
"P03734","TOR_20260912_1_PA023","TOR_20260912_1","B014"
"P03735","TOR_20260912_1_PA023","TOR_20260912_1","B014"
"P03736","TOR_20260912_1_PA023","TOR_20260912_1","B014"
"P03737","TOR_20260912_1_PA023","TOR_20260912_1","B014"
"P03738","TOR_20260912_1_PA024","TOR_20260912_1","B012"
"P03739","TOR_20260912_1_PA025","TOR_20260912_1","B011"
"P03740","TOR_20260912_1_PA025","TOR_20260912_1","B011"
"P03741","TOR_20260912_1_PA025","TOR_20260912_1","B011"
"P03742","TOR_20260912_1_PA026","TOR_20260912_1","B002"
"P03743","TOR_20260912_1_PA026","TOR_20260912_1","B002"
"P03744","TOR_20260912_1_PA026","TOR_20260912_1","B002"
"P03745","TOR_20260912_1_PA027","TOR_20260912_1","B015"
"P03746","TOR_20260912_1_PA027","TOR_20260912_1","B015"
"P03747","TOR_20260912_1_PA027","TOR_20260912_1","B015"
"P03748","TOR_20260912_1_PA027","TOR_20260912_1","B015"
"P03749","TOR_20260912_1_PA027","TOR_20260912_1","B015"
"P03750","TOR_20260912_1_PA028","TOR_20260912_1","B004"
"P03751","TOR_20260912_1_PA028","TOR_20260912_1","B004"
"P03752","TOR_20260912_1_PA028","TOR_20260912_1","B004"
"P03753","TOR_20260912_1_PA028","TOR_20260912_1","B004"
"P03754","TOR_20260912_1_PA028","TOR_20260912_1","B004"
"P03755","TOR_20260912_1_PA028","TOR_20260912_1","B004"
"P03756","TOR_20260912_1_PA029","TOR_20260912_1","B009"
"P03757","TOR_20260912_1_PA029","TOR_20260912_1","B009"
"P03758","TOR_20260912_1_PA029","TOR_20260912_1","B009"
"P03759","TOR_20260912_1_PA029","TOR_20260912_1","B009"
"P03760","TOR_20260912_1_PA030","TOR_20260912_1","B017"
"P03761","TOR_20260912_1_PA030","TOR_20260912_1","B017"
"P03762","TOR_20260912_1_PA030","TOR_20260912_1","B017"
"P03763","TOR_20260912_1_PA030","TOR_20260912_1","B017"
"P03764","TOR_20260912_1_PA031","TOR_20260912_1","B001"
"P03765","TOR_20260912_1_PA031","TOR_20260912_1","B001"
"P03766","TOR_20260912_1_PA031","TOR_20260912_1","B001"
"P03767","TOR_20260912_1_PA032","TOR_20260912_1","B014"
"P03768","TOR_20260912_1_PA032","TOR_20260912_1","B014"
"P03769","TOR_20260912_1_PA032","TOR_20260912_1","B014"
"P03770","TOR_20260912_1_PA032","TOR_20260912_1","B014"
"P03771","TOR_20260912_1_PA032","TOR_20260912_1","B014"
"P03772","TOR_20260912_1_PA032","TOR_20260912_1","B014"
"P03773","TOR_20260912_1_PA032","TOR_20260912_1","B014"
"P03774","TOR_20260912_1_PA033","TOR_20260912_1","B012"
"P03775","TOR_20260912_1_PA033","TOR_20260912_1","B012"
"P03776","TOR_20260912_1_PA033","TOR_20260912_1","B012"
"P03777","TOR_20260912_1_PA033","TOR_20260912_1","B012"
"P03778","TOR_20260912_1_PA033","TOR_20260912_1","B012"
"P03779","TOR_20260912_1_PA034","TOR_20260912_1","B008"
"P03780","TOR_20260912_1_PA034","TOR_20260912_1","B008"
"P03781","TOR_20260912_1_PA035","TOR_20260912_1","B002"
"P03782","TOR_20260912_1_PA035","TOR_20260912_1","B002"
"P03783","TOR_20260912_1_PA035","TOR_20260912_1","B002"
"P03784","TOR_20260912_1_PA036","TOR_20260912_1","B015"
"P03785","TOR_20260912_1_PA036","TOR_20260912_1","B015"
"P03786","TOR_20260912_1_PA036","TOR_20260912_1","B015"
"P03787","TOR_20260912_1_PA036","TOR_20260912_1","B015"
"P03788","TOR_20260912_1_PA036","TOR_20260912_1","B015"
"P03789","TOR_20260912_1_PA036","TOR_20260912_1","B015"
"P03790","TOR_20260912_1_PA036","TOR_20260912_1","B015"
"P03791","TOR_20260912_1_PA036","TOR_20260912_1","B015"
"P03792","TOR_20260912_1_PA036","TOR_20260912_1","B015"
"P03793","TOR_20260912_1_PA037","TOR_20260912_1","B004"
"P03794","TOR_20260912_1_PA037","TOR_20260912_1","B004"
"P03795","TOR_20260912_1_PA037","TOR_20260912_1","B004"
"P03796","TOR_20260912_1_PA038","TOR_20260912_1","B009"
"P03797","TOR_20260912_1_PA039","TOR_20260912_1","B017"
"P03798","TOR_20260912_1_PA039","TOR_20260912_1","B017"
"P03799","TOR_20260913_1_PA001","TOR_20260913_1","B004"
"P03800","TOR_20260913_1_PA001","TOR_20260913_1","B004"
"P03801","TOR_20260913_1_PA001","TOR_20260913_1","B004"
"P03802","TOR_20260913_1_PA001","TOR_20260913_1","B004"
"P03803","TOR_20260913_1_PA002","TOR_20260913_1","B009"
"P03804","TOR_20260913_1_PA002","TOR_20260913_1","B009"
"P03805","TOR_20260913_1_PA002","TOR_20260913_1","B009"
"P03806","TOR_20260913_1_PA003","TOR_20260913_1","B017"
"P03807","TOR_20260913_1_PA003","TOR_20260913_1","B017"
"P03808","TOR_20260913_1_PA003","TOR_20260913_1","B017"
"P03810","TOR_20260913_1_PA004","TOR_20260913_1","B012"
"P03811","TOR_20260913_1_PA005","TOR_20260913_1","B005"
"P03812","TOR_20260913_1_PA005","TOR_20260913_1","B005"
"P03813","TOR_20260913_1_PA006","TOR_20260913_1","B008"
"P03815","TOR_20260913_1_PA007","TOR_20260913_1","B002"
"P03816","TOR_20260913_1_PA007","TOR_20260913_1","B002"
"P03818","TOR_20260913_1_PA007","TOR_20260913_1","B002"
"P03819","TOR_20260913_1_PA007","TOR_20260913_1","B002"
"P03820","TOR_20260913_1_PA007","TOR_20260913_1","B002"
"P03821","TOR_20260913_1_PA008","TOR_20260913_1","B003"
"P03822","TOR_20260913_1_PA008","TOR_20260913_1","B003"
"P03823","TOR_20260913_1_PA008","TOR_20260913_1","B003"
"P03824","TOR_20260913_1_PA008","TOR_20260913_1","B003"
"P03825","TOR_20260913_1_PA009","TOR_20260913_1","B013"
"P03826","TOR_20260913_1_PA009","TOR_20260913_1","B013"
"P03827","TOR_20260913_1_PA009","TOR_20260913_1","B013"
"P03828","TOR_20260913_1_PA010","TOR_20260913_1","B004"
"P03829","TOR_20260913_1_PA010","TOR_20260913_1","B004"
"P03830","TOR_20260913_1_PA010","TOR_20260913_1","B004"
"P03831","TOR_20260913_1_PA011","TOR_20260913_1","B009"
"P03832","TOR_20260913_1_PA011","TOR_20260913_1","B009"
"P03833","TOR_20260913_1_PA011","TOR_20260913_1","B009"
"P03834","TOR_20260913_1_PA011","TOR_20260913_1","B009"
"P03835","TOR_20260913_1_PA011","TOR_20260913_1","B009"
"P03836","TOR_20260913_1_PA012","TOR_20260913_1","B017"
"P03837","TOR_20260913_1_PA012","TOR_20260913_1","B017"
"P03838","TOR_20260913_1_PA013","TOR_20260913_1","B012"
"P03839","TOR_20260913_1_PA013","TOR_20260913_1","B012"
"P03840","TOR_20260913_1_PA013","TOR_20260913_1","B012"
"P03841","TOR_20260913_1_PA013","TOR_20260913_1","B012"
"P03842","TOR_20260913_1_PA013","TOR_20260913_1","B012"
"P03843","TOR_20260913_1_PA013","TOR_20260913_1","B012"
"P03844","TOR_20260913_1_PA014","TOR_20260913_1","B005"
"P03845","TOR_20260913_1_PA014","TOR_20260913_1","B005"
"P03846","TOR_20260913_1_PA014","TOR_20260913_1","B005"
"P03847","TOR_20260913_1_PA014","TOR_20260913_1","B005"
"P03848","TOR_20260913_1_PA014","TOR_20260913_1","B005"
"P03849","TOR_20260913_1_PA014","TOR_20260913_1","B005"
"P03850","TOR_20260913_1_PA015","TOR_20260913_1","B008"
"P03851","TOR_20260913_1_PA015","TOR_20260913_1","B008"
"P03852","TOR_20260913_1_PA015","TOR_20260913_1","B008"
"P03853","TOR_20260913_1_PA015","TOR_20260913_1","B008"
"P03854","TOR_20260913_1_PA016","TOR_20260913_1","B002"
"P03855","TOR_20260913_1_PA016","TOR_20260913_1","B002"
"P03856","TOR_20260913_1_PA016","TOR_20260913_1","B002"
"P03857","TOR_20260913_1_PA017","TOR_20260913_1","B003"
"P03858","TOR_20260913_1_PA017","TOR_20260913_1","B003"
"P03859","TOR_20260913_1_PA017","TOR_20260913_1","B003"
"P03860","TOR_20260913_1_PA018","TOR_20260913_1","B013"
"P03861","TOR_20260913_1_PA018","TOR_20260913_1","B013"
"P03862","TOR_20260913_1_PA019","TOR_20260913_1","B004"
"P03863","TOR_20260913_1_PA019","TOR_20260913_1","B004"
"P03864","TOR_20260913_1_PA019","TOR_20260913_1","B004"
"P03865","TOR_20260913_1_PA019","TOR_20260913_1","B004"
"P03866","TOR_20260913_1_PA019","TOR_20260913_1","B004"
"P03867","TOR_20260913_1_PA020","TOR_20260913_1","B009"
"P03868","TOR_20260913_1_PA020","TOR_20260913_1","B009"
"P03869","TOR_20260913_1_PA021","TOR_20260913_1","B017"
"P03870","TOR_20260913_1_PA021","TOR_20260913_1","B017"
"P03871","TOR_20260913_1_PA021","TOR_20260913_1","B017"
"P03872","TOR_20260913_1_PA021","TOR_20260913_1","B017"
"P03873","TOR_20260913_1_PA021","TOR_20260913_1","B017"
"P03874","TOR_20260913_1_PA021","TOR_20260913_1","B017"
"P03875","TOR_20260913_1_PA022","TOR_20260913_1","B012"
"P03876","TOR_20260913_1_PA022","TOR_20260913_1","B012"
"P03877","TOR_20260913_1_PA022","TOR_20260913_1","B012"
"P03878","TOR_20260913_1_PA022","TOR_20260913_1","B012"
"P03879","TOR_20260913_1_PA022","TOR_20260913_1","B012"
"P03880","TOR_20260913_1_PA022","TOR_20260913_1","B012"
"P03881","TOR_20260913_1_PA022","TOR_20260913_1","B012"
"P03882","TOR_20260913_1_PA022","TOR_20260913_1","B012"
"P03883","TOR_20260913_1_PA022","TOR_20260913_1","B012"
"P03884","TOR_20260913_1_PA023","TOR_20260913_1","B005"
"P03885","TOR_20260913_1_PA023","TOR_20260913_1","B005"
"P03886","TOR_20260913_1_PA023","TOR_20260913_1","B005"
"P03887","TOR_20260913_1_PA024","TOR_20260913_1","B008"
"P03888","TOR_20260913_1_PA025","TOR_20260913_1","B002"
"P03889","TOR_20260913_1_PA025","TOR_20260913_1","B002"
"P03890","TOR_20260913_1_PA026","TOR_20260913_1","B003"
"P03891","TOR_20260913_1_PA026","TOR_20260913_1","B003"
"P03892","TOR_20260913_1_PA026","TOR_20260913_1","B003"
"P03893","TOR_20260913_1_PA026","TOR_20260913_1","B003"
"P03894","TOR_20260913_1_PA026","TOR_20260913_1","B003"
"P03895","TOR_20260913_1_PA027","TOR_20260913_1","B013"
"P03896","TOR_20260913_1_PA027","TOR_20260913_1","B013"
"P03897","TOR_20260913_1_PA027","TOR_20260913_1","B013"
"P03898","TOR_20260913_1_PA028","TOR_20260913_1","B004"
"P03899","TOR_20260913_1_PA028","TOR_20260913_1","B004"
"P03900","TOR_20260913_1_PA028","TOR_20260913_1","B004"
"P03901","TOR_20260913_1_PA028","TOR_20260913_1","B004"
"P03902","TOR_20260913_1_PA028","TOR_20260913_1","B004"
"P03903","TOR_20260913_1_PA028","TOR_20260913_1","B004"
"P03904","TOR_20260913_1_PA028","TOR_20260913_1","B004"
"P03905","TOR_20260913_1_PA028","TOR_20260913_1","B004"
"P03906","TOR_20260913_1_PA028","TOR_20260913_1","B004"
"P03907","TOR_20260913_1_PA028","TOR_20260913_1","B004"
"P03908","TOR_20260913_1_PA029","TOR_20260913_1","B009"
"P03909","TOR_20260913_1_PA029","TOR_20260913_1","B009"
"P03910","TOR_20260913_1_PA029","TOR_20260913_1","B009"
"P03911","TOR_20260913_1_PA029","TOR_20260913_1","B009"
"P03912","TOR_20260913_1_PA030","TOR_20260913_1","B017"
"P03913","TOR_20260913_1_PA030","TOR_20260913_1","B017"
"P03914","TOR_20260913_1_PA031","TOR_20260913_1","B012"
"P03915","TOR_20260913_1_PA031","TOR_20260913_1","B012"
"P03916","TOR_20260913_1_PA032","TOR_20260913_1","B014"
"P03917","TOR_20260913_1_PA032","TOR_20260913_1","B014"
"P03918","TOR_20260913_1_PA032","TOR_20260913_1","B014"
"P03919","TOR_20260913_1_PA032","TOR_20260913_1","B014"
"P03920","TOR_20260913_1_PA032","TOR_20260913_1","B014"
"P03921","TOR_20260913_1_PA033","TOR_20260913_1","B008"
"P03922","TOR_20260913_1_PA033","TOR_20260913_1","B008"
"P03923","TOR_20260913_1_PA033","TOR_20260913_1","B008"
"P03924","TOR_20260913_1_PA034","TOR_20260913_1","B002"
"P03925","TOR_20260913_1_PA034","TOR_20260913_1","B002"
"P03926","TOR_20260913_1_PA035","TOR_20260913_1","B003"
"P03927","TOR_20260913_1_PA035","TOR_20260913_1","B003"
"P03928","TOR_20260913_1_PA035","TOR_20260913_1","B003"
"P03929","TOR_20260913_1_PA035","TOR_20260913_1","B003"
"P03930","TOR_20260913_1_PA035","TOR_20260913_1","B003"
"P03931","TOR_20260913_1_PA035","TOR_20260913_1","B003"
"P03932","TOR_20260913_1_PA035","TOR_20260913_1","B003"
"P03933","TOR_20260913_1_PA035","TOR_20260913_1","B003"
"P03934","TOR_20260913_1_PA036","TOR_20260913_1","B013"
"P03935","TOR_20260913_1_PA036","TOR_20260913_1","B013"
"P03936","TOR_20260913_1_PA036","TOR_20260913_1","B013"
"P03937","TOR_20260913_1_PA036","TOR_20260913_1","B013"
"P03938","TOR_20260913_1_PA036","TOR_20260913_1","B013"
"P03939","TOR_20260913_1_PA036","TOR_20260913_1","B013"
"P03940","TOR_20260913_1_PA037","TOR_20260913_1","B004"
"P03941","TOR_20260913_1_PA037","TOR_20260913_1","B004"
"P03942","TOR_20260913_1_PA037","TOR_20260913_1","B004"
"P03943","TOR_20260913_1_PA037","TOR_20260913_1","B004"
"P03945","TOR_20260913_1_PA037","TOR_20260913_1","B004"
"P03946","TOR_20260913_1_PA038","TOR_20260913_1","B009"
"P03947","TOR_20260913_1_PA038","TOR_20260913_1","B009"
"P03948","TOR_20260913_1_PA038","TOR_20260913_1","B009"
"P03949","TOR_20260913_1_PA039","TOR_20260913_1","B017"
"P03950","TOR_20260913_1_PA039","TOR_20260913_1","B017"
"P03951","TOR_20260913_1_PA039","TOR_20260913_1","B017"
"P03952","TOR_20260913_1_PA039","TOR_20260913_1","B017"
"P03953","TOR_20260913_1_PA039","TOR_20260913_1","B017"
